[0.076s] DEBUG:colcon:Command line arguments: ['/usr/bin/colcon', 'build']
[0.076s] DEBUG:colcon:Parsed command line arguments: Namespace(log_base=None, log_level=None, verb_name='build', build_base='build', install_base='install', merge_install=False, symlink_install=False, test_result_base=None, continue_on_error=False, executor='parallel', parallel_workers=16, event_handlers=None, ignore_user_meta=False, metas=['./colcon.meta'], base_paths=['.'], packages_ignore=None, packages_ignore_regex=None, paths=None, packages_up_to=None, packages_up_to_regex=None, packages_above=None, packages_above_and_dependencies=None, packages_above_depth=None, packages_select_by_dep=None, packages_skip_by_dep=None, packages_skip_up_to=None, packages_select_build_failed=False, packages_skip_build_finished=False, packages_select_test_failures=False, packages_skip_test_passed=False, packages_select=None, packages_skip=None, packages_select_regex=None, packages_skip_regex=None, packages_start=None, packages_end=None, allow_overriding=[], cmake_args=None, cmake_target=None, cmake_target_skip_unavailable=False, cmake_clean_cache=False, cmake_clean_first=False, cmake_force_configure=False, ament_cmake_args=None, catkin_cmake_args=None, catkin_skip_building_tests=False, mixin_files=None, mixin=None, verb_parser=<colcon_mixin.mixin.mixin_argument.MixinArgumentDecorator object at 0x7429f68ab820>, verb_extension=<colcon_core.verb.build.BuildVerb object at 0x7429f69f8e20>, main=<bound method BuildVerb.main of <colcon_core.verb.build.BuildVerb object at 0x7429f69f8e20>>, mixin_verb=('build',))
[0.205s] Level 1:colcon.colcon_core.package_discovery:discover_packages(colcon_meta) check parameters
[0.205s] Level 1:colcon.colcon_core.package_discovery:discover_packages(recursive) check parameters
[0.205s] Level 1:colcon.colcon_core.package_discovery:discover_packages(ignore) check parameters
[0.205s] Level 1:colcon.colcon_core.package_discovery:discover_packages(path) check parameters
[0.205s] Level 1:colcon.colcon_core.package_discovery:discover_packages(colcon_meta) discover
[0.205s] Level 1:colcon.colcon_core.package_discovery:discover_packages(recursive) discover
[0.205s] INFO:colcon.colcon_core.package_discovery:Crawling recursively for packages in '/home/robotics/ros2_cobot'
[0.205s] Level 1:colcon.colcon_core.package_identification:_identify(.) by extensions ['ignore', 'ignore_ament_install']
[0.205s] Level 1:colcon.colcon_core.package_identification:_identify(.) by extension 'ignore'
[0.205s] Level 1:colcon.colcon_core.package_identification:_identify(.) by extension 'ignore_ament_install'
[0.205s] Level 1:colcon.colcon_core.package_identification:_identify(.) by extensions ['colcon_pkg']
[0.205s] Level 1:colcon.colcon_core.package_identification:_identify(.) by extension 'colcon_pkg'
[0.205s] Level 1:colcon.colcon_core.package_identification:_identify(.) by extensions ['colcon_meta']
[0.205s] Level 1:colcon.colcon_core.package_identification:_identify(.) by extension 'colcon_meta'
[0.205s] Level 1:colcon.colcon_core.package_identification:_identify(.) by extensions ['ros']
[0.205s] Level 1:colcon.colcon_core.package_identification:_identify(.) by extension 'ros'
[0.233s] Level 1:colcon.colcon_core.package_identification:_identify(.) by extensions ['cmake', 'python']
[0.233s] Level 1:colcon.colcon_core.package_identification:_identify(.) by extension 'cmake'
[0.233s] Level 1:colcon.colcon_core.package_identification:_identify(.) by extension 'python'
[0.233s] Level 1:colcon.colcon_core.package_identification:_identify(.) by extensions ['python_setup_py']
[0.233s] Level 1:colcon.colcon_core.package_identification:_identify(.) by extension 'python_setup_py'
[0.233s] Level 1:colcon.colcon_core.package_identification:_identify(build) by extensions ['ignore', 'ignore_ament_install']
[0.234s] Level 1:colcon.colcon_core.package_identification:_identify(build) by extension 'ignore'
[0.234s] Level 1:colcon.colcon_core.package_identification:_identify(build) ignored
[0.234s] Level 1:colcon.colcon_core.package_identification:_identify(install) by extensions ['ignore', 'ignore_ament_install']
[0.234s] Level 1:colcon.colcon_core.package_identification:_identify(install) by extension 'ignore'
[0.234s] Level 1:colcon.colcon_core.package_identification:_identify(install) ignored
[0.234s] Level 1:colcon.colcon_core.package_identification:_identify(log) by extensions ['ignore', 'ignore_ament_install']
[0.234s] Level 1:colcon.colcon_core.package_identification:_identify(log) by extension 'ignore'
[0.234s] Level 1:colcon.colcon_core.package_identification:_identify(log) ignored
[0.234s] Level 1:colcon.colcon_core.package_identification:_identify(src) by extensions ['ignore', 'ignore_ament_install']
[0.234s] Level 1:colcon.colcon_core.package_identification:_identify(src) by extension 'ignore'
[0.234s] Level 1:colcon.colcon_core.package_identification:_identify(src) by extension 'ignore_ament_install'
[0.234s] Level 1:colcon.colcon_core.package_identification:_identify(src) by extensions ['colcon_pkg']
[0.234s] Level 1:colcon.colcon_core.package_identification:_identify(src) by extension 'colcon_pkg'
[0.234s] Level 1:colcon.colcon_core.package_identification:_identify(src) by extensions ['colcon_meta']
[0.234s] Level 1:colcon.colcon_core.package_identification:_identify(src) by extension 'colcon_meta'
[0.234s] Level 1:colcon.colcon_core.package_identification:_identify(src) by extensions ['ros']
[0.234s] Level 1:colcon.colcon_core.package_identification:_identify(src) by extension 'ros'
[0.234s] Level 1:colcon.colcon_core.package_identification:_identify(src) by extensions ['cmake', 'python']
[0.234s] Level 1:colcon.colcon_core.package_identification:_identify(src) by extension 'cmake'
[0.234s] Level 1:colcon.colcon_core.package_identification:_identify(src) by extension 'python'
[0.234s] Level 1:colcon.colcon_core.package_identification:_identify(src) by extensions ['python_setup_py']
[0.234s] Level 1:colcon.colcon_core.package_identification:_identify(src) by extension 'python_setup_py'
[0.234s] Level 1:colcon.colcon_core.package_identification:_identify(src/mycobot_ros2) by extensions ['ignore', 'ignore_ament_install']
[0.235s] Level 1:colcon.colcon_core.package_identification:_identify(src/mycobot_ros2) by extension 'ignore'
[0.235s] Level 1:colcon.colcon_core.package_identification:_identify(src/mycobot_ros2) by extension 'ignore_ament_install'
[0.235s] Level 1:colcon.colcon_core.package_identification:_identify(src/mycobot_ros2) by extensions ['colcon_pkg']
[0.235s] Level 1:colcon.colcon_core.package_identification:_identify(src/mycobot_ros2) by extension 'colcon_pkg'
[0.235s] Level 1:colcon.colcon_core.package_identification:_identify(src/mycobot_ros2) by extensions ['colcon_meta']
[0.235s] Level 1:colcon.colcon_core.package_identification:_identify(src/mycobot_ros2) by extension 'colcon_meta'
[0.235s] Level 1:colcon.colcon_core.package_identification:_identify(src/mycobot_ros2) by extensions ['ros']
[0.235s] Level 1:colcon.colcon_core.package_identification:_identify(src/mycobot_ros2) by extension 'ros'
[0.235s] Level 1:colcon.colcon_core.package_identification:_identify(src/mycobot_ros2) by extensions ['cmake', 'python']
[0.235s] Level 1:colcon.colcon_core.package_identification:_identify(src/mycobot_ros2) by extension 'cmake'
[0.235s] Level 1:colcon.colcon_core.package_identification:_identify(src/mycobot_ros2) by extension 'python'
[0.235s] Level 1:colcon.colcon_core.package_identification:_identify(src/mycobot_ros2) by extensions ['python_setup_py']
[0.235s] Level 1:colcon.colcon_core.package_identification:_identify(src/mycobot_ros2) by extension 'python_setup_py'
[0.235s] Level 1:colcon.colcon_core.package_identification:_identify(src/mycobot_ros2/Mybuddy) by extensions ['ignore', 'ignore_ament_install']
[0.235s] Level 1:colcon.colcon_core.package_identification:_identify(src/mycobot_ros2/Mybuddy) by extension 'ignore'
[0.235s] Level 1:colcon.colcon_core.package_identification:_identify(src/mycobot_ros2/Mybuddy) by extension 'ignore_ament_install'
[0.235s] Level 1:colcon.colcon_core.package_identification:_identify(src/mycobot_ros2/Mybuddy) by extensions ['colcon_pkg']
[0.235s] Level 1:colcon.colcon_core.package_identification:_identify(src/mycobot_ros2/Mybuddy) by extension 'colcon_pkg'
[0.235s] Level 1:colcon.colcon_core.package_identification:_identify(src/mycobot_ros2/Mybuddy) by extensions ['colcon_meta']
[0.235s] Level 1:colcon.colcon_core.package_identification:_identify(src/mycobot_ros2/Mybuddy) by extension 'colcon_meta'
[0.235s] Level 1:colcon.colcon_core.package_identification:_identify(src/mycobot_ros2/Mybuddy) by extensions ['ros']
[0.235s] Level 1:colcon.colcon_core.package_identification:_identify(src/mycobot_ros2/Mybuddy) by extension 'ros'
[0.235s] Level 1:colcon.colcon_core.package_identification:_identify(src/mycobot_ros2/Mybuddy) by extensions ['cmake', 'python']
[0.235s] Level 1:colcon.colcon_core.package_identification:_identify(src/mycobot_ros2/Mybuddy) by extension 'cmake'
[0.235s] Level 1:colcon.colcon_core.package_identification:_identify(src/mycobot_ros2/Mybuddy) by extension 'python'
[0.235s] Level 1:colcon.colcon_core.package_identification:_identify(src/mycobot_ros2/Mybuddy) by extensions ['python_setup_py']
[0.235s] Level 1:colcon.colcon_core.package_identification:_identify(src/mycobot_ros2/Mybuddy) by extension 'python_setup_py'
[0.235s] Level 1:colcon.colcon_core.package_identification:_identify(src/mycobot_ros2/Mybuddy/mybuddy) by extensions ['ignore', 'ignore_ament_install']
[0.235s] Level 1:colcon.colcon_core.package_identification:_identify(src/mycobot_ros2/Mybuddy/mybuddy) by extension 'ignore'
[0.235s] Level 1:colcon.colcon_core.package_identification:_identify(src/mycobot_ros2/Mybuddy/mybuddy) by extension 'ignore_ament_install'
[0.235s] Level 1:colcon.colcon_core.package_identification:_identify(src/mycobot_ros2/Mybuddy/mybuddy) by extensions ['colcon_pkg']
[0.235s] Level 1:colcon.colcon_core.package_identification:_identify(src/mycobot_ros2/Mybuddy/mybuddy) by extension 'colcon_pkg'
[0.235s] Level 1:colcon.colcon_core.package_identification:_identify(src/mycobot_ros2/Mybuddy/mybuddy) by extensions ['colcon_meta']
[0.235s] Level 1:colcon.colcon_core.package_identification:_identify(src/mycobot_ros2/Mybuddy/mybuddy) by extension 'colcon_meta'
[0.235s] Level 1:colcon.colcon_core.package_identification:_identify(src/mycobot_ros2/Mybuddy/mybuddy) by extensions ['ros']
[0.235s] Level 1:colcon.colcon_core.package_identification:_identify(src/mycobot_ros2/Mybuddy/mybuddy) by extension 'ros'
[0.239s] DEBUG:colcon.colcon_core.package_identification:Package 'src/mycobot_ros2/Mybuddy/mybuddy' with type 'ros.ament_python' and name 'mybuddy'
[0.239s] Level 1:colcon.colcon_core.package_identification:_identify(src/mycobot_ros2/demo_img) by extensions ['ignore', 'ignore_ament_install']
[0.239s] Level 1:colcon.colcon_core.package_identification:_identify(src/mycobot_ros2/demo_img) by extension 'ignore'
[0.239s] Level 1:colcon.colcon_core.package_identification:_identify(src/mycobot_ros2/demo_img) by extension 'ignore_ament_install'
[0.239s] Level 1:colcon.colcon_core.package_identification:_identify(src/mycobot_ros2/demo_img) by extensions ['colcon_pkg']
[0.239s] Level 1:colcon.colcon_core.package_identification:_identify(src/mycobot_ros2/demo_img) by extension 'colcon_pkg'
[0.239s] Level 1:colcon.colcon_core.package_identification:_identify(src/mycobot_ros2/demo_img) by extensions ['colcon_meta']
[0.239s] Level 1:colcon.colcon_core.package_identification:_identify(src/mycobot_ros2/demo_img) by extension 'colcon_meta'
[0.239s] Level 1:colcon.colcon_core.package_identification:_identify(src/mycobot_ros2/demo_img) by extensions ['ros']
[0.239s] Level 1:colcon.colcon_core.package_identification:_identify(src/mycobot_ros2/demo_img) by extension 'ros'
[0.239s] Level 1:colcon.colcon_core.package_identification:_identify(src/mycobot_ros2/demo_img) by extensions ['cmake', 'python']
[0.239s] Level 1:colcon.colcon_core.package_identification:_identify(src/mycobot_ros2/demo_img) by extension 'cmake'
[0.239s] Level 1:colcon.colcon_core.package_identification:_identify(src/mycobot_ros2/demo_img) by extension 'python'
[0.239s] Level 1:colcon.colcon_core.package_identification:_identify(src/mycobot_ros2/demo_img) by extensions ['python_setup_py']
[0.239s] Level 1:colcon.colcon_core.package_identification:_identify(src/mycobot_ros2/demo_img) by extension 'python_setup_py'
[0.239s] Level 1:colcon.colcon_core.package_identification:_identify(src/mycobot_ros2/demo_img/260m5) by extensions ['ignore', 'ignore_ament_install']
[0.239s] Level 1:colcon.colcon_core.package_identification:_identify(src/mycobot_ros2/demo_img/260m5) by extension 'ignore'
[0.239s] Level 1:colcon.colcon_core.package_identification:_identify(src/mycobot_ros2/demo_img/260m5) by extension 'ignore_ament_install'
[0.239s] Level 1:colcon.colcon_core.package_identification:_identify(src/mycobot_ros2/demo_img/260m5) by extensions ['colcon_pkg']
[0.239s] Level 1:colcon.colcon_core.package_identification:_identify(src/mycobot_ros2/demo_img/260m5) by extension 'colcon_pkg'
[0.239s] Level 1:colcon.colcon_core.package_identification:_identify(src/mycobot_ros2/demo_img/260m5) by extensions ['colcon_meta']
[0.239s] Level 1:colcon.colcon_core.package_identification:_identify(src/mycobot_ros2/demo_img/260m5) by extension 'colcon_meta'
[0.239s] Level 1:colcon.colcon_core.package_identification:_identify(src/mycobot_ros2/demo_img/260m5) by extensions ['ros']
[0.239s] Level 1:colcon.colcon_core.package_identification:_identify(src/mycobot_ros2/demo_img/260m5) by extension 'ros'
[0.239s] Level 1:colcon.colcon_core.package_identification:_identify(src/mycobot_ros2/demo_img/260m5) by extensions ['cmake', 'python']
[0.239s] Level 1:colcon.colcon_core.package_identification:_identify(src/mycobot_ros2/demo_img/260m5) by extension 'cmake'
[0.239s] Level 1:colcon.colcon_core.package_identification:_identify(src/mycobot_ros2/demo_img/260m5) by extension 'python'
[0.239s] Level 1:colcon.colcon_core.package_identification:_identify(src/mycobot_ros2/demo_img/260m5) by extensions ['python_setup_py']
[0.239s] Level 1:colcon.colcon_core.package_identification:_identify(src/mycobot_ros2/demo_img/260m5) by extension 'python_setup_py'
[0.239s] Level 1:colcon.colcon_core.package_identification:_identify(src/mycobot_ros2/demo_img/260pi) by extensions ['ignore', 'ignore_ament_install']
[0.239s] Level 1:colcon.colcon_core.package_identification:_identify(src/mycobot_ros2/demo_img/260pi) by extension 'ignore'
[0.239s] Level 1:colcon.colcon_core.package_identification:_identify(src/mycobot_ros2/demo_img/260pi) by extension 'ignore_ament_install'
[0.239s] Level 1:colcon.colcon_core.package_identification:_identify(src/mycobot_ros2/demo_img/260pi) by extensions ['colcon_pkg']
[0.239s] Level 1:colcon.colcon_core.package_identification:_identify(src/mycobot_ros2/demo_img/260pi) by extension 'colcon_pkg'
[0.239s] Level 1:colcon.colcon_core.package_identification:_identify(src/mycobot_ros2/demo_img/260pi) by extensions ['colcon_meta']
[0.240s] Level 1:colcon.colcon_core.package_identification:_identify(src/mycobot_ros2/demo_img/260pi) by extension 'colcon_meta'
[0.240s] Level 1:colcon.colcon_core.package_identification:_identify(src/mycobot_ros2/demo_img/260pi) by extensions ['ros']
[0.240s] Level 1:colcon.colcon_core.package_identification:_identify(src/mycobot_ros2/demo_img/260pi) by extension 'ros'
[0.240s] Level 1:colcon.colcon_core.package_identification:_identify(src/mycobot_ros2/demo_img/260pi) by extensions ['cmake', 'python']
[0.240s] Level 1:colcon.colcon_core.package_identification:_identify(src/mycobot_ros2/demo_img/260pi) by extension 'cmake'
[0.240s] Level 1:colcon.colcon_core.package_identification:_identify(src/mycobot_ros2/demo_img/260pi) by extension 'python'
[0.240s] Level 1:colcon.colcon_core.package_identification:_identify(src/mycobot_ros2/demo_img/260pi) by extensions ['python_setup_py']
[0.240s] Level 1:colcon.colcon_core.package_identification:_identify(src/mycobot_ros2/demo_img/260pi) by extension 'python_setup_py'
[0.240s] Level 1:colcon.colcon_core.package_identification:_identify(src/mycobot_ros2/demo_img/270m5) by extensions ['ignore', 'ignore_ament_install']
[0.240s] Level 1:colcon.colcon_core.package_identification:_identify(src/mycobot_ros2/demo_img/270m5) by extension 'ignore'
[0.240s] Level 1:colcon.colcon_core.package_identification:_identify(src/mycobot_ros2/demo_img/270m5) by extension 'ignore_ament_install'
[0.240s] Level 1:colcon.colcon_core.package_identification:_identify(src/mycobot_ros2/demo_img/270m5) by extensions ['colcon_pkg']
[0.240s] Level 1:colcon.colcon_core.package_identification:_identify(src/mycobot_ros2/demo_img/270m5) by extension 'colcon_pkg'
[0.240s] Level 1:colcon.colcon_core.package_identification:_identify(src/mycobot_ros2/demo_img/270m5) by extensions ['colcon_meta']
[0.240s] Level 1:colcon.colcon_core.package_identification:_identify(src/mycobot_ros2/demo_img/270m5) by extension 'colcon_meta'
[0.240s] Level 1:colcon.colcon_core.package_identification:_identify(src/mycobot_ros2/demo_img/270m5) by extensions ['ros']
[0.240s] Level 1:colcon.colcon_core.package_identification:_identify(src/mycobot_ros2/demo_img/270m5) by extension 'ros'
[0.240s] Level 1:colcon.colcon_core.package_identification:_identify(src/mycobot_ros2/demo_img/270m5) by extensions ['cmake', 'python']
[0.240s] Level 1:colcon.colcon_core.package_identification:_identify(src/mycobot_ros2/demo_img/270m5) by extension 'cmake'
[0.240s] Level 1:colcon.colcon_core.package_identification:_identify(src/mycobot_ros2/demo_img/270m5) by extension 'python'
[0.240s] Level 1:colcon.colcon_core.package_identification:_identify(src/mycobot_ros2/demo_img/270m5) by extensions ['python_setup_py']
[0.240s] Level 1:colcon.colcon_core.package_identification:_identify(src/mycobot_ros2/demo_img/270m5) by extension 'python_setup_py'
[0.240s] Level 1:colcon.colcon_core.package_identification:_identify(src/mycobot_ros2/demo_img/270pi) by extensions ['ignore', 'ignore_ament_install']
[0.240s] Level 1:colcon.colcon_core.package_identification:_identify(src/mycobot_ros2/demo_img/270pi) by extension 'ignore'
[0.240s] Level 1:colcon.colcon_core.package_identification:_identify(src/mycobot_ros2/demo_img/270pi) by extension 'ignore_ament_install'
[0.240s] Level 1:colcon.colcon_core.package_identification:_identify(src/mycobot_ros2/demo_img/270pi) by extensions ['colcon_pkg']
[0.240s] Level 1:colcon.colcon_core.package_identification:_identify(src/mycobot_ros2/demo_img/270pi) by extension 'colcon_pkg'
[0.240s] Level 1:colcon.colcon_core.package_identification:_identify(src/mycobot_ros2/demo_img/270pi) by extensions ['colcon_meta']
[0.240s] Level 1:colcon.colcon_core.package_identification:_identify(src/mycobot_ros2/demo_img/270pi) by extension 'colcon_meta'
[0.240s] Level 1:colcon.colcon_core.package_identification:_identify(src/mycobot_ros2/demo_img/270pi) by extensions ['ros']
[0.240s] Level 1:colcon.colcon_core.package_identification:_identify(src/mycobot_ros2/demo_img/270pi) by extension 'ros'
[0.240s] Level 1:colcon.colcon_core.package_identification:_identify(src/mycobot_ros2/demo_img/270pi) by extensions ['cmake', 'python']
[0.240s] Level 1:colcon.colcon_core.package_identification:_identify(src/mycobot_ros2/demo_img/270pi) by extension 'cmake'
[0.240s] Level 1:colcon.colcon_core.package_identification:_identify(src/mycobot_ros2/demo_img/270pi) by extension 'python'
[0.240s] Level 1:colcon.colcon_core.package_identification:_identify(src/mycobot_ros2/demo_img/270pi) by extensions ['python_setup_py']
[0.240s] Level 1:colcon.colcon_core.package_identification:_identify(src/mycobot_ros2/demo_img/270pi) by extension 'python_setup_py'
[0.240s] Level 1:colcon.colcon_core.package_identification:_identify(src/mycobot_ros2/demo_img/280ar) by extensions ['ignore', 'ignore_ament_install']
[0.240s] Level 1:colcon.colcon_core.package_identification:_identify(src/mycobot_ros2/demo_img/280ar) by extension 'ignore'
[0.240s] Level 1:colcon.colcon_core.package_identification:_identify(src/mycobot_ros2/demo_img/280ar) by extension 'ignore_ament_install'
[0.240s] Level 1:colcon.colcon_core.package_identification:_identify(src/mycobot_ros2/demo_img/280ar) by extensions ['colcon_pkg']
[0.240s] Level 1:colcon.colcon_core.package_identification:_identify(src/mycobot_ros2/demo_img/280ar) by extension 'colcon_pkg'
[0.240s] Level 1:colcon.colcon_core.package_identification:_identify(src/mycobot_ros2/demo_img/280ar) by extensions ['colcon_meta']
[0.240s] Level 1:colcon.colcon_core.package_identification:_identify(src/mycobot_ros2/demo_img/280ar) by extension 'colcon_meta'
[0.240s] Level 1:colcon.colcon_core.package_identification:_identify(src/mycobot_ros2/demo_img/280ar) by extensions ['ros']
[0.240s] Level 1:colcon.colcon_core.package_identification:_identify(src/mycobot_ros2/demo_img/280ar) by extension 'ros'
[0.240s] Level 1:colcon.colcon_core.package_identification:_identify(src/mycobot_ros2/demo_img/280ar) by extensions ['cmake', 'python']
[0.240s] Level 1:colcon.colcon_core.package_identification:_identify(src/mycobot_ros2/demo_img/280ar) by extension 'cmake'
[0.240s] Level 1:colcon.colcon_core.package_identification:_identify(src/mycobot_ros2/demo_img/280ar) by extension 'python'
[0.240s] Level 1:colcon.colcon_core.package_identification:_identify(src/mycobot_ros2/demo_img/280ar) by extensions ['python_setup_py']
[0.240s] Level 1:colcon.colcon_core.package_identification:_identify(src/mycobot_ros2/demo_img/280ar) by extension 'python_setup_py'
[0.240s] Level 1:colcon.colcon_core.package_identification:_identify(src/mycobot_ros2/demo_img/280jn) by extensions ['ignore', 'ignore_ament_install']
[0.241s] Level 1:colcon.colcon_core.package_identification:_identify(src/mycobot_ros2/demo_img/280jn) by extension 'ignore'
[0.241s] Level 1:colcon.colcon_core.package_identification:_identify(src/mycobot_ros2/demo_img/280jn) by extension 'ignore_ament_install'
[0.241s] Level 1:colcon.colcon_core.package_identification:_identify(src/mycobot_ros2/demo_img/280jn) by extensions ['colcon_pkg']
[0.241s] Level 1:colcon.colcon_core.package_identification:_identify(src/mycobot_ros2/demo_img/280jn) by extension 'colcon_pkg'
[0.241s] Level 1:colcon.colcon_core.package_identification:_identify(src/mycobot_ros2/demo_img/280jn) by extensions ['colcon_meta']
[0.241s] Level 1:colcon.colcon_core.package_identification:_identify(src/mycobot_ros2/demo_img/280jn) by extension 'colcon_meta'
[0.241s] Level 1:colcon.colcon_core.package_identification:_identify(src/mycobot_ros2/demo_img/280jn) by extensions ['ros']
[0.241s] Level 1:colcon.colcon_core.package_identification:_identify(src/mycobot_ros2/demo_img/280jn) by extension 'ros'
[0.241s] Level 1:colcon.colcon_core.package_identification:_identify(src/mycobot_ros2/demo_img/280jn) by extensions ['cmake', 'python']
[0.241s] Level 1:colcon.colcon_core.package_identification:_identify(src/mycobot_ros2/demo_img/280jn) by extension 'cmake'
[0.241s] Level 1:colcon.colcon_core.package_identification:_identify(src/mycobot_ros2/demo_img/280jn) by extension 'python'
[0.241s] Level 1:colcon.colcon_core.package_identification:_identify(src/mycobot_ros2/demo_img/280jn) by extensions ['python_setup_py']
[0.241s] Level 1:colcon.colcon_core.package_identification:_identify(src/mycobot_ros2/demo_img/280jn) by extension 'python_setup_py'
[0.241s] Level 1:colcon.colcon_core.package_identification:_identify(src/mycobot_ros2/demo_img/280m5) by extensions ['ignore', 'ignore_ament_install']
[0.241s] Level 1:colcon.colcon_core.package_identification:_identify(src/mycobot_ros2/demo_img/280m5) by extension 'ignore'
[0.241s] Level 1:colcon.colcon_core.package_identification:_identify(src/mycobot_ros2/demo_img/280m5) by extension 'ignore_ament_install'
[0.241s] Level 1:colcon.colcon_core.package_identification:_identify(src/mycobot_ros2/demo_img/280m5) by extensions ['colcon_pkg']
[0.241s] Level 1:colcon.colcon_core.package_identification:_identify(src/mycobot_ros2/demo_img/280m5) by extension 'colcon_pkg'
[0.241s] Level 1:colcon.colcon_core.package_identification:_identify(src/mycobot_ros2/demo_img/280m5) by extensions ['colcon_meta']
[0.241s] Level 1:colcon.colcon_core.package_identification:_identify(src/mycobot_ros2/demo_img/280m5) by extension 'colcon_meta'
[0.241s] Level 1:colcon.colcon_core.package_identification:_identify(src/mycobot_ros2/demo_img/280m5) by extensions ['ros']
[0.241s] Level 1:colcon.colcon_core.package_identification:_identify(src/mycobot_ros2/demo_img/280m5) by extension 'ros'
[0.241s] Level 1:colcon.colcon_core.package_identification:_identify(src/mycobot_ros2/demo_img/280m5) by extensions ['cmake', 'python']
[0.241s] Level 1:colcon.colcon_core.package_identification:_identify(src/mycobot_ros2/demo_img/280m5) by extension 'cmake'
[0.241s] Level 1:colcon.colcon_core.package_identification:_identify(src/mycobot_ros2/demo_img/280m5) by extension 'python'
[0.241s] Level 1:colcon.colcon_core.package_identification:_identify(src/mycobot_ros2/demo_img/280m5) by extensions ['python_setup_py']
[0.241s] Level 1:colcon.colcon_core.package_identification:_identify(src/mycobot_ros2/demo_img/280m5) by extension 'python_setup_py'
[0.241s] Level 1:colcon.colcon_core.package_identification:_identify(src/mycobot_ros2/demo_img/280pi) by extensions ['ignore', 'ignore_ament_install']
[0.241s] Level 1:colcon.colcon_core.package_identification:_identify(src/mycobot_ros2/demo_img/280pi) by extension 'ignore'
[0.241s] Level 1:colcon.colcon_core.package_identification:_identify(src/mycobot_ros2/demo_img/280pi) by extension 'ignore_ament_install'
[0.241s] Level 1:colcon.colcon_core.package_identification:_identify(src/mycobot_ros2/demo_img/280pi) by extensions ['colcon_pkg']
[0.241s] Level 1:colcon.colcon_core.package_identification:_identify(src/mycobot_ros2/demo_img/280pi) by extension 'colcon_pkg'
[0.241s] Level 1:colcon.colcon_core.package_identification:_identify(src/mycobot_ros2/demo_img/280pi) by extensions ['colcon_meta']
[0.241s] Level 1:colcon.colcon_core.package_identification:_identify(src/mycobot_ros2/demo_img/280pi) by extension 'colcon_meta'
[0.241s] Level 1:colcon.colcon_core.package_identification:_identify(src/mycobot_ros2/demo_img/280pi) by extensions ['ros']
[0.241s] Level 1:colcon.colcon_core.package_identification:_identify(src/mycobot_ros2/demo_img/280pi) by extension 'ros'
[0.241s] Level 1:colcon.colcon_core.package_identification:_identify(src/mycobot_ros2/demo_img/280pi) by extensions ['cmake', 'python']
[0.241s] Level 1:colcon.colcon_core.package_identification:_identify(src/mycobot_ros2/demo_img/280pi) by extension 'cmake'
[0.241s] Level 1:colcon.colcon_core.package_identification:_identify(src/mycobot_ros2/demo_img/280pi) by extension 'python'
[0.241s] Level 1:colcon.colcon_core.package_identification:_identify(src/mycobot_ros2/demo_img/280pi) by extensions ['python_setup_py']
[0.241s] Level 1:colcon.colcon_core.package_identification:_identify(src/mycobot_ros2/demo_img/280pi) by extension 'python_setup_py'
[0.241s] Level 1:colcon.colcon_core.package_identification:_identify(src/mycobot_ros2/demo_img/320m5_2022) by extensions ['ignore', 'ignore_ament_install']
[0.241s] Level 1:colcon.colcon_core.package_identification:_identify(src/mycobot_ros2/demo_img/320m5_2022) by extension 'ignore'
[0.241s] Level 1:colcon.colcon_core.package_identification:_identify(src/mycobot_ros2/demo_img/320m5_2022) by extension 'ignore_ament_install'
[0.241s] Level 1:colcon.colcon_core.package_identification:_identify(src/mycobot_ros2/demo_img/320m5_2022) by extensions ['colcon_pkg']
[0.241s] Level 1:colcon.colcon_core.package_identification:_identify(src/mycobot_ros2/demo_img/320m5_2022) by extension 'colcon_pkg'
[0.241s] Level 1:colcon.colcon_core.package_identification:_identify(src/mycobot_ros2/demo_img/320m5_2022) by extensions ['colcon_meta']
[0.241s] Level 1:colcon.colcon_core.package_identification:_identify(src/mycobot_ros2/demo_img/320m5_2022) by extension 'colcon_meta'
[0.241s] Level 1:colcon.colcon_core.package_identification:_identify(src/mycobot_ros2/demo_img/320m5_2022) by extensions ['ros']
[0.241s] Level 1:colcon.colcon_core.package_identification:_identify(src/mycobot_ros2/demo_img/320m5_2022) by extension 'ros'
[0.241s] Level 1:colcon.colcon_core.package_identification:_identify(src/mycobot_ros2/demo_img/320m5_2022) by extensions ['cmake', 'python']
[0.241s] Level 1:colcon.colcon_core.package_identification:_identify(src/mycobot_ros2/demo_img/320m5_2022) by extension 'cmake'
[0.241s] Level 1:colcon.colcon_core.package_identification:_identify(src/mycobot_ros2/demo_img/320m5_2022) by extension 'python'
[0.242s] Level 1:colcon.colcon_core.package_identification:_identify(src/mycobot_ros2/demo_img/320m5_2022) by extensions ['python_setup_py']
[0.242s] Level 1:colcon.colcon_core.package_identification:_identify(src/mycobot_ros2/demo_img/320m5_2022) by extension 'python_setup_py'
[0.242s] Level 1:colcon.colcon_core.package_identification:_identify(src/mycobot_ros2/demo_img/320pi_2022) by extensions ['ignore', 'ignore_ament_install']
[0.242s] Level 1:colcon.colcon_core.package_identification:_identify(src/mycobot_ros2/demo_img/320pi_2022) by extension 'ignore'
[0.242s] Level 1:colcon.colcon_core.package_identification:_identify(src/mycobot_ros2/demo_img/320pi_2022) by extension 'ignore_ament_install'
[0.242s] Level 1:colcon.colcon_core.package_identification:_identify(src/mycobot_ros2/demo_img/320pi_2022) by extensions ['colcon_pkg']
[0.242s] Level 1:colcon.colcon_core.package_identification:_identify(src/mycobot_ros2/demo_img/320pi_2022) by extension 'colcon_pkg'
[0.242s] Level 1:colcon.colcon_core.package_identification:_identify(src/mycobot_ros2/demo_img/320pi_2022) by extensions ['colcon_meta']
[0.242s] Level 1:colcon.colcon_core.package_identification:_identify(src/mycobot_ros2/demo_img/320pi_2022) by extension 'colcon_meta'
[0.242s] Level 1:colcon.colcon_core.package_identification:_identify(src/mycobot_ros2/demo_img/320pi_2022) by extensions ['ros']
[0.242s] Level 1:colcon.colcon_core.package_identification:_identify(src/mycobot_ros2/demo_img/320pi_2022) by extension 'ros'
[0.242s] Level 1:colcon.colcon_core.package_identification:_identify(src/mycobot_ros2/demo_img/320pi_2022) by extensions ['cmake', 'python']
[0.242s] Level 1:colcon.colcon_core.package_identification:_identify(src/mycobot_ros2/demo_img/320pi_2022) by extension 'cmake'
[0.242s] Level 1:colcon.colcon_core.package_identification:_identify(src/mycobot_ros2/demo_img/320pi_2022) by extension 'python'
[0.242s] Level 1:colcon.colcon_core.package_identification:_identify(src/mycobot_ros2/demo_img/320pi_2022) by extensions ['python_setup_py']
[0.242s] Level 1:colcon.colcon_core.package_identification:_identify(src/mycobot_ros2/demo_img/320pi_2022) by extension 'python_setup_py'
[0.242s] Level 1:colcon.colcon_core.package_identification:_identify(src/mycobot_ros2/demo_img/myarm300) by extensions ['ignore', 'ignore_ament_install']
[0.242s] Level 1:colcon.colcon_core.package_identification:_identify(src/mycobot_ros2/demo_img/myarm300) by extension 'ignore'
[0.242s] Level 1:colcon.colcon_core.package_identification:_identify(src/mycobot_ros2/demo_img/myarm300) by extension 'ignore_ament_install'
[0.242s] Level 1:colcon.colcon_core.package_identification:_identify(src/mycobot_ros2/demo_img/myarm300) by extensions ['colcon_pkg']
[0.242s] Level 1:colcon.colcon_core.package_identification:_identify(src/mycobot_ros2/demo_img/myarm300) by extension 'colcon_pkg'
[0.242s] Level 1:colcon.colcon_core.package_identification:_identify(src/mycobot_ros2/demo_img/myarm300) by extensions ['colcon_meta']
[0.242s] Level 1:colcon.colcon_core.package_identification:_identify(src/mycobot_ros2/demo_img/myarm300) by extension 'colcon_meta'
[0.242s] Level 1:colcon.colcon_core.package_identification:_identify(src/mycobot_ros2/demo_img/myarm300) by extensions ['ros']
[0.242s] Level 1:colcon.colcon_core.package_identification:_identify(src/mycobot_ros2/demo_img/myarm300) by extension 'ros'
[0.242s] Level 1:colcon.colcon_core.package_identification:_identify(src/mycobot_ros2/demo_img/myarm300) by extensions ['cmake', 'python']
[0.242s] Level 1:colcon.colcon_core.package_identification:_identify(src/mycobot_ros2/demo_img/myarm300) by extension 'cmake'
[0.242s] Level 1:colcon.colcon_core.package_identification:_identify(src/mycobot_ros2/demo_img/myarm300) by extension 'python'
[0.242s] Level 1:colcon.colcon_core.package_identification:_identify(src/mycobot_ros2/demo_img/myarm300) by extensions ['python_setup_py']
[0.242s] Level 1:colcon.colcon_core.package_identification:_identify(src/mycobot_ros2/demo_img/myarm300) by extension 'python_setup_py'
[0.242s] Level 1:colcon.colcon_core.package_identification:_identify(src/mycobot_ros2/demo_img/mybuddy) by extensions ['ignore', 'ignore_ament_install']
[0.242s] Level 1:colcon.colcon_core.package_identification:_identify(src/mycobot_ros2/demo_img/mybuddy) by extension 'ignore'
[0.242s] Level 1:colcon.colcon_core.package_identification:_identify(src/mycobot_ros2/demo_img/mybuddy) by extension 'ignore_ament_install'
[0.242s] Level 1:colcon.colcon_core.package_identification:_identify(src/mycobot_ros2/demo_img/mybuddy) by extensions ['colcon_pkg']
[0.242s] Level 1:colcon.colcon_core.package_identification:_identify(src/mycobot_ros2/demo_img/mybuddy) by extension 'colcon_pkg'
[0.242s] Level 1:colcon.colcon_core.package_identification:_identify(src/mycobot_ros2/demo_img/mybuddy) by extensions ['colcon_meta']
[0.242s] Level 1:colcon.colcon_core.package_identification:_identify(src/mycobot_ros2/demo_img/mybuddy) by extension 'colcon_meta'
[0.242s] Level 1:colcon.colcon_core.package_identification:_identify(src/mycobot_ros2/demo_img/mybuddy) by extensions ['ros']
[0.242s] Level 1:colcon.colcon_core.package_identification:_identify(src/mycobot_ros2/demo_img/mybuddy) by extension 'ros'
[0.242s] Level 1:colcon.colcon_core.package_identification:_identify(src/mycobot_ros2/demo_img/mybuddy) by extensions ['cmake', 'python']
[0.242s] Level 1:colcon.colcon_core.package_identification:_identify(src/mycobot_ros2/demo_img/mybuddy) by extension 'cmake'
[0.242s] Level 1:colcon.colcon_core.package_identification:_identify(src/mycobot_ros2/demo_img/mybuddy) by extension 'python'
[0.242s] Level 1:colcon.colcon_core.package_identification:_identify(src/mycobot_ros2/demo_img/mybuddy) by extensions ['python_setup_py']
[0.242s] Level 1:colcon.colcon_core.package_identification:_identify(src/mycobot_ros2/demo_img/mybuddy) by extension 'python_setup_py'
[0.242s] Level 1:colcon.colcon_core.package_identification:_identify(src/mycobot_ros2/demo_img/pro600) by extensions ['ignore', 'ignore_ament_install']
[0.242s] Level 1:colcon.colcon_core.package_identification:_identify(src/mycobot_ros2/demo_img/pro600) by extension 'ignore'
[0.242s] Level 1:colcon.colcon_core.package_identification:_identify(src/mycobot_ros2/demo_img/pro600) by extension 'ignore_ament_install'
[0.242s] Level 1:colcon.colcon_core.package_identification:_identify(src/mycobot_ros2/demo_img/pro600) by extensions ['colcon_pkg']
[0.242s] Level 1:colcon.colcon_core.package_identification:_identify(src/mycobot_ros2/demo_img/pro600) by extension 'colcon_pkg'
[0.242s] Level 1:colcon.colcon_core.package_identification:_identify(src/mycobot_ros2/demo_img/pro600) by extensions ['colcon_meta']
[0.242s] Level 1:colcon.colcon_core.package_identification:_identify(src/mycobot_ros2/demo_img/pro600) by extension 'colcon_meta'
[0.242s] Level 1:colcon.colcon_core.package_identification:_identify(src/mycobot_ros2/demo_img/pro600) by extensions ['ros']
[0.242s] Level 1:colcon.colcon_core.package_identification:_identify(src/mycobot_ros2/demo_img/pro600) by extension 'ros'
[0.243s] Level 1:colcon.colcon_core.package_identification:_identify(src/mycobot_ros2/demo_img/pro600) by extensions ['cmake', 'python']
[0.243s] Level 1:colcon.colcon_core.package_identification:_identify(src/mycobot_ros2/demo_img/pro600) by extension 'cmake'
[0.243s] Level 1:colcon.colcon_core.package_identification:_identify(src/mycobot_ros2/demo_img/pro600) by extension 'python'
[0.243s] Level 1:colcon.colcon_core.package_identification:_identify(src/mycobot_ros2/demo_img/pro600) by extensions ['python_setup_py']
[0.243s] Level 1:colcon.colcon_core.package_identification:_identify(src/mycobot_ros2/demo_img/pro600) by extension 'python_setup_py'
[0.243s] Level 1:colcon.colcon_core.package_identification:_identify(src/mycobot_ros2/demo_img/pro630) by extensions ['ignore', 'ignore_ament_install']
[0.243s] Level 1:colcon.colcon_core.package_identification:_identify(src/mycobot_ros2/demo_img/pro630) by extension 'ignore'
[0.243s] Level 1:colcon.colcon_core.package_identification:_identify(src/mycobot_ros2/demo_img/pro630) by extension 'ignore_ament_install'
[0.243s] Level 1:colcon.colcon_core.package_identification:_identify(src/mycobot_ros2/demo_img/pro630) by extensions ['colcon_pkg']
[0.243s] Level 1:colcon.colcon_core.package_identification:_identify(src/mycobot_ros2/demo_img/pro630) by extension 'colcon_pkg'
[0.243s] Level 1:colcon.colcon_core.package_identification:_identify(src/mycobot_ros2/demo_img/pro630) by extensions ['colcon_meta']
[0.243s] Level 1:colcon.colcon_core.package_identification:_identify(src/mycobot_ros2/demo_img/pro630) by extension 'colcon_meta'
[0.243s] Level 1:colcon.colcon_core.package_identification:_identify(src/mycobot_ros2/demo_img/pro630) by extensions ['ros']
[0.243s] Level 1:colcon.colcon_core.package_identification:_identify(src/mycobot_ros2/demo_img/pro630) by extension 'ros'
[0.243s] Level 1:colcon.colcon_core.package_identification:_identify(src/mycobot_ros2/demo_img/pro630) by extensions ['cmake', 'python']
[0.243s] Level 1:colcon.colcon_core.package_identification:_identify(src/mycobot_ros2/demo_img/pro630) by extension 'cmake'
[0.243s] Level 1:colcon.colcon_core.package_identification:_identify(src/mycobot_ros2/demo_img/pro630) by extension 'python'
[0.243s] Level 1:colcon.colcon_core.package_identification:_identify(src/mycobot_ros2/demo_img/pro630) by extensions ['python_setup_py']
[0.243s] Level 1:colcon.colcon_core.package_identification:_identify(src/mycobot_ros2/demo_img/pro630) by extension 'python_setup_py'
[0.243s] Level 1:colcon.colcon_core.package_identification:_identify(src/mycobot_ros2/demo_img/ultraArm_p340) by extensions ['ignore', 'ignore_ament_install']
[0.243s] Level 1:colcon.colcon_core.package_identification:_identify(src/mycobot_ros2/demo_img/ultraArm_p340) by extension 'ignore'
[0.243s] Level 1:colcon.colcon_core.package_identification:_identify(src/mycobot_ros2/demo_img/ultraArm_p340) by extension 'ignore_ament_install'
[0.243s] Level 1:colcon.colcon_core.package_identification:_identify(src/mycobot_ros2/demo_img/ultraArm_p340) by extensions ['colcon_pkg']
[0.243s] Level 1:colcon.colcon_core.package_identification:_identify(src/mycobot_ros2/demo_img/ultraArm_p340) by extension 'colcon_pkg'
[0.243s] Level 1:colcon.colcon_core.package_identification:_identify(src/mycobot_ros2/demo_img/ultraArm_p340) by extensions ['colcon_meta']
[0.243s] Level 1:colcon.colcon_core.package_identification:_identify(src/mycobot_ros2/demo_img/ultraArm_p340) by extension 'colcon_meta'
[0.243s] Level 1:colcon.colcon_core.package_identification:_identify(src/mycobot_ros2/demo_img/ultraArm_p340) by extensions ['ros']
[0.243s] Level 1:colcon.colcon_core.package_identification:_identify(src/mycobot_ros2/demo_img/ultraArm_p340) by extension 'ros'
[0.243s] Level 1:colcon.colcon_core.package_identification:_identify(src/mycobot_ros2/demo_img/ultraArm_p340) by extensions ['cmake', 'python']
[0.243s] Level 1:colcon.colcon_core.package_identification:_identify(src/mycobot_ros2/demo_img/ultraArm_p340) by extension 'cmake'
[0.243s] Level 1:colcon.colcon_core.package_identification:_identify(src/mycobot_ros2/demo_img/ultraArm_p340) by extension 'python'
[0.243s] Level 1:colcon.colcon_core.package_identification:_identify(src/mycobot_ros2/demo_img/ultraArm_p340) by extensions ['python_setup_py']
[0.243s] Level 1:colcon.colcon_core.package_identification:_identify(src/mycobot_ros2/demo_img/ultraArm_p340) by extension 'python_setup_py'
[0.243s] Level 1:colcon.colcon_core.package_identification:_identify(src/mycobot_ros2/mecharm) by extensions ['ignore', 'ignore_ament_install']
[0.243s] Level 1:colcon.colcon_core.package_identification:_identify(src/mycobot_ros2/mecharm) by extension 'ignore'
[0.243s] Level 1:colcon.colcon_core.package_identification:_identify(src/mycobot_ros2/mecharm) by extension 'ignore_ament_install'
[0.243s] Level 1:colcon.colcon_core.package_identification:_identify(src/mycobot_ros2/mecharm) by extensions ['colcon_pkg']
[0.243s] Level 1:colcon.colcon_core.package_identification:_identify(src/mycobot_ros2/mecharm) by extension 'colcon_pkg'
[0.243s] Level 1:colcon.colcon_core.package_identification:_identify(src/mycobot_ros2/mecharm) by extensions ['colcon_meta']
[0.243s] Level 1:colcon.colcon_core.package_identification:_identify(src/mycobot_ros2/mecharm) by extension 'colcon_meta'
[0.243s] Level 1:colcon.colcon_core.package_identification:_identify(src/mycobot_ros2/mecharm) by extensions ['ros']
[0.243s] Level 1:colcon.colcon_core.package_identification:_identify(src/mycobot_ros2/mecharm) by extension 'ros'
[0.243s] Level 1:colcon.colcon_core.package_identification:_identify(src/mycobot_ros2/mecharm) by extensions ['cmake', 'python']
[0.243s] Level 1:colcon.colcon_core.package_identification:_identify(src/mycobot_ros2/mecharm) by extension 'cmake'
[0.243s] Level 1:colcon.colcon_core.package_identification:_identify(src/mycobot_ros2/mecharm) by extension 'python'
[0.243s] Level 1:colcon.colcon_core.package_identification:_identify(src/mycobot_ros2/mecharm) by extensions ['python_setup_py']
[0.243s] Level 1:colcon.colcon_core.package_identification:_identify(src/mycobot_ros2/mecharm) by extension 'python_setup_py'
[0.243s] Level 1:colcon.colcon_core.package_identification:_identify(src/mycobot_ros2/mecharm/mecharm) by extensions ['ignore', 'ignore_ament_install']
[0.243s] Level 1:colcon.colcon_core.package_identification:_identify(src/mycobot_ros2/mecharm/mecharm) by extension 'ignore'
[0.243s] Level 1:colcon.colcon_core.package_identification:_identify(src/mycobot_ros2/mecharm/mecharm) by extension 'ignore_ament_install'
[0.244s] Level 1:colcon.colcon_core.package_identification:_identify(src/mycobot_ros2/mecharm/mecharm) by extensions ['colcon_pkg']
[0.244s] Level 1:colcon.colcon_core.package_identification:_identify(src/mycobot_ros2/mecharm/mecharm) by extension 'colcon_pkg'
[0.244s] Level 1:colcon.colcon_core.package_identification:_identify(src/mycobot_ros2/mecharm/mecharm) by extensions ['colcon_meta']
[0.244s] Level 1:colcon.colcon_core.package_identification:_identify(src/mycobot_ros2/mecharm/mecharm) by extension 'colcon_meta'
[0.244s] Level 1:colcon.colcon_core.package_identification:_identify(src/mycobot_ros2/mecharm/mecharm) by extensions ['ros']
[0.244s] Level 1:colcon.colcon_core.package_identification:_identify(src/mycobot_ros2/mecharm/mecharm) by extension 'ros'
[0.244s] DEBUG:colcon.colcon_core.package_identification:Package 'src/mycobot_ros2/mecharm/mecharm' with type 'ros.ament_python' and name 'mecharm'
[0.244s] Level 1:colcon.colcon_core.package_identification:_identify(src/mycobot_ros2/mecharm/mecharm_communication) by extensions ['ignore', 'ignore_ament_install']
[0.244s] Level 1:colcon.colcon_core.package_identification:_identify(src/mycobot_ros2/mecharm/mecharm_communication) by extension 'ignore'
[0.244s] Level 1:colcon.colcon_core.package_identification:_identify(src/mycobot_ros2/mecharm/mecharm_communication) by extension 'ignore_ament_install'
[0.244s] Level 1:colcon.colcon_core.package_identification:_identify(src/mycobot_ros2/mecharm/mecharm_communication) by extensions ['colcon_pkg']
[0.244s] Level 1:colcon.colcon_core.package_identification:_identify(src/mycobot_ros2/mecharm/mecharm_communication) by extension 'colcon_pkg'
[0.244s] Level 1:colcon.colcon_core.package_identification:_identify(src/mycobot_ros2/mecharm/mecharm_communication) by extensions ['colcon_meta']
[0.244s] Level 1:colcon.colcon_core.package_identification:_identify(src/mycobot_ros2/mecharm/mecharm_communication) by extension 'colcon_meta'
[0.244s] Level 1:colcon.colcon_core.package_identification:_identify(src/mycobot_ros2/mecharm/mecharm_communication) by extensions ['ros']
[0.244s] Level 1:colcon.colcon_core.package_identification:_identify(src/mycobot_ros2/mecharm/mecharm_communication) by extension 'ros'
[0.245s] DEBUG:colcon.colcon_core.package_identification:Package 'src/mycobot_ros2/mecharm/mecharm_communication' with type 'ros.ament_python' and name 'mecharm_communication'
[0.245s] Level 1:colcon.colcon_core.package_identification:_identify(src/mycobot_ros2/mecharm/mecharm_interfaces) by extensions ['ignore', 'ignore_ament_install']
[0.245s] Level 1:colcon.colcon_core.package_identification:_identify(src/mycobot_ros2/mecharm/mecharm_interfaces) by extension 'ignore'
[0.245s] Level 1:colcon.colcon_core.package_identification:_identify(src/mycobot_ros2/mecharm/mecharm_interfaces) by extension 'ignore_ament_install'
[0.245s] Level 1:colcon.colcon_core.package_identification:_identify(src/mycobot_ros2/mecharm/mecharm_interfaces) by extensions ['colcon_pkg']
[0.245s] Level 1:colcon.colcon_core.package_identification:_identify(src/mycobot_ros2/mecharm/mecharm_interfaces) by extension 'colcon_pkg'
[0.245s] Level 1:colcon.colcon_core.package_identification:_identify(src/mycobot_ros2/mecharm/mecharm_interfaces) by extensions ['colcon_meta']
[0.245s] Level 1:colcon.colcon_core.package_identification:_identify(src/mycobot_ros2/mecharm/mecharm_interfaces) by extension 'colcon_meta'
[0.245s] Level 1:colcon.colcon_core.package_identification:_identify(src/mycobot_ros2/mecharm/mecharm_interfaces) by extensions ['ros']
[0.245s] Level 1:colcon.colcon_core.package_identification:_identify(src/mycobot_ros2/mecharm/mecharm_interfaces) by extension 'ros'
[0.245s] DEBUG:colcon.colcon_core.package_identification:Package 'src/mycobot_ros2/mecharm/mecharm_interfaces' with type 'ros.ament_cmake' and name 'mecharm_interfaces'
[0.245s] Level 1:colcon.colcon_core.package_identification:_identify(src/mycobot_ros2/mecharm/mecharm_pi) by extensions ['ignore', 'ignore_ament_install']
[0.245s] Level 1:colcon.colcon_core.package_identification:_identify(src/mycobot_ros2/mecharm/mecharm_pi) by extension 'ignore'
[0.245s] Level 1:colcon.colcon_core.package_identification:_identify(src/mycobot_ros2/mecharm/mecharm_pi) by extension 'ignore_ament_install'
[0.245s] Level 1:colcon.colcon_core.package_identification:_identify(src/mycobot_ros2/mecharm/mecharm_pi) by extensions ['colcon_pkg']
[0.245s] Level 1:colcon.colcon_core.package_identification:_identify(src/mycobot_ros2/mecharm/mecharm_pi) by extension 'colcon_pkg'
[0.245s] Level 1:colcon.colcon_core.package_identification:_identify(src/mycobot_ros2/mecharm/mecharm_pi) by extensions ['colcon_meta']
[0.245s] Level 1:colcon.colcon_core.package_identification:_identify(src/mycobot_ros2/mecharm/mecharm_pi) by extension 'colcon_meta'
[0.245s] Level 1:colcon.colcon_core.package_identification:_identify(src/mycobot_ros2/mecharm/mecharm_pi) by extensions ['ros']
[0.245s] Level 1:colcon.colcon_core.package_identification:_identify(src/mycobot_ros2/mecharm/mecharm_pi) by extension 'ros'
[0.246s] DEBUG:colcon.colcon_core.package_identification:Package 'src/mycobot_ros2/mecharm/mecharm_pi' with type 'ros.ament_python' and name 'mecharm_pi'
[0.246s] Level 1:colcon.colcon_core.package_identification:_identify(src/mycobot_ros2/myArm) by extensions ['ignore', 'ignore_ament_install']
[0.246s] Level 1:colcon.colcon_core.package_identification:_identify(src/mycobot_ros2/myArm) by extension 'ignore'
[0.246s] Level 1:colcon.colcon_core.package_identification:_identify(src/mycobot_ros2/myArm) by extension 'ignore_ament_install'
[0.246s] Level 1:colcon.colcon_core.package_identification:_identify(src/mycobot_ros2/myArm) by extensions ['colcon_pkg']
[0.246s] Level 1:colcon.colcon_core.package_identification:_identify(src/mycobot_ros2/myArm) by extension 'colcon_pkg'
[0.246s] Level 1:colcon.colcon_core.package_identification:_identify(src/mycobot_ros2/myArm) by extensions ['colcon_meta']
[0.246s] Level 1:colcon.colcon_core.package_identification:_identify(src/mycobot_ros2/myArm) by extension 'colcon_meta'
[0.246s] Level 1:colcon.colcon_core.package_identification:_identify(src/mycobot_ros2/myArm) by extensions ['ros']
[0.246s] Level 1:colcon.colcon_core.package_identification:_identify(src/mycobot_ros2/myArm) by extension 'ros'
[0.246s] Level 1:colcon.colcon_core.package_identification:_identify(src/mycobot_ros2/myArm) by extensions ['cmake', 'python']
[0.246s] Level 1:colcon.colcon_core.package_identification:_identify(src/mycobot_ros2/myArm) by extension 'cmake'
[0.246s] Level 1:colcon.colcon_core.package_identification:_identify(src/mycobot_ros2/myArm) by extension 'python'
[0.246s] Level 1:colcon.colcon_core.package_identification:_identify(src/mycobot_ros2/myArm) by extensions ['python_setup_py']
[0.246s] Level 1:colcon.colcon_core.package_identification:_identify(src/mycobot_ros2/myArm) by extension 'python_setup_py'
[0.246s] Level 1:colcon.colcon_core.package_identification:_identify(src/mycobot_ros2/myArm/myarm_300) by extensions ['ignore', 'ignore_ament_install']
[0.246s] Level 1:colcon.colcon_core.package_identification:_identify(src/mycobot_ros2/myArm/myarm_300) by extension 'ignore'
[0.246s] Level 1:colcon.colcon_core.package_identification:_identify(src/mycobot_ros2/myArm/myarm_300) by extension 'ignore_ament_install'
[0.246s] Level 1:colcon.colcon_core.package_identification:_identify(src/mycobot_ros2/myArm/myarm_300) by extensions ['colcon_pkg']
[0.246s] Level 1:colcon.colcon_core.package_identification:_identify(src/mycobot_ros2/myArm/myarm_300) by extension 'colcon_pkg'
[0.246s] Level 1:colcon.colcon_core.package_identification:_identify(src/mycobot_ros2/myArm/myarm_300) by extensions ['colcon_meta']
[0.246s] Level 1:colcon.colcon_core.package_identification:_identify(src/mycobot_ros2/myArm/myarm_300) by extension 'colcon_meta'
[0.246s] Level 1:colcon.colcon_core.package_identification:_identify(src/mycobot_ros2/myArm/myarm_300) by extensions ['ros']
[0.246s] Level 1:colcon.colcon_core.package_identification:_identify(src/mycobot_ros2/myArm/myarm_300) by extension 'ros'
[0.247s] DEBUG:colcon.colcon_core.package_identification:Package 'src/mycobot_ros2/myArm/myarm_300' with type 'ros.ament_python' and name 'myarm_300'
[0.247s] Level 1:colcon.colcon_core.package_identification:_identify(src/mycobot_ros2/myArm/myarm_c650) by extensions ['ignore', 'ignore_ament_install']
[0.247s] Level 1:colcon.colcon_core.package_identification:_identify(src/mycobot_ros2/myArm/myarm_c650) by extension 'ignore'
[0.247s] Level 1:colcon.colcon_core.package_identification:_identify(src/mycobot_ros2/myArm/myarm_c650) by extension 'ignore_ament_install'
[0.247s] Level 1:colcon.colcon_core.package_identification:_identify(src/mycobot_ros2/myArm/myarm_c650) by extensions ['colcon_pkg']
[0.247s] Level 1:colcon.colcon_core.package_identification:_identify(src/mycobot_ros2/myArm/myarm_c650) by extension 'colcon_pkg'
[0.247s] Level 1:colcon.colcon_core.package_identification:_identify(src/mycobot_ros2/myArm/myarm_c650) by extensions ['colcon_meta']
[0.247s] Level 1:colcon.colcon_core.package_identification:_identify(src/mycobot_ros2/myArm/myarm_c650) by extension 'colcon_meta'
[0.247s] Level 1:colcon.colcon_core.package_identification:_identify(src/mycobot_ros2/myArm/myarm_c650) by extensions ['ros']
[0.247s] Level 1:colcon.colcon_core.package_identification:_identify(src/mycobot_ros2/myArm/myarm_c650) by extension 'ros'
[0.247s] DEBUG:colcon.colcon_core.package_identification:Package 'src/mycobot_ros2/myArm/myarm_c650' with type 'ros.ament_python' and name 'myarm_c650'
[0.247s] Level 1:colcon.colcon_core.package_identification:_identify(src/mycobot_ros2/myArm/myarm_m750) by extensions ['ignore', 'ignore_ament_install']
[0.247s] Level 1:colcon.colcon_core.package_identification:_identify(src/mycobot_ros2/myArm/myarm_m750) by extension 'ignore'
[0.247s] Level 1:colcon.colcon_core.package_identification:_identify(src/mycobot_ros2/myArm/myarm_m750) by extension 'ignore_ament_install'
[0.247s] Level 1:colcon.colcon_core.package_identification:_identify(src/mycobot_ros2/myArm/myarm_m750) by extensions ['colcon_pkg']
[0.247s] Level 1:colcon.colcon_core.package_identification:_identify(src/mycobot_ros2/myArm/myarm_m750) by extension 'colcon_pkg'
[0.247s] Level 1:colcon.colcon_core.package_identification:_identify(src/mycobot_ros2/myArm/myarm_m750) by extensions ['colcon_meta']
[0.247s] Level 1:colcon.colcon_core.package_identification:_identify(src/mycobot_ros2/myArm/myarm_m750) by extension 'colcon_meta'
[0.247s] Level 1:colcon.colcon_core.package_identification:_identify(src/mycobot_ros2/myArm/myarm_m750) by extensions ['ros']
[0.247s] Level 1:colcon.colcon_core.package_identification:_identify(src/mycobot_ros2/myArm/myarm_m750) by extension 'ros'
[0.248s] DEBUG:colcon.colcon_core.package_identification:Package 'src/mycobot_ros2/myArm/myarm_m750' with type 'ros.ament_python' and name 'myarm_m750'
[0.248s] Level 1:colcon.colcon_core.package_identification:_identify(src/mycobot_ros2/mycobot_280) by extensions ['ignore', 'ignore_ament_install']
[0.248s] Level 1:colcon.colcon_core.package_identification:_identify(src/mycobot_ros2/mycobot_280) by extension 'ignore'
[0.248s] Level 1:colcon.colcon_core.package_identification:_identify(src/mycobot_ros2/mycobot_280) by extension 'ignore_ament_install'
[0.248s] Level 1:colcon.colcon_core.package_identification:_identify(src/mycobot_ros2/mycobot_280) by extensions ['colcon_pkg']
[0.248s] Level 1:colcon.colcon_core.package_identification:_identify(src/mycobot_ros2/mycobot_280) by extension 'colcon_pkg'
[0.248s] Level 1:colcon.colcon_core.package_identification:_identify(src/mycobot_ros2/mycobot_280) by extensions ['colcon_meta']
[0.248s] Level 1:colcon.colcon_core.package_identification:_identify(src/mycobot_ros2/mycobot_280) by extension 'colcon_meta'
[0.248s] Level 1:colcon.colcon_core.package_identification:_identify(src/mycobot_ros2/mycobot_280) by extensions ['ros']
[0.248s] Level 1:colcon.colcon_core.package_identification:_identify(src/mycobot_ros2/mycobot_280) by extension 'ros'
[0.248s] Level 1:colcon.colcon_core.package_identification:_identify(src/mycobot_ros2/mycobot_280) by extensions ['cmake', 'python']
[0.248s] Level 1:colcon.colcon_core.package_identification:_identify(src/mycobot_ros2/mycobot_280) by extension 'cmake'
[0.248s] Level 1:colcon.colcon_core.package_identification:_identify(src/mycobot_ros2/mycobot_280) by extension 'python'
[0.248s] Level 1:colcon.colcon_core.package_identification:_identify(src/mycobot_ros2/mycobot_280) by extensions ['python_setup_py']
[0.248s] Level 1:colcon.colcon_core.package_identification:_identify(src/mycobot_ros2/mycobot_280) by extension 'python_setup_py'
[0.248s] Level 1:colcon.colcon_core.package_identification:_identify(src/mycobot_ros2/mycobot_280/mycobot_280) by extensions ['ignore', 'ignore_ament_install']
[0.248s] Level 1:colcon.colcon_core.package_identification:_identify(src/mycobot_ros2/mycobot_280/mycobot_280) by extension 'ignore'
[0.248s] Level 1:colcon.colcon_core.package_identification:_identify(src/mycobot_ros2/mycobot_280/mycobot_280) by extension 'ignore_ament_install'
[0.248s] Level 1:colcon.colcon_core.package_identification:_identify(src/mycobot_ros2/mycobot_280/mycobot_280) by extensions ['colcon_pkg']
[0.248s] Level 1:colcon.colcon_core.package_identification:_identify(src/mycobot_ros2/mycobot_280/mycobot_280) by extension 'colcon_pkg'
[0.248s] Level 1:colcon.colcon_core.package_identification:_identify(src/mycobot_ros2/mycobot_280/mycobot_280) by extensions ['colcon_meta']
[0.248s] Level 1:colcon.colcon_core.package_identification:_identify(src/mycobot_ros2/mycobot_280/mycobot_280) by extension 'colcon_meta'
[0.248s] Level 1:colcon.colcon_core.package_identification:_identify(src/mycobot_ros2/mycobot_280/mycobot_280) by extensions ['ros']
[0.248s] Level 1:colcon.colcon_core.package_identification:_identify(src/mycobot_ros2/mycobot_280/mycobot_280) by extension 'ros'
[0.249s] DEBUG:colcon.colcon_core.package_identification:Package 'src/mycobot_ros2/mycobot_280/mycobot_280' with type 'ros.ament_python' and name 'mycobot_280'
[0.249s] Level 1:colcon.colcon_core.package_identification:_identify(src/mycobot_ros2/mycobot_280/mycobot_280_arduino) by extensions ['ignore', 'ignore_ament_install']
[0.249s] Level 1:colcon.colcon_core.package_identification:_identify(src/mycobot_ros2/mycobot_280/mycobot_280_arduino) by extension 'ignore'
[0.249s] Level 1:colcon.colcon_core.package_identification:_identify(src/mycobot_ros2/mycobot_280/mycobot_280_arduino) by extension 'ignore_ament_install'
[0.249s] Level 1:colcon.colcon_core.package_identification:_identify(src/mycobot_ros2/mycobot_280/mycobot_280_arduino) by extensions ['colcon_pkg']
[0.249s] Level 1:colcon.colcon_core.package_identification:_identify(src/mycobot_ros2/mycobot_280/mycobot_280_arduino) by extension 'colcon_pkg'
[0.249s] Level 1:colcon.colcon_core.package_identification:_identify(src/mycobot_ros2/mycobot_280/mycobot_280_arduino) by extensions ['colcon_meta']
[0.249s] Level 1:colcon.colcon_core.package_identification:_identify(src/mycobot_ros2/mycobot_280/mycobot_280_arduino) by extension 'colcon_meta'
[0.249s] Level 1:colcon.colcon_core.package_identification:_identify(src/mycobot_ros2/mycobot_280/mycobot_280_arduino) by extensions ['ros']
[0.249s] Level 1:colcon.colcon_core.package_identification:_identify(src/mycobot_ros2/mycobot_280/mycobot_280_arduino) by extension 'ros'
[0.250s] DEBUG:colcon.colcon_core.package_identification:Package 'src/mycobot_ros2/mycobot_280/mycobot_280_arduino' with type 'ros.ament_python' and name 'mycobot_280_arduino'
[0.250s] Level 1:colcon.colcon_core.package_identification:_identify(src/mycobot_ros2/mycobot_280/mycobot_280_moveit2) by extensions ['ignore', 'ignore_ament_install']
[0.250s] Level 1:colcon.colcon_core.package_identification:_identify(src/mycobot_ros2/mycobot_280/mycobot_280_moveit2) by extension 'ignore'
[0.250s] Level 1:colcon.colcon_core.package_identification:_identify(src/mycobot_ros2/mycobot_280/mycobot_280_moveit2) by extension 'ignore_ament_install'
[0.250s] Level 1:colcon.colcon_core.package_identification:_identify(src/mycobot_ros2/mycobot_280/mycobot_280_moveit2) by extensions ['colcon_pkg']
[0.250s] Level 1:colcon.colcon_core.package_identification:_identify(src/mycobot_ros2/mycobot_280/mycobot_280_moveit2) by extension 'colcon_pkg'
[0.250s] Level 1:colcon.colcon_core.package_identification:_identify(src/mycobot_ros2/mycobot_280/mycobot_280_moveit2) by extensions ['colcon_meta']
[0.250s] Level 1:colcon.colcon_core.package_identification:_identify(src/mycobot_ros2/mycobot_280/mycobot_280_moveit2) by extension 'colcon_meta'
[0.250s] Level 1:colcon.colcon_core.package_identification:_identify(src/mycobot_ros2/mycobot_280/mycobot_280_moveit2) by extensions ['ros']
[0.250s] Level 1:colcon.colcon_core.package_identification:_identify(src/mycobot_ros2/mycobot_280/mycobot_280_moveit2) by extension 'ros'
[0.250s] DEBUG:colcon.colcon_core.package_identification:Package 'src/mycobot_ros2/mycobot_280/mycobot_280_moveit2' with type 'ros.ament_cmake' and name 'mycobot_280_moveit2'
[0.250s] Level 1:colcon.colcon_core.package_identification:_identify(src/mycobot_ros2/mycobot_280/mycobot_280_moveit2_control) by extensions ['ignore', 'ignore_ament_install']
[0.250s] Level 1:colcon.colcon_core.package_identification:_identify(src/mycobot_ros2/mycobot_280/mycobot_280_moveit2_control) by extension 'ignore'
[0.250s] Level 1:colcon.colcon_core.package_identification:_identify(src/mycobot_ros2/mycobot_280/mycobot_280_moveit2_control) by extension 'ignore_ament_install'
[0.250s] Level 1:colcon.colcon_core.package_identification:_identify(src/mycobot_ros2/mycobot_280/mycobot_280_moveit2_control) by extensions ['colcon_pkg']
[0.250s] Level 1:colcon.colcon_core.package_identification:_identify(src/mycobot_ros2/mycobot_280/mycobot_280_moveit2_control) by extension 'colcon_pkg'
[0.250s] Level 1:colcon.colcon_core.package_identification:_identify(src/mycobot_ros2/mycobot_280/mycobot_280_moveit2_control) by extensions ['colcon_meta']
[0.250s] Level 1:colcon.colcon_core.package_identification:_identify(src/mycobot_ros2/mycobot_280/mycobot_280_moveit2_control) by extension 'colcon_meta'
[0.250s] Level 1:colcon.colcon_core.package_identification:_identify(src/mycobot_ros2/mycobot_280/mycobot_280_moveit2_control) by extensions ['ros']
[0.250s] Level 1:colcon.colcon_core.package_identification:_identify(src/mycobot_ros2/mycobot_280/mycobot_280_moveit2_control) by extension 'ros'
[0.251s] DEBUG:colcon.colcon_core.package_identification:Package 'src/mycobot_ros2/mycobot_280/mycobot_280_moveit2_control' with type 'ros.ament_python' and name 'mycobot_280_moveit2_control'
[0.251s] Level 1:colcon.colcon_core.package_identification:_identify(src/mycobot_ros2/mycobot_280/mycobot_280_rdkx5) by extensions ['ignore', 'ignore_ament_install']
[0.251s] Level 1:colcon.colcon_core.package_identification:_identify(src/mycobot_ros2/mycobot_280/mycobot_280_rdkx5) by extension 'ignore'
[0.251s] Level 1:colcon.colcon_core.package_identification:_identify(src/mycobot_ros2/mycobot_280/mycobot_280_rdkx5) by extension 'ignore_ament_install'
[0.251s] Level 1:colcon.colcon_core.package_identification:_identify(src/mycobot_ros2/mycobot_280/mycobot_280_rdkx5) by extensions ['colcon_pkg']
[0.251s] Level 1:colcon.colcon_core.package_identification:_identify(src/mycobot_ros2/mycobot_280/mycobot_280_rdkx5) by extension 'colcon_pkg'
[0.251s] Level 1:colcon.colcon_core.package_identification:_identify(src/mycobot_ros2/mycobot_280/mycobot_280_rdkx5) by extensions ['colcon_meta']
[0.251s] Level 1:colcon.colcon_core.package_identification:_identify(src/mycobot_ros2/mycobot_280/mycobot_280_rdkx5) by extension 'colcon_meta'
[0.251s] Level 1:colcon.colcon_core.package_identification:_identify(src/mycobot_ros2/mycobot_280/mycobot_280_rdkx5) by extensions ['ros']
[0.251s] Level 1:colcon.colcon_core.package_identification:_identify(src/mycobot_ros2/mycobot_280/mycobot_280_rdkx5) by extension 'ros'
[0.252s] DEBUG:colcon.colcon_core.package_identification:Package 'src/mycobot_ros2/mycobot_280/mycobot_280_rdkx5' with type 'ros.ament_python' and name 'mycobot_280_rdkx5'
[0.252s] Level 1:colcon.colcon_core.package_identification:_identify(src/mycobot_ros2/mycobot_280/mycobot_280_riscv) by extensions ['ignore', 'ignore_ament_install']
[0.252s] Level 1:colcon.colcon_core.package_identification:_identify(src/mycobot_ros2/mycobot_280/mycobot_280_riscv) by extension 'ignore'
[0.252s] Level 1:colcon.colcon_core.package_identification:_identify(src/mycobot_ros2/mycobot_280/mycobot_280_riscv) by extension 'ignore_ament_install'
[0.252s] Level 1:colcon.colcon_core.package_identification:_identify(src/mycobot_ros2/mycobot_280/mycobot_280_riscv) by extensions ['colcon_pkg']
[0.252s] Level 1:colcon.colcon_core.package_identification:_identify(src/mycobot_ros2/mycobot_280/mycobot_280_riscv) by extension 'colcon_pkg'
[0.252s] Level 1:colcon.colcon_core.package_identification:_identify(src/mycobot_ros2/mycobot_280/mycobot_280_riscv) by extensions ['colcon_meta']
[0.252s] Level 1:colcon.colcon_core.package_identification:_identify(src/mycobot_ros2/mycobot_280/mycobot_280_riscv) by extension 'colcon_meta'
[0.252s] Level 1:colcon.colcon_core.package_identification:_identify(src/mycobot_ros2/mycobot_280/mycobot_280_riscv) by extensions ['ros']
[0.252s] Level 1:colcon.colcon_core.package_identification:_identify(src/mycobot_ros2/mycobot_280/mycobot_280_riscv) by extension 'ros'
[0.252s] DEBUG:colcon.colcon_core.package_identification:Package 'src/mycobot_ros2/mycobot_280/mycobot_280_riscv' with type 'ros.ament_python' and name 'mycobot_280_riscv'
[0.252s] Level 1:colcon.colcon_core.package_identification:_identify(src/mycobot_ros2/mycobot_280/mycobot_280_x3pi) by extensions ['ignore', 'ignore_ament_install']
[0.252s] Level 1:colcon.colcon_core.package_identification:_identify(src/mycobot_ros2/mycobot_280/mycobot_280_x3pi) by extension 'ignore'
[0.252s] Level 1:colcon.colcon_core.package_identification:_identify(src/mycobot_ros2/mycobot_280/mycobot_280_x3pi) by extension 'ignore_ament_install'
[0.252s] Level 1:colcon.colcon_core.package_identification:_identify(src/mycobot_ros2/mycobot_280/mycobot_280_x3pi) by extensions ['colcon_pkg']
[0.252s] Level 1:colcon.colcon_core.package_identification:_identify(src/mycobot_ros2/mycobot_280/mycobot_280_x3pi) by extension 'colcon_pkg'
[0.252s] Level 1:colcon.colcon_core.package_identification:_identify(src/mycobot_ros2/mycobot_280/mycobot_280_x3pi) by extensions ['colcon_meta']
[0.252s] Level 1:colcon.colcon_core.package_identification:_identify(src/mycobot_ros2/mycobot_280/mycobot_280_x3pi) by extension 'colcon_meta'
[0.252s] Level 1:colcon.colcon_core.package_identification:_identify(src/mycobot_ros2/mycobot_280/mycobot_280_x3pi) by extensions ['ros']
[0.252s] Level 1:colcon.colcon_core.package_identification:_identify(src/mycobot_ros2/mycobot_280/mycobot_280_x3pi) by extension 'ros'
[0.253s] DEBUG:colcon.colcon_core.package_identification:Package 'src/mycobot_ros2/mycobot_280/mycobot_280_x3pi' with type 'ros.ament_python' and name 'mycobot_280_x3pi'
[0.253s] Level 1:colcon.colcon_core.package_identification:_identify(src/mycobot_ros2/mycobot_280/mycobot_280arduino_moveit2) by extensions ['ignore', 'ignore_ament_install']
[0.253s] Level 1:colcon.colcon_core.package_identification:_identify(src/mycobot_ros2/mycobot_280/mycobot_280arduino_moveit2) by extension 'ignore'
[0.253s] Level 1:colcon.colcon_core.package_identification:_identify(src/mycobot_ros2/mycobot_280/mycobot_280arduino_moveit2) by extension 'ignore_ament_install'
[0.253s] Level 1:colcon.colcon_core.package_identification:_identify(src/mycobot_ros2/mycobot_280/mycobot_280arduino_moveit2) by extensions ['colcon_pkg']
[0.253s] Level 1:colcon.colcon_core.package_identification:_identify(src/mycobot_ros2/mycobot_280/mycobot_280arduino_moveit2) by extension 'colcon_pkg'
[0.253s] Level 1:colcon.colcon_core.package_identification:_identify(src/mycobot_ros2/mycobot_280/mycobot_280arduino_moveit2) by extensions ['colcon_meta']
[0.253s] Level 1:colcon.colcon_core.package_identification:_identify(src/mycobot_ros2/mycobot_280/mycobot_280arduino_moveit2) by extension 'colcon_meta'
[0.253s] Level 1:colcon.colcon_core.package_identification:_identify(src/mycobot_ros2/mycobot_280/mycobot_280arduino_moveit2) by extensions ['ros']
[0.253s] Level 1:colcon.colcon_core.package_identification:_identify(src/mycobot_ros2/mycobot_280/mycobot_280arduino_moveit2) by extension 'ros'
[0.254s] DEBUG:colcon.colcon_core.package_identification:Package 'src/mycobot_ros2/mycobot_280/mycobot_280arduino_moveit2' with type 'ros.ament_cmake' and name 'mycobot_280arduino_moveit2'
[0.254s] Level 1:colcon.colcon_core.package_identification:_identify(src/mycobot_ros2/mycobot_280/mycobot_280jn) by extensions ['ignore', 'ignore_ament_install']
[0.254s] Level 1:colcon.colcon_core.package_identification:_identify(src/mycobot_ros2/mycobot_280/mycobot_280jn) by extension 'ignore'
[0.254s] Level 1:colcon.colcon_core.package_identification:_identify(src/mycobot_ros2/mycobot_280/mycobot_280jn) by extension 'ignore_ament_install'
[0.254s] Level 1:colcon.colcon_core.package_identification:_identify(src/mycobot_ros2/mycobot_280/mycobot_280jn) by extensions ['colcon_pkg']
[0.254s] Level 1:colcon.colcon_core.package_identification:_identify(src/mycobot_ros2/mycobot_280/mycobot_280jn) by extension 'colcon_pkg'
[0.254s] Level 1:colcon.colcon_core.package_identification:_identify(src/mycobot_ros2/mycobot_280/mycobot_280jn) by extensions ['colcon_meta']
[0.254s] Level 1:colcon.colcon_core.package_identification:_identify(src/mycobot_ros2/mycobot_280/mycobot_280jn) by extension 'colcon_meta'
[0.254s] Level 1:colcon.colcon_core.package_identification:_identify(src/mycobot_ros2/mycobot_280/mycobot_280jn) by extensions ['ros']
[0.254s] Level 1:colcon.colcon_core.package_identification:_identify(src/mycobot_ros2/mycobot_280/mycobot_280jn) by extension 'ros'
[0.255s] DEBUG:colcon.colcon_core.package_identification:Package 'src/mycobot_ros2/mycobot_280/mycobot_280jn' with type 'ros.ament_python' and name 'mycobot_280jn'
[0.255s] Level 1:colcon.colcon_core.package_identification:_identify(src/mycobot_ros2/mycobot_280/mycobot_280pi) by extensions ['ignore', 'ignore_ament_install']
[0.255s] Level 1:colcon.colcon_core.package_identification:_identify(src/mycobot_ros2/mycobot_280/mycobot_280pi) by extension 'ignore'
[0.256s] Level 1:colcon.colcon_core.package_identification:_identify(src/mycobot_ros2/mycobot_280/mycobot_280pi) by extension 'ignore_ament_install'
[0.256s] Level 1:colcon.colcon_core.package_identification:_identify(src/mycobot_ros2/mycobot_280/mycobot_280pi) by extensions ['colcon_pkg']
[0.256s] Level 1:colcon.colcon_core.package_identification:_identify(src/mycobot_ros2/mycobot_280/mycobot_280pi) by extension 'colcon_pkg'
[0.256s] Level 1:colcon.colcon_core.package_identification:_identify(src/mycobot_ros2/mycobot_280/mycobot_280pi) by extensions ['colcon_meta']
[0.256s] Level 1:colcon.colcon_core.package_identification:_identify(src/mycobot_ros2/mycobot_280/mycobot_280pi) by extension 'colcon_meta'
[0.256s] Level 1:colcon.colcon_core.package_identification:_identify(src/mycobot_ros2/mycobot_280/mycobot_280pi) by extensions ['ros']
[0.256s] Level 1:colcon.colcon_core.package_identification:_identify(src/mycobot_ros2/mycobot_280/mycobot_280pi) by extension 'ros'
[0.256s] DEBUG:colcon.colcon_core.package_identification:Package 'src/mycobot_ros2/mycobot_280/mycobot_280pi' with type 'ros.ament_python' and name 'mycobot_280pi'
[0.256s] Level 1:colcon.colcon_core.package_identification:_identify(src/mycobot_ros2/mycobot_280/mycobot_280rdkx5_moveit2) by extensions ['ignore', 'ignore_ament_install']
[0.256s] Level 1:colcon.colcon_core.package_identification:_identify(src/mycobot_ros2/mycobot_280/mycobot_280rdkx5_moveit2) by extension 'ignore'
[0.256s] Level 1:colcon.colcon_core.package_identification:_identify(src/mycobot_ros2/mycobot_280/mycobot_280rdkx5_moveit2) by extension 'ignore_ament_install'
[0.256s] Level 1:colcon.colcon_core.package_identification:_identify(src/mycobot_ros2/mycobot_280/mycobot_280rdkx5_moveit2) by extensions ['colcon_pkg']
[0.256s] Level 1:colcon.colcon_core.package_identification:_identify(src/mycobot_ros2/mycobot_280/mycobot_280rdkx5_moveit2) by extension 'colcon_pkg'
[0.256s] Level 1:colcon.colcon_core.package_identification:_identify(src/mycobot_ros2/mycobot_280/mycobot_280rdkx5_moveit2) by extensions ['colcon_meta']
[0.256s] Level 1:colcon.colcon_core.package_identification:_identify(src/mycobot_ros2/mycobot_280/mycobot_280rdkx5_moveit2) by extension 'colcon_meta'
[0.256s] Level 1:colcon.colcon_core.package_identification:_identify(src/mycobot_ros2/mycobot_280/mycobot_280rdkx5_moveit2) by extensions ['ros']
[0.256s] Level 1:colcon.colcon_core.package_identification:_identify(src/mycobot_ros2/mycobot_280/mycobot_280rdkx5_moveit2) by extension 'ros'
[0.257s] DEBUG:colcon.colcon_core.package_identification:Package 'src/mycobot_ros2/mycobot_280/mycobot_280rdkx5_moveit2' with type 'ros.ament_cmake' and name 'mycobot_280rdkx5_moveit2'
[0.257s] Level 1:colcon.colcon_core.package_identification:_identify(src/mycobot_ros2/mycobot_280/mycobot_interfaces) by extensions ['ignore', 'ignore_ament_install']
[0.257s] Level 1:colcon.colcon_core.package_identification:_identify(src/mycobot_ros2/mycobot_280/mycobot_interfaces) by extension 'ignore'
[0.257s] Level 1:colcon.colcon_core.package_identification:_identify(src/mycobot_ros2/mycobot_280/mycobot_interfaces) by extension 'ignore_ament_install'
[0.257s] Level 1:colcon.colcon_core.package_identification:_identify(src/mycobot_ros2/mycobot_280/mycobot_interfaces) by extensions ['colcon_pkg']
[0.257s] Level 1:colcon.colcon_core.package_identification:_identify(src/mycobot_ros2/mycobot_280/mycobot_interfaces) by extension 'colcon_pkg'
[0.257s] Level 1:colcon.colcon_core.package_identification:_identify(src/mycobot_ros2/mycobot_280/mycobot_interfaces) by extensions ['colcon_meta']
[0.257s] Level 1:colcon.colcon_core.package_identification:_identify(src/mycobot_ros2/mycobot_280/mycobot_interfaces) by extension 'colcon_meta'
[0.257s] Level 1:colcon.colcon_core.package_identification:_identify(src/mycobot_ros2/mycobot_280/mycobot_interfaces) by extensions ['ros']
[0.257s] Level 1:colcon.colcon_core.package_identification:_identify(src/mycobot_ros2/mycobot_280/mycobot_interfaces) by extension 'ros'
[0.257s] DEBUG:colcon.colcon_core.package_identification:Package 'src/mycobot_ros2/mycobot_280/mycobot_interfaces' with type 'ros.ament_cmake' and name 'mycobot_interfaces'
[0.257s] Level 1:colcon.colcon_core.package_identification:_identify(src/mycobot_ros2/mycobot_320) by extensions ['ignore', 'ignore_ament_install']
[0.257s] Level 1:colcon.colcon_core.package_identification:_identify(src/mycobot_ros2/mycobot_320) by extension 'ignore'
[0.257s] Level 1:colcon.colcon_core.package_identification:_identify(src/mycobot_ros2/mycobot_320) by extension 'ignore_ament_install'
[0.257s] Level 1:colcon.colcon_core.package_identification:_identify(src/mycobot_ros2/mycobot_320) by extensions ['colcon_pkg']
[0.257s] Level 1:colcon.colcon_core.package_identification:_identify(src/mycobot_ros2/mycobot_320) by extension 'colcon_pkg'
[0.257s] Level 1:colcon.colcon_core.package_identification:_identify(src/mycobot_ros2/mycobot_320) by extensions ['colcon_meta']
[0.257s] Level 1:colcon.colcon_core.package_identification:_identify(src/mycobot_ros2/mycobot_320) by extension 'colcon_meta'
[0.257s] Level 1:colcon.colcon_core.package_identification:_identify(src/mycobot_ros2/mycobot_320) by extensions ['ros']
[0.257s] Level 1:colcon.colcon_core.package_identification:_identify(src/mycobot_ros2/mycobot_320) by extension 'ros'
[0.257s] Level 1:colcon.colcon_core.package_identification:_identify(src/mycobot_ros2/mycobot_320) by extensions ['cmake', 'python']
[0.257s] Level 1:colcon.colcon_core.package_identification:_identify(src/mycobot_ros2/mycobot_320) by extension 'cmake'
[0.257s] Level 1:colcon.colcon_core.package_identification:_identify(src/mycobot_ros2/mycobot_320) by extension 'python'
[0.257s] Level 1:colcon.colcon_core.package_identification:_identify(src/mycobot_ros2/mycobot_320) by extensions ['python_setup_py']
[0.257s] Level 1:colcon.colcon_core.package_identification:_identify(src/mycobot_ros2/mycobot_320) by extension 'python_setup_py'
[0.258s] Level 1:colcon.colcon_core.package_identification:_identify(src/mycobot_ros2/mycobot_320/mycobot_320) by extensions ['ignore', 'ignore_ament_install']
[0.258s] Level 1:colcon.colcon_core.package_identification:_identify(src/mycobot_ros2/mycobot_320/mycobot_320) by extension 'ignore'
[0.258s] Level 1:colcon.colcon_core.package_identification:_identify(src/mycobot_ros2/mycobot_320/mycobot_320) by extension 'ignore_ament_install'
[0.258s] Level 1:colcon.colcon_core.package_identification:_identify(src/mycobot_ros2/mycobot_320/mycobot_320) by extensions ['colcon_pkg']
[0.258s] Level 1:colcon.colcon_core.package_identification:_identify(src/mycobot_ros2/mycobot_320/mycobot_320) by extension 'colcon_pkg'
[0.258s] Level 1:colcon.colcon_core.package_identification:_identify(src/mycobot_ros2/mycobot_320/mycobot_320) by extensions ['colcon_meta']
[0.258s] Level 1:colcon.colcon_core.package_identification:_identify(src/mycobot_ros2/mycobot_320/mycobot_320) by extension 'colcon_meta'
[0.258s] Level 1:colcon.colcon_core.package_identification:_identify(src/mycobot_ros2/mycobot_320/mycobot_320) by extensions ['ros']
[0.258s] Level 1:colcon.colcon_core.package_identification:_identify(src/mycobot_ros2/mycobot_320/mycobot_320) by extension 'ros'
[0.258s] DEBUG:colcon.colcon_core.package_identification:Package 'src/mycobot_ros2/mycobot_320/mycobot_320' with type 'ros.ament_python' and name 'mycobot_320'
[0.258s] Level 1:colcon.colcon_core.package_identification:_identify(src/mycobot_ros2/mycobot_320/mycobot_320_riscv) by extensions ['ignore', 'ignore_ament_install']
[0.258s] Level 1:colcon.colcon_core.package_identification:_identify(src/mycobot_ros2/mycobot_320/mycobot_320_riscv) by extension 'ignore'
[0.258s] Level 1:colcon.colcon_core.package_identification:_identify(src/mycobot_ros2/mycobot_320/mycobot_320_riscv) by extension 'ignore_ament_install'
[0.258s] Level 1:colcon.colcon_core.package_identification:_identify(src/mycobot_ros2/mycobot_320/mycobot_320_riscv) by extensions ['colcon_pkg']
[0.258s] Level 1:colcon.colcon_core.package_identification:_identify(src/mycobot_ros2/mycobot_320/mycobot_320_riscv) by extension 'colcon_pkg'
[0.258s] Level 1:colcon.colcon_core.package_identification:_identify(src/mycobot_ros2/mycobot_320/mycobot_320_riscv) by extensions ['colcon_meta']
[0.258s] Level 1:colcon.colcon_core.package_identification:_identify(src/mycobot_ros2/mycobot_320/mycobot_320_riscv) by extension 'colcon_meta'
[0.258s] Level 1:colcon.colcon_core.package_identification:_identify(src/mycobot_ros2/mycobot_320/mycobot_320_riscv) by extensions ['ros']
[0.258s] Level 1:colcon.colcon_core.package_identification:_identify(src/mycobot_ros2/mycobot_320/mycobot_320_riscv) by extension 'ros'
[0.259s] DEBUG:colcon.colcon_core.package_identification:Package 'src/mycobot_ros2/mycobot_320/mycobot_320_riscv' with type 'ros.ament_python' and name 'mycobot_320_riscv'
[0.259s] Level 1:colcon.colcon_core.package_identification:_identify(src/mycobot_ros2/mycobot_320/mycobot_320pi) by extensions ['ignore', 'ignore_ament_install']
[0.259s] Level 1:colcon.colcon_core.package_identification:_identify(src/mycobot_ros2/mycobot_320/mycobot_320pi) by extension 'ignore'
[0.259s] Level 1:colcon.colcon_core.package_identification:_identify(src/mycobot_ros2/mycobot_320/mycobot_320pi) by extension 'ignore_ament_install'
[0.259s] Level 1:colcon.colcon_core.package_identification:_identify(src/mycobot_ros2/mycobot_320/mycobot_320pi) by extensions ['colcon_pkg']
[0.259s] Level 1:colcon.colcon_core.package_identification:_identify(src/mycobot_ros2/mycobot_320/mycobot_320pi) by extension 'colcon_pkg'
[0.259s] Level 1:colcon.colcon_core.package_identification:_identify(src/mycobot_ros2/mycobot_320/mycobot_320pi) by extensions ['colcon_meta']
[0.259s] Level 1:colcon.colcon_core.package_identification:_identify(src/mycobot_ros2/mycobot_320/mycobot_320pi) by extension 'colcon_meta'
[0.259s] Level 1:colcon.colcon_core.package_identification:_identify(src/mycobot_ros2/mycobot_320/mycobot_320pi) by extensions ['ros']
[0.259s] Level 1:colcon.colcon_core.package_identification:_identify(src/mycobot_ros2/mycobot_320/mycobot_320pi) by extension 'ros'
[0.259s] DEBUG:colcon.colcon_core.package_identification:Package 'src/mycobot_ros2/mycobot_320/mycobot_320pi' with type 'ros.ament_python' and name 'mycobot_320pi'
[0.259s] Level 1:colcon.colcon_core.package_identification:_identify(src/mycobot_ros2/mycobot_communication) by extensions ['ignore', 'ignore_ament_install']
[0.259s] Level 1:colcon.colcon_core.package_identification:_identify(src/mycobot_ros2/mycobot_communication) by extension 'ignore'
[0.259s] Level 1:colcon.colcon_core.package_identification:_identify(src/mycobot_ros2/mycobot_communication) by extension 'ignore_ament_install'
[0.259s] Level 1:colcon.colcon_core.package_identification:_identify(src/mycobot_ros2/mycobot_communication) by extensions ['colcon_pkg']
[0.259s] Level 1:colcon.colcon_core.package_identification:_identify(src/mycobot_ros2/mycobot_communication) by extension 'colcon_pkg'
[0.259s] Level 1:colcon.colcon_core.package_identification:_identify(src/mycobot_ros2/mycobot_communication) by extensions ['colcon_meta']
[0.259s] Level 1:colcon.colcon_core.package_identification:_identify(src/mycobot_ros2/mycobot_communication) by extension 'colcon_meta'
[0.259s] Level 1:colcon.colcon_core.package_identification:_identify(src/mycobot_ros2/mycobot_communication) by extensions ['ros']
[0.259s] Level 1:colcon.colcon_core.package_identification:_identify(src/mycobot_ros2/mycobot_communication) by extension 'ros'
[0.260s] DEBUG:colcon.colcon_core.package_identification:Package 'src/mycobot_ros2/mycobot_communication' with type 'ros.ament_python' and name 'mycobot_communication'
[0.260s] Level 1:colcon.colcon_core.package_identification:_identify(src/mycobot_ros2/mycobot_description) by extensions ['ignore', 'ignore_ament_install']
[0.260s] Level 1:colcon.colcon_core.package_identification:_identify(src/mycobot_ros2/mycobot_description) by extension 'ignore'
[0.260s] Level 1:colcon.colcon_core.package_identification:_identify(src/mycobot_ros2/mycobot_description) by extension 'ignore_ament_install'
[0.260s] Level 1:colcon.colcon_core.package_identification:_identify(src/mycobot_ros2/mycobot_description) by extensions ['colcon_pkg']
[0.260s] Level 1:colcon.colcon_core.package_identification:_identify(src/mycobot_ros2/mycobot_description) by extension 'colcon_pkg'
[0.260s] Level 1:colcon.colcon_core.package_identification:_identify(src/mycobot_ros2/mycobot_description) by extensions ['colcon_meta']
[0.260s] Level 1:colcon.colcon_core.package_identification:_identify(src/mycobot_ros2/mycobot_description) by extension 'colcon_meta'
[0.260s] Level 1:colcon.colcon_core.package_identification:_identify(src/mycobot_ros2/mycobot_description) by extensions ['ros']
[0.260s] Level 1:colcon.colcon_core.package_identification:_identify(src/mycobot_ros2/mycobot_description) by extension 'ros'
[0.260s] DEBUG:colcon.colcon_core.package_identification:Package 'src/mycobot_ros2/mycobot_description' with type 'ros.ament_python' and name 'mycobot_description'
[0.260s] Level 1:colcon.colcon_core.package_identification:_identify(src/mycobot_ros2/mycobot_pro) by extensions ['ignore', 'ignore_ament_install']
[0.260s] Level 1:colcon.colcon_core.package_identification:_identify(src/mycobot_ros2/mycobot_pro) by extension 'ignore'
[0.260s] Level 1:colcon.colcon_core.package_identification:_identify(src/mycobot_ros2/mycobot_pro) by extension 'ignore_ament_install'
[0.260s] Level 1:colcon.colcon_core.package_identification:_identify(src/mycobot_ros2/mycobot_pro) by extensions ['colcon_pkg']
[0.260s] Level 1:colcon.colcon_core.package_identification:_identify(src/mycobot_ros2/mycobot_pro) by extension 'colcon_pkg'
[0.260s] Level 1:colcon.colcon_core.package_identification:_identify(src/mycobot_ros2/mycobot_pro) by extensions ['colcon_meta']
[0.260s] Level 1:colcon.colcon_core.package_identification:_identify(src/mycobot_ros2/mycobot_pro) by extension 'colcon_meta'
[0.260s] Level 1:colcon.colcon_core.package_identification:_identify(src/mycobot_ros2/mycobot_pro) by extensions ['ros']
[0.260s] Level 1:colcon.colcon_core.package_identification:_identify(src/mycobot_ros2/mycobot_pro) by extension 'ros'
[0.261s] Level 1:colcon.colcon_core.package_identification:_identify(src/mycobot_ros2/mycobot_pro) by extensions ['cmake', 'python']
[0.261s] Level 1:colcon.colcon_core.package_identification:_identify(src/mycobot_ros2/mycobot_pro) by extension 'cmake'
[0.261s] Level 1:colcon.colcon_core.package_identification:_identify(src/mycobot_ros2/mycobot_pro) by extension 'python'
[0.261s] Level 1:colcon.colcon_core.package_identification:_identify(src/mycobot_ros2/mycobot_pro) by extensions ['python_setup_py']
[0.261s] Level 1:colcon.colcon_core.package_identification:_identify(src/mycobot_ros2/mycobot_pro) by extension 'python_setup_py'
[0.261s] Level 1:colcon.colcon_core.package_identification:_identify(src/mycobot_ros2/mycobot_pro/mycobot_600) by extensions ['ignore', 'ignore_ament_install']
[0.261s] Level 1:colcon.colcon_core.package_identification:_identify(src/mycobot_ros2/mycobot_pro/mycobot_600) by extension 'ignore'
[0.261s] Level 1:colcon.colcon_core.package_identification:_identify(src/mycobot_ros2/mycobot_pro/mycobot_600) by extension 'ignore_ament_install'
[0.261s] Level 1:colcon.colcon_core.package_identification:_identify(src/mycobot_ros2/mycobot_pro/mycobot_600) by extensions ['colcon_pkg']
[0.261s] Level 1:colcon.colcon_core.package_identification:_identify(src/mycobot_ros2/mycobot_pro/mycobot_600) by extension 'colcon_pkg'
[0.261s] Level 1:colcon.colcon_core.package_identification:_identify(src/mycobot_ros2/mycobot_pro/mycobot_600) by extensions ['colcon_meta']
[0.261s] Level 1:colcon.colcon_core.package_identification:_identify(src/mycobot_ros2/mycobot_pro/mycobot_600) by extension 'colcon_meta'
[0.261s] Level 1:colcon.colcon_core.package_identification:_identify(src/mycobot_ros2/mycobot_pro/mycobot_600) by extensions ['ros']
[0.261s] Level 1:colcon.colcon_core.package_identification:_identify(src/mycobot_ros2/mycobot_pro/mycobot_600) by extension 'ros'
[0.261s] DEBUG:colcon.colcon_core.package_identification:Package 'src/mycobot_ros2/mycobot_pro/mycobot_600' with type 'ros.ament_python' and name 'mycobot_600'
[0.261s] Level 1:colcon.colcon_core.package_identification:_identify(src/mycobot_ros2/mycobot_pro/mycobot_630) by extensions ['ignore', 'ignore_ament_install']
[0.261s] Level 1:colcon.colcon_core.package_identification:_identify(src/mycobot_ros2/mycobot_pro/mycobot_630) by extension 'ignore'
[0.261s] Level 1:colcon.colcon_core.package_identification:_identify(src/mycobot_ros2/mycobot_pro/mycobot_630) by extension 'ignore_ament_install'
[0.261s] Level 1:colcon.colcon_core.package_identification:_identify(src/mycobot_ros2/mycobot_pro/mycobot_630) by extensions ['colcon_pkg']
[0.261s] Level 1:colcon.colcon_core.package_identification:_identify(src/mycobot_ros2/mycobot_pro/mycobot_630) by extension 'colcon_pkg'
[0.261s] Level 1:colcon.colcon_core.package_identification:_identify(src/mycobot_ros2/mycobot_pro/mycobot_630) by extensions ['colcon_meta']
[0.261s] Level 1:colcon.colcon_core.package_identification:_identify(src/mycobot_ros2/mycobot_pro/mycobot_630) by extension 'colcon_meta'
[0.261s] Level 1:colcon.colcon_core.package_identification:_identify(src/mycobot_ros2/mycobot_pro/mycobot_630) by extensions ['ros']
[0.261s] Level 1:colcon.colcon_core.package_identification:_identify(src/mycobot_ros2/mycobot_pro/mycobot_630) by extension 'ros'
[0.262s] DEBUG:colcon.colcon_core.package_identification:Package 'src/mycobot_ros2/mycobot_pro/mycobot_630' with type 'ros.ament_python' and name 'mycobot_630'
[0.262s] Level 1:colcon.colcon_core.package_identification:_identify(src/mycobot_ros2/mypalletizer_260) by extensions ['ignore', 'ignore_ament_install']
[0.262s] Level 1:colcon.colcon_core.package_identification:_identify(src/mycobot_ros2/mypalletizer_260) by extension 'ignore'
[0.262s] Level 1:colcon.colcon_core.package_identification:_identify(src/mycobot_ros2/mypalletizer_260) by extension 'ignore_ament_install'
[0.262s] Level 1:colcon.colcon_core.package_identification:_identify(src/mycobot_ros2/mypalletizer_260) by extensions ['colcon_pkg']
[0.262s] Level 1:colcon.colcon_core.package_identification:_identify(src/mycobot_ros2/mypalletizer_260) by extension 'colcon_pkg'
[0.262s] Level 1:colcon.colcon_core.package_identification:_identify(src/mycobot_ros2/mypalletizer_260) by extensions ['colcon_meta']
[0.262s] Level 1:colcon.colcon_core.package_identification:_identify(src/mycobot_ros2/mypalletizer_260) by extension 'colcon_meta'
[0.262s] Level 1:colcon.colcon_core.package_identification:_identify(src/mycobot_ros2/mypalletizer_260) by extensions ['ros']
[0.262s] Level 1:colcon.colcon_core.package_identification:_identify(src/mycobot_ros2/mypalletizer_260) by extension 'ros'
[0.262s] Level 1:colcon.colcon_core.package_identification:_identify(src/mycobot_ros2/mypalletizer_260) by extensions ['cmake', 'python']
[0.262s] Level 1:colcon.colcon_core.package_identification:_identify(src/mycobot_ros2/mypalletizer_260) by extension 'cmake'
[0.262s] Level 1:colcon.colcon_core.package_identification:_identify(src/mycobot_ros2/mypalletizer_260) by extension 'python'
[0.262s] Level 1:colcon.colcon_core.package_identification:_identify(src/mycobot_ros2/mypalletizer_260) by extensions ['python_setup_py']
[0.262s] Level 1:colcon.colcon_core.package_identification:_identify(src/mycobot_ros2/mypalletizer_260) by extension 'python_setup_py'
[0.262s] Level 1:colcon.colcon_core.package_identification:_identify(src/mycobot_ros2/mypalletizer_260/mypalletizer_260) by extensions ['ignore', 'ignore_ament_install']
[0.262s] Level 1:colcon.colcon_core.package_identification:_identify(src/mycobot_ros2/mypalletizer_260/mypalletizer_260) by extension 'ignore'
[0.262s] Level 1:colcon.colcon_core.package_identification:_identify(src/mycobot_ros2/mypalletizer_260/mypalletizer_260) by extension 'ignore_ament_install'
[0.262s] Level 1:colcon.colcon_core.package_identification:_identify(src/mycobot_ros2/mypalletizer_260/mypalletizer_260) by extensions ['colcon_pkg']
[0.262s] Level 1:colcon.colcon_core.package_identification:_identify(src/mycobot_ros2/mypalletizer_260/mypalletizer_260) by extension 'colcon_pkg'
[0.262s] Level 1:colcon.colcon_core.package_identification:_identify(src/mycobot_ros2/mypalletizer_260/mypalletizer_260) by extensions ['colcon_meta']
[0.262s] Level 1:colcon.colcon_core.package_identification:_identify(src/mycobot_ros2/mypalletizer_260/mypalletizer_260) by extension 'colcon_meta'
[0.262s] Level 1:colcon.colcon_core.package_identification:_identify(src/mycobot_ros2/mypalletizer_260/mypalletizer_260) by extensions ['ros']
[0.262s] Level 1:colcon.colcon_core.package_identification:_identify(src/mycobot_ros2/mypalletizer_260/mypalletizer_260) by extension 'ros'
[0.263s] DEBUG:colcon.colcon_core.package_identification:Package 'src/mycobot_ros2/mypalletizer_260/mypalletizer_260' with type 'ros.ament_python' and name 'mypalletizer_260'
[0.263s] Level 1:colcon.colcon_core.package_identification:_identify(src/mycobot_ros2/mypalletizer_260/mypalletizer_260_pi) by extensions ['ignore', 'ignore_ament_install']
[0.263s] Level 1:colcon.colcon_core.package_identification:_identify(src/mycobot_ros2/mypalletizer_260/mypalletizer_260_pi) by extension 'ignore'
[0.263s] Level 1:colcon.colcon_core.package_identification:_identify(src/mycobot_ros2/mypalletizer_260/mypalletizer_260_pi) by extension 'ignore_ament_install'
[0.263s] Level 1:colcon.colcon_core.package_identification:_identify(src/mycobot_ros2/mypalletizer_260/mypalletizer_260_pi) by extensions ['colcon_pkg']
[0.263s] Level 1:colcon.colcon_core.package_identification:_identify(src/mycobot_ros2/mypalletizer_260/mypalletizer_260_pi) by extension 'colcon_pkg'
[0.263s] Level 1:colcon.colcon_core.package_identification:_identify(src/mycobot_ros2/mypalletizer_260/mypalletizer_260_pi) by extensions ['colcon_meta']
[0.263s] Level 1:colcon.colcon_core.package_identification:_identify(src/mycobot_ros2/mypalletizer_260/mypalletizer_260_pi) by extension 'colcon_meta'
[0.263s] Level 1:colcon.colcon_core.package_identification:_identify(src/mycobot_ros2/mypalletizer_260/mypalletizer_260_pi) by extensions ['ros']
[0.263s] Level 1:colcon.colcon_core.package_identification:_identify(src/mycobot_ros2/mypalletizer_260/mypalletizer_260_pi) by extension 'ros'
[0.263s] DEBUG:colcon.colcon_core.package_identification:Package 'src/mycobot_ros2/mypalletizer_260/mypalletizer_260_pi' with type 'ros.ament_python' and name 'mypalletizer_260_pi'
[0.263s] Level 1:colcon.colcon_core.package_identification:_identify(src/mycobot_ros2/mypalletizer_260/mypalletizer_communication) by extensions ['ignore', 'ignore_ament_install']
[0.263s] Level 1:colcon.colcon_core.package_identification:_identify(src/mycobot_ros2/mypalletizer_260/mypalletizer_communication) by extension 'ignore'
[0.263s] Level 1:colcon.colcon_core.package_identification:_identify(src/mycobot_ros2/mypalletizer_260/mypalletizer_communication) by extension 'ignore_ament_install'
[0.263s] Level 1:colcon.colcon_core.package_identification:_identify(src/mycobot_ros2/mypalletizer_260/mypalletizer_communication) by extensions ['colcon_pkg']
[0.263s] Level 1:colcon.colcon_core.package_identification:_identify(src/mycobot_ros2/mypalletizer_260/mypalletizer_communication) by extension 'colcon_pkg'
[0.263s] Level 1:colcon.colcon_core.package_identification:_identify(src/mycobot_ros2/mypalletizer_260/mypalletizer_communication) by extensions ['colcon_meta']
[0.263s] Level 1:colcon.colcon_core.package_identification:_identify(src/mycobot_ros2/mypalletizer_260/mypalletizer_communication) by extension 'colcon_meta'
[0.263s] Level 1:colcon.colcon_core.package_identification:_identify(src/mycobot_ros2/mypalletizer_260/mypalletizer_communication) by extensions ['ros']
[0.263s] Level 1:colcon.colcon_core.package_identification:_identify(src/mycobot_ros2/mypalletizer_260/mypalletizer_communication) by extension 'ros'
[0.264s] DEBUG:colcon.colcon_core.package_identification:Package 'src/mycobot_ros2/mypalletizer_260/mypalletizer_communication' with type 'ros.ament_python' and name 'mypalletizer_communication'
[0.264s] Level 1:colcon.colcon_core.package_identification:_identify(src/mycobot_ros2/mypalletizer_260/mypalletizer_interfaces) by extensions ['ignore', 'ignore_ament_install']
[0.264s] Level 1:colcon.colcon_core.package_identification:_identify(src/mycobot_ros2/mypalletizer_260/mypalletizer_interfaces) by extension 'ignore'
[0.264s] Level 1:colcon.colcon_core.package_identification:_identify(src/mycobot_ros2/mypalletizer_260/mypalletizer_interfaces) by extension 'ignore_ament_install'
[0.264s] Level 1:colcon.colcon_core.package_identification:_identify(src/mycobot_ros2/mypalletizer_260/mypalletizer_interfaces) by extensions ['colcon_pkg']
[0.264s] Level 1:colcon.colcon_core.package_identification:_identify(src/mycobot_ros2/mypalletizer_260/mypalletizer_interfaces) by extension 'colcon_pkg'
[0.264s] Level 1:colcon.colcon_core.package_identification:_identify(src/mycobot_ros2/mypalletizer_260/mypalletizer_interfaces) by extensions ['colcon_meta']
[0.264s] Level 1:colcon.colcon_core.package_identification:_identify(src/mycobot_ros2/mypalletizer_260/mypalletizer_interfaces) by extension 'colcon_meta'
[0.264s] Level 1:colcon.colcon_core.package_identification:_identify(src/mycobot_ros2/mypalletizer_260/mypalletizer_interfaces) by extensions ['ros']
[0.264s] Level 1:colcon.colcon_core.package_identification:_identify(src/mycobot_ros2/mypalletizer_260/mypalletizer_interfaces) by extension 'ros'
[0.264s] DEBUG:colcon.colcon_core.package_identification:Package 'src/mycobot_ros2/mypalletizer_260/mypalletizer_interfaces' with type 'ros.ament_cmake' and name 'mypalletizer_interfaces'
[0.264s] Level 1:colcon.colcon_core.package_identification:_identify(src/mycobot_ros2/ultraArm) by extensions ['ignore', 'ignore_ament_install']
[0.264s] Level 1:colcon.colcon_core.package_identification:_identify(src/mycobot_ros2/ultraArm) by extension 'ignore'
[0.264s] Level 1:colcon.colcon_core.package_identification:_identify(src/mycobot_ros2/ultraArm) by extension 'ignore_ament_install'
[0.264s] Level 1:colcon.colcon_core.package_identification:_identify(src/mycobot_ros2/ultraArm) by extensions ['colcon_pkg']
[0.264s] Level 1:colcon.colcon_core.package_identification:_identify(src/mycobot_ros2/ultraArm) by extension 'colcon_pkg'
[0.265s] Level 1:colcon.colcon_core.package_identification:_identify(src/mycobot_ros2/ultraArm) by extensions ['colcon_meta']
[0.265s] Level 1:colcon.colcon_core.package_identification:_identify(src/mycobot_ros2/ultraArm) by extension 'colcon_meta'
[0.265s] Level 1:colcon.colcon_core.package_identification:_identify(src/mycobot_ros2/ultraArm) by extensions ['ros']
[0.265s] Level 1:colcon.colcon_core.package_identification:_identify(src/mycobot_ros2/ultraArm) by extension 'ros'
[0.265s] Level 1:colcon.colcon_core.package_identification:_identify(src/mycobot_ros2/ultraArm) by extensions ['cmake', 'python']
[0.265s] Level 1:colcon.colcon_core.package_identification:_identify(src/mycobot_ros2/ultraArm) by extension 'cmake'
[0.265s] Level 1:colcon.colcon_core.package_identification:_identify(src/mycobot_ros2/ultraArm) by extension 'python'
[0.265s] Level 1:colcon.colcon_core.package_identification:_identify(src/mycobot_ros2/ultraArm) by extensions ['python_setup_py']
[0.265s] Level 1:colcon.colcon_core.package_identification:_identify(src/mycobot_ros2/ultraArm) by extension 'python_setup_py'
[0.265s] Level 1:colcon.colcon_core.package_identification:_identify(src/mycobot_ros2/ultraArm/ultraArm_Testtool) by extensions ['ignore', 'ignore_ament_install']
[0.265s] Level 1:colcon.colcon_core.package_identification:_identify(src/mycobot_ros2/ultraArm/ultraArm_Testtool) by extension 'ignore'
[0.265s] Level 1:colcon.colcon_core.package_identification:_identify(src/mycobot_ros2/ultraArm/ultraArm_Testtool) by extension 'ignore_ament_install'
[0.265s] Level 1:colcon.colcon_core.package_identification:_identify(src/mycobot_ros2/ultraArm/ultraArm_Testtool) by extensions ['colcon_pkg']
[0.265s] Level 1:colcon.colcon_core.package_identification:_identify(src/mycobot_ros2/ultraArm/ultraArm_Testtool) by extension 'colcon_pkg'
[0.265s] Level 1:colcon.colcon_core.package_identification:_identify(src/mycobot_ros2/ultraArm/ultraArm_Testtool) by extensions ['colcon_meta']
[0.265s] Level 1:colcon.colcon_core.package_identification:_identify(src/mycobot_ros2/ultraArm/ultraArm_Testtool) by extension 'colcon_meta'
[0.265s] Level 1:colcon.colcon_core.package_identification:_identify(src/mycobot_ros2/ultraArm/ultraArm_Testtool) by extensions ['ros']
[0.265s] Level 1:colcon.colcon_core.package_identification:_identify(src/mycobot_ros2/ultraArm/ultraArm_Testtool) by extension 'ros'
[0.265s] Level 1:colcon.colcon_core.package_identification:_identify(src/mycobot_ros2/ultraArm/ultraArm_Testtool) by extensions ['cmake', 'python']
[0.265s] Level 1:colcon.colcon_core.package_identification:_identify(src/mycobot_ros2/ultraArm/ultraArm_Testtool) by extension 'cmake'
[0.265s] Level 1:colcon.colcon_core.package_identification:_identify(src/mycobot_ros2/ultraArm/ultraArm_Testtool) by extension 'python'
[0.265s] Level 1:colcon.colcon_core.package_identification:_identify(src/mycobot_ros2/ultraArm/ultraArm_Testtool) by extensions ['python_setup_py']
[0.265s] Level 1:colcon.colcon_core.package_identification:_identify(src/mycobot_ros2/ultraArm/ultraArm_Testtool) by extension 'python_setup_py'
[0.265s] Level 1:colcon.colcon_core.package_identification:_identify(src/mycobot_ros2/ultraArm/ultraArm_Testtool/__pycache__) by extensions ['ignore', 'ignore_ament_install']
[0.265s] Level 1:colcon.colcon_core.package_identification:_identify(src/mycobot_ros2/ultraArm/ultraArm_Testtool/__pycache__) by extension 'ignore'
[0.265s] Level 1:colcon.colcon_core.package_identification:_identify(src/mycobot_ros2/ultraArm/ultraArm_Testtool/__pycache__) by extension 'ignore_ament_install'
[0.265s] Level 1:colcon.colcon_core.package_identification:_identify(src/mycobot_ros2/ultraArm/ultraArm_Testtool/__pycache__) by extensions ['colcon_pkg']
[0.265s] Level 1:colcon.colcon_core.package_identification:_identify(src/mycobot_ros2/ultraArm/ultraArm_Testtool/__pycache__) by extension 'colcon_pkg'
[0.265s] Level 1:colcon.colcon_core.package_identification:_identify(src/mycobot_ros2/ultraArm/ultraArm_Testtool/__pycache__) by extensions ['colcon_meta']
[0.265s] Level 1:colcon.colcon_core.package_identification:_identify(src/mycobot_ros2/ultraArm/ultraArm_Testtool/__pycache__) by extension 'colcon_meta'
[0.265s] Level 1:colcon.colcon_core.package_identification:_identify(src/mycobot_ros2/ultraArm/ultraArm_Testtool/__pycache__) by extensions ['ros']
[0.265s] Level 1:colcon.colcon_core.package_identification:_identify(src/mycobot_ros2/ultraArm/ultraArm_Testtool/__pycache__) by extension 'ros'
[0.265s] Level 1:colcon.colcon_core.package_identification:_identify(src/mycobot_ros2/ultraArm/ultraArm_Testtool/__pycache__) by extensions ['cmake', 'python']
[0.265s] Level 1:colcon.colcon_core.package_identification:_identify(src/mycobot_ros2/ultraArm/ultraArm_Testtool/__pycache__) by extension 'cmake'
[0.265s] Level 1:colcon.colcon_core.package_identification:_identify(src/mycobot_ros2/ultraArm/ultraArm_Testtool/__pycache__) by extension 'python'
[0.265s] Level 1:colcon.colcon_core.package_identification:_identify(src/mycobot_ros2/ultraArm/ultraArm_Testtool/__pycache__) by extensions ['python_setup_py']
[0.265s] Level 1:colcon.colcon_core.package_identification:_identify(src/mycobot_ros2/ultraArm/ultraArm_Testtool/__pycache__) by extension 'python_setup_py'
[0.265s] Level 1:colcon.colcon_core.package_identification:_identify(src/mycobot_ros2/ultraArm/ultraarm) by extensions ['ignore', 'ignore_ament_install']
[0.265s] Level 1:colcon.colcon_core.package_identification:_identify(src/mycobot_ros2/ultraArm/ultraarm) by extension 'ignore'
[0.265s] Level 1:colcon.colcon_core.package_identification:_identify(src/mycobot_ros2/ultraArm/ultraarm) by extension 'ignore_ament_install'
[0.265s] Level 1:colcon.colcon_core.package_identification:_identify(src/mycobot_ros2/ultraArm/ultraarm) by extensions ['colcon_pkg']
[0.265s] Level 1:colcon.colcon_core.package_identification:_identify(src/mycobot_ros2/ultraArm/ultraarm) by extension 'colcon_pkg'
[0.265s] Level 1:colcon.colcon_core.package_identification:_identify(src/mycobot_ros2/ultraArm/ultraarm) by extensions ['colcon_meta']
[0.265s] Level 1:colcon.colcon_core.package_identification:_identify(src/mycobot_ros2/ultraArm/ultraarm) by extension 'colcon_meta'
[0.265s] Level 1:colcon.colcon_core.package_identification:_identify(src/mycobot_ros2/ultraArm/ultraarm) by extensions ['ros']
[0.266s] Level 1:colcon.colcon_core.package_identification:_identify(src/mycobot_ros2/ultraArm/ultraarm) by extension 'ros'
[0.266s] DEBUG:colcon.colcon_core.package_identification:Package 'src/mycobot_ros2/ultraArm/ultraarm' with type 'ros.ament_python' and name 'ultraarm'
[0.266s] Level 1:colcon.colcon_core.package_identification:_identify(src/traj_scripts) by extensions ['ignore', 'ignore_ament_install']
[0.266s] Level 1:colcon.colcon_core.package_identification:_identify(src/traj_scripts) by extension 'ignore'
[0.266s] Level 1:colcon.colcon_core.package_identification:_identify(src/traj_scripts) by extension 'ignore_ament_install'
[0.266s] Level 1:colcon.colcon_core.package_identification:_identify(src/traj_scripts) by extensions ['colcon_pkg']
[0.266s] Level 1:colcon.colcon_core.package_identification:_identify(src/traj_scripts) by extension 'colcon_pkg'
[0.266s] Level 1:colcon.colcon_core.package_identification:_identify(src/traj_scripts) by extensions ['colcon_meta']
[0.266s] Level 1:colcon.colcon_core.package_identification:_identify(src/traj_scripts) by extension 'colcon_meta'
[0.266s] Level 1:colcon.colcon_core.package_identification:_identify(src/traj_scripts) by extensions ['ros']
[0.266s] Level 1:colcon.colcon_core.package_identification:_identify(src/traj_scripts) by extension 'ros'
[0.267s] DEBUG:colcon.colcon_core.package_identification:Package 'src/traj_scripts' with type 'ros.ament_cmake' and name 'traj_scripts'
[0.267s] Level 1:colcon.colcon_core.package_discovery:discover_packages(recursive) using defaults
[0.267s] Level 1:colcon.colcon_core.package_discovery:discover_packages(ignore) discover
[0.267s] Level 1:colcon.colcon_core.package_discovery:discover_packages(ignore) using defaults
[0.267s] Level 1:colcon.colcon_core.package_discovery:discover_packages(path) discover
[0.267s] Level 1:colcon.colcon_core.package_discovery:discover_packages(path) using defaults
[0.292s] Level 1:colcon.colcon_core.package_discovery:discover_packages(prefix_path) check parameters
[0.292s] Level 1:colcon.colcon_core.package_discovery:discover_packages(prefix_path) discover
[0.294s] DEBUG:colcon.colcon_installed_package_information.package_discovery:Found 33 installed packages in /home/robotics/ros2_cobot/install
[0.295s] DEBUG:colcon.colcon_installed_package_information.package_discovery:Found 388 installed packages in /opt/ros/humble
[0.296s] Level 1:colcon.colcon_core.package_discovery:discover_packages(prefix_path) using defaults
[0.331s] Level 5:colcon.colcon_core.verb:set package 'mecharm_interfaces' build argument 'cmake_args' from command line to 'None'
[0.331s] Level 5:colcon.colcon_core.verb:set package 'mecharm_interfaces' build argument 'cmake_target' from command line to 'None'
[0.331s] Level 5:colcon.colcon_core.verb:set package 'mecharm_interfaces' build argument 'cmake_target_skip_unavailable' from command line to 'False'
[0.331s] Level 5:colcon.colcon_core.verb:set package 'mecharm_interfaces' build argument 'cmake_clean_cache' from command line to 'False'
[0.331s] Level 5:colcon.colcon_core.verb:set package 'mecharm_interfaces' build argument 'cmake_clean_first' from command line to 'False'
[0.331s] Level 5:colcon.colcon_core.verb:set package 'mecharm_interfaces' build argument 'cmake_force_configure' from command line to 'False'
[0.331s] Level 5:colcon.colcon_core.verb:set package 'mecharm_interfaces' build argument 'ament_cmake_args' from command line to 'None'
[0.331s] Level 5:colcon.colcon_core.verb:set package 'mecharm_interfaces' build argument 'catkin_cmake_args' from command line to 'None'
[0.331s] Level 5:colcon.colcon_core.verb:set package 'mecharm_interfaces' build argument 'catkin_skip_building_tests' from command line to 'False'
[0.331s] DEBUG:colcon.colcon_core.verb:Building package 'mecharm_interfaces' with the following arguments: {'ament_cmake_args': None, 'build_base': '/home/robotics/ros2_cobot/build/mecharm_interfaces', 'catkin_cmake_args': None, 'catkin_skip_building_tests': False, 'cmake_args': None, 'cmake_clean_cache': False, 'cmake_clean_first': False, 'cmake_force_configure': False, 'cmake_target': None, 'cmake_target_skip_unavailable': False, 'install_base': '/home/robotics/ros2_cobot/install/mecharm_interfaces', 'merge_install': False, 'path': '/home/robotics/ros2_cobot/src/mycobot_ros2/mecharm/mecharm_interfaces', 'symlink_install': False, 'test_result_base': None}
[0.332s] Level 5:colcon.colcon_core.verb:set package 'mycobot_description' build argument 'cmake_args' from command line to 'None'
[0.332s] Level 5:colcon.colcon_core.verb:set package 'mycobot_description' build argument 'cmake_target' from command line to 'None'
[0.332s] Level 5:colcon.colcon_core.verb:set package 'mycobot_description' build argument 'cmake_target_skip_unavailable' from command line to 'False'
[0.332s] Level 5:colcon.colcon_core.verb:set package 'mycobot_description' build argument 'cmake_clean_cache' from command line to 'False'
[0.332s] Level 5:colcon.colcon_core.verb:set package 'mycobot_description' build argument 'cmake_clean_first' from command line to 'False'
[0.332s] Level 5:colcon.colcon_core.verb:set package 'mycobot_description' build argument 'cmake_force_configure' from command line to 'False'
[0.332s] Level 5:colcon.colcon_core.verb:set package 'mycobot_description' build argument 'ament_cmake_args' from command line to 'None'
[0.332s] Level 5:colcon.colcon_core.verb:set package 'mycobot_description' build argument 'catkin_cmake_args' from command line to 'None'
[0.332s] Level 5:colcon.colcon_core.verb:set package 'mycobot_description' build argument 'catkin_skip_building_tests' from command line to 'False'
[0.332s] DEBUG:colcon.colcon_core.verb:Building package 'mycobot_description' with the following arguments: {'ament_cmake_args': None, 'build_base': '/home/robotics/ros2_cobot/build/mycobot_description', 'catkin_cmake_args': None, 'catkin_skip_building_tests': False, 'cmake_args': None, 'cmake_clean_cache': False, 'cmake_clean_first': False, 'cmake_force_configure': False, 'cmake_target': None, 'cmake_target_skip_unavailable': False, 'install_base': '/home/robotics/ros2_cobot/install/mycobot_description', 'merge_install': False, 'path': '/home/robotics/ros2_cobot/src/mycobot_ros2/mycobot_description', 'symlink_install': False, 'test_result_base': None}
[0.332s] Level 5:colcon.colcon_core.verb:set package 'mycobot_interfaces' build argument 'cmake_args' from command line to 'None'
[0.332s] Level 5:colcon.colcon_core.verb:set package 'mycobot_interfaces' build argument 'cmake_target' from command line to 'None'
[0.332s] Level 5:colcon.colcon_core.verb:set package 'mycobot_interfaces' build argument 'cmake_target_skip_unavailable' from command line to 'False'
[0.332s] Level 5:colcon.colcon_core.verb:set package 'mycobot_interfaces' build argument 'cmake_clean_cache' from command line to 'False'
[0.332s] Level 5:colcon.colcon_core.verb:set package 'mycobot_interfaces' build argument 'cmake_clean_first' from command line to 'False'
[0.332s] Level 5:colcon.colcon_core.verb:set package 'mycobot_interfaces' build argument 'cmake_force_configure' from command line to 'False'
[0.332s] Level 5:colcon.colcon_core.verb:set package 'mycobot_interfaces' build argument 'ament_cmake_args' from command line to 'None'
[0.332s] Level 5:colcon.colcon_core.verb:set package 'mycobot_interfaces' build argument 'catkin_cmake_args' from command line to 'None'
[0.332s] Level 5:colcon.colcon_core.verb:set package 'mycobot_interfaces' build argument 'catkin_skip_building_tests' from command line to 'False'
[0.332s] DEBUG:colcon.colcon_core.verb:Building package 'mycobot_interfaces' with the following arguments: {'ament_cmake_args': None, 'build_base': '/home/robotics/ros2_cobot/build/mycobot_interfaces', 'catkin_cmake_args': None, 'catkin_skip_building_tests': False, 'cmake_args': None, 'cmake_clean_cache': False, 'cmake_clean_first': False, 'cmake_force_configure': False, 'cmake_target': None, 'cmake_target_skip_unavailable': False, 'install_base': '/home/robotics/ros2_cobot/install/mycobot_interfaces', 'merge_install': False, 'path': '/home/robotics/ros2_cobot/src/mycobot_ros2/mycobot_280/mycobot_interfaces', 'symlink_install': False, 'test_result_base': None}
[0.332s] Level 5:colcon.colcon_core.verb:set package 'mypalletizer_interfaces' build argument 'cmake_args' from command line to 'None'
[0.332s] Level 5:colcon.colcon_core.verb:set package 'mypalletizer_interfaces' build argument 'cmake_target' from command line to 'None'
[0.332s] Level 5:colcon.colcon_core.verb:set package 'mypalletizer_interfaces' build argument 'cmake_target_skip_unavailable' from command line to 'False'
[0.332s] Level 5:colcon.colcon_core.verb:set package 'mypalletizer_interfaces' build argument 'cmake_clean_cache' from command line to 'False'
[0.332s] Level 5:colcon.colcon_core.verb:set package 'mypalletizer_interfaces' build argument 'cmake_clean_first' from command line to 'False'
[0.332s] Level 5:colcon.colcon_core.verb:set package 'mypalletizer_interfaces' build argument 'cmake_force_configure' from command line to 'False'
[0.332s] Level 5:colcon.colcon_core.verb:set package 'mypalletizer_interfaces' build argument 'ament_cmake_args' from command line to 'None'
[0.332s] Level 5:colcon.colcon_core.verb:set package 'mypalletizer_interfaces' build argument 'catkin_cmake_args' from command line to 'None'
[0.332s] Level 5:colcon.colcon_core.verb:set package 'mypalletizer_interfaces' build argument 'catkin_skip_building_tests' from command line to 'False'
[0.332s] DEBUG:colcon.colcon_core.verb:Building package 'mypalletizer_interfaces' with the following arguments: {'ament_cmake_args': None, 'build_base': '/home/robotics/ros2_cobot/build/mypalletizer_interfaces', 'catkin_cmake_args': None, 'catkin_skip_building_tests': False, 'cmake_args': None, 'cmake_clean_cache': False, 'cmake_clean_first': False, 'cmake_force_configure': False, 'cmake_target': None, 'cmake_target_skip_unavailable': False, 'install_base': '/home/robotics/ros2_cobot/install/mypalletizer_interfaces', 'merge_install': False, 'path': '/home/robotics/ros2_cobot/src/mycobot_ros2/mypalletizer_260/mypalletizer_interfaces', 'symlink_install': False, 'test_result_base': None}
[0.333s] Level 5:colcon.colcon_core.verb:set package 'traj_scripts' build argument 'cmake_args' from command line to 'None'
[0.333s] Level 5:colcon.colcon_core.verb:set package 'traj_scripts' build argument 'cmake_target' from command line to 'None'
[0.333s] Level 5:colcon.colcon_core.verb:set package 'traj_scripts' build argument 'cmake_target_skip_unavailable' from command line to 'False'
[0.333s] Level 5:colcon.colcon_core.verb:set package 'traj_scripts' build argument 'cmake_clean_cache' from command line to 'False'
[0.333s] Level 5:colcon.colcon_core.verb:set package 'traj_scripts' build argument 'cmake_clean_first' from command line to 'False'
[0.333s] Level 5:colcon.colcon_core.verb:set package 'traj_scripts' build argument 'cmake_force_configure' from command line to 'False'
[0.333s] Level 5:colcon.colcon_core.verb:set package 'traj_scripts' build argument 'ament_cmake_args' from command line to 'None'
[0.333s] Level 5:colcon.colcon_core.verb:set package 'traj_scripts' build argument 'catkin_cmake_args' from command line to 'None'
[0.333s] Level 5:colcon.colcon_core.verb:set package 'traj_scripts' build argument 'catkin_skip_building_tests' from command line to 'False'
[0.333s] DEBUG:colcon.colcon_core.verb:Building package 'traj_scripts' with the following arguments: {'ament_cmake_args': None, 'build_base': '/home/robotics/ros2_cobot/build/traj_scripts', 'catkin_cmake_args': None, 'catkin_skip_building_tests': False, 'cmake_args': None, 'cmake_clean_cache': False, 'cmake_clean_first': False, 'cmake_force_configure': False, 'cmake_target': None, 'cmake_target_skip_unavailable': False, 'install_base': '/home/robotics/ros2_cobot/install/traj_scripts', 'merge_install': False, 'path': '/home/robotics/ros2_cobot/src/traj_scripts', 'symlink_install': False, 'test_result_base': None}
[0.333s] Level 5:colcon.colcon_core.verb:set package 'mecharm' build argument 'cmake_args' from command line to 'None'
[0.333s] Level 5:colcon.colcon_core.verb:set package 'mecharm' build argument 'cmake_target' from command line to 'None'
[0.333s] Level 5:colcon.colcon_core.verb:set package 'mecharm' build argument 'cmake_target_skip_unavailable' from command line to 'False'
[0.333s] Level 5:colcon.colcon_core.verb:set package 'mecharm' build argument 'cmake_clean_cache' from command line to 'False'
[0.333s] Level 5:colcon.colcon_core.verb:set package 'mecharm' build argument 'cmake_clean_first' from command line to 'False'
[0.333s] Level 5:colcon.colcon_core.verb:set package 'mecharm' build argument 'cmake_force_configure' from command line to 'False'
[0.333s] Level 5:colcon.colcon_core.verb:set package 'mecharm' build argument 'ament_cmake_args' from command line to 'None'
[0.333s] Level 5:colcon.colcon_core.verb:set package 'mecharm' build argument 'catkin_cmake_args' from command line to 'None'
[0.333s] Level 5:colcon.colcon_core.verb:set package 'mecharm' build argument 'catkin_skip_building_tests' from command line to 'False'
[0.333s] DEBUG:colcon.colcon_core.verb:Building package 'mecharm' with the following arguments: {'ament_cmake_args': None, 'build_base': '/home/robotics/ros2_cobot/build/mecharm', 'catkin_cmake_args': None, 'catkin_skip_building_tests': False, 'cmake_args': None, 'cmake_clean_cache': False, 'cmake_clean_first': False, 'cmake_force_configure': False, 'cmake_target': None, 'cmake_target_skip_unavailable': False, 'install_base': '/home/robotics/ros2_cobot/install/mecharm', 'merge_install': False, 'path': '/home/robotics/ros2_cobot/src/mycobot_ros2/mecharm/mecharm', 'symlink_install': False, 'test_result_base': None}
[0.333s] Level 5:colcon.colcon_core.verb:set package 'mecharm_communication' build argument 'cmake_args' from command line to 'None'
[0.333s] Level 5:colcon.colcon_core.verb:set package 'mecharm_communication' build argument 'cmake_target' from command line to 'None'
[0.333s] Level 5:colcon.colcon_core.verb:set package 'mecharm_communication' build argument 'cmake_target_skip_unavailable' from command line to 'False'
[0.333s] Level 5:colcon.colcon_core.verb:set package 'mecharm_communication' build argument 'cmake_clean_cache' from command line to 'False'
[0.333s] Level 5:colcon.colcon_core.verb:set package 'mecharm_communication' build argument 'cmake_clean_first' from command line to 'False'
[0.333s] Level 5:colcon.colcon_core.verb:set package 'mecharm_communication' build argument 'cmake_force_configure' from command line to 'False'
[0.333s] Level 5:colcon.colcon_core.verb:set package 'mecharm_communication' build argument 'ament_cmake_args' from command line to 'None'
[0.333s] Level 5:colcon.colcon_core.verb:set package 'mecharm_communication' build argument 'catkin_cmake_args' from command line to 'None'
[0.333s] Level 5:colcon.colcon_core.verb:set package 'mecharm_communication' build argument 'catkin_skip_building_tests' from command line to 'False'
[0.333s] DEBUG:colcon.colcon_core.verb:Building package 'mecharm_communication' with the following arguments: {'ament_cmake_args': None, 'build_base': '/home/robotics/ros2_cobot/build/mecharm_communication', 'catkin_cmake_args': None, 'catkin_skip_building_tests': False, 'cmake_args': None, 'cmake_clean_cache': False, 'cmake_clean_first': False, 'cmake_force_configure': False, 'cmake_target': None, 'cmake_target_skip_unavailable': False, 'install_base': '/home/robotics/ros2_cobot/install/mecharm_communication', 'merge_install': False, 'path': '/home/robotics/ros2_cobot/src/mycobot_ros2/mecharm/mecharm_communication', 'symlink_install': False, 'test_result_base': None}
[0.333s] Level 5:colcon.colcon_core.verb:set package 'mecharm_pi' build argument 'cmake_args' from command line to 'None'
[0.333s] Level 5:colcon.colcon_core.verb:set package 'mecharm_pi' build argument 'cmake_target' from command line to 'None'
[0.333s] Level 5:colcon.colcon_core.verb:set package 'mecharm_pi' build argument 'cmake_target_skip_unavailable' from command line to 'False'
[0.333s] Level 5:colcon.colcon_core.verb:set package 'mecharm_pi' build argument 'cmake_clean_cache' from command line to 'False'
[0.333s] Level 5:colcon.colcon_core.verb:set package 'mecharm_pi' build argument 'cmake_clean_first' from command line to 'False'
[0.333s] Level 5:colcon.colcon_core.verb:set package 'mecharm_pi' build argument 'cmake_force_configure' from command line to 'False'
[0.333s] Level 5:colcon.colcon_core.verb:set package 'mecharm_pi' build argument 'ament_cmake_args' from command line to 'None'
[0.333s] Level 5:colcon.colcon_core.verb:set package 'mecharm_pi' build argument 'catkin_cmake_args' from command line to 'None'
[0.334s] Level 5:colcon.colcon_core.verb:set package 'mecharm_pi' build argument 'catkin_skip_building_tests' from command line to 'False'
[0.334s] DEBUG:colcon.colcon_core.verb:Building package 'mecharm_pi' with the following arguments: {'ament_cmake_args': None, 'build_base': '/home/robotics/ros2_cobot/build/mecharm_pi', 'catkin_cmake_args': None, 'catkin_skip_building_tests': False, 'cmake_args': None, 'cmake_clean_cache': False, 'cmake_clean_first': False, 'cmake_force_configure': False, 'cmake_target': None, 'cmake_target_skip_unavailable': False, 'install_base': '/home/robotics/ros2_cobot/install/mecharm_pi', 'merge_install': False, 'path': '/home/robotics/ros2_cobot/src/mycobot_ros2/mecharm/mecharm_pi', 'symlink_install': False, 'test_result_base': None}
[0.334s] Level 5:colcon.colcon_core.verb:set package 'myarm_300' build argument 'cmake_args' from command line to 'None'
[0.334s] Level 5:colcon.colcon_core.verb:set package 'myarm_300' build argument 'cmake_target' from command line to 'None'
[0.334s] Level 5:colcon.colcon_core.verb:set package 'myarm_300' build argument 'cmake_target_skip_unavailable' from command line to 'False'
[0.334s] Level 5:colcon.colcon_core.verb:set package 'myarm_300' build argument 'cmake_clean_cache' from command line to 'False'
[0.334s] Level 5:colcon.colcon_core.verb:set package 'myarm_300' build argument 'cmake_clean_first' from command line to 'False'
[0.334s] Level 5:colcon.colcon_core.verb:set package 'myarm_300' build argument 'cmake_force_configure' from command line to 'False'
[0.334s] Level 5:colcon.colcon_core.verb:set package 'myarm_300' build argument 'ament_cmake_args' from command line to 'None'
[0.334s] Level 5:colcon.colcon_core.verb:set package 'myarm_300' build argument 'catkin_cmake_args' from command line to 'None'
[0.334s] Level 5:colcon.colcon_core.verb:set package 'myarm_300' build argument 'catkin_skip_building_tests' from command line to 'False'
[0.334s] DEBUG:colcon.colcon_core.verb:Building package 'myarm_300' with the following arguments: {'ament_cmake_args': None, 'build_base': '/home/robotics/ros2_cobot/build/myarm_300', 'catkin_cmake_args': None, 'catkin_skip_building_tests': False, 'cmake_args': None, 'cmake_clean_cache': False, 'cmake_clean_first': False, 'cmake_force_configure': False, 'cmake_target': None, 'cmake_target_skip_unavailable': False, 'install_base': '/home/robotics/ros2_cobot/install/myarm_300', 'merge_install': False, 'path': '/home/robotics/ros2_cobot/src/mycobot_ros2/myArm/myarm_300', 'symlink_install': False, 'test_result_base': None}
[0.334s] Level 5:colcon.colcon_core.verb:set package 'mybuddy' build argument 'cmake_args' from command line to 'None'
[0.334s] Level 5:colcon.colcon_core.verb:set package 'mybuddy' build argument 'cmake_target' from command line to 'None'
[0.334s] Level 5:colcon.colcon_core.verb:set package 'mybuddy' build argument 'cmake_target_skip_unavailable' from command line to 'False'
[0.334s] Level 5:colcon.colcon_core.verb:set package 'mybuddy' build argument 'cmake_clean_cache' from command line to 'False'
[0.334s] Level 5:colcon.colcon_core.verb:set package 'mybuddy' build argument 'cmake_clean_first' from command line to 'False'
[0.334s] Level 5:colcon.colcon_core.verb:set package 'mybuddy' build argument 'cmake_force_configure' from command line to 'False'
[0.334s] Level 5:colcon.colcon_core.verb:set package 'mybuddy' build argument 'ament_cmake_args' from command line to 'None'
[0.334s] Level 5:colcon.colcon_core.verb:set package 'mybuddy' build argument 'catkin_cmake_args' from command line to 'None'
[0.334s] Level 5:colcon.colcon_core.verb:set package 'mybuddy' build argument 'catkin_skip_building_tests' from command line to 'False'
[0.334s] DEBUG:colcon.colcon_core.verb:Building package 'mybuddy' with the following arguments: {'ament_cmake_args': None, 'build_base': '/home/robotics/ros2_cobot/build/mybuddy', 'catkin_cmake_args': None, 'catkin_skip_building_tests': False, 'cmake_args': None, 'cmake_clean_cache': False, 'cmake_clean_first': False, 'cmake_force_configure': False, 'cmake_target': None, 'cmake_target_skip_unavailable': False, 'install_base': '/home/robotics/ros2_cobot/install/mybuddy', 'merge_install': False, 'path': '/home/robotics/ros2_cobot/src/mycobot_ros2/Mybuddy/mybuddy', 'symlink_install': False, 'test_result_base': None}
[0.334s] Level 5:colcon.colcon_core.verb:set package 'mycobot_280' build argument 'cmake_args' from command line to 'None'
[0.334s] Level 5:colcon.colcon_core.verb:set package 'mycobot_280' build argument 'cmake_target' from command line to 'None'
[0.334s] Level 5:colcon.colcon_core.verb:set package 'mycobot_280' build argument 'cmake_target_skip_unavailable' from command line to 'False'
[0.334s] Level 5:colcon.colcon_core.verb:set package 'mycobot_280' build argument 'cmake_clean_cache' from command line to 'False'
[0.334s] Level 5:colcon.colcon_core.verb:set package 'mycobot_280' build argument 'cmake_clean_first' from command line to 'False'
[0.334s] Level 5:colcon.colcon_core.verb:set package 'mycobot_280' build argument 'cmake_force_configure' from command line to 'False'
[0.334s] Level 5:colcon.colcon_core.verb:set package 'mycobot_280' build argument 'ament_cmake_args' from command line to 'None'
[0.334s] Level 5:colcon.colcon_core.verb:set package 'mycobot_280' build argument 'catkin_cmake_args' from command line to 'None'
[0.334s] Level 5:colcon.colcon_core.verb:set package 'mycobot_280' build argument 'catkin_skip_building_tests' from command line to 'False'
[0.334s] DEBUG:colcon.colcon_core.verb:Building package 'mycobot_280' with the following arguments: {'ament_cmake_args': None, 'build_base': '/home/robotics/ros2_cobot/build/mycobot_280', 'catkin_cmake_args': None, 'catkin_skip_building_tests': False, 'cmake_args': None, 'cmake_clean_cache': False, 'cmake_clean_first': False, 'cmake_force_configure': False, 'cmake_target': None, 'cmake_target_skip_unavailable': False, 'install_base': '/home/robotics/ros2_cobot/install/mycobot_280', 'merge_install': False, 'path': '/home/robotics/ros2_cobot/src/mycobot_ros2/mycobot_280/mycobot_280', 'symlink_install': False, 'test_result_base': None}
[0.335s] Level 5:colcon.colcon_core.verb:set package 'mycobot_280_arduino' build argument 'cmake_args' from command line to 'None'
[0.335s] Level 5:colcon.colcon_core.verb:set package 'mycobot_280_arduino' build argument 'cmake_target' from command line to 'None'
[0.335s] Level 5:colcon.colcon_core.verb:set package 'mycobot_280_arduino' build argument 'cmake_target_skip_unavailable' from command line to 'False'
[0.335s] Level 5:colcon.colcon_core.verb:set package 'mycobot_280_arduino' build argument 'cmake_clean_cache' from command line to 'False'
[0.335s] Level 5:colcon.colcon_core.verb:set package 'mycobot_280_arduino' build argument 'cmake_clean_first' from command line to 'False'
[0.335s] Level 5:colcon.colcon_core.verb:set package 'mycobot_280_arduino' build argument 'cmake_force_configure' from command line to 'False'
[0.335s] Level 5:colcon.colcon_core.verb:set package 'mycobot_280_arduino' build argument 'ament_cmake_args' from command line to 'None'
[0.335s] Level 5:colcon.colcon_core.verb:set package 'mycobot_280_arduino' build argument 'catkin_cmake_args' from command line to 'None'
[0.335s] Level 5:colcon.colcon_core.verb:set package 'mycobot_280_arduino' build argument 'catkin_skip_building_tests' from command line to 'False'
[0.335s] DEBUG:colcon.colcon_core.verb:Building package 'mycobot_280_arduino' with the following arguments: {'ament_cmake_args': None, 'build_base': '/home/robotics/ros2_cobot/build/mycobot_280_arduino', 'catkin_cmake_args': None, 'catkin_skip_building_tests': False, 'cmake_args': None, 'cmake_clean_cache': False, 'cmake_clean_first': False, 'cmake_force_configure': False, 'cmake_target': None, 'cmake_target_skip_unavailable': False, 'install_base': '/home/robotics/ros2_cobot/install/mycobot_280_arduino', 'merge_install': False, 'path': '/home/robotics/ros2_cobot/src/mycobot_ros2/mycobot_280/mycobot_280_arduino', 'symlink_install': False, 'test_result_base': None}
[0.335s] Level 5:colcon.colcon_core.verb:set package 'mycobot_280_moveit2' build argument 'cmake_args' from command line to 'None'
[0.335s] Level 5:colcon.colcon_core.verb:set package 'mycobot_280_moveit2' build argument 'cmake_target' from command line to 'None'
[0.335s] Level 5:colcon.colcon_core.verb:set package 'mycobot_280_moveit2' build argument 'cmake_target_skip_unavailable' from command line to 'False'
[0.335s] Level 5:colcon.colcon_core.verb:set package 'mycobot_280_moveit2' build argument 'cmake_clean_cache' from command line to 'False'
[0.335s] Level 5:colcon.colcon_core.verb:set package 'mycobot_280_moveit2' build argument 'cmake_clean_first' from command line to 'False'
[0.335s] Level 5:colcon.colcon_core.verb:set package 'mycobot_280_moveit2' build argument 'cmake_force_configure' from command line to 'False'
[0.335s] Level 5:colcon.colcon_core.verb:set package 'mycobot_280_moveit2' build argument 'ament_cmake_args' from command line to 'None'
[0.335s] Level 5:colcon.colcon_core.verb:set package 'mycobot_280_moveit2' build argument 'catkin_cmake_args' from command line to 'None'
[0.335s] Level 5:colcon.colcon_core.verb:set package 'mycobot_280_moveit2' build argument 'catkin_skip_building_tests' from command line to 'False'
[0.335s] DEBUG:colcon.colcon_core.verb:Building package 'mycobot_280_moveit2' with the following arguments: {'ament_cmake_args': None, 'build_base': '/home/robotics/ros2_cobot/build/mycobot_280_moveit2', 'catkin_cmake_args': None, 'catkin_skip_building_tests': False, 'cmake_args': None, 'cmake_clean_cache': False, 'cmake_clean_first': False, 'cmake_force_configure': False, 'cmake_target': None, 'cmake_target_skip_unavailable': False, 'install_base': '/home/robotics/ros2_cobot/install/mycobot_280_moveit2', 'merge_install': False, 'path': '/home/robotics/ros2_cobot/src/mycobot_ros2/mycobot_280/mycobot_280_moveit2', 'symlink_install': False, 'test_result_base': None}
[0.335s] Level 5:colcon.colcon_core.verb:set package 'mycobot_280_moveit2_control' build argument 'cmake_args' from command line to 'None'
[0.335s] Level 5:colcon.colcon_core.verb:set package 'mycobot_280_moveit2_control' build argument 'cmake_target' from command line to 'None'
[0.335s] Level 5:colcon.colcon_core.verb:set package 'mycobot_280_moveit2_control' build argument 'cmake_target_skip_unavailable' from command line to 'False'
[0.335s] Level 5:colcon.colcon_core.verb:set package 'mycobot_280_moveit2_control' build argument 'cmake_clean_cache' from command line to 'False'
[0.335s] Level 5:colcon.colcon_core.verb:set package 'mycobot_280_moveit2_control' build argument 'cmake_clean_first' from command line to 'False'
[0.335s] Level 5:colcon.colcon_core.verb:set package 'mycobot_280_moveit2_control' build argument 'cmake_force_configure' from command line to 'False'
[0.335s] Level 5:colcon.colcon_core.verb:set package 'mycobot_280_moveit2_control' build argument 'ament_cmake_args' from command line to 'None'
[0.335s] Level 5:colcon.colcon_core.verb:set package 'mycobot_280_moveit2_control' build argument 'catkin_cmake_args' from command line to 'None'
[0.335s] Level 5:colcon.colcon_core.verb:set package 'mycobot_280_moveit2_control' build argument 'catkin_skip_building_tests' from command line to 'False'
[0.335s] DEBUG:colcon.colcon_core.verb:Building package 'mycobot_280_moveit2_control' with the following arguments: {'ament_cmake_args': None, 'build_base': '/home/robotics/ros2_cobot/build/mycobot_280_moveit2_control', 'catkin_cmake_args': None, 'catkin_skip_building_tests': False, 'cmake_args': None, 'cmake_clean_cache': False, 'cmake_clean_first': False, 'cmake_force_configure': False, 'cmake_target': None, 'cmake_target_skip_unavailable': False, 'install_base': '/home/robotics/ros2_cobot/install/mycobot_280_moveit2_control', 'merge_install': False, 'path': '/home/robotics/ros2_cobot/src/mycobot_ros2/mycobot_280/mycobot_280_moveit2_control', 'symlink_install': False, 'test_result_base': None}
[0.335s] Level 5:colcon.colcon_core.verb:set package 'mycobot_280_riscv' build argument 'cmake_args' from command line to 'None'
[0.335s] Level 5:colcon.colcon_core.verb:set package 'mycobot_280_riscv' build argument 'cmake_target' from command line to 'None'
[0.335s] Level 5:colcon.colcon_core.verb:set package 'mycobot_280_riscv' build argument 'cmake_target_skip_unavailable' from command line to 'False'
[0.335s] Level 5:colcon.colcon_core.verb:set package 'mycobot_280_riscv' build argument 'cmake_clean_cache' from command line to 'False'
[0.335s] Level 5:colcon.colcon_core.verb:set package 'mycobot_280_riscv' build argument 'cmake_clean_first' from command line to 'False'
[0.335s] Level 5:colcon.colcon_core.verb:set package 'mycobot_280_riscv' build argument 'cmake_force_configure' from command line to 'False'
[0.335s] Level 5:colcon.colcon_core.verb:set package 'mycobot_280_riscv' build argument 'ament_cmake_args' from command line to 'None'
[0.335s] Level 5:colcon.colcon_core.verb:set package 'mycobot_280_riscv' build argument 'catkin_cmake_args' from command line to 'None'
[0.335s] Level 5:colcon.colcon_core.verb:set package 'mycobot_280_riscv' build argument 'catkin_skip_building_tests' from command line to 'False'
[0.335s] DEBUG:colcon.colcon_core.verb:Building package 'mycobot_280_riscv' with the following arguments: {'ament_cmake_args': None, 'build_base': '/home/robotics/ros2_cobot/build/mycobot_280_riscv', 'catkin_cmake_args': None, 'catkin_skip_building_tests': False, 'cmake_args': None, 'cmake_clean_cache': False, 'cmake_clean_first': False, 'cmake_force_configure': False, 'cmake_target': None, 'cmake_target_skip_unavailable': False, 'install_base': '/home/robotics/ros2_cobot/install/mycobot_280_riscv', 'merge_install': False, 'path': '/home/robotics/ros2_cobot/src/mycobot_ros2/mycobot_280/mycobot_280_riscv', 'symlink_install': False, 'test_result_base': None}
[0.336s] Level 5:colcon.colcon_core.verb:set package 'mycobot_280_x3pi' build argument 'cmake_args' from command line to 'None'
[0.336s] Level 5:colcon.colcon_core.verb:set package 'mycobot_280_x3pi' build argument 'cmake_target' from command line to 'None'
[0.336s] Level 5:colcon.colcon_core.verb:set package 'mycobot_280_x3pi' build argument 'cmake_target_skip_unavailable' from command line to 'False'
[0.336s] Level 5:colcon.colcon_core.verb:set package 'mycobot_280_x3pi' build argument 'cmake_clean_cache' from command line to 'False'
[0.336s] Level 5:colcon.colcon_core.verb:set package 'mycobot_280_x3pi' build argument 'cmake_clean_first' from command line to 'False'
[0.336s] Level 5:colcon.colcon_core.verb:set package 'mycobot_280_x3pi' build argument 'cmake_force_configure' from command line to 'False'
[0.336s] Level 5:colcon.colcon_core.verb:set package 'mycobot_280_x3pi' build argument 'ament_cmake_args' from command line to 'None'
[0.336s] Level 5:colcon.colcon_core.verb:set package 'mycobot_280_x3pi' build argument 'catkin_cmake_args' from command line to 'None'
[0.336s] Level 5:colcon.colcon_core.verb:set package 'mycobot_280_x3pi' build argument 'catkin_skip_building_tests' from command line to 'False'
[0.336s] DEBUG:colcon.colcon_core.verb:Building package 'mycobot_280_x3pi' with the following arguments: {'ament_cmake_args': None, 'build_base': '/home/robotics/ros2_cobot/build/mycobot_280_x3pi', 'catkin_cmake_args': None, 'catkin_skip_building_tests': False, 'cmake_args': None, 'cmake_clean_cache': False, 'cmake_clean_first': False, 'cmake_force_configure': False, 'cmake_target': None, 'cmake_target_skip_unavailable': False, 'install_base': '/home/robotics/ros2_cobot/install/mycobot_280_x3pi', 'merge_install': False, 'path': '/home/robotics/ros2_cobot/src/mycobot_ros2/mycobot_280/mycobot_280_x3pi', 'symlink_install': False, 'test_result_base': None}
[0.336s] Level 5:colcon.colcon_core.verb:set package 'mycobot_280arduino_moveit2' build argument 'cmake_args' from command line to 'None'
[0.336s] Level 5:colcon.colcon_core.verb:set package 'mycobot_280arduino_moveit2' build argument 'cmake_target' from command line to 'None'
[0.336s] Level 5:colcon.colcon_core.verb:set package 'mycobot_280arduino_moveit2' build argument 'cmake_target_skip_unavailable' from command line to 'False'
[0.336s] Level 5:colcon.colcon_core.verb:set package 'mycobot_280arduino_moveit2' build argument 'cmake_clean_cache' from command line to 'False'
[0.336s] Level 5:colcon.colcon_core.verb:set package 'mycobot_280arduino_moveit2' build argument 'cmake_clean_first' from command line to 'False'
[0.336s] Level 5:colcon.colcon_core.verb:set package 'mycobot_280arduino_moveit2' build argument 'cmake_force_configure' from command line to 'False'
[0.336s] Level 5:colcon.colcon_core.verb:set package 'mycobot_280arduino_moveit2' build argument 'ament_cmake_args' from command line to 'None'
[0.336s] Level 5:colcon.colcon_core.verb:set package 'mycobot_280arduino_moveit2' build argument 'catkin_cmake_args' from command line to 'None'
[0.336s] Level 5:colcon.colcon_core.verb:set package 'mycobot_280arduino_moveit2' build argument 'catkin_skip_building_tests' from command line to 'False'
[0.336s] DEBUG:colcon.colcon_core.verb:Building package 'mycobot_280arduino_moveit2' with the following arguments: {'ament_cmake_args': None, 'build_base': '/home/robotics/ros2_cobot/build/mycobot_280arduino_moveit2', 'catkin_cmake_args': None, 'catkin_skip_building_tests': False, 'cmake_args': None, 'cmake_clean_cache': False, 'cmake_clean_first': False, 'cmake_force_configure': False, 'cmake_target': None, 'cmake_target_skip_unavailable': False, 'install_base': '/home/robotics/ros2_cobot/install/mycobot_280arduino_moveit2', 'merge_install': False, 'path': '/home/robotics/ros2_cobot/src/mycobot_ros2/mycobot_280/mycobot_280arduino_moveit2', 'symlink_install': False, 'test_result_base': None}
[0.336s] Level 5:colcon.colcon_core.verb:set package 'mycobot_280jn' build argument 'cmake_args' from command line to 'None'
[0.336s] Level 5:colcon.colcon_core.verb:set package 'mycobot_280jn' build argument 'cmake_target' from command line to 'None'
[0.336s] Level 5:colcon.colcon_core.verb:set package 'mycobot_280jn' build argument 'cmake_target_skip_unavailable' from command line to 'False'
[0.336s] Level 5:colcon.colcon_core.verb:set package 'mycobot_280jn' build argument 'cmake_clean_cache' from command line to 'False'
[0.336s] Level 5:colcon.colcon_core.verb:set package 'mycobot_280jn' build argument 'cmake_clean_first' from command line to 'False'
[0.336s] Level 5:colcon.colcon_core.verb:set package 'mycobot_280jn' build argument 'cmake_force_configure' from command line to 'False'
[0.336s] Level 5:colcon.colcon_core.verb:set package 'mycobot_280jn' build argument 'ament_cmake_args' from command line to 'None'
[0.336s] Level 5:colcon.colcon_core.verb:set package 'mycobot_280jn' build argument 'catkin_cmake_args' from command line to 'None'
[0.336s] Level 5:colcon.colcon_core.verb:set package 'mycobot_280jn' build argument 'catkin_skip_building_tests' from command line to 'False'
[0.336s] DEBUG:colcon.colcon_core.verb:Building package 'mycobot_280jn' with the following arguments: {'ament_cmake_args': None, 'build_base': '/home/robotics/ros2_cobot/build/mycobot_280jn', 'catkin_cmake_args': None, 'catkin_skip_building_tests': False, 'cmake_args': None, 'cmake_clean_cache': False, 'cmake_clean_first': False, 'cmake_force_configure': False, 'cmake_target': None, 'cmake_target_skip_unavailable': False, 'install_base': '/home/robotics/ros2_cobot/install/mycobot_280jn', 'merge_install': False, 'path': '/home/robotics/ros2_cobot/src/mycobot_ros2/mycobot_280/mycobot_280jn', 'symlink_install': False, 'test_result_base': None}
[0.336s] Level 5:colcon.colcon_core.verb:set package 'mycobot_280pi' build argument 'cmake_args' from command line to 'None'
[0.336s] Level 5:colcon.colcon_core.verb:set package 'mycobot_280pi' build argument 'cmake_target' from command line to 'None'
[0.336s] Level 5:colcon.colcon_core.verb:set package 'mycobot_280pi' build argument 'cmake_target_skip_unavailable' from command line to 'False'
[0.336s] Level 5:colcon.colcon_core.verb:set package 'mycobot_280pi' build argument 'cmake_clean_cache' from command line to 'False'
[0.336s] Level 5:colcon.colcon_core.verb:set package 'mycobot_280pi' build argument 'cmake_clean_first' from command line to 'False'
[0.336s] Level 5:colcon.colcon_core.verb:set package 'mycobot_280pi' build argument 'cmake_force_configure' from command line to 'False'
[0.336s] Level 5:colcon.colcon_core.verb:set package 'mycobot_280pi' build argument 'ament_cmake_args' from command line to 'None'
[0.336s] Level 5:colcon.colcon_core.verb:set package 'mycobot_280pi' build argument 'catkin_cmake_args' from command line to 'None'
[0.336s] Level 5:colcon.colcon_core.verb:set package 'mycobot_280pi' build argument 'catkin_skip_building_tests' from command line to 'False'
[0.336s] DEBUG:colcon.colcon_core.verb:Building package 'mycobot_280pi' with the following arguments: {'ament_cmake_args': None, 'build_base': '/home/robotics/ros2_cobot/build/mycobot_280pi', 'catkin_cmake_args': None, 'catkin_skip_building_tests': False, 'cmake_args': None, 'cmake_clean_cache': False, 'cmake_clean_first': False, 'cmake_force_configure': False, 'cmake_target': None, 'cmake_target_skip_unavailable': False, 'install_base': '/home/robotics/ros2_cobot/install/mycobot_280pi', 'merge_install': False, 'path': '/home/robotics/ros2_cobot/src/mycobot_ros2/mycobot_280/mycobot_280pi', 'symlink_install': False, 'test_result_base': None}
[0.337s] Level 5:colcon.colcon_core.verb:set package 'mycobot_280rdkx5_moveit2' build argument 'cmake_args' from command line to 'None'
[0.337s] Level 5:colcon.colcon_core.verb:set package 'mycobot_280rdkx5_moveit2' build argument 'cmake_target' from command line to 'None'
[0.337s] Level 5:colcon.colcon_core.verb:set package 'mycobot_280rdkx5_moveit2' build argument 'cmake_target_skip_unavailable' from command line to 'False'
[0.337s] Level 5:colcon.colcon_core.verb:set package 'mycobot_280rdkx5_moveit2' build argument 'cmake_clean_cache' from command line to 'False'
[0.337s] Level 5:colcon.colcon_core.verb:set package 'mycobot_280rdkx5_moveit2' build argument 'cmake_clean_first' from command line to 'False'
[0.337s] Level 5:colcon.colcon_core.verb:set package 'mycobot_280rdkx5_moveit2' build argument 'cmake_force_configure' from command line to 'False'
[0.337s] Level 5:colcon.colcon_core.verb:set package 'mycobot_280rdkx5_moveit2' build argument 'ament_cmake_args' from command line to 'None'
[0.337s] Level 5:colcon.colcon_core.verb:set package 'mycobot_280rdkx5_moveit2' build argument 'catkin_cmake_args' from command line to 'None'
[0.337s] Level 5:colcon.colcon_core.verb:set package 'mycobot_280rdkx5_moveit2' build argument 'catkin_skip_building_tests' from command line to 'False'
[0.337s] DEBUG:colcon.colcon_core.verb:Building package 'mycobot_280rdkx5_moveit2' with the following arguments: {'ament_cmake_args': None, 'build_base': '/home/robotics/ros2_cobot/build/mycobot_280rdkx5_moveit2', 'catkin_cmake_args': None, 'catkin_skip_building_tests': False, 'cmake_args': None, 'cmake_clean_cache': False, 'cmake_clean_first': False, 'cmake_force_configure': False, 'cmake_target': None, 'cmake_target_skip_unavailable': False, 'install_base': '/home/robotics/ros2_cobot/install/mycobot_280rdkx5_moveit2', 'merge_install': False, 'path': '/home/robotics/ros2_cobot/src/mycobot_ros2/mycobot_280/mycobot_280rdkx5_moveit2', 'symlink_install': False, 'test_result_base': None}
[0.337s] Level 5:colcon.colcon_core.verb:set package 'mycobot_320' build argument 'cmake_args' from command line to 'None'
[0.337s] Level 5:colcon.colcon_core.verb:set package 'mycobot_320' build argument 'cmake_target' from command line to 'None'
[0.337s] Level 5:colcon.colcon_core.verb:set package 'mycobot_320' build argument 'cmake_target_skip_unavailable' from command line to 'False'
[0.337s] Level 5:colcon.colcon_core.verb:set package 'mycobot_320' build argument 'cmake_clean_cache' from command line to 'False'
[0.337s] Level 5:colcon.colcon_core.verb:set package 'mycobot_320' build argument 'cmake_clean_first' from command line to 'False'
[0.337s] Level 5:colcon.colcon_core.verb:set package 'mycobot_320' build argument 'cmake_force_configure' from command line to 'False'
[0.337s] Level 5:colcon.colcon_core.verb:set package 'mycobot_320' build argument 'ament_cmake_args' from command line to 'None'
[0.337s] Level 5:colcon.colcon_core.verb:set package 'mycobot_320' build argument 'catkin_cmake_args' from command line to 'None'
[0.337s] Level 5:colcon.colcon_core.verb:set package 'mycobot_320' build argument 'catkin_skip_building_tests' from command line to 'False'
[0.337s] DEBUG:colcon.colcon_core.verb:Building package 'mycobot_320' with the following arguments: {'ament_cmake_args': None, 'build_base': '/home/robotics/ros2_cobot/build/mycobot_320', 'catkin_cmake_args': None, 'catkin_skip_building_tests': False, 'cmake_args': None, 'cmake_clean_cache': False, 'cmake_clean_first': False, 'cmake_force_configure': False, 'cmake_target': None, 'cmake_target_skip_unavailable': False, 'install_base': '/home/robotics/ros2_cobot/install/mycobot_320', 'merge_install': False, 'path': '/home/robotics/ros2_cobot/src/mycobot_ros2/mycobot_320/mycobot_320', 'symlink_install': False, 'test_result_base': None}
[0.337s] Level 5:colcon.colcon_core.verb:set package 'mycobot_320_riscv' build argument 'cmake_args' from command line to 'None'
[0.337s] Level 5:colcon.colcon_core.verb:set package 'mycobot_320_riscv' build argument 'cmake_target' from command line to 'None'
[0.337s] Level 5:colcon.colcon_core.verb:set package 'mycobot_320_riscv' build argument 'cmake_target_skip_unavailable' from command line to 'False'
[0.337s] Level 5:colcon.colcon_core.verb:set package 'mycobot_320_riscv' build argument 'cmake_clean_cache' from command line to 'False'
[0.337s] Level 5:colcon.colcon_core.verb:set package 'mycobot_320_riscv' build argument 'cmake_clean_first' from command line to 'False'
[0.337s] Level 5:colcon.colcon_core.verb:set package 'mycobot_320_riscv' build argument 'cmake_force_configure' from command line to 'False'
[0.337s] Level 5:colcon.colcon_core.verb:set package 'mycobot_320_riscv' build argument 'ament_cmake_args' from command line to 'None'
[0.337s] Level 5:colcon.colcon_core.verb:set package 'mycobot_320_riscv' build argument 'catkin_cmake_args' from command line to 'None'
[0.337s] Level 5:colcon.colcon_core.verb:set package 'mycobot_320_riscv' build argument 'catkin_skip_building_tests' from command line to 'False'
[0.337s] DEBUG:colcon.colcon_core.verb:Building package 'mycobot_320_riscv' with the following arguments: {'ament_cmake_args': None, 'build_base': '/home/robotics/ros2_cobot/build/mycobot_320_riscv', 'catkin_cmake_args': None, 'catkin_skip_building_tests': False, 'cmake_args': None, 'cmake_clean_cache': False, 'cmake_clean_first': False, 'cmake_force_configure': False, 'cmake_target': None, 'cmake_target_skip_unavailable': False, 'install_base': '/home/robotics/ros2_cobot/install/mycobot_320_riscv', 'merge_install': False, 'path': '/home/robotics/ros2_cobot/src/mycobot_ros2/mycobot_320/mycobot_320_riscv', 'symlink_install': False, 'test_result_base': None}
[0.337s] Level 5:colcon.colcon_core.verb:set package 'mycobot_320pi' build argument 'cmake_args' from command line to 'None'
[0.337s] Level 5:colcon.colcon_core.verb:set package 'mycobot_320pi' build argument 'cmake_target' from command line to 'None'
[0.337s] Level 5:colcon.colcon_core.verb:set package 'mycobot_320pi' build argument 'cmake_target_skip_unavailable' from command line to 'False'
[0.337s] Level 5:colcon.colcon_core.verb:set package 'mycobot_320pi' build argument 'cmake_clean_cache' from command line to 'False'
[0.337s] Level 5:colcon.colcon_core.verb:set package 'mycobot_320pi' build argument 'cmake_clean_first' from command line to 'False'
[0.337s] Level 5:colcon.colcon_core.verb:set package 'mycobot_320pi' build argument 'cmake_force_configure' from command line to 'False'
[0.337s] Level 5:colcon.colcon_core.verb:set package 'mycobot_320pi' build argument 'ament_cmake_args' from command line to 'None'
[0.337s] Level 5:colcon.colcon_core.verb:set package 'mycobot_320pi' build argument 'catkin_cmake_args' from command line to 'None'
[0.337s] Level 5:colcon.colcon_core.verb:set package 'mycobot_320pi' build argument 'catkin_skip_building_tests' from command line to 'False'
[0.337s] DEBUG:colcon.colcon_core.verb:Building package 'mycobot_320pi' with the following arguments: {'ament_cmake_args': None, 'build_base': '/home/robotics/ros2_cobot/build/mycobot_320pi', 'catkin_cmake_args': None, 'catkin_skip_building_tests': False, 'cmake_args': None, 'cmake_clean_cache': False, 'cmake_clean_first': False, 'cmake_force_configure': False, 'cmake_target': None, 'cmake_target_skip_unavailable': False, 'install_base': '/home/robotics/ros2_cobot/install/mycobot_320pi', 'merge_install': False, 'path': '/home/robotics/ros2_cobot/src/mycobot_ros2/mycobot_320/mycobot_320pi', 'symlink_install': False, 'test_result_base': None}
[0.338s] Level 5:colcon.colcon_core.verb:set package 'mycobot_600' build argument 'cmake_args' from command line to 'None'
[0.338s] Level 5:colcon.colcon_core.verb:set package 'mycobot_600' build argument 'cmake_target' from command line to 'None'
[0.338s] Level 5:colcon.colcon_core.verb:set package 'mycobot_600' build argument 'cmake_target_skip_unavailable' from command line to 'False'
[0.338s] Level 5:colcon.colcon_core.verb:set package 'mycobot_600' build argument 'cmake_clean_cache' from command line to 'False'
[0.338s] Level 5:colcon.colcon_core.verb:set package 'mycobot_600' build argument 'cmake_clean_first' from command line to 'False'
[0.338s] Level 5:colcon.colcon_core.verb:set package 'mycobot_600' build argument 'cmake_force_configure' from command line to 'False'
[0.338s] Level 5:colcon.colcon_core.verb:set package 'mycobot_600' build argument 'ament_cmake_args' from command line to 'None'
[0.338s] Level 5:colcon.colcon_core.verb:set package 'mycobot_600' build argument 'catkin_cmake_args' from command line to 'None'
[0.338s] Level 5:colcon.colcon_core.verb:set package 'mycobot_600' build argument 'catkin_skip_building_tests' from command line to 'False'
[0.338s] DEBUG:colcon.colcon_core.verb:Building package 'mycobot_600' with the following arguments: {'ament_cmake_args': None, 'build_base': '/home/robotics/ros2_cobot/build/mycobot_600', 'catkin_cmake_args': None, 'catkin_skip_building_tests': False, 'cmake_args': None, 'cmake_clean_cache': False, 'cmake_clean_first': False, 'cmake_force_configure': False, 'cmake_target': None, 'cmake_target_skip_unavailable': False, 'install_base': '/home/robotics/ros2_cobot/install/mycobot_600', 'merge_install': False, 'path': '/home/robotics/ros2_cobot/src/mycobot_ros2/mycobot_pro/mycobot_600', 'symlink_install': False, 'test_result_base': None}
[0.338s] Level 5:colcon.colcon_core.verb:set package 'mycobot_630' build argument 'cmake_args' from command line to 'None'
[0.338s] Level 5:colcon.colcon_core.verb:set package 'mycobot_630' build argument 'cmake_target' from command line to 'None'
[0.338s] Level 5:colcon.colcon_core.verb:set package 'mycobot_630' build argument 'cmake_target_skip_unavailable' from command line to 'False'
[0.338s] Level 5:colcon.colcon_core.verb:set package 'mycobot_630' build argument 'cmake_clean_cache' from command line to 'False'
[0.338s] Level 5:colcon.colcon_core.verb:set package 'mycobot_630' build argument 'cmake_clean_first' from command line to 'False'
[0.338s] Level 5:colcon.colcon_core.verb:set package 'mycobot_630' build argument 'cmake_force_configure' from command line to 'False'
[0.338s] Level 5:colcon.colcon_core.verb:set package 'mycobot_630' build argument 'ament_cmake_args' from command line to 'None'
[0.338s] Level 5:colcon.colcon_core.verb:set package 'mycobot_630' build argument 'catkin_cmake_args' from command line to 'None'
[0.338s] Level 5:colcon.colcon_core.verb:set package 'mycobot_630' build argument 'catkin_skip_building_tests' from command line to 'False'
[0.338s] DEBUG:colcon.colcon_core.verb:Building package 'mycobot_630' with the following arguments: {'ament_cmake_args': None, 'build_base': '/home/robotics/ros2_cobot/build/mycobot_630', 'catkin_cmake_args': None, 'catkin_skip_building_tests': False, 'cmake_args': None, 'cmake_clean_cache': False, 'cmake_clean_first': False, 'cmake_force_configure': False, 'cmake_target': None, 'cmake_target_skip_unavailable': False, 'install_base': '/home/robotics/ros2_cobot/install/mycobot_630', 'merge_install': False, 'path': '/home/robotics/ros2_cobot/src/mycobot_ros2/mycobot_pro/mycobot_630', 'symlink_install': False, 'test_result_base': None}
[0.338s] Level 5:colcon.colcon_core.verb:set package 'mycobot_communication' build argument 'cmake_args' from command line to 'None'
[0.338s] Level 5:colcon.colcon_core.verb:set package 'mycobot_communication' build argument 'cmake_target' from command line to 'None'
[0.338s] Level 5:colcon.colcon_core.verb:set package 'mycobot_communication' build argument 'cmake_target_skip_unavailable' from command line to 'False'
[0.338s] Level 5:colcon.colcon_core.verb:set package 'mycobot_communication' build argument 'cmake_clean_cache' from command line to 'False'
[0.338s] Level 5:colcon.colcon_core.verb:set package 'mycobot_communication' build argument 'cmake_clean_first' from command line to 'False'
[0.338s] Level 5:colcon.colcon_core.verb:set package 'mycobot_communication' build argument 'cmake_force_configure' from command line to 'False'
[0.338s] Level 5:colcon.colcon_core.verb:set package 'mycobot_communication' build argument 'ament_cmake_args' from command line to 'None'
[0.338s] Level 5:colcon.colcon_core.verb:set package 'mycobot_communication' build argument 'catkin_cmake_args' from command line to 'None'
[0.338s] Level 5:colcon.colcon_core.verb:set package 'mycobot_communication' build argument 'catkin_skip_building_tests' from command line to 'False'
[0.338s] DEBUG:colcon.colcon_core.verb:Building package 'mycobot_communication' with the following arguments: {'ament_cmake_args': None, 'build_base': '/home/robotics/ros2_cobot/build/mycobot_communication', 'catkin_cmake_args': None, 'catkin_skip_building_tests': False, 'cmake_args': None, 'cmake_clean_cache': False, 'cmake_clean_first': False, 'cmake_force_configure': False, 'cmake_target': None, 'cmake_target_skip_unavailable': False, 'install_base': '/home/robotics/ros2_cobot/install/mycobot_communication', 'merge_install': False, 'path': '/home/robotics/ros2_cobot/src/mycobot_ros2/mycobot_communication', 'symlink_install': False, 'test_result_base': None}
[0.338s] Level 5:colcon.colcon_core.verb:set package 'mypalletizer_260' build argument 'cmake_args' from command line to 'None'
[0.338s] Level 5:colcon.colcon_core.verb:set package 'mypalletizer_260' build argument 'cmake_target' from command line to 'None'
[0.338s] Level 5:colcon.colcon_core.verb:set package 'mypalletizer_260' build argument 'cmake_target_skip_unavailable' from command line to 'False'
[0.338s] Level 5:colcon.colcon_core.verb:set package 'mypalletizer_260' build argument 'cmake_clean_cache' from command line to 'False'
[0.338s] Level 5:colcon.colcon_core.verb:set package 'mypalletizer_260' build argument 'cmake_clean_first' from command line to 'False'
[0.338s] Level 5:colcon.colcon_core.verb:set package 'mypalletizer_260' build argument 'cmake_force_configure' from command line to 'False'
[0.338s] Level 5:colcon.colcon_core.verb:set package 'mypalletizer_260' build argument 'ament_cmake_args' from command line to 'None'
[0.338s] Level 5:colcon.colcon_core.verb:set package 'mypalletizer_260' build argument 'catkin_cmake_args' from command line to 'None'
[0.338s] Level 5:colcon.colcon_core.verb:set package 'mypalletizer_260' build argument 'catkin_skip_building_tests' from command line to 'False'
[0.338s] DEBUG:colcon.colcon_core.verb:Building package 'mypalletizer_260' with the following arguments: {'ament_cmake_args': None, 'build_base': '/home/robotics/ros2_cobot/build/mypalletizer_260', 'catkin_cmake_args': None, 'catkin_skip_building_tests': False, 'cmake_args': None, 'cmake_clean_cache': False, 'cmake_clean_first': False, 'cmake_force_configure': False, 'cmake_target': None, 'cmake_target_skip_unavailable': False, 'install_base': '/home/robotics/ros2_cobot/install/mypalletizer_260', 'merge_install': False, 'path': '/home/robotics/ros2_cobot/src/mycobot_ros2/mypalletizer_260/mypalletizer_260', 'symlink_install': False, 'test_result_base': None}
[0.339s] Level 5:colcon.colcon_core.verb:set package 'mypalletizer_260_pi' build argument 'cmake_args' from command line to 'None'
[0.339s] Level 5:colcon.colcon_core.verb:set package 'mypalletizer_260_pi' build argument 'cmake_target' from command line to 'None'
[0.339s] Level 5:colcon.colcon_core.verb:set package 'mypalletizer_260_pi' build argument 'cmake_target_skip_unavailable' from command line to 'False'
[0.339s] Level 5:colcon.colcon_core.verb:set package 'mypalletizer_260_pi' build argument 'cmake_clean_cache' from command line to 'False'
[0.339s] Level 5:colcon.colcon_core.verb:set package 'mypalletizer_260_pi' build argument 'cmake_clean_first' from command line to 'False'
[0.339s] Level 5:colcon.colcon_core.verb:set package 'mypalletizer_260_pi' build argument 'cmake_force_configure' from command line to 'False'
[0.339s] Level 5:colcon.colcon_core.verb:set package 'mypalletizer_260_pi' build argument 'ament_cmake_args' from command line to 'None'
[0.339s] Level 5:colcon.colcon_core.verb:set package 'mypalletizer_260_pi' build argument 'catkin_cmake_args' from command line to 'None'
[0.339s] Level 5:colcon.colcon_core.verb:set package 'mypalletizer_260_pi' build argument 'catkin_skip_building_tests' from command line to 'False'
[0.339s] DEBUG:colcon.colcon_core.verb:Building package 'mypalletizer_260_pi' with the following arguments: {'ament_cmake_args': None, 'build_base': '/home/robotics/ros2_cobot/build/mypalletizer_260_pi', 'catkin_cmake_args': None, 'catkin_skip_building_tests': False, 'cmake_args': None, 'cmake_clean_cache': False, 'cmake_clean_first': False, 'cmake_force_configure': False, 'cmake_target': None, 'cmake_target_skip_unavailable': False, 'install_base': '/home/robotics/ros2_cobot/install/mypalletizer_260_pi', 'merge_install': False, 'path': '/home/robotics/ros2_cobot/src/mycobot_ros2/mypalletizer_260/mypalletizer_260_pi', 'symlink_install': False, 'test_result_base': None}
[0.339s] Level 5:colcon.colcon_core.verb:set package 'mypalletizer_communication' build argument 'cmake_args' from command line to 'None'
[0.339s] Level 5:colcon.colcon_core.verb:set package 'mypalletizer_communication' build argument 'cmake_target' from command line to 'None'
[0.339s] Level 5:colcon.colcon_core.verb:set package 'mypalletizer_communication' build argument 'cmake_target_skip_unavailable' from command line to 'False'
[0.339s] Level 5:colcon.colcon_core.verb:set package 'mypalletizer_communication' build argument 'cmake_clean_cache' from command line to 'False'
[0.339s] Level 5:colcon.colcon_core.verb:set package 'mypalletizer_communication' build argument 'cmake_clean_first' from command line to 'False'
[0.339s] Level 5:colcon.colcon_core.verb:set package 'mypalletizer_communication' build argument 'cmake_force_configure' from command line to 'False'
[0.339s] Level 5:colcon.colcon_core.verb:set package 'mypalletizer_communication' build argument 'ament_cmake_args' from command line to 'None'
[0.339s] Level 5:colcon.colcon_core.verb:set package 'mypalletizer_communication' build argument 'catkin_cmake_args' from command line to 'None'
[0.339s] Level 5:colcon.colcon_core.verb:set package 'mypalletizer_communication' build argument 'catkin_skip_building_tests' from command line to 'False'
[0.339s] DEBUG:colcon.colcon_core.verb:Building package 'mypalletizer_communication' with the following arguments: {'ament_cmake_args': None, 'build_base': '/home/robotics/ros2_cobot/build/mypalletizer_communication', 'catkin_cmake_args': None, 'catkin_skip_building_tests': False, 'cmake_args': None, 'cmake_clean_cache': False, 'cmake_clean_first': False, 'cmake_force_configure': False, 'cmake_target': None, 'cmake_target_skip_unavailable': False, 'install_base': '/home/robotics/ros2_cobot/install/mypalletizer_communication', 'merge_install': False, 'path': '/home/robotics/ros2_cobot/src/mycobot_ros2/mypalletizer_260/mypalletizer_communication', 'symlink_install': False, 'test_result_base': None}
[0.339s] Level 5:colcon.colcon_core.verb:set package 'ultraarm' build argument 'cmake_args' from command line to 'None'
[0.339s] Level 5:colcon.colcon_core.verb:set package 'ultraarm' build argument 'cmake_target' from command line to 'None'
[0.339s] Level 5:colcon.colcon_core.verb:set package 'ultraarm' build argument 'cmake_target_skip_unavailable' from command line to 'False'
[0.339s] Level 5:colcon.colcon_core.verb:set package 'ultraarm' build argument 'cmake_clean_cache' from command line to 'False'
[0.339s] Level 5:colcon.colcon_core.verb:set package 'ultraarm' build argument 'cmake_clean_first' from command line to 'False'
[0.339s] Level 5:colcon.colcon_core.verb:set package 'ultraarm' build argument 'cmake_force_configure' from command line to 'False'
[0.339s] Level 5:colcon.colcon_core.verb:set package 'ultraarm' build argument 'ament_cmake_args' from command line to 'None'
[0.339s] Level 5:colcon.colcon_core.verb:set package 'ultraarm' build argument 'catkin_cmake_args' from command line to 'None'
[0.339s] Level 5:colcon.colcon_core.verb:set package 'ultraarm' build argument 'catkin_skip_building_tests' from command line to 'False'
[0.339s] DEBUG:colcon.colcon_core.verb:Building package 'ultraarm' with the following arguments: {'ament_cmake_args': None, 'build_base': '/home/robotics/ros2_cobot/build/ultraarm', 'catkin_cmake_args': None, 'catkin_skip_building_tests': False, 'cmake_args': None, 'cmake_clean_cache': False, 'cmake_clean_first': False, 'cmake_force_configure': False, 'cmake_target': None, 'cmake_target_skip_unavailable': False, 'install_base': '/home/robotics/ros2_cobot/install/ultraarm', 'merge_install': False, 'path': '/home/robotics/ros2_cobot/src/mycobot_ros2/ultraArm/ultraarm', 'symlink_install': False, 'test_result_base': None}
[0.339s] Level 5:colcon.colcon_core.verb:set package 'myarm_c650' build argument 'cmake_args' from command line to 'None'
[0.340s] Level 5:colcon.colcon_core.verb:set package 'myarm_c650' build argument 'cmake_target' from command line to 'None'
[0.340s] Level 5:colcon.colcon_core.verb:set package 'myarm_c650' build argument 'cmake_target_skip_unavailable' from command line to 'False'
[0.340s] Level 5:colcon.colcon_core.verb:set package 'myarm_c650' build argument 'cmake_clean_cache' from command line to 'False'
[0.340s] Level 5:colcon.colcon_core.verb:set package 'myarm_c650' build argument 'cmake_clean_first' from command line to 'False'
[0.340s] Level 5:colcon.colcon_core.verb:set package 'myarm_c650' build argument 'cmake_force_configure' from command line to 'False'
[0.340s] Level 5:colcon.colcon_core.verb:set package 'myarm_c650' build argument 'ament_cmake_args' from command line to 'None'
[0.340s] Level 5:colcon.colcon_core.verb:set package 'myarm_c650' build argument 'catkin_cmake_args' from command line to 'None'
[0.340s] Level 5:colcon.colcon_core.verb:set package 'myarm_c650' build argument 'catkin_skip_building_tests' from command line to 'False'
[0.340s] DEBUG:colcon.colcon_core.verb:Building package 'myarm_c650' with the following arguments: {'ament_cmake_args': None, 'build_base': '/home/robotics/ros2_cobot/build/myarm_c650', 'catkin_cmake_args': None, 'catkin_skip_building_tests': False, 'cmake_args': None, 'cmake_clean_cache': False, 'cmake_clean_first': False, 'cmake_force_configure': False, 'cmake_target': None, 'cmake_target_skip_unavailable': False, 'install_base': '/home/robotics/ros2_cobot/install/myarm_c650', 'merge_install': False, 'path': '/home/robotics/ros2_cobot/src/mycobot_ros2/myArm/myarm_c650', 'symlink_install': False, 'test_result_base': None}
[0.340s] Level 5:colcon.colcon_core.verb:set package 'myarm_m750' build argument 'cmake_args' from command line to 'None'
[0.340s] Level 5:colcon.colcon_core.verb:set package 'myarm_m750' build argument 'cmake_target' from command line to 'None'
[0.340s] Level 5:colcon.colcon_core.verb:set package 'myarm_m750' build argument 'cmake_target_skip_unavailable' from command line to 'False'
[0.340s] Level 5:colcon.colcon_core.verb:set package 'myarm_m750' build argument 'cmake_clean_cache' from command line to 'False'
[0.340s] Level 5:colcon.colcon_core.verb:set package 'myarm_m750' build argument 'cmake_clean_first' from command line to 'False'
[0.340s] Level 5:colcon.colcon_core.verb:set package 'myarm_m750' build argument 'cmake_force_configure' from command line to 'False'
[0.340s] Level 5:colcon.colcon_core.verb:set package 'myarm_m750' build argument 'ament_cmake_args' from command line to 'None'
[0.340s] Level 5:colcon.colcon_core.verb:set package 'myarm_m750' build argument 'catkin_cmake_args' from command line to 'None'
[0.340s] Level 5:colcon.colcon_core.verb:set package 'myarm_m750' build argument 'catkin_skip_building_tests' from command line to 'False'
[0.340s] DEBUG:colcon.colcon_core.verb:Building package 'myarm_m750' with the following arguments: {'ament_cmake_args': None, 'build_base': '/home/robotics/ros2_cobot/build/myarm_m750', 'catkin_cmake_args': None, 'catkin_skip_building_tests': False, 'cmake_args': None, 'cmake_clean_cache': False, 'cmake_clean_first': False, 'cmake_force_configure': False, 'cmake_target': None, 'cmake_target_skip_unavailable': False, 'install_base': '/home/robotics/ros2_cobot/install/myarm_m750', 'merge_install': False, 'path': '/home/robotics/ros2_cobot/src/mycobot_ros2/myArm/myarm_m750', 'symlink_install': False, 'test_result_base': None}
[0.340s] Level 5:colcon.colcon_core.verb:set package 'mycobot_280_rdkx5' build argument 'cmake_args' from command line to 'None'
[0.340s] Level 5:colcon.colcon_core.verb:set package 'mycobot_280_rdkx5' build argument 'cmake_target' from command line to 'None'
[0.340s] Level 5:colcon.colcon_core.verb:set package 'mycobot_280_rdkx5' build argument 'cmake_target_skip_unavailable' from command line to 'False'
[0.340s] Level 5:colcon.colcon_core.verb:set package 'mycobot_280_rdkx5' build argument 'cmake_clean_cache' from command line to 'False'
[0.340s] Level 5:colcon.colcon_core.verb:set package 'mycobot_280_rdkx5' build argument 'cmake_clean_first' from command line to 'False'
[0.340s] Level 5:colcon.colcon_core.verb:set package 'mycobot_280_rdkx5' build argument 'cmake_force_configure' from command line to 'False'
[0.340s] Level 5:colcon.colcon_core.verb:set package 'mycobot_280_rdkx5' build argument 'ament_cmake_args' from command line to 'None'
[0.340s] Level 5:colcon.colcon_core.verb:set package 'mycobot_280_rdkx5' build argument 'catkin_cmake_args' from command line to 'None'
[0.340s] Level 5:colcon.colcon_core.verb:set package 'mycobot_280_rdkx5' build argument 'catkin_skip_building_tests' from command line to 'False'
[0.340s] DEBUG:colcon.colcon_core.verb:Building package 'mycobot_280_rdkx5' with the following arguments: {'ament_cmake_args': None, 'build_base': '/home/robotics/ros2_cobot/build/mycobot_280_rdkx5', 'catkin_cmake_args': None, 'catkin_skip_building_tests': False, 'cmake_args': None, 'cmake_clean_cache': False, 'cmake_clean_first': False, 'cmake_force_configure': False, 'cmake_target': None, 'cmake_target_skip_unavailable': False, 'install_base': '/home/robotics/ros2_cobot/install/mycobot_280_rdkx5', 'merge_install': False, 'path': '/home/robotics/ros2_cobot/src/mycobot_ros2/mycobot_280/mycobot_280_rdkx5', 'symlink_install': False, 'test_result_base': None}
[0.340s] INFO:colcon.colcon_core.executor:Executing jobs using 'parallel' executor
[0.341s] DEBUG:colcon.colcon_parallel_executor.executor.parallel:run_until_complete
[0.342s] INFO:colcon.colcon_ros.task.ament_python.build:Building ROS package in '/home/robotics/ros2_cobot/src/mycobot_ros2/mycobot_description' with build type 'ament_python'
[0.342s] Level 1:colcon.colcon_core.shell:create_environment_hook('mycobot_description', 'ament_prefix_path')
[0.344s] INFO:colcon.colcon_core.plugin_system:Skipping extension 'colcon_core.shell.bat': Not used on non-Windows systems
[0.344s] INFO:colcon.colcon_core.shell:Creating environment hook '/home/robotics/ros2_cobot/install/mycobot_description/share/mycobot_description/hook/ament_prefix_path.ps1'
[0.344s] INFO:colcon.colcon_core.shell:Creating environment descriptor '/home/robotics/ros2_cobot/install/mycobot_description/share/mycobot_description/hook/ament_prefix_path.dsv'
[0.345s] INFO:colcon.colcon_core.shell:Creating environment hook '/home/robotics/ros2_cobot/install/mycobot_description/share/mycobot_description/hook/ament_prefix_path.sh'
[0.345s] INFO:colcon.colcon_core.shell:Skip shell extension 'powershell' for command environment: Not usable outside of PowerShell
[0.345s] DEBUG:colcon.colcon_core.shell:Skip shell extension 'dsv' for command environment
[0.349s] INFO:colcon.colcon_ros.task.ament_cmake.build:Building ROS package in '/home/robotics/ros2_cobot/src/mycobot_ros2/mycobot_280/mycobot_interfaces' with build type 'ament_cmake'
[0.349s] INFO:colcon.colcon_cmake.task.cmake.build:Building CMake package in '/home/robotics/ros2_cobot/src/mycobot_ros2/mycobot_280/mycobot_interfaces'
[0.349s] INFO:colcon.colcon_core.shell:Skip shell extension 'powershell' for command environment: Not usable outside of PowerShell
[0.349s] DEBUG:colcon.colcon_core.shell:Skip shell extension 'dsv' for command environment
[0.356s] INFO:colcon.colcon_ros.task.ament_cmake.build:Building ROS package in '/home/robotics/ros2_cobot/src/mycobot_ros2/mypalletizer_260/mypalletizer_interfaces' with build type 'ament_cmake'
[0.357s] INFO:colcon.colcon_cmake.task.cmake.build:Building CMake package in '/home/robotics/ros2_cobot/src/mycobot_ros2/mypalletizer_260/mypalletizer_interfaces'
[0.357s] INFO:colcon.colcon_core.shell:Skip shell extension 'powershell' for command environment: Not usable outside of PowerShell
[0.357s] DEBUG:colcon.colcon_core.shell:Skip shell extension 'dsv' for command environment
[0.361s] INFO:colcon.colcon_ros.task.ament_cmake.build:Building ROS package in '/home/robotics/ros2_cobot/src/mycobot_ros2/mecharm/mecharm_interfaces' with build type 'ament_cmake'
[0.361s] INFO:colcon.colcon_cmake.task.cmake.build:Building CMake package in '/home/robotics/ros2_cobot/src/mycobot_ros2/mecharm/mecharm_interfaces'
[0.361s] INFO:colcon.colcon_core.shell:Skip shell extension 'powershell' for command environment: Not usable outside of PowerShell
[0.361s] DEBUG:colcon.colcon_core.shell:Skip shell extension 'dsv' for command environment
[0.365s] INFO:colcon.colcon_ros.task.ament_cmake.build:Building ROS package in '/home/robotics/ros2_cobot/src/traj_scripts' with build type 'ament_cmake'
[0.365s] INFO:colcon.colcon_cmake.task.cmake.build:Building CMake package in '/home/robotics/ros2_cobot/src/traj_scripts'
[0.365s] INFO:colcon.colcon_core.shell:Skip shell extension 'powershell' for command environment: Not usable outside of PowerShell
[0.365s] DEBUG:colcon.colcon_core.shell:Skip shell extension 'dsv' for command environment
[0.627s] INFO:colcon.colcon_core.task.python.build:Building Python package in '/home/robotics/ros2_cobot/src/mycobot_ros2/mycobot_description'
[0.627s] INFO:colcon.colcon_core.shell:Skip shell extension 'powershell' for command environment: Not usable outside of PowerShell
[0.627s] DEBUG:colcon.colcon_core.shell:Skip shell extension 'dsv' for command environment
[0.634s] DEBUG:colcon.colcon_core.event_handler.log_command:Invoking command in '/home/robotics/ros2_cobot/build/mycobot_interfaces': CMAKE_PREFIX_PATH=${CMAKE_PREFIX_PATH}:/home/robotics/ros2_cobot/install/ultraarm:/home/robotics/ros2_cobot/install/mypalletizer_communication:/home/robotics/ros2_cobot/install/mypalletizer_260_pi:/home/robotics/ros2_cobot/install/mypalletizer_260:/home/robotics/ros2_cobot/install/myarm_m750:/home/robotics/ros2_cobot/install/myarm_c650:/home/robotics/ros2_cobot/install/mycobot_communication:/home/robotics/ros2_cobot/install/mecharm_communication:/home/robotics/ros2_cobot/install/mycobot_630:/home/robotics/ros2_cobot/install/mycobot_600:/home/robotics/ros2_cobot/install/mycobot_320pi:/home/robotics/ros2_cobot/install/mycobot_320_riscv:/home/robotics/ros2_cobot/install/mycobot_320:/home/robotics/ros2_cobot/install/mycobot_280pi:/home/robotics/ros2_cobot/install/mycobot_280jn:/home/robotics/ros2_cobot/install/mycobot_280_x3pi:/home/robotics/ros2_cobot/install/mycobot_280_riscv:/home/robotics/ros2_cobot/install/mycobot_280_rdkx5:/home/robotics/ros2_cobot/install/mycobot_280_moveit2_control:/home/robotics/ros2_cobot/install/mycobot_280_arduino:/home/robotics/ros2_cobot/install/mycobot_280:/home/robotics/ros2_cobot/install/mybuddy:/home/robotics/ros2_cobot/install/myarm_300:/home/robotics/ros2_cobot/install/mecharm_pi:/home/robotics/ros2_cobot/install/mecharm:/home/robotics/ros2_cobot/install/mycobot_description:/opt/ros/humble /usr/bin/cmake --build /home/robotics/ros2_cobot/build/mycobot_interfaces -- -j16 -l16
[0.639s] DEBUG:colcon.colcon_core.event_handler.log_command:Invoking command in '/home/robotics/ros2_cobot/build/mypalletizer_interfaces': CMAKE_PREFIX_PATH=${CMAKE_PREFIX_PATH}:/home/robotics/ros2_cobot/install/ultraarm:/home/robotics/ros2_cobot/install/mypalletizer_communication:/home/robotics/ros2_cobot/install/mypalletizer_260_pi:/home/robotics/ros2_cobot/install/mypalletizer_260:/home/robotics/ros2_cobot/install/myarm_m750:/home/robotics/ros2_cobot/install/myarm_c650:/home/robotics/ros2_cobot/install/mycobot_communication:/home/robotics/ros2_cobot/install/mecharm_communication:/home/robotics/ros2_cobot/install/mycobot_630:/home/robotics/ros2_cobot/install/mycobot_600:/home/robotics/ros2_cobot/install/mycobot_320pi:/home/robotics/ros2_cobot/install/mycobot_320_riscv:/home/robotics/ros2_cobot/install/mycobot_320:/home/robotics/ros2_cobot/install/mycobot_280pi:/home/robotics/ros2_cobot/install/mycobot_280jn:/home/robotics/ros2_cobot/install/mycobot_280_x3pi:/home/robotics/ros2_cobot/install/mycobot_280_riscv:/home/robotics/ros2_cobot/install/mycobot_280_rdkx5:/home/robotics/ros2_cobot/install/mycobot_280_moveit2_control:/home/robotics/ros2_cobot/install/mycobot_280_arduino:/home/robotics/ros2_cobot/install/mycobot_280:/home/robotics/ros2_cobot/install/mybuddy:/home/robotics/ros2_cobot/install/myarm_300:/home/robotics/ros2_cobot/install/mecharm_pi:/home/robotics/ros2_cobot/install/mecharm:/home/robotics/ros2_cobot/install/mycobot_description:/opt/ros/humble /usr/bin/cmake --build /home/robotics/ros2_cobot/build/mypalletizer_interfaces -- -j16 -l16
[0.642s] DEBUG:colcon.colcon_core.event_handler.log_command:Invoking command in '/home/robotics/ros2_cobot/build/mecharm_interfaces': CMAKE_PREFIX_PATH=${CMAKE_PREFIX_PATH}:/home/robotics/ros2_cobot/install/ultraarm:/home/robotics/ros2_cobot/install/mypalletizer_communication:/home/robotics/ros2_cobot/install/mypalletizer_260_pi:/home/robotics/ros2_cobot/install/mypalletizer_260:/home/robotics/ros2_cobot/install/myarm_m750:/home/robotics/ros2_cobot/install/myarm_c650:/home/robotics/ros2_cobot/install/mycobot_communication:/home/robotics/ros2_cobot/install/mecharm_communication:/home/robotics/ros2_cobot/install/mycobot_630:/home/robotics/ros2_cobot/install/mycobot_600:/home/robotics/ros2_cobot/install/mycobot_320pi:/home/robotics/ros2_cobot/install/mycobot_320_riscv:/home/robotics/ros2_cobot/install/mycobot_320:/home/robotics/ros2_cobot/install/mycobot_280pi:/home/robotics/ros2_cobot/install/mycobot_280jn:/home/robotics/ros2_cobot/install/mycobot_280_x3pi:/home/robotics/ros2_cobot/install/mycobot_280_riscv:/home/robotics/ros2_cobot/install/mycobot_280_rdkx5:/home/robotics/ros2_cobot/install/mycobot_280_moveit2_control:/home/robotics/ros2_cobot/install/mycobot_280_arduino:/home/robotics/ros2_cobot/install/mycobot_280:/home/robotics/ros2_cobot/install/mybuddy:/home/robotics/ros2_cobot/install/myarm_300:/home/robotics/ros2_cobot/install/mecharm_pi:/home/robotics/ros2_cobot/install/mecharm:/home/robotics/ros2_cobot/install/mycobot_description:/opt/ros/humble /usr/bin/cmake --build /home/robotics/ros2_cobot/build/mecharm_interfaces -- -j16 -l16
[0.647s] DEBUG:colcon.colcon_core.event_handler.log_command:Invoking command in '/home/robotics/ros2_cobot/build/traj_scripts': CMAKE_PREFIX_PATH=${CMAKE_PREFIX_PATH}:/home/robotics/ros2_cobot/install/ultraarm:/home/robotics/ros2_cobot/install/mypalletizer_communication:/home/robotics/ros2_cobot/install/mypalletizer_260_pi:/home/robotics/ros2_cobot/install/mypalletizer_260:/home/robotics/ros2_cobot/install/myarm_m750:/home/robotics/ros2_cobot/install/myarm_c650:/home/robotics/ros2_cobot/install/mycobot_communication:/home/robotics/ros2_cobot/install/mecharm_communication:/home/robotics/ros2_cobot/install/mycobot_630:/home/robotics/ros2_cobot/install/mycobot_600:/home/robotics/ros2_cobot/install/mycobot_320pi:/home/robotics/ros2_cobot/install/mycobot_320_riscv:/home/robotics/ros2_cobot/install/mycobot_320:/home/robotics/ros2_cobot/install/mycobot_280pi:/home/robotics/ros2_cobot/install/mycobot_280jn:/home/robotics/ros2_cobot/install/mycobot_280_x3pi:/home/robotics/ros2_cobot/install/mycobot_280_riscv:/home/robotics/ros2_cobot/install/mycobot_280_rdkx5:/home/robotics/ros2_cobot/install/mycobot_280_moveit2_control:/home/robotics/ros2_cobot/install/mycobot_280_arduino:/home/robotics/ros2_cobot/install/mycobot_280:/home/robotics/ros2_cobot/install/mybuddy:/home/robotics/ros2_cobot/install/myarm_300:/home/robotics/ros2_cobot/install/mecharm_pi:/home/robotics/ros2_cobot/install/mecharm:/home/robotics/ros2_cobot/install/mycobot_description:/opt/ros/humble /usr/bin/cmake --build /home/robotics/ros2_cobot/build/traj_scripts -- -j16 -l16
[1.365s] DEBUG:colcon.colcon_core.event_handler.log_command:Invoked command in '/home/robotics/ros2_cobot/build/mypalletizer_interfaces' returned '0': CMAKE_PREFIX_PATH=${CMAKE_PREFIX_PATH}:/home/robotics/ros2_cobot/install/ultraarm:/home/robotics/ros2_cobot/install/mypalletizer_communication:/home/robotics/ros2_cobot/install/mypalletizer_260_pi:/home/robotics/ros2_cobot/install/mypalletizer_260:/home/robotics/ros2_cobot/install/myarm_m750:/home/robotics/ros2_cobot/install/myarm_c650:/home/robotics/ros2_cobot/install/mycobot_communication:/home/robotics/ros2_cobot/install/mecharm_communication:/home/robotics/ros2_cobot/install/mycobot_630:/home/robotics/ros2_cobot/install/mycobot_600:/home/robotics/ros2_cobot/install/mycobot_320pi:/home/robotics/ros2_cobot/install/mycobot_320_riscv:/home/robotics/ros2_cobot/install/mycobot_320:/home/robotics/ros2_cobot/install/mycobot_280pi:/home/robotics/ros2_cobot/install/mycobot_280jn:/home/robotics/ros2_cobot/install/mycobot_280_x3pi:/home/robotics/ros2_cobot/install/mycobot_280_riscv:/home/robotics/ros2_cobot/install/mycobot_280_rdkx5:/home/robotics/ros2_cobot/install/mycobot_280_moveit2_control:/home/robotics/ros2_cobot/install/mycobot_280_arduino:/home/robotics/ros2_cobot/install/mycobot_280:/home/robotics/ros2_cobot/install/mybuddy:/home/robotics/ros2_cobot/install/myarm_300:/home/robotics/ros2_cobot/install/mecharm_pi:/home/robotics/ros2_cobot/install/mecharm:/home/robotics/ros2_cobot/install/mycobot_description:/opt/ros/humble /usr/bin/cmake --build /home/robotics/ros2_cobot/build/mypalletizer_interfaces -- -j16 -l16
[1.384s] DEBUG:colcon.colcon_core.event_handler.log_command:Invoking command in '/home/robotics/ros2_cobot/build/mypalletizer_interfaces': CMAKE_PREFIX_PATH=${CMAKE_PREFIX_PATH}:/home/robotics/ros2_cobot/install/ultraarm:/home/robotics/ros2_cobot/install/mypalletizer_communication:/home/robotics/ros2_cobot/install/mypalletizer_260_pi:/home/robotics/ros2_cobot/install/mypalletizer_260:/home/robotics/ros2_cobot/install/myarm_m750:/home/robotics/ros2_cobot/install/myarm_c650:/home/robotics/ros2_cobot/install/mycobot_communication:/home/robotics/ros2_cobot/install/mecharm_communication:/home/robotics/ros2_cobot/install/mycobot_630:/home/robotics/ros2_cobot/install/mycobot_600:/home/robotics/ros2_cobot/install/mycobot_320pi:/home/robotics/ros2_cobot/install/mycobot_320_riscv:/home/robotics/ros2_cobot/install/mycobot_320:/home/robotics/ros2_cobot/install/mycobot_280pi:/home/robotics/ros2_cobot/install/mycobot_280jn:/home/robotics/ros2_cobot/install/mycobot_280_x3pi:/home/robotics/ros2_cobot/install/mycobot_280_riscv:/home/robotics/ros2_cobot/install/mycobot_280_rdkx5:/home/robotics/ros2_cobot/install/mycobot_280_moveit2_control:/home/robotics/ros2_cobot/install/mycobot_280_arduino:/home/robotics/ros2_cobot/install/mycobot_280:/home/robotics/ros2_cobot/install/mybuddy:/home/robotics/ros2_cobot/install/myarm_300:/home/robotics/ros2_cobot/install/mecharm_pi:/home/robotics/ros2_cobot/install/mecharm:/home/robotics/ros2_cobot/install/mycobot_description:/opt/ros/humble /usr/bin/cmake --install /home/robotics/ros2_cobot/build/mypalletizer_interfaces
[1.387s] DEBUG:colcon.colcon_core.event_handler.log_command:Invoked command in '/home/robotics/ros2_cobot/build/mycobot_interfaces' returned '0': CMAKE_PREFIX_PATH=${CMAKE_PREFIX_PATH}:/home/robotics/ros2_cobot/install/ultraarm:/home/robotics/ros2_cobot/install/mypalletizer_communication:/home/robotics/ros2_cobot/install/mypalletizer_260_pi:/home/robotics/ros2_cobot/install/mypalletizer_260:/home/robotics/ros2_cobot/install/myarm_m750:/home/robotics/ros2_cobot/install/myarm_c650:/home/robotics/ros2_cobot/install/mycobot_communication:/home/robotics/ros2_cobot/install/mecharm_communication:/home/robotics/ros2_cobot/install/mycobot_630:/home/robotics/ros2_cobot/install/mycobot_600:/home/robotics/ros2_cobot/install/mycobot_320pi:/home/robotics/ros2_cobot/install/mycobot_320_riscv:/home/robotics/ros2_cobot/install/mycobot_320:/home/robotics/ros2_cobot/install/mycobot_280pi:/home/robotics/ros2_cobot/install/mycobot_280jn:/home/robotics/ros2_cobot/install/mycobot_280_x3pi:/home/robotics/ros2_cobot/install/mycobot_280_riscv:/home/robotics/ros2_cobot/install/mycobot_280_rdkx5:/home/robotics/ros2_cobot/install/mycobot_280_moveit2_control:/home/robotics/ros2_cobot/install/mycobot_280_arduino:/home/robotics/ros2_cobot/install/mycobot_280:/home/robotics/ros2_cobot/install/mybuddy:/home/robotics/ros2_cobot/install/myarm_300:/home/robotics/ros2_cobot/install/mecharm_pi:/home/robotics/ros2_cobot/install/mecharm:/home/robotics/ros2_cobot/install/mycobot_description:/opt/ros/humble /usr/bin/cmake --build /home/robotics/ros2_cobot/build/mycobot_interfaces -- -j16 -l16
[1.391s] DEBUG:colcon.colcon_core.event_handler.log_command:Invoking command in '/home/robotics/ros2_cobot/build/mycobot_interfaces': CMAKE_PREFIX_PATH=${CMAKE_PREFIX_PATH}:/home/robotics/ros2_cobot/install/ultraarm:/home/robotics/ros2_cobot/install/mypalletizer_communication:/home/robotics/ros2_cobot/install/mypalletizer_260_pi:/home/robotics/ros2_cobot/install/mypalletizer_260:/home/robotics/ros2_cobot/install/myarm_m750:/home/robotics/ros2_cobot/install/myarm_c650:/home/robotics/ros2_cobot/install/mycobot_communication:/home/robotics/ros2_cobot/install/mecharm_communication:/home/robotics/ros2_cobot/install/mycobot_630:/home/robotics/ros2_cobot/install/mycobot_600:/home/robotics/ros2_cobot/install/mycobot_320pi:/home/robotics/ros2_cobot/install/mycobot_320_riscv:/home/robotics/ros2_cobot/install/mycobot_320:/home/robotics/ros2_cobot/install/mycobot_280pi:/home/robotics/ros2_cobot/install/mycobot_280jn:/home/robotics/ros2_cobot/install/mycobot_280_x3pi:/home/robotics/ros2_cobot/install/mycobot_280_riscv:/home/robotics/ros2_cobot/install/mycobot_280_rdkx5:/home/robotics/ros2_cobot/install/mycobot_280_moveit2_control:/home/robotics/ros2_cobot/install/mycobot_280_arduino:/home/robotics/ros2_cobot/install/mycobot_280:/home/robotics/ros2_cobot/install/mybuddy:/home/robotics/ros2_cobot/install/myarm_300:/home/robotics/ros2_cobot/install/mecharm_pi:/home/robotics/ros2_cobot/install/mecharm:/home/robotics/ros2_cobot/install/mycobot_description:/opt/ros/humble /usr/bin/cmake --install /home/robotics/ros2_cobot/build/mycobot_interfaces
[1.393s] DEBUG:colcon.colcon_core.event_handler.log_command:Invoked command in '/home/robotics/ros2_cobot/build/mecharm_interfaces' returned '0': CMAKE_PREFIX_PATH=${CMAKE_PREFIX_PATH}:/home/robotics/ros2_cobot/install/ultraarm:/home/robotics/ros2_cobot/install/mypalletizer_communication:/home/robotics/ros2_cobot/install/mypalletizer_260_pi:/home/robotics/ros2_cobot/install/mypalletizer_260:/home/robotics/ros2_cobot/install/myarm_m750:/home/robotics/ros2_cobot/install/myarm_c650:/home/robotics/ros2_cobot/install/mycobot_communication:/home/robotics/ros2_cobot/install/mecharm_communication:/home/robotics/ros2_cobot/install/mycobot_630:/home/robotics/ros2_cobot/install/mycobot_600:/home/robotics/ros2_cobot/install/mycobot_320pi:/home/robotics/ros2_cobot/install/mycobot_320_riscv:/home/robotics/ros2_cobot/install/mycobot_320:/home/robotics/ros2_cobot/install/mycobot_280pi:/home/robotics/ros2_cobot/install/mycobot_280jn:/home/robotics/ros2_cobot/install/mycobot_280_x3pi:/home/robotics/ros2_cobot/install/mycobot_280_riscv:/home/robotics/ros2_cobot/install/mycobot_280_rdkx5:/home/robotics/ros2_cobot/install/mycobot_280_moveit2_control:/home/robotics/ros2_cobot/install/mycobot_280_arduino:/home/robotics/ros2_cobot/install/mycobot_280:/home/robotics/ros2_cobot/install/mybuddy:/home/robotics/ros2_cobot/install/myarm_300:/home/robotics/ros2_cobot/install/mecharm_pi:/home/robotics/ros2_cobot/install/mecharm:/home/robotics/ros2_cobot/install/mycobot_description:/opt/ros/humble /usr/bin/cmake --build /home/robotics/ros2_cobot/build/mecharm_interfaces -- -j16 -l16
[1.394s] DEBUG:colcon.colcon_core.event_handler.log_command:Invoking command in '/home/robotics/ros2_cobot/build/mecharm_interfaces': CMAKE_PREFIX_PATH=${CMAKE_PREFIX_PATH}:/home/robotics/ros2_cobot/install/ultraarm:/home/robotics/ros2_cobot/install/mypalletizer_communication:/home/robotics/ros2_cobot/install/mypalletizer_260_pi:/home/robotics/ros2_cobot/install/mypalletizer_260:/home/robotics/ros2_cobot/install/myarm_m750:/home/robotics/ros2_cobot/install/myarm_c650:/home/robotics/ros2_cobot/install/mycobot_communication:/home/robotics/ros2_cobot/install/mecharm_communication:/home/robotics/ros2_cobot/install/mycobot_630:/home/robotics/ros2_cobot/install/mycobot_600:/home/robotics/ros2_cobot/install/mycobot_320pi:/home/robotics/ros2_cobot/install/mycobot_320_riscv:/home/robotics/ros2_cobot/install/mycobot_320:/home/robotics/ros2_cobot/install/mycobot_280pi:/home/robotics/ros2_cobot/install/mycobot_280jn:/home/robotics/ros2_cobot/install/mycobot_280_x3pi:/home/robotics/ros2_cobot/install/mycobot_280_riscv:/home/robotics/ros2_cobot/install/mycobot_280_rdkx5:/home/robotics/ros2_cobot/install/mycobot_280_moveit2_control:/home/robotics/ros2_cobot/install/mycobot_280_arduino:/home/robotics/ros2_cobot/install/mycobot_280:/home/robotics/ros2_cobot/install/mybuddy:/home/robotics/ros2_cobot/install/myarm_300:/home/robotics/ros2_cobot/install/mecharm_pi:/home/robotics/ros2_cobot/install/mecharm:/home/robotics/ros2_cobot/install/mycobot_description:/opt/ros/humble /usr/bin/cmake --install /home/robotics/ros2_cobot/build/mecharm_interfaces
[1.397s] DEBUG:colcon.colcon_core.event_handler.log_command:Invoking command in '/home/robotics/ros2_cobot/src/mycobot_ros2/mycobot_description': PYTHONPATH=/home/robotics/ros2_cobot/build/mycobot_description/prefix_override:/usr/lib/python3/dist-packages/colcon_core/task/python/colcon_distutils_commands:/home/robotics/ros2_cobot/install/mycobot_description/lib/python3.10/site-packages:${PYTHONPATH} /usr/bin/python3 -W ignore:setup.py install is deprecated -W ignore:easy_install command is deprecated setup.py egg_info --egg-base ../../../build/mycobot_description build --build-base /home/robotics/ros2_cobot/build/mycobot_description/build install --record /home/robotics/ros2_cobot/build/mycobot_description/install.log --single-version-externally-managed install_data
[1.480s] Level 1:colcon.colcon_core.environment:create_environment_scripts_only(mycobot_interfaces)
[1.481s] DEBUG:colcon.colcon_core.event_handler.log_command:Invoked command in '/home/robotics/ros2_cobot/build/mycobot_interfaces' returned '0': CMAKE_PREFIX_PATH=${CMAKE_PREFIX_PATH}:/home/robotics/ros2_cobot/install/ultraarm:/home/robotics/ros2_cobot/install/mypalletizer_communication:/home/robotics/ros2_cobot/install/mypalletizer_260_pi:/home/robotics/ros2_cobot/install/mypalletizer_260:/home/robotics/ros2_cobot/install/myarm_m750:/home/robotics/ros2_cobot/install/myarm_c650:/home/robotics/ros2_cobot/install/mycobot_communication:/home/robotics/ros2_cobot/install/mecharm_communication:/home/robotics/ros2_cobot/install/mycobot_630:/home/robotics/ros2_cobot/install/mycobot_600:/home/robotics/ros2_cobot/install/mycobot_320pi:/home/robotics/ros2_cobot/install/mycobot_320_riscv:/home/robotics/ros2_cobot/install/mycobot_320:/home/robotics/ros2_cobot/install/mycobot_280pi:/home/robotics/ros2_cobot/install/mycobot_280jn:/home/robotics/ros2_cobot/install/mycobot_280_x3pi:/home/robotics/ros2_cobot/install/mycobot_280_riscv:/home/robotics/ros2_cobot/install/mycobot_280_rdkx5:/home/robotics/ros2_cobot/install/mycobot_280_moveit2_control:/home/robotics/ros2_cobot/install/mycobot_280_arduino:/home/robotics/ros2_cobot/install/mycobot_280:/home/robotics/ros2_cobot/install/mybuddy:/home/robotics/ros2_cobot/install/myarm_300:/home/robotics/ros2_cobot/install/mecharm_pi:/home/robotics/ros2_cobot/install/mecharm:/home/robotics/ros2_cobot/install/mycobot_description:/opt/ros/humble /usr/bin/cmake --install /home/robotics/ros2_cobot/build/mycobot_interfaces
[1.492s] Level 1:colcon.colcon_core.environment:checking '/home/robotics/ros2_cobot/install/mycobot_interfaces' for CMake module files
[1.495s] Level 1:colcon.colcon_core.environment:checking '/home/robotics/ros2_cobot/install/mycobot_interfaces' for CMake config files
[1.496s] Level 1:colcon.colcon_core.shell:create_environment_hook('mycobot_interfaces', 'cmake_prefix_path')
[1.496s] INFO:colcon.colcon_core.shell:Creating environment hook '/home/robotics/ros2_cobot/install/mycobot_interfaces/share/mycobot_interfaces/hook/cmake_prefix_path.ps1'
[1.497s] INFO:colcon.colcon_core.shell:Creating environment descriptor '/home/robotics/ros2_cobot/install/mycobot_interfaces/share/mycobot_interfaces/hook/cmake_prefix_path.dsv'
[1.497s] INFO:colcon.colcon_core.shell:Creating environment hook '/home/robotics/ros2_cobot/install/mycobot_interfaces/share/mycobot_interfaces/hook/cmake_prefix_path.sh'
[1.498s] Level 1:colcon.colcon_core.environment:checking '/home/robotics/ros2_cobot/install/mycobot_interfaces/lib'
[1.498s] Level 1:colcon.colcon_core.shell:create_environment_hook('mycobot_interfaces', 'ld_library_path_lib')
[1.498s] INFO:colcon.colcon_core.shell:Creating environment hook '/home/robotics/ros2_cobot/install/mycobot_interfaces/share/mycobot_interfaces/hook/ld_library_path_lib.ps1'
[1.498s] INFO:colcon.colcon_core.shell:Creating environment descriptor '/home/robotics/ros2_cobot/install/mycobot_interfaces/share/mycobot_interfaces/hook/ld_library_path_lib.dsv'
[1.498s] INFO:colcon.colcon_core.shell:Creating environment hook '/home/robotics/ros2_cobot/install/mycobot_interfaces/share/mycobot_interfaces/hook/ld_library_path_lib.sh'
[1.499s] Level 1:colcon.colcon_core.environment:checking '/home/robotics/ros2_cobot/install/mycobot_interfaces/bin'
[1.499s] Level 1:colcon.colcon_core.environment:checking '/home/robotics/ros2_cobot/install/mycobot_interfaces/lib/pkgconfig/mycobot_interfaces.pc'
[1.499s] Level 1:colcon.colcon_core.environment:checking '/home/robotics/ros2_cobot/install/mycobot_interfaces/lib/python3.10/site-packages'
[1.499s] Level 1:colcon.colcon_core.environment:checking '/home/robotics/ros2_cobot/install/mycobot_interfaces/bin'
[1.499s] INFO:colcon.colcon_core.shell:Creating package script '/home/robotics/ros2_cobot/install/mycobot_interfaces/share/mycobot_interfaces/package.ps1'
[1.500s] INFO:colcon.colcon_core.shell:Creating package descriptor '/home/robotics/ros2_cobot/install/mycobot_interfaces/share/mycobot_interfaces/package.dsv'
[1.500s] INFO:colcon.colcon_core.shell:Creating package script '/home/robotics/ros2_cobot/install/mycobot_interfaces/share/mycobot_interfaces/package.sh'
[1.501s] INFO:colcon.colcon_core.shell:Creating package script '/home/robotics/ros2_cobot/install/mycobot_interfaces/share/mycobot_interfaces/package.bash'
[1.502s] INFO:colcon.colcon_core.shell:Creating package script '/home/robotics/ros2_cobot/install/mycobot_interfaces/share/mycobot_interfaces/package.zsh'
[1.502s] Level 1:colcon.colcon_core.environment:create_file_with_runtime_dependencies(/home/robotics/ros2_cobot/install/mycobot_interfaces/share/colcon-core/packages/mycobot_interfaces)
[1.505s] Level 1:colcon.colcon_core.environment:create_environment_scripts_only(mycobot_interfaces)
[1.506s] Level 1:colcon.colcon_core.environment:checking '/home/robotics/ros2_cobot/install/mycobot_interfaces' for CMake module files
[1.507s] Level 1:colcon.colcon_core.environment:checking '/home/robotics/ros2_cobot/install/mycobot_interfaces' for CMake config files
[1.507s] Level 1:colcon.colcon_core.shell:create_environment_hook('mycobot_interfaces', 'cmake_prefix_path')
[1.508s] INFO:colcon.colcon_core.shell:Creating environment hook '/home/robotics/ros2_cobot/install/mycobot_interfaces/share/mycobot_interfaces/hook/cmake_prefix_path.ps1'
[1.508s] INFO:colcon.colcon_core.shell:Creating environment descriptor '/home/robotics/ros2_cobot/install/mycobot_interfaces/share/mycobot_interfaces/hook/cmake_prefix_path.dsv'
[1.509s] INFO:colcon.colcon_core.shell:Creating environment hook '/home/robotics/ros2_cobot/install/mycobot_interfaces/share/mycobot_interfaces/hook/cmake_prefix_path.sh'
[1.509s] Level 1:colcon.colcon_core.environment:checking '/home/robotics/ros2_cobot/install/mycobot_interfaces/lib'
[1.509s] Level 1:colcon.colcon_core.shell:create_environment_hook('mycobot_interfaces', 'ld_library_path_lib')
[1.510s] INFO:colcon.colcon_core.shell:Creating environment hook '/home/robotics/ros2_cobot/install/mycobot_interfaces/share/mycobot_interfaces/hook/ld_library_path_lib.ps1'
[1.510s] INFO:colcon.colcon_core.shell:Creating environment descriptor '/home/robotics/ros2_cobot/install/mycobot_interfaces/share/mycobot_interfaces/hook/ld_library_path_lib.dsv'
[1.510s] INFO:colcon.colcon_core.shell:Creating environment hook '/home/robotics/ros2_cobot/install/mycobot_interfaces/share/mycobot_interfaces/hook/ld_library_path_lib.sh'
[1.510s] Level 1:colcon.colcon_core.environment:checking '/home/robotics/ros2_cobot/install/mycobot_interfaces/bin'
[1.510s] Level 1:colcon.colcon_core.environment:checking '/home/robotics/ros2_cobot/install/mycobot_interfaces/lib/pkgconfig/mycobot_interfaces.pc'
[1.511s] Level 1:colcon.colcon_core.environment:checking '/home/robotics/ros2_cobot/install/mycobot_interfaces/lib/python3.10/site-packages'
[1.511s] Level 1:colcon.colcon_core.environment:checking '/home/robotics/ros2_cobot/install/mycobot_interfaces/bin'
[1.511s] INFO:colcon.colcon_core.shell:Creating package script '/home/robotics/ros2_cobot/install/mycobot_interfaces/share/mycobot_interfaces/package.ps1'
[1.511s] INFO:colcon.colcon_core.shell:Creating package descriptor '/home/robotics/ros2_cobot/install/mycobot_interfaces/share/mycobot_interfaces/package.dsv'
[1.512s] INFO:colcon.colcon_core.shell:Creating package script '/home/robotics/ros2_cobot/install/mycobot_interfaces/share/mycobot_interfaces/package.sh'
[1.512s] INFO:colcon.colcon_core.shell:Creating package script '/home/robotics/ros2_cobot/install/mycobot_interfaces/share/mycobot_interfaces/package.bash'
[1.512s] INFO:colcon.colcon_core.shell:Creating package script '/home/robotics/ros2_cobot/install/mycobot_interfaces/share/mycobot_interfaces/package.zsh'
[1.512s] Level 1:colcon.colcon_core.environment:create_file_with_runtime_dependencies(/home/robotics/ros2_cobot/install/mycobot_interfaces/share/colcon-core/packages/mycobot_interfaces)
[1.513s] Level 1:colcon.colcon_core.environment:create_environment_scripts_only(mypalletizer_interfaces)
[1.513s] Level 1:colcon.colcon_core.environment:checking '/home/robotics/ros2_cobot/install/mypalletizer_interfaces' for CMake module files
[1.514s] Level 1:colcon.colcon_core.environment:checking '/home/robotics/ros2_cobot/install/mypalletizer_interfaces' for CMake config files
[1.514s] DEBUG:colcon.colcon_core.event_handler.log_command:Invoked command in '/home/robotics/ros2_cobot/build/mypalletizer_interfaces' returned '0': CMAKE_PREFIX_PATH=${CMAKE_PREFIX_PATH}:/home/robotics/ros2_cobot/install/ultraarm:/home/robotics/ros2_cobot/install/mypalletizer_communication:/home/robotics/ros2_cobot/install/mypalletizer_260_pi:/home/robotics/ros2_cobot/install/mypalletizer_260:/home/robotics/ros2_cobot/install/myarm_m750:/home/robotics/ros2_cobot/install/myarm_c650:/home/robotics/ros2_cobot/install/mycobot_communication:/home/robotics/ros2_cobot/install/mecharm_communication:/home/robotics/ros2_cobot/install/mycobot_630:/home/robotics/ros2_cobot/install/mycobot_600:/home/robotics/ros2_cobot/install/mycobot_320pi:/home/robotics/ros2_cobot/install/mycobot_320_riscv:/home/robotics/ros2_cobot/install/mycobot_320:/home/robotics/ros2_cobot/install/mycobot_280pi:/home/robotics/ros2_cobot/install/mycobot_280jn:/home/robotics/ros2_cobot/install/mycobot_280_x3pi:/home/robotics/ros2_cobot/install/mycobot_280_riscv:/home/robotics/ros2_cobot/install/mycobot_280_rdkx5:/home/robotics/ros2_cobot/install/mycobot_280_moveit2_control:/home/robotics/ros2_cobot/install/mycobot_280_arduino:/home/robotics/ros2_cobot/install/mycobot_280:/home/robotics/ros2_cobot/install/mybuddy:/home/robotics/ros2_cobot/install/myarm_300:/home/robotics/ros2_cobot/install/mecharm_pi:/home/robotics/ros2_cobot/install/mecharm:/home/robotics/ros2_cobot/install/mycobot_description:/opt/ros/humble /usr/bin/cmake --install /home/robotics/ros2_cobot/build/mypalletizer_interfaces
[1.514s] Level 1:colcon.colcon_core.shell:create_environment_hook('mypalletizer_interfaces', 'cmake_prefix_path')
[1.515s] INFO:colcon.colcon_core.shell:Creating environment hook '/home/robotics/ros2_cobot/install/mypalletizer_interfaces/share/mypalletizer_interfaces/hook/cmake_prefix_path.ps1'
[1.515s] INFO:colcon.colcon_core.shell:Creating environment descriptor '/home/robotics/ros2_cobot/install/mypalletizer_interfaces/share/mypalletizer_interfaces/hook/cmake_prefix_path.dsv'
[1.515s] INFO:colcon.colcon_core.shell:Creating environment hook '/home/robotics/ros2_cobot/install/mypalletizer_interfaces/share/mypalletizer_interfaces/hook/cmake_prefix_path.sh'
[1.515s] Level 1:colcon.colcon_core.environment:checking '/home/robotics/ros2_cobot/install/mypalletizer_interfaces/lib'
[1.516s] Level 1:colcon.colcon_core.shell:create_environment_hook('mypalletizer_interfaces', 'ld_library_path_lib')
[1.516s] INFO:colcon.colcon_core.shell:Creating environment hook '/home/robotics/ros2_cobot/install/mypalletizer_interfaces/share/mypalletizer_interfaces/hook/ld_library_path_lib.ps1'
[1.516s] INFO:colcon.colcon_core.shell:Creating environment descriptor '/home/robotics/ros2_cobot/install/mypalletizer_interfaces/share/mypalletizer_interfaces/hook/ld_library_path_lib.dsv'
[1.516s] INFO:colcon.colcon_core.shell:Creating environment hook '/home/robotics/ros2_cobot/install/mypalletizer_interfaces/share/mypalletizer_interfaces/hook/ld_library_path_lib.sh'
[1.516s] Level 1:colcon.colcon_core.environment:checking '/home/robotics/ros2_cobot/install/mypalletizer_interfaces/bin'
[1.516s] Level 1:colcon.colcon_core.environment:checking '/home/robotics/ros2_cobot/install/mypalletizer_interfaces/lib/pkgconfig/mypalletizer_interfaces.pc'
[1.517s] Level 1:colcon.colcon_core.environment:checking '/home/robotics/ros2_cobot/install/mypalletizer_interfaces/lib/python3.10/site-packages'
[1.517s] Level 1:colcon.colcon_core.environment:checking '/home/robotics/ros2_cobot/install/mypalletizer_interfaces/bin'
[1.517s] INFO:colcon.colcon_core.shell:Creating package script '/home/robotics/ros2_cobot/install/mypalletizer_interfaces/share/mypalletizer_interfaces/package.ps1'
[1.517s] INFO:colcon.colcon_core.shell:Creating package descriptor '/home/robotics/ros2_cobot/install/mypalletizer_interfaces/share/mypalletizer_interfaces/package.dsv'
[1.518s] INFO:colcon.colcon_core.shell:Creating package script '/home/robotics/ros2_cobot/install/mypalletizer_interfaces/share/mypalletizer_interfaces/package.sh'
[1.518s] INFO:colcon.colcon_core.shell:Creating package script '/home/robotics/ros2_cobot/install/mypalletizer_interfaces/share/mypalletizer_interfaces/package.bash'
[1.519s] INFO:colcon.colcon_core.shell:Creating package script '/home/robotics/ros2_cobot/install/mypalletizer_interfaces/share/mypalletizer_interfaces/package.zsh'
[1.519s] Level 1:colcon.colcon_core.environment:create_file_with_runtime_dependencies(/home/robotics/ros2_cobot/install/mypalletizer_interfaces/share/colcon-core/packages/mypalletizer_interfaces)
[1.520s] Level 1:colcon.colcon_core.environment:create_environment_scripts_only(mypalletizer_interfaces)
[1.521s] Level 1:colcon.colcon_core.environment:checking '/home/robotics/ros2_cobot/install/mypalletizer_interfaces' for CMake module files
[1.522s] Level 1:colcon.colcon_core.environment:checking '/home/robotics/ros2_cobot/install/mypalletizer_interfaces' for CMake config files
[1.523s] Level 1:colcon.colcon_core.shell:create_environment_hook('mypalletizer_interfaces', 'cmake_prefix_path')
[1.523s] INFO:colcon.colcon_core.shell:Creating environment hook '/home/robotics/ros2_cobot/install/mypalletizer_interfaces/share/mypalletizer_interfaces/hook/cmake_prefix_path.ps1'
[1.523s] INFO:colcon.colcon_core.shell:Creating environment descriptor '/home/robotics/ros2_cobot/install/mypalletizer_interfaces/share/mypalletizer_interfaces/hook/cmake_prefix_path.dsv'
[1.524s] INFO:colcon.colcon_core.shell:Creating environment hook '/home/robotics/ros2_cobot/install/mypalletizer_interfaces/share/mypalletizer_interfaces/hook/cmake_prefix_path.sh'
[1.524s] Level 1:colcon.colcon_core.environment:checking '/home/robotics/ros2_cobot/install/mypalletizer_interfaces/lib'
[1.524s] Level 1:colcon.colcon_core.shell:create_environment_hook('mypalletizer_interfaces', 'ld_library_path_lib')
[1.524s] INFO:colcon.colcon_core.shell:Creating environment hook '/home/robotics/ros2_cobot/install/mypalletizer_interfaces/share/mypalletizer_interfaces/hook/ld_library_path_lib.ps1'
[1.525s] INFO:colcon.colcon_core.shell:Creating environment descriptor '/home/robotics/ros2_cobot/install/mypalletizer_interfaces/share/mypalletizer_interfaces/hook/ld_library_path_lib.dsv'
[1.525s] INFO:colcon.colcon_core.shell:Creating environment hook '/home/robotics/ros2_cobot/install/mypalletizer_interfaces/share/mypalletizer_interfaces/hook/ld_library_path_lib.sh'
[1.525s] Level 1:colcon.colcon_core.environment:checking '/home/robotics/ros2_cobot/install/mypalletizer_interfaces/bin'
[1.525s] Level 1:colcon.colcon_core.environment:checking '/home/robotics/ros2_cobot/install/mypalletizer_interfaces/lib/pkgconfig/mypalletizer_interfaces.pc'
[1.526s] Level 1:colcon.colcon_core.environment:checking '/home/robotics/ros2_cobot/install/mypalletizer_interfaces/lib/python3.10/site-packages'
[1.526s] Level 1:colcon.colcon_core.environment:checking '/home/robotics/ros2_cobot/install/mypalletizer_interfaces/bin'
[1.526s] INFO:colcon.colcon_core.shell:Creating package script '/home/robotics/ros2_cobot/install/mypalletizer_interfaces/share/mypalletizer_interfaces/package.ps1'
[1.526s] INFO:colcon.colcon_core.shell:Creating package descriptor '/home/robotics/ros2_cobot/install/mypalletizer_interfaces/share/mypalletizer_interfaces/package.dsv'
[1.526s] INFO:colcon.colcon_core.shell:Creating package script '/home/robotics/ros2_cobot/install/mypalletizer_interfaces/share/mypalletizer_interfaces/package.sh'
[1.527s] INFO:colcon.colcon_core.shell:Creating package script '/home/robotics/ros2_cobot/install/mypalletizer_interfaces/share/mypalletizer_interfaces/package.bash'
[1.527s] INFO:colcon.colcon_core.shell:Creating package script '/home/robotics/ros2_cobot/install/mypalletizer_interfaces/share/mypalletizer_interfaces/package.zsh'
[1.527s] Level 1:colcon.colcon_core.environment:create_file_with_runtime_dependencies(/home/robotics/ros2_cobot/install/mypalletizer_interfaces/share/colcon-core/packages/mypalletizer_interfaces)
[1.528s] INFO:colcon.colcon_ros.task.ament_python.build:Building ROS package in '/home/robotics/ros2_cobot/src/mycobot_ros2/mycobot_communication' with build type 'ament_python'
[1.528s] Level 1:colcon.colcon_core.shell:create_environment_hook('mycobot_communication', 'ament_prefix_path')
[1.529s] INFO:colcon.colcon_core.shell:Creating environment hook '/home/robotics/ros2_cobot/install/mycobot_communication/share/mycobot_communication/hook/ament_prefix_path.ps1'
[1.529s] INFO:colcon.colcon_core.shell:Creating environment descriptor '/home/robotics/ros2_cobot/install/mycobot_communication/share/mycobot_communication/hook/ament_prefix_path.dsv'
[1.530s] INFO:colcon.colcon_core.shell:Creating environment hook '/home/robotics/ros2_cobot/install/mycobot_communication/share/mycobot_communication/hook/ament_prefix_path.sh'
[1.531s] INFO:colcon.colcon_core.shell:Skip shell extension 'powershell' for command environment: Not usable outside of PowerShell
[1.531s] DEBUG:colcon.colcon_core.shell:Skip shell extension 'dsv' for command environment
[1.541s] INFO:colcon.colcon_ros.task.ament_python.build:Building ROS package in '/home/robotics/ros2_cobot/src/mycobot_ros2/mecharm/mecharm_communication' with build type 'ament_python'
[1.541s] Level 1:colcon.colcon_core.shell:create_environment_hook('mecharm_communication', 'ament_prefix_path')
[1.542s] INFO:colcon.colcon_core.shell:Creating environment hook '/home/robotics/ros2_cobot/install/mecharm_communication/share/mecharm_communication/hook/ament_prefix_path.ps1'
[1.544s] INFO:colcon.colcon_core.shell:Creating environment descriptor '/home/robotics/ros2_cobot/install/mecharm_communication/share/mecharm_communication/hook/ament_prefix_path.dsv'
[1.544s] INFO:colcon.colcon_core.shell:Creating environment hook '/home/robotics/ros2_cobot/install/mecharm_communication/share/mecharm_communication/hook/ament_prefix_path.sh'
[1.545s] INFO:colcon.colcon_core.shell:Skip shell extension 'powershell' for command environment: Not usable outside of PowerShell
[1.545s] DEBUG:colcon.colcon_core.shell:Skip shell extension 'dsv' for command environment
[1.552s] INFO:colcon.colcon_ros.task.ament_python.build:Building ROS package in '/home/robotics/ros2_cobot/src/mycobot_ros2/mypalletizer_260/mypalletizer_communication' with build type 'ament_python'
[1.553s] Level 1:colcon.colcon_core.shell:create_environment_hook('mypalletizer_communication', 'ament_prefix_path')
[1.554s] INFO:colcon.colcon_core.shell:Creating environment hook '/home/robotics/ros2_cobot/install/mypalletizer_communication/share/mypalletizer_communication/hook/ament_prefix_path.ps1'
[1.557s] INFO:colcon.colcon_core.shell:Creating environment descriptor '/home/robotics/ros2_cobot/install/mypalletizer_communication/share/mypalletizer_communication/hook/ament_prefix_path.dsv'
[1.557s] INFO:colcon.colcon_core.shell:Creating environment hook '/home/robotics/ros2_cobot/install/mypalletizer_communication/share/mypalletizer_communication/hook/ament_prefix_path.sh'
[1.558s] INFO:colcon.colcon_core.shell:Skip shell extension 'powershell' for command environment: Not usable outside of PowerShell
[1.559s] DEBUG:colcon.colcon_core.shell:Skip shell extension 'dsv' for command environment
[1.565s] Level 1:colcon.colcon_core.environment:create_environment_scripts_only(mecharm_interfaces)
[1.565s] Level 1:colcon.colcon_core.environment:checking '/home/robotics/ros2_cobot/install/mecharm_interfaces' for CMake module files
[1.566s] DEBUG:colcon.colcon_core.event_handler.log_command:Invoked command in '/home/robotics/ros2_cobot/build/mecharm_interfaces' returned '0': CMAKE_PREFIX_PATH=${CMAKE_PREFIX_PATH}:/home/robotics/ros2_cobot/install/ultraarm:/home/robotics/ros2_cobot/install/mypalletizer_communication:/home/robotics/ros2_cobot/install/mypalletizer_260_pi:/home/robotics/ros2_cobot/install/mypalletizer_260:/home/robotics/ros2_cobot/install/myarm_m750:/home/robotics/ros2_cobot/install/myarm_c650:/home/robotics/ros2_cobot/install/mycobot_communication:/home/robotics/ros2_cobot/install/mecharm_communication:/home/robotics/ros2_cobot/install/mycobot_630:/home/robotics/ros2_cobot/install/mycobot_600:/home/robotics/ros2_cobot/install/mycobot_320pi:/home/robotics/ros2_cobot/install/mycobot_320_riscv:/home/robotics/ros2_cobot/install/mycobot_320:/home/robotics/ros2_cobot/install/mycobot_280pi:/home/robotics/ros2_cobot/install/mycobot_280jn:/home/robotics/ros2_cobot/install/mycobot_280_x3pi:/home/robotics/ros2_cobot/install/mycobot_280_riscv:/home/robotics/ros2_cobot/install/mycobot_280_rdkx5:/home/robotics/ros2_cobot/install/mycobot_280_moveit2_control:/home/robotics/ros2_cobot/install/mycobot_280_arduino:/home/robotics/ros2_cobot/install/mycobot_280:/home/robotics/ros2_cobot/install/mybuddy:/home/robotics/ros2_cobot/install/myarm_300:/home/robotics/ros2_cobot/install/mecharm_pi:/home/robotics/ros2_cobot/install/mecharm:/home/robotics/ros2_cobot/install/mycobot_description:/opt/ros/humble /usr/bin/cmake --install /home/robotics/ros2_cobot/build/mecharm_interfaces
[1.566s] Level 1:colcon.colcon_core.environment:checking '/home/robotics/ros2_cobot/install/mecharm_interfaces' for CMake config files
[1.567s] Level 1:colcon.colcon_core.shell:create_environment_hook('mecharm_interfaces', 'cmake_prefix_path')
[1.567s] INFO:colcon.colcon_core.shell:Creating environment hook '/home/robotics/ros2_cobot/install/mecharm_interfaces/share/mecharm_interfaces/hook/cmake_prefix_path.ps1'
[1.568s] INFO:colcon.colcon_core.shell:Creating environment descriptor '/home/robotics/ros2_cobot/install/mecharm_interfaces/share/mecharm_interfaces/hook/cmake_prefix_path.dsv'
[1.569s] INFO:colcon.colcon_core.shell:Creating environment hook '/home/robotics/ros2_cobot/install/mecharm_interfaces/share/mecharm_interfaces/hook/cmake_prefix_path.sh'
[1.570s] Level 1:colcon.colcon_core.environment:checking '/home/robotics/ros2_cobot/install/mecharm_interfaces/lib'
[1.570s] Level 1:colcon.colcon_core.shell:create_environment_hook('mecharm_interfaces', 'ld_library_path_lib')
[1.571s] INFO:colcon.colcon_core.shell:Creating environment hook '/home/robotics/ros2_cobot/install/mecharm_interfaces/share/mecharm_interfaces/hook/ld_library_path_lib.ps1'
[1.573s] INFO:colcon.colcon_core.shell:Creating environment descriptor '/home/robotics/ros2_cobot/install/mecharm_interfaces/share/mecharm_interfaces/hook/ld_library_path_lib.dsv'
[1.574s] INFO:colcon.colcon_core.shell:Creating environment hook '/home/robotics/ros2_cobot/install/mecharm_interfaces/share/mecharm_interfaces/hook/ld_library_path_lib.sh'
[1.574s] Level 1:colcon.colcon_core.environment:checking '/home/robotics/ros2_cobot/install/mecharm_interfaces/bin'
[1.574s] Level 1:colcon.colcon_core.environment:checking '/home/robotics/ros2_cobot/install/mecharm_interfaces/lib/pkgconfig/mecharm_interfaces.pc'
[1.574s] Level 1:colcon.colcon_core.environment:checking '/home/robotics/ros2_cobot/install/mecharm_interfaces/lib/python3.10/site-packages'
[1.575s] Level 1:colcon.colcon_core.environment:checking '/home/robotics/ros2_cobot/install/mecharm_interfaces/bin'
[1.575s] INFO:colcon.colcon_core.shell:Creating package script '/home/robotics/ros2_cobot/install/mecharm_interfaces/share/mecharm_interfaces/package.ps1'
[1.576s] INFO:colcon.colcon_core.shell:Creating package descriptor '/home/robotics/ros2_cobot/install/mecharm_interfaces/share/mecharm_interfaces/package.dsv'
[1.577s] INFO:colcon.colcon_core.shell:Creating package script '/home/robotics/ros2_cobot/install/mecharm_interfaces/share/mecharm_interfaces/package.sh'
[1.577s] INFO:colcon.colcon_core.shell:Creating package script '/home/robotics/ros2_cobot/install/mecharm_interfaces/share/mecharm_interfaces/package.bash'
[1.578s] INFO:colcon.colcon_core.shell:Creating package script '/home/robotics/ros2_cobot/install/mecharm_interfaces/share/mecharm_interfaces/package.zsh'
[1.578s] Level 1:colcon.colcon_core.environment:create_file_with_runtime_dependencies(/home/robotics/ros2_cobot/install/mecharm_interfaces/share/colcon-core/packages/mecharm_interfaces)
[1.579s] Level 1:colcon.colcon_core.environment:create_environment_scripts_only(mecharm_interfaces)
[1.580s] Level 1:colcon.colcon_core.environment:checking '/home/robotics/ros2_cobot/install/mecharm_interfaces' for CMake module files
[1.580s] Level 1:colcon.colcon_core.environment:checking '/home/robotics/ros2_cobot/install/mecharm_interfaces' for CMake config files
[1.581s] Level 1:colcon.colcon_core.shell:create_environment_hook('mecharm_interfaces', 'cmake_prefix_path')
[1.581s] INFO:colcon.colcon_core.shell:Creating environment hook '/home/robotics/ros2_cobot/install/mecharm_interfaces/share/mecharm_interfaces/hook/cmake_prefix_path.ps1'
[1.581s] INFO:colcon.colcon_core.shell:Creating environment descriptor '/home/robotics/ros2_cobot/install/mecharm_interfaces/share/mecharm_interfaces/hook/cmake_prefix_path.dsv'
[1.581s] INFO:colcon.colcon_core.shell:Creating environment hook '/home/robotics/ros2_cobot/install/mecharm_interfaces/share/mecharm_interfaces/hook/cmake_prefix_path.sh'
[1.582s] Level 1:colcon.colcon_core.environment:checking '/home/robotics/ros2_cobot/install/mecharm_interfaces/lib'
[1.582s] Level 1:colcon.colcon_core.shell:create_environment_hook('mecharm_interfaces', 'ld_library_path_lib')
[1.582s] INFO:colcon.colcon_core.shell:Creating environment hook '/home/robotics/ros2_cobot/install/mecharm_interfaces/share/mecharm_interfaces/hook/ld_library_path_lib.ps1'
[1.582s] INFO:colcon.colcon_core.shell:Creating environment descriptor '/home/robotics/ros2_cobot/install/mecharm_interfaces/share/mecharm_interfaces/hook/ld_library_path_lib.dsv'
[1.583s] INFO:colcon.colcon_core.shell:Creating environment hook '/home/robotics/ros2_cobot/install/mecharm_interfaces/share/mecharm_interfaces/hook/ld_library_path_lib.sh'
[1.583s] Level 1:colcon.colcon_core.environment:checking '/home/robotics/ros2_cobot/install/mecharm_interfaces/bin'
[1.583s] Level 1:colcon.colcon_core.environment:checking '/home/robotics/ros2_cobot/install/mecharm_interfaces/lib/pkgconfig/mecharm_interfaces.pc'
[1.583s] Level 1:colcon.colcon_core.environment:checking '/home/robotics/ros2_cobot/install/mecharm_interfaces/lib/python3.10/site-packages'
[1.583s] Level 1:colcon.colcon_core.environment:checking '/home/robotics/ros2_cobot/install/mecharm_interfaces/bin'
[1.583s] INFO:colcon.colcon_core.shell:Creating package script '/home/robotics/ros2_cobot/install/mecharm_interfaces/share/mecharm_interfaces/package.ps1'
[1.584s] INFO:colcon.colcon_core.shell:Creating package descriptor '/home/robotics/ros2_cobot/install/mecharm_interfaces/share/mecharm_interfaces/package.dsv'
[1.584s] INFO:colcon.colcon_core.shell:Creating package script '/home/robotics/ros2_cobot/install/mecharm_interfaces/share/mecharm_interfaces/package.sh'
[1.585s] INFO:colcon.colcon_core.shell:Creating package script '/home/robotics/ros2_cobot/install/mecharm_interfaces/share/mecharm_interfaces/package.bash'
[1.585s] INFO:colcon.colcon_core.shell:Creating package script '/home/robotics/ros2_cobot/install/mecharm_interfaces/share/mecharm_interfaces/package.zsh'
[1.586s] Level 1:colcon.colcon_core.environment:create_file_with_runtime_dependencies(/home/robotics/ros2_cobot/install/mecharm_interfaces/share/colcon-core/packages/mecharm_interfaces)
[1.980s] INFO:colcon.colcon_core.task.python.build:Building Python package in '/home/robotics/ros2_cobot/src/mycobot_ros2/mycobot_communication'
[1.981s] INFO:colcon.colcon_core.shell:Skip shell extension 'powershell' for command environment: Not usable outside of PowerShell
[1.981s] DEBUG:colcon.colcon_core.shell:Skip shell extension 'dsv' for command environment
[2.317s] INFO:colcon.colcon_core.task.python.build:Building Python package in '/home/robotics/ros2_cobot/src/mycobot_ros2/mecharm/mecharm_communication'
[2.318s] INFO:colcon.colcon_core.shell:Skip shell extension 'powershell' for command environment: Not usable outside of PowerShell
[2.318s] DEBUG:colcon.colcon_core.shell:Skip shell extension 'dsv' for command environment
[2.626s] INFO:colcon.colcon_core.task.python.build:Building Python package in '/home/robotics/ros2_cobot/src/mycobot_ros2/mypalletizer_260/mypalletizer_communication'
[2.627s] INFO:colcon.colcon_core.shell:Skip shell extension 'powershell' for command environment: Not usable outside of PowerShell
[2.627s] DEBUG:colcon.colcon_core.shell:Skip shell extension 'dsv' for command environment
[2.633s] Level 1:colcon.colcon_core.environment:checking '/home/robotics/ros2_cobot/install/mycobot_description' for CMake module files
[2.634s] DEBUG:colcon.colcon_core.event_handler.log_command:Invoked command in '/home/robotics/ros2_cobot/src/mycobot_ros2/mycobot_description' returned '0': PYTHONPATH=/home/robotics/ros2_cobot/build/mycobot_description/prefix_override:/usr/lib/python3/dist-packages/colcon_core/task/python/colcon_distutils_commands:/home/robotics/ros2_cobot/install/mycobot_description/lib/python3.10/site-packages:${PYTHONPATH} /usr/bin/python3 -W ignore:setup.py install is deprecated -W ignore:easy_install command is deprecated setup.py egg_info --egg-base ../../../build/mycobot_description build --build-base /home/robotics/ros2_cobot/build/mycobot_description/build install --record /home/robotics/ros2_cobot/build/mycobot_description/install.log --single-version-externally-managed install_data
[2.634s] Level 1:colcon.colcon_core.environment:checking '/home/robotics/ros2_cobot/install/mycobot_description' for CMake config files
[2.635s] Level 1:colcon.colcon_core.environment:checking '/home/robotics/ros2_cobot/install/mycobot_description/lib'
[2.636s] Level 1:colcon.colcon_core.environment:checking '/home/robotics/ros2_cobot/install/mycobot_description/bin'
[2.636s] Level 1:colcon.colcon_core.environment:checking '/home/robotics/ros2_cobot/install/mycobot_description/lib/pkgconfig/mycobot_description.pc'
[2.637s] Level 1:colcon.colcon_core.environment:checking '/home/robotics/ros2_cobot/install/mycobot_description/lib/python3.10/site-packages'
[2.637s] Level 1:colcon.colcon_core.shell:create_environment_hook('mycobot_description', 'pythonpath')
[2.637s] INFO:colcon.colcon_core.shell:Creating environment hook '/home/robotics/ros2_cobot/install/mycobot_description/share/mycobot_description/hook/pythonpath.ps1'
[2.640s] INFO:colcon.colcon_core.shell:Creating environment descriptor '/home/robotics/ros2_cobot/install/mycobot_description/share/mycobot_description/hook/pythonpath.dsv'
[2.641s] INFO:colcon.colcon_core.shell:Creating environment hook '/home/robotics/ros2_cobot/install/mycobot_description/share/mycobot_description/hook/pythonpath.sh'
[2.641s] Level 1:colcon.colcon_core.environment:checking '/home/robotics/ros2_cobot/install/mycobot_description/bin'
[2.641s] Level 1:colcon.colcon_core.environment:create_environment_scripts_only(mycobot_description)
[2.642s] INFO:colcon.colcon_core.shell:Creating package script '/home/robotics/ros2_cobot/install/mycobot_description/share/mycobot_description/package.ps1'
[2.643s] INFO:colcon.colcon_core.shell:Creating package descriptor '/home/robotics/ros2_cobot/install/mycobot_description/share/mycobot_description/package.dsv'
[2.643s] INFO:colcon.colcon_core.shell:Creating package script '/home/robotics/ros2_cobot/install/mycobot_description/share/mycobot_description/package.sh'
[2.644s] INFO:colcon.colcon_core.shell:Creating package script '/home/robotics/ros2_cobot/install/mycobot_description/share/mycobot_description/package.bash'
[2.644s] INFO:colcon.colcon_core.shell:Creating package script '/home/robotics/ros2_cobot/install/mycobot_description/share/mycobot_description/package.zsh'
[2.644s] Level 1:colcon.colcon_core.environment:create_file_with_runtime_dependencies(/home/robotics/ros2_cobot/install/mycobot_description/share/colcon-core/packages/mycobot_description)
[2.647s] INFO:colcon.colcon_ros.task.ament_python.build:Building ROS package in '/home/robotics/ros2_cobot/src/mycobot_ros2/mecharm/mecharm' with build type 'ament_python'
[2.648s] Level 1:colcon.colcon_core.shell:create_environment_hook('mecharm', 'ament_prefix_path')
[2.648s] INFO:colcon.colcon_core.shell:Creating environment hook '/home/robotics/ros2_cobot/install/mecharm/share/mecharm/hook/ament_prefix_path.ps1'
[2.649s] INFO:colcon.colcon_core.shell:Creating environment descriptor '/home/robotics/ros2_cobot/install/mecharm/share/mecharm/hook/ament_prefix_path.dsv'
[2.649s] INFO:colcon.colcon_core.shell:Creating environment hook '/home/robotics/ros2_cobot/install/mecharm/share/mecharm/hook/ament_prefix_path.sh'
[2.650s] INFO:colcon.colcon_core.shell:Skip shell extension 'powershell' for command environment: Not usable outside of PowerShell
[2.650s] DEBUG:colcon.colcon_core.shell:Skip shell extension 'dsv' for command environment
[2.658s] INFO:colcon.colcon_ros.task.ament_python.build:Building ROS package in '/home/robotics/ros2_cobot/src/mycobot_ros2/mecharm/mecharm_pi' with build type 'ament_python'
[2.659s] Level 1:colcon.colcon_core.shell:create_environment_hook('mecharm_pi', 'ament_prefix_path')
[2.660s] INFO:colcon.colcon_core.shell:Creating environment hook '/home/robotics/ros2_cobot/install/mecharm_pi/share/mecharm_pi/hook/ament_prefix_path.ps1'
[2.661s] INFO:colcon.colcon_core.shell:Creating environment descriptor '/home/robotics/ros2_cobot/install/mecharm_pi/share/mecharm_pi/hook/ament_prefix_path.dsv'
[2.661s] INFO:colcon.colcon_core.shell:Creating environment hook '/home/robotics/ros2_cobot/install/mecharm_pi/share/mecharm_pi/hook/ament_prefix_path.sh'
[2.662s] INFO:colcon.colcon_core.shell:Skip shell extension 'powershell' for command environment: Not usable outside of PowerShell
[2.662s] DEBUG:colcon.colcon_core.shell:Skip shell extension 'dsv' for command environment
[2.668s] INFO:colcon.colcon_ros.task.ament_python.build:Building ROS package in '/home/robotics/ros2_cobot/src/mycobot_ros2/myArm/myarm_300' with build type 'ament_python'
[2.668s] Level 1:colcon.colcon_core.shell:create_environment_hook('myarm_300', 'ament_prefix_path')
[2.669s] INFO:colcon.colcon_core.shell:Creating environment hook '/home/robotics/ros2_cobot/install/myarm_300/share/myarm_300/hook/ament_prefix_path.ps1'
[2.671s] INFO:colcon.colcon_core.shell:Creating environment descriptor '/home/robotics/ros2_cobot/install/myarm_300/share/myarm_300/hook/ament_prefix_path.dsv'
[2.672s] INFO:colcon.colcon_core.shell:Creating environment hook '/home/robotics/ros2_cobot/install/myarm_300/share/myarm_300/hook/ament_prefix_path.sh'
[2.674s] INFO:colcon.colcon_core.shell:Skip shell extension 'powershell' for command environment: Not usable outside of PowerShell
[2.674s] DEBUG:colcon.colcon_core.shell:Skip shell extension 'dsv' for command environment
[2.680s] INFO:colcon.colcon_ros.task.ament_python.build:Building ROS package in '/home/robotics/ros2_cobot/src/mycobot_ros2/Mybuddy/mybuddy' with build type 'ament_python'
[2.680s] Level 1:colcon.colcon_core.shell:create_environment_hook('mybuddy', 'ament_prefix_path')
[2.681s] INFO:colcon.colcon_core.shell:Creating environment hook '/home/robotics/ros2_cobot/install/mybuddy/share/mybuddy/hook/ament_prefix_path.ps1'
[2.681s] INFO:colcon.colcon_core.shell:Creating environment descriptor '/home/robotics/ros2_cobot/install/mybuddy/share/mybuddy/hook/ament_prefix_path.dsv'
[2.682s] INFO:colcon.colcon_core.shell:Creating environment hook '/home/robotics/ros2_cobot/install/mybuddy/share/mybuddy/hook/ament_prefix_path.sh'
[2.682s] INFO:colcon.colcon_core.shell:Skip shell extension 'powershell' for command environment: Not usable outside of PowerShell
[2.682s] DEBUG:colcon.colcon_core.shell:Skip shell extension 'dsv' for command environment
[2.690s] INFO:colcon.colcon_ros.task.ament_python.build:Building ROS package in '/home/robotics/ros2_cobot/src/mycobot_ros2/mycobot_280/mycobot_280' with build type 'ament_python'
[2.691s] Level 1:colcon.colcon_core.shell:create_environment_hook('mycobot_280', 'ament_prefix_path')
[2.691s] INFO:colcon.colcon_core.shell:Creating environment hook '/home/robotics/ros2_cobot/install/mycobot_280/share/mycobot_280/hook/ament_prefix_path.ps1'
[2.692s] INFO:colcon.colcon_core.shell:Creating environment descriptor '/home/robotics/ros2_cobot/install/mycobot_280/share/mycobot_280/hook/ament_prefix_path.dsv'
[2.693s] INFO:colcon.colcon_core.shell:Creating environment hook '/home/robotics/ros2_cobot/install/mycobot_280/share/mycobot_280/hook/ament_prefix_path.sh'
[2.694s] INFO:colcon.colcon_core.shell:Skip shell extension 'powershell' for command environment: Not usable outside of PowerShell
[2.694s] DEBUG:colcon.colcon_core.shell:Skip shell extension 'dsv' for command environment
[2.698s] INFO:colcon.colcon_ros.task.ament_python.build:Building ROS package in '/home/robotics/ros2_cobot/src/mycobot_ros2/mycobot_280/mycobot_280_arduino' with build type 'ament_python'
[2.698s] Level 1:colcon.colcon_core.shell:create_environment_hook('mycobot_280_arduino', 'ament_prefix_path')
[2.699s] INFO:colcon.colcon_core.shell:Creating environment hook '/home/robotics/ros2_cobot/install/mycobot_280_arduino/share/mycobot_280_arduino/hook/ament_prefix_path.ps1'
[2.699s] INFO:colcon.colcon_core.shell:Creating environment descriptor '/home/robotics/ros2_cobot/install/mycobot_280_arduino/share/mycobot_280_arduino/hook/ament_prefix_path.dsv'
[2.700s] INFO:colcon.colcon_core.shell:Creating environment hook '/home/robotics/ros2_cobot/install/mycobot_280_arduino/share/mycobot_280_arduino/hook/ament_prefix_path.sh'
[2.700s] INFO:colcon.colcon_core.shell:Skip shell extension 'powershell' for command environment: Not usable outside of PowerShell
[2.700s] DEBUG:colcon.colcon_core.shell:Skip shell extension 'dsv' for command environment
[2.708s] INFO:colcon.colcon_ros.task.ament_cmake.build:Building ROS package in '/home/robotics/ros2_cobot/src/mycobot_ros2/mycobot_280/mycobot_280_moveit2' with build type 'ament_cmake'
[2.708s] INFO:colcon.colcon_cmake.task.cmake.build:Building CMake package in '/home/robotics/ros2_cobot/src/mycobot_ros2/mycobot_280/mycobot_280_moveit2'
[2.709s] INFO:colcon.colcon_core.shell:Skip shell extension 'powershell' for command environment: Not usable outside of PowerShell
[2.709s] DEBUG:colcon.colcon_core.shell:Skip shell extension 'dsv' for command environment
[2.715s] INFO:colcon.colcon_ros.task.ament_python.build:Building ROS package in '/home/robotics/ros2_cobot/src/mycobot_ros2/mycobot_280/mycobot_280_moveit2_control' with build type 'ament_python'
[2.715s] Level 1:colcon.colcon_core.shell:create_environment_hook('mycobot_280_moveit2_control', 'ament_prefix_path')
[2.716s] INFO:colcon.colcon_core.shell:Creating environment hook '/home/robotics/ros2_cobot/install/mycobot_280_moveit2_control/share/mycobot_280_moveit2_control/hook/ament_prefix_path.ps1'
[2.717s] INFO:colcon.colcon_core.shell:Creating environment descriptor '/home/robotics/ros2_cobot/install/mycobot_280_moveit2_control/share/mycobot_280_moveit2_control/hook/ament_prefix_path.dsv'
[2.717s] INFO:colcon.colcon_core.shell:Creating environment hook '/home/robotics/ros2_cobot/install/mycobot_280_moveit2_control/share/mycobot_280_moveit2_control/hook/ament_prefix_path.sh'
[2.719s] INFO:colcon.colcon_core.shell:Skip shell extension 'powershell' for command environment: Not usable outside of PowerShell
[2.719s] DEBUG:colcon.colcon_core.shell:Skip shell extension 'dsv' for command environment
[2.726s] INFO:colcon.colcon_ros.task.ament_python.build:Building ROS package in '/home/robotics/ros2_cobot/src/mycobot_ros2/mycobot_280/mycobot_280_riscv' with build type 'ament_python'
[2.726s] Level 1:colcon.colcon_core.shell:create_environment_hook('mycobot_280_riscv', 'ament_prefix_path')
[2.726s] INFO:colcon.colcon_core.shell:Creating environment hook '/home/robotics/ros2_cobot/install/mycobot_280_riscv/share/mycobot_280_riscv/hook/ament_prefix_path.ps1'
[2.727s] INFO:colcon.colcon_core.shell:Creating environment descriptor '/home/robotics/ros2_cobot/install/mycobot_280_riscv/share/mycobot_280_riscv/hook/ament_prefix_path.dsv'
[2.727s] INFO:colcon.colcon_core.shell:Creating environment hook '/home/robotics/ros2_cobot/install/mycobot_280_riscv/share/mycobot_280_riscv/hook/ament_prefix_path.sh'
[2.727s] INFO:colcon.colcon_core.shell:Skip shell extension 'powershell' for command environment: Not usable outside of PowerShell
[2.727s] DEBUG:colcon.colcon_core.shell:Skip shell extension 'dsv' for command environment
[2.731s] INFO:colcon.colcon_ros.task.ament_python.build:Building ROS package in '/home/robotics/ros2_cobot/src/mycobot_ros2/mycobot_280/mycobot_280_x3pi' with build type 'ament_python'
[2.732s] Level 1:colcon.colcon_core.shell:create_environment_hook('mycobot_280_x3pi', 'ament_prefix_path')
[2.732s] INFO:colcon.colcon_core.shell:Creating environment hook '/home/robotics/ros2_cobot/install/mycobot_280_x3pi/share/mycobot_280_x3pi/hook/ament_prefix_path.ps1'
[2.732s] INFO:colcon.colcon_core.shell:Creating environment descriptor '/home/robotics/ros2_cobot/install/mycobot_280_x3pi/share/mycobot_280_x3pi/hook/ament_prefix_path.dsv'
[2.733s] INFO:colcon.colcon_core.shell:Creating environment hook '/home/robotics/ros2_cobot/install/mycobot_280_x3pi/share/mycobot_280_x3pi/hook/ament_prefix_path.sh'
[2.733s] INFO:colcon.colcon_core.shell:Skip shell extension 'powershell' for command environment: Not usable outside of PowerShell
[2.733s] DEBUG:colcon.colcon_core.shell:Skip shell extension 'dsv' for command environment
[2.743s] INFO:colcon.colcon_ros.task.ament_cmake.build:Building ROS package in '/home/robotics/ros2_cobot/src/mycobot_ros2/mycobot_280/mycobot_280arduino_moveit2' with build type 'ament_cmake'
[2.744s] INFO:colcon.colcon_cmake.task.cmake.build:Building CMake package in '/home/robotics/ros2_cobot/src/mycobot_ros2/mycobot_280/mycobot_280arduino_moveit2'
[2.744s] INFO:colcon.colcon_core.shell:Skip shell extension 'powershell' for command environment: Not usable outside of PowerShell
[2.744s] DEBUG:colcon.colcon_core.shell:Skip shell extension 'dsv' for command environment
[2.750s] INFO:colcon.colcon_ros.task.ament_python.build:Building ROS package in '/home/robotics/ros2_cobot/src/mycobot_ros2/mycobot_280/mycobot_280jn' with build type 'ament_python'
[2.750s] Level 1:colcon.colcon_core.shell:create_environment_hook('mycobot_280jn', 'ament_prefix_path')
[2.750s] INFO:colcon.colcon_core.shell:Creating environment hook '/home/robotics/ros2_cobot/install/mycobot_280jn/share/mycobot_280jn/hook/ament_prefix_path.ps1'
[2.751s] INFO:colcon.colcon_core.shell:Creating environment descriptor '/home/robotics/ros2_cobot/install/mycobot_280jn/share/mycobot_280jn/hook/ament_prefix_path.dsv'
[2.751s] INFO:colcon.colcon_core.shell:Creating environment hook '/home/robotics/ros2_cobot/install/mycobot_280jn/share/mycobot_280jn/hook/ament_prefix_path.sh'
[2.751s] INFO:colcon.colcon_core.shell:Skip shell extension 'powershell' for command environment: Not usable outside of PowerShell
[2.751s] DEBUG:colcon.colcon_core.shell:Skip shell extension 'dsv' for command environment
[3.103s] INFO:colcon.colcon_core.task.python.build:Building Python package in '/home/robotics/ros2_cobot/src/mycobot_ros2/mecharm/mecharm'
[3.104s] INFO:colcon.colcon_core.shell:Skip shell extension 'powershell' for command environment: Not usable outside of PowerShell
[3.104s] DEBUG:colcon.colcon_core.shell:Skip shell extension 'dsv' for command environment
[3.327s] INFO:colcon.colcon_core.task.python.build:Building Python package in '/home/robotics/ros2_cobot/src/mycobot_ros2/mecharm/mecharm_pi'
[3.328s] INFO:colcon.colcon_core.shell:Skip shell extension 'powershell' for command environment: Not usable outside of PowerShell
[3.328s] DEBUG:colcon.colcon_core.shell:Skip shell extension 'dsv' for command environment
[3.540s] INFO:colcon.colcon_core.task.python.build:Building Python package in '/home/robotics/ros2_cobot/src/mycobot_ros2/myArm/myarm_300'
[3.541s] INFO:colcon.colcon_core.shell:Skip shell extension 'powershell' for command environment: Not usable outside of PowerShell
[3.541s] DEBUG:colcon.colcon_core.shell:Skip shell extension 'dsv' for command environment
[3.751s] INFO:colcon.colcon_core.task.python.build:Building Python package in '/home/robotics/ros2_cobot/src/mycobot_ros2/Mybuddy/mybuddy'
[3.752s] INFO:colcon.colcon_core.shell:Skip shell extension 'powershell' for command environment: Not usable outside of PowerShell
[3.752s] DEBUG:colcon.colcon_core.shell:Skip shell extension 'dsv' for command environment
[3.966s] INFO:colcon.colcon_core.task.python.build:Building Python package in '/home/robotics/ros2_cobot/src/mycobot_ros2/mycobot_280/mycobot_280'
[3.966s] INFO:colcon.colcon_core.shell:Skip shell extension 'powershell' for command environment: Not usable outside of PowerShell
[3.966s] DEBUG:colcon.colcon_core.shell:Skip shell extension 'dsv' for command environment
[4.180s] INFO:colcon.colcon_core.task.python.build:Building Python package in '/home/robotics/ros2_cobot/src/mycobot_ros2/mycobot_280/mycobot_280_arduino'
[4.181s] INFO:colcon.colcon_core.shell:Skip shell extension 'powershell' for command environment: Not usable outside of PowerShell
[4.181s] DEBUG:colcon.colcon_core.shell:Skip shell extension 'dsv' for command environment
[4.192s] DEBUG:colcon.colcon_core.event_handler.log_command:Invoking command in '/home/robotics/ros2_cobot/build/mycobot_280_moveit2': AMENT_PREFIX_PATH=/home/robotics/ros2_cobot/install/mycobot_description:/home/robotics/ros2_cobot/install/ultraarm:/home/robotics/ros2_cobot/install/traj_scripts:/home/robotics/ros2_cobot/install/mypalletizer_communication:/home/robotics/ros2_cobot/install/mypalletizer_interfaces:/home/robotics/ros2_cobot/install/mypalletizer_260_pi:/home/robotics/ros2_cobot/install/mypalletizer_260:/home/robotics/ros2_cobot/install/myarm_m750:/home/robotics/ros2_cobot/install/myarm_c650:/home/robotics/ros2_cobot/install/mycobot_communication:/home/robotics/ros2_cobot/install/mecharm_communication:/home/robotics/ros2_cobot/install/mycobot_interfaces:/home/robotics/ros2_cobot/install/mycobot_630:/home/robotics/ros2_cobot/install/mycobot_600:/home/robotics/ros2_cobot/install/mycobot_320pi:/home/robotics/ros2_cobot/install/mycobot_320_riscv:/home/robotics/ros2_cobot/install/mycobot_320:/home/robotics/ros2_cobot/install/mycobot_280rdkx5_moveit2:/home/robotics/ros2_cobot/install/mycobot_280pi:/home/robotics/ros2_cobot/install/mycobot_280jn:/home/robotics/ros2_cobot/install/mycobot_280arduino_moveit2:/home/robotics/ros2_cobot/install/mycobot_280_x3pi:/home/robotics/ros2_cobot/install/mycobot_280_riscv:/home/robotics/ros2_cobot/install/mycobot_280_rdkx5:/home/robotics/ros2_cobot/install/mycobot_280_moveit2_control:/home/robotics/ros2_cobot/install/mycobot_280_moveit2:/home/robotics/ros2_cobot/install/mycobot_280_arduino:/home/robotics/ros2_cobot/install/mycobot_280:/home/robotics/ros2_cobot/install/mybuddy:/home/robotics/ros2_cobot/install/myarm_300:/home/robotics/ros2_cobot/install/mecharm_pi:/home/robotics/ros2_cobot/install/mecharm:/home/robotics/ros2_cobot/install/mecharm_interfaces:/opt/ros/humble CMAKE_PREFIX_PATH=${CMAKE_PREFIX_PATH}:/home/robotics/ros2_cobot/install/ultraarm:/home/robotics/ros2_cobot/install/mypalletizer_communication:/home/robotics/ros2_cobot/install/mypalletizer_260_pi:/home/robotics/ros2_cobot/install/mypalletizer_260:/home/robotics/ros2_cobot/install/myarm_m750:/home/robotics/ros2_cobot/install/myarm_c650:/home/robotics/ros2_cobot/install/mycobot_communication:/home/robotics/ros2_cobot/install/mecharm_communication:/home/robotics/ros2_cobot/install/mycobot_630:/home/robotics/ros2_cobot/install/mycobot_600:/home/robotics/ros2_cobot/install/mycobot_320pi:/home/robotics/ros2_cobot/install/mycobot_320_riscv:/home/robotics/ros2_cobot/install/mycobot_320:/home/robotics/ros2_cobot/install/mycobot_280pi:/home/robotics/ros2_cobot/install/mycobot_280jn:/home/robotics/ros2_cobot/install/mycobot_280_x3pi:/home/robotics/ros2_cobot/install/mycobot_280_riscv:/home/robotics/ros2_cobot/install/mycobot_280_rdkx5:/home/robotics/ros2_cobot/install/mycobot_280_moveit2_control:/home/robotics/ros2_cobot/install/mycobot_280_arduino:/home/robotics/ros2_cobot/install/mycobot_280:/home/robotics/ros2_cobot/install/mybuddy:/home/robotics/ros2_cobot/install/myarm_300:/home/robotics/ros2_cobot/install/mecharm_pi:/home/robotics/ros2_cobot/install/mecharm:/home/robotics/ros2_cobot/install/mycobot_description:/opt/ros/humble PYTHONPATH=/home/robotics/ros2_cobot/install/mycobot_description/lib/python3.10/site-packages:/home/robotics/ros2_cobot/install/ultraarm/lib/python3.10/site-packages:/home/robotics/ros2_cobot/install/traj_scripts/local/lib/python3.10/dist-packages:/home/robotics/ros2_cobot/install/mypalletizer_communication/lib/python3.10/site-packages:/home/robotics/ros2_cobot/install/mypalletizer_interfaces/local/lib/python3.10/dist-packages:/home/robotics/ros2_cobot/install/mypalletizer_260_pi/lib/python3.10/site-packages:/home/robotics/ros2_cobot/install/mypalletizer_260/lib/python3.10/site-packages:/home/robotics/ros2_cobot/install/myarm_m750/lib/python3.10/site-packages:/home/robotics/ros2_cobot/install/myarm_c650/lib/python3.10/site-packages:/home/robotics/ros2_cobot/install/mycobot_communication/lib/python3.10/site-packages:/home/robotics/ros2_cobot/install/mecharm_communication/lib/python3.10/site-packages:/home/robotics/ros2_cobot/install/mycobot_interfaces/local/lib/python3.10/dist-packages:/home/robotics/ros2_cobot/install/mycobot_630/lib/python3.10/site-packages:/home/robotics/ros2_cobot/install/mycobot_600/lib/python3.10/site-packages:/home/robotics/ros2_cobot/install/mycobot_320pi/lib/python3.10/site-packages:/home/robotics/ros2_cobot/install/mycobot_320_riscv/lib/python3.10/site-packages:/home/robotics/ros2_cobot/install/mycobot_320/lib/python3.10/site-packages:/home/robotics/ros2_cobot/install/mycobot_280pi/lib/python3.10/site-packages:/home/robotics/ros2_cobot/install/mycobot_280jn/lib/python3.10/site-packages:/home/robotics/ros2_cobot/install/mycobot_280_x3pi/lib/python3.10/site-packages:/home/robotics/ros2_cobot/install/mycobot_280_riscv/lib/python3.10/site-packages:/home/robotics/ros2_cobot/install/mycobot_280_rdkx5/lib/python3.10/site-packages:/home/robotics/ros2_cobot/install/mycobot_280_moveit2_control/lib/python3.10/site-packages:/home/robotics/ros2_cobot/install/mycobot_280_arduino/lib/python3.10/site-packages:/home/robotics/ros2_cobot/install/mycobot_280/lib/python3.10/site-packages:/home/robotics/ros2_cobot/install/mybuddy/lib/python3.10/site-packages:/home/robotics/ros2_cobot/install/myarm_300/lib/python3.10/site-packages:/home/robotics/ros2_cobot/install/mecharm_pi/lib/python3.10/site-packages:/home/robotics/ros2_cobot/install/mecharm/lib/python3.10/site-packages:/home/robotics/ros2_cobot/install/mecharm_interfaces/local/lib/python3.10/dist-packages:/opt/ros/humble/lib/python3.10/site-packages:/opt/ros/humble/local/lib/python3.10/dist-packages /usr/bin/cmake --build /home/robotics/ros2_cobot/build/mycobot_280_moveit2 -- -j16 -l16
[4.409s] INFO:colcon.colcon_core.task.python.build:Building Python package in '/home/robotics/ros2_cobot/src/mycobot_ros2/mycobot_280/mycobot_280_moveit2_control'
[4.409s] INFO:colcon.colcon_core.shell:Skip shell extension 'powershell' for command environment: Not usable outside of PowerShell
[4.409s] DEBUG:colcon.colcon_core.shell:Skip shell extension 'dsv' for command environment
[4.629s] INFO:colcon.colcon_core.task.python.build:Building Python package in '/home/robotics/ros2_cobot/src/mycobot_ros2/mycobot_280/mycobot_280_riscv'
[4.629s] INFO:colcon.colcon_core.shell:Skip shell extension 'powershell' for command environment: Not usable outside of PowerShell
[4.629s] DEBUG:colcon.colcon_core.shell:Skip shell extension 'dsv' for command environment
[4.916s] INFO:colcon.colcon_core.task.python.build:Building Python package in '/home/robotics/ros2_cobot/src/mycobot_ros2/mycobot_280/mycobot_280_x3pi'
[4.917s] INFO:colcon.colcon_core.shell:Skip shell extension 'powershell' for command environment: Not usable outside of PowerShell
[4.917s] DEBUG:colcon.colcon_core.shell:Skip shell extension 'dsv' for command environment
[4.929s] DEBUG:colcon.colcon_core.event_handler.log_command:Invoking command in '/home/robotics/ros2_cobot/build/mycobot_280arduino_moveit2': AMENT_PREFIX_PATH=/home/robotics/ros2_cobot/install/mycobot_description:/home/robotics/ros2_cobot/install/ultraarm:/home/robotics/ros2_cobot/install/traj_scripts:/home/robotics/ros2_cobot/install/mypalletizer_communication:/home/robotics/ros2_cobot/install/mypalletizer_interfaces:/home/robotics/ros2_cobot/install/mypalletizer_260_pi:/home/robotics/ros2_cobot/install/mypalletizer_260:/home/robotics/ros2_cobot/install/myarm_m750:/home/robotics/ros2_cobot/install/myarm_c650:/home/robotics/ros2_cobot/install/mycobot_communication:/home/robotics/ros2_cobot/install/mecharm_communication:/home/robotics/ros2_cobot/install/mycobot_interfaces:/home/robotics/ros2_cobot/install/mycobot_630:/home/robotics/ros2_cobot/install/mycobot_600:/home/robotics/ros2_cobot/install/mycobot_320pi:/home/robotics/ros2_cobot/install/mycobot_320_riscv:/home/robotics/ros2_cobot/install/mycobot_320:/home/robotics/ros2_cobot/install/mycobot_280rdkx5_moveit2:/home/robotics/ros2_cobot/install/mycobot_280pi:/home/robotics/ros2_cobot/install/mycobot_280jn:/home/robotics/ros2_cobot/install/mycobot_280arduino_moveit2:/home/robotics/ros2_cobot/install/mycobot_280_x3pi:/home/robotics/ros2_cobot/install/mycobot_280_riscv:/home/robotics/ros2_cobot/install/mycobot_280_rdkx5:/home/robotics/ros2_cobot/install/mycobot_280_moveit2_control:/home/robotics/ros2_cobot/install/mycobot_280_moveit2:/home/robotics/ros2_cobot/install/mycobot_280_arduino:/home/robotics/ros2_cobot/install/mycobot_280:/home/robotics/ros2_cobot/install/mybuddy:/home/robotics/ros2_cobot/install/myarm_300:/home/robotics/ros2_cobot/install/mecharm_pi:/home/robotics/ros2_cobot/install/mecharm:/home/robotics/ros2_cobot/install/mecharm_interfaces:/opt/ros/humble CMAKE_PREFIX_PATH=${CMAKE_PREFIX_PATH}:/home/robotics/ros2_cobot/install/ultraarm:/home/robotics/ros2_cobot/install/mypalletizer_communication:/home/robotics/ros2_cobot/install/mypalletizer_260_pi:/home/robotics/ros2_cobot/install/mypalletizer_260:/home/robotics/ros2_cobot/install/myarm_m750:/home/robotics/ros2_cobot/install/myarm_c650:/home/robotics/ros2_cobot/install/mycobot_communication:/home/robotics/ros2_cobot/install/mecharm_communication:/home/robotics/ros2_cobot/install/mycobot_630:/home/robotics/ros2_cobot/install/mycobot_600:/home/robotics/ros2_cobot/install/mycobot_320pi:/home/robotics/ros2_cobot/install/mycobot_320_riscv:/home/robotics/ros2_cobot/install/mycobot_320:/home/robotics/ros2_cobot/install/mycobot_280pi:/home/robotics/ros2_cobot/install/mycobot_280jn:/home/robotics/ros2_cobot/install/mycobot_280_x3pi:/home/robotics/ros2_cobot/install/mycobot_280_riscv:/home/robotics/ros2_cobot/install/mycobot_280_rdkx5:/home/robotics/ros2_cobot/install/mycobot_280_moveit2_control:/home/robotics/ros2_cobot/install/mycobot_280_arduino:/home/robotics/ros2_cobot/install/mycobot_280:/home/robotics/ros2_cobot/install/mybuddy:/home/robotics/ros2_cobot/install/myarm_300:/home/robotics/ros2_cobot/install/mecharm_pi:/home/robotics/ros2_cobot/install/mecharm:/home/robotics/ros2_cobot/install/mycobot_description:/opt/ros/humble PYTHONPATH=/home/robotics/ros2_cobot/install/mycobot_description/lib/python3.10/site-packages:/home/robotics/ros2_cobot/install/ultraarm/lib/python3.10/site-packages:/home/robotics/ros2_cobot/install/traj_scripts/local/lib/python3.10/dist-packages:/home/robotics/ros2_cobot/install/mypalletizer_communication/lib/python3.10/site-packages:/home/robotics/ros2_cobot/install/mypalletizer_interfaces/local/lib/python3.10/dist-packages:/home/robotics/ros2_cobot/install/mypalletizer_260_pi/lib/python3.10/site-packages:/home/robotics/ros2_cobot/install/mypalletizer_260/lib/python3.10/site-packages:/home/robotics/ros2_cobot/install/myarm_m750/lib/python3.10/site-packages:/home/robotics/ros2_cobot/install/myarm_c650/lib/python3.10/site-packages:/home/robotics/ros2_cobot/install/mycobot_communication/lib/python3.10/site-packages:/home/robotics/ros2_cobot/install/mecharm_communication/lib/python3.10/site-packages:/home/robotics/ros2_cobot/install/mycobot_interfaces/local/lib/python3.10/dist-packages:/home/robotics/ros2_cobot/install/mycobot_630/lib/python3.10/site-packages:/home/robotics/ros2_cobot/install/mycobot_600/lib/python3.10/site-packages:/home/robotics/ros2_cobot/install/mycobot_320pi/lib/python3.10/site-packages:/home/robotics/ros2_cobot/install/mycobot_320_riscv/lib/python3.10/site-packages:/home/robotics/ros2_cobot/install/mycobot_320/lib/python3.10/site-packages:/home/robotics/ros2_cobot/install/mycobot_280pi/lib/python3.10/site-packages:/home/robotics/ros2_cobot/install/mycobot_280jn/lib/python3.10/site-packages:/home/robotics/ros2_cobot/install/mycobot_280_x3pi/lib/python3.10/site-packages:/home/robotics/ros2_cobot/install/mycobot_280_riscv/lib/python3.10/site-packages:/home/robotics/ros2_cobot/install/mycobot_280_rdkx5/lib/python3.10/site-packages:/home/robotics/ros2_cobot/install/mycobot_280_moveit2_control/lib/python3.10/site-packages:/home/robotics/ros2_cobot/install/mycobot_280_arduino/lib/python3.10/site-packages:/home/robotics/ros2_cobot/install/mycobot_280/lib/python3.10/site-packages:/home/robotics/ros2_cobot/install/mybuddy/lib/python3.10/site-packages:/home/robotics/ros2_cobot/install/myarm_300/lib/python3.10/site-packages:/home/robotics/ros2_cobot/install/mecharm_pi/lib/python3.10/site-packages:/home/robotics/ros2_cobot/install/mecharm/lib/python3.10/site-packages:/home/robotics/ros2_cobot/install/mecharm_interfaces/local/lib/python3.10/dist-packages:/opt/ros/humble/lib/python3.10/site-packages:/opt/ros/humble/local/lib/python3.10/dist-packages /usr/bin/cmake --build /home/robotics/ros2_cobot/build/mycobot_280arduino_moveit2 -- -j16 -l16
[5.162s] INFO:colcon.colcon_core.task.python.build:Building Python package in '/home/robotics/ros2_cobot/src/mycobot_ros2/mycobot_280/mycobot_280jn'
[5.162s] INFO:colcon.colcon_core.shell:Skip shell extension 'powershell' for command environment: Not usable outside of PowerShell
[5.162s] DEBUG:colcon.colcon_core.shell:Skip shell extension 'dsv' for command environment
[5.179s] DEBUG:colcon.colcon_core.event_handler.log_command:Invoked command in '/home/robotics/ros2_cobot/build/mycobot_280_moveit2' returned '0': AMENT_PREFIX_PATH=/home/robotics/ros2_cobot/install/mycobot_description:/home/robotics/ros2_cobot/install/ultraarm:/home/robotics/ros2_cobot/install/traj_scripts:/home/robotics/ros2_cobot/install/mypalletizer_communication:/home/robotics/ros2_cobot/install/mypalletizer_interfaces:/home/robotics/ros2_cobot/install/mypalletizer_260_pi:/home/robotics/ros2_cobot/install/mypalletizer_260:/home/robotics/ros2_cobot/install/myarm_m750:/home/robotics/ros2_cobot/install/myarm_c650:/home/robotics/ros2_cobot/install/mycobot_communication:/home/robotics/ros2_cobot/install/mecharm_communication:/home/robotics/ros2_cobot/install/mycobot_interfaces:/home/robotics/ros2_cobot/install/mycobot_630:/home/robotics/ros2_cobot/install/mycobot_600:/home/robotics/ros2_cobot/install/mycobot_320pi:/home/robotics/ros2_cobot/install/mycobot_320_riscv:/home/robotics/ros2_cobot/install/mycobot_320:/home/robotics/ros2_cobot/install/mycobot_280rdkx5_moveit2:/home/robotics/ros2_cobot/install/mycobot_280pi:/home/robotics/ros2_cobot/install/mycobot_280jn:/home/robotics/ros2_cobot/install/mycobot_280arduino_moveit2:/home/robotics/ros2_cobot/install/mycobot_280_x3pi:/home/robotics/ros2_cobot/install/mycobot_280_riscv:/home/robotics/ros2_cobot/install/mycobot_280_rdkx5:/home/robotics/ros2_cobot/install/mycobot_280_moveit2_control:/home/robotics/ros2_cobot/install/mycobot_280_moveit2:/home/robotics/ros2_cobot/install/mycobot_280_arduino:/home/robotics/ros2_cobot/install/mycobot_280:/home/robotics/ros2_cobot/install/mybuddy:/home/robotics/ros2_cobot/install/myarm_300:/home/robotics/ros2_cobot/install/mecharm_pi:/home/robotics/ros2_cobot/install/mecharm:/home/robotics/ros2_cobot/install/mecharm_interfaces:/opt/ros/humble CMAKE_PREFIX_PATH=${CMAKE_PREFIX_PATH}:/home/robotics/ros2_cobot/install/ultraarm:/home/robotics/ros2_cobot/install/mypalletizer_communication:/home/robotics/ros2_cobot/install/mypalletizer_260_pi:/home/robotics/ros2_cobot/install/mypalletizer_260:/home/robotics/ros2_cobot/install/myarm_m750:/home/robotics/ros2_cobot/install/myarm_c650:/home/robotics/ros2_cobot/install/mycobot_communication:/home/robotics/ros2_cobot/install/mecharm_communication:/home/robotics/ros2_cobot/install/mycobot_630:/home/robotics/ros2_cobot/install/mycobot_600:/home/robotics/ros2_cobot/install/mycobot_320pi:/home/robotics/ros2_cobot/install/mycobot_320_riscv:/home/robotics/ros2_cobot/install/mycobot_320:/home/robotics/ros2_cobot/install/mycobot_280pi:/home/robotics/ros2_cobot/install/mycobot_280jn:/home/robotics/ros2_cobot/install/mycobot_280_x3pi:/home/robotics/ros2_cobot/install/mycobot_280_riscv:/home/robotics/ros2_cobot/install/mycobot_280_rdkx5:/home/robotics/ros2_cobot/install/mycobot_280_moveit2_control:/home/robotics/ros2_cobot/install/mycobot_280_arduino:/home/robotics/ros2_cobot/install/mycobot_280:/home/robotics/ros2_cobot/install/mybuddy:/home/robotics/ros2_cobot/install/myarm_300:/home/robotics/ros2_cobot/install/mecharm_pi:/home/robotics/ros2_cobot/install/mecharm:/home/robotics/ros2_cobot/install/mycobot_description:/opt/ros/humble PYTHONPATH=/home/robotics/ros2_cobot/install/mycobot_description/lib/python3.10/site-packages:/home/robotics/ros2_cobot/install/ultraarm/lib/python3.10/site-packages:/home/robotics/ros2_cobot/install/traj_scripts/local/lib/python3.10/dist-packages:/home/robotics/ros2_cobot/install/mypalletizer_communication/lib/python3.10/site-packages:/home/robotics/ros2_cobot/install/mypalletizer_interfaces/local/lib/python3.10/dist-packages:/home/robotics/ros2_cobot/install/mypalletizer_260_pi/lib/python3.10/site-packages:/home/robotics/ros2_cobot/install/mypalletizer_260/lib/python3.10/site-packages:/home/robotics/ros2_cobot/install/myarm_m750/lib/python3.10/site-packages:/home/robotics/ros2_cobot/install/myarm_c650/lib/python3.10/site-packages:/home/robotics/ros2_cobot/install/mycobot_communication/lib/python3.10/site-packages:/home/robotics/ros2_cobot/install/mecharm_communication/lib/python3.10/site-packages:/home/robotics/ros2_cobot/install/mycobot_interfaces/local/lib/python3.10/dist-packages:/home/robotics/ros2_cobot/install/mycobot_630/lib/python3.10/site-packages:/home/robotics/ros2_cobot/install/mycobot_600/lib/python3.10/site-packages:/home/robotics/ros2_cobot/install/mycobot_320pi/lib/python3.10/site-packages:/home/robotics/ros2_cobot/install/mycobot_320_riscv/lib/python3.10/site-packages:/home/robotics/ros2_cobot/install/mycobot_320/lib/python3.10/site-packages:/home/robotics/ros2_cobot/install/mycobot_280pi/lib/python3.10/site-packages:/home/robotics/ros2_cobot/install/mycobot_280jn/lib/python3.10/site-packages:/home/robotics/ros2_cobot/install/mycobot_280_x3pi/lib/python3.10/site-packages:/home/robotics/ros2_cobot/install/mycobot_280_riscv/lib/python3.10/site-packages:/home/robotics/ros2_cobot/install/mycobot_280_rdkx5/lib/python3.10/site-packages:/home/robotics/ros2_cobot/install/mycobot_280_moveit2_control/lib/python3.10/site-packages:/home/robotics/ros2_cobot/install/mycobot_280_arduino/lib/python3.10/site-packages:/home/robotics/ros2_cobot/install/mycobot_280/lib/python3.10/site-packages:/home/robotics/ros2_cobot/install/mybuddy/lib/python3.10/site-packages:/home/robotics/ros2_cobot/install/myarm_300/lib/python3.10/site-packages:/home/robotics/ros2_cobot/install/mecharm_pi/lib/python3.10/site-packages:/home/robotics/ros2_cobot/install/mecharm/lib/python3.10/site-packages:/home/robotics/ros2_cobot/install/mecharm_interfaces/local/lib/python3.10/dist-packages:/opt/ros/humble/lib/python3.10/site-packages:/opt/ros/humble/local/lib/python3.10/dist-packages /usr/bin/cmake --build /home/robotics/ros2_cobot/build/mycobot_280_moveit2 -- -j16 -l16
[5.181s] DEBUG:colcon.colcon_core.event_handler.log_command:Invoking command in '/home/robotics/ros2_cobot/build/mycobot_280_moveit2': AMENT_PREFIX_PATH=/home/robotics/ros2_cobot/install/mycobot_description:/home/robotics/ros2_cobot/install/ultraarm:/home/robotics/ros2_cobot/install/traj_scripts:/home/robotics/ros2_cobot/install/mypalletizer_communication:/home/robotics/ros2_cobot/install/mypalletizer_interfaces:/home/robotics/ros2_cobot/install/mypalletizer_260_pi:/home/robotics/ros2_cobot/install/mypalletizer_260:/home/robotics/ros2_cobot/install/myarm_m750:/home/robotics/ros2_cobot/install/myarm_c650:/home/robotics/ros2_cobot/install/mycobot_communication:/home/robotics/ros2_cobot/install/mecharm_communication:/home/robotics/ros2_cobot/install/mycobot_interfaces:/home/robotics/ros2_cobot/install/mycobot_630:/home/robotics/ros2_cobot/install/mycobot_600:/home/robotics/ros2_cobot/install/mycobot_320pi:/home/robotics/ros2_cobot/install/mycobot_320_riscv:/home/robotics/ros2_cobot/install/mycobot_320:/home/robotics/ros2_cobot/install/mycobot_280rdkx5_moveit2:/home/robotics/ros2_cobot/install/mycobot_280pi:/home/robotics/ros2_cobot/install/mycobot_280jn:/home/robotics/ros2_cobot/install/mycobot_280arduino_moveit2:/home/robotics/ros2_cobot/install/mycobot_280_x3pi:/home/robotics/ros2_cobot/install/mycobot_280_riscv:/home/robotics/ros2_cobot/install/mycobot_280_rdkx5:/home/robotics/ros2_cobot/install/mycobot_280_moveit2_control:/home/robotics/ros2_cobot/install/mycobot_280_moveit2:/home/robotics/ros2_cobot/install/mycobot_280_arduino:/home/robotics/ros2_cobot/install/mycobot_280:/home/robotics/ros2_cobot/install/mybuddy:/home/robotics/ros2_cobot/install/myarm_300:/home/robotics/ros2_cobot/install/mecharm_pi:/home/robotics/ros2_cobot/install/mecharm:/home/robotics/ros2_cobot/install/mecharm_interfaces:/opt/ros/humble CMAKE_PREFIX_PATH=${CMAKE_PREFIX_PATH}:/home/robotics/ros2_cobot/install/ultraarm:/home/robotics/ros2_cobot/install/mypalletizer_communication:/home/robotics/ros2_cobot/install/mypalletizer_260_pi:/home/robotics/ros2_cobot/install/mypalletizer_260:/home/robotics/ros2_cobot/install/myarm_m750:/home/robotics/ros2_cobot/install/myarm_c650:/home/robotics/ros2_cobot/install/mycobot_communication:/home/robotics/ros2_cobot/install/mecharm_communication:/home/robotics/ros2_cobot/install/mycobot_630:/home/robotics/ros2_cobot/install/mycobot_600:/home/robotics/ros2_cobot/install/mycobot_320pi:/home/robotics/ros2_cobot/install/mycobot_320_riscv:/home/robotics/ros2_cobot/install/mycobot_320:/home/robotics/ros2_cobot/install/mycobot_280pi:/home/robotics/ros2_cobot/install/mycobot_280jn:/home/robotics/ros2_cobot/install/mycobot_280_x3pi:/home/robotics/ros2_cobot/install/mycobot_280_riscv:/home/robotics/ros2_cobot/install/mycobot_280_rdkx5:/home/robotics/ros2_cobot/install/mycobot_280_moveit2_control:/home/robotics/ros2_cobot/install/mycobot_280_arduino:/home/robotics/ros2_cobot/install/mycobot_280:/home/robotics/ros2_cobot/install/mybuddy:/home/robotics/ros2_cobot/install/myarm_300:/home/robotics/ros2_cobot/install/mecharm_pi:/home/robotics/ros2_cobot/install/mecharm:/home/robotics/ros2_cobot/install/mycobot_description:/opt/ros/humble PYTHONPATH=/home/robotics/ros2_cobot/install/mycobot_description/lib/python3.10/site-packages:/home/robotics/ros2_cobot/install/ultraarm/lib/python3.10/site-packages:/home/robotics/ros2_cobot/install/traj_scripts/local/lib/python3.10/dist-packages:/home/robotics/ros2_cobot/install/mypalletizer_communication/lib/python3.10/site-packages:/home/robotics/ros2_cobot/install/mypalletizer_interfaces/local/lib/python3.10/dist-packages:/home/robotics/ros2_cobot/install/mypalletizer_260_pi/lib/python3.10/site-packages:/home/robotics/ros2_cobot/install/mypalletizer_260/lib/python3.10/site-packages:/home/robotics/ros2_cobot/install/myarm_m750/lib/python3.10/site-packages:/home/robotics/ros2_cobot/install/myarm_c650/lib/python3.10/site-packages:/home/robotics/ros2_cobot/install/mycobot_communication/lib/python3.10/site-packages:/home/robotics/ros2_cobot/install/mecharm_communication/lib/python3.10/site-packages:/home/robotics/ros2_cobot/install/mycobot_interfaces/local/lib/python3.10/dist-packages:/home/robotics/ros2_cobot/install/mycobot_630/lib/python3.10/site-packages:/home/robotics/ros2_cobot/install/mycobot_600/lib/python3.10/site-packages:/home/robotics/ros2_cobot/install/mycobot_320pi/lib/python3.10/site-packages:/home/robotics/ros2_cobot/install/mycobot_320_riscv/lib/python3.10/site-packages:/home/robotics/ros2_cobot/install/mycobot_320/lib/python3.10/site-packages:/home/robotics/ros2_cobot/install/mycobot_280pi/lib/python3.10/site-packages:/home/robotics/ros2_cobot/install/mycobot_280jn/lib/python3.10/site-packages:/home/robotics/ros2_cobot/install/mycobot_280_x3pi/lib/python3.10/site-packages:/home/robotics/ros2_cobot/install/mycobot_280_riscv/lib/python3.10/site-packages:/home/robotics/ros2_cobot/install/mycobot_280_rdkx5/lib/python3.10/site-packages:/home/robotics/ros2_cobot/install/mycobot_280_moveit2_control/lib/python3.10/site-packages:/home/robotics/ros2_cobot/install/mycobot_280_arduino/lib/python3.10/site-packages:/home/robotics/ros2_cobot/install/mycobot_280/lib/python3.10/site-packages:/home/robotics/ros2_cobot/install/mybuddy/lib/python3.10/site-packages:/home/robotics/ros2_cobot/install/myarm_300/lib/python3.10/site-packages:/home/robotics/ros2_cobot/install/mecharm_pi/lib/python3.10/site-packages:/home/robotics/ros2_cobot/install/mecharm/lib/python3.10/site-packages:/home/robotics/ros2_cobot/install/mecharm_interfaces/local/lib/python3.10/dist-packages:/opt/ros/humble/lib/python3.10/site-packages:/opt/ros/humble/local/lib/python3.10/dist-packages /usr/bin/cmake --install /home/robotics/ros2_cobot/build/mycobot_280_moveit2
[5.188s] DEBUG:colcon.colcon_core.event_handler.log_command:Invoking command in '/home/robotics/ros2_cobot/src/mycobot_ros2/mycobot_communication': CMAKE_PREFIX_PATH=/home/robotics/ros2_cobot/install/mycobot_interfaces:/home/robotics/ros2_cobot/install/traj_scripts:/home/robotics/ros2_cobot/install/mypalletizer_interfaces:/home/robotics/ros2_cobot/install/mycobot_280rdkx5_moveit2:/home/robotics/ros2_cobot/install/mycobot_280arduino_moveit2:/home/robotics/ros2_cobot/install/mycobot_280_moveit2:/home/robotics/ros2_cobot/install/mecharm_interfaces LD_LIBRARY_PATH=/home/robotics/ros2_cobot/install/mycobot_interfaces/lib:/home/robotics/ros2_cobot/install/mypalletizer_interfaces/lib:/home/robotics/ros2_cobot/install/mecharm_interfaces/lib:/opt/ros/humble/opt/rviz_ogre_vendor/lib:/opt/ros/humble/lib/x86_64-linux-gnu:/opt/ros/humble/lib PYTHONPATH=/home/robotics/ros2_cobot/build/mycobot_communication/prefix_override:/usr/lib/python3/dist-packages/colcon_core/task/python/colcon_distutils_commands:/home/robotics/ros2_cobot/install/mycobot_communication/lib/python3.10/site-packages:${PYTHONPATH} /usr/bin/python3 -W ignore:setup.py install is deprecated -W ignore:easy_install command is deprecated setup.py egg_info --egg-base ../../../build/mycobot_communication build --build-base /home/robotics/ros2_cobot/build/mycobot_communication/build install --record /home/robotics/ros2_cobot/build/mycobot_communication/install.log --single-version-externally-managed install_data
[5.192s] DEBUG:colcon.colcon_core.event_handler.log_command:Invoking command in '/home/robotics/ros2_cobot/src/mycobot_ros2/mypalletizer_260/mypalletizer_communication': CMAKE_PREFIX_PATH=/home/robotics/ros2_cobot/install/mypalletizer_interfaces:/home/robotics/ros2_cobot/install/traj_scripts:/home/robotics/ros2_cobot/install/mycobot_interfaces:/home/robotics/ros2_cobot/install/mycobot_280rdkx5_moveit2:/home/robotics/ros2_cobot/install/mycobot_280arduino_moveit2:/home/robotics/ros2_cobot/install/mycobot_280_moveit2:/home/robotics/ros2_cobot/install/mecharm_interfaces PYTHONPATH=/home/robotics/ros2_cobot/build/mypalletizer_communication/prefix_override:/usr/lib/python3/dist-packages/colcon_core/task/python/colcon_distutils_commands:/home/robotics/ros2_cobot/install/mypalletizer_communication/lib/python3.10/site-packages:${PYTHONPATH} /usr/bin/python3 -W ignore:setup.py install is deprecated -W ignore:easy_install command is deprecated setup.py egg_info --egg-base ../../../../build/mypalletizer_communication build --build-base /home/robotics/ros2_cobot/build/mypalletizer_communication/build install --record /home/robotics/ros2_cobot/build/mypalletizer_communication/install.log --single-version-externally-managed install_data
[5.194s] DEBUG:colcon.colcon_core.event_handler.log_command:Invoking command in '/home/robotics/ros2_cobot/src/mycobot_ros2/mecharm/mecharm_communication': CMAKE_PREFIX_PATH=/home/robotics/ros2_cobot/install/mycobot_interfaces:/home/robotics/ros2_cobot/install/traj_scripts:/home/robotics/ros2_cobot/install/mypalletizer_interfaces:/home/robotics/ros2_cobot/install/mycobot_280rdkx5_moveit2:/home/robotics/ros2_cobot/install/mycobot_280arduino_moveit2:/home/robotics/ros2_cobot/install/mycobot_280_moveit2:/home/robotics/ros2_cobot/install/mecharm_interfaces LD_LIBRARY_PATH=/home/robotics/ros2_cobot/install/mycobot_interfaces/lib:/home/robotics/ros2_cobot/install/mypalletizer_interfaces/lib:/home/robotics/ros2_cobot/install/mecharm_interfaces/lib:/opt/ros/humble/opt/rviz_ogre_vendor/lib:/opt/ros/humble/lib/x86_64-linux-gnu:/opt/ros/humble/lib PYTHONPATH=/home/robotics/ros2_cobot/build/mecharm_communication/prefix_override:/usr/lib/python3/dist-packages/colcon_core/task/python/colcon_distutils_commands:/home/robotics/ros2_cobot/install/mecharm_communication/lib/python3.10/site-packages:${PYTHONPATH} /usr/bin/python3 -W ignore:setup.py install is deprecated -W ignore:easy_install command is deprecated setup.py egg_info --egg-base ../../../../build/mecharm_communication build --build-base /home/robotics/ros2_cobot/build/mecharm_communication/build install --record /home/robotics/ros2_cobot/build/mecharm_communication/install.log --single-version-externally-managed install_data
[5.194s] DEBUG:colcon.colcon_core.event_handler.log_command:Invoked command in '/home/robotics/ros2_cobot/build/mycobot_280arduino_moveit2' returned '0': AMENT_PREFIX_PATH=/home/robotics/ros2_cobot/install/mycobot_description:/home/robotics/ros2_cobot/install/ultraarm:/home/robotics/ros2_cobot/install/traj_scripts:/home/robotics/ros2_cobot/install/mypalletizer_communication:/home/robotics/ros2_cobot/install/mypalletizer_interfaces:/home/robotics/ros2_cobot/install/mypalletizer_260_pi:/home/robotics/ros2_cobot/install/mypalletizer_260:/home/robotics/ros2_cobot/install/myarm_m750:/home/robotics/ros2_cobot/install/myarm_c650:/home/robotics/ros2_cobot/install/mycobot_communication:/home/robotics/ros2_cobot/install/mecharm_communication:/home/robotics/ros2_cobot/install/mycobot_interfaces:/home/robotics/ros2_cobot/install/mycobot_630:/home/robotics/ros2_cobot/install/mycobot_600:/home/robotics/ros2_cobot/install/mycobot_320pi:/home/robotics/ros2_cobot/install/mycobot_320_riscv:/home/robotics/ros2_cobot/install/mycobot_320:/home/robotics/ros2_cobot/install/mycobot_280rdkx5_moveit2:/home/robotics/ros2_cobot/install/mycobot_280pi:/home/robotics/ros2_cobot/install/mycobot_280jn:/home/robotics/ros2_cobot/install/mycobot_280arduino_moveit2:/home/robotics/ros2_cobot/install/mycobot_280_x3pi:/home/robotics/ros2_cobot/install/mycobot_280_riscv:/home/robotics/ros2_cobot/install/mycobot_280_rdkx5:/home/robotics/ros2_cobot/install/mycobot_280_moveit2_control:/home/robotics/ros2_cobot/install/mycobot_280_moveit2:/home/robotics/ros2_cobot/install/mycobot_280_arduino:/home/robotics/ros2_cobot/install/mycobot_280:/home/robotics/ros2_cobot/install/mybuddy:/home/robotics/ros2_cobot/install/myarm_300:/home/robotics/ros2_cobot/install/mecharm_pi:/home/robotics/ros2_cobot/install/mecharm:/home/robotics/ros2_cobot/install/mecharm_interfaces:/opt/ros/humble CMAKE_PREFIX_PATH=${CMAKE_PREFIX_PATH}:/home/robotics/ros2_cobot/install/ultraarm:/home/robotics/ros2_cobot/install/mypalletizer_communication:/home/robotics/ros2_cobot/install/mypalletizer_260_pi:/home/robotics/ros2_cobot/install/mypalletizer_260:/home/robotics/ros2_cobot/install/myarm_m750:/home/robotics/ros2_cobot/install/myarm_c650:/home/robotics/ros2_cobot/install/mycobot_communication:/home/robotics/ros2_cobot/install/mecharm_communication:/home/robotics/ros2_cobot/install/mycobot_630:/home/robotics/ros2_cobot/install/mycobot_600:/home/robotics/ros2_cobot/install/mycobot_320pi:/home/robotics/ros2_cobot/install/mycobot_320_riscv:/home/robotics/ros2_cobot/install/mycobot_320:/home/robotics/ros2_cobot/install/mycobot_280pi:/home/robotics/ros2_cobot/install/mycobot_280jn:/home/robotics/ros2_cobot/install/mycobot_280_x3pi:/home/robotics/ros2_cobot/install/mycobot_280_riscv:/home/robotics/ros2_cobot/install/mycobot_280_rdkx5:/home/robotics/ros2_cobot/install/mycobot_280_moveit2_control:/home/robotics/ros2_cobot/install/mycobot_280_arduino:/home/robotics/ros2_cobot/install/mycobot_280:/home/robotics/ros2_cobot/install/mybuddy:/home/robotics/ros2_cobot/install/myarm_300:/home/robotics/ros2_cobot/install/mecharm_pi:/home/robotics/ros2_cobot/install/mecharm:/home/robotics/ros2_cobot/install/mycobot_description:/opt/ros/humble PYTHONPATH=/home/robotics/ros2_cobot/install/mycobot_description/lib/python3.10/site-packages:/home/robotics/ros2_cobot/install/ultraarm/lib/python3.10/site-packages:/home/robotics/ros2_cobot/install/traj_scripts/local/lib/python3.10/dist-packages:/home/robotics/ros2_cobot/install/mypalletizer_communication/lib/python3.10/site-packages:/home/robotics/ros2_cobot/install/mypalletizer_interfaces/local/lib/python3.10/dist-packages:/home/robotics/ros2_cobot/install/mypalletizer_260_pi/lib/python3.10/site-packages:/home/robotics/ros2_cobot/install/mypalletizer_260/lib/python3.10/site-packages:/home/robotics/ros2_cobot/install/myarm_m750/lib/python3.10/site-packages:/home/robotics/ros2_cobot/install/myarm_c650/lib/python3.10/site-packages:/home/robotics/ros2_cobot/install/mycobot_communication/lib/python3.10/site-packages:/home/robotics/ros2_cobot/install/mecharm_communication/lib/python3.10/site-packages:/home/robotics/ros2_cobot/install/mycobot_interfaces/local/lib/python3.10/dist-packages:/home/robotics/ros2_cobot/install/mycobot_630/lib/python3.10/site-packages:/home/robotics/ros2_cobot/install/mycobot_600/lib/python3.10/site-packages:/home/robotics/ros2_cobot/install/mycobot_320pi/lib/python3.10/site-packages:/home/robotics/ros2_cobot/install/mycobot_320_riscv/lib/python3.10/site-packages:/home/robotics/ros2_cobot/install/mycobot_320/lib/python3.10/site-packages:/home/robotics/ros2_cobot/install/mycobot_280pi/lib/python3.10/site-packages:/home/robotics/ros2_cobot/install/mycobot_280jn/lib/python3.10/site-packages:/home/robotics/ros2_cobot/install/mycobot_280_x3pi/lib/python3.10/site-packages:/home/robotics/ros2_cobot/install/mycobot_280_riscv/lib/python3.10/site-packages:/home/robotics/ros2_cobot/install/mycobot_280_rdkx5/lib/python3.10/site-packages:/home/robotics/ros2_cobot/install/mycobot_280_moveit2_control/lib/python3.10/site-packages:/home/robotics/ros2_cobot/install/mycobot_280_arduino/lib/python3.10/site-packages:/home/robotics/ros2_cobot/install/mycobot_280/lib/python3.10/site-packages:/home/robotics/ros2_cobot/install/mybuddy/lib/python3.10/site-packages:/home/robotics/ros2_cobot/install/myarm_300/lib/python3.10/site-packages:/home/robotics/ros2_cobot/install/mecharm_pi/lib/python3.10/site-packages:/home/robotics/ros2_cobot/install/mecharm/lib/python3.10/site-packages:/home/robotics/ros2_cobot/install/mecharm_interfaces/local/lib/python3.10/dist-packages:/opt/ros/humble/lib/python3.10/site-packages:/opt/ros/humble/local/lib/python3.10/dist-packages /usr/bin/cmake --build /home/robotics/ros2_cobot/build/mycobot_280arduino_moveit2 -- -j16 -l16
[5.195s] DEBUG:colcon.colcon_core.event_handler.log_command:Invoking command in '/home/robotics/ros2_cobot/build/mycobot_280arduino_moveit2': AMENT_PREFIX_PATH=/home/robotics/ros2_cobot/install/mycobot_description:/home/robotics/ros2_cobot/install/ultraarm:/home/robotics/ros2_cobot/install/traj_scripts:/home/robotics/ros2_cobot/install/mypalletizer_communication:/home/robotics/ros2_cobot/install/mypalletizer_interfaces:/home/robotics/ros2_cobot/install/mypalletizer_260_pi:/home/robotics/ros2_cobot/install/mypalletizer_260:/home/robotics/ros2_cobot/install/myarm_m750:/home/robotics/ros2_cobot/install/myarm_c650:/home/robotics/ros2_cobot/install/mycobot_communication:/home/robotics/ros2_cobot/install/mecharm_communication:/home/robotics/ros2_cobot/install/mycobot_interfaces:/home/robotics/ros2_cobot/install/mycobot_630:/home/robotics/ros2_cobot/install/mycobot_600:/home/robotics/ros2_cobot/install/mycobot_320pi:/home/robotics/ros2_cobot/install/mycobot_320_riscv:/home/robotics/ros2_cobot/install/mycobot_320:/home/robotics/ros2_cobot/install/mycobot_280rdkx5_moveit2:/home/robotics/ros2_cobot/install/mycobot_280pi:/home/robotics/ros2_cobot/install/mycobot_280jn:/home/robotics/ros2_cobot/install/mycobot_280arduino_moveit2:/home/robotics/ros2_cobot/install/mycobot_280_x3pi:/home/robotics/ros2_cobot/install/mycobot_280_riscv:/home/robotics/ros2_cobot/install/mycobot_280_rdkx5:/home/robotics/ros2_cobot/install/mycobot_280_moveit2_control:/home/robotics/ros2_cobot/install/mycobot_280_moveit2:/home/robotics/ros2_cobot/install/mycobot_280_arduino:/home/robotics/ros2_cobot/install/mycobot_280:/home/robotics/ros2_cobot/install/mybuddy:/home/robotics/ros2_cobot/install/myarm_300:/home/robotics/ros2_cobot/install/mecharm_pi:/home/robotics/ros2_cobot/install/mecharm:/home/robotics/ros2_cobot/install/mecharm_interfaces:/opt/ros/humble CMAKE_PREFIX_PATH=${CMAKE_PREFIX_PATH}:/home/robotics/ros2_cobot/install/ultraarm:/home/robotics/ros2_cobot/install/mypalletizer_communication:/home/robotics/ros2_cobot/install/mypalletizer_260_pi:/home/robotics/ros2_cobot/install/mypalletizer_260:/home/robotics/ros2_cobot/install/myarm_m750:/home/robotics/ros2_cobot/install/myarm_c650:/home/robotics/ros2_cobot/install/mycobot_communication:/home/robotics/ros2_cobot/install/mecharm_communication:/home/robotics/ros2_cobot/install/mycobot_630:/home/robotics/ros2_cobot/install/mycobot_600:/home/robotics/ros2_cobot/install/mycobot_320pi:/home/robotics/ros2_cobot/install/mycobot_320_riscv:/home/robotics/ros2_cobot/install/mycobot_320:/home/robotics/ros2_cobot/install/mycobot_280pi:/home/robotics/ros2_cobot/install/mycobot_280jn:/home/robotics/ros2_cobot/install/mycobot_280_x3pi:/home/robotics/ros2_cobot/install/mycobot_280_riscv:/home/robotics/ros2_cobot/install/mycobot_280_rdkx5:/home/robotics/ros2_cobot/install/mycobot_280_moveit2_control:/home/robotics/ros2_cobot/install/mycobot_280_arduino:/home/robotics/ros2_cobot/install/mycobot_280:/home/robotics/ros2_cobot/install/mybuddy:/home/robotics/ros2_cobot/install/myarm_300:/home/robotics/ros2_cobot/install/mecharm_pi:/home/robotics/ros2_cobot/install/mecharm:/home/robotics/ros2_cobot/install/mycobot_description:/opt/ros/humble PYTHONPATH=/home/robotics/ros2_cobot/install/mycobot_description/lib/python3.10/site-packages:/home/robotics/ros2_cobot/install/ultraarm/lib/python3.10/site-packages:/home/robotics/ros2_cobot/install/traj_scripts/local/lib/python3.10/dist-packages:/home/robotics/ros2_cobot/install/mypalletizer_communication/lib/python3.10/site-packages:/home/robotics/ros2_cobot/install/mypalletizer_interfaces/local/lib/python3.10/dist-packages:/home/robotics/ros2_cobot/install/mypalletizer_260_pi/lib/python3.10/site-packages:/home/robotics/ros2_cobot/install/mypalletizer_260/lib/python3.10/site-packages:/home/robotics/ros2_cobot/install/myarm_m750/lib/python3.10/site-packages:/home/robotics/ros2_cobot/install/myarm_c650/lib/python3.10/site-packages:/home/robotics/ros2_cobot/install/mycobot_communication/lib/python3.10/site-packages:/home/robotics/ros2_cobot/install/mecharm_communication/lib/python3.10/site-packages:/home/robotics/ros2_cobot/install/mycobot_interfaces/local/lib/python3.10/dist-packages:/home/robotics/ros2_cobot/install/mycobot_630/lib/python3.10/site-packages:/home/robotics/ros2_cobot/install/mycobot_600/lib/python3.10/site-packages:/home/robotics/ros2_cobot/install/mycobot_320pi/lib/python3.10/site-packages:/home/robotics/ros2_cobot/install/mycobot_320_riscv/lib/python3.10/site-packages:/home/robotics/ros2_cobot/install/mycobot_320/lib/python3.10/site-packages:/home/robotics/ros2_cobot/install/mycobot_280pi/lib/python3.10/site-packages:/home/robotics/ros2_cobot/install/mycobot_280jn/lib/python3.10/site-packages:/home/robotics/ros2_cobot/install/mycobot_280_x3pi/lib/python3.10/site-packages:/home/robotics/ros2_cobot/install/mycobot_280_riscv/lib/python3.10/site-packages:/home/robotics/ros2_cobot/install/mycobot_280_rdkx5/lib/python3.10/site-packages:/home/robotics/ros2_cobot/install/mycobot_280_moveit2_control/lib/python3.10/site-packages:/home/robotics/ros2_cobot/install/mycobot_280_arduino/lib/python3.10/site-packages:/home/robotics/ros2_cobot/install/mycobot_280/lib/python3.10/site-packages:/home/robotics/ros2_cobot/install/mybuddy/lib/python3.10/site-packages:/home/robotics/ros2_cobot/install/myarm_300/lib/python3.10/site-packages:/home/robotics/ros2_cobot/install/mecharm_pi/lib/python3.10/site-packages:/home/robotics/ros2_cobot/install/mecharm/lib/python3.10/site-packages:/home/robotics/ros2_cobot/install/mecharm_interfaces/local/lib/python3.10/dist-packages:/opt/ros/humble/lib/python3.10/site-packages:/opt/ros/humble/local/lib/python3.10/dist-packages /usr/bin/cmake --install /home/robotics/ros2_cobot/build/mycobot_280arduino_moveit2
[5.232s] Level 1:colcon.colcon_core.environment:create_environment_scripts_only(mycobot_280_moveit2)
[5.234s] Level 1:colcon.colcon_core.environment:checking '/home/robotics/ros2_cobot/install/mycobot_280_moveit2' for CMake module files
[5.235s] Level 1:colcon.colcon_core.environment:checking '/home/robotics/ros2_cobot/install/mycobot_280_moveit2' for CMake config files
[5.235s] Level 1:colcon.colcon_core.shell:create_environment_hook('mycobot_280_moveit2', 'cmake_prefix_path')
[5.235s] INFO:colcon.colcon_core.shell:Creating environment hook '/home/robotics/ros2_cobot/install/mycobot_280_moveit2/share/mycobot_280_moveit2/hook/cmake_prefix_path.ps1'
[5.236s] INFO:colcon.colcon_core.shell:Creating environment descriptor '/home/robotics/ros2_cobot/install/mycobot_280_moveit2/share/mycobot_280_moveit2/hook/cmake_prefix_path.dsv'
[5.236s] INFO:colcon.colcon_core.shell:Creating environment hook '/home/robotics/ros2_cobot/install/mycobot_280_moveit2/share/mycobot_280_moveit2/hook/cmake_prefix_path.sh'
[5.237s] Level 1:colcon.colcon_core.environment:checking '/home/robotics/ros2_cobot/install/mycobot_280_moveit2/bin'
[5.237s] Level 1:colcon.colcon_core.environment:checking '/home/robotics/ros2_cobot/install/mycobot_280_moveit2/lib/pkgconfig/mycobot_280_moveit2.pc'
[5.233s] DEBUG:colcon.colcon_core.event_handler.log_command:Invoked command in '/home/robotics/ros2_cobot/build/mycobot_280_moveit2' returned '0': AMENT_PREFIX_PATH=/home/robotics/ros2_cobot/install/mycobot_description:/home/robotics/ros2_cobot/install/ultraarm:/home/robotics/ros2_cobot/install/traj_scripts:/home/robotics/ros2_cobot/install/mypalletizer_communication:/home/robotics/ros2_cobot/install/mypalletizer_interfaces:/home/robotics/ros2_cobot/install/mypalletizer_260_pi:/home/robotics/ros2_cobot/install/mypalletizer_260:/home/robotics/ros2_cobot/install/myarm_m750:/home/robotics/ros2_cobot/install/myarm_c650:/home/robotics/ros2_cobot/install/mycobot_communication:/home/robotics/ros2_cobot/install/mecharm_communication:/home/robotics/ros2_cobot/install/mycobot_interfaces:/home/robotics/ros2_cobot/install/mycobot_630:/home/robotics/ros2_cobot/install/mycobot_600:/home/robotics/ros2_cobot/install/mycobot_320pi:/home/robotics/ros2_cobot/install/mycobot_320_riscv:/home/robotics/ros2_cobot/install/mycobot_320:/home/robotics/ros2_cobot/install/mycobot_280rdkx5_moveit2:/home/robotics/ros2_cobot/install/mycobot_280pi:/home/robotics/ros2_cobot/install/mycobot_280jn:/home/robotics/ros2_cobot/install/mycobot_280arduino_moveit2:/home/robotics/ros2_cobot/install/mycobot_280_x3pi:/home/robotics/ros2_cobot/install/mycobot_280_riscv:/home/robotics/ros2_cobot/install/mycobot_280_rdkx5:/home/robotics/ros2_cobot/install/mycobot_280_moveit2_control:/home/robotics/ros2_cobot/install/mycobot_280_moveit2:/home/robotics/ros2_cobot/install/mycobot_280_arduino:/home/robotics/ros2_cobot/install/mycobot_280:/home/robotics/ros2_cobot/install/mybuddy:/home/robotics/ros2_cobot/install/myarm_300:/home/robotics/ros2_cobot/install/mecharm_pi:/home/robotics/ros2_cobot/install/mecharm:/home/robotics/ros2_cobot/install/mecharm_interfaces:/opt/ros/humble CMAKE_PREFIX_PATH=${CMAKE_PREFIX_PATH}:/home/robotics/ros2_cobot/install/ultraarm:/home/robotics/ros2_cobot/install/mypalletizer_communication:/home/robotics/ros2_cobot/install/mypalletizer_260_pi:/home/robotics/ros2_cobot/install/mypalletizer_260:/home/robotics/ros2_cobot/install/myarm_m750:/home/robotics/ros2_cobot/install/myarm_c650:/home/robotics/ros2_cobot/install/mycobot_communication:/home/robotics/ros2_cobot/install/mecharm_communication:/home/robotics/ros2_cobot/install/mycobot_630:/home/robotics/ros2_cobot/install/mycobot_600:/home/robotics/ros2_cobot/install/mycobot_320pi:/home/robotics/ros2_cobot/install/mycobot_320_riscv:/home/robotics/ros2_cobot/install/mycobot_320:/home/robotics/ros2_cobot/install/mycobot_280pi:/home/robotics/ros2_cobot/install/mycobot_280jn:/home/robotics/ros2_cobot/install/mycobot_280_x3pi:/home/robotics/ros2_cobot/install/mycobot_280_riscv:/home/robotics/ros2_cobot/install/mycobot_280_rdkx5:/home/robotics/ros2_cobot/install/mycobot_280_moveit2_control:/home/robotics/ros2_cobot/install/mycobot_280_arduino:/home/robotics/ros2_cobot/install/mycobot_280:/home/robotics/ros2_cobot/install/mybuddy:/home/robotics/ros2_cobot/install/myarm_300:/home/robotics/ros2_cobot/install/mecharm_pi:/home/robotics/ros2_cobot/install/mecharm:/home/robotics/ros2_cobot/install/mycobot_description:/opt/ros/humble PYTHONPATH=/home/robotics/ros2_cobot/install/mycobot_description/lib/python3.10/site-packages:/home/robotics/ros2_cobot/install/ultraarm/lib/python3.10/site-packages:/home/robotics/ros2_cobot/install/traj_scripts/local/lib/python3.10/dist-packages:/home/robotics/ros2_cobot/install/mypalletizer_communication/lib/python3.10/site-packages:/home/robotics/ros2_cobot/install/mypalletizer_interfaces/local/lib/python3.10/dist-packages:/home/robotics/ros2_cobot/install/mypalletizer_260_pi/lib/python3.10/site-packages:/home/robotics/ros2_cobot/install/mypalletizer_260/lib/python3.10/site-packages:/home/robotics/ros2_cobot/install/myarm_m750/lib/python3.10/site-packages:/home/robotics/ros2_cobot/install/myarm_c650/lib/python3.10/site-packages:/home/robotics/ros2_cobot/install/mycobot_communication/lib/python3.10/site-packages:/home/robotics/ros2_cobot/install/mecharm_communication/lib/python3.10/site-packages:/home/robotics/ros2_cobot/install/mycobot_interfaces/local/lib/python3.10/dist-packages:/home/robotics/ros2_cobot/install/mycobot_630/lib/python3.10/site-packages:/home/robotics/ros2_cobot/install/mycobot_600/lib/python3.10/site-packages:/home/robotics/ros2_cobot/install/mycobot_320pi/lib/python3.10/site-packages:/home/robotics/ros2_cobot/install/mycobot_320_riscv/lib/python3.10/site-packages:/home/robotics/ros2_cobot/install/mycobot_320/lib/python3.10/site-packages:/home/robotics/ros2_cobot/install/mycobot_280pi/lib/python3.10/site-packages:/home/robotics/ros2_cobot/install/mycobot_280jn/lib/python3.10/site-packages:/home/robotics/ros2_cobot/install/mycobot_280_x3pi/lib/python3.10/site-packages:/home/robotics/ros2_cobot/install/mycobot_280_riscv/lib/python3.10/site-packages:/home/robotics/ros2_cobot/install/mycobot_280_rdkx5/lib/python3.10/site-packages:/home/robotics/ros2_cobot/install/mycobot_280_moveit2_control/lib/python3.10/site-packages:/home/robotics/ros2_cobot/install/mycobot_280_arduino/lib/python3.10/site-packages:/home/robotics/ros2_cobot/install/mycobot_280/lib/python3.10/site-packages:/home/robotics/ros2_cobot/install/mybuddy/lib/python3.10/site-packages:/home/robotics/ros2_cobot/install/myarm_300/lib/python3.10/site-packages:/home/robotics/ros2_cobot/install/mecharm_pi/lib/python3.10/site-packages:/home/robotics/ros2_cobot/install/mecharm/lib/python3.10/site-packages:/home/robotics/ros2_cobot/install/mecharm_interfaces/local/lib/python3.10/dist-packages:/opt/ros/humble/lib/python3.10/site-packages:/opt/ros/humble/local/lib/python3.10/dist-packages /usr/bin/cmake --install /home/robotics/ros2_cobot/build/mycobot_280_moveit2
[5.237s] Level 1:colcon.colcon_core.environment:checking '/home/robotics/ros2_cobot/install/mycobot_280_moveit2/lib/python3.10/site-packages'
[5.241s] Level 1:colcon.colcon_core.environment:checking '/home/robotics/ros2_cobot/install/mycobot_280_moveit2/bin'
[5.242s] INFO:colcon.colcon_core.shell:Creating package script '/home/robotics/ros2_cobot/install/mycobot_280_moveit2/share/mycobot_280_moveit2/package.ps1'
[5.242s] INFO:colcon.colcon_core.shell:Creating package descriptor '/home/robotics/ros2_cobot/install/mycobot_280_moveit2/share/mycobot_280_moveit2/package.dsv'
[5.243s] INFO:colcon.colcon_core.shell:Creating package script '/home/robotics/ros2_cobot/install/mycobot_280_moveit2/share/mycobot_280_moveit2/package.sh'
[5.243s] INFO:colcon.colcon_core.shell:Creating package script '/home/robotics/ros2_cobot/install/mycobot_280_moveit2/share/mycobot_280_moveit2/package.bash'
[5.244s] INFO:colcon.colcon_core.shell:Creating package script '/home/robotics/ros2_cobot/install/mycobot_280_moveit2/share/mycobot_280_moveit2/package.zsh'
[5.244s] Level 1:colcon.colcon_core.environment:create_file_with_runtime_dependencies(/home/robotics/ros2_cobot/install/mycobot_280_moveit2/share/colcon-core/packages/mycobot_280_moveit2)
[5.249s] Level 1:colcon.colcon_core.environment:create_environment_scripts_only(mycobot_280_moveit2)
[5.250s] Level 1:colcon.colcon_core.environment:checking '/home/robotics/ros2_cobot/install/mycobot_280_moveit2' for CMake module files
[5.250s] Level 1:colcon.colcon_core.environment:checking '/home/robotics/ros2_cobot/install/mycobot_280_moveit2' for CMake config files
[5.250s] Level 1:colcon.colcon_core.shell:create_environment_hook('mycobot_280_moveit2', 'cmake_prefix_path')
[5.250s] INFO:colcon.colcon_core.shell:Creating environment hook '/home/robotics/ros2_cobot/install/mycobot_280_moveit2/share/mycobot_280_moveit2/hook/cmake_prefix_path.ps1'
[5.251s] INFO:colcon.colcon_core.shell:Creating environment descriptor '/home/robotics/ros2_cobot/install/mycobot_280_moveit2/share/mycobot_280_moveit2/hook/cmake_prefix_path.dsv'
[5.251s] INFO:colcon.colcon_core.shell:Creating environment hook '/home/robotics/ros2_cobot/install/mycobot_280_moveit2/share/mycobot_280_moveit2/hook/cmake_prefix_path.sh'
[5.252s] Level 1:colcon.colcon_core.environment:checking '/home/robotics/ros2_cobot/install/mycobot_280_moveit2/bin'
[5.252s] Level 1:colcon.colcon_core.environment:checking '/home/robotics/ros2_cobot/install/mycobot_280_moveit2/lib/pkgconfig/mycobot_280_moveit2.pc'
[5.252s] Level 1:colcon.colcon_core.environment:checking '/home/robotics/ros2_cobot/install/mycobot_280_moveit2/lib/python3.10/site-packages'
[5.252s] Level 1:colcon.colcon_core.environment:checking '/home/robotics/ros2_cobot/install/mycobot_280_moveit2/bin'
[5.253s] INFO:colcon.colcon_core.shell:Creating package script '/home/robotics/ros2_cobot/install/mycobot_280_moveit2/share/mycobot_280_moveit2/package.ps1'
[5.256s] INFO:colcon.colcon_core.shell:Creating package descriptor '/home/robotics/ros2_cobot/install/mycobot_280_moveit2/share/mycobot_280_moveit2/package.dsv'
[5.257s] INFO:colcon.colcon_core.shell:Creating package script '/home/robotics/ros2_cobot/install/mycobot_280_moveit2/share/mycobot_280_moveit2/package.sh'
[5.268s] INFO:colcon.colcon_core.shell:Creating package script '/home/robotics/ros2_cobot/install/mycobot_280_moveit2/share/mycobot_280_moveit2/package.bash'
[5.269s] INFO:colcon.colcon_core.shell:Creating package script '/home/robotics/ros2_cobot/install/mycobot_280_moveit2/share/mycobot_280_moveit2/package.zsh'
[5.269s] Level 1:colcon.colcon_core.environment:create_file_with_runtime_dependencies(/home/robotics/ros2_cobot/install/mycobot_280_moveit2/share/colcon-core/packages/mycobot_280_moveit2)
[5.270s] Level 1:colcon.colcon_core.environment:create_environment_scripts_only(mycobot_280arduino_moveit2)
[5.270s] Level 1:colcon.colcon_core.environment:checking '/home/robotics/ros2_cobot/install/mycobot_280arduino_moveit2' for CMake module files
[5.272s] DEBUG:colcon.colcon_core.event_handler.log_command:Invoked command in '/home/robotics/ros2_cobot/build/mycobot_280arduino_moveit2' returned '0': AMENT_PREFIX_PATH=/home/robotics/ros2_cobot/install/mycobot_description:/home/robotics/ros2_cobot/install/ultraarm:/home/robotics/ros2_cobot/install/traj_scripts:/home/robotics/ros2_cobot/install/mypalletizer_communication:/home/robotics/ros2_cobot/install/mypalletizer_interfaces:/home/robotics/ros2_cobot/install/mypalletizer_260_pi:/home/robotics/ros2_cobot/install/mypalletizer_260:/home/robotics/ros2_cobot/install/myarm_m750:/home/robotics/ros2_cobot/install/myarm_c650:/home/robotics/ros2_cobot/install/mycobot_communication:/home/robotics/ros2_cobot/install/mecharm_communication:/home/robotics/ros2_cobot/install/mycobot_interfaces:/home/robotics/ros2_cobot/install/mycobot_630:/home/robotics/ros2_cobot/install/mycobot_600:/home/robotics/ros2_cobot/install/mycobot_320pi:/home/robotics/ros2_cobot/install/mycobot_320_riscv:/home/robotics/ros2_cobot/install/mycobot_320:/home/robotics/ros2_cobot/install/mycobot_280rdkx5_moveit2:/home/robotics/ros2_cobot/install/mycobot_280pi:/home/robotics/ros2_cobot/install/mycobot_280jn:/home/robotics/ros2_cobot/install/mycobot_280arduino_moveit2:/home/robotics/ros2_cobot/install/mycobot_280_x3pi:/home/robotics/ros2_cobot/install/mycobot_280_riscv:/home/robotics/ros2_cobot/install/mycobot_280_rdkx5:/home/robotics/ros2_cobot/install/mycobot_280_moveit2_control:/home/robotics/ros2_cobot/install/mycobot_280_moveit2:/home/robotics/ros2_cobot/install/mycobot_280_arduino:/home/robotics/ros2_cobot/install/mycobot_280:/home/robotics/ros2_cobot/install/mybuddy:/home/robotics/ros2_cobot/install/myarm_300:/home/robotics/ros2_cobot/install/mecharm_pi:/home/robotics/ros2_cobot/install/mecharm:/home/robotics/ros2_cobot/install/mecharm_interfaces:/opt/ros/humble CMAKE_PREFIX_PATH=${CMAKE_PREFIX_PATH}:/home/robotics/ros2_cobot/install/ultraarm:/home/robotics/ros2_cobot/install/mypalletizer_communication:/home/robotics/ros2_cobot/install/mypalletizer_260_pi:/home/robotics/ros2_cobot/install/mypalletizer_260:/home/robotics/ros2_cobot/install/myarm_m750:/home/robotics/ros2_cobot/install/myarm_c650:/home/robotics/ros2_cobot/install/mycobot_communication:/home/robotics/ros2_cobot/install/mecharm_communication:/home/robotics/ros2_cobot/install/mycobot_630:/home/robotics/ros2_cobot/install/mycobot_600:/home/robotics/ros2_cobot/install/mycobot_320pi:/home/robotics/ros2_cobot/install/mycobot_320_riscv:/home/robotics/ros2_cobot/install/mycobot_320:/home/robotics/ros2_cobot/install/mycobot_280pi:/home/robotics/ros2_cobot/install/mycobot_280jn:/home/robotics/ros2_cobot/install/mycobot_280_x3pi:/home/robotics/ros2_cobot/install/mycobot_280_riscv:/home/robotics/ros2_cobot/install/mycobot_280_rdkx5:/home/robotics/ros2_cobot/install/mycobot_280_moveit2_control:/home/robotics/ros2_cobot/install/mycobot_280_arduino:/home/robotics/ros2_cobot/install/mycobot_280:/home/robotics/ros2_cobot/install/mybuddy:/home/robotics/ros2_cobot/install/myarm_300:/home/robotics/ros2_cobot/install/mecharm_pi:/home/robotics/ros2_cobot/install/mecharm:/home/robotics/ros2_cobot/install/mycobot_description:/opt/ros/humble PYTHONPATH=/home/robotics/ros2_cobot/install/mycobot_description/lib/python3.10/site-packages:/home/robotics/ros2_cobot/install/ultraarm/lib/python3.10/site-packages:/home/robotics/ros2_cobot/install/traj_scripts/local/lib/python3.10/dist-packages:/home/robotics/ros2_cobot/install/mypalletizer_communication/lib/python3.10/site-packages:/home/robotics/ros2_cobot/install/mypalletizer_interfaces/local/lib/python3.10/dist-packages:/home/robotics/ros2_cobot/install/mypalletizer_260_pi/lib/python3.10/site-packages:/home/robotics/ros2_cobot/install/mypalletizer_260/lib/python3.10/site-packages:/home/robotics/ros2_cobot/install/myarm_m750/lib/python3.10/site-packages:/home/robotics/ros2_cobot/install/myarm_c650/lib/python3.10/site-packages:/home/robotics/ros2_cobot/install/mycobot_communication/lib/python3.10/site-packages:/home/robotics/ros2_cobot/install/mecharm_communication/lib/python3.10/site-packages:/home/robotics/ros2_cobot/install/mycobot_interfaces/local/lib/python3.10/dist-packages:/home/robotics/ros2_cobot/install/mycobot_630/lib/python3.10/site-packages:/home/robotics/ros2_cobot/install/mycobot_600/lib/python3.10/site-packages:/home/robotics/ros2_cobot/install/mycobot_320pi/lib/python3.10/site-packages:/home/robotics/ros2_cobot/install/mycobot_320_riscv/lib/python3.10/site-packages:/home/robotics/ros2_cobot/install/mycobot_320/lib/python3.10/site-packages:/home/robotics/ros2_cobot/install/mycobot_280pi/lib/python3.10/site-packages:/home/robotics/ros2_cobot/install/mycobot_280jn/lib/python3.10/site-packages:/home/robotics/ros2_cobot/install/mycobot_280_x3pi/lib/python3.10/site-packages:/home/robotics/ros2_cobot/install/mycobot_280_riscv/lib/python3.10/site-packages:/home/robotics/ros2_cobot/install/mycobot_280_rdkx5/lib/python3.10/site-packages:/home/robotics/ros2_cobot/install/mycobot_280_moveit2_control/lib/python3.10/site-packages:/home/robotics/ros2_cobot/install/mycobot_280_arduino/lib/python3.10/site-packages:/home/robotics/ros2_cobot/install/mycobot_280/lib/python3.10/site-packages:/home/robotics/ros2_cobot/install/mybuddy/lib/python3.10/site-packages:/home/robotics/ros2_cobot/install/myarm_300/lib/python3.10/site-packages:/home/robotics/ros2_cobot/install/mecharm_pi/lib/python3.10/site-packages:/home/robotics/ros2_cobot/install/mecharm/lib/python3.10/site-packages:/home/robotics/ros2_cobot/install/mecharm_interfaces/local/lib/python3.10/dist-packages:/opt/ros/humble/lib/python3.10/site-packages:/opt/ros/humble/local/lib/python3.10/dist-packages /usr/bin/cmake --install /home/robotics/ros2_cobot/build/mycobot_280arduino_moveit2
[5.274s] Level 1:colcon.colcon_core.environment:checking '/home/robotics/ros2_cobot/install/mycobot_280arduino_moveit2' for CMake config files
[5.274s] Level 1:colcon.colcon_core.shell:create_environment_hook('mycobot_280arduino_moveit2', 'cmake_prefix_path')
[5.275s] INFO:colcon.colcon_core.shell:Creating environment hook '/home/robotics/ros2_cobot/install/mycobot_280arduino_moveit2/share/mycobot_280arduino_moveit2/hook/cmake_prefix_path.ps1'
[5.275s] INFO:colcon.colcon_core.shell:Creating environment descriptor '/home/robotics/ros2_cobot/install/mycobot_280arduino_moveit2/share/mycobot_280arduino_moveit2/hook/cmake_prefix_path.dsv'
[5.276s] INFO:colcon.colcon_core.shell:Creating environment hook '/home/robotics/ros2_cobot/install/mycobot_280arduino_moveit2/share/mycobot_280arduino_moveit2/hook/cmake_prefix_path.sh'
[5.276s] Level 1:colcon.colcon_core.environment:checking '/home/robotics/ros2_cobot/install/mycobot_280arduino_moveit2/bin'
[5.277s] Level 1:colcon.colcon_core.environment:checking '/home/robotics/ros2_cobot/install/mycobot_280arduino_moveit2/lib/pkgconfig/mycobot_280arduino_moveit2.pc'
[5.277s] Level 1:colcon.colcon_core.environment:checking '/home/robotics/ros2_cobot/install/mycobot_280arduino_moveit2/lib/python3.10/site-packages'
[5.277s] Level 1:colcon.colcon_core.environment:checking '/home/robotics/ros2_cobot/install/mycobot_280arduino_moveit2/bin'
[5.277s] INFO:colcon.colcon_core.shell:Creating package script '/home/robotics/ros2_cobot/install/mycobot_280arduino_moveit2/share/mycobot_280arduino_moveit2/package.ps1'
[5.281s] INFO:colcon.colcon_core.shell:Creating package descriptor '/home/robotics/ros2_cobot/install/mycobot_280arduino_moveit2/share/mycobot_280arduino_moveit2/package.dsv'
[5.282s] INFO:colcon.colcon_core.shell:Creating package script '/home/robotics/ros2_cobot/install/mycobot_280arduino_moveit2/share/mycobot_280arduino_moveit2/package.sh'
[5.282s] INFO:colcon.colcon_core.shell:Creating package script '/home/robotics/ros2_cobot/install/mycobot_280arduino_moveit2/share/mycobot_280arduino_moveit2/package.bash'
[5.283s] INFO:colcon.colcon_core.shell:Creating package script '/home/robotics/ros2_cobot/install/mycobot_280arduino_moveit2/share/mycobot_280arduino_moveit2/package.zsh'
[5.283s] Level 1:colcon.colcon_core.environment:create_file_with_runtime_dependencies(/home/robotics/ros2_cobot/install/mycobot_280arduino_moveit2/share/colcon-core/packages/mycobot_280arduino_moveit2)
[5.288s] Level 1:colcon.colcon_core.environment:create_environment_scripts_only(mycobot_280arduino_moveit2)
[5.289s] Level 1:colcon.colcon_core.environment:checking '/home/robotics/ros2_cobot/install/mycobot_280arduino_moveit2' for CMake module files
[5.289s] Level 1:colcon.colcon_core.environment:checking '/home/robotics/ros2_cobot/install/mycobot_280arduino_moveit2' for CMake config files
[5.289s] Level 1:colcon.colcon_core.shell:create_environment_hook('mycobot_280arduino_moveit2', 'cmake_prefix_path')
[5.290s] INFO:colcon.colcon_core.shell:Creating environment hook '/home/robotics/ros2_cobot/install/mycobot_280arduino_moveit2/share/mycobot_280arduino_moveit2/hook/cmake_prefix_path.ps1'
[5.290s] INFO:colcon.colcon_core.shell:Creating environment descriptor '/home/robotics/ros2_cobot/install/mycobot_280arduino_moveit2/share/mycobot_280arduino_moveit2/hook/cmake_prefix_path.dsv'
[5.291s] INFO:colcon.colcon_core.shell:Creating environment hook '/home/robotics/ros2_cobot/install/mycobot_280arduino_moveit2/share/mycobot_280arduino_moveit2/hook/cmake_prefix_path.sh'
[5.296s] Level 1:colcon.colcon_core.environment:checking '/home/robotics/ros2_cobot/install/mycobot_280arduino_moveit2/bin'
[5.296s] Level 1:colcon.colcon_core.environment:checking '/home/robotics/ros2_cobot/install/mycobot_280arduino_moveit2/lib/pkgconfig/mycobot_280arduino_moveit2.pc'
[5.296s] Level 1:colcon.colcon_core.environment:checking '/home/robotics/ros2_cobot/install/mycobot_280arduino_moveit2/lib/python3.10/site-packages'
[5.296s] Level 1:colcon.colcon_core.environment:checking '/home/robotics/ros2_cobot/install/mycobot_280arduino_moveit2/bin'
[5.296s] INFO:colcon.colcon_core.shell:Creating package script '/home/robotics/ros2_cobot/install/mycobot_280arduino_moveit2/share/mycobot_280arduino_moveit2/package.ps1'
[5.297s] INFO:colcon.colcon_core.shell:Creating package descriptor '/home/robotics/ros2_cobot/install/mycobot_280arduino_moveit2/share/mycobot_280arduino_moveit2/package.dsv'
[5.298s] INFO:colcon.colcon_core.shell:Creating package script '/home/robotics/ros2_cobot/install/mycobot_280arduino_moveit2/share/mycobot_280arduino_moveit2/package.sh'
[5.302s] INFO:colcon.colcon_core.shell:Creating package script '/home/robotics/ros2_cobot/install/mycobot_280arduino_moveit2/share/mycobot_280arduino_moveit2/package.bash'
[5.303s] INFO:colcon.colcon_core.shell:Creating package script '/home/robotics/ros2_cobot/install/mycobot_280arduino_moveit2/share/mycobot_280arduino_moveit2/package.zsh'
[5.303s] Level 1:colcon.colcon_core.environment:create_file_with_runtime_dependencies(/home/robotics/ros2_cobot/install/mycobot_280arduino_moveit2/share/colcon-core/packages/mycobot_280arduino_moveit2)
[5.304s] INFO:colcon.colcon_ros.task.ament_python.build:Building ROS package in '/home/robotics/ros2_cobot/src/mycobot_ros2/mycobot_280/mycobot_280pi' with build type 'ament_python'
[5.304s] Level 1:colcon.colcon_core.shell:create_environment_hook('mycobot_280pi', 'ament_prefix_path')
[5.305s] INFO:colcon.colcon_core.shell:Creating environment hook '/home/robotics/ros2_cobot/install/mycobot_280pi/share/mycobot_280pi/hook/ament_prefix_path.ps1'
[5.309s] INFO:colcon.colcon_core.shell:Creating environment descriptor '/home/robotics/ros2_cobot/install/mycobot_280pi/share/mycobot_280pi/hook/ament_prefix_path.dsv'
[5.309s] INFO:colcon.colcon_core.shell:Creating environment hook '/home/robotics/ros2_cobot/install/mycobot_280pi/share/mycobot_280pi/hook/ament_prefix_path.sh'
[5.310s] INFO:colcon.colcon_core.shell:Skip shell extension 'powershell' for command environment: Not usable outside of PowerShell
[5.310s] DEBUG:colcon.colcon_core.shell:Skip shell extension 'dsv' for command environment
[5.325s] INFO:colcon.colcon_ros.task.ament_cmake.build:Building ROS package in '/home/robotics/ros2_cobot/src/mycobot_ros2/mycobot_280/mycobot_280rdkx5_moveit2' with build type 'ament_cmake'
[5.327s] INFO:colcon.colcon_cmake.task.cmake.build:Building CMake package in '/home/robotics/ros2_cobot/src/mycobot_ros2/mycobot_280/mycobot_280rdkx5_moveit2'
[5.328s] INFO:colcon.colcon_core.shell:Skip shell extension 'powershell' for command environment: Not usable outside of PowerShell
[5.328s] DEBUG:colcon.colcon_core.shell:Skip shell extension 'dsv' for command environment
[5.801s] INFO:colcon.colcon_core.task.python.build:Building Python package in '/home/robotics/ros2_cobot/src/mycobot_ros2/mycobot_280/mycobot_280pi'
[5.802s] INFO:colcon.colcon_core.shell:Skip shell extension 'powershell' for command environment: Not usable outside of PowerShell
[5.802s] DEBUG:colcon.colcon_core.shell:Skip shell extension 'dsv' for command environment
[5.821s] DEBUG:colcon.colcon_core.event_handler.log_command:Invoking command in '/home/robotics/ros2_cobot/build/mycobot_280rdkx5_moveit2': AMENT_PREFIX_PATH=/home/robotics/ros2_cobot/install/mycobot_description:/home/robotics/ros2_cobot/install/ultraarm:/home/robotics/ros2_cobot/install/traj_scripts:/home/robotics/ros2_cobot/install/mypalletizer_communication:/home/robotics/ros2_cobot/install/mypalletizer_interfaces:/home/robotics/ros2_cobot/install/mypalletizer_260_pi:/home/robotics/ros2_cobot/install/mypalletizer_260:/home/robotics/ros2_cobot/install/myarm_m750:/home/robotics/ros2_cobot/install/myarm_c650:/home/robotics/ros2_cobot/install/mycobot_communication:/home/robotics/ros2_cobot/install/mecharm_communication:/home/robotics/ros2_cobot/install/mycobot_interfaces:/home/robotics/ros2_cobot/install/mycobot_630:/home/robotics/ros2_cobot/install/mycobot_600:/home/robotics/ros2_cobot/install/mycobot_320pi:/home/robotics/ros2_cobot/install/mycobot_320_riscv:/home/robotics/ros2_cobot/install/mycobot_320:/home/robotics/ros2_cobot/install/mycobot_280rdkx5_moveit2:/home/robotics/ros2_cobot/install/mycobot_280pi:/home/robotics/ros2_cobot/install/mycobot_280jn:/home/robotics/ros2_cobot/install/mycobot_280arduino_moveit2:/home/robotics/ros2_cobot/install/mycobot_280_x3pi:/home/robotics/ros2_cobot/install/mycobot_280_riscv:/home/robotics/ros2_cobot/install/mycobot_280_rdkx5:/home/robotics/ros2_cobot/install/mycobot_280_moveit2_control:/home/robotics/ros2_cobot/install/mycobot_280_moveit2:/home/robotics/ros2_cobot/install/mycobot_280_arduino:/home/robotics/ros2_cobot/install/mycobot_280:/home/robotics/ros2_cobot/install/mybuddy:/home/robotics/ros2_cobot/install/myarm_300:/home/robotics/ros2_cobot/install/mecharm_pi:/home/robotics/ros2_cobot/install/mecharm:/home/robotics/ros2_cobot/install/mecharm_interfaces:/opt/ros/humble CMAKE_PREFIX_PATH=${CMAKE_PREFIX_PATH}:/home/robotics/ros2_cobot/install/ultraarm:/home/robotics/ros2_cobot/install/mypalletizer_communication:/home/robotics/ros2_cobot/install/mypalletizer_260_pi:/home/robotics/ros2_cobot/install/mypalletizer_260:/home/robotics/ros2_cobot/install/myarm_m750:/home/robotics/ros2_cobot/install/myarm_c650:/home/robotics/ros2_cobot/install/mycobot_communication:/home/robotics/ros2_cobot/install/mecharm_communication:/home/robotics/ros2_cobot/install/mycobot_630:/home/robotics/ros2_cobot/install/mycobot_600:/home/robotics/ros2_cobot/install/mycobot_320pi:/home/robotics/ros2_cobot/install/mycobot_320_riscv:/home/robotics/ros2_cobot/install/mycobot_320:/home/robotics/ros2_cobot/install/mycobot_280pi:/home/robotics/ros2_cobot/install/mycobot_280jn:/home/robotics/ros2_cobot/install/mycobot_280_x3pi:/home/robotics/ros2_cobot/install/mycobot_280_riscv:/home/robotics/ros2_cobot/install/mycobot_280_rdkx5:/home/robotics/ros2_cobot/install/mycobot_280_moveit2_control:/home/robotics/ros2_cobot/install/mycobot_280_arduino:/home/robotics/ros2_cobot/install/mycobot_280:/home/robotics/ros2_cobot/install/mybuddy:/home/robotics/ros2_cobot/install/myarm_300:/home/robotics/ros2_cobot/install/mecharm_pi:/home/robotics/ros2_cobot/install/mecharm:/home/robotics/ros2_cobot/install/mycobot_description:/opt/ros/humble PYTHONPATH=/home/robotics/ros2_cobot/install/mycobot_description/lib/python3.10/site-packages:/home/robotics/ros2_cobot/install/ultraarm/lib/python3.10/site-packages:/home/robotics/ros2_cobot/install/traj_scripts/local/lib/python3.10/dist-packages:/home/robotics/ros2_cobot/install/mypalletizer_communication/lib/python3.10/site-packages:/home/robotics/ros2_cobot/install/mypalletizer_interfaces/local/lib/python3.10/dist-packages:/home/robotics/ros2_cobot/install/mypalletizer_260_pi/lib/python3.10/site-packages:/home/robotics/ros2_cobot/install/mypalletizer_260/lib/python3.10/site-packages:/home/robotics/ros2_cobot/install/myarm_m750/lib/python3.10/site-packages:/home/robotics/ros2_cobot/install/myarm_c650/lib/python3.10/site-packages:/home/robotics/ros2_cobot/install/mycobot_communication/lib/python3.10/site-packages:/home/robotics/ros2_cobot/install/mecharm_communication/lib/python3.10/site-packages:/home/robotics/ros2_cobot/install/mycobot_interfaces/local/lib/python3.10/dist-packages:/home/robotics/ros2_cobot/install/mycobot_630/lib/python3.10/site-packages:/home/robotics/ros2_cobot/install/mycobot_600/lib/python3.10/site-packages:/home/robotics/ros2_cobot/install/mycobot_320pi/lib/python3.10/site-packages:/home/robotics/ros2_cobot/install/mycobot_320_riscv/lib/python3.10/site-packages:/home/robotics/ros2_cobot/install/mycobot_320/lib/python3.10/site-packages:/home/robotics/ros2_cobot/install/mycobot_280pi/lib/python3.10/site-packages:/home/robotics/ros2_cobot/install/mycobot_280jn/lib/python3.10/site-packages:/home/robotics/ros2_cobot/install/mycobot_280_x3pi/lib/python3.10/site-packages:/home/robotics/ros2_cobot/install/mycobot_280_riscv/lib/python3.10/site-packages:/home/robotics/ros2_cobot/install/mycobot_280_rdkx5/lib/python3.10/site-packages:/home/robotics/ros2_cobot/install/mycobot_280_moveit2_control/lib/python3.10/site-packages:/home/robotics/ros2_cobot/install/mycobot_280_arduino/lib/python3.10/site-packages:/home/robotics/ros2_cobot/install/mycobot_280/lib/python3.10/site-packages:/home/robotics/ros2_cobot/install/mybuddy/lib/python3.10/site-packages:/home/robotics/ros2_cobot/install/myarm_300/lib/python3.10/site-packages:/home/robotics/ros2_cobot/install/mecharm_pi/lib/python3.10/site-packages:/home/robotics/ros2_cobot/install/mecharm/lib/python3.10/site-packages:/home/robotics/ros2_cobot/install/mecharm_interfaces/local/lib/python3.10/dist-packages:/opt/ros/humble/lib/python3.10/site-packages:/opt/ros/humble/local/lib/python3.10/dist-packages /usr/bin/cmake --build /home/robotics/ros2_cobot/build/mycobot_280rdkx5_moveit2 -- -j16 -l16
[5.822s] DEBUG:colcon.colcon_core.event_handler.log_command:Invoking command in '/home/robotics/ros2_cobot/src/mycobot_ros2/Mybuddy/mybuddy': AMENT_PREFIX_PATH=/home/robotics/ros2_cobot/install/mycobot_description:/home/robotics/ros2_cobot/install/ultraarm:/home/robotics/ros2_cobot/install/traj_scripts:/home/robotics/ros2_cobot/install/mypalletizer_communication:/home/robotics/ros2_cobot/install/mypalletizer_interfaces:/home/robotics/ros2_cobot/install/mypalletizer_260_pi:/home/robotics/ros2_cobot/install/mypalletizer_260:/home/robotics/ros2_cobot/install/myarm_m750:/home/robotics/ros2_cobot/install/myarm_c650:/home/robotics/ros2_cobot/install/mycobot_communication:/home/robotics/ros2_cobot/install/mecharm_communication:/home/robotics/ros2_cobot/install/mycobot_interfaces:/home/robotics/ros2_cobot/install/mycobot_630:/home/robotics/ros2_cobot/install/mycobot_600:/home/robotics/ros2_cobot/install/mycobot_320pi:/home/robotics/ros2_cobot/install/mycobot_320_riscv:/home/robotics/ros2_cobot/install/mycobot_320:/home/robotics/ros2_cobot/install/mycobot_280rdkx5_moveit2:/home/robotics/ros2_cobot/install/mycobot_280pi:/home/robotics/ros2_cobot/install/mycobot_280jn:/home/robotics/ros2_cobot/install/mycobot_280arduino_moveit2:/home/robotics/ros2_cobot/install/mycobot_280_x3pi:/home/robotics/ros2_cobot/install/mycobot_280_riscv:/home/robotics/ros2_cobot/install/mycobot_280_rdkx5:/home/robotics/ros2_cobot/install/mycobot_280_moveit2_control:/home/robotics/ros2_cobot/install/mycobot_280_moveit2:/home/robotics/ros2_cobot/install/mycobot_280_arduino:/home/robotics/ros2_cobot/install/mycobot_280:/home/robotics/ros2_cobot/install/mybuddy:/home/robotics/ros2_cobot/install/myarm_300:/home/robotics/ros2_cobot/install/mecharm_pi:/home/robotics/ros2_cobot/install/mecharm:/home/robotics/ros2_cobot/install/mecharm_interfaces:/opt/ros/humble PYTHONPATH=/home/robotics/ros2_cobot/build/mybuddy/prefix_override:/usr/lib/python3/dist-packages/colcon_core/task/python/colcon_distutils_commands:/home/robotics/ros2_cobot/install/mybuddy/lib/python3.10/site-packages:/home/robotics/ros2_cobot/install/mycobot_description/lib/python3.10/site-packages:/home/robotics/ros2_cobot/install/ultraarm/lib/python3.10/site-packages:/home/robotics/ros2_cobot/install/traj_scripts/local/lib/python3.10/dist-packages:/home/robotics/ros2_cobot/install/mypalletizer_communication/lib/python3.10/site-packages:/home/robotics/ros2_cobot/install/mypalletizer_interfaces/local/lib/python3.10/dist-packages:/home/robotics/ros2_cobot/install/mypalletizer_260_pi/lib/python3.10/site-packages:/home/robotics/ros2_cobot/install/mypalletizer_260/lib/python3.10/site-packages:/home/robotics/ros2_cobot/install/myarm_m750/lib/python3.10/site-packages:/home/robotics/ros2_cobot/install/myarm_c650/lib/python3.10/site-packages:/home/robotics/ros2_cobot/install/mycobot_communication/lib/python3.10/site-packages:/home/robotics/ros2_cobot/install/mecharm_communication/lib/python3.10/site-packages:/home/robotics/ros2_cobot/install/mycobot_interfaces/local/lib/python3.10/dist-packages:/home/robotics/ros2_cobot/install/mycobot_630/lib/python3.10/site-packages:/home/robotics/ros2_cobot/install/mycobot_600/lib/python3.10/site-packages:/home/robotics/ros2_cobot/install/mycobot_320pi/lib/python3.10/site-packages:/home/robotics/ros2_cobot/install/mycobot_320_riscv/lib/python3.10/site-packages:/home/robotics/ros2_cobot/install/mycobot_320/lib/python3.10/site-packages:/home/robotics/ros2_cobot/install/mycobot_280pi/lib/python3.10/site-packages:/home/robotics/ros2_cobot/install/mycobot_280jn/lib/python3.10/site-packages:/home/robotics/ros2_cobot/install/mycobot_280_x3pi/lib/python3.10/site-packages:/home/robotics/ros2_cobot/install/mycobot_280_riscv/lib/python3.10/site-packages:/home/robotics/ros2_cobot/install/mycobot_280_rdkx5/lib/python3.10/site-packages:/home/robotics/ros2_cobot/install/mycobot_280_moveit2_control/lib/python3.10/site-packages:/home/robotics/ros2_cobot/install/mycobot_280_arduino/lib/python3.10/site-packages:/home/robotics/ros2_cobot/install/mycobot_280/lib/python3.10/site-packages:/home/robotics/ros2_cobot/install/mybuddy/lib/python3.10/site-packages:/home/robotics/ros2_cobot/install/myarm_300/lib/python3.10/site-packages:/home/robotics/ros2_cobot/install/mecharm_pi/lib/python3.10/site-packages:/home/robotics/ros2_cobot/install/mecharm/lib/python3.10/site-packages:/home/robotics/ros2_cobot/install/mecharm_interfaces/local/lib/python3.10/dist-packages:/opt/ros/humble/lib/python3.10/site-packages:/opt/ros/humble/local/lib/python3.10/dist-packages /usr/bin/python3 -W ignore:setup.py install is deprecated -W ignore:easy_install command is deprecated setup.py egg_info --egg-base ../../../../build/mybuddy build --build-base /home/robotics/ros2_cobot/build/mybuddy/build install --record /home/robotics/ros2_cobot/build/mybuddy/install.log --single-version-externally-managed install_data
[5.825s] DEBUG:colcon.colcon_core.event_handler.log_command:Invoking command in '/home/robotics/ros2_cobot/src/mycobot_ros2/mycobot_280/mycobot_280_riscv': AMENT_PREFIX_PATH=/home/robotics/ros2_cobot/install/mycobot_description:/home/robotics/ros2_cobot/install/ultraarm:/home/robotics/ros2_cobot/install/traj_scripts:/home/robotics/ros2_cobot/install/mypalletizer_communication:/home/robotics/ros2_cobot/install/mypalletizer_interfaces:/home/robotics/ros2_cobot/install/mypalletizer_260_pi:/home/robotics/ros2_cobot/install/mypalletizer_260:/home/robotics/ros2_cobot/install/myarm_m750:/home/robotics/ros2_cobot/install/myarm_c650:/home/robotics/ros2_cobot/install/mycobot_communication:/home/robotics/ros2_cobot/install/mecharm_communication:/home/robotics/ros2_cobot/install/mycobot_interfaces:/home/robotics/ros2_cobot/install/mycobot_630:/home/robotics/ros2_cobot/install/mycobot_600:/home/robotics/ros2_cobot/install/mycobot_320pi:/home/robotics/ros2_cobot/install/mycobot_320_riscv:/home/robotics/ros2_cobot/install/mycobot_320:/home/robotics/ros2_cobot/install/mycobot_280rdkx5_moveit2:/home/robotics/ros2_cobot/install/mycobot_280pi:/home/robotics/ros2_cobot/install/mycobot_280jn:/home/robotics/ros2_cobot/install/mycobot_280arduino_moveit2:/home/robotics/ros2_cobot/install/mycobot_280_x3pi:/home/robotics/ros2_cobot/install/mycobot_280_riscv:/home/robotics/ros2_cobot/install/mycobot_280_rdkx5:/home/robotics/ros2_cobot/install/mycobot_280_moveit2_control:/home/robotics/ros2_cobot/install/mycobot_280_moveit2:/home/robotics/ros2_cobot/install/mycobot_280_arduino:/home/robotics/ros2_cobot/install/mycobot_280:/home/robotics/ros2_cobot/install/mybuddy:/home/robotics/ros2_cobot/install/myarm_300:/home/robotics/ros2_cobot/install/mecharm_pi:/home/robotics/ros2_cobot/install/mecharm:/home/robotics/ros2_cobot/install/mecharm_interfaces:/opt/ros/humble PYTHONPATH=/home/robotics/ros2_cobot/build/mycobot_280_riscv/prefix_override:/usr/lib/python3/dist-packages/colcon_core/task/python/colcon_distutils_commands:/home/robotics/ros2_cobot/install/mycobot_280_riscv/lib/python3.10/site-packages:/home/robotics/ros2_cobot/install/mycobot_description/lib/python3.10/site-packages:/home/robotics/ros2_cobot/install/ultraarm/lib/python3.10/site-packages:/home/robotics/ros2_cobot/install/traj_scripts/local/lib/python3.10/dist-packages:/home/robotics/ros2_cobot/install/mypalletizer_communication/lib/python3.10/site-packages:/home/robotics/ros2_cobot/install/mypalletizer_interfaces/local/lib/python3.10/dist-packages:/home/robotics/ros2_cobot/install/mypalletizer_260_pi/lib/python3.10/site-packages:/home/robotics/ros2_cobot/install/mypalletizer_260/lib/python3.10/site-packages:/home/robotics/ros2_cobot/install/myarm_m750/lib/python3.10/site-packages:/home/robotics/ros2_cobot/install/myarm_c650/lib/python3.10/site-packages:/home/robotics/ros2_cobot/install/mycobot_communication/lib/python3.10/site-packages:/home/robotics/ros2_cobot/install/mecharm_communication/lib/python3.10/site-packages:/home/robotics/ros2_cobot/install/mycobot_interfaces/local/lib/python3.10/dist-packages:/home/robotics/ros2_cobot/install/mycobot_630/lib/python3.10/site-packages:/home/robotics/ros2_cobot/install/mycobot_600/lib/python3.10/site-packages:/home/robotics/ros2_cobot/install/mycobot_320pi/lib/python3.10/site-packages:/home/robotics/ros2_cobot/install/mycobot_320_riscv/lib/python3.10/site-packages:/home/robotics/ros2_cobot/install/mycobot_320/lib/python3.10/site-packages:/home/robotics/ros2_cobot/install/mycobot_280pi/lib/python3.10/site-packages:/home/robotics/ros2_cobot/install/mycobot_280jn/lib/python3.10/site-packages:/home/robotics/ros2_cobot/install/mycobot_280_x3pi/lib/python3.10/site-packages:/home/robotics/ros2_cobot/install/mycobot_280_riscv/lib/python3.10/site-packages:/home/robotics/ros2_cobot/install/mycobot_280_rdkx5/lib/python3.10/site-packages:/home/robotics/ros2_cobot/install/mycobot_280_moveit2_control/lib/python3.10/site-packages:/home/robotics/ros2_cobot/install/mycobot_280_arduino/lib/python3.10/site-packages:/home/robotics/ros2_cobot/install/mycobot_280/lib/python3.10/site-packages:/home/robotics/ros2_cobot/install/mybuddy/lib/python3.10/site-packages:/home/robotics/ros2_cobot/install/myarm_300/lib/python3.10/site-packages:/home/robotics/ros2_cobot/install/mecharm_pi/lib/python3.10/site-packages:/home/robotics/ros2_cobot/install/mecharm/lib/python3.10/site-packages:/home/robotics/ros2_cobot/install/mecharm_interfaces/local/lib/python3.10/dist-packages:/opt/ros/humble/lib/python3.10/site-packages:/opt/ros/humble/local/lib/python3.10/dist-packages /usr/bin/python3 -W ignore:setup.py install is deprecated -W ignore:easy_install command is deprecated setup.py egg_info --egg-base ../../../../build/mycobot_280_riscv build --build-base /home/robotics/ros2_cobot/build/mycobot_280_riscv/build install --record /home/robotics/ros2_cobot/build/mycobot_280_riscv/install.log --single-version-externally-managed install_data
[5.835s] DEBUG:colcon.colcon_core.event_handler.log_command:Invoking command in '/home/robotics/ros2_cobot/src/mycobot_ros2/myArm/myarm_300': AMENT_PREFIX_PATH=/home/robotics/ros2_cobot/install/mycobot_description:/home/robotics/ros2_cobot/install/ultraarm:/home/robotics/ros2_cobot/install/traj_scripts:/home/robotics/ros2_cobot/install/mypalletizer_communication:/home/robotics/ros2_cobot/install/mypalletizer_interfaces:/home/robotics/ros2_cobot/install/mypalletizer_260_pi:/home/robotics/ros2_cobot/install/mypalletizer_260:/home/robotics/ros2_cobot/install/myarm_m750:/home/robotics/ros2_cobot/install/myarm_c650:/home/robotics/ros2_cobot/install/mycobot_communication:/home/robotics/ros2_cobot/install/mecharm_communication:/home/robotics/ros2_cobot/install/mycobot_interfaces:/home/robotics/ros2_cobot/install/mycobot_630:/home/robotics/ros2_cobot/install/mycobot_600:/home/robotics/ros2_cobot/install/mycobot_320pi:/home/robotics/ros2_cobot/install/mycobot_320_riscv:/home/robotics/ros2_cobot/install/mycobot_320:/home/robotics/ros2_cobot/install/mycobot_280rdkx5_moveit2:/home/robotics/ros2_cobot/install/mycobot_280pi:/home/robotics/ros2_cobot/install/mycobot_280jn:/home/robotics/ros2_cobot/install/mycobot_280arduino_moveit2:/home/robotics/ros2_cobot/install/mycobot_280_x3pi:/home/robotics/ros2_cobot/install/mycobot_280_riscv:/home/robotics/ros2_cobot/install/mycobot_280_rdkx5:/home/robotics/ros2_cobot/install/mycobot_280_moveit2_control:/home/robotics/ros2_cobot/install/mycobot_280_moveit2:/home/robotics/ros2_cobot/install/mycobot_280_arduino:/home/robotics/ros2_cobot/install/mycobot_280:/home/robotics/ros2_cobot/install/mybuddy:/home/robotics/ros2_cobot/install/myarm_300:/home/robotics/ros2_cobot/install/mecharm_pi:/home/robotics/ros2_cobot/install/mecharm:/home/robotics/ros2_cobot/install/mecharm_interfaces:/opt/ros/humble PYTHONPATH=/home/robotics/ros2_cobot/build/myarm_300/prefix_override:/usr/lib/python3/dist-packages/colcon_core/task/python/colcon_distutils_commands:/home/robotics/ros2_cobot/install/myarm_300/lib/python3.10/site-packages:/home/robotics/ros2_cobot/install/mycobot_description/lib/python3.10/site-packages:/home/robotics/ros2_cobot/install/ultraarm/lib/python3.10/site-packages:/home/robotics/ros2_cobot/install/traj_scripts/local/lib/python3.10/dist-packages:/home/robotics/ros2_cobot/install/mypalletizer_communication/lib/python3.10/site-packages:/home/robotics/ros2_cobot/install/mypalletizer_interfaces/local/lib/python3.10/dist-packages:/home/robotics/ros2_cobot/install/mypalletizer_260_pi/lib/python3.10/site-packages:/home/robotics/ros2_cobot/install/mypalletizer_260/lib/python3.10/site-packages:/home/robotics/ros2_cobot/install/myarm_m750/lib/python3.10/site-packages:/home/robotics/ros2_cobot/install/myarm_c650/lib/python3.10/site-packages:/home/robotics/ros2_cobot/install/mycobot_communication/lib/python3.10/site-packages:/home/robotics/ros2_cobot/install/mecharm_communication/lib/python3.10/site-packages:/home/robotics/ros2_cobot/install/mycobot_interfaces/local/lib/python3.10/dist-packages:/home/robotics/ros2_cobot/install/mycobot_630/lib/python3.10/site-packages:/home/robotics/ros2_cobot/install/mycobot_600/lib/python3.10/site-packages:/home/robotics/ros2_cobot/install/mycobot_320pi/lib/python3.10/site-packages:/home/robotics/ros2_cobot/install/mycobot_320_riscv/lib/python3.10/site-packages:/home/robotics/ros2_cobot/install/mycobot_320/lib/python3.10/site-packages:/home/robotics/ros2_cobot/install/mycobot_280pi/lib/python3.10/site-packages:/home/robotics/ros2_cobot/install/mycobot_280jn/lib/python3.10/site-packages:/home/robotics/ros2_cobot/install/mycobot_280_x3pi/lib/python3.10/site-packages:/home/robotics/ros2_cobot/install/mycobot_280_riscv/lib/python3.10/site-packages:/home/robotics/ros2_cobot/install/mycobot_280_rdkx5/lib/python3.10/site-packages:/home/robotics/ros2_cobot/install/mycobot_280_moveit2_control/lib/python3.10/site-packages:/home/robotics/ros2_cobot/install/mycobot_280_arduino/lib/python3.10/site-packages:/home/robotics/ros2_cobot/install/mycobot_280/lib/python3.10/site-packages:/home/robotics/ros2_cobot/install/mybuddy/lib/python3.10/site-packages:/home/robotics/ros2_cobot/install/myarm_300/lib/python3.10/site-packages:/home/robotics/ros2_cobot/install/mecharm_pi/lib/python3.10/site-packages:/home/robotics/ros2_cobot/install/mecharm/lib/python3.10/site-packages:/home/robotics/ros2_cobot/install/mecharm_interfaces/local/lib/python3.10/dist-packages:/opt/ros/humble/lib/python3.10/site-packages:/opt/ros/humble/local/lib/python3.10/dist-packages /usr/bin/python3 -W ignore:setup.py install is deprecated -W ignore:easy_install command is deprecated setup.py egg_info --egg-base ../../../../build/myarm_300 build --build-base /home/robotics/ros2_cobot/build/myarm_300/build install --record /home/robotics/ros2_cobot/build/myarm_300/install.log --single-version-externally-managed install_data
[5.836s] DEBUG:colcon.colcon_core.event_handler.log_command:Invoking command in '/home/robotics/ros2_cobot/src/mycobot_ros2/mecharm/mecharm': AMENT_PREFIX_PATH=/home/robotics/ros2_cobot/install/mycobot_description:/home/robotics/ros2_cobot/install/ultraarm:/home/robotics/ros2_cobot/install/traj_scripts:/home/robotics/ros2_cobot/install/mypalletizer_communication:/home/robotics/ros2_cobot/install/mypalletizer_interfaces:/home/robotics/ros2_cobot/install/mypalletizer_260_pi:/home/robotics/ros2_cobot/install/mypalletizer_260:/home/robotics/ros2_cobot/install/myarm_m750:/home/robotics/ros2_cobot/install/myarm_c650:/home/robotics/ros2_cobot/install/mycobot_communication:/home/robotics/ros2_cobot/install/mecharm_communication:/home/robotics/ros2_cobot/install/mycobot_interfaces:/home/robotics/ros2_cobot/install/mycobot_630:/home/robotics/ros2_cobot/install/mycobot_600:/home/robotics/ros2_cobot/install/mycobot_320pi:/home/robotics/ros2_cobot/install/mycobot_320_riscv:/home/robotics/ros2_cobot/install/mycobot_320:/home/robotics/ros2_cobot/install/mycobot_280rdkx5_moveit2:/home/robotics/ros2_cobot/install/mycobot_280pi:/home/robotics/ros2_cobot/install/mycobot_280jn:/home/robotics/ros2_cobot/install/mycobot_280arduino_moveit2:/home/robotics/ros2_cobot/install/mycobot_280_x3pi:/home/robotics/ros2_cobot/install/mycobot_280_riscv:/home/robotics/ros2_cobot/install/mycobot_280_rdkx5:/home/robotics/ros2_cobot/install/mycobot_280_moveit2_control:/home/robotics/ros2_cobot/install/mycobot_280_moveit2:/home/robotics/ros2_cobot/install/mycobot_280_arduino:/home/robotics/ros2_cobot/install/mycobot_280:/home/robotics/ros2_cobot/install/mybuddy:/home/robotics/ros2_cobot/install/myarm_300:/home/robotics/ros2_cobot/install/mecharm_pi:/home/robotics/ros2_cobot/install/mecharm:/home/robotics/ros2_cobot/install/mecharm_interfaces:/opt/ros/humble PYTHONPATH=/home/robotics/ros2_cobot/build/mecharm/prefix_override:/usr/lib/python3/dist-packages/colcon_core/task/python/colcon_distutils_commands:/home/robotics/ros2_cobot/install/mecharm/lib/python3.10/site-packages:/home/robotics/ros2_cobot/install/mycobot_description/lib/python3.10/site-packages:/home/robotics/ros2_cobot/install/ultraarm/lib/python3.10/site-packages:/home/robotics/ros2_cobot/install/traj_scripts/local/lib/python3.10/dist-packages:/home/robotics/ros2_cobot/install/mypalletizer_communication/lib/python3.10/site-packages:/home/robotics/ros2_cobot/install/mypalletizer_interfaces/local/lib/python3.10/dist-packages:/home/robotics/ros2_cobot/install/mypalletizer_260_pi/lib/python3.10/site-packages:/home/robotics/ros2_cobot/install/mypalletizer_260/lib/python3.10/site-packages:/home/robotics/ros2_cobot/install/myarm_m750/lib/python3.10/site-packages:/home/robotics/ros2_cobot/install/myarm_c650/lib/python3.10/site-packages:/home/robotics/ros2_cobot/install/mycobot_communication/lib/python3.10/site-packages:/home/robotics/ros2_cobot/install/mecharm_communication/lib/python3.10/site-packages:/home/robotics/ros2_cobot/install/mycobot_interfaces/local/lib/python3.10/dist-packages:/home/robotics/ros2_cobot/install/mycobot_630/lib/python3.10/site-packages:/home/robotics/ros2_cobot/install/mycobot_600/lib/python3.10/site-packages:/home/robotics/ros2_cobot/install/mycobot_320pi/lib/python3.10/site-packages:/home/robotics/ros2_cobot/install/mycobot_320_riscv/lib/python3.10/site-packages:/home/robotics/ros2_cobot/install/mycobot_320/lib/python3.10/site-packages:/home/robotics/ros2_cobot/install/mycobot_280pi/lib/python3.10/site-packages:/home/robotics/ros2_cobot/install/mycobot_280jn/lib/python3.10/site-packages:/home/robotics/ros2_cobot/install/mycobot_280_x3pi/lib/python3.10/site-packages:/home/robotics/ros2_cobot/install/mycobot_280_riscv/lib/python3.10/site-packages:/home/robotics/ros2_cobot/install/mycobot_280_rdkx5/lib/python3.10/site-packages:/home/robotics/ros2_cobot/install/mycobot_280_moveit2_control/lib/python3.10/site-packages:/home/robotics/ros2_cobot/install/mycobot_280_arduino/lib/python3.10/site-packages:/home/robotics/ros2_cobot/install/mycobot_280/lib/python3.10/site-packages:/home/robotics/ros2_cobot/install/mybuddy/lib/python3.10/site-packages:/home/robotics/ros2_cobot/install/myarm_300/lib/python3.10/site-packages:/home/robotics/ros2_cobot/install/mecharm_pi/lib/python3.10/site-packages:/home/robotics/ros2_cobot/install/mecharm/lib/python3.10/site-packages:/home/robotics/ros2_cobot/install/mecharm_interfaces/local/lib/python3.10/dist-packages:/opt/ros/humble/lib/python3.10/site-packages:/opt/ros/humble/local/lib/python3.10/dist-packages /usr/bin/python3 -W ignore:setup.py install is deprecated -W ignore:easy_install command is deprecated setup.py egg_info --egg-base ../../../../build/mecharm build --build-base /home/robotics/ros2_cobot/build/mecharm/build install --record /home/robotics/ros2_cobot/build/mecharm/install.log --single-version-externally-managed install_data
[5.839s] DEBUG:colcon.colcon_core.event_handler.log_command:Invoking command in '/home/robotics/ros2_cobot/src/mycobot_ros2/mycobot_280/mycobot_280_x3pi': AMENT_PREFIX_PATH=/home/robotics/ros2_cobot/install/mycobot_description:/home/robotics/ros2_cobot/install/ultraarm:/home/robotics/ros2_cobot/install/traj_scripts:/home/robotics/ros2_cobot/install/mypalletizer_communication:/home/robotics/ros2_cobot/install/mypalletizer_interfaces:/home/robotics/ros2_cobot/install/mypalletizer_260_pi:/home/robotics/ros2_cobot/install/mypalletizer_260:/home/robotics/ros2_cobot/install/myarm_m750:/home/robotics/ros2_cobot/install/myarm_c650:/home/robotics/ros2_cobot/install/mycobot_communication:/home/robotics/ros2_cobot/install/mecharm_communication:/home/robotics/ros2_cobot/install/mycobot_interfaces:/home/robotics/ros2_cobot/install/mycobot_630:/home/robotics/ros2_cobot/install/mycobot_600:/home/robotics/ros2_cobot/install/mycobot_320pi:/home/robotics/ros2_cobot/install/mycobot_320_riscv:/home/robotics/ros2_cobot/install/mycobot_320:/home/robotics/ros2_cobot/install/mycobot_280rdkx5_moveit2:/home/robotics/ros2_cobot/install/mycobot_280pi:/home/robotics/ros2_cobot/install/mycobot_280jn:/home/robotics/ros2_cobot/install/mycobot_280arduino_moveit2:/home/robotics/ros2_cobot/install/mycobot_280_x3pi:/home/robotics/ros2_cobot/install/mycobot_280_riscv:/home/robotics/ros2_cobot/install/mycobot_280_rdkx5:/home/robotics/ros2_cobot/install/mycobot_280_moveit2_control:/home/robotics/ros2_cobot/install/mycobot_280_moveit2:/home/robotics/ros2_cobot/install/mycobot_280_arduino:/home/robotics/ros2_cobot/install/mycobot_280:/home/robotics/ros2_cobot/install/mybuddy:/home/robotics/ros2_cobot/install/myarm_300:/home/robotics/ros2_cobot/install/mecharm_pi:/home/robotics/ros2_cobot/install/mecharm:/home/robotics/ros2_cobot/install/mecharm_interfaces:/opt/ros/humble PYTHONPATH=/home/robotics/ros2_cobot/build/mycobot_280_x3pi/prefix_override:/usr/lib/python3/dist-packages/colcon_core/task/python/colcon_distutils_commands:/home/robotics/ros2_cobot/install/mycobot_280_x3pi/lib/python3.10/site-packages:/home/robotics/ros2_cobot/install/mycobot_description/lib/python3.10/site-packages:/home/robotics/ros2_cobot/install/ultraarm/lib/python3.10/site-packages:/home/robotics/ros2_cobot/install/traj_scripts/local/lib/python3.10/dist-packages:/home/robotics/ros2_cobot/install/mypalletizer_communication/lib/python3.10/site-packages:/home/robotics/ros2_cobot/install/mypalletizer_interfaces/local/lib/python3.10/dist-packages:/home/robotics/ros2_cobot/install/mypalletizer_260_pi/lib/python3.10/site-packages:/home/robotics/ros2_cobot/install/mypalletizer_260/lib/python3.10/site-packages:/home/robotics/ros2_cobot/install/myarm_m750/lib/python3.10/site-packages:/home/robotics/ros2_cobot/install/myarm_c650/lib/python3.10/site-packages:/home/robotics/ros2_cobot/install/mycobot_communication/lib/python3.10/site-packages:/home/robotics/ros2_cobot/install/mecharm_communication/lib/python3.10/site-packages:/home/robotics/ros2_cobot/install/mycobot_interfaces/local/lib/python3.10/dist-packages:/home/robotics/ros2_cobot/install/mycobot_630/lib/python3.10/site-packages:/home/robotics/ros2_cobot/install/mycobot_600/lib/python3.10/site-packages:/home/robotics/ros2_cobot/install/mycobot_320pi/lib/python3.10/site-packages:/home/robotics/ros2_cobot/install/mycobot_320_riscv/lib/python3.10/site-packages:/home/robotics/ros2_cobot/install/mycobot_320/lib/python3.10/site-packages:/home/robotics/ros2_cobot/install/mycobot_280pi/lib/python3.10/site-packages:/home/robotics/ros2_cobot/install/mycobot_280jn/lib/python3.10/site-packages:/home/robotics/ros2_cobot/install/mycobot_280_x3pi/lib/python3.10/site-packages:/home/robotics/ros2_cobot/install/mycobot_280_riscv/lib/python3.10/site-packages:/home/robotics/ros2_cobot/install/mycobot_280_rdkx5/lib/python3.10/site-packages:/home/robotics/ros2_cobot/install/mycobot_280_moveit2_control/lib/python3.10/site-packages:/home/robotics/ros2_cobot/install/mycobot_280_arduino/lib/python3.10/site-packages:/home/robotics/ros2_cobot/install/mycobot_280/lib/python3.10/site-packages:/home/robotics/ros2_cobot/install/mybuddy/lib/python3.10/site-packages:/home/robotics/ros2_cobot/install/myarm_300/lib/python3.10/site-packages:/home/robotics/ros2_cobot/install/mecharm_pi/lib/python3.10/site-packages:/home/robotics/ros2_cobot/install/mecharm/lib/python3.10/site-packages:/home/robotics/ros2_cobot/install/mecharm_interfaces/local/lib/python3.10/dist-packages:/opt/ros/humble/lib/python3.10/site-packages:/opt/ros/humble/local/lib/python3.10/dist-packages /usr/bin/python3 -W ignore:setup.py install is deprecated -W ignore:easy_install command is deprecated setup.py egg_info --egg-base ../../../../build/mycobot_280_x3pi build --build-base /home/robotics/ros2_cobot/build/mycobot_280_x3pi/build install --record /home/robotics/ros2_cobot/build/mycobot_280_x3pi/install.log --single-version-externally-managed install_data
[5.856s] Level 1:colcon.colcon_core.environment:checking '/home/robotics/ros2_cobot/install/mypalletizer_communication' for CMake module files
[5.856s] Level 1:colcon.colcon_core.environment:checking '/home/robotics/ros2_cobot/install/mypalletizer_communication' for CMake config files
[5.857s] DEBUG:colcon.colcon_core.event_handler.log_command:Invoked command in '/home/robotics/ros2_cobot/src/mycobot_ros2/mypalletizer_260/mypalletizer_communication' returned '0': CMAKE_PREFIX_PATH=/home/robotics/ros2_cobot/install/mypalletizer_interfaces:/home/robotics/ros2_cobot/install/traj_scripts:/home/robotics/ros2_cobot/install/mycobot_interfaces:/home/robotics/ros2_cobot/install/mycobot_280rdkx5_moveit2:/home/robotics/ros2_cobot/install/mycobot_280arduino_moveit2:/home/robotics/ros2_cobot/install/mycobot_280_moveit2:/home/robotics/ros2_cobot/install/mecharm_interfaces PYTHONPATH=/home/robotics/ros2_cobot/build/mypalletizer_communication/prefix_override:/usr/lib/python3/dist-packages/colcon_core/task/python/colcon_distutils_commands:/home/robotics/ros2_cobot/install/mypalletizer_communication/lib/python3.10/site-packages:${PYTHONPATH} /usr/bin/python3 -W ignore:setup.py install is deprecated -W ignore:easy_install command is deprecated setup.py egg_info --egg-base ../../../../build/mypalletizer_communication build --build-base /home/robotics/ros2_cobot/build/mypalletizer_communication/build install --record /home/robotics/ros2_cobot/build/mypalletizer_communication/install.log --single-version-externally-managed install_data
[5.857s] Level 1:colcon.colcon_core.environment:checking '/home/robotics/ros2_cobot/install/mypalletizer_communication/lib'
[5.858s] Level 1:colcon.colcon_core.environment:checking '/home/robotics/ros2_cobot/install/mypalletizer_communication/bin'
[5.858s] Level 1:colcon.colcon_core.environment:checking '/home/robotics/ros2_cobot/install/mypalletizer_communication/lib/pkgconfig/mypalletizer_communication.pc'
[5.858s] Level 1:colcon.colcon_core.environment:checking '/home/robotics/ros2_cobot/install/mypalletizer_communication/lib/python3.10/site-packages'
[5.859s] Level 1:colcon.colcon_core.shell:create_environment_hook('mypalletizer_communication', 'pythonpath')
[5.859s] INFO:colcon.colcon_core.shell:Creating environment hook '/home/robotics/ros2_cobot/install/mypalletizer_communication/share/mypalletizer_communication/hook/pythonpath.ps1'
[5.860s] INFO:colcon.colcon_core.shell:Creating environment descriptor '/home/robotics/ros2_cobot/install/mypalletizer_communication/share/mypalletizer_communication/hook/pythonpath.dsv'
[5.861s] INFO:colcon.colcon_core.shell:Creating environment hook '/home/robotics/ros2_cobot/install/mypalletizer_communication/share/mypalletizer_communication/hook/pythonpath.sh'
[5.862s] Level 1:colcon.colcon_core.environment:checking '/home/robotics/ros2_cobot/install/mypalletizer_communication/bin'
[5.862s] Level 1:colcon.colcon_core.environment:create_environment_scripts_only(mypalletizer_communication)
[5.863s] INFO:colcon.colcon_core.shell:Creating package script '/home/robotics/ros2_cobot/install/mypalletizer_communication/share/mypalletizer_communication/package.ps1'
[5.864s] INFO:colcon.colcon_core.shell:Creating package descriptor '/home/robotics/ros2_cobot/install/mypalletizer_communication/share/mypalletizer_communication/package.dsv'
[5.865s] INFO:colcon.colcon_core.shell:Creating package script '/home/robotics/ros2_cobot/install/mypalletizer_communication/share/mypalletizer_communication/package.sh'
[5.866s] INFO:colcon.colcon_core.shell:Creating package script '/home/robotics/ros2_cobot/install/mypalletizer_communication/share/mypalletizer_communication/package.bash'
[5.867s] INFO:colcon.colcon_core.shell:Creating package script '/home/robotics/ros2_cobot/install/mypalletizer_communication/share/mypalletizer_communication/package.zsh'
[5.868s] Level 1:colcon.colcon_core.environment:create_file_with_runtime_dependencies(/home/robotics/ros2_cobot/install/mypalletizer_communication/share/colcon-core/packages/mypalletizer_communication)
[5.871s] INFO:colcon.colcon_ros.task.ament_python.build:Building ROS package in '/home/robotics/ros2_cobot/src/mycobot_ros2/mycobot_320/mycobot_320' with build type 'ament_python'
[5.871s] Level 1:colcon.colcon_core.shell:create_environment_hook('mycobot_320', 'ament_prefix_path')
[5.871s] INFO:colcon.colcon_core.shell:Creating environment hook '/home/robotics/ros2_cobot/install/mycobot_320/share/mycobot_320/hook/ament_prefix_path.ps1'
[5.872s] INFO:colcon.colcon_core.shell:Creating environment descriptor '/home/robotics/ros2_cobot/install/mycobot_320/share/mycobot_320/hook/ament_prefix_path.dsv'
[5.872s] INFO:colcon.colcon_core.shell:Creating environment hook '/home/robotics/ros2_cobot/install/mycobot_320/share/mycobot_320/hook/ament_prefix_path.sh'
[5.873s] INFO:colcon.colcon_core.shell:Skip shell extension 'powershell' for command environment: Not usable outside of PowerShell
[5.873s] DEBUG:colcon.colcon_core.shell:Skip shell extension 'dsv' for command environment
[5.884s] Level 1:colcon.colcon_core.environment:checking '/home/robotics/ros2_cobot/install/mycobot_communication' for CMake module files
[5.886s] DEBUG:colcon.colcon_core.event_handler.log_command:Invoked command in '/home/robotics/ros2_cobot/src/mycobot_ros2/mycobot_communication' returned '0': CMAKE_PREFIX_PATH=/home/robotics/ros2_cobot/install/mycobot_interfaces:/home/robotics/ros2_cobot/install/traj_scripts:/home/robotics/ros2_cobot/install/mypalletizer_interfaces:/home/robotics/ros2_cobot/install/mycobot_280rdkx5_moveit2:/home/robotics/ros2_cobot/install/mycobot_280arduino_moveit2:/home/robotics/ros2_cobot/install/mycobot_280_moveit2:/home/robotics/ros2_cobot/install/mecharm_interfaces LD_LIBRARY_PATH=/home/robotics/ros2_cobot/install/mycobot_interfaces/lib:/home/robotics/ros2_cobot/install/mypalletizer_interfaces/lib:/home/robotics/ros2_cobot/install/mecharm_interfaces/lib:/opt/ros/humble/opt/rviz_ogre_vendor/lib:/opt/ros/humble/lib/x86_64-linux-gnu:/opt/ros/humble/lib PYTHONPATH=/home/robotics/ros2_cobot/build/mycobot_communication/prefix_override:/usr/lib/python3/dist-packages/colcon_core/task/python/colcon_distutils_commands:/home/robotics/ros2_cobot/install/mycobot_communication/lib/python3.10/site-packages:${PYTHONPATH} /usr/bin/python3 -W ignore:setup.py install is deprecated -W ignore:easy_install command is deprecated setup.py egg_info --egg-base ../../../build/mycobot_communication build --build-base /home/robotics/ros2_cobot/build/mycobot_communication/build install --record /home/robotics/ros2_cobot/build/mycobot_communication/install.log --single-version-externally-managed install_data
[5.887s] Level 1:colcon.colcon_core.environment:checking '/home/robotics/ros2_cobot/install/mycobot_communication' for CMake config files
[5.887s] Level 1:colcon.colcon_core.environment:checking '/home/robotics/ros2_cobot/install/mycobot_communication/lib'
[5.888s] Level 1:colcon.colcon_core.environment:checking '/home/robotics/ros2_cobot/install/mycobot_communication/bin'
[5.888s] Level 1:colcon.colcon_core.environment:checking '/home/robotics/ros2_cobot/install/mycobot_communication/lib/pkgconfig/mycobot_communication.pc'
[5.888s] Level 1:colcon.colcon_core.environment:checking '/home/robotics/ros2_cobot/install/mycobot_communication/lib/python3.10/site-packages'
[5.889s] Level 1:colcon.colcon_core.shell:create_environment_hook('mycobot_communication', 'pythonpath')
[5.889s] INFO:colcon.colcon_core.shell:Creating environment hook '/home/robotics/ros2_cobot/install/mycobot_communication/share/mycobot_communication/hook/pythonpath.ps1'
[5.890s] INFO:colcon.colcon_core.shell:Creating environment descriptor '/home/robotics/ros2_cobot/install/mycobot_communication/share/mycobot_communication/hook/pythonpath.dsv'
[5.891s] INFO:colcon.colcon_core.shell:Creating environment hook '/home/robotics/ros2_cobot/install/mycobot_communication/share/mycobot_communication/hook/pythonpath.sh'
[5.892s] Level 1:colcon.colcon_core.environment:checking '/home/robotics/ros2_cobot/install/mycobot_communication/bin'
[5.892s] Level 1:colcon.colcon_core.environment:create_environment_scripts_only(mycobot_communication)
[5.892s] INFO:colcon.colcon_core.shell:Creating package script '/home/robotics/ros2_cobot/install/mycobot_communication/share/mycobot_communication/package.ps1'
[5.893s] INFO:colcon.colcon_core.shell:Creating package descriptor '/home/robotics/ros2_cobot/install/mycobot_communication/share/mycobot_communication/package.dsv'
[5.894s] INFO:colcon.colcon_core.shell:Creating package script '/home/robotics/ros2_cobot/install/mycobot_communication/share/mycobot_communication/package.sh'
[5.895s] INFO:colcon.colcon_core.shell:Creating package script '/home/robotics/ros2_cobot/install/mycobot_communication/share/mycobot_communication/package.bash'
[5.896s] INFO:colcon.colcon_core.shell:Creating package script '/home/robotics/ros2_cobot/install/mycobot_communication/share/mycobot_communication/package.zsh'
[5.896s] Level 1:colcon.colcon_core.environment:create_file_with_runtime_dependencies(/home/robotics/ros2_cobot/install/mycobot_communication/share/colcon-core/packages/mycobot_communication)
[5.899s] DEBUG:colcon.colcon_core.event_handler.log_command:Invoking command in '/home/robotics/ros2_cobot/src/mycobot_ros2/mecharm/mecharm_pi': AMENT_PREFIX_PATH=/home/robotics/ros2_cobot/install/mycobot_description:/home/robotics/ros2_cobot/install/ultraarm:/home/robotics/ros2_cobot/install/traj_scripts:/home/robotics/ros2_cobot/install/mypalletizer_communication:/home/robotics/ros2_cobot/install/mypalletizer_interfaces:/home/robotics/ros2_cobot/install/mypalletizer_260_pi:/home/robotics/ros2_cobot/install/mypalletizer_260:/home/robotics/ros2_cobot/install/myarm_m750:/home/robotics/ros2_cobot/install/myarm_c650:/home/robotics/ros2_cobot/install/mycobot_communication:/home/robotics/ros2_cobot/install/mecharm_communication:/home/robotics/ros2_cobot/install/mycobot_interfaces:/home/robotics/ros2_cobot/install/mycobot_630:/home/robotics/ros2_cobot/install/mycobot_600:/home/robotics/ros2_cobot/install/mycobot_320pi:/home/robotics/ros2_cobot/install/mycobot_320_riscv:/home/robotics/ros2_cobot/install/mycobot_320:/home/robotics/ros2_cobot/install/mycobot_280rdkx5_moveit2:/home/robotics/ros2_cobot/install/mycobot_280pi:/home/robotics/ros2_cobot/install/mycobot_280jn:/home/robotics/ros2_cobot/install/mycobot_280arduino_moveit2:/home/robotics/ros2_cobot/install/mycobot_280_x3pi:/home/robotics/ros2_cobot/install/mycobot_280_riscv:/home/robotics/ros2_cobot/install/mycobot_280_rdkx5:/home/robotics/ros2_cobot/install/mycobot_280_moveit2_control:/home/robotics/ros2_cobot/install/mycobot_280_moveit2:/home/robotics/ros2_cobot/install/mycobot_280_arduino:/home/robotics/ros2_cobot/install/mycobot_280:/home/robotics/ros2_cobot/install/mybuddy:/home/robotics/ros2_cobot/install/myarm_300:/home/robotics/ros2_cobot/install/mecharm_pi:/home/robotics/ros2_cobot/install/mecharm:/home/robotics/ros2_cobot/install/mecharm_interfaces:/opt/ros/humble PYTHONPATH=/home/robotics/ros2_cobot/build/mecharm_pi/prefix_override:/usr/lib/python3/dist-packages/colcon_core/task/python/colcon_distutils_commands:/home/robotics/ros2_cobot/install/mecharm_pi/lib/python3.10/site-packages:/home/robotics/ros2_cobot/install/mycobot_description/lib/python3.10/site-packages:/home/robotics/ros2_cobot/install/ultraarm/lib/python3.10/site-packages:/home/robotics/ros2_cobot/install/traj_scripts/local/lib/python3.10/dist-packages:/home/robotics/ros2_cobot/install/mypalletizer_communication/lib/python3.10/site-packages:/home/robotics/ros2_cobot/install/mypalletizer_interfaces/local/lib/python3.10/dist-packages:/home/robotics/ros2_cobot/install/mypalletizer_260_pi/lib/python3.10/site-packages:/home/robotics/ros2_cobot/install/mypalletizer_260/lib/python3.10/site-packages:/home/robotics/ros2_cobot/install/myarm_m750/lib/python3.10/site-packages:/home/robotics/ros2_cobot/install/myarm_c650/lib/python3.10/site-packages:/home/robotics/ros2_cobot/install/mycobot_communication/lib/python3.10/site-packages:/home/robotics/ros2_cobot/install/mecharm_communication/lib/python3.10/site-packages:/home/robotics/ros2_cobot/install/mycobot_interfaces/local/lib/python3.10/dist-packages:/home/robotics/ros2_cobot/install/mycobot_630/lib/python3.10/site-packages:/home/robotics/ros2_cobot/install/mycobot_600/lib/python3.10/site-packages:/home/robotics/ros2_cobot/install/mycobot_320pi/lib/python3.10/site-packages:/home/robotics/ros2_cobot/install/mycobot_320_riscv/lib/python3.10/site-packages:/home/robotics/ros2_cobot/install/mycobot_320/lib/python3.10/site-packages:/home/robotics/ros2_cobot/install/mycobot_280pi/lib/python3.10/site-packages:/home/robotics/ros2_cobot/install/mycobot_280jn/lib/python3.10/site-packages:/home/robotics/ros2_cobot/install/mycobot_280_x3pi/lib/python3.10/site-packages:/home/robotics/ros2_cobot/install/mycobot_280_riscv/lib/python3.10/site-packages:/home/robotics/ros2_cobot/install/mycobot_280_rdkx5/lib/python3.10/site-packages:/home/robotics/ros2_cobot/install/mycobot_280_moveit2_control/lib/python3.10/site-packages:/home/robotics/ros2_cobot/install/mycobot_280_arduino/lib/python3.10/site-packages:/home/robotics/ros2_cobot/install/mycobot_280/lib/python3.10/site-packages:/home/robotics/ros2_cobot/install/mybuddy/lib/python3.10/site-packages:/home/robotics/ros2_cobot/install/myarm_300/lib/python3.10/site-packages:/home/robotics/ros2_cobot/install/mecharm_pi/lib/python3.10/site-packages:/home/robotics/ros2_cobot/install/mecharm/lib/python3.10/site-packages:/home/robotics/ros2_cobot/install/mecharm_interfaces/local/lib/python3.10/dist-packages:/opt/ros/humble/lib/python3.10/site-packages:/opt/ros/humble/local/lib/python3.10/dist-packages /usr/bin/python3 -W ignore:setup.py install is deprecated -W ignore:easy_install command is deprecated setup.py egg_info --egg-base ../../../../build/mecharm_pi build --build-base /home/robotics/ros2_cobot/build/mecharm_pi/build install --record /home/robotics/ros2_cobot/build/mecharm_pi/install.log --single-version-externally-managed install_data
[5.907s] INFO:colcon.colcon_ros.task.ament_python.build:Building ROS package in '/home/robotics/ros2_cobot/src/mycobot_ros2/mycobot_320/mycobot_320_riscv' with build type 'ament_python'
[5.907s] Level 1:colcon.colcon_core.shell:create_environment_hook('mycobot_320_riscv', 'ament_prefix_path')
[5.908s] INFO:colcon.colcon_core.shell:Creating environment hook '/home/robotics/ros2_cobot/install/mycobot_320_riscv/share/mycobot_320_riscv/hook/ament_prefix_path.ps1'
[5.908s] INFO:colcon.colcon_core.shell:Creating environment descriptor '/home/robotics/ros2_cobot/install/mycobot_320_riscv/share/mycobot_320_riscv/hook/ament_prefix_path.dsv'
[5.909s] INFO:colcon.colcon_core.shell:Creating environment hook '/home/robotics/ros2_cobot/install/mycobot_320_riscv/share/mycobot_320_riscv/hook/ament_prefix_path.sh'
[5.909s] INFO:colcon.colcon_core.shell:Skip shell extension 'powershell' for command environment: Not usable outside of PowerShell
[5.909s] DEBUG:colcon.colcon_core.shell:Skip shell extension 'dsv' for command environment
[5.923s] DEBUG:colcon.colcon_core.event_handler.log_command:Invoking command in '/home/robotics/ros2_cobot/src/mycobot_ros2/mycobot_280/mycobot_280_moveit2_control': AMENT_PREFIX_PATH=/home/robotics/ros2_cobot/install/mycobot_description:/home/robotics/ros2_cobot/install/ultraarm:/home/robotics/ros2_cobot/install/traj_scripts:/home/robotics/ros2_cobot/install/mypalletizer_communication:/home/robotics/ros2_cobot/install/mypalletizer_interfaces:/home/robotics/ros2_cobot/install/mypalletizer_260_pi:/home/robotics/ros2_cobot/install/mypalletizer_260:/home/robotics/ros2_cobot/install/myarm_m750:/home/robotics/ros2_cobot/install/myarm_c650:/home/robotics/ros2_cobot/install/mycobot_communication:/home/robotics/ros2_cobot/install/mecharm_communication:/home/robotics/ros2_cobot/install/mycobot_interfaces:/home/robotics/ros2_cobot/install/mycobot_630:/home/robotics/ros2_cobot/install/mycobot_600:/home/robotics/ros2_cobot/install/mycobot_320pi:/home/robotics/ros2_cobot/install/mycobot_320_riscv:/home/robotics/ros2_cobot/install/mycobot_320:/home/robotics/ros2_cobot/install/mycobot_280rdkx5_moveit2:/home/robotics/ros2_cobot/install/mycobot_280pi:/home/robotics/ros2_cobot/install/mycobot_280jn:/home/robotics/ros2_cobot/install/mycobot_280arduino_moveit2:/home/robotics/ros2_cobot/install/mycobot_280_x3pi:/home/robotics/ros2_cobot/install/mycobot_280_riscv:/home/robotics/ros2_cobot/install/mycobot_280_rdkx5:/home/robotics/ros2_cobot/install/mycobot_280_moveit2_control:/home/robotics/ros2_cobot/install/mycobot_280_moveit2:/home/robotics/ros2_cobot/install/mycobot_280_arduino:/home/robotics/ros2_cobot/install/mycobot_280:/home/robotics/ros2_cobot/install/mybuddy:/home/robotics/ros2_cobot/install/myarm_300:/home/robotics/ros2_cobot/install/mecharm_pi:/home/robotics/ros2_cobot/install/mecharm:/home/robotics/ros2_cobot/install/mecharm_interfaces:/opt/ros/humble PYTHONPATH=/home/robotics/ros2_cobot/build/mycobot_280_moveit2_control/prefix_override:/usr/lib/python3/dist-packages/colcon_core/task/python/colcon_distutils_commands:/home/robotics/ros2_cobot/install/mycobot_280_moveit2_control/lib/python3.10/site-packages:/home/robotics/ros2_cobot/install/mycobot_description/lib/python3.10/site-packages:/home/robotics/ros2_cobot/install/ultraarm/lib/python3.10/site-packages:/home/robotics/ros2_cobot/install/traj_scripts/local/lib/python3.10/dist-packages:/home/robotics/ros2_cobot/install/mypalletizer_communication/lib/python3.10/site-packages:/home/robotics/ros2_cobot/install/mypalletizer_interfaces/local/lib/python3.10/dist-packages:/home/robotics/ros2_cobot/install/mypalletizer_260_pi/lib/python3.10/site-packages:/home/robotics/ros2_cobot/install/mypalletizer_260/lib/python3.10/site-packages:/home/robotics/ros2_cobot/install/myarm_m750/lib/python3.10/site-packages:/home/robotics/ros2_cobot/install/myarm_c650/lib/python3.10/site-packages:/home/robotics/ros2_cobot/install/mycobot_communication/lib/python3.10/site-packages:/home/robotics/ros2_cobot/install/mecharm_communication/lib/python3.10/site-packages:/home/robotics/ros2_cobot/install/mycobot_interfaces/local/lib/python3.10/dist-packages:/home/robotics/ros2_cobot/install/mycobot_630/lib/python3.10/site-packages:/home/robotics/ros2_cobot/install/mycobot_600/lib/python3.10/site-packages:/home/robotics/ros2_cobot/install/mycobot_320pi/lib/python3.10/site-packages:/home/robotics/ros2_cobot/install/mycobot_320_riscv/lib/python3.10/site-packages:/home/robotics/ros2_cobot/install/mycobot_320/lib/python3.10/site-packages:/home/robotics/ros2_cobot/install/mycobot_280pi/lib/python3.10/site-packages:/home/robotics/ros2_cobot/install/mycobot_280jn/lib/python3.10/site-packages:/home/robotics/ros2_cobot/install/mycobot_280_x3pi/lib/python3.10/site-packages:/home/robotics/ros2_cobot/install/mycobot_280_riscv/lib/python3.10/site-packages:/home/robotics/ros2_cobot/install/mycobot_280_rdkx5/lib/python3.10/site-packages:/home/robotics/ros2_cobot/install/mycobot_280_moveit2_control/lib/python3.10/site-packages:/home/robotics/ros2_cobot/install/mycobot_280_arduino/lib/python3.10/site-packages:/home/robotics/ros2_cobot/install/mycobot_280/lib/python3.10/site-packages:/home/robotics/ros2_cobot/install/mybuddy/lib/python3.10/site-packages:/home/robotics/ros2_cobot/install/myarm_300/lib/python3.10/site-packages:/home/robotics/ros2_cobot/install/mecharm_pi/lib/python3.10/site-packages:/home/robotics/ros2_cobot/install/mecharm/lib/python3.10/site-packages:/home/robotics/ros2_cobot/install/mecharm_interfaces/local/lib/python3.10/dist-packages:/opt/ros/humble/lib/python3.10/site-packages:/opt/ros/humble/local/lib/python3.10/dist-packages /usr/bin/python3 -W ignore:setup.py install is deprecated -W ignore:easy_install command is deprecated setup.py egg_info --egg-base ../../../../build/mycobot_280_moveit2_control build --build-base /home/robotics/ros2_cobot/build/mycobot_280_moveit2_control/build install --record /home/robotics/ros2_cobot/build/mycobot_280_moveit2_control/install.log --single-version-externally-managed install_data
[5.924s] Level 1:colcon.colcon_core.environment:checking '/home/robotics/ros2_cobot/install/mecharm_communication' for CMake module files
[5.925s] Level 1:colcon.colcon_core.environment:checking '/home/robotics/ros2_cobot/install/mecharm_communication' for CMake config files
[5.925s] DEBUG:colcon.colcon_core.event_handler.log_command:Invoked command in '/home/robotics/ros2_cobot/src/mycobot_ros2/mecharm/mecharm_communication' returned '0': CMAKE_PREFIX_PATH=/home/robotics/ros2_cobot/install/mycobot_interfaces:/home/robotics/ros2_cobot/install/traj_scripts:/home/robotics/ros2_cobot/install/mypalletizer_interfaces:/home/robotics/ros2_cobot/install/mycobot_280rdkx5_moveit2:/home/robotics/ros2_cobot/install/mycobot_280arduino_moveit2:/home/robotics/ros2_cobot/install/mycobot_280_moveit2:/home/robotics/ros2_cobot/install/mecharm_interfaces LD_LIBRARY_PATH=/home/robotics/ros2_cobot/install/mycobot_interfaces/lib:/home/robotics/ros2_cobot/install/mypalletizer_interfaces/lib:/home/robotics/ros2_cobot/install/mecharm_interfaces/lib:/opt/ros/humble/opt/rviz_ogre_vendor/lib:/opt/ros/humble/lib/x86_64-linux-gnu:/opt/ros/humble/lib PYTHONPATH=/home/robotics/ros2_cobot/build/mecharm_communication/prefix_override:/usr/lib/python3/dist-packages/colcon_core/task/python/colcon_distutils_commands:/home/robotics/ros2_cobot/install/mecharm_communication/lib/python3.10/site-packages:${PYTHONPATH} /usr/bin/python3 -W ignore:setup.py install is deprecated -W ignore:easy_install command is deprecated setup.py egg_info --egg-base ../../../../build/mecharm_communication build --build-base /home/robotics/ros2_cobot/build/mecharm_communication/build install --record /home/robotics/ros2_cobot/build/mecharm_communication/install.log --single-version-externally-managed install_data
[5.927s] Level 1:colcon.colcon_core.environment:checking '/home/robotics/ros2_cobot/install/mecharm_communication/lib'
[5.927s] Level 1:colcon.colcon_core.environment:checking '/home/robotics/ros2_cobot/install/mecharm_communication/bin'
[5.927s] Level 1:colcon.colcon_core.environment:checking '/home/robotics/ros2_cobot/install/mecharm_communication/lib/pkgconfig/mecharm_communication.pc'
[5.927s] Level 1:colcon.colcon_core.environment:checking '/home/robotics/ros2_cobot/install/mecharm_communication/lib/python3.10/site-packages'
[5.927s] Level 1:colcon.colcon_core.shell:create_environment_hook('mecharm_communication', 'pythonpath')
[5.928s] INFO:colcon.colcon_core.shell:Creating environment hook '/home/robotics/ros2_cobot/install/mecharm_communication/share/mecharm_communication/hook/pythonpath.ps1'
[5.929s] INFO:colcon.colcon_core.shell:Creating environment descriptor '/home/robotics/ros2_cobot/install/mecharm_communication/share/mecharm_communication/hook/pythonpath.dsv'
[5.930s] INFO:colcon.colcon_core.shell:Creating environment hook '/home/robotics/ros2_cobot/install/mecharm_communication/share/mecharm_communication/hook/pythonpath.sh'
[5.931s] Level 1:colcon.colcon_core.environment:checking '/home/robotics/ros2_cobot/install/mecharm_communication/bin'
[5.931s] Level 1:colcon.colcon_core.environment:create_environment_scripts_only(mecharm_communication)
[5.931s] INFO:colcon.colcon_core.shell:Creating package script '/home/robotics/ros2_cobot/install/mecharm_communication/share/mecharm_communication/package.ps1'
[5.933s] INFO:colcon.colcon_core.shell:Creating package descriptor '/home/robotics/ros2_cobot/install/mecharm_communication/share/mecharm_communication/package.dsv'
[5.934s] INFO:colcon.colcon_core.shell:Creating package script '/home/robotics/ros2_cobot/install/mecharm_communication/share/mecharm_communication/package.sh'
[5.935s] INFO:colcon.colcon_core.shell:Creating package script '/home/robotics/ros2_cobot/install/mecharm_communication/share/mecharm_communication/package.bash'
[5.935s] INFO:colcon.colcon_core.shell:Creating package script '/home/robotics/ros2_cobot/install/mecharm_communication/share/mecharm_communication/package.zsh'
[5.936s] Level 1:colcon.colcon_core.environment:create_file_with_runtime_dependencies(/home/robotics/ros2_cobot/install/mecharm_communication/share/colcon-core/packages/mecharm_communication)
[5.938s] INFO:colcon.colcon_ros.task.ament_python.build:Building ROS package in '/home/robotics/ros2_cobot/src/mycobot_ros2/mycobot_320/mycobot_320pi' with build type 'ament_python'
[5.938s] Level 1:colcon.colcon_core.shell:create_environment_hook('mycobot_320pi', 'ament_prefix_path')
[5.938s] INFO:colcon.colcon_core.shell:Creating environment hook '/home/robotics/ros2_cobot/install/mycobot_320pi/share/mycobot_320pi/hook/ament_prefix_path.ps1'
[5.939s] INFO:colcon.colcon_core.shell:Creating environment descriptor '/home/robotics/ros2_cobot/install/mycobot_320pi/share/mycobot_320pi/hook/ament_prefix_path.dsv'
[5.939s] INFO:colcon.colcon_core.shell:Creating environment hook '/home/robotics/ros2_cobot/install/mycobot_320pi/share/mycobot_320pi/hook/ament_prefix_path.sh'
[5.940s] INFO:colcon.colcon_core.shell:Skip shell extension 'powershell' for command environment: Not usable outside of PowerShell
[5.940s] DEBUG:colcon.colcon_core.shell:Skip shell extension 'dsv' for command environment
[5.949s] DEBUG:colcon.colcon_core.event_handler.log_command:Invoking command in '/home/robotics/ros2_cobot/src/mycobot_ros2/mycobot_280/mycobot_280': AMENT_PREFIX_PATH=/home/robotics/ros2_cobot/install/mycobot_description:/home/robotics/ros2_cobot/install/ultraarm:/home/robotics/ros2_cobot/install/traj_scripts:/home/robotics/ros2_cobot/install/mypalletizer_communication:/home/robotics/ros2_cobot/install/mypalletizer_interfaces:/home/robotics/ros2_cobot/install/mypalletizer_260_pi:/home/robotics/ros2_cobot/install/mypalletizer_260:/home/robotics/ros2_cobot/install/myarm_m750:/home/robotics/ros2_cobot/install/myarm_c650:/home/robotics/ros2_cobot/install/mycobot_communication:/home/robotics/ros2_cobot/install/mecharm_communication:/home/robotics/ros2_cobot/install/mycobot_interfaces:/home/robotics/ros2_cobot/install/mycobot_630:/home/robotics/ros2_cobot/install/mycobot_600:/home/robotics/ros2_cobot/install/mycobot_320pi:/home/robotics/ros2_cobot/install/mycobot_320_riscv:/home/robotics/ros2_cobot/install/mycobot_320:/home/robotics/ros2_cobot/install/mycobot_280rdkx5_moveit2:/home/robotics/ros2_cobot/install/mycobot_280pi:/home/robotics/ros2_cobot/install/mycobot_280jn:/home/robotics/ros2_cobot/install/mycobot_280arduino_moveit2:/home/robotics/ros2_cobot/install/mycobot_280_x3pi:/home/robotics/ros2_cobot/install/mycobot_280_riscv:/home/robotics/ros2_cobot/install/mycobot_280_rdkx5:/home/robotics/ros2_cobot/install/mycobot_280_moveit2_control:/home/robotics/ros2_cobot/install/mycobot_280_moveit2:/home/robotics/ros2_cobot/install/mycobot_280_arduino:/home/robotics/ros2_cobot/install/mycobot_280:/home/robotics/ros2_cobot/install/mybuddy:/home/robotics/ros2_cobot/install/myarm_300:/home/robotics/ros2_cobot/install/mecharm_pi:/home/robotics/ros2_cobot/install/mecharm:/home/robotics/ros2_cobot/install/mecharm_interfaces:/opt/ros/humble PYTHONPATH=/home/robotics/ros2_cobot/build/mycobot_280/prefix_override:/usr/lib/python3/dist-packages/colcon_core/task/python/colcon_distutils_commands:/home/robotics/ros2_cobot/install/mycobot_280/lib/python3.10/site-packages:/home/robotics/ros2_cobot/install/mycobot_description/lib/python3.10/site-packages:/home/robotics/ros2_cobot/install/ultraarm/lib/python3.10/site-packages:/home/robotics/ros2_cobot/install/traj_scripts/local/lib/python3.10/dist-packages:/home/robotics/ros2_cobot/install/mypalletizer_communication/lib/python3.10/site-packages:/home/robotics/ros2_cobot/install/mypalletizer_interfaces/local/lib/python3.10/dist-packages:/home/robotics/ros2_cobot/install/mypalletizer_260_pi/lib/python3.10/site-packages:/home/robotics/ros2_cobot/install/mypalletizer_260/lib/python3.10/site-packages:/home/robotics/ros2_cobot/install/myarm_m750/lib/python3.10/site-packages:/home/robotics/ros2_cobot/install/myarm_c650/lib/python3.10/site-packages:/home/robotics/ros2_cobot/install/mycobot_communication/lib/python3.10/site-packages:/home/robotics/ros2_cobot/install/mecharm_communication/lib/python3.10/site-packages:/home/robotics/ros2_cobot/install/mycobot_interfaces/local/lib/python3.10/dist-packages:/home/robotics/ros2_cobot/install/mycobot_630/lib/python3.10/site-packages:/home/robotics/ros2_cobot/install/mycobot_600/lib/python3.10/site-packages:/home/robotics/ros2_cobot/install/mycobot_320pi/lib/python3.10/site-packages:/home/robotics/ros2_cobot/install/mycobot_320_riscv/lib/python3.10/site-packages:/home/robotics/ros2_cobot/install/mycobot_320/lib/python3.10/site-packages:/home/robotics/ros2_cobot/install/mycobot_280pi/lib/python3.10/site-packages:/home/robotics/ros2_cobot/install/mycobot_280jn/lib/python3.10/site-packages:/home/robotics/ros2_cobot/install/mycobot_280_x3pi/lib/python3.10/site-packages:/home/robotics/ros2_cobot/install/mycobot_280_riscv/lib/python3.10/site-packages:/home/robotics/ros2_cobot/install/mycobot_280_rdkx5/lib/python3.10/site-packages:/home/robotics/ros2_cobot/install/mycobot_280_moveit2_control/lib/python3.10/site-packages:/home/robotics/ros2_cobot/install/mycobot_280_arduino/lib/python3.10/site-packages:/home/robotics/ros2_cobot/install/mycobot_280/lib/python3.10/site-packages:/home/robotics/ros2_cobot/install/mybuddy/lib/python3.10/site-packages:/home/robotics/ros2_cobot/install/myarm_300/lib/python3.10/site-packages:/home/robotics/ros2_cobot/install/mecharm_pi/lib/python3.10/site-packages:/home/robotics/ros2_cobot/install/mecharm/lib/python3.10/site-packages:/home/robotics/ros2_cobot/install/mecharm_interfaces/local/lib/python3.10/dist-packages:/opt/ros/humble/lib/python3.10/site-packages:/opt/ros/humble/local/lib/python3.10/dist-packages /usr/bin/python3 -W ignore:setup.py install is deprecated -W ignore:easy_install command is deprecated setup.py egg_info --egg-base ../../../../build/mycobot_280 build --build-base /home/robotics/ros2_cobot/build/mycobot_280/build install --record /home/robotics/ros2_cobot/build/mycobot_280/install.log --single-version-externally-managed install_data
[5.951s] DEBUG:colcon.colcon_core.event_handler.log_command:Invoked command in '/home/robotics/ros2_cobot/build/mycobot_280rdkx5_moveit2' returned '0': AMENT_PREFIX_PATH=/home/robotics/ros2_cobot/install/mycobot_description:/home/robotics/ros2_cobot/install/ultraarm:/home/robotics/ros2_cobot/install/traj_scripts:/home/robotics/ros2_cobot/install/mypalletizer_communication:/home/robotics/ros2_cobot/install/mypalletizer_interfaces:/home/robotics/ros2_cobot/install/mypalletizer_260_pi:/home/robotics/ros2_cobot/install/mypalletizer_260:/home/robotics/ros2_cobot/install/myarm_m750:/home/robotics/ros2_cobot/install/myarm_c650:/home/robotics/ros2_cobot/install/mycobot_communication:/home/robotics/ros2_cobot/install/mecharm_communication:/home/robotics/ros2_cobot/install/mycobot_interfaces:/home/robotics/ros2_cobot/install/mycobot_630:/home/robotics/ros2_cobot/install/mycobot_600:/home/robotics/ros2_cobot/install/mycobot_320pi:/home/robotics/ros2_cobot/install/mycobot_320_riscv:/home/robotics/ros2_cobot/install/mycobot_320:/home/robotics/ros2_cobot/install/mycobot_280rdkx5_moveit2:/home/robotics/ros2_cobot/install/mycobot_280pi:/home/robotics/ros2_cobot/install/mycobot_280jn:/home/robotics/ros2_cobot/install/mycobot_280arduino_moveit2:/home/robotics/ros2_cobot/install/mycobot_280_x3pi:/home/robotics/ros2_cobot/install/mycobot_280_riscv:/home/robotics/ros2_cobot/install/mycobot_280_rdkx5:/home/robotics/ros2_cobot/install/mycobot_280_moveit2_control:/home/robotics/ros2_cobot/install/mycobot_280_moveit2:/home/robotics/ros2_cobot/install/mycobot_280_arduino:/home/robotics/ros2_cobot/install/mycobot_280:/home/robotics/ros2_cobot/install/mybuddy:/home/robotics/ros2_cobot/install/myarm_300:/home/robotics/ros2_cobot/install/mecharm_pi:/home/robotics/ros2_cobot/install/mecharm:/home/robotics/ros2_cobot/install/mecharm_interfaces:/opt/ros/humble CMAKE_PREFIX_PATH=${CMAKE_PREFIX_PATH}:/home/robotics/ros2_cobot/install/ultraarm:/home/robotics/ros2_cobot/install/mypalletizer_communication:/home/robotics/ros2_cobot/install/mypalletizer_260_pi:/home/robotics/ros2_cobot/install/mypalletizer_260:/home/robotics/ros2_cobot/install/myarm_m750:/home/robotics/ros2_cobot/install/myarm_c650:/home/robotics/ros2_cobot/install/mycobot_communication:/home/robotics/ros2_cobot/install/mecharm_communication:/home/robotics/ros2_cobot/install/mycobot_630:/home/robotics/ros2_cobot/install/mycobot_600:/home/robotics/ros2_cobot/install/mycobot_320pi:/home/robotics/ros2_cobot/install/mycobot_320_riscv:/home/robotics/ros2_cobot/install/mycobot_320:/home/robotics/ros2_cobot/install/mycobot_280pi:/home/robotics/ros2_cobot/install/mycobot_280jn:/home/robotics/ros2_cobot/install/mycobot_280_x3pi:/home/robotics/ros2_cobot/install/mycobot_280_riscv:/home/robotics/ros2_cobot/install/mycobot_280_rdkx5:/home/robotics/ros2_cobot/install/mycobot_280_moveit2_control:/home/robotics/ros2_cobot/install/mycobot_280_arduino:/home/robotics/ros2_cobot/install/mycobot_280:/home/robotics/ros2_cobot/install/mybuddy:/home/robotics/ros2_cobot/install/myarm_300:/home/robotics/ros2_cobot/install/mecharm_pi:/home/robotics/ros2_cobot/install/mecharm:/home/robotics/ros2_cobot/install/mycobot_description:/opt/ros/humble PYTHONPATH=/home/robotics/ros2_cobot/install/mycobot_description/lib/python3.10/site-packages:/home/robotics/ros2_cobot/install/ultraarm/lib/python3.10/site-packages:/home/robotics/ros2_cobot/install/traj_scripts/local/lib/python3.10/dist-packages:/home/robotics/ros2_cobot/install/mypalletizer_communication/lib/python3.10/site-packages:/home/robotics/ros2_cobot/install/mypalletizer_interfaces/local/lib/python3.10/dist-packages:/home/robotics/ros2_cobot/install/mypalletizer_260_pi/lib/python3.10/site-packages:/home/robotics/ros2_cobot/install/mypalletizer_260/lib/python3.10/site-packages:/home/robotics/ros2_cobot/install/myarm_m750/lib/python3.10/site-packages:/home/robotics/ros2_cobot/install/myarm_c650/lib/python3.10/site-packages:/home/robotics/ros2_cobot/install/mycobot_communication/lib/python3.10/site-packages:/home/robotics/ros2_cobot/install/mecharm_communication/lib/python3.10/site-packages:/home/robotics/ros2_cobot/install/mycobot_interfaces/local/lib/python3.10/dist-packages:/home/robotics/ros2_cobot/install/mycobot_630/lib/python3.10/site-packages:/home/robotics/ros2_cobot/install/mycobot_600/lib/python3.10/site-packages:/home/robotics/ros2_cobot/install/mycobot_320pi/lib/python3.10/site-packages:/home/robotics/ros2_cobot/install/mycobot_320_riscv/lib/python3.10/site-packages:/home/robotics/ros2_cobot/install/mycobot_320/lib/python3.10/site-packages:/home/robotics/ros2_cobot/install/mycobot_280pi/lib/python3.10/site-packages:/home/robotics/ros2_cobot/install/mycobot_280jn/lib/python3.10/site-packages:/home/robotics/ros2_cobot/install/mycobot_280_x3pi/lib/python3.10/site-packages:/home/robotics/ros2_cobot/install/mycobot_280_riscv/lib/python3.10/site-packages:/home/robotics/ros2_cobot/install/mycobot_280_rdkx5/lib/python3.10/site-packages:/home/robotics/ros2_cobot/install/mycobot_280_moveit2_control/lib/python3.10/site-packages:/home/robotics/ros2_cobot/install/mycobot_280_arduino/lib/python3.10/site-packages:/home/robotics/ros2_cobot/install/mycobot_280/lib/python3.10/site-packages:/home/robotics/ros2_cobot/install/mybuddy/lib/python3.10/site-packages:/home/robotics/ros2_cobot/install/myarm_300/lib/python3.10/site-packages:/home/robotics/ros2_cobot/install/mecharm_pi/lib/python3.10/site-packages:/home/robotics/ros2_cobot/install/mecharm/lib/python3.10/site-packages:/home/robotics/ros2_cobot/install/mecharm_interfaces/local/lib/python3.10/dist-packages:/opt/ros/humble/lib/python3.10/site-packages:/opt/ros/humble/local/lib/python3.10/dist-packages /usr/bin/cmake --build /home/robotics/ros2_cobot/build/mycobot_280rdkx5_moveit2 -- -j16 -l16
[5.955s] DEBUG:colcon.colcon_core.event_handler.log_command:Invoking command in '/home/robotics/ros2_cobot/build/mycobot_280rdkx5_moveit2': AMENT_PREFIX_PATH=/home/robotics/ros2_cobot/install/mycobot_description:/home/robotics/ros2_cobot/install/ultraarm:/home/robotics/ros2_cobot/install/traj_scripts:/home/robotics/ros2_cobot/install/mypalletizer_communication:/home/robotics/ros2_cobot/install/mypalletizer_interfaces:/home/robotics/ros2_cobot/install/mypalletizer_260_pi:/home/robotics/ros2_cobot/install/mypalletizer_260:/home/robotics/ros2_cobot/install/myarm_m750:/home/robotics/ros2_cobot/install/myarm_c650:/home/robotics/ros2_cobot/install/mycobot_communication:/home/robotics/ros2_cobot/install/mecharm_communication:/home/robotics/ros2_cobot/install/mycobot_interfaces:/home/robotics/ros2_cobot/install/mycobot_630:/home/robotics/ros2_cobot/install/mycobot_600:/home/robotics/ros2_cobot/install/mycobot_320pi:/home/robotics/ros2_cobot/install/mycobot_320_riscv:/home/robotics/ros2_cobot/install/mycobot_320:/home/robotics/ros2_cobot/install/mycobot_280rdkx5_moveit2:/home/robotics/ros2_cobot/install/mycobot_280pi:/home/robotics/ros2_cobot/install/mycobot_280jn:/home/robotics/ros2_cobot/install/mycobot_280arduino_moveit2:/home/robotics/ros2_cobot/install/mycobot_280_x3pi:/home/robotics/ros2_cobot/install/mycobot_280_riscv:/home/robotics/ros2_cobot/install/mycobot_280_rdkx5:/home/robotics/ros2_cobot/install/mycobot_280_moveit2_control:/home/robotics/ros2_cobot/install/mycobot_280_moveit2:/home/robotics/ros2_cobot/install/mycobot_280_arduino:/home/robotics/ros2_cobot/install/mycobot_280:/home/robotics/ros2_cobot/install/mybuddy:/home/robotics/ros2_cobot/install/myarm_300:/home/robotics/ros2_cobot/install/mecharm_pi:/home/robotics/ros2_cobot/install/mecharm:/home/robotics/ros2_cobot/install/mecharm_interfaces:/opt/ros/humble CMAKE_PREFIX_PATH=${CMAKE_PREFIX_PATH}:/home/robotics/ros2_cobot/install/ultraarm:/home/robotics/ros2_cobot/install/mypalletizer_communication:/home/robotics/ros2_cobot/install/mypalletizer_260_pi:/home/robotics/ros2_cobot/install/mypalletizer_260:/home/robotics/ros2_cobot/install/myarm_m750:/home/robotics/ros2_cobot/install/myarm_c650:/home/robotics/ros2_cobot/install/mycobot_communication:/home/robotics/ros2_cobot/install/mecharm_communication:/home/robotics/ros2_cobot/install/mycobot_630:/home/robotics/ros2_cobot/install/mycobot_600:/home/robotics/ros2_cobot/install/mycobot_320pi:/home/robotics/ros2_cobot/install/mycobot_320_riscv:/home/robotics/ros2_cobot/install/mycobot_320:/home/robotics/ros2_cobot/install/mycobot_280pi:/home/robotics/ros2_cobot/install/mycobot_280jn:/home/robotics/ros2_cobot/install/mycobot_280_x3pi:/home/robotics/ros2_cobot/install/mycobot_280_riscv:/home/robotics/ros2_cobot/install/mycobot_280_rdkx5:/home/robotics/ros2_cobot/install/mycobot_280_moveit2_control:/home/robotics/ros2_cobot/install/mycobot_280_arduino:/home/robotics/ros2_cobot/install/mycobot_280:/home/robotics/ros2_cobot/install/mybuddy:/home/robotics/ros2_cobot/install/myarm_300:/home/robotics/ros2_cobot/install/mecharm_pi:/home/robotics/ros2_cobot/install/mecharm:/home/robotics/ros2_cobot/install/mycobot_description:/opt/ros/humble PYTHONPATH=/home/robotics/ros2_cobot/install/mycobot_description/lib/python3.10/site-packages:/home/robotics/ros2_cobot/install/ultraarm/lib/python3.10/site-packages:/home/robotics/ros2_cobot/install/traj_scripts/local/lib/python3.10/dist-packages:/home/robotics/ros2_cobot/install/mypalletizer_communication/lib/python3.10/site-packages:/home/robotics/ros2_cobot/install/mypalletizer_interfaces/local/lib/python3.10/dist-packages:/home/robotics/ros2_cobot/install/mypalletizer_260_pi/lib/python3.10/site-packages:/home/robotics/ros2_cobot/install/mypalletizer_260/lib/python3.10/site-packages:/home/robotics/ros2_cobot/install/myarm_m750/lib/python3.10/site-packages:/home/robotics/ros2_cobot/install/myarm_c650/lib/python3.10/site-packages:/home/robotics/ros2_cobot/install/mycobot_communication/lib/python3.10/site-packages:/home/robotics/ros2_cobot/install/mecharm_communication/lib/python3.10/site-packages:/home/robotics/ros2_cobot/install/mycobot_interfaces/local/lib/python3.10/dist-packages:/home/robotics/ros2_cobot/install/mycobot_630/lib/python3.10/site-packages:/home/robotics/ros2_cobot/install/mycobot_600/lib/python3.10/site-packages:/home/robotics/ros2_cobot/install/mycobot_320pi/lib/python3.10/site-packages:/home/robotics/ros2_cobot/install/mycobot_320_riscv/lib/python3.10/site-packages:/home/robotics/ros2_cobot/install/mycobot_320/lib/python3.10/site-packages:/home/robotics/ros2_cobot/install/mycobot_280pi/lib/python3.10/site-packages:/home/robotics/ros2_cobot/install/mycobot_280jn/lib/python3.10/site-packages:/home/robotics/ros2_cobot/install/mycobot_280_x3pi/lib/python3.10/site-packages:/home/robotics/ros2_cobot/install/mycobot_280_riscv/lib/python3.10/site-packages:/home/robotics/ros2_cobot/install/mycobot_280_rdkx5/lib/python3.10/site-packages:/home/robotics/ros2_cobot/install/mycobot_280_moveit2_control/lib/python3.10/site-packages:/home/robotics/ros2_cobot/install/mycobot_280_arduino/lib/python3.10/site-packages:/home/robotics/ros2_cobot/install/mycobot_280/lib/python3.10/site-packages:/home/robotics/ros2_cobot/install/mybuddy/lib/python3.10/site-packages:/home/robotics/ros2_cobot/install/myarm_300/lib/python3.10/site-packages:/home/robotics/ros2_cobot/install/mecharm_pi/lib/python3.10/site-packages:/home/robotics/ros2_cobot/install/mecharm/lib/python3.10/site-packages:/home/robotics/ros2_cobot/install/mecharm_interfaces/local/lib/python3.10/dist-packages:/opt/ros/humble/lib/python3.10/site-packages:/opt/ros/humble/local/lib/python3.10/dist-packages /usr/bin/cmake --install /home/robotics/ros2_cobot/build/mycobot_280rdkx5_moveit2
[6.366s] INFO:colcon.colcon_core.task.python.build:Building Python package in '/home/robotics/ros2_cobot/src/mycobot_ros2/mycobot_320/mycobot_320'
[6.366s] INFO:colcon.colcon_core.shell:Skip shell extension 'powershell' for command environment: Not usable outside of PowerShell
[6.366s] DEBUG:colcon.colcon_core.shell:Skip shell extension 'dsv' for command environment
[6.380s] DEBUG:colcon.colcon_core.event_handler.log_command:Invoking command in '/home/robotics/ros2_cobot/src/mycobot_ros2/mycobot_280/mycobot_280_arduino': AMENT_PREFIX_PATH=/home/robotics/ros2_cobot/install/mycobot_description:/home/robotics/ros2_cobot/install/ultraarm:/home/robotics/ros2_cobot/install/traj_scripts:/home/robotics/ros2_cobot/install/mypalletizer_communication:/home/robotics/ros2_cobot/install/mypalletizer_interfaces:/home/robotics/ros2_cobot/install/mypalletizer_260_pi:/home/robotics/ros2_cobot/install/mypalletizer_260:/home/robotics/ros2_cobot/install/myarm_m750:/home/robotics/ros2_cobot/install/myarm_c650:/home/robotics/ros2_cobot/install/mycobot_communication:/home/robotics/ros2_cobot/install/mecharm_communication:/home/robotics/ros2_cobot/install/mycobot_interfaces:/home/robotics/ros2_cobot/install/mycobot_630:/home/robotics/ros2_cobot/install/mycobot_600:/home/robotics/ros2_cobot/install/mycobot_320pi:/home/robotics/ros2_cobot/install/mycobot_320_riscv:/home/robotics/ros2_cobot/install/mycobot_320:/home/robotics/ros2_cobot/install/mycobot_280rdkx5_moveit2:/home/robotics/ros2_cobot/install/mycobot_280pi:/home/robotics/ros2_cobot/install/mycobot_280jn:/home/robotics/ros2_cobot/install/mycobot_280arduino_moveit2:/home/robotics/ros2_cobot/install/mycobot_280_x3pi:/home/robotics/ros2_cobot/install/mycobot_280_riscv:/home/robotics/ros2_cobot/install/mycobot_280_rdkx5:/home/robotics/ros2_cobot/install/mycobot_280_moveit2_control:/home/robotics/ros2_cobot/install/mycobot_280_moveit2:/home/robotics/ros2_cobot/install/mycobot_280_arduino:/home/robotics/ros2_cobot/install/mycobot_280:/home/robotics/ros2_cobot/install/mybuddy:/home/robotics/ros2_cobot/install/myarm_300:/home/robotics/ros2_cobot/install/mecharm_pi:/home/robotics/ros2_cobot/install/mecharm:/home/robotics/ros2_cobot/install/mecharm_interfaces:/opt/ros/humble PYTHONPATH=/home/robotics/ros2_cobot/build/mycobot_280_arduino/prefix_override:/usr/lib/python3/dist-packages/colcon_core/task/python/colcon_distutils_commands:/home/robotics/ros2_cobot/install/mycobot_280_arduino/lib/python3.10/site-packages:/home/robotics/ros2_cobot/install/mycobot_description/lib/python3.10/site-packages:/home/robotics/ros2_cobot/install/ultraarm/lib/python3.10/site-packages:/home/robotics/ros2_cobot/install/traj_scripts/local/lib/python3.10/dist-packages:/home/robotics/ros2_cobot/install/mypalletizer_communication/lib/python3.10/site-packages:/home/robotics/ros2_cobot/install/mypalletizer_interfaces/local/lib/python3.10/dist-packages:/home/robotics/ros2_cobot/install/mypalletizer_260_pi/lib/python3.10/site-packages:/home/robotics/ros2_cobot/install/mypalletizer_260/lib/python3.10/site-packages:/home/robotics/ros2_cobot/install/myarm_m750/lib/python3.10/site-packages:/home/robotics/ros2_cobot/install/myarm_c650/lib/python3.10/site-packages:/home/robotics/ros2_cobot/install/mycobot_communication/lib/python3.10/site-packages:/home/robotics/ros2_cobot/install/mecharm_communication/lib/python3.10/site-packages:/home/robotics/ros2_cobot/install/mycobot_interfaces/local/lib/python3.10/dist-packages:/home/robotics/ros2_cobot/install/mycobot_630/lib/python3.10/site-packages:/home/robotics/ros2_cobot/install/mycobot_600/lib/python3.10/site-packages:/home/robotics/ros2_cobot/install/mycobot_320pi/lib/python3.10/site-packages:/home/robotics/ros2_cobot/install/mycobot_320_riscv/lib/python3.10/site-packages:/home/robotics/ros2_cobot/install/mycobot_320/lib/python3.10/site-packages:/home/robotics/ros2_cobot/install/mycobot_280pi/lib/python3.10/site-packages:/home/robotics/ros2_cobot/install/mycobot_280jn/lib/python3.10/site-packages:/home/robotics/ros2_cobot/install/mycobot_280_x3pi/lib/python3.10/site-packages:/home/robotics/ros2_cobot/install/mycobot_280_riscv/lib/python3.10/site-packages:/home/robotics/ros2_cobot/install/mycobot_280_rdkx5/lib/python3.10/site-packages:/home/robotics/ros2_cobot/install/mycobot_280_moveit2_control/lib/python3.10/site-packages:/home/robotics/ros2_cobot/install/mycobot_280_arduino/lib/python3.10/site-packages:/home/robotics/ros2_cobot/install/mycobot_280/lib/python3.10/site-packages:/home/robotics/ros2_cobot/install/mybuddy/lib/python3.10/site-packages:/home/robotics/ros2_cobot/install/myarm_300/lib/python3.10/site-packages:/home/robotics/ros2_cobot/install/mecharm_pi/lib/python3.10/site-packages:/home/robotics/ros2_cobot/install/mecharm/lib/python3.10/site-packages:/home/robotics/ros2_cobot/install/mecharm_interfaces/local/lib/python3.10/dist-packages:/opt/ros/humble/lib/python3.10/site-packages:/opt/ros/humble/local/lib/python3.10/dist-packages /usr/bin/python3 -W ignore:setup.py install is deprecated -W ignore:easy_install command is deprecated setup.py egg_info --egg-base ../../../../build/mycobot_280_arduino build --build-base /home/robotics/ros2_cobot/build/mycobot_280_arduino/build install --record /home/robotics/ros2_cobot/build/mycobot_280_arduino/install.log --single-version-externally-managed install_data
[6.381s] DEBUG:colcon.colcon_core.event_handler.log_command:Invoking command in '/home/robotics/ros2_cobot/src/mycobot_ros2/mycobot_280/mycobot_280jn': AMENT_PREFIX_PATH=/home/robotics/ros2_cobot/install/mycobot_description:/home/robotics/ros2_cobot/install/ultraarm:/home/robotics/ros2_cobot/install/traj_scripts:/home/robotics/ros2_cobot/install/mypalletizer_communication:/home/robotics/ros2_cobot/install/mypalletizer_interfaces:/home/robotics/ros2_cobot/install/mypalletizer_260_pi:/home/robotics/ros2_cobot/install/mypalletizer_260:/home/robotics/ros2_cobot/install/myarm_m750:/home/robotics/ros2_cobot/install/myarm_c650:/home/robotics/ros2_cobot/install/mycobot_communication:/home/robotics/ros2_cobot/install/mecharm_communication:/home/robotics/ros2_cobot/install/mycobot_interfaces:/home/robotics/ros2_cobot/install/mycobot_630:/home/robotics/ros2_cobot/install/mycobot_600:/home/robotics/ros2_cobot/install/mycobot_320pi:/home/robotics/ros2_cobot/install/mycobot_320_riscv:/home/robotics/ros2_cobot/install/mycobot_320:/home/robotics/ros2_cobot/install/mycobot_280rdkx5_moveit2:/home/robotics/ros2_cobot/install/mycobot_280pi:/home/robotics/ros2_cobot/install/mycobot_280jn:/home/robotics/ros2_cobot/install/mycobot_280arduino_moveit2:/home/robotics/ros2_cobot/install/mycobot_280_x3pi:/home/robotics/ros2_cobot/install/mycobot_280_riscv:/home/robotics/ros2_cobot/install/mycobot_280_rdkx5:/home/robotics/ros2_cobot/install/mycobot_280_moveit2_control:/home/robotics/ros2_cobot/install/mycobot_280_moveit2:/home/robotics/ros2_cobot/install/mycobot_280_arduino:/home/robotics/ros2_cobot/install/mycobot_280:/home/robotics/ros2_cobot/install/mybuddy:/home/robotics/ros2_cobot/install/myarm_300:/home/robotics/ros2_cobot/install/mecharm_pi:/home/robotics/ros2_cobot/install/mecharm:/home/robotics/ros2_cobot/install/mecharm_interfaces:/opt/ros/humble PYTHONPATH=/home/robotics/ros2_cobot/build/mycobot_280jn/prefix_override:/usr/lib/python3/dist-packages/colcon_core/task/python/colcon_distutils_commands:/home/robotics/ros2_cobot/install/mycobot_280jn/lib/python3.10/site-packages:/home/robotics/ros2_cobot/install/mycobot_description/lib/python3.10/site-packages:/home/robotics/ros2_cobot/install/ultraarm/lib/python3.10/site-packages:/home/robotics/ros2_cobot/install/traj_scripts/local/lib/python3.10/dist-packages:/home/robotics/ros2_cobot/install/mypalletizer_communication/lib/python3.10/site-packages:/home/robotics/ros2_cobot/install/mypalletizer_interfaces/local/lib/python3.10/dist-packages:/home/robotics/ros2_cobot/install/mypalletizer_260_pi/lib/python3.10/site-packages:/home/robotics/ros2_cobot/install/mypalletizer_260/lib/python3.10/site-packages:/home/robotics/ros2_cobot/install/myarm_m750/lib/python3.10/site-packages:/home/robotics/ros2_cobot/install/myarm_c650/lib/python3.10/site-packages:/home/robotics/ros2_cobot/install/mycobot_communication/lib/python3.10/site-packages:/home/robotics/ros2_cobot/install/mecharm_communication/lib/python3.10/site-packages:/home/robotics/ros2_cobot/install/mycobot_interfaces/local/lib/python3.10/dist-packages:/home/robotics/ros2_cobot/install/mycobot_630/lib/python3.10/site-packages:/home/robotics/ros2_cobot/install/mycobot_600/lib/python3.10/site-packages:/home/robotics/ros2_cobot/install/mycobot_320pi/lib/python3.10/site-packages:/home/robotics/ros2_cobot/install/mycobot_320_riscv/lib/python3.10/site-packages:/home/robotics/ros2_cobot/install/mycobot_320/lib/python3.10/site-packages:/home/robotics/ros2_cobot/install/mycobot_280pi/lib/python3.10/site-packages:/home/robotics/ros2_cobot/install/mycobot_280jn/lib/python3.10/site-packages:/home/robotics/ros2_cobot/install/mycobot_280_x3pi/lib/python3.10/site-packages:/home/robotics/ros2_cobot/install/mycobot_280_riscv/lib/python3.10/site-packages:/home/robotics/ros2_cobot/install/mycobot_280_rdkx5/lib/python3.10/site-packages:/home/robotics/ros2_cobot/install/mycobot_280_moveit2_control/lib/python3.10/site-packages:/home/robotics/ros2_cobot/install/mycobot_280_arduino/lib/python3.10/site-packages:/home/robotics/ros2_cobot/install/mycobot_280/lib/python3.10/site-packages:/home/robotics/ros2_cobot/install/mybuddy/lib/python3.10/site-packages:/home/robotics/ros2_cobot/install/myarm_300/lib/python3.10/site-packages:/home/robotics/ros2_cobot/install/mecharm_pi/lib/python3.10/site-packages:/home/robotics/ros2_cobot/install/mecharm/lib/python3.10/site-packages:/home/robotics/ros2_cobot/install/mecharm_interfaces/local/lib/python3.10/dist-packages:/opt/ros/humble/lib/python3.10/site-packages:/opt/ros/humble/local/lib/python3.10/dist-packages /usr/bin/python3 -W ignore:setup.py install is deprecated -W ignore:easy_install command is deprecated setup.py egg_info --egg-base ../../../../build/mycobot_280jn build --build-base /home/robotics/ros2_cobot/build/mycobot_280jn/build install --record /home/robotics/ros2_cobot/build/mycobot_280jn/install.log --single-version-externally-managed install_data
[6.626s] INFO:colcon.colcon_core.task.python.build:Building Python package in '/home/robotics/ros2_cobot/src/mycobot_ros2/mycobot_320/mycobot_320_riscv'
[6.626s] INFO:colcon.colcon_core.shell:Skip shell extension 'powershell' for command environment: Not usable outside of PowerShell
[6.626s] DEBUG:colcon.colcon_core.shell:Skip shell extension 'dsv' for command environment
[6.634s] Level 1:colcon.colcon_core.environment:create_environment_scripts_only(mycobot_280rdkx5_moveit2)
[6.635s] Level 1:colcon.colcon_core.environment:checking '/home/robotics/ros2_cobot/install/mycobot_280rdkx5_moveit2' for CMake module files
[6.638s] DEBUG:colcon.colcon_core.event_handler.log_command:Invoked command in '/home/robotics/ros2_cobot/build/mycobot_280rdkx5_moveit2' returned '0': AMENT_PREFIX_PATH=/home/robotics/ros2_cobot/install/mycobot_description:/home/robotics/ros2_cobot/install/ultraarm:/home/robotics/ros2_cobot/install/traj_scripts:/home/robotics/ros2_cobot/install/mypalletizer_communication:/home/robotics/ros2_cobot/install/mypalletizer_interfaces:/home/robotics/ros2_cobot/install/mypalletizer_260_pi:/home/robotics/ros2_cobot/install/mypalletizer_260:/home/robotics/ros2_cobot/install/myarm_m750:/home/robotics/ros2_cobot/install/myarm_c650:/home/robotics/ros2_cobot/install/mycobot_communication:/home/robotics/ros2_cobot/install/mecharm_communication:/home/robotics/ros2_cobot/install/mycobot_interfaces:/home/robotics/ros2_cobot/install/mycobot_630:/home/robotics/ros2_cobot/install/mycobot_600:/home/robotics/ros2_cobot/install/mycobot_320pi:/home/robotics/ros2_cobot/install/mycobot_320_riscv:/home/robotics/ros2_cobot/install/mycobot_320:/home/robotics/ros2_cobot/install/mycobot_280rdkx5_moveit2:/home/robotics/ros2_cobot/install/mycobot_280pi:/home/robotics/ros2_cobot/install/mycobot_280jn:/home/robotics/ros2_cobot/install/mycobot_280arduino_moveit2:/home/robotics/ros2_cobot/install/mycobot_280_x3pi:/home/robotics/ros2_cobot/install/mycobot_280_riscv:/home/robotics/ros2_cobot/install/mycobot_280_rdkx5:/home/robotics/ros2_cobot/install/mycobot_280_moveit2_control:/home/robotics/ros2_cobot/install/mycobot_280_moveit2:/home/robotics/ros2_cobot/install/mycobot_280_arduino:/home/robotics/ros2_cobot/install/mycobot_280:/home/robotics/ros2_cobot/install/mybuddy:/home/robotics/ros2_cobot/install/myarm_300:/home/robotics/ros2_cobot/install/mecharm_pi:/home/robotics/ros2_cobot/install/mecharm:/home/robotics/ros2_cobot/install/mecharm_interfaces:/opt/ros/humble CMAKE_PREFIX_PATH=${CMAKE_PREFIX_PATH}:/home/robotics/ros2_cobot/install/ultraarm:/home/robotics/ros2_cobot/install/mypalletizer_communication:/home/robotics/ros2_cobot/install/mypalletizer_260_pi:/home/robotics/ros2_cobot/install/mypalletizer_260:/home/robotics/ros2_cobot/install/myarm_m750:/home/robotics/ros2_cobot/install/myarm_c650:/home/robotics/ros2_cobot/install/mycobot_communication:/home/robotics/ros2_cobot/install/mecharm_communication:/home/robotics/ros2_cobot/install/mycobot_630:/home/robotics/ros2_cobot/install/mycobot_600:/home/robotics/ros2_cobot/install/mycobot_320pi:/home/robotics/ros2_cobot/install/mycobot_320_riscv:/home/robotics/ros2_cobot/install/mycobot_320:/home/robotics/ros2_cobot/install/mycobot_280pi:/home/robotics/ros2_cobot/install/mycobot_280jn:/home/robotics/ros2_cobot/install/mycobot_280_x3pi:/home/robotics/ros2_cobot/install/mycobot_280_riscv:/home/robotics/ros2_cobot/install/mycobot_280_rdkx5:/home/robotics/ros2_cobot/install/mycobot_280_moveit2_control:/home/robotics/ros2_cobot/install/mycobot_280_arduino:/home/robotics/ros2_cobot/install/mycobot_280:/home/robotics/ros2_cobot/install/mybuddy:/home/robotics/ros2_cobot/install/myarm_300:/home/robotics/ros2_cobot/install/mecharm_pi:/home/robotics/ros2_cobot/install/mecharm:/home/robotics/ros2_cobot/install/mycobot_description:/opt/ros/humble PYTHONPATH=/home/robotics/ros2_cobot/install/mycobot_description/lib/python3.10/site-packages:/home/robotics/ros2_cobot/install/ultraarm/lib/python3.10/site-packages:/home/robotics/ros2_cobot/install/traj_scripts/local/lib/python3.10/dist-packages:/home/robotics/ros2_cobot/install/mypalletizer_communication/lib/python3.10/site-packages:/home/robotics/ros2_cobot/install/mypalletizer_interfaces/local/lib/python3.10/dist-packages:/home/robotics/ros2_cobot/install/mypalletizer_260_pi/lib/python3.10/site-packages:/home/robotics/ros2_cobot/install/mypalletizer_260/lib/python3.10/site-packages:/home/robotics/ros2_cobot/install/myarm_m750/lib/python3.10/site-packages:/home/robotics/ros2_cobot/install/myarm_c650/lib/python3.10/site-packages:/home/robotics/ros2_cobot/install/mycobot_communication/lib/python3.10/site-packages:/home/robotics/ros2_cobot/install/mecharm_communication/lib/python3.10/site-packages:/home/robotics/ros2_cobot/install/mycobot_interfaces/local/lib/python3.10/dist-packages:/home/robotics/ros2_cobot/install/mycobot_630/lib/python3.10/site-packages:/home/robotics/ros2_cobot/install/mycobot_600/lib/python3.10/site-packages:/home/robotics/ros2_cobot/install/mycobot_320pi/lib/python3.10/site-packages:/home/robotics/ros2_cobot/install/mycobot_320_riscv/lib/python3.10/site-packages:/home/robotics/ros2_cobot/install/mycobot_320/lib/python3.10/site-packages:/home/robotics/ros2_cobot/install/mycobot_280pi/lib/python3.10/site-packages:/home/robotics/ros2_cobot/install/mycobot_280jn/lib/python3.10/site-packages:/home/robotics/ros2_cobot/install/mycobot_280_x3pi/lib/python3.10/site-packages:/home/robotics/ros2_cobot/install/mycobot_280_riscv/lib/python3.10/site-packages:/home/robotics/ros2_cobot/install/mycobot_280_rdkx5/lib/python3.10/site-packages:/home/robotics/ros2_cobot/install/mycobot_280_moveit2_control/lib/python3.10/site-packages:/home/robotics/ros2_cobot/install/mycobot_280_arduino/lib/python3.10/site-packages:/home/robotics/ros2_cobot/install/mycobot_280/lib/python3.10/site-packages:/home/robotics/ros2_cobot/install/mybuddy/lib/python3.10/site-packages:/home/robotics/ros2_cobot/install/myarm_300/lib/python3.10/site-packages:/home/robotics/ros2_cobot/install/mecharm_pi/lib/python3.10/site-packages:/home/robotics/ros2_cobot/install/mecharm/lib/python3.10/site-packages:/home/robotics/ros2_cobot/install/mecharm_interfaces/local/lib/python3.10/dist-packages:/opt/ros/humble/lib/python3.10/site-packages:/opt/ros/humble/local/lib/python3.10/dist-packages /usr/bin/cmake --install /home/robotics/ros2_cobot/build/mycobot_280rdkx5_moveit2
[6.638s] Level 1:colcon.colcon_core.environment:checking '/home/robotics/ros2_cobot/install/mycobot_280rdkx5_moveit2' for CMake config files
[6.638s] Level 1:colcon.colcon_core.shell:create_environment_hook('mycobot_280rdkx5_moveit2', 'cmake_prefix_path')
[6.639s] INFO:colcon.colcon_core.shell:Creating environment hook '/home/robotics/ros2_cobot/install/mycobot_280rdkx5_moveit2/share/mycobot_280rdkx5_moveit2/hook/cmake_prefix_path.ps1'
[6.639s] INFO:colcon.colcon_core.shell:Creating environment descriptor '/home/robotics/ros2_cobot/install/mycobot_280rdkx5_moveit2/share/mycobot_280rdkx5_moveit2/hook/cmake_prefix_path.dsv'
[6.640s] INFO:colcon.colcon_core.shell:Creating environment hook '/home/robotics/ros2_cobot/install/mycobot_280rdkx5_moveit2/share/mycobot_280rdkx5_moveit2/hook/cmake_prefix_path.sh'
[6.640s] Level 1:colcon.colcon_core.environment:checking '/home/robotics/ros2_cobot/install/mycobot_280rdkx5_moveit2/bin'
[6.640s] Level 1:colcon.colcon_core.environment:checking '/home/robotics/ros2_cobot/install/mycobot_280rdkx5_moveit2/lib/pkgconfig/mycobot_280rdkx5_moveit2.pc'
[6.641s] Level 1:colcon.colcon_core.environment:checking '/home/robotics/ros2_cobot/install/mycobot_280rdkx5_moveit2/lib/python3.10/site-packages'
[6.641s] Level 1:colcon.colcon_core.environment:checking '/home/robotics/ros2_cobot/install/mycobot_280rdkx5_moveit2/bin'
[6.641s] INFO:colcon.colcon_core.shell:Creating package script '/home/robotics/ros2_cobot/install/mycobot_280rdkx5_moveit2/share/mycobot_280rdkx5_moveit2/package.ps1'
[6.642s] INFO:colcon.colcon_core.shell:Creating package descriptor '/home/robotics/ros2_cobot/install/mycobot_280rdkx5_moveit2/share/mycobot_280rdkx5_moveit2/package.dsv'
[6.642s] INFO:colcon.colcon_core.shell:Creating package script '/home/robotics/ros2_cobot/install/mycobot_280rdkx5_moveit2/share/mycobot_280rdkx5_moveit2/package.sh'
[6.643s] INFO:colcon.colcon_core.shell:Creating package script '/home/robotics/ros2_cobot/install/mycobot_280rdkx5_moveit2/share/mycobot_280rdkx5_moveit2/package.bash'
[6.643s] INFO:colcon.colcon_core.shell:Creating package script '/home/robotics/ros2_cobot/install/mycobot_280rdkx5_moveit2/share/mycobot_280rdkx5_moveit2/package.zsh'
[6.643s] Level 1:colcon.colcon_core.environment:create_file_with_runtime_dependencies(/home/robotics/ros2_cobot/install/mycobot_280rdkx5_moveit2/share/colcon-core/packages/mycobot_280rdkx5_moveit2)
[6.644s] Level 1:colcon.colcon_core.environment:create_environment_scripts_only(mycobot_280rdkx5_moveit2)
[6.644s] Level 1:colcon.colcon_core.environment:checking '/home/robotics/ros2_cobot/install/mycobot_280rdkx5_moveit2' for CMake module files
[6.644s] Level 1:colcon.colcon_core.environment:checking '/home/robotics/ros2_cobot/install/mycobot_280rdkx5_moveit2' for CMake config files
[6.644s] Level 1:colcon.colcon_core.shell:create_environment_hook('mycobot_280rdkx5_moveit2', 'cmake_prefix_path')
[6.645s] INFO:colcon.colcon_core.shell:Creating environment hook '/home/robotics/ros2_cobot/install/mycobot_280rdkx5_moveit2/share/mycobot_280rdkx5_moveit2/hook/cmake_prefix_path.ps1'
[6.645s] INFO:colcon.colcon_core.shell:Creating environment descriptor '/home/robotics/ros2_cobot/install/mycobot_280rdkx5_moveit2/share/mycobot_280rdkx5_moveit2/hook/cmake_prefix_path.dsv'
[6.645s] INFO:colcon.colcon_core.shell:Creating environment hook '/home/robotics/ros2_cobot/install/mycobot_280rdkx5_moveit2/share/mycobot_280rdkx5_moveit2/hook/cmake_prefix_path.sh'
[6.646s] Level 1:colcon.colcon_core.environment:checking '/home/robotics/ros2_cobot/install/mycobot_280rdkx5_moveit2/bin'
[6.646s] Level 1:colcon.colcon_core.environment:checking '/home/robotics/ros2_cobot/install/mycobot_280rdkx5_moveit2/lib/pkgconfig/mycobot_280rdkx5_moveit2.pc'
[6.646s] Level 1:colcon.colcon_core.environment:checking '/home/robotics/ros2_cobot/install/mycobot_280rdkx5_moveit2/lib/python3.10/site-packages'
[6.646s] Level 1:colcon.colcon_core.environment:checking '/home/robotics/ros2_cobot/install/mycobot_280rdkx5_moveit2/bin'
[6.647s] INFO:colcon.colcon_core.shell:Creating package script '/home/robotics/ros2_cobot/install/mycobot_280rdkx5_moveit2/share/mycobot_280rdkx5_moveit2/package.ps1'
[6.647s] INFO:colcon.colcon_core.shell:Creating package descriptor '/home/robotics/ros2_cobot/install/mycobot_280rdkx5_moveit2/share/mycobot_280rdkx5_moveit2/package.dsv'
[6.648s] INFO:colcon.colcon_core.shell:Creating package script '/home/robotics/ros2_cobot/install/mycobot_280rdkx5_moveit2/share/mycobot_280rdkx5_moveit2/package.sh'
[6.648s] INFO:colcon.colcon_core.shell:Creating package script '/home/robotics/ros2_cobot/install/mycobot_280rdkx5_moveit2/share/mycobot_280rdkx5_moveit2/package.bash'
[6.649s] INFO:colcon.colcon_core.shell:Creating package script '/home/robotics/ros2_cobot/install/mycobot_280rdkx5_moveit2/share/mycobot_280rdkx5_moveit2/package.zsh'
[6.649s] Level 1:colcon.colcon_core.environment:create_file_with_runtime_dependencies(/home/robotics/ros2_cobot/install/mycobot_280rdkx5_moveit2/share/colcon-core/packages/mycobot_280rdkx5_moveit2)
[6.649s] Level 1:colcon.colcon_core.environment:checking '/home/robotics/ros2_cobot/install/myarm_300' for CMake module files
[6.650s] Level 1:colcon.colcon_core.environment:checking '/home/robotics/ros2_cobot/install/myarm_300' for CMake config files
[6.651s] DEBUG:colcon.colcon_core.event_handler.log_command:Invoked command in '/home/robotics/ros2_cobot/src/mycobot_ros2/myArm/myarm_300' returned '0': AMENT_PREFIX_PATH=/home/robotics/ros2_cobot/install/mycobot_description:/home/robotics/ros2_cobot/install/ultraarm:/home/robotics/ros2_cobot/install/traj_scripts:/home/robotics/ros2_cobot/install/mypalletizer_communication:/home/robotics/ros2_cobot/install/mypalletizer_interfaces:/home/robotics/ros2_cobot/install/mypalletizer_260_pi:/home/robotics/ros2_cobot/install/mypalletizer_260:/home/robotics/ros2_cobot/install/myarm_m750:/home/robotics/ros2_cobot/install/myarm_c650:/home/robotics/ros2_cobot/install/mycobot_communication:/home/robotics/ros2_cobot/install/mecharm_communication:/home/robotics/ros2_cobot/install/mycobot_interfaces:/home/robotics/ros2_cobot/install/mycobot_630:/home/robotics/ros2_cobot/install/mycobot_600:/home/robotics/ros2_cobot/install/mycobot_320pi:/home/robotics/ros2_cobot/install/mycobot_320_riscv:/home/robotics/ros2_cobot/install/mycobot_320:/home/robotics/ros2_cobot/install/mycobot_280rdkx5_moveit2:/home/robotics/ros2_cobot/install/mycobot_280pi:/home/robotics/ros2_cobot/install/mycobot_280jn:/home/robotics/ros2_cobot/install/mycobot_280arduino_moveit2:/home/robotics/ros2_cobot/install/mycobot_280_x3pi:/home/robotics/ros2_cobot/install/mycobot_280_riscv:/home/robotics/ros2_cobot/install/mycobot_280_rdkx5:/home/robotics/ros2_cobot/install/mycobot_280_moveit2_control:/home/robotics/ros2_cobot/install/mycobot_280_moveit2:/home/robotics/ros2_cobot/install/mycobot_280_arduino:/home/robotics/ros2_cobot/install/mycobot_280:/home/robotics/ros2_cobot/install/mybuddy:/home/robotics/ros2_cobot/install/myarm_300:/home/robotics/ros2_cobot/install/mecharm_pi:/home/robotics/ros2_cobot/install/mecharm:/home/robotics/ros2_cobot/install/mecharm_interfaces:/opt/ros/humble PYTHONPATH=/home/robotics/ros2_cobot/build/myarm_300/prefix_override:/usr/lib/python3/dist-packages/colcon_core/task/python/colcon_distutils_commands:/home/robotics/ros2_cobot/install/myarm_300/lib/python3.10/site-packages:/home/robotics/ros2_cobot/install/mycobot_description/lib/python3.10/site-packages:/home/robotics/ros2_cobot/install/ultraarm/lib/python3.10/site-packages:/home/robotics/ros2_cobot/install/traj_scripts/local/lib/python3.10/dist-packages:/home/robotics/ros2_cobot/install/mypalletizer_communication/lib/python3.10/site-packages:/home/robotics/ros2_cobot/install/mypalletizer_interfaces/local/lib/python3.10/dist-packages:/home/robotics/ros2_cobot/install/mypalletizer_260_pi/lib/python3.10/site-packages:/home/robotics/ros2_cobot/install/mypalletizer_260/lib/python3.10/site-packages:/home/robotics/ros2_cobot/install/myarm_m750/lib/python3.10/site-packages:/home/robotics/ros2_cobot/install/myarm_c650/lib/python3.10/site-packages:/home/robotics/ros2_cobot/install/mycobot_communication/lib/python3.10/site-packages:/home/robotics/ros2_cobot/install/mecharm_communication/lib/python3.10/site-packages:/home/robotics/ros2_cobot/install/mycobot_interfaces/local/lib/python3.10/dist-packages:/home/robotics/ros2_cobot/install/mycobot_630/lib/python3.10/site-packages:/home/robotics/ros2_cobot/install/mycobot_600/lib/python3.10/site-packages:/home/robotics/ros2_cobot/install/mycobot_320pi/lib/python3.10/site-packages:/home/robotics/ros2_cobot/install/mycobot_320_riscv/lib/python3.10/site-packages:/home/robotics/ros2_cobot/install/mycobot_320/lib/python3.10/site-packages:/home/robotics/ros2_cobot/install/mycobot_280pi/lib/python3.10/site-packages:/home/robotics/ros2_cobot/install/mycobot_280jn/lib/python3.10/site-packages:/home/robotics/ros2_cobot/install/mycobot_280_x3pi/lib/python3.10/site-packages:/home/robotics/ros2_cobot/install/mycobot_280_riscv/lib/python3.10/site-packages:/home/robotics/ros2_cobot/install/mycobot_280_rdkx5/lib/python3.10/site-packages:/home/robotics/ros2_cobot/install/mycobot_280_moveit2_control/lib/python3.10/site-packages:/home/robotics/ros2_cobot/install/mycobot_280_arduino/lib/python3.10/site-packages:/home/robotics/ros2_cobot/install/mycobot_280/lib/python3.10/site-packages:/home/robotics/ros2_cobot/install/mybuddy/lib/python3.10/site-packages:/home/robotics/ros2_cobot/install/myarm_300/lib/python3.10/site-packages:/home/robotics/ros2_cobot/install/mecharm_pi/lib/python3.10/site-packages:/home/robotics/ros2_cobot/install/mecharm/lib/python3.10/site-packages:/home/robotics/ros2_cobot/install/mecharm_interfaces/local/lib/python3.10/dist-packages:/opt/ros/humble/lib/python3.10/site-packages:/opt/ros/humble/local/lib/python3.10/dist-packages /usr/bin/python3 -W ignore:setup.py install is deprecated -W ignore:easy_install command is deprecated setup.py egg_info --egg-base ../../../../build/myarm_300 build --build-base /home/robotics/ros2_cobot/build/myarm_300/build install --record /home/robotics/ros2_cobot/build/myarm_300/install.log --single-version-externally-managed install_data
[6.651s] Level 1:colcon.colcon_core.environment:checking '/home/robotics/ros2_cobot/install/myarm_300/lib'
[6.651s] Level 1:colcon.colcon_core.environment:checking '/home/robotics/ros2_cobot/install/myarm_300/bin'
[6.651s] Level 1:colcon.colcon_core.environment:checking '/home/robotics/ros2_cobot/install/myarm_300/lib/pkgconfig/myarm_300.pc'
[6.651s] Level 1:colcon.colcon_core.environment:checking '/home/robotics/ros2_cobot/install/myarm_300/lib/python3.10/site-packages'
[6.652s] Level 1:colcon.colcon_core.shell:create_environment_hook('myarm_300', 'pythonpath')
[6.652s] INFO:colcon.colcon_core.shell:Creating environment hook '/home/robotics/ros2_cobot/install/myarm_300/share/myarm_300/hook/pythonpath.ps1'
[6.653s] INFO:colcon.colcon_core.shell:Creating environment descriptor '/home/robotics/ros2_cobot/install/myarm_300/share/myarm_300/hook/pythonpath.dsv'
[6.654s] INFO:colcon.colcon_core.shell:Creating environment hook '/home/robotics/ros2_cobot/install/myarm_300/share/myarm_300/hook/pythonpath.sh'
[6.655s] Level 1:colcon.colcon_core.environment:checking '/home/robotics/ros2_cobot/install/myarm_300/bin'
[6.655s] Level 1:colcon.colcon_core.environment:create_environment_scripts_only(myarm_300)
[6.655s] INFO:colcon.colcon_core.shell:Creating package script '/home/robotics/ros2_cobot/install/myarm_300/share/myarm_300/package.ps1'
[6.656s] INFO:colcon.colcon_core.shell:Creating package descriptor '/home/robotics/ros2_cobot/install/myarm_300/share/myarm_300/package.dsv'
[6.656s] INFO:colcon.colcon_core.shell:Creating package script '/home/robotics/ros2_cobot/install/myarm_300/share/myarm_300/package.sh'
[6.656s] INFO:colcon.colcon_core.shell:Creating package script '/home/robotics/ros2_cobot/install/myarm_300/share/myarm_300/package.bash'
[6.657s] INFO:colcon.colcon_core.shell:Creating package script '/home/robotics/ros2_cobot/install/myarm_300/share/myarm_300/package.zsh'
[6.657s] Level 1:colcon.colcon_core.environment:create_file_with_runtime_dependencies(/home/robotics/ros2_cobot/install/myarm_300/share/colcon-core/packages/myarm_300)
[6.658s] Level 1:colcon.colcon_core.environment:checking '/home/robotics/ros2_cobot/install/mycobot_280_x3pi' for CMake module files
[6.659s] Level 1:colcon.colcon_core.environment:checking '/home/robotics/ros2_cobot/install/mycobot_280_x3pi' for CMake config files
[6.659s] DEBUG:colcon.colcon_core.event_handler.log_command:Invoked command in '/home/robotics/ros2_cobot/src/mycobot_ros2/mycobot_280/mycobot_280_x3pi' returned '0': AMENT_PREFIX_PATH=/home/robotics/ros2_cobot/install/mycobot_description:/home/robotics/ros2_cobot/install/ultraarm:/home/robotics/ros2_cobot/install/traj_scripts:/home/robotics/ros2_cobot/install/mypalletizer_communication:/home/robotics/ros2_cobot/install/mypalletizer_interfaces:/home/robotics/ros2_cobot/install/mypalletizer_260_pi:/home/robotics/ros2_cobot/install/mypalletizer_260:/home/robotics/ros2_cobot/install/myarm_m750:/home/robotics/ros2_cobot/install/myarm_c650:/home/robotics/ros2_cobot/install/mycobot_communication:/home/robotics/ros2_cobot/install/mecharm_communication:/home/robotics/ros2_cobot/install/mycobot_interfaces:/home/robotics/ros2_cobot/install/mycobot_630:/home/robotics/ros2_cobot/install/mycobot_600:/home/robotics/ros2_cobot/install/mycobot_320pi:/home/robotics/ros2_cobot/install/mycobot_320_riscv:/home/robotics/ros2_cobot/install/mycobot_320:/home/robotics/ros2_cobot/install/mycobot_280rdkx5_moveit2:/home/robotics/ros2_cobot/install/mycobot_280pi:/home/robotics/ros2_cobot/install/mycobot_280jn:/home/robotics/ros2_cobot/install/mycobot_280arduino_moveit2:/home/robotics/ros2_cobot/install/mycobot_280_x3pi:/home/robotics/ros2_cobot/install/mycobot_280_riscv:/home/robotics/ros2_cobot/install/mycobot_280_rdkx5:/home/robotics/ros2_cobot/install/mycobot_280_moveit2_control:/home/robotics/ros2_cobot/install/mycobot_280_moveit2:/home/robotics/ros2_cobot/install/mycobot_280_arduino:/home/robotics/ros2_cobot/install/mycobot_280:/home/robotics/ros2_cobot/install/mybuddy:/home/robotics/ros2_cobot/install/myarm_300:/home/robotics/ros2_cobot/install/mecharm_pi:/home/robotics/ros2_cobot/install/mecharm:/home/robotics/ros2_cobot/install/mecharm_interfaces:/opt/ros/humble PYTHONPATH=/home/robotics/ros2_cobot/build/mycobot_280_x3pi/prefix_override:/usr/lib/python3/dist-packages/colcon_core/task/python/colcon_distutils_commands:/home/robotics/ros2_cobot/install/mycobot_280_x3pi/lib/python3.10/site-packages:/home/robotics/ros2_cobot/install/mycobot_description/lib/python3.10/site-packages:/home/robotics/ros2_cobot/install/ultraarm/lib/python3.10/site-packages:/home/robotics/ros2_cobot/install/traj_scripts/local/lib/python3.10/dist-packages:/home/robotics/ros2_cobot/install/mypalletizer_communication/lib/python3.10/site-packages:/home/robotics/ros2_cobot/install/mypalletizer_interfaces/local/lib/python3.10/dist-packages:/home/robotics/ros2_cobot/install/mypalletizer_260_pi/lib/python3.10/site-packages:/home/robotics/ros2_cobot/install/mypalletizer_260/lib/python3.10/site-packages:/home/robotics/ros2_cobot/install/myarm_m750/lib/python3.10/site-packages:/home/robotics/ros2_cobot/install/myarm_c650/lib/python3.10/site-packages:/home/robotics/ros2_cobot/install/mycobot_communication/lib/python3.10/site-packages:/home/robotics/ros2_cobot/install/mecharm_communication/lib/python3.10/site-packages:/home/robotics/ros2_cobot/install/mycobot_interfaces/local/lib/python3.10/dist-packages:/home/robotics/ros2_cobot/install/mycobot_630/lib/python3.10/site-packages:/home/robotics/ros2_cobot/install/mycobot_600/lib/python3.10/site-packages:/home/robotics/ros2_cobot/install/mycobot_320pi/lib/python3.10/site-packages:/home/robotics/ros2_cobot/install/mycobot_320_riscv/lib/python3.10/site-packages:/home/robotics/ros2_cobot/install/mycobot_320/lib/python3.10/site-packages:/home/robotics/ros2_cobot/install/mycobot_280pi/lib/python3.10/site-packages:/home/robotics/ros2_cobot/install/mycobot_280jn/lib/python3.10/site-packages:/home/robotics/ros2_cobot/install/mycobot_280_x3pi/lib/python3.10/site-packages:/home/robotics/ros2_cobot/install/mycobot_280_riscv/lib/python3.10/site-packages:/home/robotics/ros2_cobot/install/mycobot_280_rdkx5/lib/python3.10/site-packages:/home/robotics/ros2_cobot/install/mycobot_280_moveit2_control/lib/python3.10/site-packages:/home/robotics/ros2_cobot/install/mycobot_280_arduino/lib/python3.10/site-packages:/home/robotics/ros2_cobot/install/mycobot_280/lib/python3.10/site-packages:/home/robotics/ros2_cobot/install/mybuddy/lib/python3.10/site-packages:/home/robotics/ros2_cobot/install/myarm_300/lib/python3.10/site-packages:/home/robotics/ros2_cobot/install/mecharm_pi/lib/python3.10/site-packages:/home/robotics/ros2_cobot/install/mecharm/lib/python3.10/site-packages:/home/robotics/ros2_cobot/install/mecharm_interfaces/local/lib/python3.10/dist-packages:/opt/ros/humble/lib/python3.10/site-packages:/opt/ros/humble/local/lib/python3.10/dist-packages /usr/bin/python3 -W ignore:setup.py install is deprecated -W ignore:easy_install command is deprecated setup.py egg_info --egg-base ../../../../build/mycobot_280_x3pi build --build-base /home/robotics/ros2_cobot/build/mycobot_280_x3pi/build install --record /home/robotics/ros2_cobot/build/mycobot_280_x3pi/install.log --single-version-externally-managed install_data
[6.660s] Level 1:colcon.colcon_core.environment:checking '/home/robotics/ros2_cobot/install/mycobot_280_x3pi/lib'
[6.660s] Level 1:colcon.colcon_core.environment:checking '/home/robotics/ros2_cobot/install/mycobot_280_x3pi/bin'
[6.660s] Level 1:colcon.colcon_core.environment:checking '/home/robotics/ros2_cobot/install/mycobot_280_x3pi/lib/pkgconfig/mycobot_280_x3pi.pc'
[6.661s] Level 1:colcon.colcon_core.environment:checking '/home/robotics/ros2_cobot/install/mycobot_280_x3pi/lib/python3.10/site-packages'
[6.661s] Level 1:colcon.colcon_core.shell:create_environment_hook('mycobot_280_x3pi', 'pythonpath')
[6.661s] INFO:colcon.colcon_core.shell:Creating environment hook '/home/robotics/ros2_cobot/install/mycobot_280_x3pi/share/mycobot_280_x3pi/hook/pythonpath.ps1'
[6.662s] INFO:colcon.colcon_core.shell:Creating environment descriptor '/home/robotics/ros2_cobot/install/mycobot_280_x3pi/share/mycobot_280_x3pi/hook/pythonpath.dsv'
[6.662s] INFO:colcon.colcon_core.shell:Creating environment hook '/home/robotics/ros2_cobot/install/mycobot_280_x3pi/share/mycobot_280_x3pi/hook/pythonpath.sh'
[6.663s] Level 1:colcon.colcon_core.environment:checking '/home/robotics/ros2_cobot/install/mycobot_280_x3pi/bin'
[6.663s] Level 1:colcon.colcon_core.environment:create_environment_scripts_only(mycobot_280_x3pi)
[6.663s] INFO:colcon.colcon_core.shell:Creating package script '/home/robotics/ros2_cobot/install/mycobot_280_x3pi/share/mycobot_280_x3pi/package.ps1'
[6.664s] INFO:colcon.colcon_core.shell:Creating package descriptor '/home/robotics/ros2_cobot/install/mycobot_280_x3pi/share/mycobot_280_x3pi/package.dsv'
[6.664s] INFO:colcon.colcon_core.shell:Creating package script '/home/robotics/ros2_cobot/install/mycobot_280_x3pi/share/mycobot_280_x3pi/package.sh'
[6.665s] INFO:colcon.colcon_core.shell:Creating package script '/home/robotics/ros2_cobot/install/mycobot_280_x3pi/share/mycobot_280_x3pi/package.bash'
[6.665s] INFO:colcon.colcon_core.shell:Creating package script '/home/robotics/ros2_cobot/install/mycobot_280_x3pi/share/mycobot_280_x3pi/package.zsh'
[6.666s] Level 1:colcon.colcon_core.environment:create_file_with_runtime_dependencies(/home/robotics/ros2_cobot/install/mycobot_280_x3pi/share/colcon-core/packages/mycobot_280_x3pi)
[6.667s] Level 1:colcon.colcon_core.environment:checking '/home/robotics/ros2_cobot/install/mybuddy' for CMake module files
[6.667s] Level 1:colcon.colcon_core.environment:checking '/home/robotics/ros2_cobot/install/mybuddy' for CMake config files
[6.669s] DEBUG:colcon.colcon_core.event_handler.log_command:Invoked command in '/home/robotics/ros2_cobot/src/mycobot_ros2/Mybuddy/mybuddy' returned '0': AMENT_PREFIX_PATH=/home/robotics/ros2_cobot/install/mycobot_description:/home/robotics/ros2_cobot/install/ultraarm:/home/robotics/ros2_cobot/install/traj_scripts:/home/robotics/ros2_cobot/install/mypalletizer_communication:/home/robotics/ros2_cobot/install/mypalletizer_interfaces:/home/robotics/ros2_cobot/install/mypalletizer_260_pi:/home/robotics/ros2_cobot/install/mypalletizer_260:/home/robotics/ros2_cobot/install/myarm_m750:/home/robotics/ros2_cobot/install/myarm_c650:/home/robotics/ros2_cobot/install/mycobot_communication:/home/robotics/ros2_cobot/install/mecharm_communication:/home/robotics/ros2_cobot/install/mycobot_interfaces:/home/robotics/ros2_cobot/install/mycobot_630:/home/robotics/ros2_cobot/install/mycobot_600:/home/robotics/ros2_cobot/install/mycobot_320pi:/home/robotics/ros2_cobot/install/mycobot_320_riscv:/home/robotics/ros2_cobot/install/mycobot_320:/home/robotics/ros2_cobot/install/mycobot_280rdkx5_moveit2:/home/robotics/ros2_cobot/install/mycobot_280pi:/home/robotics/ros2_cobot/install/mycobot_280jn:/home/robotics/ros2_cobot/install/mycobot_280arduino_moveit2:/home/robotics/ros2_cobot/install/mycobot_280_x3pi:/home/robotics/ros2_cobot/install/mycobot_280_riscv:/home/robotics/ros2_cobot/install/mycobot_280_rdkx5:/home/robotics/ros2_cobot/install/mycobot_280_moveit2_control:/home/robotics/ros2_cobot/install/mycobot_280_moveit2:/home/robotics/ros2_cobot/install/mycobot_280_arduino:/home/robotics/ros2_cobot/install/mycobot_280:/home/robotics/ros2_cobot/install/mybuddy:/home/robotics/ros2_cobot/install/myarm_300:/home/robotics/ros2_cobot/install/mecharm_pi:/home/robotics/ros2_cobot/install/mecharm:/home/robotics/ros2_cobot/install/mecharm_interfaces:/opt/ros/humble PYTHONPATH=/home/robotics/ros2_cobot/build/mybuddy/prefix_override:/usr/lib/python3/dist-packages/colcon_core/task/python/colcon_distutils_commands:/home/robotics/ros2_cobot/install/mybuddy/lib/python3.10/site-packages:/home/robotics/ros2_cobot/install/mycobot_description/lib/python3.10/site-packages:/home/robotics/ros2_cobot/install/ultraarm/lib/python3.10/site-packages:/home/robotics/ros2_cobot/install/traj_scripts/local/lib/python3.10/dist-packages:/home/robotics/ros2_cobot/install/mypalletizer_communication/lib/python3.10/site-packages:/home/robotics/ros2_cobot/install/mypalletizer_interfaces/local/lib/python3.10/dist-packages:/home/robotics/ros2_cobot/install/mypalletizer_260_pi/lib/python3.10/site-packages:/home/robotics/ros2_cobot/install/mypalletizer_260/lib/python3.10/site-packages:/home/robotics/ros2_cobot/install/myarm_m750/lib/python3.10/site-packages:/home/robotics/ros2_cobot/install/myarm_c650/lib/python3.10/site-packages:/home/robotics/ros2_cobot/install/mycobot_communication/lib/python3.10/site-packages:/home/robotics/ros2_cobot/install/mecharm_communication/lib/python3.10/site-packages:/home/robotics/ros2_cobot/install/mycobot_interfaces/local/lib/python3.10/dist-packages:/home/robotics/ros2_cobot/install/mycobot_630/lib/python3.10/site-packages:/home/robotics/ros2_cobot/install/mycobot_600/lib/python3.10/site-packages:/home/robotics/ros2_cobot/install/mycobot_320pi/lib/python3.10/site-packages:/home/robotics/ros2_cobot/install/mycobot_320_riscv/lib/python3.10/site-packages:/home/robotics/ros2_cobot/install/mycobot_320/lib/python3.10/site-packages:/home/robotics/ros2_cobot/install/mycobot_280pi/lib/python3.10/site-packages:/home/robotics/ros2_cobot/install/mycobot_280jn/lib/python3.10/site-packages:/home/robotics/ros2_cobot/install/mycobot_280_x3pi/lib/python3.10/site-packages:/home/robotics/ros2_cobot/install/mycobot_280_riscv/lib/python3.10/site-packages:/home/robotics/ros2_cobot/install/mycobot_280_rdkx5/lib/python3.10/site-packages:/home/robotics/ros2_cobot/install/mycobot_280_moveit2_control/lib/python3.10/site-packages:/home/robotics/ros2_cobot/install/mycobot_280_arduino/lib/python3.10/site-packages:/home/robotics/ros2_cobot/install/mycobot_280/lib/python3.10/site-packages:/home/robotics/ros2_cobot/install/mybuddy/lib/python3.10/site-packages:/home/robotics/ros2_cobot/install/myarm_300/lib/python3.10/site-packages:/home/robotics/ros2_cobot/install/mecharm_pi/lib/python3.10/site-packages:/home/robotics/ros2_cobot/install/mecharm/lib/python3.10/site-packages:/home/robotics/ros2_cobot/install/mecharm_interfaces/local/lib/python3.10/dist-packages:/opt/ros/humble/lib/python3.10/site-packages:/opt/ros/humble/local/lib/python3.10/dist-packages /usr/bin/python3 -W ignore:setup.py install is deprecated -W ignore:easy_install command is deprecated setup.py egg_info --egg-base ../../../../build/mybuddy build --build-base /home/robotics/ros2_cobot/build/mybuddy/build install --record /home/robotics/ros2_cobot/build/mybuddy/install.log --single-version-externally-managed install_data
[6.670s] Level 1:colcon.colcon_core.environment:checking '/home/robotics/ros2_cobot/install/mybuddy/lib'
[6.670s] Level 1:colcon.colcon_core.environment:checking '/home/robotics/ros2_cobot/install/mybuddy/bin'
[6.670s] Level 1:colcon.colcon_core.environment:checking '/home/robotics/ros2_cobot/install/mybuddy/lib/pkgconfig/mybuddy.pc'
[6.670s] Level 1:colcon.colcon_core.environment:checking '/home/robotics/ros2_cobot/install/mybuddy/lib/python3.10/site-packages'
[6.670s] Level 1:colcon.colcon_core.shell:create_environment_hook('mybuddy', 'pythonpath')
[6.670s] INFO:colcon.colcon_core.shell:Creating environment hook '/home/robotics/ros2_cobot/install/mybuddy/share/mybuddy/hook/pythonpath.ps1'
[6.671s] INFO:colcon.colcon_core.shell:Creating environment descriptor '/home/robotics/ros2_cobot/install/mybuddy/share/mybuddy/hook/pythonpath.dsv'
[6.672s] INFO:colcon.colcon_core.shell:Creating environment hook '/home/robotics/ros2_cobot/install/mybuddy/share/mybuddy/hook/pythonpath.sh'
[6.672s] Level 1:colcon.colcon_core.environment:checking '/home/robotics/ros2_cobot/install/mybuddy/bin'
[6.673s] Level 1:colcon.colcon_core.environment:create_environment_scripts_only(mybuddy)
[6.673s] INFO:colcon.colcon_core.shell:Creating package script '/home/robotics/ros2_cobot/install/mybuddy/share/mybuddy/package.ps1'
[6.674s] INFO:colcon.colcon_core.shell:Creating package descriptor '/home/robotics/ros2_cobot/install/mybuddy/share/mybuddy/package.dsv'
[6.674s] INFO:colcon.colcon_core.shell:Creating package script '/home/robotics/ros2_cobot/install/mybuddy/share/mybuddy/package.sh'
[6.675s] INFO:colcon.colcon_core.shell:Creating package script '/home/robotics/ros2_cobot/install/mybuddy/share/mybuddy/package.bash'
[6.676s] INFO:colcon.colcon_core.shell:Creating package script '/home/robotics/ros2_cobot/install/mybuddy/share/mybuddy/package.zsh'
[6.676s] Level 1:colcon.colcon_core.environment:create_file_with_runtime_dependencies(/home/robotics/ros2_cobot/install/mybuddy/share/colcon-core/packages/mybuddy)
[6.678s] Level 1:colcon.colcon_core.environment:checking '/home/robotics/ros2_cobot/install/mecharm' for CMake module files
[6.679s] Level 1:colcon.colcon_core.environment:checking '/home/robotics/ros2_cobot/install/mecharm' for CMake config files
[6.680s] DEBUG:colcon.colcon_core.event_handler.log_command:Invoked command in '/home/robotics/ros2_cobot/src/mycobot_ros2/mecharm/mecharm' returned '0': AMENT_PREFIX_PATH=/home/robotics/ros2_cobot/install/mycobot_description:/home/robotics/ros2_cobot/install/ultraarm:/home/robotics/ros2_cobot/install/traj_scripts:/home/robotics/ros2_cobot/install/mypalletizer_communication:/home/robotics/ros2_cobot/install/mypalletizer_interfaces:/home/robotics/ros2_cobot/install/mypalletizer_260_pi:/home/robotics/ros2_cobot/install/mypalletizer_260:/home/robotics/ros2_cobot/install/myarm_m750:/home/robotics/ros2_cobot/install/myarm_c650:/home/robotics/ros2_cobot/install/mycobot_communication:/home/robotics/ros2_cobot/install/mecharm_communication:/home/robotics/ros2_cobot/install/mycobot_interfaces:/home/robotics/ros2_cobot/install/mycobot_630:/home/robotics/ros2_cobot/install/mycobot_600:/home/robotics/ros2_cobot/install/mycobot_320pi:/home/robotics/ros2_cobot/install/mycobot_320_riscv:/home/robotics/ros2_cobot/install/mycobot_320:/home/robotics/ros2_cobot/install/mycobot_280rdkx5_moveit2:/home/robotics/ros2_cobot/install/mycobot_280pi:/home/robotics/ros2_cobot/install/mycobot_280jn:/home/robotics/ros2_cobot/install/mycobot_280arduino_moveit2:/home/robotics/ros2_cobot/install/mycobot_280_x3pi:/home/robotics/ros2_cobot/install/mycobot_280_riscv:/home/robotics/ros2_cobot/install/mycobot_280_rdkx5:/home/robotics/ros2_cobot/install/mycobot_280_moveit2_control:/home/robotics/ros2_cobot/install/mycobot_280_moveit2:/home/robotics/ros2_cobot/install/mycobot_280_arduino:/home/robotics/ros2_cobot/install/mycobot_280:/home/robotics/ros2_cobot/install/mybuddy:/home/robotics/ros2_cobot/install/myarm_300:/home/robotics/ros2_cobot/install/mecharm_pi:/home/robotics/ros2_cobot/install/mecharm:/home/robotics/ros2_cobot/install/mecharm_interfaces:/opt/ros/humble PYTHONPATH=/home/robotics/ros2_cobot/build/mecharm/prefix_override:/usr/lib/python3/dist-packages/colcon_core/task/python/colcon_distutils_commands:/home/robotics/ros2_cobot/install/mecharm/lib/python3.10/site-packages:/home/robotics/ros2_cobot/install/mycobot_description/lib/python3.10/site-packages:/home/robotics/ros2_cobot/install/ultraarm/lib/python3.10/site-packages:/home/robotics/ros2_cobot/install/traj_scripts/local/lib/python3.10/dist-packages:/home/robotics/ros2_cobot/install/mypalletizer_communication/lib/python3.10/site-packages:/home/robotics/ros2_cobot/install/mypalletizer_interfaces/local/lib/python3.10/dist-packages:/home/robotics/ros2_cobot/install/mypalletizer_260_pi/lib/python3.10/site-packages:/home/robotics/ros2_cobot/install/mypalletizer_260/lib/python3.10/site-packages:/home/robotics/ros2_cobot/install/myarm_m750/lib/python3.10/site-packages:/home/robotics/ros2_cobot/install/myarm_c650/lib/python3.10/site-packages:/home/robotics/ros2_cobot/install/mycobot_communication/lib/python3.10/site-packages:/home/robotics/ros2_cobot/install/mecharm_communication/lib/python3.10/site-packages:/home/robotics/ros2_cobot/install/mycobot_interfaces/local/lib/python3.10/dist-packages:/home/robotics/ros2_cobot/install/mycobot_630/lib/python3.10/site-packages:/home/robotics/ros2_cobot/install/mycobot_600/lib/python3.10/site-packages:/home/robotics/ros2_cobot/install/mycobot_320pi/lib/python3.10/site-packages:/home/robotics/ros2_cobot/install/mycobot_320_riscv/lib/python3.10/site-packages:/home/robotics/ros2_cobot/install/mycobot_320/lib/python3.10/site-packages:/home/robotics/ros2_cobot/install/mycobot_280pi/lib/python3.10/site-packages:/home/robotics/ros2_cobot/install/mycobot_280jn/lib/python3.10/site-packages:/home/robotics/ros2_cobot/install/mycobot_280_x3pi/lib/python3.10/site-packages:/home/robotics/ros2_cobot/install/mycobot_280_riscv/lib/python3.10/site-packages:/home/robotics/ros2_cobot/install/mycobot_280_rdkx5/lib/python3.10/site-packages:/home/robotics/ros2_cobot/install/mycobot_280_moveit2_control/lib/python3.10/site-packages:/home/robotics/ros2_cobot/install/mycobot_280_arduino/lib/python3.10/site-packages:/home/robotics/ros2_cobot/install/mycobot_280/lib/python3.10/site-packages:/home/robotics/ros2_cobot/install/mybuddy/lib/python3.10/site-packages:/home/robotics/ros2_cobot/install/myarm_300/lib/python3.10/site-packages:/home/robotics/ros2_cobot/install/mecharm_pi/lib/python3.10/site-packages:/home/robotics/ros2_cobot/install/mecharm/lib/python3.10/site-packages:/home/robotics/ros2_cobot/install/mecharm_interfaces/local/lib/python3.10/dist-packages:/opt/ros/humble/lib/python3.10/site-packages:/opt/ros/humble/local/lib/python3.10/dist-packages /usr/bin/python3 -W ignore:setup.py install is deprecated -W ignore:easy_install command is deprecated setup.py egg_info --egg-base ../../../../build/mecharm build --build-base /home/robotics/ros2_cobot/build/mecharm/build install --record /home/robotics/ros2_cobot/build/mecharm/install.log --single-version-externally-managed install_data
[6.681s] Level 1:colcon.colcon_core.environment:checking '/home/robotics/ros2_cobot/install/mecharm/lib'
[6.681s] Level 1:colcon.colcon_core.environment:checking '/home/robotics/ros2_cobot/install/mecharm/bin'
[6.681s] Level 1:colcon.colcon_core.environment:checking '/home/robotics/ros2_cobot/install/mecharm/lib/pkgconfig/mecharm.pc'
[6.682s] Level 1:colcon.colcon_core.environment:checking '/home/robotics/ros2_cobot/install/mecharm/lib/python3.10/site-packages'
[6.682s] Level 1:colcon.colcon_core.shell:create_environment_hook('mecharm', 'pythonpath')
[6.683s] INFO:colcon.colcon_core.shell:Creating environment hook '/home/robotics/ros2_cobot/install/mecharm/share/mecharm/hook/pythonpath.ps1'
[6.684s] INFO:colcon.colcon_core.shell:Creating environment descriptor '/home/robotics/ros2_cobot/install/mecharm/share/mecharm/hook/pythonpath.dsv'
[6.685s] INFO:colcon.colcon_core.shell:Creating environment hook '/home/robotics/ros2_cobot/install/mecharm/share/mecharm/hook/pythonpath.sh'
[6.687s] Level 1:colcon.colcon_core.environment:checking '/home/robotics/ros2_cobot/install/mecharm/bin'
[6.687s] Level 1:colcon.colcon_core.environment:create_environment_scripts_only(mecharm)
[6.687s] INFO:colcon.colcon_core.shell:Creating package script '/home/robotics/ros2_cobot/install/mecharm/share/mecharm/package.ps1'
[6.688s] INFO:colcon.colcon_core.shell:Creating package descriptor '/home/robotics/ros2_cobot/install/mecharm/share/mecharm/package.dsv'
[6.689s] INFO:colcon.colcon_core.shell:Creating package script '/home/robotics/ros2_cobot/install/mecharm/share/mecharm/package.sh'
[6.690s] INFO:colcon.colcon_core.shell:Creating package script '/home/robotics/ros2_cobot/install/mecharm/share/mecharm/package.bash'
[6.691s] INFO:colcon.colcon_core.shell:Creating package script '/home/robotics/ros2_cobot/install/mecharm/share/mecharm/package.zsh'
[6.691s] Level 1:colcon.colcon_core.environment:create_file_with_runtime_dependencies(/home/robotics/ros2_cobot/install/mecharm/share/colcon-core/packages/mecharm)
[6.692s] Level 1:colcon.colcon_core.environment:checking '/home/robotics/ros2_cobot/install/mycobot_280_riscv' for CMake module files
[6.693s] Level 1:colcon.colcon_core.environment:checking '/home/robotics/ros2_cobot/install/mycobot_280_riscv' for CMake config files
[6.693s] DEBUG:colcon.colcon_core.event_handler.log_command:Invoked command in '/home/robotics/ros2_cobot/src/mycobot_ros2/mycobot_280/mycobot_280_riscv' returned '0': AMENT_PREFIX_PATH=/home/robotics/ros2_cobot/install/mycobot_description:/home/robotics/ros2_cobot/install/ultraarm:/home/robotics/ros2_cobot/install/traj_scripts:/home/robotics/ros2_cobot/install/mypalletizer_communication:/home/robotics/ros2_cobot/install/mypalletizer_interfaces:/home/robotics/ros2_cobot/install/mypalletizer_260_pi:/home/robotics/ros2_cobot/install/mypalletizer_260:/home/robotics/ros2_cobot/install/myarm_m750:/home/robotics/ros2_cobot/install/myarm_c650:/home/robotics/ros2_cobot/install/mycobot_communication:/home/robotics/ros2_cobot/install/mecharm_communication:/home/robotics/ros2_cobot/install/mycobot_interfaces:/home/robotics/ros2_cobot/install/mycobot_630:/home/robotics/ros2_cobot/install/mycobot_600:/home/robotics/ros2_cobot/install/mycobot_320pi:/home/robotics/ros2_cobot/install/mycobot_320_riscv:/home/robotics/ros2_cobot/install/mycobot_320:/home/robotics/ros2_cobot/install/mycobot_280rdkx5_moveit2:/home/robotics/ros2_cobot/install/mycobot_280pi:/home/robotics/ros2_cobot/install/mycobot_280jn:/home/robotics/ros2_cobot/install/mycobot_280arduino_moveit2:/home/robotics/ros2_cobot/install/mycobot_280_x3pi:/home/robotics/ros2_cobot/install/mycobot_280_riscv:/home/robotics/ros2_cobot/install/mycobot_280_rdkx5:/home/robotics/ros2_cobot/install/mycobot_280_moveit2_control:/home/robotics/ros2_cobot/install/mycobot_280_moveit2:/home/robotics/ros2_cobot/install/mycobot_280_arduino:/home/robotics/ros2_cobot/install/mycobot_280:/home/robotics/ros2_cobot/install/mybuddy:/home/robotics/ros2_cobot/install/myarm_300:/home/robotics/ros2_cobot/install/mecharm_pi:/home/robotics/ros2_cobot/install/mecharm:/home/robotics/ros2_cobot/install/mecharm_interfaces:/opt/ros/humble PYTHONPATH=/home/robotics/ros2_cobot/build/mycobot_280_riscv/prefix_override:/usr/lib/python3/dist-packages/colcon_core/task/python/colcon_distutils_commands:/home/robotics/ros2_cobot/install/mycobot_280_riscv/lib/python3.10/site-packages:/home/robotics/ros2_cobot/install/mycobot_description/lib/python3.10/site-packages:/home/robotics/ros2_cobot/install/ultraarm/lib/python3.10/site-packages:/home/robotics/ros2_cobot/install/traj_scripts/local/lib/python3.10/dist-packages:/home/robotics/ros2_cobot/install/mypalletizer_communication/lib/python3.10/site-packages:/home/robotics/ros2_cobot/install/mypalletizer_interfaces/local/lib/python3.10/dist-packages:/home/robotics/ros2_cobot/install/mypalletizer_260_pi/lib/python3.10/site-packages:/home/robotics/ros2_cobot/install/mypalletizer_260/lib/python3.10/site-packages:/home/robotics/ros2_cobot/install/myarm_m750/lib/python3.10/site-packages:/home/robotics/ros2_cobot/install/myarm_c650/lib/python3.10/site-packages:/home/robotics/ros2_cobot/install/mycobot_communication/lib/python3.10/site-packages:/home/robotics/ros2_cobot/install/mecharm_communication/lib/python3.10/site-packages:/home/robotics/ros2_cobot/install/mycobot_interfaces/local/lib/python3.10/dist-packages:/home/robotics/ros2_cobot/install/mycobot_630/lib/python3.10/site-packages:/home/robotics/ros2_cobot/install/mycobot_600/lib/python3.10/site-packages:/home/robotics/ros2_cobot/install/mycobot_320pi/lib/python3.10/site-packages:/home/robotics/ros2_cobot/install/mycobot_320_riscv/lib/python3.10/site-packages:/home/robotics/ros2_cobot/install/mycobot_320/lib/python3.10/site-packages:/home/robotics/ros2_cobot/install/mycobot_280pi/lib/python3.10/site-packages:/home/robotics/ros2_cobot/install/mycobot_280jn/lib/python3.10/site-packages:/home/robotics/ros2_cobot/install/mycobot_280_x3pi/lib/python3.10/site-packages:/home/robotics/ros2_cobot/install/mycobot_280_riscv/lib/python3.10/site-packages:/home/robotics/ros2_cobot/install/mycobot_280_rdkx5/lib/python3.10/site-packages:/home/robotics/ros2_cobot/install/mycobot_280_moveit2_control/lib/python3.10/site-packages:/home/robotics/ros2_cobot/install/mycobot_280_arduino/lib/python3.10/site-packages:/home/robotics/ros2_cobot/install/mycobot_280/lib/python3.10/site-packages:/home/robotics/ros2_cobot/install/mybuddy/lib/python3.10/site-packages:/home/robotics/ros2_cobot/install/myarm_300/lib/python3.10/site-packages:/home/robotics/ros2_cobot/install/mecharm_pi/lib/python3.10/site-packages:/home/robotics/ros2_cobot/install/mecharm/lib/python3.10/site-packages:/home/robotics/ros2_cobot/install/mecharm_interfaces/local/lib/python3.10/dist-packages:/opt/ros/humble/lib/python3.10/site-packages:/opt/ros/humble/local/lib/python3.10/dist-packages /usr/bin/python3 -W ignore:setup.py install is deprecated -W ignore:easy_install command is deprecated setup.py egg_info --egg-base ../../../../build/mycobot_280_riscv build --build-base /home/robotics/ros2_cobot/build/mycobot_280_riscv/build install --record /home/robotics/ros2_cobot/build/mycobot_280_riscv/install.log --single-version-externally-managed install_data
[6.695s] Level 1:colcon.colcon_core.environment:checking '/home/robotics/ros2_cobot/install/mycobot_280_riscv/lib'
[6.695s] Level 1:colcon.colcon_core.environment:checking '/home/robotics/ros2_cobot/install/mycobot_280_riscv/bin'
[6.695s] Level 1:colcon.colcon_core.environment:checking '/home/robotics/ros2_cobot/install/mycobot_280_riscv/lib/pkgconfig/mycobot_280_riscv.pc'
[6.695s] Level 1:colcon.colcon_core.environment:checking '/home/robotics/ros2_cobot/install/mycobot_280_riscv/lib/python3.10/site-packages'
[6.695s] Level 1:colcon.colcon_core.shell:create_environment_hook('mycobot_280_riscv', 'pythonpath')
[6.696s] INFO:colcon.colcon_core.shell:Creating environment hook '/home/robotics/ros2_cobot/install/mycobot_280_riscv/share/mycobot_280_riscv/hook/pythonpath.ps1'
[6.697s] INFO:colcon.colcon_core.shell:Creating environment descriptor '/home/robotics/ros2_cobot/install/mycobot_280_riscv/share/mycobot_280_riscv/hook/pythonpath.dsv'
[6.698s] INFO:colcon.colcon_core.shell:Creating environment hook '/home/robotics/ros2_cobot/install/mycobot_280_riscv/share/mycobot_280_riscv/hook/pythonpath.sh'
[6.698s] Level 1:colcon.colcon_core.environment:checking '/home/robotics/ros2_cobot/install/mycobot_280_riscv/bin'
[6.698s] Level 1:colcon.colcon_core.environment:create_environment_scripts_only(mycobot_280_riscv)
[6.699s] INFO:colcon.colcon_core.shell:Creating package script '/home/robotics/ros2_cobot/install/mycobot_280_riscv/share/mycobot_280_riscv/package.ps1'
[6.700s] INFO:colcon.colcon_core.shell:Creating package descriptor '/home/robotics/ros2_cobot/install/mycobot_280_riscv/share/mycobot_280_riscv/package.dsv'
[6.701s] INFO:colcon.colcon_core.shell:Creating package script '/home/robotics/ros2_cobot/install/mycobot_280_riscv/share/mycobot_280_riscv/package.sh'
[6.702s] INFO:colcon.colcon_core.shell:Creating package script '/home/robotics/ros2_cobot/install/mycobot_280_riscv/share/mycobot_280_riscv/package.bash'
[6.703s] INFO:colcon.colcon_core.shell:Creating package script '/home/robotics/ros2_cobot/install/mycobot_280_riscv/share/mycobot_280_riscv/package.zsh'
[6.704s] Level 1:colcon.colcon_core.environment:create_file_with_runtime_dependencies(/home/robotics/ros2_cobot/install/mycobot_280_riscv/share/colcon-core/packages/mycobot_280_riscv)
[6.940s] INFO:colcon.colcon_core.task.python.build:Building Python package in '/home/robotics/ros2_cobot/src/mycobot_ros2/mycobot_320/mycobot_320pi'
[6.941s] INFO:colcon.colcon_core.shell:Skip shell extension 'powershell' for command environment: Not usable outside of PowerShell
[6.941s] DEBUG:colcon.colcon_core.shell:Skip shell extension 'dsv' for command environment
[6.946s] Level 1:colcon.colcon_core.environment:checking '/home/robotics/ros2_cobot/install/mecharm_pi' for CMake module files
[6.947s] DEBUG:colcon.colcon_core.event_handler.log_command:Invoked command in '/home/robotics/ros2_cobot/src/mycobot_ros2/mecharm/mecharm_pi' returned '0': AMENT_PREFIX_PATH=/home/robotics/ros2_cobot/install/mycobot_description:/home/robotics/ros2_cobot/install/ultraarm:/home/robotics/ros2_cobot/install/traj_scripts:/home/robotics/ros2_cobot/install/mypalletizer_communication:/home/robotics/ros2_cobot/install/mypalletizer_interfaces:/home/robotics/ros2_cobot/install/mypalletizer_260_pi:/home/robotics/ros2_cobot/install/mypalletizer_260:/home/robotics/ros2_cobot/install/myarm_m750:/home/robotics/ros2_cobot/install/myarm_c650:/home/robotics/ros2_cobot/install/mycobot_communication:/home/robotics/ros2_cobot/install/mecharm_communication:/home/robotics/ros2_cobot/install/mycobot_interfaces:/home/robotics/ros2_cobot/install/mycobot_630:/home/robotics/ros2_cobot/install/mycobot_600:/home/robotics/ros2_cobot/install/mycobot_320pi:/home/robotics/ros2_cobot/install/mycobot_320_riscv:/home/robotics/ros2_cobot/install/mycobot_320:/home/robotics/ros2_cobot/install/mycobot_280rdkx5_moveit2:/home/robotics/ros2_cobot/install/mycobot_280pi:/home/robotics/ros2_cobot/install/mycobot_280jn:/home/robotics/ros2_cobot/install/mycobot_280arduino_moveit2:/home/robotics/ros2_cobot/install/mycobot_280_x3pi:/home/robotics/ros2_cobot/install/mycobot_280_riscv:/home/robotics/ros2_cobot/install/mycobot_280_rdkx5:/home/robotics/ros2_cobot/install/mycobot_280_moveit2_control:/home/robotics/ros2_cobot/install/mycobot_280_moveit2:/home/robotics/ros2_cobot/install/mycobot_280_arduino:/home/robotics/ros2_cobot/install/mycobot_280:/home/robotics/ros2_cobot/install/mybuddy:/home/robotics/ros2_cobot/install/myarm_300:/home/robotics/ros2_cobot/install/mecharm_pi:/home/robotics/ros2_cobot/install/mecharm:/home/robotics/ros2_cobot/install/mecharm_interfaces:/opt/ros/humble PYTHONPATH=/home/robotics/ros2_cobot/build/mecharm_pi/prefix_override:/usr/lib/python3/dist-packages/colcon_core/task/python/colcon_distutils_commands:/home/robotics/ros2_cobot/install/mecharm_pi/lib/python3.10/site-packages:/home/robotics/ros2_cobot/install/mycobot_description/lib/python3.10/site-packages:/home/robotics/ros2_cobot/install/ultraarm/lib/python3.10/site-packages:/home/robotics/ros2_cobot/install/traj_scripts/local/lib/python3.10/dist-packages:/home/robotics/ros2_cobot/install/mypalletizer_communication/lib/python3.10/site-packages:/home/robotics/ros2_cobot/install/mypalletizer_interfaces/local/lib/python3.10/dist-packages:/home/robotics/ros2_cobot/install/mypalletizer_260_pi/lib/python3.10/site-packages:/home/robotics/ros2_cobot/install/mypalletizer_260/lib/python3.10/site-packages:/home/robotics/ros2_cobot/install/myarm_m750/lib/python3.10/site-packages:/home/robotics/ros2_cobot/install/myarm_c650/lib/python3.10/site-packages:/home/robotics/ros2_cobot/install/mycobot_communication/lib/python3.10/site-packages:/home/robotics/ros2_cobot/install/mecharm_communication/lib/python3.10/site-packages:/home/robotics/ros2_cobot/install/mycobot_interfaces/local/lib/python3.10/dist-packages:/home/robotics/ros2_cobot/install/mycobot_630/lib/python3.10/site-packages:/home/robotics/ros2_cobot/install/mycobot_600/lib/python3.10/site-packages:/home/robotics/ros2_cobot/install/mycobot_320pi/lib/python3.10/site-packages:/home/robotics/ros2_cobot/install/mycobot_320_riscv/lib/python3.10/site-packages:/home/robotics/ros2_cobot/install/mycobot_320/lib/python3.10/site-packages:/home/robotics/ros2_cobot/install/mycobot_280pi/lib/python3.10/site-packages:/home/robotics/ros2_cobot/install/mycobot_280jn/lib/python3.10/site-packages:/home/robotics/ros2_cobot/install/mycobot_280_x3pi/lib/python3.10/site-packages:/home/robotics/ros2_cobot/install/mycobot_280_riscv/lib/python3.10/site-packages:/home/robotics/ros2_cobot/install/mycobot_280_rdkx5/lib/python3.10/site-packages:/home/robotics/ros2_cobot/install/mycobot_280_moveit2_control/lib/python3.10/site-packages:/home/robotics/ros2_cobot/install/mycobot_280_arduino/lib/python3.10/site-packages:/home/robotics/ros2_cobot/install/mycobot_280/lib/python3.10/site-packages:/home/robotics/ros2_cobot/install/mybuddy/lib/python3.10/site-packages:/home/robotics/ros2_cobot/install/myarm_300/lib/python3.10/site-packages:/home/robotics/ros2_cobot/install/mecharm_pi/lib/python3.10/site-packages:/home/robotics/ros2_cobot/install/mecharm/lib/python3.10/site-packages:/home/robotics/ros2_cobot/install/mecharm_interfaces/local/lib/python3.10/dist-packages:/opt/ros/humble/lib/python3.10/site-packages:/opt/ros/humble/local/lib/python3.10/dist-packages /usr/bin/python3 -W ignore:setup.py install is deprecated -W ignore:easy_install command is deprecated setup.py egg_info --egg-base ../../../../build/mecharm_pi build --build-base /home/robotics/ros2_cobot/build/mecharm_pi/build install --record /home/robotics/ros2_cobot/build/mecharm_pi/install.log --single-version-externally-managed install_data
[6.948s] Level 1:colcon.colcon_core.environment:checking '/home/robotics/ros2_cobot/install/mecharm_pi' for CMake config files
[6.948s] Level 1:colcon.colcon_core.environment:checking '/home/robotics/ros2_cobot/install/mecharm_pi/lib'
[6.948s] Level 1:colcon.colcon_core.environment:checking '/home/robotics/ros2_cobot/install/mecharm_pi/bin'
[6.948s] Level 1:colcon.colcon_core.environment:checking '/home/robotics/ros2_cobot/install/mecharm_pi/lib/pkgconfig/mecharm_pi.pc'
[6.949s] Level 1:colcon.colcon_core.environment:checking '/home/robotics/ros2_cobot/install/mecharm_pi/lib/python3.10/site-packages'
[6.949s] Level 1:colcon.colcon_core.shell:create_environment_hook('mecharm_pi', 'pythonpath')
[6.949s] INFO:colcon.colcon_core.shell:Creating environment hook '/home/robotics/ros2_cobot/install/mecharm_pi/share/mecharm_pi/hook/pythonpath.ps1'
[6.950s] INFO:colcon.colcon_core.shell:Creating environment descriptor '/home/robotics/ros2_cobot/install/mecharm_pi/share/mecharm_pi/hook/pythonpath.dsv'
[6.950s] INFO:colcon.colcon_core.shell:Creating environment hook '/home/robotics/ros2_cobot/install/mecharm_pi/share/mecharm_pi/hook/pythonpath.sh'
[6.951s] Level 1:colcon.colcon_core.environment:checking '/home/robotics/ros2_cobot/install/mecharm_pi/bin'
[6.951s] Level 1:colcon.colcon_core.environment:create_environment_scripts_only(mecharm_pi)
[6.951s] INFO:colcon.colcon_core.shell:Creating package script '/home/robotics/ros2_cobot/install/mecharm_pi/share/mecharm_pi/package.ps1'
[6.952s] INFO:colcon.colcon_core.shell:Creating package descriptor '/home/robotics/ros2_cobot/install/mecharm_pi/share/mecharm_pi/package.dsv'
[6.952s] INFO:colcon.colcon_core.shell:Creating package script '/home/robotics/ros2_cobot/install/mecharm_pi/share/mecharm_pi/package.sh'
[6.953s] INFO:colcon.colcon_core.shell:Creating package script '/home/robotics/ros2_cobot/install/mecharm_pi/share/mecharm_pi/package.bash'
[6.954s] INFO:colcon.colcon_core.shell:Creating package script '/home/robotics/ros2_cobot/install/mecharm_pi/share/mecharm_pi/package.zsh'
[6.954s] Level 1:colcon.colcon_core.environment:create_file_with_runtime_dependencies(/home/robotics/ros2_cobot/install/mecharm_pi/share/colcon-core/packages/mecharm_pi)
[6.956s] Level 1:colcon.colcon_core.environment:checking '/home/robotics/ros2_cobot/install/mycobot_280_moveit2_control' for CMake module files
[6.957s] Level 1:colcon.colcon_core.environment:checking '/home/robotics/ros2_cobot/install/mycobot_280_moveit2_control' for CMake config files
[6.957s] DEBUG:colcon.colcon_core.event_handler.log_command:Invoked command in '/home/robotics/ros2_cobot/src/mycobot_ros2/mycobot_280/mycobot_280_moveit2_control' returned '0': AMENT_PREFIX_PATH=/home/robotics/ros2_cobot/install/mycobot_description:/home/robotics/ros2_cobot/install/ultraarm:/home/robotics/ros2_cobot/install/traj_scripts:/home/robotics/ros2_cobot/install/mypalletizer_communication:/home/robotics/ros2_cobot/install/mypalletizer_interfaces:/home/robotics/ros2_cobot/install/mypalletizer_260_pi:/home/robotics/ros2_cobot/install/mypalletizer_260:/home/robotics/ros2_cobot/install/myarm_m750:/home/robotics/ros2_cobot/install/myarm_c650:/home/robotics/ros2_cobot/install/mycobot_communication:/home/robotics/ros2_cobot/install/mecharm_communication:/home/robotics/ros2_cobot/install/mycobot_interfaces:/home/robotics/ros2_cobot/install/mycobot_630:/home/robotics/ros2_cobot/install/mycobot_600:/home/robotics/ros2_cobot/install/mycobot_320pi:/home/robotics/ros2_cobot/install/mycobot_320_riscv:/home/robotics/ros2_cobot/install/mycobot_320:/home/robotics/ros2_cobot/install/mycobot_280rdkx5_moveit2:/home/robotics/ros2_cobot/install/mycobot_280pi:/home/robotics/ros2_cobot/install/mycobot_280jn:/home/robotics/ros2_cobot/install/mycobot_280arduino_moveit2:/home/robotics/ros2_cobot/install/mycobot_280_x3pi:/home/robotics/ros2_cobot/install/mycobot_280_riscv:/home/robotics/ros2_cobot/install/mycobot_280_rdkx5:/home/robotics/ros2_cobot/install/mycobot_280_moveit2_control:/home/robotics/ros2_cobot/install/mycobot_280_moveit2:/home/robotics/ros2_cobot/install/mycobot_280_arduino:/home/robotics/ros2_cobot/install/mycobot_280:/home/robotics/ros2_cobot/install/mybuddy:/home/robotics/ros2_cobot/install/myarm_300:/home/robotics/ros2_cobot/install/mecharm_pi:/home/robotics/ros2_cobot/install/mecharm:/home/robotics/ros2_cobot/install/mecharm_interfaces:/opt/ros/humble PYTHONPATH=/home/robotics/ros2_cobot/build/mycobot_280_moveit2_control/prefix_override:/usr/lib/python3/dist-packages/colcon_core/task/python/colcon_distutils_commands:/home/robotics/ros2_cobot/install/mycobot_280_moveit2_control/lib/python3.10/site-packages:/home/robotics/ros2_cobot/install/mycobot_description/lib/python3.10/site-packages:/home/robotics/ros2_cobot/install/ultraarm/lib/python3.10/site-packages:/home/robotics/ros2_cobot/install/traj_scripts/local/lib/python3.10/dist-packages:/home/robotics/ros2_cobot/install/mypalletizer_communication/lib/python3.10/site-packages:/home/robotics/ros2_cobot/install/mypalletizer_interfaces/local/lib/python3.10/dist-packages:/home/robotics/ros2_cobot/install/mypalletizer_260_pi/lib/python3.10/site-packages:/home/robotics/ros2_cobot/install/mypalletizer_260/lib/python3.10/site-packages:/home/robotics/ros2_cobot/install/myarm_m750/lib/python3.10/site-packages:/home/robotics/ros2_cobot/install/myarm_c650/lib/python3.10/site-packages:/home/robotics/ros2_cobot/install/mycobot_communication/lib/python3.10/site-packages:/home/robotics/ros2_cobot/install/mecharm_communication/lib/python3.10/site-packages:/home/robotics/ros2_cobot/install/mycobot_interfaces/local/lib/python3.10/dist-packages:/home/robotics/ros2_cobot/install/mycobot_630/lib/python3.10/site-packages:/home/robotics/ros2_cobot/install/mycobot_600/lib/python3.10/site-packages:/home/robotics/ros2_cobot/install/mycobot_320pi/lib/python3.10/site-packages:/home/robotics/ros2_cobot/install/mycobot_320_riscv/lib/python3.10/site-packages:/home/robotics/ros2_cobot/install/mycobot_320/lib/python3.10/site-packages:/home/robotics/ros2_cobot/install/mycobot_280pi/lib/python3.10/site-packages:/home/robotics/ros2_cobot/install/mycobot_280jn/lib/python3.10/site-packages:/home/robotics/ros2_cobot/install/mycobot_280_x3pi/lib/python3.10/site-packages:/home/robotics/ros2_cobot/install/mycobot_280_riscv/lib/python3.10/site-packages:/home/robotics/ros2_cobot/install/mycobot_280_rdkx5/lib/python3.10/site-packages:/home/robotics/ros2_cobot/install/mycobot_280_moveit2_control/lib/python3.10/site-packages:/home/robotics/ros2_cobot/install/mycobot_280_arduino/lib/python3.10/site-packages:/home/robotics/ros2_cobot/install/mycobot_280/lib/python3.10/site-packages:/home/robotics/ros2_cobot/install/mybuddy/lib/python3.10/site-packages:/home/robotics/ros2_cobot/install/myarm_300/lib/python3.10/site-packages:/home/robotics/ros2_cobot/install/mecharm_pi/lib/python3.10/site-packages:/home/robotics/ros2_cobot/install/mecharm/lib/python3.10/site-packages:/home/robotics/ros2_cobot/install/mecharm_interfaces/local/lib/python3.10/dist-packages:/opt/ros/humble/lib/python3.10/site-packages:/opt/ros/humble/local/lib/python3.10/dist-packages /usr/bin/python3 -W ignore:setup.py install is deprecated -W ignore:easy_install command is deprecated setup.py egg_info --egg-base ../../../../build/mycobot_280_moveit2_control build --build-base /home/robotics/ros2_cobot/build/mycobot_280_moveit2_control/build install --record /home/robotics/ros2_cobot/build/mycobot_280_moveit2_control/install.log --single-version-externally-managed install_data
[6.958s] Level 1:colcon.colcon_core.environment:checking '/home/robotics/ros2_cobot/install/mycobot_280_moveit2_control/lib'
[6.958s] Level 1:colcon.colcon_core.environment:checking '/home/robotics/ros2_cobot/install/mycobot_280_moveit2_control/bin'
[6.958s] Level 1:colcon.colcon_core.environment:checking '/home/robotics/ros2_cobot/install/mycobot_280_moveit2_control/lib/pkgconfig/mycobot_280_moveit2_control.pc'
[6.958s] Level 1:colcon.colcon_core.environment:checking '/home/robotics/ros2_cobot/install/mycobot_280_moveit2_control/lib/python3.10/site-packages'
[6.958s] Level 1:colcon.colcon_core.shell:create_environment_hook('mycobot_280_moveit2_control', 'pythonpath')
[6.958s] INFO:colcon.colcon_core.shell:Creating environment hook '/home/robotics/ros2_cobot/install/mycobot_280_moveit2_control/share/mycobot_280_moveit2_control/hook/pythonpath.ps1'
[6.959s] INFO:colcon.colcon_core.shell:Creating environment descriptor '/home/robotics/ros2_cobot/install/mycobot_280_moveit2_control/share/mycobot_280_moveit2_control/hook/pythonpath.dsv'
[6.959s] INFO:colcon.colcon_core.shell:Creating environment hook '/home/robotics/ros2_cobot/install/mycobot_280_moveit2_control/share/mycobot_280_moveit2_control/hook/pythonpath.sh'
[6.960s] Level 1:colcon.colcon_core.environment:checking '/home/robotics/ros2_cobot/install/mycobot_280_moveit2_control/bin'
[6.960s] Level 1:colcon.colcon_core.environment:create_environment_scripts_only(mycobot_280_moveit2_control)
[6.960s] INFO:colcon.colcon_core.shell:Creating package script '/home/robotics/ros2_cobot/install/mycobot_280_moveit2_control/share/mycobot_280_moveit2_control/package.ps1'
[6.961s] INFO:colcon.colcon_core.shell:Creating package descriptor '/home/robotics/ros2_cobot/install/mycobot_280_moveit2_control/share/mycobot_280_moveit2_control/package.dsv'
[6.961s] INFO:colcon.colcon_core.shell:Creating package script '/home/robotics/ros2_cobot/install/mycobot_280_moveit2_control/share/mycobot_280_moveit2_control/package.sh'
[6.961s] INFO:colcon.colcon_core.shell:Creating package script '/home/robotics/ros2_cobot/install/mycobot_280_moveit2_control/share/mycobot_280_moveit2_control/package.bash'
[6.962s] INFO:colcon.colcon_core.shell:Creating package script '/home/robotics/ros2_cobot/install/mycobot_280_moveit2_control/share/mycobot_280_moveit2_control/package.zsh'
[6.962s] Level 1:colcon.colcon_core.environment:create_file_with_runtime_dependencies(/home/robotics/ros2_cobot/install/mycobot_280_moveit2_control/share/colcon-core/packages/mycobot_280_moveit2_control)
[6.962s] INFO:colcon.colcon_ros.task.ament_python.build:Building ROS package in '/home/robotics/ros2_cobot/src/mycobot_ros2/mycobot_pro/mycobot_600' with build type 'ament_python'
[6.962s] Level 1:colcon.colcon_core.shell:create_environment_hook('mycobot_600', 'ament_prefix_path')
[6.963s] INFO:colcon.colcon_core.shell:Creating environment hook '/home/robotics/ros2_cobot/install/mycobot_600/share/mycobot_600/hook/ament_prefix_path.ps1'
[6.963s] INFO:colcon.colcon_core.shell:Creating environment descriptor '/home/robotics/ros2_cobot/install/mycobot_600/share/mycobot_600/hook/ament_prefix_path.dsv'
[6.964s] INFO:colcon.colcon_core.shell:Creating environment hook '/home/robotics/ros2_cobot/install/mycobot_600/share/mycobot_600/hook/ament_prefix_path.sh'
[6.964s] INFO:colcon.colcon_core.shell:Skip shell extension 'powershell' for command environment: Not usable outside of PowerShell
[6.964s] DEBUG:colcon.colcon_core.shell:Skip shell extension 'dsv' for command environment
[6.971s] INFO:colcon.colcon_ros.task.ament_python.build:Building ROS package in '/home/robotics/ros2_cobot/src/mycobot_ros2/mycobot_pro/mycobot_630' with build type 'ament_python'
[6.971s] Level 1:colcon.colcon_core.shell:create_environment_hook('mycobot_630', 'ament_prefix_path')
[6.972s] INFO:colcon.colcon_core.shell:Creating environment hook '/home/robotics/ros2_cobot/install/mycobot_630/share/mycobot_630/hook/ament_prefix_path.ps1'
[6.973s] INFO:colcon.colcon_core.shell:Creating environment descriptor '/home/robotics/ros2_cobot/install/mycobot_630/share/mycobot_630/hook/ament_prefix_path.dsv'
[6.973s] INFO:colcon.colcon_core.shell:Creating environment hook '/home/robotics/ros2_cobot/install/mycobot_630/share/mycobot_630/hook/ament_prefix_path.sh'
[6.974s] INFO:colcon.colcon_core.shell:Skip shell extension 'powershell' for command environment: Not usable outside of PowerShell
[6.974s] DEBUG:colcon.colcon_core.shell:Skip shell extension 'dsv' for command environment
[6.980s] INFO:colcon.colcon_ros.task.ament_python.build:Building ROS package in '/home/robotics/ros2_cobot/src/mycobot_ros2/mypalletizer_260/mypalletizer_260' with build type 'ament_python'
[6.980s] Level 1:colcon.colcon_core.shell:create_environment_hook('mypalletizer_260', 'ament_prefix_path')
[6.980s] INFO:colcon.colcon_core.shell:Creating environment hook '/home/robotics/ros2_cobot/install/mypalletizer_260/share/mypalletizer_260/hook/ament_prefix_path.ps1'
[6.981s] INFO:colcon.colcon_core.shell:Creating environment descriptor '/home/robotics/ros2_cobot/install/mypalletizer_260/share/mypalletizer_260/hook/ament_prefix_path.dsv'
[6.981s] INFO:colcon.colcon_core.shell:Creating environment hook '/home/robotics/ros2_cobot/install/mypalletizer_260/share/mypalletizer_260/hook/ament_prefix_path.sh'
[6.982s] INFO:colcon.colcon_core.shell:Skip shell extension 'powershell' for command environment: Not usable outside of PowerShell
[6.982s] DEBUG:colcon.colcon_core.shell:Skip shell extension 'dsv' for command environment
[6.989s] INFO:colcon.colcon_ros.task.ament_python.build:Building ROS package in '/home/robotics/ros2_cobot/src/mycobot_ros2/mypalletizer_260/mypalletizer_260_pi' with build type 'ament_python'
[6.989s] Level 1:colcon.colcon_core.shell:create_environment_hook('mypalletizer_260_pi', 'ament_prefix_path')
[6.989s] INFO:colcon.colcon_core.shell:Creating environment hook '/home/robotics/ros2_cobot/install/mypalletizer_260_pi/share/mypalletizer_260_pi/hook/ament_prefix_path.ps1'
[6.990s] INFO:colcon.colcon_core.shell:Creating environment descriptor '/home/robotics/ros2_cobot/install/mypalletizer_260_pi/share/mypalletizer_260_pi/hook/ament_prefix_path.dsv'
[6.991s] INFO:colcon.colcon_core.shell:Creating environment hook '/home/robotics/ros2_cobot/install/mypalletizer_260_pi/share/mypalletizer_260_pi/hook/ament_prefix_path.sh'
[6.992s] INFO:colcon.colcon_core.shell:Skip shell extension 'powershell' for command environment: Not usable outside of PowerShell
[6.992s] DEBUG:colcon.colcon_core.shell:Skip shell extension 'dsv' for command environment
[6.999s] INFO:colcon.colcon_ros.task.ament_python.build:Building ROS package in '/home/robotics/ros2_cobot/src/mycobot_ros2/ultraArm/ultraarm' with build type 'ament_python'
[6.999s] Level 1:colcon.colcon_core.shell:create_environment_hook('ultraarm', 'ament_prefix_path')
[6.999s] INFO:colcon.colcon_core.shell:Creating environment hook '/home/robotics/ros2_cobot/install/ultraarm/share/ultraarm/hook/ament_prefix_path.ps1'
[7.000s] INFO:colcon.colcon_core.shell:Creating environment descriptor '/home/robotics/ros2_cobot/install/ultraarm/share/ultraarm/hook/ament_prefix_path.dsv'
[7.000s] INFO:colcon.colcon_core.shell:Creating environment hook '/home/robotics/ros2_cobot/install/ultraarm/share/ultraarm/hook/ament_prefix_path.sh'
[7.001s] INFO:colcon.colcon_core.shell:Skip shell extension 'powershell' for command environment: Not usable outside of PowerShell
[7.001s] DEBUG:colcon.colcon_core.shell:Skip shell extension 'dsv' for command environment
[7.008s] INFO:colcon.colcon_ros.task.ament_python.build:Building ROS package in '/home/robotics/ros2_cobot/src/mycobot_ros2/myArm/myarm_c650' with build type 'ament_python'
[7.008s] Level 1:colcon.colcon_core.shell:create_environment_hook('myarm_c650', 'ament_prefix_path')
[7.008s] INFO:colcon.colcon_core.shell:Creating environment hook '/home/robotics/ros2_cobot/install/myarm_c650/share/myarm_c650/hook/ament_prefix_path.ps1'
[7.009s] INFO:colcon.colcon_core.shell:Creating environment descriptor '/home/robotics/ros2_cobot/install/myarm_c650/share/myarm_c650/hook/ament_prefix_path.dsv'
[7.009s] INFO:colcon.colcon_core.shell:Creating environment hook '/home/robotics/ros2_cobot/install/myarm_c650/share/myarm_c650/hook/ament_prefix_path.sh'
[7.010s] INFO:colcon.colcon_core.shell:Skip shell extension 'powershell' for command environment: Not usable outside of PowerShell
[7.010s] DEBUG:colcon.colcon_core.shell:Skip shell extension 'dsv' for command environment
[7.015s] INFO:colcon.colcon_ros.task.ament_python.build:Building ROS package in '/home/robotics/ros2_cobot/src/mycobot_ros2/myArm/myarm_m750' with build type 'ament_python'
[7.016s] Level 1:colcon.colcon_core.shell:create_environment_hook('myarm_m750', 'ament_prefix_path')
[7.016s] INFO:colcon.colcon_core.shell:Creating environment hook '/home/robotics/ros2_cobot/install/myarm_m750/share/myarm_m750/hook/ament_prefix_path.ps1'
[7.016s] INFO:colcon.colcon_core.shell:Creating environment descriptor '/home/robotics/ros2_cobot/install/myarm_m750/share/myarm_m750/hook/ament_prefix_path.dsv'
[7.017s] INFO:colcon.colcon_core.shell:Creating environment hook '/home/robotics/ros2_cobot/install/myarm_m750/share/myarm_m750/hook/ament_prefix_path.sh'
[7.017s] INFO:colcon.colcon_core.shell:Skip shell extension 'powershell' for command environment: Not usable outside of PowerShell
[7.017s] DEBUG:colcon.colcon_core.shell:Skip shell extension 'dsv' for command environment
[7.026s] INFO:colcon.colcon_ros.task.ament_python.build:Building ROS package in '/home/robotics/ros2_cobot/src/mycobot_ros2/mycobot_280/mycobot_280_rdkx5' with build type 'ament_python'
[7.027s] Level 1:colcon.colcon_core.shell:create_environment_hook('mycobot_280_rdkx5', 'ament_prefix_path')
[7.027s] INFO:colcon.colcon_core.shell:Creating environment hook '/home/robotics/ros2_cobot/install/mycobot_280_rdkx5/share/mycobot_280_rdkx5/hook/ament_prefix_path.ps1'
[7.028s] INFO:colcon.colcon_core.shell:Creating environment descriptor '/home/robotics/ros2_cobot/install/mycobot_280_rdkx5/share/mycobot_280_rdkx5/hook/ament_prefix_path.dsv'
[7.028s] INFO:colcon.colcon_core.shell:Creating environment hook '/home/robotics/ros2_cobot/install/mycobot_280_rdkx5/share/mycobot_280_rdkx5/hook/ament_prefix_path.sh'
[7.029s] INFO:colcon.colcon_core.shell:Skip shell extension 'powershell' for command environment: Not usable outside of PowerShell
[7.029s] DEBUG:colcon.colcon_core.shell:Skip shell extension 'dsv' for command environment
[7.036s] Level 1:colcon.colcon_core.environment:checking '/home/robotics/ros2_cobot/install/mycobot_280' for CMake module files
[7.037s] Level 1:colcon.colcon_core.environment:checking '/home/robotics/ros2_cobot/install/mycobot_280' for CMake config files
[7.038s] DEBUG:colcon.colcon_core.event_handler.log_command:Invoking command in '/home/robotics/ros2_cobot/src/mycobot_ros2/mycobot_280/mycobot_280pi': AMENT_PREFIX_PATH=/home/robotics/ros2_cobot/install/mycobot_description:/home/robotics/ros2_cobot/install/ultraarm:/home/robotics/ros2_cobot/install/traj_scripts:/home/robotics/ros2_cobot/install/mypalletizer_communication:/home/robotics/ros2_cobot/install/mypalletizer_interfaces:/home/robotics/ros2_cobot/install/mypalletizer_260_pi:/home/robotics/ros2_cobot/install/mypalletizer_260:/home/robotics/ros2_cobot/install/myarm_m750:/home/robotics/ros2_cobot/install/myarm_c650:/home/robotics/ros2_cobot/install/mycobot_communication:/home/robotics/ros2_cobot/install/mecharm_communication:/home/robotics/ros2_cobot/install/mycobot_interfaces:/home/robotics/ros2_cobot/install/mycobot_630:/home/robotics/ros2_cobot/install/mycobot_600:/home/robotics/ros2_cobot/install/mycobot_320pi:/home/robotics/ros2_cobot/install/mycobot_320_riscv:/home/robotics/ros2_cobot/install/mycobot_320:/home/robotics/ros2_cobot/install/mycobot_280rdkx5_moveit2:/home/robotics/ros2_cobot/install/mycobot_280pi:/home/robotics/ros2_cobot/install/mycobot_280jn:/home/robotics/ros2_cobot/install/mycobot_280arduino_moveit2:/home/robotics/ros2_cobot/install/mycobot_280_x3pi:/home/robotics/ros2_cobot/install/mycobot_280_riscv:/home/robotics/ros2_cobot/install/mycobot_280_rdkx5:/home/robotics/ros2_cobot/install/mycobot_280_moveit2_control:/home/robotics/ros2_cobot/install/mycobot_280_moveit2:/home/robotics/ros2_cobot/install/mycobot_280_arduino:/home/robotics/ros2_cobot/install/mycobot_280:/home/robotics/ros2_cobot/install/mybuddy:/home/robotics/ros2_cobot/install/myarm_300:/home/robotics/ros2_cobot/install/mecharm_pi:/home/robotics/ros2_cobot/install/mecharm:/home/robotics/ros2_cobot/install/mecharm_interfaces:/opt/ros/humble PYTHONPATH=/home/robotics/ros2_cobot/build/mycobot_280pi/prefix_override:/usr/lib/python3/dist-packages/colcon_core/task/python/colcon_distutils_commands:/home/robotics/ros2_cobot/install/mycobot_280pi/lib/python3.10/site-packages:/home/robotics/ros2_cobot/install/mycobot_description/lib/python3.10/site-packages:/home/robotics/ros2_cobot/install/ultraarm/lib/python3.10/site-packages:/home/robotics/ros2_cobot/install/traj_scripts/local/lib/python3.10/dist-packages:/home/robotics/ros2_cobot/install/mypalletizer_communication/lib/python3.10/site-packages:/home/robotics/ros2_cobot/install/mypalletizer_interfaces/local/lib/python3.10/dist-packages:/home/robotics/ros2_cobot/install/mypalletizer_260_pi/lib/python3.10/site-packages:/home/robotics/ros2_cobot/install/mypalletizer_260/lib/python3.10/site-packages:/home/robotics/ros2_cobot/install/myarm_m750/lib/python3.10/site-packages:/home/robotics/ros2_cobot/install/myarm_c650/lib/python3.10/site-packages:/home/robotics/ros2_cobot/install/mycobot_communication/lib/python3.10/site-packages:/home/robotics/ros2_cobot/install/mecharm_communication/lib/python3.10/site-packages:/home/robotics/ros2_cobot/install/mycobot_interfaces/local/lib/python3.10/dist-packages:/home/robotics/ros2_cobot/install/mycobot_630/lib/python3.10/site-packages:/home/robotics/ros2_cobot/install/mycobot_600/lib/python3.10/site-packages:/home/robotics/ros2_cobot/install/mycobot_320pi/lib/python3.10/site-packages:/home/robotics/ros2_cobot/install/mycobot_320_riscv/lib/python3.10/site-packages:/home/robotics/ros2_cobot/install/mycobot_320/lib/python3.10/site-packages:/home/robotics/ros2_cobot/install/mycobot_280pi/lib/python3.10/site-packages:/home/robotics/ros2_cobot/install/mycobot_280jn/lib/python3.10/site-packages:/home/robotics/ros2_cobot/install/mycobot_280_x3pi/lib/python3.10/site-packages:/home/robotics/ros2_cobot/install/mycobot_280_riscv/lib/python3.10/site-packages:/home/robotics/ros2_cobot/install/mycobot_280_rdkx5/lib/python3.10/site-packages:/home/robotics/ros2_cobot/install/mycobot_280_moveit2_control/lib/python3.10/site-packages:/home/robotics/ros2_cobot/install/mycobot_280_arduino/lib/python3.10/site-packages:/home/robotics/ros2_cobot/install/mycobot_280/lib/python3.10/site-packages:/home/robotics/ros2_cobot/install/mybuddy/lib/python3.10/site-packages:/home/robotics/ros2_cobot/install/myarm_300/lib/python3.10/site-packages:/home/robotics/ros2_cobot/install/mecharm_pi/lib/python3.10/site-packages:/home/robotics/ros2_cobot/install/mecharm/lib/python3.10/site-packages:/home/robotics/ros2_cobot/install/mecharm_interfaces/local/lib/python3.10/dist-packages:/opt/ros/humble/lib/python3.10/site-packages:/opt/ros/humble/local/lib/python3.10/dist-packages /usr/bin/python3 -W ignore:setup.py install is deprecated -W ignore:easy_install command is deprecated setup.py egg_info --egg-base ../../../../build/mycobot_280pi build --build-base /home/robotics/ros2_cobot/build/mycobot_280pi/build install --record /home/robotics/ros2_cobot/build/mycobot_280pi/install.log --single-version-externally-managed install_data
[7.039s] DEBUG:colcon.colcon_core.event_handler.log_command:Invoked command in '/home/robotics/ros2_cobot/src/mycobot_ros2/mycobot_280/mycobot_280' returned '0': AMENT_PREFIX_PATH=/home/robotics/ros2_cobot/install/mycobot_description:/home/robotics/ros2_cobot/install/ultraarm:/home/robotics/ros2_cobot/install/traj_scripts:/home/robotics/ros2_cobot/install/mypalletizer_communication:/home/robotics/ros2_cobot/install/mypalletizer_interfaces:/home/robotics/ros2_cobot/install/mypalletizer_260_pi:/home/robotics/ros2_cobot/install/mypalletizer_260:/home/robotics/ros2_cobot/install/myarm_m750:/home/robotics/ros2_cobot/install/myarm_c650:/home/robotics/ros2_cobot/install/mycobot_communication:/home/robotics/ros2_cobot/install/mecharm_communication:/home/robotics/ros2_cobot/install/mycobot_interfaces:/home/robotics/ros2_cobot/install/mycobot_630:/home/robotics/ros2_cobot/install/mycobot_600:/home/robotics/ros2_cobot/install/mycobot_320pi:/home/robotics/ros2_cobot/install/mycobot_320_riscv:/home/robotics/ros2_cobot/install/mycobot_320:/home/robotics/ros2_cobot/install/mycobot_280rdkx5_moveit2:/home/robotics/ros2_cobot/install/mycobot_280pi:/home/robotics/ros2_cobot/install/mycobot_280jn:/home/robotics/ros2_cobot/install/mycobot_280arduino_moveit2:/home/robotics/ros2_cobot/install/mycobot_280_x3pi:/home/robotics/ros2_cobot/install/mycobot_280_riscv:/home/robotics/ros2_cobot/install/mycobot_280_rdkx5:/home/robotics/ros2_cobot/install/mycobot_280_moveit2_control:/home/robotics/ros2_cobot/install/mycobot_280_moveit2:/home/robotics/ros2_cobot/install/mycobot_280_arduino:/home/robotics/ros2_cobot/install/mycobot_280:/home/robotics/ros2_cobot/install/mybuddy:/home/robotics/ros2_cobot/install/myarm_300:/home/robotics/ros2_cobot/install/mecharm_pi:/home/robotics/ros2_cobot/install/mecharm:/home/robotics/ros2_cobot/install/mecharm_interfaces:/opt/ros/humble PYTHONPATH=/home/robotics/ros2_cobot/build/mycobot_280/prefix_override:/usr/lib/python3/dist-packages/colcon_core/task/python/colcon_distutils_commands:/home/robotics/ros2_cobot/install/mycobot_280/lib/python3.10/site-packages:/home/robotics/ros2_cobot/install/mycobot_description/lib/python3.10/site-packages:/home/robotics/ros2_cobot/install/ultraarm/lib/python3.10/site-packages:/home/robotics/ros2_cobot/install/traj_scripts/local/lib/python3.10/dist-packages:/home/robotics/ros2_cobot/install/mypalletizer_communication/lib/python3.10/site-packages:/home/robotics/ros2_cobot/install/mypalletizer_interfaces/local/lib/python3.10/dist-packages:/home/robotics/ros2_cobot/install/mypalletizer_260_pi/lib/python3.10/site-packages:/home/robotics/ros2_cobot/install/mypalletizer_260/lib/python3.10/site-packages:/home/robotics/ros2_cobot/install/myarm_m750/lib/python3.10/site-packages:/home/robotics/ros2_cobot/install/myarm_c650/lib/python3.10/site-packages:/home/robotics/ros2_cobot/install/mycobot_communication/lib/python3.10/site-packages:/home/robotics/ros2_cobot/install/mecharm_communication/lib/python3.10/site-packages:/home/robotics/ros2_cobot/install/mycobot_interfaces/local/lib/python3.10/dist-packages:/home/robotics/ros2_cobot/install/mycobot_630/lib/python3.10/site-packages:/home/robotics/ros2_cobot/install/mycobot_600/lib/python3.10/site-packages:/home/robotics/ros2_cobot/install/mycobot_320pi/lib/python3.10/site-packages:/home/robotics/ros2_cobot/install/mycobot_320_riscv/lib/python3.10/site-packages:/home/robotics/ros2_cobot/install/mycobot_320/lib/python3.10/site-packages:/home/robotics/ros2_cobot/install/mycobot_280pi/lib/python3.10/site-packages:/home/robotics/ros2_cobot/install/mycobot_280jn/lib/python3.10/site-packages:/home/robotics/ros2_cobot/install/mycobot_280_x3pi/lib/python3.10/site-packages:/home/robotics/ros2_cobot/install/mycobot_280_riscv/lib/python3.10/site-packages:/home/robotics/ros2_cobot/install/mycobot_280_rdkx5/lib/python3.10/site-packages:/home/robotics/ros2_cobot/install/mycobot_280_moveit2_control/lib/python3.10/site-packages:/home/robotics/ros2_cobot/install/mycobot_280_arduino/lib/python3.10/site-packages:/home/robotics/ros2_cobot/install/mycobot_280/lib/python3.10/site-packages:/home/robotics/ros2_cobot/install/mybuddy/lib/python3.10/site-packages:/home/robotics/ros2_cobot/install/myarm_300/lib/python3.10/site-packages:/home/robotics/ros2_cobot/install/mecharm_pi/lib/python3.10/site-packages:/home/robotics/ros2_cobot/install/mecharm/lib/python3.10/site-packages:/home/robotics/ros2_cobot/install/mecharm_interfaces/local/lib/python3.10/dist-packages:/opt/ros/humble/lib/python3.10/site-packages:/opt/ros/humble/local/lib/python3.10/dist-packages /usr/bin/python3 -W ignore:setup.py install is deprecated -W ignore:easy_install command is deprecated setup.py egg_info --egg-base ../../../../build/mycobot_280 build --build-base /home/robotics/ros2_cobot/build/mycobot_280/build install --record /home/robotics/ros2_cobot/build/mycobot_280/install.log --single-version-externally-managed install_data
[7.040s] Level 1:colcon.colcon_core.environment:checking '/home/robotics/ros2_cobot/install/mycobot_280/lib'
[7.040s] Level 1:colcon.colcon_core.environment:checking '/home/robotics/ros2_cobot/install/mycobot_280/bin'
[7.040s] Level 1:colcon.colcon_core.environment:checking '/home/robotics/ros2_cobot/install/mycobot_280/lib/pkgconfig/mycobot_280.pc'
[7.040s] Level 1:colcon.colcon_core.environment:checking '/home/robotics/ros2_cobot/install/mycobot_280/lib/python3.10/site-packages'
[7.040s] Level 1:colcon.colcon_core.shell:create_environment_hook('mycobot_280', 'pythonpath')
[7.040s] INFO:colcon.colcon_core.shell:Creating environment hook '/home/robotics/ros2_cobot/install/mycobot_280/share/mycobot_280/hook/pythonpath.ps1'
[7.041s] INFO:colcon.colcon_core.shell:Creating environment descriptor '/home/robotics/ros2_cobot/install/mycobot_280/share/mycobot_280/hook/pythonpath.dsv'
[7.041s] INFO:colcon.colcon_core.shell:Creating environment hook '/home/robotics/ros2_cobot/install/mycobot_280/share/mycobot_280/hook/pythonpath.sh'
[7.042s] Level 1:colcon.colcon_core.environment:checking '/home/robotics/ros2_cobot/install/mycobot_280/bin'
[7.042s] Level 1:colcon.colcon_core.environment:create_environment_scripts_only(mycobot_280)
[7.042s] INFO:colcon.colcon_core.shell:Creating package script '/home/robotics/ros2_cobot/install/mycobot_280/share/mycobot_280/package.ps1'
[7.043s] INFO:colcon.colcon_core.shell:Creating package descriptor '/home/robotics/ros2_cobot/install/mycobot_280/share/mycobot_280/package.dsv'
[7.043s] INFO:colcon.colcon_core.shell:Creating package script '/home/robotics/ros2_cobot/install/mycobot_280/share/mycobot_280/package.sh'
[7.043s] INFO:colcon.colcon_core.shell:Creating package script '/home/robotics/ros2_cobot/install/mycobot_280/share/mycobot_280/package.bash'
[7.044s] INFO:colcon.colcon_core.shell:Creating package script '/home/robotics/ros2_cobot/install/mycobot_280/share/mycobot_280/package.zsh'
[7.044s] Level 1:colcon.colcon_core.environment:create_file_with_runtime_dependencies(/home/robotics/ros2_cobot/install/mycobot_280/share/colcon-core/packages/mycobot_280)
[7.046s] Level 1:colcon.colcon_core.environment:checking '/home/robotics/ros2_cobot/install/mycobot_280jn' for CMake module files
[7.047s] DEBUG:colcon.colcon_core.event_handler.log_command:Invoked command in '/home/robotics/ros2_cobot/src/mycobot_ros2/mycobot_280/mycobot_280jn' returned '0': AMENT_PREFIX_PATH=/home/robotics/ros2_cobot/install/mycobot_description:/home/robotics/ros2_cobot/install/ultraarm:/home/robotics/ros2_cobot/install/traj_scripts:/home/robotics/ros2_cobot/install/mypalletizer_communication:/home/robotics/ros2_cobot/install/mypalletizer_interfaces:/home/robotics/ros2_cobot/install/mypalletizer_260_pi:/home/robotics/ros2_cobot/install/mypalletizer_260:/home/robotics/ros2_cobot/install/myarm_m750:/home/robotics/ros2_cobot/install/myarm_c650:/home/robotics/ros2_cobot/install/mycobot_communication:/home/robotics/ros2_cobot/install/mecharm_communication:/home/robotics/ros2_cobot/install/mycobot_interfaces:/home/robotics/ros2_cobot/install/mycobot_630:/home/robotics/ros2_cobot/install/mycobot_600:/home/robotics/ros2_cobot/install/mycobot_320pi:/home/robotics/ros2_cobot/install/mycobot_320_riscv:/home/robotics/ros2_cobot/install/mycobot_320:/home/robotics/ros2_cobot/install/mycobot_280rdkx5_moveit2:/home/robotics/ros2_cobot/install/mycobot_280pi:/home/robotics/ros2_cobot/install/mycobot_280jn:/home/robotics/ros2_cobot/install/mycobot_280arduino_moveit2:/home/robotics/ros2_cobot/install/mycobot_280_x3pi:/home/robotics/ros2_cobot/install/mycobot_280_riscv:/home/robotics/ros2_cobot/install/mycobot_280_rdkx5:/home/robotics/ros2_cobot/install/mycobot_280_moveit2_control:/home/robotics/ros2_cobot/install/mycobot_280_moveit2:/home/robotics/ros2_cobot/install/mycobot_280_arduino:/home/robotics/ros2_cobot/install/mycobot_280:/home/robotics/ros2_cobot/install/mybuddy:/home/robotics/ros2_cobot/install/myarm_300:/home/robotics/ros2_cobot/install/mecharm_pi:/home/robotics/ros2_cobot/install/mecharm:/home/robotics/ros2_cobot/install/mecharm_interfaces:/opt/ros/humble PYTHONPATH=/home/robotics/ros2_cobot/build/mycobot_280jn/prefix_override:/usr/lib/python3/dist-packages/colcon_core/task/python/colcon_distutils_commands:/home/robotics/ros2_cobot/install/mycobot_280jn/lib/python3.10/site-packages:/home/robotics/ros2_cobot/install/mycobot_description/lib/python3.10/site-packages:/home/robotics/ros2_cobot/install/ultraarm/lib/python3.10/site-packages:/home/robotics/ros2_cobot/install/traj_scripts/local/lib/python3.10/dist-packages:/home/robotics/ros2_cobot/install/mypalletizer_communication/lib/python3.10/site-packages:/home/robotics/ros2_cobot/install/mypalletizer_interfaces/local/lib/python3.10/dist-packages:/home/robotics/ros2_cobot/install/mypalletizer_260_pi/lib/python3.10/site-packages:/home/robotics/ros2_cobot/install/mypalletizer_260/lib/python3.10/site-packages:/home/robotics/ros2_cobot/install/myarm_m750/lib/python3.10/site-packages:/home/robotics/ros2_cobot/install/myarm_c650/lib/python3.10/site-packages:/home/robotics/ros2_cobot/install/mycobot_communication/lib/python3.10/site-packages:/home/robotics/ros2_cobot/install/mecharm_communication/lib/python3.10/site-packages:/home/robotics/ros2_cobot/install/mycobot_interfaces/local/lib/python3.10/dist-packages:/home/robotics/ros2_cobot/install/mycobot_630/lib/python3.10/site-packages:/home/robotics/ros2_cobot/install/mycobot_600/lib/python3.10/site-packages:/home/robotics/ros2_cobot/install/mycobot_320pi/lib/python3.10/site-packages:/home/robotics/ros2_cobot/install/mycobot_320_riscv/lib/python3.10/site-packages:/home/robotics/ros2_cobot/install/mycobot_320/lib/python3.10/site-packages:/home/robotics/ros2_cobot/install/mycobot_280pi/lib/python3.10/site-packages:/home/robotics/ros2_cobot/install/mycobot_280jn/lib/python3.10/site-packages:/home/robotics/ros2_cobot/install/mycobot_280_x3pi/lib/python3.10/site-packages:/home/robotics/ros2_cobot/install/mycobot_280_riscv/lib/python3.10/site-packages:/home/robotics/ros2_cobot/install/mycobot_280_rdkx5/lib/python3.10/site-packages:/home/robotics/ros2_cobot/install/mycobot_280_moveit2_control/lib/python3.10/site-packages:/home/robotics/ros2_cobot/install/mycobot_280_arduino/lib/python3.10/site-packages:/home/robotics/ros2_cobot/install/mycobot_280/lib/python3.10/site-packages:/home/robotics/ros2_cobot/install/mybuddy/lib/python3.10/site-packages:/home/robotics/ros2_cobot/install/myarm_300/lib/python3.10/site-packages:/home/robotics/ros2_cobot/install/mecharm_pi/lib/python3.10/site-packages:/home/robotics/ros2_cobot/install/mecharm/lib/python3.10/site-packages:/home/robotics/ros2_cobot/install/mecharm_interfaces/local/lib/python3.10/dist-packages:/opt/ros/humble/lib/python3.10/site-packages:/opt/ros/humble/local/lib/python3.10/dist-packages /usr/bin/python3 -W ignore:setup.py install is deprecated -W ignore:easy_install command is deprecated setup.py egg_info --egg-base ../../../../build/mycobot_280jn build --build-base /home/robotics/ros2_cobot/build/mycobot_280jn/build install --record /home/robotics/ros2_cobot/build/mycobot_280jn/install.log --single-version-externally-managed install_data
[7.047s] Level 1:colcon.colcon_core.environment:checking '/home/robotics/ros2_cobot/install/mycobot_280jn' for CMake config files
[7.048s] Level 1:colcon.colcon_core.environment:checking '/home/robotics/ros2_cobot/install/mycobot_280jn/lib'
[7.048s] Level 1:colcon.colcon_core.environment:checking '/home/robotics/ros2_cobot/install/mycobot_280jn/bin'
[7.048s] Level 1:colcon.colcon_core.environment:checking '/home/robotics/ros2_cobot/install/mycobot_280jn/lib/pkgconfig/mycobot_280jn.pc'
[7.048s] Level 1:colcon.colcon_core.environment:checking '/home/robotics/ros2_cobot/install/mycobot_280jn/lib/python3.10/site-packages'
[7.048s] Level 1:colcon.colcon_core.shell:create_environment_hook('mycobot_280jn', 'pythonpath')
[7.048s] INFO:colcon.colcon_core.shell:Creating environment hook '/home/robotics/ros2_cobot/install/mycobot_280jn/share/mycobot_280jn/hook/pythonpath.ps1'
[7.049s] INFO:colcon.colcon_core.shell:Creating environment descriptor '/home/robotics/ros2_cobot/install/mycobot_280jn/share/mycobot_280jn/hook/pythonpath.dsv'
[7.049s] INFO:colcon.colcon_core.shell:Creating environment hook '/home/robotics/ros2_cobot/install/mycobot_280jn/share/mycobot_280jn/hook/pythonpath.sh'
[7.049s] Level 1:colcon.colcon_core.environment:checking '/home/robotics/ros2_cobot/install/mycobot_280jn/bin'
[7.050s] Level 1:colcon.colcon_core.environment:create_environment_scripts_only(mycobot_280jn)
[7.050s] INFO:colcon.colcon_core.shell:Creating package script '/home/robotics/ros2_cobot/install/mycobot_280jn/share/mycobot_280jn/package.ps1'
[7.050s] INFO:colcon.colcon_core.shell:Creating package descriptor '/home/robotics/ros2_cobot/install/mycobot_280jn/share/mycobot_280jn/package.dsv'
[7.051s] INFO:colcon.colcon_core.shell:Creating package script '/home/robotics/ros2_cobot/install/mycobot_280jn/share/mycobot_280jn/package.sh'
[7.051s] INFO:colcon.colcon_core.shell:Creating package script '/home/robotics/ros2_cobot/install/mycobot_280jn/share/mycobot_280jn/package.bash'
[7.052s] INFO:colcon.colcon_core.shell:Creating package script '/home/robotics/ros2_cobot/install/mycobot_280jn/share/mycobot_280jn/package.zsh'
[7.052s] Level 1:colcon.colcon_core.environment:create_file_with_runtime_dependencies(/home/robotics/ros2_cobot/install/mycobot_280jn/share/colcon-core/packages/mycobot_280jn)
[7.056s] Level 1:colcon.colcon_core.environment:checking '/home/robotics/ros2_cobot/install/mycobot_280_arduino' for CMake module files
[7.056s] DEBUG:colcon.colcon_core.event_handler.log_command:Invoked command in '/home/robotics/ros2_cobot/src/mycobot_ros2/mycobot_280/mycobot_280_arduino' returned '0': AMENT_PREFIX_PATH=/home/robotics/ros2_cobot/install/mycobot_description:/home/robotics/ros2_cobot/install/ultraarm:/home/robotics/ros2_cobot/install/traj_scripts:/home/robotics/ros2_cobot/install/mypalletizer_communication:/home/robotics/ros2_cobot/install/mypalletizer_interfaces:/home/robotics/ros2_cobot/install/mypalletizer_260_pi:/home/robotics/ros2_cobot/install/mypalletizer_260:/home/robotics/ros2_cobot/install/myarm_m750:/home/robotics/ros2_cobot/install/myarm_c650:/home/robotics/ros2_cobot/install/mycobot_communication:/home/robotics/ros2_cobot/install/mecharm_communication:/home/robotics/ros2_cobot/install/mycobot_interfaces:/home/robotics/ros2_cobot/install/mycobot_630:/home/robotics/ros2_cobot/install/mycobot_600:/home/robotics/ros2_cobot/install/mycobot_320pi:/home/robotics/ros2_cobot/install/mycobot_320_riscv:/home/robotics/ros2_cobot/install/mycobot_320:/home/robotics/ros2_cobot/install/mycobot_280rdkx5_moveit2:/home/robotics/ros2_cobot/install/mycobot_280pi:/home/robotics/ros2_cobot/install/mycobot_280jn:/home/robotics/ros2_cobot/install/mycobot_280arduino_moveit2:/home/robotics/ros2_cobot/install/mycobot_280_x3pi:/home/robotics/ros2_cobot/install/mycobot_280_riscv:/home/robotics/ros2_cobot/install/mycobot_280_rdkx5:/home/robotics/ros2_cobot/install/mycobot_280_moveit2_control:/home/robotics/ros2_cobot/install/mycobot_280_moveit2:/home/robotics/ros2_cobot/install/mycobot_280_arduino:/home/robotics/ros2_cobot/install/mycobot_280:/home/robotics/ros2_cobot/install/mybuddy:/home/robotics/ros2_cobot/install/myarm_300:/home/robotics/ros2_cobot/install/mecharm_pi:/home/robotics/ros2_cobot/install/mecharm:/home/robotics/ros2_cobot/install/mecharm_interfaces:/opt/ros/humble PYTHONPATH=/home/robotics/ros2_cobot/build/mycobot_280_arduino/prefix_override:/usr/lib/python3/dist-packages/colcon_core/task/python/colcon_distutils_commands:/home/robotics/ros2_cobot/install/mycobot_280_arduino/lib/python3.10/site-packages:/home/robotics/ros2_cobot/install/mycobot_description/lib/python3.10/site-packages:/home/robotics/ros2_cobot/install/ultraarm/lib/python3.10/site-packages:/home/robotics/ros2_cobot/install/traj_scripts/local/lib/python3.10/dist-packages:/home/robotics/ros2_cobot/install/mypalletizer_communication/lib/python3.10/site-packages:/home/robotics/ros2_cobot/install/mypalletizer_interfaces/local/lib/python3.10/dist-packages:/home/robotics/ros2_cobot/install/mypalletizer_260_pi/lib/python3.10/site-packages:/home/robotics/ros2_cobot/install/mypalletizer_260/lib/python3.10/site-packages:/home/robotics/ros2_cobot/install/myarm_m750/lib/python3.10/site-packages:/home/robotics/ros2_cobot/install/myarm_c650/lib/python3.10/site-packages:/home/robotics/ros2_cobot/install/mycobot_communication/lib/python3.10/site-packages:/home/robotics/ros2_cobot/install/mecharm_communication/lib/python3.10/site-packages:/home/robotics/ros2_cobot/install/mycobot_interfaces/local/lib/python3.10/dist-packages:/home/robotics/ros2_cobot/install/mycobot_630/lib/python3.10/site-packages:/home/robotics/ros2_cobot/install/mycobot_600/lib/python3.10/site-packages:/home/robotics/ros2_cobot/install/mycobot_320pi/lib/python3.10/site-packages:/home/robotics/ros2_cobot/install/mycobot_320_riscv/lib/python3.10/site-packages:/home/robotics/ros2_cobot/install/mycobot_320/lib/python3.10/site-packages:/home/robotics/ros2_cobot/install/mycobot_280pi/lib/python3.10/site-packages:/home/robotics/ros2_cobot/install/mycobot_280jn/lib/python3.10/site-packages:/home/robotics/ros2_cobot/install/mycobot_280_x3pi/lib/python3.10/site-packages:/home/robotics/ros2_cobot/install/mycobot_280_riscv/lib/python3.10/site-packages:/home/robotics/ros2_cobot/install/mycobot_280_rdkx5/lib/python3.10/site-packages:/home/robotics/ros2_cobot/install/mycobot_280_moveit2_control/lib/python3.10/site-packages:/home/robotics/ros2_cobot/install/mycobot_280_arduino/lib/python3.10/site-packages:/home/robotics/ros2_cobot/install/mycobot_280/lib/python3.10/site-packages:/home/robotics/ros2_cobot/install/mybuddy/lib/python3.10/site-packages:/home/robotics/ros2_cobot/install/myarm_300/lib/python3.10/site-packages:/home/robotics/ros2_cobot/install/mecharm_pi/lib/python3.10/site-packages:/home/robotics/ros2_cobot/install/mecharm/lib/python3.10/site-packages:/home/robotics/ros2_cobot/install/mecharm_interfaces/local/lib/python3.10/dist-packages:/opt/ros/humble/lib/python3.10/site-packages:/opt/ros/humble/local/lib/python3.10/dist-packages /usr/bin/python3 -W ignore:setup.py install is deprecated -W ignore:easy_install command is deprecated setup.py egg_info --egg-base ../../../../build/mycobot_280_arduino build --build-base /home/robotics/ros2_cobot/build/mycobot_280_arduino/build install --record /home/robotics/ros2_cobot/build/mycobot_280_arduino/install.log --single-version-externally-managed install_data
[7.057s] Level 1:colcon.colcon_core.environment:checking '/home/robotics/ros2_cobot/install/mycobot_280_arduino' for CMake config files
[7.057s] Level 1:colcon.colcon_core.environment:checking '/home/robotics/ros2_cobot/install/mycobot_280_arduino/lib'
[7.057s] Level 1:colcon.colcon_core.environment:checking '/home/robotics/ros2_cobot/install/mycobot_280_arduino/bin'
[7.057s] Level 1:colcon.colcon_core.environment:checking '/home/robotics/ros2_cobot/install/mycobot_280_arduino/lib/pkgconfig/mycobot_280_arduino.pc'
[7.057s] Level 1:colcon.colcon_core.environment:checking '/home/robotics/ros2_cobot/install/mycobot_280_arduino/lib/python3.10/site-packages'
[7.057s] Level 1:colcon.colcon_core.shell:create_environment_hook('mycobot_280_arduino', 'pythonpath')
[7.058s] INFO:colcon.colcon_core.shell:Creating environment hook '/home/robotics/ros2_cobot/install/mycobot_280_arduino/share/mycobot_280_arduino/hook/pythonpath.ps1'
[7.058s] INFO:colcon.colcon_core.shell:Creating environment descriptor '/home/robotics/ros2_cobot/install/mycobot_280_arduino/share/mycobot_280_arduino/hook/pythonpath.dsv'
[7.058s] INFO:colcon.colcon_core.shell:Creating environment hook '/home/robotics/ros2_cobot/install/mycobot_280_arduino/share/mycobot_280_arduino/hook/pythonpath.sh'
[7.059s] Level 1:colcon.colcon_core.environment:checking '/home/robotics/ros2_cobot/install/mycobot_280_arduino/bin'
[7.059s] Level 1:colcon.colcon_core.environment:create_environment_scripts_only(mycobot_280_arduino)
[7.059s] INFO:colcon.colcon_core.shell:Creating package script '/home/robotics/ros2_cobot/install/mycobot_280_arduino/share/mycobot_280_arduino/package.ps1'
[7.060s] INFO:colcon.colcon_core.shell:Creating package descriptor '/home/robotics/ros2_cobot/install/mycobot_280_arduino/share/mycobot_280_arduino/package.dsv'
[7.060s] INFO:colcon.colcon_core.shell:Creating package script '/home/robotics/ros2_cobot/install/mycobot_280_arduino/share/mycobot_280_arduino/package.sh'
[7.061s] INFO:colcon.colcon_core.shell:Creating package script '/home/robotics/ros2_cobot/install/mycobot_280_arduino/share/mycobot_280_arduino/package.bash'
[7.061s] INFO:colcon.colcon_core.shell:Creating package script '/home/robotics/ros2_cobot/install/mycobot_280_arduino/share/mycobot_280_arduino/package.zsh'
[7.061s] Level 1:colcon.colcon_core.environment:create_file_with_runtime_dependencies(/home/robotics/ros2_cobot/install/mycobot_280_arduino/share/colcon-core/packages/mycobot_280_arduino)
[7.332s] INFO:colcon.colcon_core.task.python.build:Building Python package in '/home/robotics/ros2_cobot/src/mycobot_ros2/mycobot_pro/mycobot_600'
[7.332s] INFO:colcon.colcon_core.shell:Skip shell extension 'powershell' for command environment: Not usable outside of PowerShell
[7.332s] DEBUG:colcon.colcon_core.shell:Skip shell extension 'dsv' for command environment
[7.593s] INFO:colcon.colcon_core.task.python.build:Building Python package in '/home/robotics/ros2_cobot/src/mycobot_ros2/mycobot_pro/mycobot_630'
[7.593s] INFO:colcon.colcon_core.shell:Skip shell extension 'powershell' for command environment: Not usable outside of PowerShell
[7.593s] DEBUG:colcon.colcon_core.shell:Skip shell extension 'dsv' for command environment
[7.862s] INFO:colcon.colcon_core.task.python.build:Building Python package in '/home/robotics/ros2_cobot/src/mycobot_ros2/mypalletizer_260/mypalletizer_260'
[7.862s] INFO:colcon.colcon_core.shell:Skip shell extension 'powershell' for command environment: Not usable outside of PowerShell
[7.862s] DEBUG:colcon.colcon_core.shell:Skip shell extension 'dsv' for command environment
[8.126s] INFO:colcon.colcon_core.task.python.build:Building Python package in '/home/robotics/ros2_cobot/src/mycobot_ros2/mypalletizer_260/mypalletizer_260_pi'
[8.127s] INFO:colcon.colcon_core.shell:Skip shell extension 'powershell' for command environment: Not usable outside of PowerShell
[8.127s] DEBUG:colcon.colcon_core.shell:Skip shell extension 'dsv' for command environment
[8.366s] INFO:colcon.colcon_core.task.python.build:Building Python package in '/home/robotics/ros2_cobot/src/mycobot_ros2/ultraArm/ultraarm'
[8.367s] INFO:colcon.colcon_core.shell:Skip shell extension 'powershell' for command environment: Not usable outside of PowerShell
[8.367s] DEBUG:colcon.colcon_core.shell:Skip shell extension 'dsv' for command environment
[8.611s] INFO:colcon.colcon_core.task.python.build:Building Python package in '/home/robotics/ros2_cobot/src/mycobot_ros2/myArm/myarm_c650'
[8.611s] INFO:colcon.colcon_core.shell:Skip shell extension 'powershell' for command environment: Not usable outside of PowerShell
[8.612s] DEBUG:colcon.colcon_core.shell:Skip shell extension 'dsv' for command environment
[8.852s] INFO:colcon.colcon_core.task.python.build:Building Python package in '/home/robotics/ros2_cobot/src/mycobot_ros2/myArm/myarm_m750'
[8.852s] INFO:colcon.colcon_core.shell:Skip shell extension 'powershell' for command environment: Not usable outside of PowerShell
[8.853s] DEBUG:colcon.colcon_core.shell:Skip shell extension 'dsv' for command environment
[9.069s] INFO:colcon.colcon_core.task.python.build:Building Python package in '/home/robotics/ros2_cobot/src/mycobot_ros2/mycobot_280/mycobot_280_rdkx5'
[9.069s] INFO:colcon.colcon_core.shell:Skip shell extension 'powershell' for command environment: Not usable outside of PowerShell
[9.069s] DEBUG:colcon.colcon_core.shell:Skip shell extension 'dsv' for command environment
[9.081s] Level 1:colcon.colcon_core.environment:checking '/home/robotics/ros2_cobot/install/mycobot_280pi' for CMake module files
[9.082s] DEBUG:colcon.colcon_core.event_handler.log_command:Invoked command in '/home/robotics/ros2_cobot/src/mycobot_ros2/mycobot_280/mycobot_280pi' returned '0': AMENT_PREFIX_PATH=/home/robotics/ros2_cobot/install/mycobot_description:/home/robotics/ros2_cobot/install/ultraarm:/home/robotics/ros2_cobot/install/traj_scripts:/home/robotics/ros2_cobot/install/mypalletizer_communication:/home/robotics/ros2_cobot/install/mypalletizer_interfaces:/home/robotics/ros2_cobot/install/mypalletizer_260_pi:/home/robotics/ros2_cobot/install/mypalletizer_260:/home/robotics/ros2_cobot/install/myarm_m750:/home/robotics/ros2_cobot/install/myarm_c650:/home/robotics/ros2_cobot/install/mycobot_communication:/home/robotics/ros2_cobot/install/mecharm_communication:/home/robotics/ros2_cobot/install/mycobot_interfaces:/home/robotics/ros2_cobot/install/mycobot_630:/home/robotics/ros2_cobot/install/mycobot_600:/home/robotics/ros2_cobot/install/mycobot_320pi:/home/robotics/ros2_cobot/install/mycobot_320_riscv:/home/robotics/ros2_cobot/install/mycobot_320:/home/robotics/ros2_cobot/install/mycobot_280rdkx5_moveit2:/home/robotics/ros2_cobot/install/mycobot_280pi:/home/robotics/ros2_cobot/install/mycobot_280jn:/home/robotics/ros2_cobot/install/mycobot_280arduino_moveit2:/home/robotics/ros2_cobot/install/mycobot_280_x3pi:/home/robotics/ros2_cobot/install/mycobot_280_riscv:/home/robotics/ros2_cobot/install/mycobot_280_rdkx5:/home/robotics/ros2_cobot/install/mycobot_280_moveit2_control:/home/robotics/ros2_cobot/install/mycobot_280_moveit2:/home/robotics/ros2_cobot/install/mycobot_280_arduino:/home/robotics/ros2_cobot/install/mycobot_280:/home/robotics/ros2_cobot/install/mybuddy:/home/robotics/ros2_cobot/install/myarm_300:/home/robotics/ros2_cobot/install/mecharm_pi:/home/robotics/ros2_cobot/install/mecharm:/home/robotics/ros2_cobot/install/mecharm_interfaces:/opt/ros/humble PYTHONPATH=/home/robotics/ros2_cobot/build/mycobot_280pi/prefix_override:/usr/lib/python3/dist-packages/colcon_core/task/python/colcon_distutils_commands:/home/robotics/ros2_cobot/install/mycobot_280pi/lib/python3.10/site-packages:/home/robotics/ros2_cobot/install/mycobot_description/lib/python3.10/site-packages:/home/robotics/ros2_cobot/install/ultraarm/lib/python3.10/site-packages:/home/robotics/ros2_cobot/install/traj_scripts/local/lib/python3.10/dist-packages:/home/robotics/ros2_cobot/install/mypalletizer_communication/lib/python3.10/site-packages:/home/robotics/ros2_cobot/install/mypalletizer_interfaces/local/lib/python3.10/dist-packages:/home/robotics/ros2_cobot/install/mypalletizer_260_pi/lib/python3.10/site-packages:/home/robotics/ros2_cobot/install/mypalletizer_260/lib/python3.10/site-packages:/home/robotics/ros2_cobot/install/myarm_m750/lib/python3.10/site-packages:/home/robotics/ros2_cobot/install/myarm_c650/lib/python3.10/site-packages:/home/robotics/ros2_cobot/install/mycobot_communication/lib/python3.10/site-packages:/home/robotics/ros2_cobot/install/mecharm_communication/lib/python3.10/site-packages:/home/robotics/ros2_cobot/install/mycobot_interfaces/local/lib/python3.10/dist-packages:/home/robotics/ros2_cobot/install/mycobot_630/lib/python3.10/site-packages:/home/robotics/ros2_cobot/install/mycobot_600/lib/python3.10/site-packages:/home/robotics/ros2_cobot/install/mycobot_320pi/lib/python3.10/site-packages:/home/robotics/ros2_cobot/install/mycobot_320_riscv/lib/python3.10/site-packages:/home/robotics/ros2_cobot/install/mycobot_320/lib/python3.10/site-packages:/home/robotics/ros2_cobot/install/mycobot_280pi/lib/python3.10/site-packages:/home/robotics/ros2_cobot/install/mycobot_280jn/lib/python3.10/site-packages:/home/robotics/ros2_cobot/install/mycobot_280_x3pi/lib/python3.10/site-packages:/home/robotics/ros2_cobot/install/mycobot_280_riscv/lib/python3.10/site-packages:/home/robotics/ros2_cobot/install/mycobot_280_rdkx5/lib/python3.10/site-packages:/home/robotics/ros2_cobot/install/mycobot_280_moveit2_control/lib/python3.10/site-packages:/home/robotics/ros2_cobot/install/mycobot_280_arduino/lib/python3.10/site-packages:/home/robotics/ros2_cobot/install/mycobot_280/lib/python3.10/site-packages:/home/robotics/ros2_cobot/install/mybuddy/lib/python3.10/site-packages:/home/robotics/ros2_cobot/install/myarm_300/lib/python3.10/site-packages:/home/robotics/ros2_cobot/install/mecharm_pi/lib/python3.10/site-packages:/home/robotics/ros2_cobot/install/mecharm/lib/python3.10/site-packages:/home/robotics/ros2_cobot/install/mecharm_interfaces/local/lib/python3.10/dist-packages:/opt/ros/humble/lib/python3.10/site-packages:/opt/ros/humble/local/lib/python3.10/dist-packages /usr/bin/python3 -W ignore:setup.py install is deprecated -W ignore:easy_install command is deprecated setup.py egg_info --egg-base ../../../../build/mycobot_280pi build --build-base /home/robotics/ros2_cobot/build/mycobot_280pi/build install --record /home/robotics/ros2_cobot/build/mycobot_280pi/install.log --single-version-externally-managed install_data
[9.082s] Level 1:colcon.colcon_core.environment:checking '/home/robotics/ros2_cobot/install/mycobot_280pi' for CMake config files
[9.083s] Level 1:colcon.colcon_core.environment:checking '/home/robotics/ros2_cobot/install/mycobot_280pi/lib'
[9.083s] Level 1:colcon.colcon_core.environment:checking '/home/robotics/ros2_cobot/install/mycobot_280pi/bin'
[9.083s] Level 1:colcon.colcon_core.environment:checking '/home/robotics/ros2_cobot/install/mycobot_280pi/lib/pkgconfig/mycobot_280pi.pc'
[9.084s] Level 1:colcon.colcon_core.environment:checking '/home/robotics/ros2_cobot/install/mycobot_280pi/lib/python3.10/site-packages'
[9.084s] Level 1:colcon.colcon_core.shell:create_environment_hook('mycobot_280pi', 'pythonpath')
[9.084s] INFO:colcon.colcon_core.shell:Creating environment hook '/home/robotics/ros2_cobot/install/mycobot_280pi/share/mycobot_280pi/hook/pythonpath.ps1'
[9.085s] INFO:colcon.colcon_core.shell:Creating environment descriptor '/home/robotics/ros2_cobot/install/mycobot_280pi/share/mycobot_280pi/hook/pythonpath.dsv'
[9.085s] INFO:colcon.colcon_core.shell:Creating environment hook '/home/robotics/ros2_cobot/install/mycobot_280pi/share/mycobot_280pi/hook/pythonpath.sh'
[9.086s] Level 1:colcon.colcon_core.environment:checking '/home/robotics/ros2_cobot/install/mycobot_280pi/bin'
[9.086s] Level 1:colcon.colcon_core.environment:create_environment_scripts_only(mycobot_280pi)
[9.087s] INFO:colcon.colcon_core.shell:Creating package script '/home/robotics/ros2_cobot/install/mycobot_280pi/share/mycobot_280pi/package.ps1'
[9.088s] INFO:colcon.colcon_core.shell:Creating package descriptor '/home/robotics/ros2_cobot/install/mycobot_280pi/share/mycobot_280pi/package.dsv'
[9.089s] INFO:colcon.colcon_core.shell:Creating package script '/home/robotics/ros2_cobot/install/mycobot_280pi/share/mycobot_280pi/package.sh'
[9.090s] INFO:colcon.colcon_core.shell:Creating package script '/home/robotics/ros2_cobot/install/mycobot_280pi/share/mycobot_280pi/package.bash'
[9.090s] INFO:colcon.colcon_core.shell:Creating package script '/home/robotics/ros2_cobot/install/mycobot_280pi/share/mycobot_280pi/package.zsh'
[9.091s] Level 1:colcon.colcon_core.environment:create_file_with_runtime_dependencies(/home/robotics/ros2_cobot/install/mycobot_280pi/share/colcon-core/packages/mycobot_280pi)
[9.094s] DEBUG:colcon.colcon_core.event_handler.log_command:Invoking command in '/home/robotics/ros2_cobot/src/mycobot_ros2/mycobot_320/mycobot_320pi': AMENT_PREFIX_PATH=/home/robotics/ros2_cobot/install/mycobot_description:/home/robotics/ros2_cobot/install/ultraarm:/home/robotics/ros2_cobot/install/traj_scripts:/home/robotics/ros2_cobot/install/mypalletizer_communication:/home/robotics/ros2_cobot/install/mypalletizer_interfaces:/home/robotics/ros2_cobot/install/mypalletizer_260_pi:/home/robotics/ros2_cobot/install/mypalletizer_260:/home/robotics/ros2_cobot/install/myarm_m750:/home/robotics/ros2_cobot/install/myarm_c650:/home/robotics/ros2_cobot/install/mycobot_communication:/home/robotics/ros2_cobot/install/mecharm_communication:/home/robotics/ros2_cobot/install/mycobot_interfaces:/home/robotics/ros2_cobot/install/mycobot_630:/home/robotics/ros2_cobot/install/mycobot_600:/home/robotics/ros2_cobot/install/mycobot_320pi:/home/robotics/ros2_cobot/install/mycobot_320_riscv:/home/robotics/ros2_cobot/install/mycobot_320:/home/robotics/ros2_cobot/install/mycobot_280rdkx5_moveit2:/home/robotics/ros2_cobot/install/mycobot_280pi:/home/robotics/ros2_cobot/install/mycobot_280jn:/home/robotics/ros2_cobot/install/mycobot_280arduino_moveit2:/home/robotics/ros2_cobot/install/mycobot_280_x3pi:/home/robotics/ros2_cobot/install/mycobot_280_riscv:/home/robotics/ros2_cobot/install/mycobot_280_rdkx5:/home/robotics/ros2_cobot/install/mycobot_280_moveit2_control:/home/robotics/ros2_cobot/install/mycobot_280_moveit2:/home/robotics/ros2_cobot/install/mycobot_280_arduino:/home/robotics/ros2_cobot/install/mycobot_280:/home/robotics/ros2_cobot/install/mybuddy:/home/robotics/ros2_cobot/install/myarm_300:/home/robotics/ros2_cobot/install/mecharm_pi:/home/robotics/ros2_cobot/install/mecharm:/home/robotics/ros2_cobot/install/mecharm_interfaces:/opt/ros/humble PYTHONPATH=/home/robotics/ros2_cobot/build/mycobot_320pi/prefix_override:/usr/lib/python3/dist-packages/colcon_core/task/python/colcon_distutils_commands:/home/robotics/ros2_cobot/install/mycobot_320pi/lib/python3.10/site-packages:/home/robotics/ros2_cobot/install/mycobot_description/lib/python3.10/site-packages:/home/robotics/ros2_cobot/install/ultraarm/lib/python3.10/site-packages:/home/robotics/ros2_cobot/install/traj_scripts/local/lib/python3.10/dist-packages:/home/robotics/ros2_cobot/install/mypalletizer_communication/lib/python3.10/site-packages:/home/robotics/ros2_cobot/install/mypalletizer_interfaces/local/lib/python3.10/dist-packages:/home/robotics/ros2_cobot/install/mypalletizer_260_pi/lib/python3.10/site-packages:/home/robotics/ros2_cobot/install/mypalletizer_260/lib/python3.10/site-packages:/home/robotics/ros2_cobot/install/myarm_m750/lib/python3.10/site-packages:/home/robotics/ros2_cobot/install/myarm_c650/lib/python3.10/site-packages:/home/robotics/ros2_cobot/install/mycobot_communication/lib/python3.10/site-packages:/home/robotics/ros2_cobot/install/mecharm_communication/lib/python3.10/site-packages:/home/robotics/ros2_cobot/install/mycobot_interfaces/local/lib/python3.10/dist-packages:/home/robotics/ros2_cobot/install/mycobot_630/lib/python3.10/site-packages:/home/robotics/ros2_cobot/install/mycobot_600/lib/python3.10/site-packages:/home/robotics/ros2_cobot/install/mycobot_320pi/lib/python3.10/site-packages:/home/robotics/ros2_cobot/install/mycobot_320_riscv/lib/python3.10/site-packages:/home/robotics/ros2_cobot/install/mycobot_320/lib/python3.10/site-packages:/home/robotics/ros2_cobot/install/mycobot_280pi/lib/python3.10/site-packages:/home/robotics/ros2_cobot/install/mycobot_280jn/lib/python3.10/site-packages:/home/robotics/ros2_cobot/install/mycobot_280_x3pi/lib/python3.10/site-packages:/home/robotics/ros2_cobot/install/mycobot_280_riscv/lib/python3.10/site-packages:/home/robotics/ros2_cobot/install/mycobot_280_rdkx5/lib/python3.10/site-packages:/home/robotics/ros2_cobot/install/mycobot_280_moveit2_control/lib/python3.10/site-packages:/home/robotics/ros2_cobot/install/mycobot_280_arduino/lib/python3.10/site-packages:/home/robotics/ros2_cobot/install/mycobot_280/lib/python3.10/site-packages:/home/robotics/ros2_cobot/install/mybuddy/lib/python3.10/site-packages:/home/robotics/ros2_cobot/install/myarm_300/lib/python3.10/site-packages:/home/robotics/ros2_cobot/install/mecharm_pi/lib/python3.10/site-packages:/home/robotics/ros2_cobot/install/mecharm/lib/python3.10/site-packages:/home/robotics/ros2_cobot/install/mecharm_interfaces/local/lib/python3.10/dist-packages:/opt/ros/humble/lib/python3.10/site-packages:/opt/ros/humble/local/lib/python3.10/dist-packages /usr/bin/python3 -W ignore:setup.py install is deprecated -W ignore:easy_install command is deprecated setup.py egg_info --egg-base ../../../../build/mycobot_320pi build --build-base /home/robotics/ros2_cobot/build/mycobot_320pi/build install --record /home/robotics/ros2_cobot/build/mycobot_320pi/install.log --single-version-externally-managed install_data
[9.096s] DEBUG:colcon.colcon_core.event_handler.log_command:Invoking command in '/home/robotics/ros2_cobot/src/mycobot_ros2/mycobot_320/mycobot_320': AMENT_PREFIX_PATH=/home/robotics/ros2_cobot/install/mycobot_description:/home/robotics/ros2_cobot/install/ultraarm:/home/robotics/ros2_cobot/install/traj_scripts:/home/robotics/ros2_cobot/install/mypalletizer_communication:/home/robotics/ros2_cobot/install/mypalletizer_interfaces:/home/robotics/ros2_cobot/install/mypalletizer_260_pi:/home/robotics/ros2_cobot/install/mypalletizer_260:/home/robotics/ros2_cobot/install/myarm_m750:/home/robotics/ros2_cobot/install/myarm_c650:/home/robotics/ros2_cobot/install/mycobot_communication:/home/robotics/ros2_cobot/install/mecharm_communication:/home/robotics/ros2_cobot/install/mycobot_interfaces:/home/robotics/ros2_cobot/install/mycobot_630:/home/robotics/ros2_cobot/install/mycobot_600:/home/robotics/ros2_cobot/install/mycobot_320pi:/home/robotics/ros2_cobot/install/mycobot_320_riscv:/home/robotics/ros2_cobot/install/mycobot_320:/home/robotics/ros2_cobot/install/mycobot_280rdkx5_moveit2:/home/robotics/ros2_cobot/install/mycobot_280pi:/home/robotics/ros2_cobot/install/mycobot_280jn:/home/robotics/ros2_cobot/install/mycobot_280arduino_moveit2:/home/robotics/ros2_cobot/install/mycobot_280_x3pi:/home/robotics/ros2_cobot/install/mycobot_280_riscv:/home/robotics/ros2_cobot/install/mycobot_280_rdkx5:/home/robotics/ros2_cobot/install/mycobot_280_moveit2_control:/home/robotics/ros2_cobot/install/mycobot_280_moveit2:/home/robotics/ros2_cobot/install/mycobot_280_arduino:/home/robotics/ros2_cobot/install/mycobot_280:/home/robotics/ros2_cobot/install/mybuddy:/home/robotics/ros2_cobot/install/myarm_300:/home/robotics/ros2_cobot/install/mecharm_pi:/home/robotics/ros2_cobot/install/mecharm:/home/robotics/ros2_cobot/install/mecharm_interfaces:/opt/ros/humble PYTHONPATH=/home/robotics/ros2_cobot/build/mycobot_320/prefix_override:/usr/lib/python3/dist-packages/colcon_core/task/python/colcon_distutils_commands:/home/robotics/ros2_cobot/install/mycobot_320/lib/python3.10/site-packages:/home/robotics/ros2_cobot/install/mycobot_description/lib/python3.10/site-packages:/home/robotics/ros2_cobot/install/ultraarm/lib/python3.10/site-packages:/home/robotics/ros2_cobot/install/traj_scripts/local/lib/python3.10/dist-packages:/home/robotics/ros2_cobot/install/mypalletizer_communication/lib/python3.10/site-packages:/home/robotics/ros2_cobot/install/mypalletizer_interfaces/local/lib/python3.10/dist-packages:/home/robotics/ros2_cobot/install/mypalletizer_260_pi/lib/python3.10/site-packages:/home/robotics/ros2_cobot/install/mypalletizer_260/lib/python3.10/site-packages:/home/robotics/ros2_cobot/install/myarm_m750/lib/python3.10/site-packages:/home/robotics/ros2_cobot/install/myarm_c650/lib/python3.10/site-packages:/home/robotics/ros2_cobot/install/mycobot_communication/lib/python3.10/site-packages:/home/robotics/ros2_cobot/install/mecharm_communication/lib/python3.10/site-packages:/home/robotics/ros2_cobot/install/mycobot_interfaces/local/lib/python3.10/dist-packages:/home/robotics/ros2_cobot/install/mycobot_630/lib/python3.10/site-packages:/home/robotics/ros2_cobot/install/mycobot_600/lib/python3.10/site-packages:/home/robotics/ros2_cobot/install/mycobot_320pi/lib/python3.10/site-packages:/home/robotics/ros2_cobot/install/mycobot_320_riscv/lib/python3.10/site-packages:/home/robotics/ros2_cobot/install/mycobot_320/lib/python3.10/site-packages:/home/robotics/ros2_cobot/install/mycobot_280pi/lib/python3.10/site-packages:/home/robotics/ros2_cobot/install/mycobot_280jn/lib/python3.10/site-packages:/home/robotics/ros2_cobot/install/mycobot_280_x3pi/lib/python3.10/site-packages:/home/robotics/ros2_cobot/install/mycobot_280_riscv/lib/python3.10/site-packages:/home/robotics/ros2_cobot/install/mycobot_280_rdkx5/lib/python3.10/site-packages:/home/robotics/ros2_cobot/install/mycobot_280_moveit2_control/lib/python3.10/site-packages:/home/robotics/ros2_cobot/install/mycobot_280_arduino/lib/python3.10/site-packages:/home/robotics/ros2_cobot/install/mycobot_280/lib/python3.10/site-packages:/home/robotics/ros2_cobot/install/mybuddy/lib/python3.10/site-packages:/home/robotics/ros2_cobot/install/myarm_300/lib/python3.10/site-packages:/home/robotics/ros2_cobot/install/mecharm_pi/lib/python3.10/site-packages:/home/robotics/ros2_cobot/install/mecharm/lib/python3.10/site-packages:/home/robotics/ros2_cobot/install/mecharm_interfaces/local/lib/python3.10/dist-packages:/opt/ros/humble/lib/python3.10/site-packages:/opt/ros/humble/local/lib/python3.10/dist-packages /usr/bin/python3 -W ignore:setup.py install is deprecated -W ignore:easy_install command is deprecated setup.py egg_info --egg-base ../../../../build/mycobot_320 build --build-base /home/robotics/ros2_cobot/build/mycobot_320/build install --record /home/robotics/ros2_cobot/build/mycobot_320/install.log --single-version-externally-managed install_data
[9.099s] DEBUG:colcon.colcon_core.event_handler.log_command:Invoking command in '/home/robotics/ros2_cobot/src/mycobot_ros2/mycobot_320/mycobot_320_riscv': AMENT_PREFIX_PATH=/home/robotics/ros2_cobot/install/mycobot_description:/home/robotics/ros2_cobot/install/ultraarm:/home/robotics/ros2_cobot/install/traj_scripts:/home/robotics/ros2_cobot/install/mypalletizer_communication:/home/robotics/ros2_cobot/install/mypalletizer_interfaces:/home/robotics/ros2_cobot/install/mypalletizer_260_pi:/home/robotics/ros2_cobot/install/mypalletizer_260:/home/robotics/ros2_cobot/install/myarm_m750:/home/robotics/ros2_cobot/install/myarm_c650:/home/robotics/ros2_cobot/install/mycobot_communication:/home/robotics/ros2_cobot/install/mecharm_communication:/home/robotics/ros2_cobot/install/mycobot_interfaces:/home/robotics/ros2_cobot/install/mycobot_630:/home/robotics/ros2_cobot/install/mycobot_600:/home/robotics/ros2_cobot/install/mycobot_320pi:/home/robotics/ros2_cobot/install/mycobot_320_riscv:/home/robotics/ros2_cobot/install/mycobot_320:/home/robotics/ros2_cobot/install/mycobot_280rdkx5_moveit2:/home/robotics/ros2_cobot/install/mycobot_280pi:/home/robotics/ros2_cobot/install/mycobot_280jn:/home/robotics/ros2_cobot/install/mycobot_280arduino_moveit2:/home/robotics/ros2_cobot/install/mycobot_280_x3pi:/home/robotics/ros2_cobot/install/mycobot_280_riscv:/home/robotics/ros2_cobot/install/mycobot_280_rdkx5:/home/robotics/ros2_cobot/install/mycobot_280_moveit2_control:/home/robotics/ros2_cobot/install/mycobot_280_moveit2:/home/robotics/ros2_cobot/install/mycobot_280_arduino:/home/robotics/ros2_cobot/install/mycobot_280:/home/robotics/ros2_cobot/install/mybuddy:/home/robotics/ros2_cobot/install/myarm_300:/home/robotics/ros2_cobot/install/mecharm_pi:/home/robotics/ros2_cobot/install/mecharm:/home/robotics/ros2_cobot/install/mecharm_interfaces:/opt/ros/humble PYTHONPATH=/home/robotics/ros2_cobot/build/mycobot_320_riscv/prefix_override:/usr/lib/python3/dist-packages/colcon_core/task/python/colcon_distutils_commands:/home/robotics/ros2_cobot/install/mycobot_320_riscv/lib/python3.10/site-packages:/home/robotics/ros2_cobot/install/mycobot_description/lib/python3.10/site-packages:/home/robotics/ros2_cobot/install/ultraarm/lib/python3.10/site-packages:/home/robotics/ros2_cobot/install/traj_scripts/local/lib/python3.10/dist-packages:/home/robotics/ros2_cobot/install/mypalletizer_communication/lib/python3.10/site-packages:/home/robotics/ros2_cobot/install/mypalletizer_interfaces/local/lib/python3.10/dist-packages:/home/robotics/ros2_cobot/install/mypalletizer_260_pi/lib/python3.10/site-packages:/home/robotics/ros2_cobot/install/mypalletizer_260/lib/python3.10/site-packages:/home/robotics/ros2_cobot/install/myarm_m750/lib/python3.10/site-packages:/home/robotics/ros2_cobot/install/myarm_c650/lib/python3.10/site-packages:/home/robotics/ros2_cobot/install/mycobot_communication/lib/python3.10/site-packages:/home/robotics/ros2_cobot/install/mecharm_communication/lib/python3.10/site-packages:/home/robotics/ros2_cobot/install/mycobot_interfaces/local/lib/python3.10/dist-packages:/home/robotics/ros2_cobot/install/mycobot_630/lib/python3.10/site-packages:/home/robotics/ros2_cobot/install/mycobot_600/lib/python3.10/site-packages:/home/robotics/ros2_cobot/install/mycobot_320pi/lib/python3.10/site-packages:/home/robotics/ros2_cobot/install/mycobot_320_riscv/lib/python3.10/site-packages:/home/robotics/ros2_cobot/install/mycobot_320/lib/python3.10/site-packages:/home/robotics/ros2_cobot/install/mycobot_280pi/lib/python3.10/site-packages:/home/robotics/ros2_cobot/install/mycobot_280jn/lib/python3.10/site-packages:/home/robotics/ros2_cobot/install/mycobot_280_x3pi/lib/python3.10/site-packages:/home/robotics/ros2_cobot/install/mycobot_280_riscv/lib/python3.10/site-packages:/home/robotics/ros2_cobot/install/mycobot_280_rdkx5/lib/python3.10/site-packages:/home/robotics/ros2_cobot/install/mycobot_280_moveit2_control/lib/python3.10/site-packages:/home/robotics/ros2_cobot/install/mycobot_280_arduino/lib/python3.10/site-packages:/home/robotics/ros2_cobot/install/mycobot_280/lib/python3.10/site-packages:/home/robotics/ros2_cobot/install/mybuddy/lib/python3.10/site-packages:/home/robotics/ros2_cobot/install/myarm_300/lib/python3.10/site-packages:/home/robotics/ros2_cobot/install/mecharm_pi/lib/python3.10/site-packages:/home/robotics/ros2_cobot/install/mecharm/lib/python3.10/site-packages:/home/robotics/ros2_cobot/install/mecharm_interfaces/local/lib/python3.10/dist-packages:/opt/ros/humble/lib/python3.10/site-packages:/opt/ros/humble/local/lib/python3.10/dist-packages /usr/bin/python3 -W ignore:setup.py install is deprecated -W ignore:easy_install command is deprecated setup.py egg_info --egg-base ../../../../build/mycobot_320_riscv build --build-base /home/robotics/ros2_cobot/build/mycobot_320_riscv/build install --record /home/robotics/ros2_cobot/build/mycobot_320_riscv/install.log --single-version-externally-managed install_data
[9.306s] DEBUG:colcon.colcon_core.event_handler.log_command:Invoked command in '/home/robotics/ros2_cobot/build/traj_scripts' returned '0': CMAKE_PREFIX_PATH=${CMAKE_PREFIX_PATH}:/home/robotics/ros2_cobot/install/ultraarm:/home/robotics/ros2_cobot/install/mypalletizer_communication:/home/robotics/ros2_cobot/install/mypalletizer_260_pi:/home/robotics/ros2_cobot/install/mypalletizer_260:/home/robotics/ros2_cobot/install/myarm_m750:/home/robotics/ros2_cobot/install/myarm_c650:/home/robotics/ros2_cobot/install/mycobot_communication:/home/robotics/ros2_cobot/install/mecharm_communication:/home/robotics/ros2_cobot/install/mycobot_630:/home/robotics/ros2_cobot/install/mycobot_600:/home/robotics/ros2_cobot/install/mycobot_320pi:/home/robotics/ros2_cobot/install/mycobot_320_riscv:/home/robotics/ros2_cobot/install/mycobot_320:/home/robotics/ros2_cobot/install/mycobot_280pi:/home/robotics/ros2_cobot/install/mycobot_280jn:/home/robotics/ros2_cobot/install/mycobot_280_x3pi:/home/robotics/ros2_cobot/install/mycobot_280_riscv:/home/robotics/ros2_cobot/install/mycobot_280_rdkx5:/home/robotics/ros2_cobot/install/mycobot_280_moveit2_control:/home/robotics/ros2_cobot/install/mycobot_280_arduino:/home/robotics/ros2_cobot/install/mycobot_280:/home/robotics/ros2_cobot/install/mybuddy:/home/robotics/ros2_cobot/install/myarm_300:/home/robotics/ros2_cobot/install/mecharm_pi:/home/robotics/ros2_cobot/install/mecharm:/home/robotics/ros2_cobot/install/mycobot_description:/opt/ros/humble /usr/bin/cmake --build /home/robotics/ros2_cobot/build/traj_scripts -- -j16 -l16
[9.307s] DEBUG:colcon.colcon_core.event_handler.log_command:Invoking command in '/home/robotics/ros2_cobot/build/traj_scripts': CMAKE_PREFIX_PATH=${CMAKE_PREFIX_PATH}:/home/robotics/ros2_cobot/install/ultraarm:/home/robotics/ros2_cobot/install/mypalletizer_communication:/home/robotics/ros2_cobot/install/mypalletizer_260_pi:/home/robotics/ros2_cobot/install/mypalletizer_260:/home/robotics/ros2_cobot/install/myarm_m750:/home/robotics/ros2_cobot/install/myarm_c650:/home/robotics/ros2_cobot/install/mycobot_communication:/home/robotics/ros2_cobot/install/mecharm_communication:/home/robotics/ros2_cobot/install/mycobot_630:/home/robotics/ros2_cobot/install/mycobot_600:/home/robotics/ros2_cobot/install/mycobot_320pi:/home/robotics/ros2_cobot/install/mycobot_320_riscv:/home/robotics/ros2_cobot/install/mycobot_320:/home/robotics/ros2_cobot/install/mycobot_280pi:/home/robotics/ros2_cobot/install/mycobot_280jn:/home/robotics/ros2_cobot/install/mycobot_280_x3pi:/home/robotics/ros2_cobot/install/mycobot_280_riscv:/home/robotics/ros2_cobot/install/mycobot_280_rdkx5:/home/robotics/ros2_cobot/install/mycobot_280_moveit2_control:/home/robotics/ros2_cobot/install/mycobot_280_arduino:/home/robotics/ros2_cobot/install/mycobot_280:/home/robotics/ros2_cobot/install/mybuddy:/home/robotics/ros2_cobot/install/myarm_300:/home/robotics/ros2_cobot/install/mecharm_pi:/home/robotics/ros2_cobot/install/mecharm:/home/robotics/ros2_cobot/install/mycobot_description:/opt/ros/humble /usr/bin/cmake --install /home/robotics/ros2_cobot/build/traj_scripts
[9.379s] Level 1:colcon.colcon_core.environment:create_environment_scripts_only(traj_scripts)
[9.380s] Level 1:colcon.colcon_core.environment:checking '/home/robotics/ros2_cobot/install/traj_scripts' for CMake module files
[9.380s] DEBUG:colcon.colcon_core.event_handler.log_command:Invoked command in '/home/robotics/ros2_cobot/build/traj_scripts' returned '0': CMAKE_PREFIX_PATH=${CMAKE_PREFIX_PATH}:/home/robotics/ros2_cobot/install/ultraarm:/home/robotics/ros2_cobot/install/mypalletizer_communication:/home/robotics/ros2_cobot/install/mypalletizer_260_pi:/home/robotics/ros2_cobot/install/mypalletizer_260:/home/robotics/ros2_cobot/install/myarm_m750:/home/robotics/ros2_cobot/install/myarm_c650:/home/robotics/ros2_cobot/install/mycobot_communication:/home/robotics/ros2_cobot/install/mecharm_communication:/home/robotics/ros2_cobot/install/mycobot_630:/home/robotics/ros2_cobot/install/mycobot_600:/home/robotics/ros2_cobot/install/mycobot_320pi:/home/robotics/ros2_cobot/install/mycobot_320_riscv:/home/robotics/ros2_cobot/install/mycobot_320:/home/robotics/ros2_cobot/install/mycobot_280pi:/home/robotics/ros2_cobot/install/mycobot_280jn:/home/robotics/ros2_cobot/install/mycobot_280_x3pi:/home/robotics/ros2_cobot/install/mycobot_280_riscv:/home/robotics/ros2_cobot/install/mycobot_280_rdkx5:/home/robotics/ros2_cobot/install/mycobot_280_moveit2_control:/home/robotics/ros2_cobot/install/mycobot_280_arduino:/home/robotics/ros2_cobot/install/mycobot_280:/home/robotics/ros2_cobot/install/mybuddy:/home/robotics/ros2_cobot/install/myarm_300:/home/robotics/ros2_cobot/install/mecharm_pi:/home/robotics/ros2_cobot/install/mecharm:/home/robotics/ros2_cobot/install/mycobot_description:/opt/ros/humble /usr/bin/cmake --install /home/robotics/ros2_cobot/build/traj_scripts
[9.381s] Level 1:colcon.colcon_core.environment:checking '/home/robotics/ros2_cobot/install/traj_scripts' for CMake config files
[9.381s] Level 1:colcon.colcon_core.shell:create_environment_hook('traj_scripts', 'cmake_prefix_path')
[9.381s] INFO:colcon.colcon_core.shell:Creating environment hook '/home/robotics/ros2_cobot/install/traj_scripts/share/traj_scripts/hook/cmake_prefix_path.ps1'
[9.382s] INFO:colcon.colcon_core.shell:Creating environment descriptor '/home/robotics/ros2_cobot/install/traj_scripts/share/traj_scripts/hook/cmake_prefix_path.dsv'
[9.382s] INFO:colcon.colcon_core.shell:Creating environment hook '/home/robotics/ros2_cobot/install/traj_scripts/share/traj_scripts/hook/cmake_prefix_path.sh'
[9.382s] Level 1:colcon.colcon_core.environment:checking '/home/robotics/ros2_cobot/install/traj_scripts/lib'
[9.383s] Level 1:colcon.colcon_core.environment:checking '/home/robotics/ros2_cobot/install/traj_scripts/bin'
[9.383s] Level 1:colcon.colcon_core.environment:checking '/home/robotics/ros2_cobot/install/traj_scripts/lib/pkgconfig/traj_scripts.pc'
[9.383s] Level 1:colcon.colcon_core.environment:checking '/home/robotics/ros2_cobot/install/traj_scripts/lib/python3.10/site-packages'
[9.383s] Level 1:colcon.colcon_core.environment:checking '/home/robotics/ros2_cobot/install/traj_scripts/bin'
[9.383s] INFO:colcon.colcon_core.shell:Creating package script '/home/robotics/ros2_cobot/install/traj_scripts/share/traj_scripts/package.ps1'
[9.384s] INFO:colcon.colcon_core.shell:Creating package descriptor '/home/robotics/ros2_cobot/install/traj_scripts/share/traj_scripts/package.dsv'
[9.384s] INFO:colcon.colcon_core.shell:Creating package script '/home/robotics/ros2_cobot/install/traj_scripts/share/traj_scripts/package.sh'
[9.384s] INFO:colcon.colcon_core.shell:Creating package script '/home/robotics/ros2_cobot/install/traj_scripts/share/traj_scripts/package.bash'
[9.385s] INFO:colcon.colcon_core.shell:Creating package script '/home/robotics/ros2_cobot/install/traj_scripts/share/traj_scripts/package.zsh'
[9.385s] Level 1:colcon.colcon_core.environment:create_file_with_runtime_dependencies(/home/robotics/ros2_cobot/install/traj_scripts/share/colcon-core/packages/traj_scripts)
[9.387s] Level 1:colcon.colcon_core.environment:create_environment_scripts_only(traj_scripts)
[9.387s] Level 1:colcon.colcon_core.environment:checking '/home/robotics/ros2_cobot/install/traj_scripts' for CMake module files
[9.388s] Level 1:colcon.colcon_core.environment:checking '/home/robotics/ros2_cobot/install/traj_scripts' for CMake config files
[9.388s] Level 1:colcon.colcon_core.shell:create_environment_hook('traj_scripts', 'cmake_prefix_path')
[9.388s] INFO:colcon.colcon_core.shell:Creating environment hook '/home/robotics/ros2_cobot/install/traj_scripts/share/traj_scripts/hook/cmake_prefix_path.ps1'
[9.389s] INFO:colcon.colcon_core.shell:Creating environment descriptor '/home/robotics/ros2_cobot/install/traj_scripts/share/traj_scripts/hook/cmake_prefix_path.dsv'
[9.389s] INFO:colcon.colcon_core.shell:Creating environment hook '/home/robotics/ros2_cobot/install/traj_scripts/share/traj_scripts/hook/cmake_prefix_path.sh'
[9.390s] Level 1:colcon.colcon_core.environment:checking '/home/robotics/ros2_cobot/install/traj_scripts/lib'
[9.390s] Level 1:colcon.colcon_core.environment:checking '/home/robotics/ros2_cobot/install/traj_scripts/bin'
[9.390s] Level 1:colcon.colcon_core.environment:checking '/home/robotics/ros2_cobot/install/traj_scripts/lib/pkgconfig/traj_scripts.pc'
[9.390s] Level 1:colcon.colcon_core.environment:checking '/home/robotics/ros2_cobot/install/traj_scripts/lib/python3.10/site-packages'
[9.390s] Level 1:colcon.colcon_core.environment:checking '/home/robotics/ros2_cobot/install/traj_scripts/bin'
[9.390s] INFO:colcon.colcon_core.shell:Creating package script '/home/robotics/ros2_cobot/install/traj_scripts/share/traj_scripts/package.ps1'
[9.391s] INFO:colcon.colcon_core.shell:Creating package descriptor '/home/robotics/ros2_cobot/install/traj_scripts/share/traj_scripts/package.dsv'
[9.391s] INFO:colcon.colcon_core.shell:Creating package script '/home/robotics/ros2_cobot/install/traj_scripts/share/traj_scripts/package.sh'
[9.392s] INFO:colcon.colcon_core.shell:Creating package script '/home/robotics/ros2_cobot/install/traj_scripts/share/traj_scripts/package.bash'
[9.392s] INFO:colcon.colcon_core.shell:Creating package script '/home/robotics/ros2_cobot/install/traj_scripts/share/traj_scripts/package.zsh'
[9.392s] Level 1:colcon.colcon_core.environment:create_file_with_runtime_dependencies(/home/robotics/ros2_cobot/install/traj_scripts/share/colcon-core/packages/traj_scripts)
[9.414s] Level 1:colcon.colcon_core.environment:checking '/home/robotics/ros2_cobot/install/mycobot_320pi' for CMake module files
[9.415s] DEBUG:colcon.colcon_core.event_handler.log_command:Invoked command in '/home/robotics/ros2_cobot/src/mycobot_ros2/mycobot_320/mycobot_320pi' returned '0': AMENT_PREFIX_PATH=/home/robotics/ros2_cobot/install/mycobot_description:/home/robotics/ros2_cobot/install/ultraarm:/home/robotics/ros2_cobot/install/traj_scripts:/home/robotics/ros2_cobot/install/mypalletizer_communication:/home/robotics/ros2_cobot/install/mypalletizer_interfaces:/home/robotics/ros2_cobot/install/mypalletizer_260_pi:/home/robotics/ros2_cobot/install/mypalletizer_260:/home/robotics/ros2_cobot/install/myarm_m750:/home/robotics/ros2_cobot/install/myarm_c650:/home/robotics/ros2_cobot/install/mycobot_communication:/home/robotics/ros2_cobot/install/mecharm_communication:/home/robotics/ros2_cobot/install/mycobot_interfaces:/home/robotics/ros2_cobot/install/mycobot_630:/home/robotics/ros2_cobot/install/mycobot_600:/home/robotics/ros2_cobot/install/mycobot_320pi:/home/robotics/ros2_cobot/install/mycobot_320_riscv:/home/robotics/ros2_cobot/install/mycobot_320:/home/robotics/ros2_cobot/install/mycobot_280rdkx5_moveit2:/home/robotics/ros2_cobot/install/mycobot_280pi:/home/robotics/ros2_cobot/install/mycobot_280jn:/home/robotics/ros2_cobot/install/mycobot_280arduino_moveit2:/home/robotics/ros2_cobot/install/mycobot_280_x3pi:/home/robotics/ros2_cobot/install/mycobot_280_riscv:/home/robotics/ros2_cobot/install/mycobot_280_rdkx5:/home/robotics/ros2_cobot/install/mycobot_280_moveit2_control:/home/robotics/ros2_cobot/install/mycobot_280_moveit2:/home/robotics/ros2_cobot/install/mycobot_280_arduino:/home/robotics/ros2_cobot/install/mycobot_280:/home/robotics/ros2_cobot/install/mybuddy:/home/robotics/ros2_cobot/install/myarm_300:/home/robotics/ros2_cobot/install/mecharm_pi:/home/robotics/ros2_cobot/install/mecharm:/home/robotics/ros2_cobot/install/mecharm_interfaces:/opt/ros/humble PYTHONPATH=/home/robotics/ros2_cobot/build/mycobot_320pi/prefix_override:/usr/lib/python3/dist-packages/colcon_core/task/python/colcon_distutils_commands:/home/robotics/ros2_cobot/install/mycobot_320pi/lib/python3.10/site-packages:/home/robotics/ros2_cobot/install/mycobot_description/lib/python3.10/site-packages:/home/robotics/ros2_cobot/install/ultraarm/lib/python3.10/site-packages:/home/robotics/ros2_cobot/install/traj_scripts/local/lib/python3.10/dist-packages:/home/robotics/ros2_cobot/install/mypalletizer_communication/lib/python3.10/site-packages:/home/robotics/ros2_cobot/install/mypalletizer_interfaces/local/lib/python3.10/dist-packages:/home/robotics/ros2_cobot/install/mypalletizer_260_pi/lib/python3.10/site-packages:/home/robotics/ros2_cobot/install/mypalletizer_260/lib/python3.10/site-packages:/home/robotics/ros2_cobot/install/myarm_m750/lib/python3.10/site-packages:/home/robotics/ros2_cobot/install/myarm_c650/lib/python3.10/site-packages:/home/robotics/ros2_cobot/install/mycobot_communication/lib/python3.10/site-packages:/home/robotics/ros2_cobot/install/mecharm_communication/lib/python3.10/site-packages:/home/robotics/ros2_cobot/install/mycobot_interfaces/local/lib/python3.10/dist-packages:/home/robotics/ros2_cobot/install/mycobot_630/lib/python3.10/site-packages:/home/robotics/ros2_cobot/install/mycobot_600/lib/python3.10/site-packages:/home/robotics/ros2_cobot/install/mycobot_320pi/lib/python3.10/site-packages:/home/robotics/ros2_cobot/install/mycobot_320_riscv/lib/python3.10/site-packages:/home/robotics/ros2_cobot/install/mycobot_320/lib/python3.10/site-packages:/home/robotics/ros2_cobot/install/mycobot_280pi/lib/python3.10/site-packages:/home/robotics/ros2_cobot/install/mycobot_280jn/lib/python3.10/site-packages:/home/robotics/ros2_cobot/install/mycobot_280_x3pi/lib/python3.10/site-packages:/home/robotics/ros2_cobot/install/mycobot_280_riscv/lib/python3.10/site-packages:/home/robotics/ros2_cobot/install/mycobot_280_rdkx5/lib/python3.10/site-packages:/home/robotics/ros2_cobot/install/mycobot_280_moveit2_control/lib/python3.10/site-packages:/home/robotics/ros2_cobot/install/mycobot_280_arduino/lib/python3.10/site-packages:/home/robotics/ros2_cobot/install/mycobot_280/lib/python3.10/site-packages:/home/robotics/ros2_cobot/install/mybuddy/lib/python3.10/site-packages:/home/robotics/ros2_cobot/install/myarm_300/lib/python3.10/site-packages:/home/robotics/ros2_cobot/install/mecharm_pi/lib/python3.10/site-packages:/home/robotics/ros2_cobot/install/mecharm/lib/python3.10/site-packages:/home/robotics/ros2_cobot/install/mecharm_interfaces/local/lib/python3.10/dist-packages:/opt/ros/humble/lib/python3.10/site-packages:/opt/ros/humble/local/lib/python3.10/dist-packages /usr/bin/python3 -W ignore:setup.py install is deprecated -W ignore:easy_install command is deprecated setup.py egg_info --egg-base ../../../../build/mycobot_320pi build --build-base /home/robotics/ros2_cobot/build/mycobot_320pi/build install --record /home/robotics/ros2_cobot/build/mycobot_320pi/install.log --single-version-externally-managed install_data
[9.415s] Level 1:colcon.colcon_core.environment:checking '/home/robotics/ros2_cobot/install/mycobot_320pi' for CMake config files
[9.415s] Level 1:colcon.colcon_core.environment:checking '/home/robotics/ros2_cobot/install/mycobot_320pi/lib'
[9.415s] Level 1:colcon.colcon_core.environment:checking '/home/robotics/ros2_cobot/install/mycobot_320pi/bin'
[9.415s] Level 1:colcon.colcon_core.environment:checking '/home/robotics/ros2_cobot/install/mycobot_320pi/lib/pkgconfig/mycobot_320pi.pc'
[9.416s] Level 1:colcon.colcon_core.environment:checking '/home/robotics/ros2_cobot/install/mycobot_320pi/lib/python3.10/site-packages'
[9.416s] Level 1:colcon.colcon_core.shell:create_environment_hook('mycobot_320pi', 'pythonpath')
[9.416s] INFO:colcon.colcon_core.shell:Creating environment hook '/home/robotics/ros2_cobot/install/mycobot_320pi/share/mycobot_320pi/hook/pythonpath.ps1'
[9.416s] INFO:colcon.colcon_core.shell:Creating environment descriptor '/home/robotics/ros2_cobot/install/mycobot_320pi/share/mycobot_320pi/hook/pythonpath.dsv'
[9.416s] INFO:colcon.colcon_core.shell:Creating environment hook '/home/robotics/ros2_cobot/install/mycobot_320pi/share/mycobot_320pi/hook/pythonpath.sh'
[9.417s] Level 1:colcon.colcon_core.environment:checking '/home/robotics/ros2_cobot/install/mycobot_320pi/bin'
[9.417s] Level 1:colcon.colcon_core.environment:create_environment_scripts_only(mycobot_320pi)
[9.417s] INFO:colcon.colcon_core.shell:Creating package script '/home/robotics/ros2_cobot/install/mycobot_320pi/share/mycobot_320pi/package.ps1'
[9.417s] INFO:colcon.colcon_core.shell:Creating package descriptor '/home/robotics/ros2_cobot/install/mycobot_320pi/share/mycobot_320pi/package.dsv'
[9.418s] INFO:colcon.colcon_core.shell:Creating package script '/home/robotics/ros2_cobot/install/mycobot_320pi/share/mycobot_320pi/package.sh'
[9.418s] INFO:colcon.colcon_core.shell:Creating package script '/home/robotics/ros2_cobot/install/mycobot_320pi/share/mycobot_320pi/package.bash'
[9.418s] INFO:colcon.colcon_core.shell:Creating package script '/home/robotics/ros2_cobot/install/mycobot_320pi/share/mycobot_320pi/package.zsh'
[9.419s] Level 1:colcon.colcon_core.environment:create_file_with_runtime_dependencies(/home/robotics/ros2_cobot/install/mycobot_320pi/share/colcon-core/packages/mycobot_320pi)
[9.484s] DEBUG:colcon.colcon_core.event_handler.log_command:Invoking command in '/home/robotics/ros2_cobot/src/mycobot_ros2/mycobot_pro/mycobot_600': AMENT_PREFIX_PATH=/home/robotics/ros2_cobot/install/mycobot_description:/home/robotics/ros2_cobot/install/ultraarm:/home/robotics/ros2_cobot/install/traj_scripts:/home/robotics/ros2_cobot/install/mypalletizer_communication:/home/robotics/ros2_cobot/install/mypalletizer_interfaces:/home/robotics/ros2_cobot/install/mypalletizer_260_pi:/home/robotics/ros2_cobot/install/mypalletizer_260:/home/robotics/ros2_cobot/install/myarm_m750:/home/robotics/ros2_cobot/install/myarm_c650:/home/robotics/ros2_cobot/install/mycobot_communication:/home/robotics/ros2_cobot/install/mecharm_communication:/home/robotics/ros2_cobot/install/mycobot_interfaces:/home/robotics/ros2_cobot/install/mycobot_630:/home/robotics/ros2_cobot/install/mycobot_600:/home/robotics/ros2_cobot/install/mycobot_320pi:/home/robotics/ros2_cobot/install/mycobot_320_riscv:/home/robotics/ros2_cobot/install/mycobot_320:/home/robotics/ros2_cobot/install/mycobot_280rdkx5_moveit2:/home/robotics/ros2_cobot/install/mycobot_280pi:/home/robotics/ros2_cobot/install/mycobot_280jn:/home/robotics/ros2_cobot/install/mycobot_280arduino_moveit2:/home/robotics/ros2_cobot/install/mycobot_280_x3pi:/home/robotics/ros2_cobot/install/mycobot_280_riscv:/home/robotics/ros2_cobot/install/mycobot_280_rdkx5:/home/robotics/ros2_cobot/install/mycobot_280_moveit2_control:/home/robotics/ros2_cobot/install/mycobot_280_moveit2:/home/robotics/ros2_cobot/install/mycobot_280_arduino:/home/robotics/ros2_cobot/install/mycobot_280:/home/robotics/ros2_cobot/install/mybuddy:/home/robotics/ros2_cobot/install/myarm_300:/home/robotics/ros2_cobot/install/mecharm_pi:/home/robotics/ros2_cobot/install/mecharm:/home/robotics/ros2_cobot/install/mecharm_interfaces:/opt/ros/humble PYTHONPATH=/home/robotics/ros2_cobot/build/mycobot_600/prefix_override:/usr/lib/python3/dist-packages/colcon_core/task/python/colcon_distutils_commands:/home/robotics/ros2_cobot/install/mycobot_600/lib/python3.10/site-packages:/home/robotics/ros2_cobot/install/mycobot_description/lib/python3.10/site-packages:/home/robotics/ros2_cobot/install/ultraarm/lib/python3.10/site-packages:/home/robotics/ros2_cobot/install/traj_scripts/local/lib/python3.10/dist-packages:/home/robotics/ros2_cobot/install/mypalletizer_communication/lib/python3.10/site-packages:/home/robotics/ros2_cobot/install/mypalletizer_interfaces/local/lib/python3.10/dist-packages:/home/robotics/ros2_cobot/install/mypalletizer_260_pi/lib/python3.10/site-packages:/home/robotics/ros2_cobot/install/mypalletizer_260/lib/python3.10/site-packages:/home/robotics/ros2_cobot/install/myarm_m750/lib/python3.10/site-packages:/home/robotics/ros2_cobot/install/myarm_c650/lib/python3.10/site-packages:/home/robotics/ros2_cobot/install/mycobot_communication/lib/python3.10/site-packages:/home/robotics/ros2_cobot/install/mecharm_communication/lib/python3.10/site-packages:/home/robotics/ros2_cobot/install/mycobot_interfaces/local/lib/python3.10/dist-packages:/home/robotics/ros2_cobot/install/mycobot_630/lib/python3.10/site-packages:/home/robotics/ros2_cobot/install/mycobot_600/lib/python3.10/site-packages:/home/robotics/ros2_cobot/install/mycobot_320pi/lib/python3.10/site-packages:/home/robotics/ros2_cobot/install/mycobot_320_riscv/lib/python3.10/site-packages:/home/robotics/ros2_cobot/install/mycobot_320/lib/python3.10/site-packages:/home/robotics/ros2_cobot/install/mycobot_280pi/lib/python3.10/site-packages:/home/robotics/ros2_cobot/install/mycobot_280jn/lib/python3.10/site-packages:/home/robotics/ros2_cobot/install/mycobot_280_x3pi/lib/python3.10/site-packages:/home/robotics/ros2_cobot/install/mycobot_280_riscv/lib/python3.10/site-packages:/home/robotics/ros2_cobot/install/mycobot_280_rdkx5/lib/python3.10/site-packages:/home/robotics/ros2_cobot/install/mycobot_280_moveit2_control/lib/python3.10/site-packages:/home/robotics/ros2_cobot/install/mycobot_280_arduino/lib/python3.10/site-packages:/home/robotics/ros2_cobot/install/mycobot_280/lib/python3.10/site-packages:/home/robotics/ros2_cobot/install/mybuddy/lib/python3.10/site-packages:/home/robotics/ros2_cobot/install/myarm_300/lib/python3.10/site-packages:/home/robotics/ros2_cobot/install/mecharm_pi/lib/python3.10/site-packages:/home/robotics/ros2_cobot/install/mecharm/lib/python3.10/site-packages:/home/robotics/ros2_cobot/install/mecharm_interfaces/local/lib/python3.10/dist-packages:/opt/ros/humble/lib/python3.10/site-packages:/opt/ros/humble/local/lib/python3.10/dist-packages /usr/bin/python3 -W ignore:setup.py install is deprecated -W ignore:easy_install command is deprecated setup.py egg_info --egg-base ../../../../build/mycobot_600 build --build-base /home/robotics/ros2_cobot/build/mycobot_600/build install --record /home/robotics/ros2_cobot/build/mycobot_600/install.log --single-version-externally-managed install_data
[9.531s] Level 1:colcon.colcon_core.environment:checking '/home/robotics/ros2_cobot/install/mycobot_320' for CMake module files
[9.532s] DEBUG:colcon.colcon_core.event_handler.log_command:Invoked command in '/home/robotics/ros2_cobot/src/mycobot_ros2/mycobot_320/mycobot_320' returned '0': AMENT_PREFIX_PATH=/home/robotics/ros2_cobot/install/mycobot_description:/home/robotics/ros2_cobot/install/ultraarm:/home/robotics/ros2_cobot/install/traj_scripts:/home/robotics/ros2_cobot/install/mypalletizer_communication:/home/robotics/ros2_cobot/install/mypalletizer_interfaces:/home/robotics/ros2_cobot/install/mypalletizer_260_pi:/home/robotics/ros2_cobot/install/mypalletizer_260:/home/robotics/ros2_cobot/install/myarm_m750:/home/robotics/ros2_cobot/install/myarm_c650:/home/robotics/ros2_cobot/install/mycobot_communication:/home/robotics/ros2_cobot/install/mecharm_communication:/home/robotics/ros2_cobot/install/mycobot_interfaces:/home/robotics/ros2_cobot/install/mycobot_630:/home/robotics/ros2_cobot/install/mycobot_600:/home/robotics/ros2_cobot/install/mycobot_320pi:/home/robotics/ros2_cobot/install/mycobot_320_riscv:/home/robotics/ros2_cobot/install/mycobot_320:/home/robotics/ros2_cobot/install/mycobot_280rdkx5_moveit2:/home/robotics/ros2_cobot/install/mycobot_280pi:/home/robotics/ros2_cobot/install/mycobot_280jn:/home/robotics/ros2_cobot/install/mycobot_280arduino_moveit2:/home/robotics/ros2_cobot/install/mycobot_280_x3pi:/home/robotics/ros2_cobot/install/mycobot_280_riscv:/home/robotics/ros2_cobot/install/mycobot_280_rdkx5:/home/robotics/ros2_cobot/install/mycobot_280_moveit2_control:/home/robotics/ros2_cobot/install/mycobot_280_moveit2:/home/robotics/ros2_cobot/install/mycobot_280_arduino:/home/robotics/ros2_cobot/install/mycobot_280:/home/robotics/ros2_cobot/install/mybuddy:/home/robotics/ros2_cobot/install/myarm_300:/home/robotics/ros2_cobot/install/mecharm_pi:/home/robotics/ros2_cobot/install/mecharm:/home/robotics/ros2_cobot/install/mecharm_interfaces:/opt/ros/humble PYTHONPATH=/home/robotics/ros2_cobot/build/mycobot_320/prefix_override:/usr/lib/python3/dist-packages/colcon_core/task/python/colcon_distutils_commands:/home/robotics/ros2_cobot/install/mycobot_320/lib/python3.10/site-packages:/home/robotics/ros2_cobot/install/mycobot_description/lib/python3.10/site-packages:/home/robotics/ros2_cobot/install/ultraarm/lib/python3.10/site-packages:/home/robotics/ros2_cobot/install/traj_scripts/local/lib/python3.10/dist-packages:/home/robotics/ros2_cobot/install/mypalletizer_communication/lib/python3.10/site-packages:/home/robotics/ros2_cobot/install/mypalletizer_interfaces/local/lib/python3.10/dist-packages:/home/robotics/ros2_cobot/install/mypalletizer_260_pi/lib/python3.10/site-packages:/home/robotics/ros2_cobot/install/mypalletizer_260/lib/python3.10/site-packages:/home/robotics/ros2_cobot/install/myarm_m750/lib/python3.10/site-packages:/home/robotics/ros2_cobot/install/myarm_c650/lib/python3.10/site-packages:/home/robotics/ros2_cobot/install/mycobot_communication/lib/python3.10/site-packages:/home/robotics/ros2_cobot/install/mecharm_communication/lib/python3.10/site-packages:/home/robotics/ros2_cobot/install/mycobot_interfaces/local/lib/python3.10/dist-packages:/home/robotics/ros2_cobot/install/mycobot_630/lib/python3.10/site-packages:/home/robotics/ros2_cobot/install/mycobot_600/lib/python3.10/site-packages:/home/robotics/ros2_cobot/install/mycobot_320pi/lib/python3.10/site-packages:/home/robotics/ros2_cobot/install/mycobot_320_riscv/lib/python3.10/site-packages:/home/robotics/ros2_cobot/install/mycobot_320/lib/python3.10/site-packages:/home/robotics/ros2_cobot/install/mycobot_280pi/lib/python3.10/site-packages:/home/robotics/ros2_cobot/install/mycobot_280jn/lib/python3.10/site-packages:/home/robotics/ros2_cobot/install/mycobot_280_x3pi/lib/python3.10/site-packages:/home/robotics/ros2_cobot/install/mycobot_280_riscv/lib/python3.10/site-packages:/home/robotics/ros2_cobot/install/mycobot_280_rdkx5/lib/python3.10/site-packages:/home/robotics/ros2_cobot/install/mycobot_280_moveit2_control/lib/python3.10/site-packages:/home/robotics/ros2_cobot/install/mycobot_280_arduino/lib/python3.10/site-packages:/home/robotics/ros2_cobot/install/mycobot_280/lib/python3.10/site-packages:/home/robotics/ros2_cobot/install/mybuddy/lib/python3.10/site-packages:/home/robotics/ros2_cobot/install/myarm_300/lib/python3.10/site-packages:/home/robotics/ros2_cobot/install/mecharm_pi/lib/python3.10/site-packages:/home/robotics/ros2_cobot/install/mecharm/lib/python3.10/site-packages:/home/robotics/ros2_cobot/install/mecharm_interfaces/local/lib/python3.10/dist-packages:/opt/ros/humble/lib/python3.10/site-packages:/opt/ros/humble/local/lib/python3.10/dist-packages /usr/bin/python3 -W ignore:setup.py install is deprecated -W ignore:easy_install command is deprecated setup.py egg_info --egg-base ../../../../build/mycobot_320 build --build-base /home/robotics/ros2_cobot/build/mycobot_320/build install --record /home/robotics/ros2_cobot/build/mycobot_320/install.log --single-version-externally-managed install_data
[9.532s] Level 1:colcon.colcon_core.environment:checking '/home/robotics/ros2_cobot/install/mycobot_320' for CMake config files
[9.533s] Level 1:colcon.colcon_core.environment:checking '/home/robotics/ros2_cobot/install/mycobot_320/lib'
[9.533s] Level 1:colcon.colcon_core.environment:checking '/home/robotics/ros2_cobot/install/mycobot_320/bin'
[9.533s] Level 1:colcon.colcon_core.environment:checking '/home/robotics/ros2_cobot/install/mycobot_320/lib/pkgconfig/mycobot_320.pc'
[9.533s] Level 1:colcon.colcon_core.environment:checking '/home/robotics/ros2_cobot/install/mycobot_320/lib/python3.10/site-packages'
[9.533s] Level 1:colcon.colcon_core.shell:create_environment_hook('mycobot_320', 'pythonpath')
[9.533s] INFO:colcon.colcon_core.shell:Creating environment hook '/home/robotics/ros2_cobot/install/mycobot_320/share/mycobot_320/hook/pythonpath.ps1'
[9.534s] INFO:colcon.colcon_core.shell:Creating environment descriptor '/home/robotics/ros2_cobot/install/mycobot_320/share/mycobot_320/hook/pythonpath.dsv'
[9.535s] INFO:colcon.colcon_core.shell:Creating environment hook '/home/robotics/ros2_cobot/install/mycobot_320/share/mycobot_320/hook/pythonpath.sh'
[9.535s] Level 1:colcon.colcon_core.environment:checking '/home/robotics/ros2_cobot/install/mycobot_320/bin'
[9.536s] Level 1:colcon.colcon_core.environment:create_environment_scripts_only(mycobot_320)
[9.537s] INFO:colcon.colcon_core.shell:Creating package script '/home/robotics/ros2_cobot/install/mycobot_320/share/mycobot_320/package.ps1'
[9.538s] INFO:colcon.colcon_core.shell:Creating package descriptor '/home/robotics/ros2_cobot/install/mycobot_320/share/mycobot_320/package.dsv'
[9.538s] INFO:colcon.colcon_core.shell:Creating package script '/home/robotics/ros2_cobot/install/mycobot_320/share/mycobot_320/package.sh'
[9.539s] INFO:colcon.colcon_core.shell:Creating package script '/home/robotics/ros2_cobot/install/mycobot_320/share/mycobot_320/package.bash'
[9.539s] INFO:colcon.colcon_core.shell:Creating package script '/home/robotics/ros2_cobot/install/mycobot_320/share/mycobot_320/package.zsh'
[9.540s] Level 1:colcon.colcon_core.environment:create_file_with_runtime_dependencies(/home/robotics/ros2_cobot/install/mycobot_320/share/colcon-core/packages/mycobot_320)
[9.541s] Level 1:colcon.colcon_core.environment:checking '/home/robotics/ros2_cobot/install/mycobot_320_riscv' for CMake module files
[9.542s] Level 1:colcon.colcon_core.environment:checking '/home/robotics/ros2_cobot/install/mycobot_320_riscv' for CMake config files
[9.542s] DEBUG:colcon.colcon_core.event_handler.log_command:Invoked command in '/home/robotics/ros2_cobot/src/mycobot_ros2/mycobot_320/mycobot_320_riscv' returned '0': AMENT_PREFIX_PATH=/home/robotics/ros2_cobot/install/mycobot_description:/home/robotics/ros2_cobot/install/ultraarm:/home/robotics/ros2_cobot/install/traj_scripts:/home/robotics/ros2_cobot/install/mypalletizer_communication:/home/robotics/ros2_cobot/install/mypalletizer_interfaces:/home/robotics/ros2_cobot/install/mypalletizer_260_pi:/home/robotics/ros2_cobot/install/mypalletizer_260:/home/robotics/ros2_cobot/install/myarm_m750:/home/robotics/ros2_cobot/install/myarm_c650:/home/robotics/ros2_cobot/install/mycobot_communication:/home/robotics/ros2_cobot/install/mecharm_communication:/home/robotics/ros2_cobot/install/mycobot_interfaces:/home/robotics/ros2_cobot/install/mycobot_630:/home/robotics/ros2_cobot/install/mycobot_600:/home/robotics/ros2_cobot/install/mycobot_320pi:/home/robotics/ros2_cobot/install/mycobot_320_riscv:/home/robotics/ros2_cobot/install/mycobot_320:/home/robotics/ros2_cobot/install/mycobot_280rdkx5_moveit2:/home/robotics/ros2_cobot/install/mycobot_280pi:/home/robotics/ros2_cobot/install/mycobot_280jn:/home/robotics/ros2_cobot/install/mycobot_280arduino_moveit2:/home/robotics/ros2_cobot/install/mycobot_280_x3pi:/home/robotics/ros2_cobot/install/mycobot_280_riscv:/home/robotics/ros2_cobot/install/mycobot_280_rdkx5:/home/robotics/ros2_cobot/install/mycobot_280_moveit2_control:/home/robotics/ros2_cobot/install/mycobot_280_moveit2:/home/robotics/ros2_cobot/install/mycobot_280_arduino:/home/robotics/ros2_cobot/install/mycobot_280:/home/robotics/ros2_cobot/install/mybuddy:/home/robotics/ros2_cobot/install/myarm_300:/home/robotics/ros2_cobot/install/mecharm_pi:/home/robotics/ros2_cobot/install/mecharm:/home/robotics/ros2_cobot/install/mecharm_interfaces:/opt/ros/humble PYTHONPATH=/home/robotics/ros2_cobot/build/mycobot_320_riscv/prefix_override:/usr/lib/python3/dist-packages/colcon_core/task/python/colcon_distutils_commands:/home/robotics/ros2_cobot/install/mycobot_320_riscv/lib/python3.10/site-packages:/home/robotics/ros2_cobot/install/mycobot_description/lib/python3.10/site-packages:/home/robotics/ros2_cobot/install/ultraarm/lib/python3.10/site-packages:/home/robotics/ros2_cobot/install/traj_scripts/local/lib/python3.10/dist-packages:/home/robotics/ros2_cobot/install/mypalletizer_communication/lib/python3.10/site-packages:/home/robotics/ros2_cobot/install/mypalletizer_interfaces/local/lib/python3.10/dist-packages:/home/robotics/ros2_cobot/install/mypalletizer_260_pi/lib/python3.10/site-packages:/home/robotics/ros2_cobot/install/mypalletizer_260/lib/python3.10/site-packages:/home/robotics/ros2_cobot/install/myarm_m750/lib/python3.10/site-packages:/home/robotics/ros2_cobot/install/myarm_c650/lib/python3.10/site-packages:/home/robotics/ros2_cobot/install/mycobot_communication/lib/python3.10/site-packages:/home/robotics/ros2_cobot/install/mecharm_communication/lib/python3.10/site-packages:/home/robotics/ros2_cobot/install/mycobot_interfaces/local/lib/python3.10/dist-packages:/home/robotics/ros2_cobot/install/mycobot_630/lib/python3.10/site-packages:/home/robotics/ros2_cobot/install/mycobot_600/lib/python3.10/site-packages:/home/robotics/ros2_cobot/install/mycobot_320pi/lib/python3.10/site-packages:/home/robotics/ros2_cobot/install/mycobot_320_riscv/lib/python3.10/site-packages:/home/robotics/ros2_cobot/install/mycobot_320/lib/python3.10/site-packages:/home/robotics/ros2_cobot/install/mycobot_280pi/lib/python3.10/site-packages:/home/robotics/ros2_cobot/install/mycobot_280jn/lib/python3.10/site-packages:/home/robotics/ros2_cobot/install/mycobot_280_x3pi/lib/python3.10/site-packages:/home/robotics/ros2_cobot/install/mycobot_280_riscv/lib/python3.10/site-packages:/home/robotics/ros2_cobot/install/mycobot_280_rdkx5/lib/python3.10/site-packages:/home/robotics/ros2_cobot/install/mycobot_280_moveit2_control/lib/python3.10/site-packages:/home/robotics/ros2_cobot/install/mycobot_280_arduino/lib/python3.10/site-packages:/home/robotics/ros2_cobot/install/mycobot_280/lib/python3.10/site-packages:/home/robotics/ros2_cobot/install/mybuddy/lib/python3.10/site-packages:/home/robotics/ros2_cobot/install/myarm_300/lib/python3.10/site-packages:/home/robotics/ros2_cobot/install/mecharm_pi/lib/python3.10/site-packages:/home/robotics/ros2_cobot/install/mecharm/lib/python3.10/site-packages:/home/robotics/ros2_cobot/install/mecharm_interfaces/local/lib/python3.10/dist-packages:/opt/ros/humble/lib/python3.10/site-packages:/opt/ros/humble/local/lib/python3.10/dist-packages /usr/bin/python3 -W ignore:setup.py install is deprecated -W ignore:easy_install command is deprecated setup.py egg_info --egg-base ../../../../build/mycobot_320_riscv build --build-base /home/robotics/ros2_cobot/build/mycobot_320_riscv/build install --record /home/robotics/ros2_cobot/build/mycobot_320_riscv/install.log --single-version-externally-managed install_data
[9.543s] Level 1:colcon.colcon_core.environment:checking '/home/robotics/ros2_cobot/install/mycobot_320_riscv/lib'
[9.543s] Level 1:colcon.colcon_core.environment:checking '/home/robotics/ros2_cobot/install/mycobot_320_riscv/bin'
[9.543s] Level 1:colcon.colcon_core.environment:checking '/home/robotics/ros2_cobot/install/mycobot_320_riscv/lib/pkgconfig/mycobot_320_riscv.pc'
[9.543s] Level 1:colcon.colcon_core.environment:checking '/home/robotics/ros2_cobot/install/mycobot_320_riscv/lib/python3.10/site-packages'
[9.544s] Level 1:colcon.colcon_core.shell:create_environment_hook('mycobot_320_riscv', 'pythonpath')
[9.544s] INFO:colcon.colcon_core.shell:Creating environment hook '/home/robotics/ros2_cobot/install/mycobot_320_riscv/share/mycobot_320_riscv/hook/pythonpath.ps1'
[9.544s] INFO:colcon.colcon_core.shell:Creating environment descriptor '/home/robotics/ros2_cobot/install/mycobot_320_riscv/share/mycobot_320_riscv/hook/pythonpath.dsv'
[9.545s] INFO:colcon.colcon_core.shell:Creating environment hook '/home/robotics/ros2_cobot/install/mycobot_320_riscv/share/mycobot_320_riscv/hook/pythonpath.sh'
[9.545s] Level 1:colcon.colcon_core.environment:checking '/home/robotics/ros2_cobot/install/mycobot_320_riscv/bin'
[9.546s] Level 1:colcon.colcon_core.environment:create_environment_scripts_only(mycobot_320_riscv)
[9.546s] INFO:colcon.colcon_core.shell:Creating package script '/home/robotics/ros2_cobot/install/mycobot_320_riscv/share/mycobot_320_riscv/package.ps1'
[9.547s] INFO:colcon.colcon_core.shell:Creating package descriptor '/home/robotics/ros2_cobot/install/mycobot_320_riscv/share/mycobot_320_riscv/package.dsv'
[9.547s] INFO:colcon.colcon_core.shell:Creating package script '/home/robotics/ros2_cobot/install/mycobot_320_riscv/share/mycobot_320_riscv/package.sh'
[9.547s] INFO:colcon.colcon_core.shell:Creating package script '/home/robotics/ros2_cobot/install/mycobot_320_riscv/share/mycobot_320_riscv/package.bash'
[9.548s] INFO:colcon.colcon_core.shell:Creating package script '/home/robotics/ros2_cobot/install/mycobot_320_riscv/share/mycobot_320_riscv/package.zsh'
[9.548s] Level 1:colcon.colcon_core.environment:create_file_with_runtime_dependencies(/home/robotics/ros2_cobot/install/mycobot_320_riscv/share/colcon-core/packages/mycobot_320_riscv)
[9.560s] DEBUG:colcon.colcon_core.event_handler.log_command:Invoking command in '/home/robotics/ros2_cobot/src/mycobot_ros2/ultraArm/ultraarm': AMENT_PREFIX_PATH=/home/robotics/ros2_cobot/install/mycobot_description:/home/robotics/ros2_cobot/install/ultraarm:/home/robotics/ros2_cobot/install/traj_scripts:/home/robotics/ros2_cobot/install/mypalletizer_communication:/home/robotics/ros2_cobot/install/mypalletizer_interfaces:/home/robotics/ros2_cobot/install/mypalletizer_260_pi:/home/robotics/ros2_cobot/install/mypalletizer_260:/home/robotics/ros2_cobot/install/myarm_m750:/home/robotics/ros2_cobot/install/myarm_c650:/home/robotics/ros2_cobot/install/mycobot_communication:/home/robotics/ros2_cobot/install/mecharm_communication:/home/robotics/ros2_cobot/install/mycobot_interfaces:/home/robotics/ros2_cobot/install/mycobot_630:/home/robotics/ros2_cobot/install/mycobot_600:/home/robotics/ros2_cobot/install/mycobot_320pi:/home/robotics/ros2_cobot/install/mycobot_320_riscv:/home/robotics/ros2_cobot/install/mycobot_320:/home/robotics/ros2_cobot/install/mycobot_280rdkx5_moveit2:/home/robotics/ros2_cobot/install/mycobot_280pi:/home/robotics/ros2_cobot/install/mycobot_280jn:/home/robotics/ros2_cobot/install/mycobot_280arduino_moveit2:/home/robotics/ros2_cobot/install/mycobot_280_x3pi:/home/robotics/ros2_cobot/install/mycobot_280_riscv:/home/robotics/ros2_cobot/install/mycobot_280_rdkx5:/home/robotics/ros2_cobot/install/mycobot_280_moveit2_control:/home/robotics/ros2_cobot/install/mycobot_280_moveit2:/home/robotics/ros2_cobot/install/mycobot_280_arduino:/home/robotics/ros2_cobot/install/mycobot_280:/home/robotics/ros2_cobot/install/mybuddy:/home/robotics/ros2_cobot/install/myarm_300:/home/robotics/ros2_cobot/install/mecharm_pi:/home/robotics/ros2_cobot/install/mecharm:/home/robotics/ros2_cobot/install/mecharm_interfaces:/opt/ros/humble PYTHONPATH=/home/robotics/ros2_cobot/build/ultraarm/prefix_override:/usr/lib/python3/dist-packages/colcon_core/task/python/colcon_distutils_commands:/home/robotics/ros2_cobot/install/ultraarm/lib/python3.10/site-packages:/home/robotics/ros2_cobot/install/mycobot_description/lib/python3.10/site-packages:/home/robotics/ros2_cobot/install/ultraarm/lib/python3.10/site-packages:/home/robotics/ros2_cobot/install/traj_scripts/local/lib/python3.10/dist-packages:/home/robotics/ros2_cobot/install/mypalletizer_communication/lib/python3.10/site-packages:/home/robotics/ros2_cobot/install/mypalletizer_interfaces/local/lib/python3.10/dist-packages:/home/robotics/ros2_cobot/install/mypalletizer_260_pi/lib/python3.10/site-packages:/home/robotics/ros2_cobot/install/mypalletizer_260/lib/python3.10/site-packages:/home/robotics/ros2_cobot/install/myarm_m750/lib/python3.10/site-packages:/home/robotics/ros2_cobot/install/myarm_c650/lib/python3.10/site-packages:/home/robotics/ros2_cobot/install/mycobot_communication/lib/python3.10/site-packages:/home/robotics/ros2_cobot/install/mecharm_communication/lib/python3.10/site-packages:/home/robotics/ros2_cobot/install/mycobot_interfaces/local/lib/python3.10/dist-packages:/home/robotics/ros2_cobot/install/mycobot_630/lib/python3.10/site-packages:/home/robotics/ros2_cobot/install/mycobot_600/lib/python3.10/site-packages:/home/robotics/ros2_cobot/install/mycobot_320pi/lib/python3.10/site-packages:/home/robotics/ros2_cobot/install/mycobot_320_riscv/lib/python3.10/site-packages:/home/robotics/ros2_cobot/install/mycobot_320/lib/python3.10/site-packages:/home/robotics/ros2_cobot/install/mycobot_280pi/lib/python3.10/site-packages:/home/robotics/ros2_cobot/install/mycobot_280jn/lib/python3.10/site-packages:/home/robotics/ros2_cobot/install/mycobot_280_x3pi/lib/python3.10/site-packages:/home/robotics/ros2_cobot/install/mycobot_280_riscv/lib/python3.10/site-packages:/home/robotics/ros2_cobot/install/mycobot_280_rdkx5/lib/python3.10/site-packages:/home/robotics/ros2_cobot/install/mycobot_280_moveit2_control/lib/python3.10/site-packages:/home/robotics/ros2_cobot/install/mycobot_280_arduino/lib/python3.10/site-packages:/home/robotics/ros2_cobot/install/mycobot_280/lib/python3.10/site-packages:/home/robotics/ros2_cobot/install/mybuddy/lib/python3.10/site-packages:/home/robotics/ros2_cobot/install/myarm_300/lib/python3.10/site-packages:/home/robotics/ros2_cobot/install/mecharm_pi/lib/python3.10/site-packages:/home/robotics/ros2_cobot/install/mecharm/lib/python3.10/site-packages:/home/robotics/ros2_cobot/install/mecharm_interfaces/local/lib/python3.10/dist-packages:/opt/ros/humble/lib/python3.10/site-packages:/opt/ros/humble/local/lib/python3.10/dist-packages /usr/bin/python3 -W ignore:setup.py install is deprecated -W ignore:easy_install command is deprecated setup.py egg_info --egg-base ../../../../build/ultraarm build --build-base /home/robotics/ros2_cobot/build/ultraarm/build install --record /home/robotics/ros2_cobot/build/ultraarm/install.log --single-version-externally-managed install_data
[9.564s] DEBUG:colcon.colcon_core.event_handler.log_command:Invoking command in '/home/robotics/ros2_cobot/src/mycobot_ros2/mypalletizer_260/mypalletizer_260': AMENT_PREFIX_PATH=/home/robotics/ros2_cobot/install/mycobot_description:/home/robotics/ros2_cobot/install/ultraarm:/home/robotics/ros2_cobot/install/traj_scripts:/home/robotics/ros2_cobot/install/mypalletizer_communication:/home/robotics/ros2_cobot/install/mypalletizer_interfaces:/home/robotics/ros2_cobot/install/mypalletizer_260_pi:/home/robotics/ros2_cobot/install/mypalletizer_260:/home/robotics/ros2_cobot/install/myarm_m750:/home/robotics/ros2_cobot/install/myarm_c650:/home/robotics/ros2_cobot/install/mycobot_communication:/home/robotics/ros2_cobot/install/mecharm_communication:/home/robotics/ros2_cobot/install/mycobot_interfaces:/home/robotics/ros2_cobot/install/mycobot_630:/home/robotics/ros2_cobot/install/mycobot_600:/home/robotics/ros2_cobot/install/mycobot_320pi:/home/robotics/ros2_cobot/install/mycobot_320_riscv:/home/robotics/ros2_cobot/install/mycobot_320:/home/robotics/ros2_cobot/install/mycobot_280rdkx5_moveit2:/home/robotics/ros2_cobot/install/mycobot_280pi:/home/robotics/ros2_cobot/install/mycobot_280jn:/home/robotics/ros2_cobot/install/mycobot_280arduino_moveit2:/home/robotics/ros2_cobot/install/mycobot_280_x3pi:/home/robotics/ros2_cobot/install/mycobot_280_riscv:/home/robotics/ros2_cobot/install/mycobot_280_rdkx5:/home/robotics/ros2_cobot/install/mycobot_280_moveit2_control:/home/robotics/ros2_cobot/install/mycobot_280_moveit2:/home/robotics/ros2_cobot/install/mycobot_280_arduino:/home/robotics/ros2_cobot/install/mycobot_280:/home/robotics/ros2_cobot/install/mybuddy:/home/robotics/ros2_cobot/install/myarm_300:/home/robotics/ros2_cobot/install/mecharm_pi:/home/robotics/ros2_cobot/install/mecharm:/home/robotics/ros2_cobot/install/mecharm_interfaces:/opt/ros/humble PYTHONPATH=/home/robotics/ros2_cobot/build/mypalletizer_260/prefix_override:/usr/lib/python3/dist-packages/colcon_core/task/python/colcon_distutils_commands:/home/robotics/ros2_cobot/install/mypalletizer_260/lib/python3.10/site-packages:/home/robotics/ros2_cobot/install/mycobot_description/lib/python3.10/site-packages:/home/robotics/ros2_cobot/install/ultraarm/lib/python3.10/site-packages:/home/robotics/ros2_cobot/install/traj_scripts/local/lib/python3.10/dist-packages:/home/robotics/ros2_cobot/install/mypalletizer_communication/lib/python3.10/site-packages:/home/robotics/ros2_cobot/install/mypalletizer_interfaces/local/lib/python3.10/dist-packages:/home/robotics/ros2_cobot/install/mypalletizer_260_pi/lib/python3.10/site-packages:/home/robotics/ros2_cobot/install/mypalletizer_260/lib/python3.10/site-packages:/home/robotics/ros2_cobot/install/myarm_m750/lib/python3.10/site-packages:/home/robotics/ros2_cobot/install/myarm_c650/lib/python3.10/site-packages:/home/robotics/ros2_cobot/install/mycobot_communication/lib/python3.10/site-packages:/home/robotics/ros2_cobot/install/mecharm_communication/lib/python3.10/site-packages:/home/robotics/ros2_cobot/install/mycobot_interfaces/local/lib/python3.10/dist-packages:/home/robotics/ros2_cobot/install/mycobot_630/lib/python3.10/site-packages:/home/robotics/ros2_cobot/install/mycobot_600/lib/python3.10/site-packages:/home/robotics/ros2_cobot/install/mycobot_320pi/lib/python3.10/site-packages:/home/robotics/ros2_cobot/install/mycobot_320_riscv/lib/python3.10/site-packages:/home/robotics/ros2_cobot/install/mycobot_320/lib/python3.10/site-packages:/home/robotics/ros2_cobot/install/mycobot_280pi/lib/python3.10/site-packages:/home/robotics/ros2_cobot/install/mycobot_280jn/lib/python3.10/site-packages:/home/robotics/ros2_cobot/install/mycobot_280_x3pi/lib/python3.10/site-packages:/home/robotics/ros2_cobot/install/mycobot_280_riscv/lib/python3.10/site-packages:/home/robotics/ros2_cobot/install/mycobot_280_rdkx5/lib/python3.10/site-packages:/home/robotics/ros2_cobot/install/mycobot_280_moveit2_control/lib/python3.10/site-packages:/home/robotics/ros2_cobot/install/mycobot_280_arduino/lib/python3.10/site-packages:/home/robotics/ros2_cobot/install/mycobot_280/lib/python3.10/site-packages:/home/robotics/ros2_cobot/install/mybuddy/lib/python3.10/site-packages:/home/robotics/ros2_cobot/install/myarm_300/lib/python3.10/site-packages:/home/robotics/ros2_cobot/install/mecharm_pi/lib/python3.10/site-packages:/home/robotics/ros2_cobot/install/mecharm/lib/python3.10/site-packages:/home/robotics/ros2_cobot/install/mecharm_interfaces/local/lib/python3.10/dist-packages:/opt/ros/humble/lib/python3.10/site-packages:/opt/ros/humble/local/lib/python3.10/dist-packages /usr/bin/python3 -W ignore:setup.py install is deprecated -W ignore:easy_install command is deprecated setup.py egg_info --egg-base ../../../../build/mypalletizer_260 build --build-base /home/robotics/ros2_cobot/build/mypalletizer_260/build install --record /home/robotics/ros2_cobot/build/mypalletizer_260/install.log --single-version-externally-managed install_data
[9.599s] DEBUG:colcon.colcon_core.event_handler.log_command:Invoking command in '/home/robotics/ros2_cobot/src/mycobot_ros2/myArm/myarm_c650': AMENT_PREFIX_PATH=/home/robotics/ros2_cobot/install/mycobot_communication:/home/robotics/ros2_cobot/install/mycobot_description:/home/robotics/ros2_cobot/install/ultraarm:/home/robotics/ros2_cobot/install/traj_scripts:/home/robotics/ros2_cobot/install/mypalletizer_communication:/home/robotics/ros2_cobot/install/mypalletizer_interfaces:/home/robotics/ros2_cobot/install/mypalletizer_260_pi:/home/robotics/ros2_cobot/install/mypalletizer_260:/home/robotics/ros2_cobot/install/myarm_m750:/home/robotics/ros2_cobot/install/myarm_c650:/home/robotics/ros2_cobot/install/mecharm_communication:/home/robotics/ros2_cobot/install/mycobot_interfaces:/home/robotics/ros2_cobot/install/mycobot_630:/home/robotics/ros2_cobot/install/mycobot_600:/home/robotics/ros2_cobot/install/mycobot_320pi:/home/robotics/ros2_cobot/install/mycobot_320_riscv:/home/robotics/ros2_cobot/install/mycobot_320:/home/robotics/ros2_cobot/install/mycobot_280rdkx5_moveit2:/home/robotics/ros2_cobot/install/mycobot_280pi:/home/robotics/ros2_cobot/install/mycobot_280jn:/home/robotics/ros2_cobot/install/mycobot_280arduino_moveit2:/home/robotics/ros2_cobot/install/mycobot_280_x3pi:/home/robotics/ros2_cobot/install/mycobot_280_riscv:/home/robotics/ros2_cobot/install/mycobot_280_rdkx5:/home/robotics/ros2_cobot/install/mycobot_280_moveit2_control:/home/robotics/ros2_cobot/install/mycobot_280_moveit2:/home/robotics/ros2_cobot/install/mycobot_280_arduino:/home/robotics/ros2_cobot/install/mycobot_280:/home/robotics/ros2_cobot/install/mybuddy:/home/robotics/ros2_cobot/install/myarm_300:/home/robotics/ros2_cobot/install/mecharm_pi:/home/robotics/ros2_cobot/install/mecharm:/home/robotics/ros2_cobot/install/mecharm_interfaces:/opt/ros/humble CMAKE_PREFIX_PATH=/home/robotics/ros2_cobot/install/mycobot_interfaces:/home/robotics/ros2_cobot/install/traj_scripts:/home/robotics/ros2_cobot/install/mypalletizer_interfaces:/home/robotics/ros2_cobot/install/mycobot_280rdkx5_moveit2:/home/robotics/ros2_cobot/install/mycobot_280arduino_moveit2:/home/robotics/ros2_cobot/install/mycobot_280_moveit2:/home/robotics/ros2_cobot/install/mecharm_interfaces LD_LIBRARY_PATH=/home/robotics/ros2_cobot/install/mycobot_interfaces/lib:/home/robotics/ros2_cobot/install/mypalletizer_interfaces/lib:/home/robotics/ros2_cobot/install/mecharm_interfaces/lib:/opt/ros/humble/opt/rviz_ogre_vendor/lib:/opt/ros/humble/lib/x86_64-linux-gnu:/opt/ros/humble/lib PYTHONPATH=/home/robotics/ros2_cobot/build/myarm_c650/prefix_override:/usr/lib/python3/dist-packages/colcon_core/task/python/colcon_distutils_commands:/home/robotics/ros2_cobot/install/myarm_c650/lib/python3.10/site-packages:/home/robotics/ros2_cobot/install/mycobot_communication/lib/python3.10/site-packages:/home/robotics/ros2_cobot/install/mycobot_description/lib/python3.10/site-packages:/home/robotics/ros2_cobot/install/ultraarm/lib/python3.10/site-packages:/home/robotics/ros2_cobot/install/traj_scripts/local/lib/python3.10/dist-packages:/home/robotics/ros2_cobot/install/mypalletizer_communication/lib/python3.10/site-packages:/home/robotics/ros2_cobot/install/mypalletizer_interfaces/local/lib/python3.10/dist-packages:/home/robotics/ros2_cobot/install/mypalletizer_260_pi/lib/python3.10/site-packages:/home/robotics/ros2_cobot/install/mypalletizer_260/lib/python3.10/site-packages:/home/robotics/ros2_cobot/install/myarm_m750/lib/python3.10/site-packages:/home/robotics/ros2_cobot/install/myarm_c650/lib/python3.10/site-packages:/home/robotics/ros2_cobot/install/mecharm_communication/lib/python3.10/site-packages:/home/robotics/ros2_cobot/install/mycobot_interfaces/local/lib/python3.10/dist-packages:/home/robotics/ros2_cobot/install/mycobot_630/lib/python3.10/site-packages:/home/robotics/ros2_cobot/install/mycobot_600/lib/python3.10/site-packages:/home/robotics/ros2_cobot/install/mycobot_320pi/lib/python3.10/site-packages:/home/robotics/ros2_cobot/install/mycobot_320_riscv/lib/python3.10/site-packages:/home/robotics/ros2_cobot/install/mycobot_320/lib/python3.10/site-packages:/home/robotics/ros2_cobot/install/mycobot_280pi/lib/python3.10/site-packages:/home/robotics/ros2_cobot/install/mycobot_280jn/lib/python3.10/site-packages:/home/robotics/ros2_cobot/install/mycobot_280_x3pi/lib/python3.10/site-packages:/home/robotics/ros2_cobot/install/mycobot_280_riscv/lib/python3.10/site-packages:/home/robotics/ros2_cobot/install/mycobot_280_rdkx5/lib/python3.10/site-packages:/home/robotics/ros2_cobot/install/mycobot_280_moveit2_control/lib/python3.10/site-packages:/home/robotics/ros2_cobot/install/mycobot_280_arduino/lib/python3.10/site-packages:/home/robotics/ros2_cobot/install/mycobot_280/lib/python3.10/site-packages:/home/robotics/ros2_cobot/install/mybuddy/lib/python3.10/site-packages:/home/robotics/ros2_cobot/install/myarm_300/lib/python3.10/site-packages:/home/robotics/ros2_cobot/install/mecharm_pi/lib/python3.10/site-packages:/home/robotics/ros2_cobot/install/mecharm/lib/python3.10/site-packages:/home/robotics/ros2_cobot/install/mecharm_interfaces/local/lib/python3.10/dist-packages:/opt/ros/humble/lib/python3.10/site-packages:/opt/ros/humble/local/lib/python3.10/dist-packages /usr/bin/python3 -W ignore:setup.py install is deprecated -W ignore:easy_install command is deprecated setup.py egg_info --egg-base ../../../../build/myarm_c650 build --build-base /home/robotics/ros2_cobot/build/myarm_c650/build install --record /home/robotics/ros2_cobot/build/myarm_c650/install.log --single-version-externally-managed install_data
[9.621s] DEBUG:colcon.colcon_core.event_handler.log_command:Invoking command in '/home/robotics/ros2_cobot/src/mycobot_ros2/mypalletizer_260/mypalletizer_260_pi': AMENT_PREFIX_PATH=/home/robotics/ros2_cobot/install/mycobot_description:/home/robotics/ros2_cobot/install/ultraarm:/home/robotics/ros2_cobot/install/traj_scripts:/home/robotics/ros2_cobot/install/mypalletizer_communication:/home/robotics/ros2_cobot/install/mypalletizer_interfaces:/home/robotics/ros2_cobot/install/mypalletizer_260_pi:/home/robotics/ros2_cobot/install/mypalletizer_260:/home/robotics/ros2_cobot/install/myarm_m750:/home/robotics/ros2_cobot/install/myarm_c650:/home/robotics/ros2_cobot/install/mycobot_communication:/home/robotics/ros2_cobot/install/mecharm_communication:/home/robotics/ros2_cobot/install/mycobot_interfaces:/home/robotics/ros2_cobot/install/mycobot_630:/home/robotics/ros2_cobot/install/mycobot_600:/home/robotics/ros2_cobot/install/mycobot_320pi:/home/robotics/ros2_cobot/install/mycobot_320_riscv:/home/robotics/ros2_cobot/install/mycobot_320:/home/robotics/ros2_cobot/install/mycobot_280rdkx5_moveit2:/home/robotics/ros2_cobot/install/mycobot_280pi:/home/robotics/ros2_cobot/install/mycobot_280jn:/home/robotics/ros2_cobot/install/mycobot_280arduino_moveit2:/home/robotics/ros2_cobot/install/mycobot_280_x3pi:/home/robotics/ros2_cobot/install/mycobot_280_riscv:/home/robotics/ros2_cobot/install/mycobot_280_rdkx5:/home/robotics/ros2_cobot/install/mycobot_280_moveit2_control:/home/robotics/ros2_cobot/install/mycobot_280_moveit2:/home/robotics/ros2_cobot/install/mycobot_280_arduino:/home/robotics/ros2_cobot/install/mycobot_280:/home/robotics/ros2_cobot/install/mybuddy:/home/robotics/ros2_cobot/install/myarm_300:/home/robotics/ros2_cobot/install/mecharm_pi:/home/robotics/ros2_cobot/install/mecharm:/home/robotics/ros2_cobot/install/mecharm_interfaces:/opt/ros/humble PYTHONPATH=/home/robotics/ros2_cobot/build/mypalletizer_260_pi/prefix_override:/usr/lib/python3/dist-packages/colcon_core/task/python/colcon_distutils_commands:/home/robotics/ros2_cobot/install/mypalletizer_260_pi/lib/python3.10/site-packages:/home/robotics/ros2_cobot/install/mycobot_description/lib/python3.10/site-packages:/home/robotics/ros2_cobot/install/ultraarm/lib/python3.10/site-packages:/home/robotics/ros2_cobot/install/traj_scripts/local/lib/python3.10/dist-packages:/home/robotics/ros2_cobot/install/mypalletizer_communication/lib/python3.10/site-packages:/home/robotics/ros2_cobot/install/mypalletizer_interfaces/local/lib/python3.10/dist-packages:/home/robotics/ros2_cobot/install/mypalletizer_260_pi/lib/python3.10/site-packages:/home/robotics/ros2_cobot/install/mypalletizer_260/lib/python3.10/site-packages:/home/robotics/ros2_cobot/install/myarm_m750/lib/python3.10/site-packages:/home/robotics/ros2_cobot/install/myarm_c650/lib/python3.10/site-packages:/home/robotics/ros2_cobot/install/mycobot_communication/lib/python3.10/site-packages:/home/robotics/ros2_cobot/install/mecharm_communication/lib/python3.10/site-packages:/home/robotics/ros2_cobot/install/mycobot_interfaces/local/lib/python3.10/dist-packages:/home/robotics/ros2_cobot/install/mycobot_630/lib/python3.10/site-packages:/home/robotics/ros2_cobot/install/mycobot_600/lib/python3.10/site-packages:/home/robotics/ros2_cobot/install/mycobot_320pi/lib/python3.10/site-packages:/home/robotics/ros2_cobot/install/mycobot_320_riscv/lib/python3.10/site-packages:/home/robotics/ros2_cobot/install/mycobot_320/lib/python3.10/site-packages:/home/robotics/ros2_cobot/install/mycobot_280pi/lib/python3.10/site-packages:/home/robotics/ros2_cobot/install/mycobot_280jn/lib/python3.10/site-packages:/home/robotics/ros2_cobot/install/mycobot_280_x3pi/lib/python3.10/site-packages:/home/robotics/ros2_cobot/install/mycobot_280_riscv/lib/python3.10/site-packages:/home/robotics/ros2_cobot/install/mycobot_280_rdkx5/lib/python3.10/site-packages:/home/robotics/ros2_cobot/install/mycobot_280_moveit2_control/lib/python3.10/site-packages:/home/robotics/ros2_cobot/install/mycobot_280_arduino/lib/python3.10/site-packages:/home/robotics/ros2_cobot/install/mycobot_280/lib/python3.10/site-packages:/home/robotics/ros2_cobot/install/mybuddy/lib/python3.10/site-packages:/home/robotics/ros2_cobot/install/myarm_300/lib/python3.10/site-packages:/home/robotics/ros2_cobot/install/mecharm_pi/lib/python3.10/site-packages:/home/robotics/ros2_cobot/install/mecharm/lib/python3.10/site-packages:/home/robotics/ros2_cobot/install/mecharm_interfaces/local/lib/python3.10/dist-packages:/opt/ros/humble/lib/python3.10/site-packages:/opt/ros/humble/local/lib/python3.10/dist-packages /usr/bin/python3 -W ignore:setup.py install is deprecated -W ignore:easy_install command is deprecated setup.py egg_info --egg-base ../../../../build/mypalletizer_260_pi build --build-base /home/robotics/ros2_cobot/build/mypalletizer_260_pi/build install --record /home/robotics/ros2_cobot/build/mypalletizer_260_pi/install.log --single-version-externally-managed install_data
[9.626s] DEBUG:colcon.colcon_core.event_handler.log_command:Invoking command in '/home/robotics/ros2_cobot/src/mycobot_ros2/myArm/myarm_m750': AMENT_PREFIX_PATH=/home/robotics/ros2_cobot/install/mycobot_communication:/home/robotics/ros2_cobot/install/mycobot_description:/home/robotics/ros2_cobot/install/ultraarm:/home/robotics/ros2_cobot/install/traj_scripts:/home/robotics/ros2_cobot/install/mypalletizer_communication:/home/robotics/ros2_cobot/install/mypalletizer_interfaces:/home/robotics/ros2_cobot/install/mypalletizer_260_pi:/home/robotics/ros2_cobot/install/mypalletizer_260:/home/robotics/ros2_cobot/install/myarm_m750:/home/robotics/ros2_cobot/install/myarm_c650:/home/robotics/ros2_cobot/install/mecharm_communication:/home/robotics/ros2_cobot/install/mycobot_interfaces:/home/robotics/ros2_cobot/install/mycobot_630:/home/robotics/ros2_cobot/install/mycobot_600:/home/robotics/ros2_cobot/install/mycobot_320pi:/home/robotics/ros2_cobot/install/mycobot_320_riscv:/home/robotics/ros2_cobot/install/mycobot_320:/home/robotics/ros2_cobot/install/mycobot_280rdkx5_moveit2:/home/robotics/ros2_cobot/install/mycobot_280pi:/home/robotics/ros2_cobot/install/mycobot_280jn:/home/robotics/ros2_cobot/install/mycobot_280arduino_moveit2:/home/robotics/ros2_cobot/install/mycobot_280_x3pi:/home/robotics/ros2_cobot/install/mycobot_280_riscv:/home/robotics/ros2_cobot/install/mycobot_280_rdkx5:/home/robotics/ros2_cobot/install/mycobot_280_moveit2_control:/home/robotics/ros2_cobot/install/mycobot_280_moveit2:/home/robotics/ros2_cobot/install/mycobot_280_arduino:/home/robotics/ros2_cobot/install/mycobot_280:/home/robotics/ros2_cobot/install/mybuddy:/home/robotics/ros2_cobot/install/myarm_300:/home/robotics/ros2_cobot/install/mecharm_pi:/home/robotics/ros2_cobot/install/mecharm:/home/robotics/ros2_cobot/install/mecharm_interfaces:/opt/ros/humble CMAKE_PREFIX_PATH=/home/robotics/ros2_cobot/install/mycobot_interfaces:/home/robotics/ros2_cobot/install/traj_scripts:/home/robotics/ros2_cobot/install/mypalletizer_interfaces:/home/robotics/ros2_cobot/install/mycobot_280rdkx5_moveit2:/home/robotics/ros2_cobot/install/mycobot_280arduino_moveit2:/home/robotics/ros2_cobot/install/mycobot_280_moveit2:/home/robotics/ros2_cobot/install/mecharm_interfaces LD_LIBRARY_PATH=/home/robotics/ros2_cobot/install/mycobot_interfaces/lib:/home/robotics/ros2_cobot/install/mypalletizer_interfaces/lib:/home/robotics/ros2_cobot/install/mecharm_interfaces/lib:/opt/ros/humble/opt/rviz_ogre_vendor/lib:/opt/ros/humble/lib/x86_64-linux-gnu:/opt/ros/humble/lib PYTHONPATH=/home/robotics/ros2_cobot/build/myarm_m750/prefix_override:/usr/lib/python3/dist-packages/colcon_core/task/python/colcon_distutils_commands:/home/robotics/ros2_cobot/install/myarm_m750/lib/python3.10/site-packages:/home/robotics/ros2_cobot/install/mycobot_communication/lib/python3.10/site-packages:/home/robotics/ros2_cobot/install/mycobot_description/lib/python3.10/site-packages:/home/robotics/ros2_cobot/install/ultraarm/lib/python3.10/site-packages:/home/robotics/ros2_cobot/install/traj_scripts/local/lib/python3.10/dist-packages:/home/robotics/ros2_cobot/install/mypalletizer_communication/lib/python3.10/site-packages:/home/robotics/ros2_cobot/install/mypalletizer_interfaces/local/lib/python3.10/dist-packages:/home/robotics/ros2_cobot/install/mypalletizer_260_pi/lib/python3.10/site-packages:/home/robotics/ros2_cobot/install/mypalletizer_260/lib/python3.10/site-packages:/home/robotics/ros2_cobot/install/myarm_m750/lib/python3.10/site-packages:/home/robotics/ros2_cobot/install/myarm_c650/lib/python3.10/site-packages:/home/robotics/ros2_cobot/install/mecharm_communication/lib/python3.10/site-packages:/home/robotics/ros2_cobot/install/mycobot_interfaces/local/lib/python3.10/dist-packages:/home/robotics/ros2_cobot/install/mycobot_630/lib/python3.10/site-packages:/home/robotics/ros2_cobot/install/mycobot_600/lib/python3.10/site-packages:/home/robotics/ros2_cobot/install/mycobot_320pi/lib/python3.10/site-packages:/home/robotics/ros2_cobot/install/mycobot_320_riscv/lib/python3.10/site-packages:/home/robotics/ros2_cobot/install/mycobot_320/lib/python3.10/site-packages:/home/robotics/ros2_cobot/install/mycobot_280pi/lib/python3.10/site-packages:/home/robotics/ros2_cobot/install/mycobot_280jn/lib/python3.10/site-packages:/home/robotics/ros2_cobot/install/mycobot_280_x3pi/lib/python3.10/site-packages:/home/robotics/ros2_cobot/install/mycobot_280_riscv/lib/python3.10/site-packages:/home/robotics/ros2_cobot/install/mycobot_280_rdkx5/lib/python3.10/site-packages:/home/robotics/ros2_cobot/install/mycobot_280_moveit2_control/lib/python3.10/site-packages:/home/robotics/ros2_cobot/install/mycobot_280_arduino/lib/python3.10/site-packages:/home/robotics/ros2_cobot/install/mycobot_280/lib/python3.10/site-packages:/home/robotics/ros2_cobot/install/mybuddy/lib/python3.10/site-packages:/home/robotics/ros2_cobot/install/myarm_300/lib/python3.10/site-packages:/home/robotics/ros2_cobot/install/mecharm_pi/lib/python3.10/site-packages:/home/robotics/ros2_cobot/install/mecharm/lib/python3.10/site-packages:/home/robotics/ros2_cobot/install/mecharm_interfaces/local/lib/python3.10/dist-packages:/opt/ros/humble/lib/python3.10/site-packages:/opt/ros/humble/local/lib/python3.10/dist-packages /usr/bin/python3 -W ignore:setup.py install is deprecated -W ignore:easy_install command is deprecated setup.py egg_info --egg-base ../../../../build/myarm_m750 build --build-base /home/robotics/ros2_cobot/build/myarm_m750/build install --record /home/robotics/ros2_cobot/build/myarm_m750/install.log --single-version-externally-managed install_data
[9.633s] DEBUG:colcon.colcon_core.event_handler.log_command:Invoking command in '/home/robotics/ros2_cobot/src/mycobot_ros2/mycobot_pro/mycobot_630': AMENT_PREFIX_PATH=/home/robotics/ros2_cobot/install/mycobot_description:/home/robotics/ros2_cobot/install/ultraarm:/home/robotics/ros2_cobot/install/traj_scripts:/home/robotics/ros2_cobot/install/mypalletizer_communication:/home/robotics/ros2_cobot/install/mypalletizer_interfaces:/home/robotics/ros2_cobot/install/mypalletizer_260_pi:/home/robotics/ros2_cobot/install/mypalletizer_260:/home/robotics/ros2_cobot/install/myarm_m750:/home/robotics/ros2_cobot/install/myarm_c650:/home/robotics/ros2_cobot/install/mycobot_communication:/home/robotics/ros2_cobot/install/mecharm_communication:/home/robotics/ros2_cobot/install/mycobot_interfaces:/home/robotics/ros2_cobot/install/mycobot_630:/home/robotics/ros2_cobot/install/mycobot_600:/home/robotics/ros2_cobot/install/mycobot_320pi:/home/robotics/ros2_cobot/install/mycobot_320_riscv:/home/robotics/ros2_cobot/install/mycobot_320:/home/robotics/ros2_cobot/install/mycobot_280rdkx5_moveit2:/home/robotics/ros2_cobot/install/mycobot_280pi:/home/robotics/ros2_cobot/install/mycobot_280jn:/home/robotics/ros2_cobot/install/mycobot_280arduino_moveit2:/home/robotics/ros2_cobot/install/mycobot_280_x3pi:/home/robotics/ros2_cobot/install/mycobot_280_riscv:/home/robotics/ros2_cobot/install/mycobot_280_rdkx5:/home/robotics/ros2_cobot/install/mycobot_280_moveit2_control:/home/robotics/ros2_cobot/install/mycobot_280_moveit2:/home/robotics/ros2_cobot/install/mycobot_280_arduino:/home/robotics/ros2_cobot/install/mycobot_280:/home/robotics/ros2_cobot/install/mybuddy:/home/robotics/ros2_cobot/install/myarm_300:/home/robotics/ros2_cobot/install/mecharm_pi:/home/robotics/ros2_cobot/install/mecharm:/home/robotics/ros2_cobot/install/mecharm_interfaces:/opt/ros/humble PYTHONPATH=/home/robotics/ros2_cobot/build/mycobot_630/prefix_override:/usr/lib/python3/dist-packages/colcon_core/task/python/colcon_distutils_commands:/home/robotics/ros2_cobot/install/mycobot_630/lib/python3.10/site-packages:/home/robotics/ros2_cobot/install/mycobot_description/lib/python3.10/site-packages:/home/robotics/ros2_cobot/install/ultraarm/lib/python3.10/site-packages:/home/robotics/ros2_cobot/install/traj_scripts/local/lib/python3.10/dist-packages:/home/robotics/ros2_cobot/install/mypalletizer_communication/lib/python3.10/site-packages:/home/robotics/ros2_cobot/install/mypalletizer_interfaces/local/lib/python3.10/dist-packages:/home/robotics/ros2_cobot/install/mypalletizer_260_pi/lib/python3.10/site-packages:/home/robotics/ros2_cobot/install/mypalletizer_260/lib/python3.10/site-packages:/home/robotics/ros2_cobot/install/myarm_m750/lib/python3.10/site-packages:/home/robotics/ros2_cobot/install/myarm_c650/lib/python3.10/site-packages:/home/robotics/ros2_cobot/install/mycobot_communication/lib/python3.10/site-packages:/home/robotics/ros2_cobot/install/mecharm_communication/lib/python3.10/site-packages:/home/robotics/ros2_cobot/install/mycobot_interfaces/local/lib/python3.10/dist-packages:/home/robotics/ros2_cobot/install/mycobot_630/lib/python3.10/site-packages:/home/robotics/ros2_cobot/install/mycobot_600/lib/python3.10/site-packages:/home/robotics/ros2_cobot/install/mycobot_320pi/lib/python3.10/site-packages:/home/robotics/ros2_cobot/install/mycobot_320_riscv/lib/python3.10/site-packages:/home/robotics/ros2_cobot/install/mycobot_320/lib/python3.10/site-packages:/home/robotics/ros2_cobot/install/mycobot_280pi/lib/python3.10/site-packages:/home/robotics/ros2_cobot/install/mycobot_280jn/lib/python3.10/site-packages:/home/robotics/ros2_cobot/install/mycobot_280_x3pi/lib/python3.10/site-packages:/home/robotics/ros2_cobot/install/mycobot_280_riscv/lib/python3.10/site-packages:/home/robotics/ros2_cobot/install/mycobot_280_rdkx5/lib/python3.10/site-packages:/home/robotics/ros2_cobot/install/mycobot_280_moveit2_control/lib/python3.10/site-packages:/home/robotics/ros2_cobot/install/mycobot_280_arduino/lib/python3.10/site-packages:/home/robotics/ros2_cobot/install/mycobot_280/lib/python3.10/site-packages:/home/robotics/ros2_cobot/install/mybuddy/lib/python3.10/site-packages:/home/robotics/ros2_cobot/install/myarm_300/lib/python3.10/site-packages:/home/robotics/ros2_cobot/install/mecharm_pi/lib/python3.10/site-packages:/home/robotics/ros2_cobot/install/mecharm/lib/python3.10/site-packages:/home/robotics/ros2_cobot/install/mecharm_interfaces/local/lib/python3.10/dist-packages:/opt/ros/humble/lib/python3.10/site-packages:/opt/ros/humble/local/lib/python3.10/dist-packages /usr/bin/python3 -W ignore:setup.py install is deprecated -W ignore:easy_install command is deprecated setup.py egg_info --egg-base ../../../../build/mycobot_630 build --build-base /home/robotics/ros2_cobot/build/mycobot_630/build install --record /home/robotics/ros2_cobot/build/mycobot_630/install.log --single-version-externally-managed install_data
[9.641s] DEBUG:colcon.colcon_core.event_handler.log_command:Invoking command in '/home/robotics/ros2_cobot/src/mycobot_ros2/mycobot_280/mycobot_280_rdkx5': AMENT_PREFIX_PATH=/home/robotics/ros2_cobot/install/mycobot_communication:/home/robotics/ros2_cobot/install/mycobot_description:/home/robotics/ros2_cobot/install/ultraarm:/home/robotics/ros2_cobot/install/traj_scripts:/home/robotics/ros2_cobot/install/mypalletizer_communication:/home/robotics/ros2_cobot/install/mypalletizer_interfaces:/home/robotics/ros2_cobot/install/mypalletizer_260_pi:/home/robotics/ros2_cobot/install/mypalletizer_260:/home/robotics/ros2_cobot/install/myarm_m750:/home/robotics/ros2_cobot/install/myarm_c650:/home/robotics/ros2_cobot/install/mecharm_communication:/home/robotics/ros2_cobot/install/mycobot_interfaces:/home/robotics/ros2_cobot/install/mycobot_630:/home/robotics/ros2_cobot/install/mycobot_600:/home/robotics/ros2_cobot/install/mycobot_320pi:/home/robotics/ros2_cobot/install/mycobot_320_riscv:/home/robotics/ros2_cobot/install/mycobot_320:/home/robotics/ros2_cobot/install/mycobot_280rdkx5_moveit2:/home/robotics/ros2_cobot/install/mycobot_280pi:/home/robotics/ros2_cobot/install/mycobot_280jn:/home/robotics/ros2_cobot/install/mycobot_280arduino_moveit2:/home/robotics/ros2_cobot/install/mycobot_280_x3pi:/home/robotics/ros2_cobot/install/mycobot_280_riscv:/home/robotics/ros2_cobot/install/mycobot_280_rdkx5:/home/robotics/ros2_cobot/install/mycobot_280_moveit2_control:/home/robotics/ros2_cobot/install/mycobot_280_moveit2:/home/robotics/ros2_cobot/install/mycobot_280_arduino:/home/robotics/ros2_cobot/install/mycobot_280:/home/robotics/ros2_cobot/install/mybuddy:/home/robotics/ros2_cobot/install/myarm_300:/home/robotics/ros2_cobot/install/mecharm_pi:/home/robotics/ros2_cobot/install/mecharm:/home/robotics/ros2_cobot/install/mecharm_interfaces:/opt/ros/humble CMAKE_PREFIX_PATH=/home/robotics/ros2_cobot/install/mycobot_interfaces:/home/robotics/ros2_cobot/install/traj_scripts:/home/robotics/ros2_cobot/install/mypalletizer_interfaces:/home/robotics/ros2_cobot/install/mycobot_280rdkx5_moveit2:/home/robotics/ros2_cobot/install/mycobot_280arduino_moveit2:/home/robotics/ros2_cobot/install/mycobot_280_moveit2:/home/robotics/ros2_cobot/install/mecharm_interfaces LD_LIBRARY_PATH=/home/robotics/ros2_cobot/install/mycobot_interfaces/lib:/home/robotics/ros2_cobot/install/mypalletizer_interfaces/lib:/home/robotics/ros2_cobot/install/mecharm_interfaces/lib:/opt/ros/humble/opt/rviz_ogre_vendor/lib:/opt/ros/humble/lib/x86_64-linux-gnu:/opt/ros/humble/lib PYTHONPATH=/home/robotics/ros2_cobot/build/mycobot_280_rdkx5/prefix_override:/usr/lib/python3/dist-packages/colcon_core/task/python/colcon_distutils_commands:/home/robotics/ros2_cobot/install/mycobot_280_rdkx5/lib/python3.10/site-packages:/home/robotics/ros2_cobot/install/mycobot_communication/lib/python3.10/site-packages:/home/robotics/ros2_cobot/install/mycobot_description/lib/python3.10/site-packages:/home/robotics/ros2_cobot/install/ultraarm/lib/python3.10/site-packages:/home/robotics/ros2_cobot/install/traj_scripts/local/lib/python3.10/dist-packages:/home/robotics/ros2_cobot/install/mypalletizer_communication/lib/python3.10/site-packages:/home/robotics/ros2_cobot/install/mypalletizer_interfaces/local/lib/python3.10/dist-packages:/home/robotics/ros2_cobot/install/mypalletizer_260_pi/lib/python3.10/site-packages:/home/robotics/ros2_cobot/install/mypalletizer_260/lib/python3.10/site-packages:/home/robotics/ros2_cobot/install/myarm_m750/lib/python3.10/site-packages:/home/robotics/ros2_cobot/install/myarm_c650/lib/python3.10/site-packages:/home/robotics/ros2_cobot/install/mecharm_communication/lib/python3.10/site-packages:/home/robotics/ros2_cobot/install/mycobot_interfaces/local/lib/python3.10/dist-packages:/home/robotics/ros2_cobot/install/mycobot_630/lib/python3.10/site-packages:/home/robotics/ros2_cobot/install/mycobot_600/lib/python3.10/site-packages:/home/robotics/ros2_cobot/install/mycobot_320pi/lib/python3.10/site-packages:/home/robotics/ros2_cobot/install/mycobot_320_riscv/lib/python3.10/site-packages:/home/robotics/ros2_cobot/install/mycobot_320/lib/python3.10/site-packages:/home/robotics/ros2_cobot/install/mycobot_280pi/lib/python3.10/site-packages:/home/robotics/ros2_cobot/install/mycobot_280jn/lib/python3.10/site-packages:/home/robotics/ros2_cobot/install/mycobot_280_x3pi/lib/python3.10/site-packages:/home/robotics/ros2_cobot/install/mycobot_280_riscv/lib/python3.10/site-packages:/home/robotics/ros2_cobot/install/mycobot_280_rdkx5/lib/python3.10/site-packages:/home/robotics/ros2_cobot/install/mycobot_280_moveit2_control/lib/python3.10/site-packages:/home/robotics/ros2_cobot/install/mycobot_280_arduino/lib/python3.10/site-packages:/home/robotics/ros2_cobot/install/mycobot_280/lib/python3.10/site-packages:/home/robotics/ros2_cobot/install/mybuddy/lib/python3.10/site-packages:/home/robotics/ros2_cobot/install/myarm_300/lib/python3.10/site-packages:/home/robotics/ros2_cobot/install/mecharm_pi/lib/python3.10/site-packages:/home/robotics/ros2_cobot/install/mecharm/lib/python3.10/site-packages:/home/robotics/ros2_cobot/install/mecharm_interfaces/local/lib/python3.10/dist-packages:/opt/ros/humble/lib/python3.10/site-packages:/opt/ros/humble/local/lib/python3.10/dist-packages /usr/bin/python3 -W ignore:setup.py install is deprecated -W ignore:easy_install command is deprecated setup.py egg_info --egg-base ../../../../build/mycobot_280_rdkx5 build --build-base /home/robotics/ros2_cobot/build/mycobot_280_rdkx5/build install --record /home/robotics/ros2_cobot/build/mycobot_280_rdkx5/install.log --single-version-externally-managed install_data
[9.782s] Level 1:colcon.colcon_core.environment:checking '/home/robotics/ros2_cobot/install/mycobot_600' for CMake module files
[9.783s] DEBUG:colcon.colcon_core.event_handler.log_command:Invoked command in '/home/robotics/ros2_cobot/src/mycobot_ros2/mycobot_pro/mycobot_600' returned '0': AMENT_PREFIX_PATH=/home/robotics/ros2_cobot/install/mycobot_description:/home/robotics/ros2_cobot/install/ultraarm:/home/robotics/ros2_cobot/install/traj_scripts:/home/robotics/ros2_cobot/install/mypalletizer_communication:/home/robotics/ros2_cobot/install/mypalletizer_interfaces:/home/robotics/ros2_cobot/install/mypalletizer_260_pi:/home/robotics/ros2_cobot/install/mypalletizer_260:/home/robotics/ros2_cobot/install/myarm_m750:/home/robotics/ros2_cobot/install/myarm_c650:/home/robotics/ros2_cobot/install/mycobot_communication:/home/robotics/ros2_cobot/install/mecharm_communication:/home/robotics/ros2_cobot/install/mycobot_interfaces:/home/robotics/ros2_cobot/install/mycobot_630:/home/robotics/ros2_cobot/install/mycobot_600:/home/robotics/ros2_cobot/install/mycobot_320pi:/home/robotics/ros2_cobot/install/mycobot_320_riscv:/home/robotics/ros2_cobot/install/mycobot_320:/home/robotics/ros2_cobot/install/mycobot_280rdkx5_moveit2:/home/robotics/ros2_cobot/install/mycobot_280pi:/home/robotics/ros2_cobot/install/mycobot_280jn:/home/robotics/ros2_cobot/install/mycobot_280arduino_moveit2:/home/robotics/ros2_cobot/install/mycobot_280_x3pi:/home/robotics/ros2_cobot/install/mycobot_280_riscv:/home/robotics/ros2_cobot/install/mycobot_280_rdkx5:/home/robotics/ros2_cobot/install/mycobot_280_moveit2_control:/home/robotics/ros2_cobot/install/mycobot_280_moveit2:/home/robotics/ros2_cobot/install/mycobot_280_arduino:/home/robotics/ros2_cobot/install/mycobot_280:/home/robotics/ros2_cobot/install/mybuddy:/home/robotics/ros2_cobot/install/myarm_300:/home/robotics/ros2_cobot/install/mecharm_pi:/home/robotics/ros2_cobot/install/mecharm:/home/robotics/ros2_cobot/install/mecharm_interfaces:/opt/ros/humble PYTHONPATH=/home/robotics/ros2_cobot/build/mycobot_600/prefix_override:/usr/lib/python3/dist-packages/colcon_core/task/python/colcon_distutils_commands:/home/robotics/ros2_cobot/install/mycobot_600/lib/python3.10/site-packages:/home/robotics/ros2_cobot/install/mycobot_description/lib/python3.10/site-packages:/home/robotics/ros2_cobot/install/ultraarm/lib/python3.10/site-packages:/home/robotics/ros2_cobot/install/traj_scripts/local/lib/python3.10/dist-packages:/home/robotics/ros2_cobot/install/mypalletizer_communication/lib/python3.10/site-packages:/home/robotics/ros2_cobot/install/mypalletizer_interfaces/local/lib/python3.10/dist-packages:/home/robotics/ros2_cobot/install/mypalletizer_260_pi/lib/python3.10/site-packages:/home/robotics/ros2_cobot/install/mypalletizer_260/lib/python3.10/site-packages:/home/robotics/ros2_cobot/install/myarm_m750/lib/python3.10/site-packages:/home/robotics/ros2_cobot/install/myarm_c650/lib/python3.10/site-packages:/home/robotics/ros2_cobot/install/mycobot_communication/lib/python3.10/site-packages:/home/robotics/ros2_cobot/install/mecharm_communication/lib/python3.10/site-packages:/home/robotics/ros2_cobot/install/mycobot_interfaces/local/lib/python3.10/dist-packages:/home/robotics/ros2_cobot/install/mycobot_630/lib/python3.10/site-packages:/home/robotics/ros2_cobot/install/mycobot_600/lib/python3.10/site-packages:/home/robotics/ros2_cobot/install/mycobot_320pi/lib/python3.10/site-packages:/home/robotics/ros2_cobot/install/mycobot_320_riscv/lib/python3.10/site-packages:/home/robotics/ros2_cobot/install/mycobot_320/lib/python3.10/site-packages:/home/robotics/ros2_cobot/install/mycobot_280pi/lib/python3.10/site-packages:/home/robotics/ros2_cobot/install/mycobot_280jn/lib/python3.10/site-packages:/home/robotics/ros2_cobot/install/mycobot_280_x3pi/lib/python3.10/site-packages:/home/robotics/ros2_cobot/install/mycobot_280_riscv/lib/python3.10/site-packages:/home/robotics/ros2_cobot/install/mycobot_280_rdkx5/lib/python3.10/site-packages:/home/robotics/ros2_cobot/install/mycobot_280_moveit2_control/lib/python3.10/site-packages:/home/robotics/ros2_cobot/install/mycobot_280_arduino/lib/python3.10/site-packages:/home/robotics/ros2_cobot/install/mycobot_280/lib/python3.10/site-packages:/home/robotics/ros2_cobot/install/mybuddy/lib/python3.10/site-packages:/home/robotics/ros2_cobot/install/myarm_300/lib/python3.10/site-packages:/home/robotics/ros2_cobot/install/mecharm_pi/lib/python3.10/site-packages:/home/robotics/ros2_cobot/install/mecharm/lib/python3.10/site-packages:/home/robotics/ros2_cobot/install/mecharm_interfaces/local/lib/python3.10/dist-packages:/opt/ros/humble/lib/python3.10/site-packages:/opt/ros/humble/local/lib/python3.10/dist-packages /usr/bin/python3 -W ignore:setup.py install is deprecated -W ignore:easy_install command is deprecated setup.py egg_info --egg-base ../../../../build/mycobot_600 build --build-base /home/robotics/ros2_cobot/build/mycobot_600/build install --record /home/robotics/ros2_cobot/build/mycobot_600/install.log --single-version-externally-managed install_data
[9.784s] Level 1:colcon.colcon_core.environment:checking '/home/robotics/ros2_cobot/install/mycobot_600' for CMake config files
[9.784s] Level 1:colcon.colcon_core.environment:checking '/home/robotics/ros2_cobot/install/mycobot_600/lib'
[9.784s] Level 1:colcon.colcon_core.environment:checking '/home/robotics/ros2_cobot/install/mycobot_600/bin'
[9.784s] Level 1:colcon.colcon_core.environment:checking '/home/robotics/ros2_cobot/install/mycobot_600/lib/pkgconfig/mycobot_600.pc'
[9.784s] Level 1:colcon.colcon_core.environment:checking '/home/robotics/ros2_cobot/install/mycobot_600/lib/python3.10/site-packages'
[9.784s] Level 1:colcon.colcon_core.shell:create_environment_hook('mycobot_600', 'pythonpath')
[9.784s] INFO:colcon.colcon_core.shell:Creating environment hook '/home/robotics/ros2_cobot/install/mycobot_600/share/mycobot_600/hook/pythonpath.ps1'
[9.785s] INFO:colcon.colcon_core.shell:Creating environment descriptor '/home/robotics/ros2_cobot/install/mycobot_600/share/mycobot_600/hook/pythonpath.dsv'
[9.785s] INFO:colcon.colcon_core.shell:Creating environment hook '/home/robotics/ros2_cobot/install/mycobot_600/share/mycobot_600/hook/pythonpath.sh'
[9.786s] Level 1:colcon.colcon_core.environment:checking '/home/robotics/ros2_cobot/install/mycobot_600/bin'
[9.786s] Level 1:colcon.colcon_core.environment:create_environment_scripts_only(mycobot_600)
[9.787s] INFO:colcon.colcon_core.shell:Creating package script '/home/robotics/ros2_cobot/install/mycobot_600/share/mycobot_600/package.ps1'
[9.788s] INFO:colcon.colcon_core.shell:Creating package descriptor '/home/robotics/ros2_cobot/install/mycobot_600/share/mycobot_600/package.dsv'
[9.788s] INFO:colcon.colcon_core.shell:Creating package script '/home/robotics/ros2_cobot/install/mycobot_600/share/mycobot_600/package.sh'
[9.789s] INFO:colcon.colcon_core.shell:Creating package script '/home/robotics/ros2_cobot/install/mycobot_600/share/mycobot_600/package.bash'
[9.789s] INFO:colcon.colcon_core.shell:Creating package script '/home/robotics/ros2_cobot/install/mycobot_600/share/mycobot_600/package.zsh'
[9.789s] Level 1:colcon.colcon_core.environment:create_file_with_runtime_dependencies(/home/robotics/ros2_cobot/install/mycobot_600/share/colcon-core/packages/mycobot_600)
[9.846s] Level 1:colcon.colcon_core.environment:checking '/home/robotics/ros2_cobot/install/ultraarm' for CMake module files
[9.847s] DEBUG:colcon.colcon_core.event_handler.log_command:Invoked command in '/home/robotics/ros2_cobot/src/mycobot_ros2/ultraArm/ultraarm' returned '0': AMENT_PREFIX_PATH=/home/robotics/ros2_cobot/install/mycobot_description:/home/robotics/ros2_cobot/install/ultraarm:/home/robotics/ros2_cobot/install/traj_scripts:/home/robotics/ros2_cobot/install/mypalletizer_communication:/home/robotics/ros2_cobot/install/mypalletizer_interfaces:/home/robotics/ros2_cobot/install/mypalletizer_260_pi:/home/robotics/ros2_cobot/install/mypalletizer_260:/home/robotics/ros2_cobot/install/myarm_m750:/home/robotics/ros2_cobot/install/myarm_c650:/home/robotics/ros2_cobot/install/mycobot_communication:/home/robotics/ros2_cobot/install/mecharm_communication:/home/robotics/ros2_cobot/install/mycobot_interfaces:/home/robotics/ros2_cobot/install/mycobot_630:/home/robotics/ros2_cobot/install/mycobot_600:/home/robotics/ros2_cobot/install/mycobot_320pi:/home/robotics/ros2_cobot/install/mycobot_320_riscv:/home/robotics/ros2_cobot/install/mycobot_320:/home/robotics/ros2_cobot/install/mycobot_280rdkx5_moveit2:/home/robotics/ros2_cobot/install/mycobot_280pi:/home/robotics/ros2_cobot/install/mycobot_280jn:/home/robotics/ros2_cobot/install/mycobot_280arduino_moveit2:/home/robotics/ros2_cobot/install/mycobot_280_x3pi:/home/robotics/ros2_cobot/install/mycobot_280_riscv:/home/robotics/ros2_cobot/install/mycobot_280_rdkx5:/home/robotics/ros2_cobot/install/mycobot_280_moveit2_control:/home/robotics/ros2_cobot/install/mycobot_280_moveit2:/home/robotics/ros2_cobot/install/mycobot_280_arduino:/home/robotics/ros2_cobot/install/mycobot_280:/home/robotics/ros2_cobot/install/mybuddy:/home/robotics/ros2_cobot/install/myarm_300:/home/robotics/ros2_cobot/install/mecharm_pi:/home/robotics/ros2_cobot/install/mecharm:/home/robotics/ros2_cobot/install/mecharm_interfaces:/opt/ros/humble PYTHONPATH=/home/robotics/ros2_cobot/build/ultraarm/prefix_override:/usr/lib/python3/dist-packages/colcon_core/task/python/colcon_distutils_commands:/home/robotics/ros2_cobot/install/ultraarm/lib/python3.10/site-packages:/home/robotics/ros2_cobot/install/mycobot_description/lib/python3.10/site-packages:/home/robotics/ros2_cobot/install/ultraarm/lib/python3.10/site-packages:/home/robotics/ros2_cobot/install/traj_scripts/local/lib/python3.10/dist-packages:/home/robotics/ros2_cobot/install/mypalletizer_communication/lib/python3.10/site-packages:/home/robotics/ros2_cobot/install/mypalletizer_interfaces/local/lib/python3.10/dist-packages:/home/robotics/ros2_cobot/install/mypalletizer_260_pi/lib/python3.10/site-packages:/home/robotics/ros2_cobot/install/mypalletizer_260/lib/python3.10/site-packages:/home/robotics/ros2_cobot/install/myarm_m750/lib/python3.10/site-packages:/home/robotics/ros2_cobot/install/myarm_c650/lib/python3.10/site-packages:/home/robotics/ros2_cobot/install/mycobot_communication/lib/python3.10/site-packages:/home/robotics/ros2_cobot/install/mecharm_communication/lib/python3.10/site-packages:/home/robotics/ros2_cobot/install/mycobot_interfaces/local/lib/python3.10/dist-packages:/home/robotics/ros2_cobot/install/mycobot_630/lib/python3.10/site-packages:/home/robotics/ros2_cobot/install/mycobot_600/lib/python3.10/site-packages:/home/robotics/ros2_cobot/install/mycobot_320pi/lib/python3.10/site-packages:/home/robotics/ros2_cobot/install/mycobot_320_riscv/lib/python3.10/site-packages:/home/robotics/ros2_cobot/install/mycobot_320/lib/python3.10/site-packages:/home/robotics/ros2_cobot/install/mycobot_280pi/lib/python3.10/site-packages:/home/robotics/ros2_cobot/install/mycobot_280jn/lib/python3.10/site-packages:/home/robotics/ros2_cobot/install/mycobot_280_x3pi/lib/python3.10/site-packages:/home/robotics/ros2_cobot/install/mycobot_280_riscv/lib/python3.10/site-packages:/home/robotics/ros2_cobot/install/mycobot_280_rdkx5/lib/python3.10/site-packages:/home/robotics/ros2_cobot/install/mycobot_280_moveit2_control/lib/python3.10/site-packages:/home/robotics/ros2_cobot/install/mycobot_280_arduino/lib/python3.10/site-packages:/home/robotics/ros2_cobot/install/mycobot_280/lib/python3.10/site-packages:/home/robotics/ros2_cobot/install/mybuddy/lib/python3.10/site-packages:/home/robotics/ros2_cobot/install/myarm_300/lib/python3.10/site-packages:/home/robotics/ros2_cobot/install/mecharm_pi/lib/python3.10/site-packages:/home/robotics/ros2_cobot/install/mecharm/lib/python3.10/site-packages:/home/robotics/ros2_cobot/install/mecharm_interfaces/local/lib/python3.10/dist-packages:/opt/ros/humble/lib/python3.10/site-packages:/opt/ros/humble/local/lib/python3.10/dist-packages /usr/bin/python3 -W ignore:setup.py install is deprecated -W ignore:easy_install command is deprecated setup.py egg_info --egg-base ../../../../build/ultraarm build --build-base /home/robotics/ros2_cobot/build/ultraarm/build install --record /home/robotics/ros2_cobot/build/ultraarm/install.log --single-version-externally-managed install_data
[9.848s] Level 1:colcon.colcon_core.environment:checking '/home/robotics/ros2_cobot/install/ultraarm' for CMake config files
[9.848s] Level 1:colcon.colcon_core.environment:checking '/home/robotics/ros2_cobot/install/ultraarm/lib'
[9.849s] Level 1:colcon.colcon_core.environment:checking '/home/robotics/ros2_cobot/install/ultraarm/bin'
[9.849s] Level 1:colcon.colcon_core.environment:checking '/home/robotics/ros2_cobot/install/ultraarm/lib/pkgconfig/ultraarm.pc'
[9.849s] Level 1:colcon.colcon_core.environment:checking '/home/robotics/ros2_cobot/install/ultraarm/lib/python3.10/site-packages'
[9.849s] Level 1:colcon.colcon_core.shell:create_environment_hook('ultraarm', 'pythonpath')
[9.850s] INFO:colcon.colcon_core.shell:Creating environment hook '/home/robotics/ros2_cobot/install/ultraarm/share/ultraarm/hook/pythonpath.ps1'
[9.850s] INFO:colcon.colcon_core.shell:Creating environment descriptor '/home/robotics/ros2_cobot/install/ultraarm/share/ultraarm/hook/pythonpath.dsv'
[9.851s] INFO:colcon.colcon_core.shell:Creating environment hook '/home/robotics/ros2_cobot/install/ultraarm/share/ultraarm/hook/pythonpath.sh'
[9.852s] Level 1:colcon.colcon_core.environment:checking '/home/robotics/ros2_cobot/install/ultraarm/bin'
[9.853s] Level 1:colcon.colcon_core.environment:create_environment_scripts_only(ultraarm)
[9.853s] INFO:colcon.colcon_core.shell:Creating package script '/home/robotics/ros2_cobot/install/ultraarm/share/ultraarm/package.ps1'
[9.855s] INFO:colcon.colcon_core.shell:Creating package descriptor '/home/robotics/ros2_cobot/install/ultraarm/share/ultraarm/package.dsv'
[9.856s] INFO:colcon.colcon_core.shell:Creating package script '/home/robotics/ros2_cobot/install/ultraarm/share/ultraarm/package.sh'
[9.857s] INFO:colcon.colcon_core.shell:Creating package script '/home/robotics/ros2_cobot/install/ultraarm/share/ultraarm/package.bash'
[9.857s] INFO:colcon.colcon_core.shell:Creating package script '/home/robotics/ros2_cobot/install/ultraarm/share/ultraarm/package.zsh'
[9.858s] Level 1:colcon.colcon_core.environment:create_file_with_runtime_dependencies(/home/robotics/ros2_cobot/install/ultraarm/share/colcon-core/packages/ultraarm)
[9.861s] Level 1:colcon.colcon_core.environment:checking '/home/robotics/ros2_cobot/install/mypalletizer_260' for CMake module files
[9.861s] DEBUG:colcon.colcon_core.event_handler.log_command:Invoked command in '/home/robotics/ros2_cobot/src/mycobot_ros2/mypalletizer_260/mypalletizer_260' returned '0': AMENT_PREFIX_PATH=/home/robotics/ros2_cobot/install/mycobot_description:/home/robotics/ros2_cobot/install/ultraarm:/home/robotics/ros2_cobot/install/traj_scripts:/home/robotics/ros2_cobot/install/mypalletizer_communication:/home/robotics/ros2_cobot/install/mypalletizer_interfaces:/home/robotics/ros2_cobot/install/mypalletizer_260_pi:/home/robotics/ros2_cobot/install/mypalletizer_260:/home/robotics/ros2_cobot/install/myarm_m750:/home/robotics/ros2_cobot/install/myarm_c650:/home/robotics/ros2_cobot/install/mycobot_communication:/home/robotics/ros2_cobot/install/mecharm_communication:/home/robotics/ros2_cobot/install/mycobot_interfaces:/home/robotics/ros2_cobot/install/mycobot_630:/home/robotics/ros2_cobot/install/mycobot_600:/home/robotics/ros2_cobot/install/mycobot_320pi:/home/robotics/ros2_cobot/install/mycobot_320_riscv:/home/robotics/ros2_cobot/install/mycobot_320:/home/robotics/ros2_cobot/install/mycobot_280rdkx5_moveit2:/home/robotics/ros2_cobot/install/mycobot_280pi:/home/robotics/ros2_cobot/install/mycobot_280jn:/home/robotics/ros2_cobot/install/mycobot_280arduino_moveit2:/home/robotics/ros2_cobot/install/mycobot_280_x3pi:/home/robotics/ros2_cobot/install/mycobot_280_riscv:/home/robotics/ros2_cobot/install/mycobot_280_rdkx5:/home/robotics/ros2_cobot/install/mycobot_280_moveit2_control:/home/robotics/ros2_cobot/install/mycobot_280_moveit2:/home/robotics/ros2_cobot/install/mycobot_280_arduino:/home/robotics/ros2_cobot/install/mycobot_280:/home/robotics/ros2_cobot/install/mybuddy:/home/robotics/ros2_cobot/install/myarm_300:/home/robotics/ros2_cobot/install/mecharm_pi:/home/robotics/ros2_cobot/install/mecharm:/home/robotics/ros2_cobot/install/mecharm_interfaces:/opt/ros/humble PYTHONPATH=/home/robotics/ros2_cobot/build/mypalletizer_260/prefix_override:/usr/lib/python3/dist-packages/colcon_core/task/python/colcon_distutils_commands:/home/robotics/ros2_cobot/install/mypalletizer_260/lib/python3.10/site-packages:/home/robotics/ros2_cobot/install/mycobot_description/lib/python3.10/site-packages:/home/robotics/ros2_cobot/install/ultraarm/lib/python3.10/site-packages:/home/robotics/ros2_cobot/install/traj_scripts/local/lib/python3.10/dist-packages:/home/robotics/ros2_cobot/install/mypalletizer_communication/lib/python3.10/site-packages:/home/robotics/ros2_cobot/install/mypalletizer_interfaces/local/lib/python3.10/dist-packages:/home/robotics/ros2_cobot/install/mypalletizer_260_pi/lib/python3.10/site-packages:/home/robotics/ros2_cobot/install/mypalletizer_260/lib/python3.10/site-packages:/home/robotics/ros2_cobot/install/myarm_m750/lib/python3.10/site-packages:/home/robotics/ros2_cobot/install/myarm_c650/lib/python3.10/site-packages:/home/robotics/ros2_cobot/install/mycobot_communication/lib/python3.10/site-packages:/home/robotics/ros2_cobot/install/mecharm_communication/lib/python3.10/site-packages:/home/robotics/ros2_cobot/install/mycobot_interfaces/local/lib/python3.10/dist-packages:/home/robotics/ros2_cobot/install/mycobot_630/lib/python3.10/site-packages:/home/robotics/ros2_cobot/install/mycobot_600/lib/python3.10/site-packages:/home/robotics/ros2_cobot/install/mycobot_320pi/lib/python3.10/site-packages:/home/robotics/ros2_cobot/install/mycobot_320_riscv/lib/python3.10/site-packages:/home/robotics/ros2_cobot/install/mycobot_320/lib/python3.10/site-packages:/home/robotics/ros2_cobot/install/mycobot_280pi/lib/python3.10/site-packages:/home/robotics/ros2_cobot/install/mycobot_280jn/lib/python3.10/site-packages:/home/robotics/ros2_cobot/install/mycobot_280_x3pi/lib/python3.10/site-packages:/home/robotics/ros2_cobot/install/mycobot_280_riscv/lib/python3.10/site-packages:/home/robotics/ros2_cobot/install/mycobot_280_rdkx5/lib/python3.10/site-packages:/home/robotics/ros2_cobot/install/mycobot_280_moveit2_control/lib/python3.10/site-packages:/home/robotics/ros2_cobot/install/mycobot_280_arduino/lib/python3.10/site-packages:/home/robotics/ros2_cobot/install/mycobot_280/lib/python3.10/site-packages:/home/robotics/ros2_cobot/install/mybuddy/lib/python3.10/site-packages:/home/robotics/ros2_cobot/install/myarm_300/lib/python3.10/site-packages:/home/robotics/ros2_cobot/install/mecharm_pi/lib/python3.10/site-packages:/home/robotics/ros2_cobot/install/mecharm/lib/python3.10/site-packages:/home/robotics/ros2_cobot/install/mecharm_interfaces/local/lib/python3.10/dist-packages:/opt/ros/humble/lib/python3.10/site-packages:/opt/ros/humble/local/lib/python3.10/dist-packages /usr/bin/python3 -W ignore:setup.py install is deprecated -W ignore:easy_install command is deprecated setup.py egg_info --egg-base ../../../../build/mypalletizer_260 build --build-base /home/robotics/ros2_cobot/build/mypalletizer_260/build install --record /home/robotics/ros2_cobot/build/mypalletizer_260/install.log --single-version-externally-managed install_data
[9.861s] Level 1:colcon.colcon_core.environment:checking '/home/robotics/ros2_cobot/install/mypalletizer_260' for CMake config files
[9.862s] Level 1:colcon.colcon_core.environment:checking '/home/robotics/ros2_cobot/install/mypalletizer_260/lib'
[9.862s] Level 1:colcon.colcon_core.environment:checking '/home/robotics/ros2_cobot/install/mypalletizer_260/bin'
[9.862s] Level 1:colcon.colcon_core.environment:checking '/home/robotics/ros2_cobot/install/mypalletizer_260/lib/pkgconfig/mypalletizer_260.pc'
[9.862s] Level 1:colcon.colcon_core.environment:checking '/home/robotics/ros2_cobot/install/mypalletizer_260/lib/python3.10/site-packages'
[9.862s] Level 1:colcon.colcon_core.shell:create_environment_hook('mypalletizer_260', 'pythonpath')
[9.862s] INFO:colcon.colcon_core.shell:Creating environment hook '/home/robotics/ros2_cobot/install/mypalletizer_260/share/mypalletizer_260/hook/pythonpath.ps1'
[9.862s] INFO:colcon.colcon_core.shell:Creating environment descriptor '/home/robotics/ros2_cobot/install/mypalletizer_260/share/mypalletizer_260/hook/pythonpath.dsv'
[9.863s] INFO:colcon.colcon_core.shell:Creating environment hook '/home/robotics/ros2_cobot/install/mypalletizer_260/share/mypalletizer_260/hook/pythonpath.sh'
[9.863s] Level 1:colcon.colcon_core.environment:checking '/home/robotics/ros2_cobot/install/mypalletizer_260/bin'
[9.863s] Level 1:colcon.colcon_core.environment:create_environment_scripts_only(mypalletizer_260)
[9.863s] INFO:colcon.colcon_core.shell:Creating package script '/home/robotics/ros2_cobot/install/mypalletizer_260/share/mypalletizer_260/package.ps1'
[9.864s] INFO:colcon.colcon_core.shell:Creating package descriptor '/home/robotics/ros2_cobot/install/mypalletizer_260/share/mypalletizer_260/package.dsv'
[9.864s] INFO:colcon.colcon_core.shell:Creating package script '/home/robotics/ros2_cobot/install/mypalletizer_260/share/mypalletizer_260/package.sh'
[9.864s] INFO:colcon.colcon_core.shell:Creating package script '/home/robotics/ros2_cobot/install/mypalletizer_260/share/mypalletizer_260/package.bash'
[9.864s] INFO:colcon.colcon_core.shell:Creating package script '/home/robotics/ros2_cobot/install/mypalletizer_260/share/mypalletizer_260/package.zsh'
[9.865s] Level 1:colcon.colcon_core.environment:create_file_with_runtime_dependencies(/home/robotics/ros2_cobot/install/mypalletizer_260/share/colcon-core/packages/mypalletizer_260)
[9.873s] Level 1:colcon.colcon_core.environment:checking '/home/robotics/ros2_cobot/install/myarm_c650' for CMake module files
[9.873s] DEBUG:colcon.colcon_core.event_handler.log_command:Invoked command in '/home/robotics/ros2_cobot/src/mycobot_ros2/myArm/myarm_c650' returned '0': AMENT_PREFIX_PATH=/home/robotics/ros2_cobot/install/mycobot_communication:/home/robotics/ros2_cobot/install/mycobot_description:/home/robotics/ros2_cobot/install/ultraarm:/home/robotics/ros2_cobot/install/traj_scripts:/home/robotics/ros2_cobot/install/mypalletizer_communication:/home/robotics/ros2_cobot/install/mypalletizer_interfaces:/home/robotics/ros2_cobot/install/mypalletizer_260_pi:/home/robotics/ros2_cobot/install/mypalletizer_260:/home/robotics/ros2_cobot/install/myarm_m750:/home/robotics/ros2_cobot/install/myarm_c650:/home/robotics/ros2_cobot/install/mecharm_communication:/home/robotics/ros2_cobot/install/mycobot_interfaces:/home/robotics/ros2_cobot/install/mycobot_630:/home/robotics/ros2_cobot/install/mycobot_600:/home/robotics/ros2_cobot/install/mycobot_320pi:/home/robotics/ros2_cobot/install/mycobot_320_riscv:/home/robotics/ros2_cobot/install/mycobot_320:/home/robotics/ros2_cobot/install/mycobot_280rdkx5_moveit2:/home/robotics/ros2_cobot/install/mycobot_280pi:/home/robotics/ros2_cobot/install/mycobot_280jn:/home/robotics/ros2_cobot/install/mycobot_280arduino_moveit2:/home/robotics/ros2_cobot/install/mycobot_280_x3pi:/home/robotics/ros2_cobot/install/mycobot_280_riscv:/home/robotics/ros2_cobot/install/mycobot_280_rdkx5:/home/robotics/ros2_cobot/install/mycobot_280_moveit2_control:/home/robotics/ros2_cobot/install/mycobot_280_moveit2:/home/robotics/ros2_cobot/install/mycobot_280_arduino:/home/robotics/ros2_cobot/install/mycobot_280:/home/robotics/ros2_cobot/install/mybuddy:/home/robotics/ros2_cobot/install/myarm_300:/home/robotics/ros2_cobot/install/mecharm_pi:/home/robotics/ros2_cobot/install/mecharm:/home/robotics/ros2_cobot/install/mecharm_interfaces:/opt/ros/humble CMAKE_PREFIX_PATH=/home/robotics/ros2_cobot/install/mycobot_interfaces:/home/robotics/ros2_cobot/install/traj_scripts:/home/robotics/ros2_cobot/install/mypalletizer_interfaces:/home/robotics/ros2_cobot/install/mycobot_280rdkx5_moveit2:/home/robotics/ros2_cobot/install/mycobot_280arduino_moveit2:/home/robotics/ros2_cobot/install/mycobot_280_moveit2:/home/robotics/ros2_cobot/install/mecharm_interfaces LD_LIBRARY_PATH=/home/robotics/ros2_cobot/install/mycobot_interfaces/lib:/home/robotics/ros2_cobot/install/mypalletizer_interfaces/lib:/home/robotics/ros2_cobot/install/mecharm_interfaces/lib:/opt/ros/humble/opt/rviz_ogre_vendor/lib:/opt/ros/humble/lib/x86_64-linux-gnu:/opt/ros/humble/lib PYTHONPATH=/home/robotics/ros2_cobot/build/myarm_c650/prefix_override:/usr/lib/python3/dist-packages/colcon_core/task/python/colcon_distutils_commands:/home/robotics/ros2_cobot/install/myarm_c650/lib/python3.10/site-packages:/home/robotics/ros2_cobot/install/mycobot_communication/lib/python3.10/site-packages:/home/robotics/ros2_cobot/install/mycobot_description/lib/python3.10/site-packages:/home/robotics/ros2_cobot/install/ultraarm/lib/python3.10/site-packages:/home/robotics/ros2_cobot/install/traj_scripts/local/lib/python3.10/dist-packages:/home/robotics/ros2_cobot/install/mypalletizer_communication/lib/python3.10/site-packages:/home/robotics/ros2_cobot/install/mypalletizer_interfaces/local/lib/python3.10/dist-packages:/home/robotics/ros2_cobot/install/mypalletizer_260_pi/lib/python3.10/site-packages:/home/robotics/ros2_cobot/install/mypalletizer_260/lib/python3.10/site-packages:/home/robotics/ros2_cobot/install/myarm_m750/lib/python3.10/site-packages:/home/robotics/ros2_cobot/install/myarm_c650/lib/python3.10/site-packages:/home/robotics/ros2_cobot/install/mecharm_communication/lib/python3.10/site-packages:/home/robotics/ros2_cobot/install/mycobot_interfaces/local/lib/python3.10/dist-packages:/home/robotics/ros2_cobot/install/mycobot_630/lib/python3.10/site-packages:/home/robotics/ros2_cobot/install/mycobot_600/lib/python3.10/site-packages:/home/robotics/ros2_cobot/install/mycobot_320pi/lib/python3.10/site-packages:/home/robotics/ros2_cobot/install/mycobot_320_riscv/lib/python3.10/site-packages:/home/robotics/ros2_cobot/install/mycobot_320/lib/python3.10/site-packages:/home/robotics/ros2_cobot/install/mycobot_280pi/lib/python3.10/site-packages:/home/robotics/ros2_cobot/install/mycobot_280jn/lib/python3.10/site-packages:/home/robotics/ros2_cobot/install/mycobot_280_x3pi/lib/python3.10/site-packages:/home/robotics/ros2_cobot/install/mycobot_280_riscv/lib/python3.10/site-packages:/home/robotics/ros2_cobot/install/mycobot_280_rdkx5/lib/python3.10/site-packages:/home/robotics/ros2_cobot/install/mycobot_280_moveit2_control/lib/python3.10/site-packages:/home/robotics/ros2_cobot/install/mycobot_280_arduino/lib/python3.10/site-packages:/home/robotics/ros2_cobot/install/mycobot_280/lib/python3.10/site-packages:/home/robotics/ros2_cobot/install/mybuddy/lib/python3.10/site-packages:/home/robotics/ros2_cobot/install/myarm_300/lib/python3.10/site-packages:/home/robotics/ros2_cobot/install/mecharm_pi/lib/python3.10/site-packages:/home/robotics/ros2_cobot/install/mecharm/lib/python3.10/site-packages:/home/robotics/ros2_cobot/install/mecharm_interfaces/local/lib/python3.10/dist-packages:/opt/ros/humble/lib/python3.10/site-packages:/opt/ros/humble/local/lib/python3.10/dist-packages /usr/bin/python3 -W ignore:setup.py install is deprecated -W ignore:easy_install command is deprecated setup.py egg_info --egg-base ../../../../build/myarm_c650 build --build-base /home/robotics/ros2_cobot/build/myarm_c650/build install --record /home/robotics/ros2_cobot/build/myarm_c650/install.log --single-version-externally-managed install_data
[9.874s] Level 1:colcon.colcon_core.environment:checking '/home/robotics/ros2_cobot/install/myarm_c650' for CMake config files
[9.874s] Level 1:colcon.colcon_core.environment:checking '/home/robotics/ros2_cobot/install/myarm_c650/lib'
[9.874s] Level 1:colcon.colcon_core.environment:checking '/home/robotics/ros2_cobot/install/myarm_c650/bin'
[9.874s] Level 1:colcon.colcon_core.environment:checking '/home/robotics/ros2_cobot/install/myarm_c650/lib/pkgconfig/myarm_c650.pc'
[9.874s] Level 1:colcon.colcon_core.environment:checking '/home/robotics/ros2_cobot/install/myarm_c650/lib/python3.10/site-packages'
[9.874s] Level 1:colcon.colcon_core.shell:create_environment_hook('myarm_c650', 'pythonpath')
[9.875s] INFO:colcon.colcon_core.shell:Creating environment hook '/home/robotics/ros2_cobot/install/myarm_c650/share/myarm_c650/hook/pythonpath.ps1'
[9.875s] INFO:colcon.colcon_core.shell:Creating environment descriptor '/home/robotics/ros2_cobot/install/myarm_c650/share/myarm_c650/hook/pythonpath.dsv'
[9.875s] INFO:colcon.colcon_core.shell:Creating environment hook '/home/robotics/ros2_cobot/install/myarm_c650/share/myarm_c650/hook/pythonpath.sh'
[9.876s] Level 1:colcon.colcon_core.environment:checking '/home/robotics/ros2_cobot/install/myarm_c650/bin'
[9.876s] Level 1:colcon.colcon_core.environment:create_environment_scripts_only(myarm_c650)
[9.876s] INFO:colcon.colcon_core.shell:Creating package script '/home/robotics/ros2_cobot/install/myarm_c650/share/myarm_c650/package.ps1'
[9.877s] INFO:colcon.colcon_core.shell:Creating package descriptor '/home/robotics/ros2_cobot/install/myarm_c650/share/myarm_c650/package.dsv'
[9.877s] INFO:colcon.colcon_core.shell:Creating package script '/home/robotics/ros2_cobot/install/myarm_c650/share/myarm_c650/package.sh'
[9.878s] INFO:colcon.colcon_core.shell:Creating package script '/home/robotics/ros2_cobot/install/myarm_c650/share/myarm_c650/package.bash'
[9.878s] INFO:colcon.colcon_core.shell:Creating package script '/home/robotics/ros2_cobot/install/myarm_c650/share/myarm_c650/package.zsh'
[9.879s] Level 1:colcon.colcon_core.environment:create_file_with_runtime_dependencies(/home/robotics/ros2_cobot/install/myarm_c650/share/colcon-core/packages/myarm_c650)
[9.909s] Level 1:colcon.colcon_core.environment:checking '/home/robotics/ros2_cobot/install/myarm_m750' for CMake module files
[9.909s] DEBUG:colcon.colcon_core.event_handler.log_command:Invoked command in '/home/robotics/ros2_cobot/src/mycobot_ros2/myArm/myarm_m750' returned '0': AMENT_PREFIX_PATH=/home/robotics/ros2_cobot/install/mycobot_communication:/home/robotics/ros2_cobot/install/mycobot_description:/home/robotics/ros2_cobot/install/ultraarm:/home/robotics/ros2_cobot/install/traj_scripts:/home/robotics/ros2_cobot/install/mypalletizer_communication:/home/robotics/ros2_cobot/install/mypalletizer_interfaces:/home/robotics/ros2_cobot/install/mypalletizer_260_pi:/home/robotics/ros2_cobot/install/mypalletizer_260:/home/robotics/ros2_cobot/install/myarm_m750:/home/robotics/ros2_cobot/install/myarm_c650:/home/robotics/ros2_cobot/install/mecharm_communication:/home/robotics/ros2_cobot/install/mycobot_interfaces:/home/robotics/ros2_cobot/install/mycobot_630:/home/robotics/ros2_cobot/install/mycobot_600:/home/robotics/ros2_cobot/install/mycobot_320pi:/home/robotics/ros2_cobot/install/mycobot_320_riscv:/home/robotics/ros2_cobot/install/mycobot_320:/home/robotics/ros2_cobot/install/mycobot_280rdkx5_moveit2:/home/robotics/ros2_cobot/install/mycobot_280pi:/home/robotics/ros2_cobot/install/mycobot_280jn:/home/robotics/ros2_cobot/install/mycobot_280arduino_moveit2:/home/robotics/ros2_cobot/install/mycobot_280_x3pi:/home/robotics/ros2_cobot/install/mycobot_280_riscv:/home/robotics/ros2_cobot/install/mycobot_280_rdkx5:/home/robotics/ros2_cobot/install/mycobot_280_moveit2_control:/home/robotics/ros2_cobot/install/mycobot_280_moveit2:/home/robotics/ros2_cobot/install/mycobot_280_arduino:/home/robotics/ros2_cobot/install/mycobot_280:/home/robotics/ros2_cobot/install/mybuddy:/home/robotics/ros2_cobot/install/myarm_300:/home/robotics/ros2_cobot/install/mecharm_pi:/home/robotics/ros2_cobot/install/mecharm:/home/robotics/ros2_cobot/install/mecharm_interfaces:/opt/ros/humble CMAKE_PREFIX_PATH=/home/robotics/ros2_cobot/install/mycobot_interfaces:/home/robotics/ros2_cobot/install/traj_scripts:/home/robotics/ros2_cobot/install/mypalletizer_interfaces:/home/robotics/ros2_cobot/install/mycobot_280rdkx5_moveit2:/home/robotics/ros2_cobot/install/mycobot_280arduino_moveit2:/home/robotics/ros2_cobot/install/mycobot_280_moveit2:/home/robotics/ros2_cobot/install/mecharm_interfaces LD_LIBRARY_PATH=/home/robotics/ros2_cobot/install/mycobot_interfaces/lib:/home/robotics/ros2_cobot/install/mypalletizer_interfaces/lib:/home/robotics/ros2_cobot/install/mecharm_interfaces/lib:/opt/ros/humble/opt/rviz_ogre_vendor/lib:/opt/ros/humble/lib/x86_64-linux-gnu:/opt/ros/humble/lib PYTHONPATH=/home/robotics/ros2_cobot/build/myarm_m750/prefix_override:/usr/lib/python3/dist-packages/colcon_core/task/python/colcon_distutils_commands:/home/robotics/ros2_cobot/install/myarm_m750/lib/python3.10/site-packages:/home/robotics/ros2_cobot/install/mycobot_communication/lib/python3.10/site-packages:/home/robotics/ros2_cobot/install/mycobot_description/lib/python3.10/site-packages:/home/robotics/ros2_cobot/install/ultraarm/lib/python3.10/site-packages:/home/robotics/ros2_cobot/install/traj_scripts/local/lib/python3.10/dist-packages:/home/robotics/ros2_cobot/install/mypalletizer_communication/lib/python3.10/site-packages:/home/robotics/ros2_cobot/install/mypalletizer_interfaces/local/lib/python3.10/dist-packages:/home/robotics/ros2_cobot/install/mypalletizer_260_pi/lib/python3.10/site-packages:/home/robotics/ros2_cobot/install/mypalletizer_260/lib/python3.10/site-packages:/home/robotics/ros2_cobot/install/myarm_m750/lib/python3.10/site-packages:/home/robotics/ros2_cobot/install/myarm_c650/lib/python3.10/site-packages:/home/robotics/ros2_cobot/install/mecharm_communication/lib/python3.10/site-packages:/home/robotics/ros2_cobot/install/mycobot_interfaces/local/lib/python3.10/dist-packages:/home/robotics/ros2_cobot/install/mycobot_630/lib/python3.10/site-packages:/home/robotics/ros2_cobot/install/mycobot_600/lib/python3.10/site-packages:/home/robotics/ros2_cobot/install/mycobot_320pi/lib/python3.10/site-packages:/home/robotics/ros2_cobot/install/mycobot_320_riscv/lib/python3.10/site-packages:/home/robotics/ros2_cobot/install/mycobot_320/lib/python3.10/site-packages:/home/robotics/ros2_cobot/install/mycobot_280pi/lib/python3.10/site-packages:/home/robotics/ros2_cobot/install/mycobot_280jn/lib/python3.10/site-packages:/home/robotics/ros2_cobot/install/mycobot_280_x3pi/lib/python3.10/site-packages:/home/robotics/ros2_cobot/install/mycobot_280_riscv/lib/python3.10/site-packages:/home/robotics/ros2_cobot/install/mycobot_280_rdkx5/lib/python3.10/site-packages:/home/robotics/ros2_cobot/install/mycobot_280_moveit2_control/lib/python3.10/site-packages:/home/robotics/ros2_cobot/install/mycobot_280_arduino/lib/python3.10/site-packages:/home/robotics/ros2_cobot/install/mycobot_280/lib/python3.10/site-packages:/home/robotics/ros2_cobot/install/mybuddy/lib/python3.10/site-packages:/home/robotics/ros2_cobot/install/myarm_300/lib/python3.10/site-packages:/home/robotics/ros2_cobot/install/mecharm_pi/lib/python3.10/site-packages:/home/robotics/ros2_cobot/install/mecharm/lib/python3.10/site-packages:/home/robotics/ros2_cobot/install/mecharm_interfaces/local/lib/python3.10/dist-packages:/opt/ros/humble/lib/python3.10/site-packages:/opt/ros/humble/local/lib/python3.10/dist-packages /usr/bin/python3 -W ignore:setup.py install is deprecated -W ignore:easy_install command is deprecated setup.py egg_info --egg-base ../../../../build/myarm_m750 build --build-base /home/robotics/ros2_cobot/build/myarm_m750/build install --record /home/robotics/ros2_cobot/build/myarm_m750/install.log --single-version-externally-managed install_data
[9.909s] Level 1:colcon.colcon_core.environment:checking '/home/robotics/ros2_cobot/install/myarm_m750' for CMake config files
[9.910s] Level 1:colcon.colcon_core.environment:checking '/home/robotics/ros2_cobot/install/myarm_m750/lib'
[9.910s] Level 1:colcon.colcon_core.environment:checking '/home/robotics/ros2_cobot/install/myarm_m750/bin'
[9.910s] Level 1:colcon.colcon_core.environment:checking '/home/robotics/ros2_cobot/install/myarm_m750/lib/pkgconfig/myarm_m750.pc'
[9.910s] Level 1:colcon.colcon_core.environment:checking '/home/robotics/ros2_cobot/install/myarm_m750/lib/python3.10/site-packages'
[9.910s] Level 1:colcon.colcon_core.shell:create_environment_hook('myarm_m750', 'pythonpath')
[9.910s] INFO:colcon.colcon_core.shell:Creating environment hook '/home/robotics/ros2_cobot/install/myarm_m750/share/myarm_m750/hook/pythonpath.ps1'
[9.911s] INFO:colcon.colcon_core.shell:Creating environment descriptor '/home/robotics/ros2_cobot/install/myarm_m750/share/myarm_m750/hook/pythonpath.dsv'
[9.911s] INFO:colcon.colcon_core.shell:Creating environment hook '/home/robotics/ros2_cobot/install/myarm_m750/share/myarm_m750/hook/pythonpath.sh'
[9.911s] Level 1:colcon.colcon_core.environment:checking '/home/robotics/ros2_cobot/install/myarm_m750/bin'
[9.911s] Level 1:colcon.colcon_core.environment:create_environment_scripts_only(myarm_m750)
[9.912s] INFO:colcon.colcon_core.shell:Creating package script '/home/robotics/ros2_cobot/install/myarm_m750/share/myarm_m750/package.ps1'
[9.912s] INFO:colcon.colcon_core.shell:Creating package descriptor '/home/robotics/ros2_cobot/install/myarm_m750/share/myarm_m750/package.dsv'
[9.912s] INFO:colcon.colcon_core.shell:Creating package script '/home/robotics/ros2_cobot/install/myarm_m750/share/myarm_m750/package.sh'
[9.912s] INFO:colcon.colcon_core.shell:Creating package script '/home/robotics/ros2_cobot/install/myarm_m750/share/myarm_m750/package.bash'
[9.913s] INFO:colcon.colcon_core.shell:Creating package script '/home/robotics/ros2_cobot/install/myarm_m750/share/myarm_m750/package.zsh'
[9.913s] Level 1:colcon.colcon_core.environment:create_file_with_runtime_dependencies(/home/robotics/ros2_cobot/install/myarm_m750/share/colcon-core/packages/myarm_m750)
[9.913s] Level 1:colcon.colcon_core.environment:checking '/home/robotics/ros2_cobot/install/mycobot_280_rdkx5' for CMake module files
[9.914s] DEBUG:colcon.colcon_core.event_handler.log_command:Invoked command in '/home/robotics/ros2_cobot/src/mycobot_ros2/mycobot_280/mycobot_280_rdkx5' returned '0': AMENT_PREFIX_PATH=/home/robotics/ros2_cobot/install/mycobot_communication:/home/robotics/ros2_cobot/install/mycobot_description:/home/robotics/ros2_cobot/install/ultraarm:/home/robotics/ros2_cobot/install/traj_scripts:/home/robotics/ros2_cobot/install/mypalletizer_communication:/home/robotics/ros2_cobot/install/mypalletizer_interfaces:/home/robotics/ros2_cobot/install/mypalletizer_260_pi:/home/robotics/ros2_cobot/install/mypalletizer_260:/home/robotics/ros2_cobot/install/myarm_m750:/home/robotics/ros2_cobot/install/myarm_c650:/home/robotics/ros2_cobot/install/mecharm_communication:/home/robotics/ros2_cobot/install/mycobot_interfaces:/home/robotics/ros2_cobot/install/mycobot_630:/home/robotics/ros2_cobot/install/mycobot_600:/home/robotics/ros2_cobot/install/mycobot_320pi:/home/robotics/ros2_cobot/install/mycobot_320_riscv:/home/robotics/ros2_cobot/install/mycobot_320:/home/robotics/ros2_cobot/install/mycobot_280rdkx5_moveit2:/home/robotics/ros2_cobot/install/mycobot_280pi:/home/robotics/ros2_cobot/install/mycobot_280jn:/home/robotics/ros2_cobot/install/mycobot_280arduino_moveit2:/home/robotics/ros2_cobot/install/mycobot_280_x3pi:/home/robotics/ros2_cobot/install/mycobot_280_riscv:/home/robotics/ros2_cobot/install/mycobot_280_rdkx5:/home/robotics/ros2_cobot/install/mycobot_280_moveit2_control:/home/robotics/ros2_cobot/install/mycobot_280_moveit2:/home/robotics/ros2_cobot/install/mycobot_280_arduino:/home/robotics/ros2_cobot/install/mycobot_280:/home/robotics/ros2_cobot/install/mybuddy:/home/robotics/ros2_cobot/install/myarm_300:/home/robotics/ros2_cobot/install/mecharm_pi:/home/robotics/ros2_cobot/install/mecharm:/home/robotics/ros2_cobot/install/mecharm_interfaces:/opt/ros/humble CMAKE_PREFIX_PATH=/home/robotics/ros2_cobot/install/mycobot_interfaces:/home/robotics/ros2_cobot/install/traj_scripts:/home/robotics/ros2_cobot/install/mypalletizer_interfaces:/home/robotics/ros2_cobot/install/mycobot_280rdkx5_moveit2:/home/robotics/ros2_cobot/install/mycobot_280arduino_moveit2:/home/robotics/ros2_cobot/install/mycobot_280_moveit2:/home/robotics/ros2_cobot/install/mecharm_interfaces LD_LIBRARY_PATH=/home/robotics/ros2_cobot/install/mycobot_interfaces/lib:/home/robotics/ros2_cobot/install/mypalletizer_interfaces/lib:/home/robotics/ros2_cobot/install/mecharm_interfaces/lib:/opt/ros/humble/opt/rviz_ogre_vendor/lib:/opt/ros/humble/lib/x86_64-linux-gnu:/opt/ros/humble/lib PYTHONPATH=/home/robotics/ros2_cobot/build/mycobot_280_rdkx5/prefix_override:/usr/lib/python3/dist-packages/colcon_core/task/python/colcon_distutils_commands:/home/robotics/ros2_cobot/install/mycobot_280_rdkx5/lib/python3.10/site-packages:/home/robotics/ros2_cobot/install/mycobot_communication/lib/python3.10/site-packages:/home/robotics/ros2_cobot/install/mycobot_description/lib/python3.10/site-packages:/home/robotics/ros2_cobot/install/ultraarm/lib/python3.10/site-packages:/home/robotics/ros2_cobot/install/traj_scripts/local/lib/python3.10/dist-packages:/home/robotics/ros2_cobot/install/mypalletizer_communication/lib/python3.10/site-packages:/home/robotics/ros2_cobot/install/mypalletizer_interfaces/local/lib/python3.10/dist-packages:/home/robotics/ros2_cobot/install/mypalletizer_260_pi/lib/python3.10/site-packages:/home/robotics/ros2_cobot/install/mypalletizer_260/lib/python3.10/site-packages:/home/robotics/ros2_cobot/install/myarm_m750/lib/python3.10/site-packages:/home/robotics/ros2_cobot/install/myarm_c650/lib/python3.10/site-packages:/home/robotics/ros2_cobot/install/mecharm_communication/lib/python3.10/site-packages:/home/robotics/ros2_cobot/install/mycobot_interfaces/local/lib/python3.10/dist-packages:/home/robotics/ros2_cobot/install/mycobot_630/lib/python3.10/site-packages:/home/robotics/ros2_cobot/install/mycobot_600/lib/python3.10/site-packages:/home/robotics/ros2_cobot/install/mycobot_320pi/lib/python3.10/site-packages:/home/robotics/ros2_cobot/install/mycobot_320_riscv/lib/python3.10/site-packages:/home/robotics/ros2_cobot/install/mycobot_320/lib/python3.10/site-packages:/home/robotics/ros2_cobot/install/mycobot_280pi/lib/python3.10/site-packages:/home/robotics/ros2_cobot/install/mycobot_280jn/lib/python3.10/site-packages:/home/robotics/ros2_cobot/install/mycobot_280_x3pi/lib/python3.10/site-packages:/home/robotics/ros2_cobot/install/mycobot_280_riscv/lib/python3.10/site-packages:/home/robotics/ros2_cobot/install/mycobot_280_rdkx5/lib/python3.10/site-packages:/home/robotics/ros2_cobot/install/mycobot_280_moveit2_control/lib/python3.10/site-packages:/home/robotics/ros2_cobot/install/mycobot_280_arduino/lib/python3.10/site-packages:/home/robotics/ros2_cobot/install/mycobot_280/lib/python3.10/site-packages:/home/robotics/ros2_cobot/install/mybuddy/lib/python3.10/site-packages:/home/robotics/ros2_cobot/install/myarm_300/lib/python3.10/site-packages:/home/robotics/ros2_cobot/install/mecharm_pi/lib/python3.10/site-packages:/home/robotics/ros2_cobot/install/mecharm/lib/python3.10/site-packages:/home/robotics/ros2_cobot/install/mecharm_interfaces/local/lib/python3.10/dist-packages:/opt/ros/humble/lib/python3.10/site-packages:/opt/ros/humble/local/lib/python3.10/dist-packages /usr/bin/python3 -W ignore:setup.py install is deprecated -W ignore:easy_install command is deprecated setup.py egg_info --egg-base ../../../../build/mycobot_280_rdkx5 build --build-base /home/robotics/ros2_cobot/build/mycobot_280_rdkx5/build install --record /home/robotics/ros2_cobot/build/mycobot_280_rdkx5/install.log --single-version-externally-managed install_data
[9.914s] Level 1:colcon.colcon_core.environment:checking '/home/robotics/ros2_cobot/install/mycobot_280_rdkx5' for CMake config files
[9.914s] Level 1:colcon.colcon_core.environment:checking '/home/robotics/ros2_cobot/install/mycobot_280_rdkx5/lib'
[9.914s] Level 1:colcon.colcon_core.environment:checking '/home/robotics/ros2_cobot/install/mycobot_280_rdkx5/bin'
[9.914s] Level 1:colcon.colcon_core.environment:checking '/home/robotics/ros2_cobot/install/mycobot_280_rdkx5/lib/pkgconfig/mycobot_280_rdkx5.pc'
[9.915s] Level 1:colcon.colcon_core.environment:checking '/home/robotics/ros2_cobot/install/mycobot_280_rdkx5/lib/python3.10/site-packages'
[9.915s] Level 1:colcon.colcon_core.shell:create_environment_hook('mycobot_280_rdkx5', 'pythonpath')
[9.915s] INFO:colcon.colcon_core.shell:Creating environment hook '/home/robotics/ros2_cobot/install/mycobot_280_rdkx5/share/mycobot_280_rdkx5/hook/pythonpath.ps1'
[9.915s] INFO:colcon.colcon_core.shell:Creating environment descriptor '/home/robotics/ros2_cobot/install/mycobot_280_rdkx5/share/mycobot_280_rdkx5/hook/pythonpath.dsv'
[9.915s] INFO:colcon.colcon_core.shell:Creating environment hook '/home/robotics/ros2_cobot/install/mycobot_280_rdkx5/share/mycobot_280_rdkx5/hook/pythonpath.sh'
[9.916s] Level 1:colcon.colcon_core.environment:checking '/home/robotics/ros2_cobot/install/mycobot_280_rdkx5/bin'
[9.916s] Level 1:colcon.colcon_core.environment:create_environment_scripts_only(mycobot_280_rdkx5)
[9.916s] INFO:colcon.colcon_core.shell:Creating package script '/home/robotics/ros2_cobot/install/mycobot_280_rdkx5/share/mycobot_280_rdkx5/package.ps1'
[9.916s] INFO:colcon.colcon_core.shell:Creating package descriptor '/home/robotics/ros2_cobot/install/mycobot_280_rdkx5/share/mycobot_280_rdkx5/package.dsv'
[9.916s] INFO:colcon.colcon_core.shell:Creating package script '/home/robotics/ros2_cobot/install/mycobot_280_rdkx5/share/mycobot_280_rdkx5/package.sh'
[9.917s] INFO:colcon.colcon_core.shell:Creating package script '/home/robotics/ros2_cobot/install/mycobot_280_rdkx5/share/mycobot_280_rdkx5/package.bash'
[9.917s] INFO:colcon.colcon_core.shell:Creating package script '/home/robotics/ros2_cobot/install/mycobot_280_rdkx5/share/mycobot_280_rdkx5/package.zsh'
[9.917s] Level 1:colcon.colcon_core.environment:create_file_with_runtime_dependencies(/home/robotics/ros2_cobot/install/mycobot_280_rdkx5/share/colcon-core/packages/mycobot_280_rdkx5)
[9.968s] Level 1:colcon.colcon_core.environment:checking '/home/robotics/ros2_cobot/install/mypalletizer_260_pi' for CMake module files
[9.969s] DEBUG:colcon.colcon_core.event_handler.log_command:Invoked command in '/home/robotics/ros2_cobot/src/mycobot_ros2/mypalletizer_260/mypalletizer_260_pi' returned '0': AMENT_PREFIX_PATH=/home/robotics/ros2_cobot/install/mycobot_description:/home/robotics/ros2_cobot/install/ultraarm:/home/robotics/ros2_cobot/install/traj_scripts:/home/robotics/ros2_cobot/install/mypalletizer_communication:/home/robotics/ros2_cobot/install/mypalletizer_interfaces:/home/robotics/ros2_cobot/install/mypalletizer_260_pi:/home/robotics/ros2_cobot/install/mypalletizer_260:/home/robotics/ros2_cobot/install/myarm_m750:/home/robotics/ros2_cobot/install/myarm_c650:/home/robotics/ros2_cobot/install/mycobot_communication:/home/robotics/ros2_cobot/install/mecharm_communication:/home/robotics/ros2_cobot/install/mycobot_interfaces:/home/robotics/ros2_cobot/install/mycobot_630:/home/robotics/ros2_cobot/install/mycobot_600:/home/robotics/ros2_cobot/install/mycobot_320pi:/home/robotics/ros2_cobot/install/mycobot_320_riscv:/home/robotics/ros2_cobot/install/mycobot_320:/home/robotics/ros2_cobot/install/mycobot_280rdkx5_moveit2:/home/robotics/ros2_cobot/install/mycobot_280pi:/home/robotics/ros2_cobot/install/mycobot_280jn:/home/robotics/ros2_cobot/install/mycobot_280arduino_moveit2:/home/robotics/ros2_cobot/install/mycobot_280_x3pi:/home/robotics/ros2_cobot/install/mycobot_280_riscv:/home/robotics/ros2_cobot/install/mycobot_280_rdkx5:/home/robotics/ros2_cobot/install/mycobot_280_moveit2_control:/home/robotics/ros2_cobot/install/mycobot_280_moveit2:/home/robotics/ros2_cobot/install/mycobot_280_arduino:/home/robotics/ros2_cobot/install/mycobot_280:/home/robotics/ros2_cobot/install/mybuddy:/home/robotics/ros2_cobot/install/myarm_300:/home/robotics/ros2_cobot/install/mecharm_pi:/home/robotics/ros2_cobot/install/mecharm:/home/robotics/ros2_cobot/install/mecharm_interfaces:/opt/ros/humble PYTHONPATH=/home/robotics/ros2_cobot/build/mypalletizer_260_pi/prefix_override:/usr/lib/python3/dist-packages/colcon_core/task/python/colcon_distutils_commands:/home/robotics/ros2_cobot/install/mypalletizer_260_pi/lib/python3.10/site-packages:/home/robotics/ros2_cobot/install/mycobot_description/lib/python3.10/site-packages:/home/robotics/ros2_cobot/install/ultraarm/lib/python3.10/site-packages:/home/robotics/ros2_cobot/install/traj_scripts/local/lib/python3.10/dist-packages:/home/robotics/ros2_cobot/install/mypalletizer_communication/lib/python3.10/site-packages:/home/robotics/ros2_cobot/install/mypalletizer_interfaces/local/lib/python3.10/dist-packages:/home/robotics/ros2_cobot/install/mypalletizer_260_pi/lib/python3.10/site-packages:/home/robotics/ros2_cobot/install/mypalletizer_260/lib/python3.10/site-packages:/home/robotics/ros2_cobot/install/myarm_m750/lib/python3.10/site-packages:/home/robotics/ros2_cobot/install/myarm_c650/lib/python3.10/site-packages:/home/robotics/ros2_cobot/install/mycobot_communication/lib/python3.10/site-packages:/home/robotics/ros2_cobot/install/mecharm_communication/lib/python3.10/site-packages:/home/robotics/ros2_cobot/install/mycobot_interfaces/local/lib/python3.10/dist-packages:/home/robotics/ros2_cobot/install/mycobot_630/lib/python3.10/site-packages:/home/robotics/ros2_cobot/install/mycobot_600/lib/python3.10/site-packages:/home/robotics/ros2_cobot/install/mycobot_320pi/lib/python3.10/site-packages:/home/robotics/ros2_cobot/install/mycobot_320_riscv/lib/python3.10/site-packages:/home/robotics/ros2_cobot/install/mycobot_320/lib/python3.10/site-packages:/home/robotics/ros2_cobot/install/mycobot_280pi/lib/python3.10/site-packages:/home/robotics/ros2_cobot/install/mycobot_280jn/lib/python3.10/site-packages:/home/robotics/ros2_cobot/install/mycobot_280_x3pi/lib/python3.10/site-packages:/home/robotics/ros2_cobot/install/mycobot_280_riscv/lib/python3.10/site-packages:/home/robotics/ros2_cobot/install/mycobot_280_rdkx5/lib/python3.10/site-packages:/home/robotics/ros2_cobot/install/mycobot_280_moveit2_control/lib/python3.10/site-packages:/home/robotics/ros2_cobot/install/mycobot_280_arduino/lib/python3.10/site-packages:/home/robotics/ros2_cobot/install/mycobot_280/lib/python3.10/site-packages:/home/robotics/ros2_cobot/install/mybuddy/lib/python3.10/site-packages:/home/robotics/ros2_cobot/install/myarm_300/lib/python3.10/site-packages:/home/robotics/ros2_cobot/install/mecharm_pi/lib/python3.10/site-packages:/home/robotics/ros2_cobot/install/mecharm/lib/python3.10/site-packages:/home/robotics/ros2_cobot/install/mecharm_interfaces/local/lib/python3.10/dist-packages:/opt/ros/humble/lib/python3.10/site-packages:/opt/ros/humble/local/lib/python3.10/dist-packages /usr/bin/python3 -W ignore:setup.py install is deprecated -W ignore:easy_install command is deprecated setup.py egg_info --egg-base ../../../../build/mypalletizer_260_pi build --build-base /home/robotics/ros2_cobot/build/mypalletizer_260_pi/build install --record /home/robotics/ros2_cobot/build/mypalletizer_260_pi/install.log --single-version-externally-managed install_data
[9.969s] Level 1:colcon.colcon_core.environment:checking '/home/robotics/ros2_cobot/install/mypalletizer_260_pi' for CMake config files
[9.970s] Level 1:colcon.colcon_core.environment:checking '/home/robotics/ros2_cobot/install/mypalletizer_260_pi/lib'
[9.970s] Level 1:colcon.colcon_core.environment:checking '/home/robotics/ros2_cobot/install/mypalletizer_260_pi/bin'
[9.971s] Level 1:colcon.colcon_core.environment:checking '/home/robotics/ros2_cobot/install/mypalletizer_260_pi/lib/pkgconfig/mypalletizer_260_pi.pc'
[9.971s] Level 1:colcon.colcon_core.environment:checking '/home/robotics/ros2_cobot/install/mypalletizer_260_pi/lib/python3.10/site-packages'
[9.971s] Level 1:colcon.colcon_core.shell:create_environment_hook('mypalletizer_260_pi', 'pythonpath')
[9.972s] INFO:colcon.colcon_core.shell:Creating environment hook '/home/robotics/ros2_cobot/install/mypalletizer_260_pi/share/mypalletizer_260_pi/hook/pythonpath.ps1'
[9.973s] INFO:colcon.colcon_core.shell:Creating environment descriptor '/home/robotics/ros2_cobot/install/mypalletizer_260_pi/share/mypalletizer_260_pi/hook/pythonpath.dsv'
[9.973s] INFO:colcon.colcon_core.shell:Creating environment hook '/home/robotics/ros2_cobot/install/mypalletizer_260_pi/share/mypalletizer_260_pi/hook/pythonpath.sh'
[9.974s] Level 1:colcon.colcon_core.environment:checking '/home/robotics/ros2_cobot/install/mypalletizer_260_pi/bin'
[9.974s] Level 1:colcon.colcon_core.environment:create_environment_scripts_only(mypalletizer_260_pi)
[9.974s] INFO:colcon.colcon_core.shell:Creating package script '/home/robotics/ros2_cobot/install/mypalletizer_260_pi/share/mypalletizer_260_pi/package.ps1'
[9.975s] INFO:colcon.colcon_core.shell:Creating package descriptor '/home/robotics/ros2_cobot/install/mypalletizer_260_pi/share/mypalletizer_260_pi/package.dsv'
[9.976s] INFO:colcon.colcon_core.shell:Creating package script '/home/robotics/ros2_cobot/install/mypalletizer_260_pi/share/mypalletizer_260_pi/package.sh'
[9.976s] INFO:colcon.colcon_core.shell:Creating package script '/home/robotics/ros2_cobot/install/mypalletizer_260_pi/share/mypalletizer_260_pi/package.bash'
[9.977s] INFO:colcon.colcon_core.shell:Creating package script '/home/robotics/ros2_cobot/install/mypalletizer_260_pi/share/mypalletizer_260_pi/package.zsh'
[9.977s] Level 1:colcon.colcon_core.environment:create_file_with_runtime_dependencies(/home/robotics/ros2_cobot/install/mypalletizer_260_pi/share/colcon-core/packages/mypalletizer_260_pi)
[9.979s] Level 1:colcon.colcon_core.environment:checking '/home/robotics/ros2_cobot/install/mycobot_630' for CMake module files
[9.980s] DEBUG:colcon.colcon_core.event_handler.log_command:Invoked command in '/home/robotics/ros2_cobot/src/mycobot_ros2/mycobot_pro/mycobot_630' returned '0': AMENT_PREFIX_PATH=/home/robotics/ros2_cobot/install/mycobot_description:/home/robotics/ros2_cobot/install/ultraarm:/home/robotics/ros2_cobot/install/traj_scripts:/home/robotics/ros2_cobot/install/mypalletizer_communication:/home/robotics/ros2_cobot/install/mypalletizer_interfaces:/home/robotics/ros2_cobot/install/mypalletizer_260_pi:/home/robotics/ros2_cobot/install/mypalletizer_260:/home/robotics/ros2_cobot/install/myarm_m750:/home/robotics/ros2_cobot/install/myarm_c650:/home/robotics/ros2_cobot/install/mycobot_communication:/home/robotics/ros2_cobot/install/mecharm_communication:/home/robotics/ros2_cobot/install/mycobot_interfaces:/home/robotics/ros2_cobot/install/mycobot_630:/home/robotics/ros2_cobot/install/mycobot_600:/home/robotics/ros2_cobot/install/mycobot_320pi:/home/robotics/ros2_cobot/install/mycobot_320_riscv:/home/robotics/ros2_cobot/install/mycobot_320:/home/robotics/ros2_cobot/install/mycobot_280rdkx5_moveit2:/home/robotics/ros2_cobot/install/mycobot_280pi:/home/robotics/ros2_cobot/install/mycobot_280jn:/home/robotics/ros2_cobot/install/mycobot_280arduino_moveit2:/home/robotics/ros2_cobot/install/mycobot_280_x3pi:/home/robotics/ros2_cobot/install/mycobot_280_riscv:/home/robotics/ros2_cobot/install/mycobot_280_rdkx5:/home/robotics/ros2_cobot/install/mycobot_280_moveit2_control:/home/robotics/ros2_cobot/install/mycobot_280_moveit2:/home/robotics/ros2_cobot/install/mycobot_280_arduino:/home/robotics/ros2_cobot/install/mycobot_280:/home/robotics/ros2_cobot/install/mybuddy:/home/robotics/ros2_cobot/install/myarm_300:/home/robotics/ros2_cobot/install/mecharm_pi:/home/robotics/ros2_cobot/install/mecharm:/home/robotics/ros2_cobot/install/mecharm_interfaces:/opt/ros/humble PYTHONPATH=/home/robotics/ros2_cobot/build/mycobot_630/prefix_override:/usr/lib/python3/dist-packages/colcon_core/task/python/colcon_distutils_commands:/home/robotics/ros2_cobot/install/mycobot_630/lib/python3.10/site-packages:/home/robotics/ros2_cobot/install/mycobot_description/lib/python3.10/site-packages:/home/robotics/ros2_cobot/install/ultraarm/lib/python3.10/site-packages:/home/robotics/ros2_cobot/install/traj_scripts/local/lib/python3.10/dist-packages:/home/robotics/ros2_cobot/install/mypalletizer_communication/lib/python3.10/site-packages:/home/robotics/ros2_cobot/install/mypalletizer_interfaces/local/lib/python3.10/dist-packages:/home/robotics/ros2_cobot/install/mypalletizer_260_pi/lib/python3.10/site-packages:/home/robotics/ros2_cobot/install/mypalletizer_260/lib/python3.10/site-packages:/home/robotics/ros2_cobot/install/myarm_m750/lib/python3.10/site-packages:/home/robotics/ros2_cobot/install/myarm_c650/lib/python3.10/site-packages:/home/robotics/ros2_cobot/install/mycobot_communication/lib/python3.10/site-packages:/home/robotics/ros2_cobot/install/mecharm_communication/lib/python3.10/site-packages:/home/robotics/ros2_cobot/install/mycobot_interfaces/local/lib/python3.10/dist-packages:/home/robotics/ros2_cobot/install/mycobot_630/lib/python3.10/site-packages:/home/robotics/ros2_cobot/install/mycobot_600/lib/python3.10/site-packages:/home/robotics/ros2_cobot/install/mycobot_320pi/lib/python3.10/site-packages:/home/robotics/ros2_cobot/install/mycobot_320_riscv/lib/python3.10/site-packages:/home/robotics/ros2_cobot/install/mycobot_320/lib/python3.10/site-packages:/home/robotics/ros2_cobot/install/mycobot_280pi/lib/python3.10/site-packages:/home/robotics/ros2_cobot/install/mycobot_280jn/lib/python3.10/site-packages:/home/robotics/ros2_cobot/install/mycobot_280_x3pi/lib/python3.10/site-packages:/home/robotics/ros2_cobot/install/mycobot_280_riscv/lib/python3.10/site-packages:/home/robotics/ros2_cobot/install/mycobot_280_rdkx5/lib/python3.10/site-packages:/home/robotics/ros2_cobot/install/mycobot_280_moveit2_control/lib/python3.10/site-packages:/home/robotics/ros2_cobot/install/mycobot_280_arduino/lib/python3.10/site-packages:/home/robotics/ros2_cobot/install/mycobot_280/lib/python3.10/site-packages:/home/robotics/ros2_cobot/install/mybuddy/lib/python3.10/site-packages:/home/robotics/ros2_cobot/install/myarm_300/lib/python3.10/site-packages:/home/robotics/ros2_cobot/install/mecharm_pi/lib/python3.10/site-packages:/home/robotics/ros2_cobot/install/mecharm/lib/python3.10/site-packages:/home/robotics/ros2_cobot/install/mecharm_interfaces/local/lib/python3.10/dist-packages:/opt/ros/humble/lib/python3.10/site-packages:/opt/ros/humble/local/lib/python3.10/dist-packages /usr/bin/python3 -W ignore:setup.py install is deprecated -W ignore:easy_install command is deprecated setup.py egg_info --egg-base ../../../../build/mycobot_630 build --build-base /home/robotics/ros2_cobot/build/mycobot_630/build install --record /home/robotics/ros2_cobot/build/mycobot_630/install.log --single-version-externally-managed install_data
[9.980s] Level 1:colcon.colcon_core.environment:checking '/home/robotics/ros2_cobot/install/mycobot_630' for CMake config files
[9.980s] Level 1:colcon.colcon_core.environment:checking '/home/robotics/ros2_cobot/install/mycobot_630/lib'
[9.981s] Level 1:colcon.colcon_core.environment:checking '/home/robotics/ros2_cobot/install/mycobot_630/bin'
[9.981s] Level 1:colcon.colcon_core.environment:checking '/home/robotics/ros2_cobot/install/mycobot_630/lib/pkgconfig/mycobot_630.pc'
[9.981s] Level 1:colcon.colcon_core.environment:checking '/home/robotics/ros2_cobot/install/mycobot_630/lib/python3.10/site-packages'
[9.981s] Level 1:colcon.colcon_core.shell:create_environment_hook('mycobot_630', 'pythonpath')
[9.981s] INFO:colcon.colcon_core.shell:Creating environment hook '/home/robotics/ros2_cobot/install/mycobot_630/share/mycobot_630/hook/pythonpath.ps1'
[9.982s] INFO:colcon.colcon_core.shell:Creating environment descriptor '/home/robotics/ros2_cobot/install/mycobot_630/share/mycobot_630/hook/pythonpath.dsv'
[9.982s] INFO:colcon.colcon_core.shell:Creating environment hook '/home/robotics/ros2_cobot/install/mycobot_630/share/mycobot_630/hook/pythonpath.sh'
[9.983s] Level 1:colcon.colcon_core.environment:checking '/home/robotics/ros2_cobot/install/mycobot_630/bin'
[9.983s] Level 1:colcon.colcon_core.environment:create_environment_scripts_only(mycobot_630)
[9.983s] INFO:colcon.colcon_core.shell:Creating package script '/home/robotics/ros2_cobot/install/mycobot_630/share/mycobot_630/package.ps1'
[9.984s] INFO:colcon.colcon_core.shell:Creating package descriptor '/home/robotics/ros2_cobot/install/mycobot_630/share/mycobot_630/package.dsv'
[9.984s] INFO:colcon.colcon_core.shell:Creating package script '/home/robotics/ros2_cobot/install/mycobot_630/share/mycobot_630/package.sh'
[9.985s] INFO:colcon.colcon_core.shell:Creating package script '/home/robotics/ros2_cobot/install/mycobot_630/share/mycobot_630/package.bash'
[9.986s] INFO:colcon.colcon_core.shell:Creating package script '/home/robotics/ros2_cobot/install/mycobot_630/share/mycobot_630/package.zsh'
[9.986s] Level 1:colcon.colcon_core.environment:create_file_with_runtime_dependencies(/home/robotics/ros2_cobot/install/mycobot_630/share/colcon-core/packages/mycobot_630)
[9.987s] DEBUG:colcon.colcon_parallel_executor.executor.parallel:closing loop
[9.988s] DEBUG:colcon.colcon_parallel_executor.executor.parallel:loop closed
[9.988s] DEBUG:colcon.colcon_parallel_executor.executor.parallel:run_until_complete finished with '0'
[9.988s] DEBUG:colcon.colcon_core.event_reactor:joining thread
[9.997s] INFO:colcon.colcon_core.plugin_system:Skipping extension 'colcon_notification.desktop_notification.terminal_notifier': Not used on non-Darwin systems
[9.997s] INFO:colcon.colcon_core.plugin_system:Skipping extension 'colcon_notification.desktop_notification.win32': Not used on non-Windows systems
[9.998s] INFO:colcon.colcon_notification.desktop_notification:Sending desktop notification using 'notify2'
[10.013s] DEBUG:colcon.colcon_core.event_reactor:joined thread
[10.014s] INFO:colcon.colcon_core.shell:Creating prefix script '/home/robotics/ros2_cobot/install/local_setup.ps1'
[10.016s] INFO:colcon.colcon_core.shell:Creating prefix util module '/home/robotics/ros2_cobot/install/_local_setup_util_ps1.py'
[10.017s] INFO:colcon.colcon_core.shell:Creating prefix chain script '/home/robotics/ros2_cobot/install/setup.ps1'
[10.021s] INFO:colcon.colcon_core.shell:Creating prefix script '/home/robotics/ros2_cobot/install/local_setup.sh'
[10.022s] INFO:colcon.colcon_core.shell:Creating prefix util module '/home/robotics/ros2_cobot/install/_local_setup_util_sh.py'
[10.023s] INFO:colcon.colcon_core.shell:Creating prefix chain script '/home/robotics/ros2_cobot/install/setup.sh'
[10.027s] INFO:colcon.colcon_core.shell:Creating prefix script '/home/robotics/ros2_cobot/install/local_setup.bash'
[10.028s] INFO:colcon.colcon_core.shell:Creating prefix chain script '/home/robotics/ros2_cobot/install/setup.bash'
[10.031s] INFO:colcon.colcon_core.shell:Creating prefix script '/home/robotics/ros2_cobot/install/local_setup.zsh'
[10.032s] INFO:colcon.colcon_core.shell:Creating prefix chain script '/home/robotics/ros2_cobot/install/setup.zsh'
