[0.000000] (-) TimerEvent: {}
[0.000183] (mecharm_interfaces) JobQueued: {'identifier': 'mecharm_interfaces', 'dependencies': OrderedDict()}
[0.000201] (mycobot_description) JobQueued: {'identifier': 'mycobot_description', 'dependencies': OrderedDict()}
[0.000212] (mycobot_interfaces) JobQueued: {'identifier': 'mycobot_interfaces', 'dependencies': OrderedDict()}
[0.000221] (mypalletizer_interfaces) JobQueued: {'identifier': 'mypalletizer_interfaces', 'dependencies': OrderedDict()}
[0.000230] (traj_scripts) JobQueued: {'identifier': 'traj_scripts', 'dependencies': OrderedDict()}
[0.000240] (mecharm) JobQueued: {'identifier': 'mecharm', 'dependencies': OrderedDict([('mycobot_description', '/home/robotics/ros2_cobot/install/mycobot_description')])}
[0.000253] (mecharm_communication) JobQueued: {'identifier': 'mecharm_communication', 'dependencies': OrderedDict([('mycobot_interfaces', '/home/robotics/ros2_cobot/install/mycobot_interfaces')])}
[0.000262] (mecharm_pi) JobQueued: {'identifier': 'mecharm_pi', 'dependencies': OrderedDict([('mycobot_description', '/home/robotics/ros2_cobot/install/mycobot_description')])}
[0.000271] (myarm_300) JobQueued: {'identifier': 'myarm_300', 'dependencies': OrderedDict([('mycobot_description', '/home/robotics/ros2_cobot/install/mycobot_description')])}
[0.000279] (mybuddy) JobQueued: {'identifier': 'mybuddy', 'dependencies': OrderedDict([('mycobot_description', '/home/robotics/ros2_cobot/install/mycobot_description')])}
[0.000287] (mycobot_280) JobQueued: {'identifier': 'mycobot_280', 'dependencies': OrderedDict([('mycobot_description', '/home/robotics/ros2_cobot/install/mycobot_description')])}
[0.000296] (mycobot_280_arduino) JobQueued: {'identifier': 'mycobot_280_arduino', 'dependencies': OrderedDict([('mycobot_description', '/home/robotics/ros2_cobot/install/mycobot_description')])}
[0.000304] (mycobot_280_moveit2) JobQueued: {'identifier': 'mycobot_280_moveit2', 'dependencies': OrderedDict([('mycobot_description', '/home/robotics/ros2_cobot/install/mycobot_description')])}
[0.000312] (mycobot_280_moveit2_control) JobQueued: {'identifier': 'mycobot_280_moveit2_control', 'dependencies': OrderedDict([('mycobot_description', '/home/robotics/ros2_cobot/install/mycobot_description')])}
[0.000321] (mycobot_280_riscv) JobQueued: {'identifier': 'mycobot_280_riscv', 'dependencies': OrderedDict([('mycobot_description', '/home/robotics/ros2_cobot/install/mycobot_description')])}
[0.000339] (mycobot_280_x3pi) JobQueued: {'identifier': 'mycobot_280_x3pi', 'dependencies': OrderedDict([('mycobot_description', '/home/robotics/ros2_cobot/install/mycobot_description')])}
[0.000348] (mycobot_280arduino_moveit2) JobQueued: {'identifier': 'mycobot_280arduino_moveit2', 'dependencies': OrderedDict([('mycobot_description', '/home/robotics/ros2_cobot/install/mycobot_description')])}
[0.000357] (mycobot_280jn) JobQueued: {'identifier': 'mycobot_280jn', 'dependencies': OrderedDict([('mycobot_description', '/home/robotics/ros2_cobot/install/mycobot_description')])}
[0.000365] (mycobot_280pi) JobQueued: {'identifier': 'mycobot_280pi', 'dependencies': OrderedDict([('mycobot_description', '/home/robotics/ros2_cobot/install/mycobot_description')])}
[0.000377] (mycobot_280rdkx5_moveit2) JobQueued: {'identifier': 'mycobot_280rdkx5_moveit2', 'dependencies': OrderedDict([('mycobot_description', '/home/robotics/ros2_cobot/install/mycobot_description')])}
[0.000386] (mycobot_320) JobQueued: {'identifier': 'mycobot_320', 'dependencies': OrderedDict([('mycobot_description', '/home/robotics/ros2_cobot/install/mycobot_description')])}
[0.000395] (mycobot_320_riscv) JobQueued: {'identifier': 'mycobot_320_riscv', 'dependencies': OrderedDict([('mycobot_description', '/home/robotics/ros2_cobot/install/mycobot_description')])}
[0.000402] (mycobot_320pi) JobQueued: {'identifier': 'mycobot_320pi', 'dependencies': OrderedDict([('mycobot_description', '/home/robotics/ros2_cobot/install/mycobot_description')])}
[0.000410] (mycobot_600) JobQueued: {'identifier': 'mycobot_600', 'dependencies': OrderedDict([('mycobot_description', '/home/robotics/ros2_cobot/install/mycobot_description')])}
[0.000432] (mycobot_630) JobQueued: {'identifier': 'mycobot_630', 'dependencies': OrderedDict([('mycobot_description', '/home/robotics/ros2_cobot/install/mycobot_description')])}
[0.000441] (mycobot_communication) JobQueued: {'identifier': 'mycobot_communication', 'dependencies': OrderedDict([('mycobot_interfaces', '/home/robotics/ros2_cobot/install/mycobot_interfaces')])}
[0.000449] (mypalletizer_260) JobQueued: {'identifier': 'mypalletizer_260', 'dependencies': OrderedDict([('mycobot_description', '/home/robotics/ros2_cobot/install/mycobot_description')])}
[0.000457] (mypalletizer_260_pi) JobQueued: {'identifier': 'mypalletizer_260_pi', 'dependencies': OrderedDict([('mycobot_description', '/home/robotics/ros2_cobot/install/mycobot_description')])}
[0.000465] (mypalletizer_communication) JobQueued: {'identifier': 'mypalletizer_communication', 'dependencies': OrderedDict([('mypalletizer_interfaces', '/home/robotics/ros2_cobot/install/mypalletizer_interfaces')])}
[0.000473] (ultraarm) JobQueued: {'identifier': 'ultraarm', 'dependencies': OrderedDict([('mycobot_description', '/home/robotics/ros2_cobot/install/mycobot_description')])}
[0.000480] (myarm_c650) JobQueued: {'identifier': 'myarm_c650', 'dependencies': OrderedDict([('mycobot_description', '/home/robotics/ros2_cobot/install/mycobot_description'), ('mycobot_interfaces', '/home/robotics/ros2_cobot/install/mycobot_interfaces'), ('mycobot_communication', '/home/robotics/ros2_cobot/install/mycobot_communication')])}
[0.000491] (myarm_m750) JobQueued: {'identifier': 'myarm_m750', 'dependencies': OrderedDict([('mycobot_description', '/home/robotics/ros2_cobot/install/mycobot_description'), ('mycobot_interfaces', '/home/robotics/ros2_cobot/install/mycobot_interfaces'), ('mycobot_communication', '/home/robotics/ros2_cobot/install/mycobot_communication')])}
[0.000501] (mycobot_280_rdkx5) JobQueued: {'identifier': 'mycobot_280_rdkx5', 'dependencies': OrderedDict([('mycobot_description', '/home/robotics/ros2_cobot/install/mycobot_description'), ('mycobot_interfaces', '/home/robotics/ros2_cobot/install/mycobot_interfaces'), ('mycobot_communication', '/home/robotics/ros2_cobot/install/mycobot_communication')])}
[0.000510] (mycobot_description) JobStarted: {'identifier': 'mycobot_description'}
[0.011143] (mycobot_interfaces) JobStarted: {'identifier': 'mycobot_interfaces'}
[0.013075] (mypalletizer_interfaces) JobStarted: {'identifier': 'mypalletizer_interfaces'}
[0.015296] (mecharm_interfaces) JobStarted: {'identifier': 'mecharm_interfaces'}
[0.017472] (traj_scripts) JobStarted: {'identifier': 'traj_scripts'}
[0.098965] (-) TimerEvent: {}
[0.199410] (-) TimerEvent: {}
[0.261078] (mycobot_interfaces) JobProgress: {'identifier': 'mycobot_interfaces', 'progress': 'cmake'}
[0.262649] (mycobot_interfaces) JobProgress: {'identifier': 'mycobot_interfaces', 'progress': 'build'}
[0.263193] (mycobot_interfaces) Command: {'cmd': ['/usr/bin/cmake', '--build', '/home/robotics/ros2_cobot/build/mycobot_interfaces', '--', '-j16', '-l16'], 'cwd': '/home/robotics/ros2_cobot/build/mycobot_interfaces', 'env': OrderedDict([('GJS_DEBUG_TOPICS', 'JS ERROR;JS LOG'), ('LESSOPEN', '| /usr/bin/lesspipe %s'), ('LANGUAGE', 'en_CA:en'), ('USER', 'robotics'), ('XDG_SESSION_TYPE', 'wayland'), ('SHLVL', '1'), ('LD_LIBRARY_PATH', '/opt/ros/humble/opt/rviz_ogre_vendor/lib:/opt/ros/humble/lib/x86_64-linux-gnu:/opt/ros/humble/lib'), ('HOME', '/home/robotics'), ('OLDPWD', '/home/robotics'), ('DESKTOP_SESSION', 'ubuntu'), ('GIO_LAUNCHED_DESKTOP_FILE', '/usr/share/applications/terminator.desktop'), ('ROS_PYTHON_VERSION', '3'), ('GNOME_SHELL_SESSION_MODE', 'ubuntu'), ('GTK_MODULES', 'gail:atk-bridge'), ('MANAGERPID', '2208'), ('SYSTEMD_EXEC_PID', '2385'), ('DBUS_SESSION_BUS_ADDRESS', 'unix:path=/run/user/1001/bus'), ('COLORTERM', 'truecolor'), ('TERMINATOR_DBUS_NAME', 'net.tenshu.Terminator25ef4b219e3b005583550f2b0f9f990c3'), ('LIBVIRT_DEFAULT_URI', 'qemu:///system'), ('GIO_LAUNCHED_DESKTOP_FILE_PID', '5985'), ('IM_CONFIG_PHASE', '1'), ('WAYLAND_DISPLAY', 'wayland-0'), ('ROS_DISTRO', 'humble'), ('LOGNAME', 'robotics'), ('JOURNAL_STREAM', '8:11736'), ('_', '/usr/bin/colcon'), ('ROS_VERSION', '2'), ('XDG_SESSION_CLASS', 'user'), ('USERNAME', 'robotics'), ('TERM', 'xterm-256color'), ('GNOME_DESKTOP_SESSION_ID', 'this-is-deprecated'), ('ROS_LOCALHOST_ONLY', '0'), ('PATH', '/opt/ros/humble/bin:/home/robotics/.local/bin:/usr/local/sbin:/usr/local/bin:/usr/sbin:/usr/bin:/sbin:/bin:/usr/games:/usr/local/games:/snap/bin:/snap/bin'), ('SESSION_MANAGER', 'local/scapula:@/tmp/.ICE-unix/2355,unix/scapula:/tmp/.ICE-unix/2355'), ('INVOCATION_ID', 'e345590a299a451da04fa5520e75bdac'), ('XDG_MENU_PREFIX', 'gnome-'), ('GNOME_SETUP_DISPLAY', ':1'), ('XDG_RUNTIME_DIR', '/run/user/1001'), ('DISPLAY', ':0'), ('TERMINATOR_DBUS_PATH', '/net/tenshu/Terminator2'), ('LANG', 'en_US.UTF-8'), ('XDG_CURRENT_DESKTOP', 'ubuntu:GNOME'), ('XMODIFIERS', '@im=ibus'), ('XDG_SESSION_DESKTOP', 'ubuntu'), ('XAUTHORITY', '/run/user/1001/.mutter-Xwaylandauth.C2D0D3'), ('LS_COLORS', 'rs=0:di=01;34:ln=01;36:mh=00:pi=40;33:so=01;35:do=01;35:bd=40;33;01:cd=40;33;01:or=40;31;01:mi=00:su=37;41:sg=30;43:ca=30;41:tw=30;42:ow=34;42:st=37;44:ex=01;32:*.tar=01;31:*.tgz=01;31:*.arc=01;31:*.arj=01;31:*.taz=01;31:*.lha=01;31:*.lz4=01;31:*.lzh=01;31:*.lzma=01;31:*.tlz=01;31:*.txz=01;31:*.tzo=01;31:*.t7z=01;31:*.zip=01;31:*.z=01;31:*.dz=01;31:*.gz=01;31:*.lrz=01;31:*.lz=01;31:*.lzo=01;31:*.xz=01;31:*.zst=01;31:*.tzst=01;31:*.bz2=01;31:*.bz=01;31:*.tbz=01;31:*.tbz2=01;31:*.tz=01;31:*.deb=01;31:*.rpm=01;31:*.jar=01;31:*.war=01;31:*.ear=01;31:*.sar=01;31:*.rar=01;31:*.alz=01;31:*.ace=01;31:*.zoo=01;31:*.cpio=01;31:*.7z=01;31:*.rz=01;31:*.cab=01;31:*.wim=01;31:*.swm=01;31:*.dwm=01;31:*.esd=01;31:*.jpg=01;35:*.jpeg=01;35:*.mjpg=01;35:*.mjpeg=01;35:*.gif=01;35:*.bmp=01;35:*.pbm=01;35:*.pgm=01;35:*.ppm=01;35:*.tga=01;35:*.xbm=01;35:*.xpm=01;35:*.tif=01;35:*.tiff=01;35:*.png=01;35:*.svg=01;35:*.svgz=01;35:*.mng=01;35:*.pcx=01;35:*.mov=01;35:*.mpg=01;35:*.mpeg=01;35:*.m2v=01;35:*.mkv=01;35:*.webm=01;35:*.webp=01;35:*.ogm=01;35:*.mp4=01;35:*.m4v=01;35:*.mp4v=01;35:*.vob=01;35:*.qt=01;35:*.nuv=01;35:*.wmv=01;35:*.asf=01;35:*.rm=01;35:*.rmvb=01;35:*.flc=01;35:*.avi=01;35:*.fli=01;35:*.flv=01;35:*.gl=01;35:*.dl=01;35:*.xcf=01;35:*.xwd=01;35:*.yuv=01;35:*.cgm=01;35:*.emf=01;35:*.ogv=01;35:*.ogx=01;35:*.aac=00;36:*.au=00;36:*.flac=00;36:*.m4a=00;36:*.mid=00;36:*.midi=00;36:*.mka=00;36:*.mp3=00;36:*.mpc=00;36:*.ogg=00;36:*.ra=00;36:*.wav=00;36:*.oga=00;36:*.opus=00;36:*.spx=00;36:*.xspf=00;36:'), ('SSH_AGENT_LAUNCHER', 'gnome-keyring'), ('SSH_AUTH_SOCK', '/run/user/1001/keyring/ssh'), ('AMENT_PREFIX_PATH', '/opt/ros/humble'), ('SHELL', '/bin/bash'), ('TERMINATOR_UUID', 'urn:uuid:f2f89f62-91b9-4d3d-9090-78fd66b7b1db'), ('QT_ACCESSIBILITY', '1'), ('GDMSESSION', 'ubuntu'), ('LESSCLOSE', '/usr/bin/lesspipe %s %s'), ('GJS_DEBUG_OUTPUT', 'stderr'), ('QT_IM_MODULE', 'ibus'), ('PWD', '/home/robotics/ros2_cobot/build/mycobot_interfaces'), ('LC_ALL', 'en_US.UTF-8'), ('XDG_CONFIG_DIRS', '/etc/xdg/xdg-ubuntu:/etc/xdg'), ('XDG_DATA_DIRS', '/usr/share/ubuntu:/usr/local/share/:/usr/share/:/var/lib/snapd/desktop'), ('PYTHONPATH', '/opt/ros/humble/lib/python3.10/site-packages:/opt/ros/humble/local/lib/python3.10/dist-packages'), ('COLCON', '1'), ('VTE_VERSION', '6800'), ('CMAKE_PREFIX_PATH', '/opt/ros/humble')]), 'shell': False}
[0.265680] (mypalletizer_interfaces) JobProgress: {'identifier': 'mypalletizer_interfaces', 'progress': 'cmake'}
[0.266751] (mypalletizer_interfaces) JobProgress: {'identifier': 'mypalletizer_interfaces', 'progress': 'build'}
[0.266992] (mypalletizer_interfaces) Command: {'cmd': ['/usr/bin/cmake', '--build', '/home/robotics/ros2_cobot/build/mypalletizer_interfaces', '--', '-j16', '-l16'], 'cwd': '/home/robotics/ros2_cobot/build/mypalletizer_interfaces', 'env': OrderedDict([('GJS_DEBUG_TOPICS', 'JS ERROR;JS LOG'), ('LESSOPEN', '| /usr/bin/lesspipe %s'), ('LANGUAGE', 'en_CA:en'), ('USER', 'robotics'), ('XDG_SESSION_TYPE', 'wayland'), ('SHLVL', '1'), ('LD_LIBRARY_PATH', '/opt/ros/humble/opt/rviz_ogre_vendor/lib:/opt/ros/humble/lib/x86_64-linux-gnu:/opt/ros/humble/lib'), ('HOME', '/home/robotics'), ('OLDPWD', '/home/robotics'), ('DESKTOP_SESSION', 'ubuntu'), ('GIO_LAUNCHED_DESKTOP_FILE', '/usr/share/applications/terminator.desktop'), ('ROS_PYTHON_VERSION', '3'), ('GNOME_SHELL_SESSION_MODE', 'ubuntu'), ('GTK_MODULES', 'gail:atk-bridge'), ('MANAGERPID', '2208'), ('SYSTEMD_EXEC_PID', '2385'), ('DBUS_SESSION_BUS_ADDRESS', 'unix:path=/run/user/1001/bus'), ('COLORTERM', 'truecolor'), ('TERMINATOR_DBUS_NAME', 'net.tenshu.Terminator25ef4b219e3b005583550f2b0f9f990c3'), ('LIBVIRT_DEFAULT_URI', 'qemu:///system'), ('GIO_LAUNCHED_DESKTOP_FILE_PID', '5985'), ('IM_CONFIG_PHASE', '1'), ('WAYLAND_DISPLAY', 'wayland-0'), ('ROS_DISTRO', 'humble'), ('LOGNAME', 'robotics'), ('JOURNAL_STREAM', '8:11736'), ('_', '/usr/bin/colcon'), ('ROS_VERSION', '2'), ('XDG_SESSION_CLASS', 'user'), ('USERNAME', 'robotics'), ('TERM', 'xterm-256color'), ('GNOME_DESKTOP_SESSION_ID', 'this-is-deprecated'), ('ROS_LOCALHOST_ONLY', '0'), ('PATH', '/opt/ros/humble/bin:/home/robotics/.local/bin:/usr/local/sbin:/usr/local/bin:/usr/sbin:/usr/bin:/sbin:/bin:/usr/games:/usr/local/games:/snap/bin:/snap/bin'), ('SESSION_MANAGER', 'local/scapula:@/tmp/.ICE-unix/2355,unix/scapula:/tmp/.ICE-unix/2355'), ('INVOCATION_ID', 'e345590a299a451da04fa5520e75bdac'), ('XDG_MENU_PREFIX', 'gnome-'), ('GNOME_SETUP_DISPLAY', ':1'), ('XDG_RUNTIME_DIR', '/run/user/1001'), ('DISPLAY', ':0'), ('TERMINATOR_DBUS_PATH', '/net/tenshu/Terminator2'), ('LANG', 'en_US.UTF-8'), ('XDG_CURRENT_DESKTOP', 'ubuntu:GNOME'), ('XMODIFIERS', '@im=ibus'), ('XDG_SESSION_DESKTOP', 'ubuntu'), ('XAUTHORITY', '/run/user/1001/.mutter-Xwaylandauth.C2D0D3'), ('LS_COLORS', 'rs=0:di=01;34:ln=01;36:mh=00:pi=40;33:so=01;35:do=01;35:bd=40;33;01:cd=40;33;01:or=40;31;01:mi=00:su=37;41:sg=30;43:ca=30;41:tw=30;42:ow=34;42:st=37;44:ex=01;32:*.tar=01;31:*.tgz=01;31:*.arc=01;31:*.arj=01;31:*.taz=01;31:*.lha=01;31:*.lz4=01;31:*.lzh=01;31:*.lzma=01;31:*.tlz=01;31:*.txz=01;31:*.tzo=01;31:*.t7z=01;31:*.zip=01;31:*.z=01;31:*.dz=01;31:*.gz=01;31:*.lrz=01;31:*.lz=01;31:*.lzo=01;31:*.xz=01;31:*.zst=01;31:*.tzst=01;31:*.bz2=01;31:*.bz=01;31:*.tbz=01;31:*.tbz2=01;31:*.tz=01;31:*.deb=01;31:*.rpm=01;31:*.jar=01;31:*.war=01;31:*.ear=01;31:*.sar=01;31:*.rar=01;31:*.alz=01;31:*.ace=01;31:*.zoo=01;31:*.cpio=01;31:*.7z=01;31:*.rz=01;31:*.cab=01;31:*.wim=01;31:*.swm=01;31:*.dwm=01;31:*.esd=01;31:*.jpg=01;35:*.jpeg=01;35:*.mjpg=01;35:*.mjpeg=01;35:*.gif=01;35:*.bmp=01;35:*.pbm=01;35:*.pgm=01;35:*.ppm=01;35:*.tga=01;35:*.xbm=01;35:*.xpm=01;35:*.tif=01;35:*.tiff=01;35:*.png=01;35:*.svg=01;35:*.svgz=01;35:*.mng=01;35:*.pcx=01;35:*.mov=01;35:*.mpg=01;35:*.mpeg=01;35:*.m2v=01;35:*.mkv=01;35:*.webm=01;35:*.webp=01;35:*.ogm=01;35:*.mp4=01;35:*.m4v=01;35:*.mp4v=01;35:*.vob=01;35:*.qt=01;35:*.nuv=01;35:*.wmv=01;35:*.asf=01;35:*.rm=01;35:*.rmvb=01;35:*.flc=01;35:*.avi=01;35:*.fli=01;35:*.flv=01;35:*.gl=01;35:*.dl=01;35:*.xcf=01;35:*.xwd=01;35:*.yuv=01;35:*.cgm=01;35:*.emf=01;35:*.ogv=01;35:*.ogx=01;35:*.aac=00;36:*.au=00;36:*.flac=00;36:*.m4a=00;36:*.mid=00;36:*.midi=00;36:*.mka=00;36:*.mp3=00;36:*.mpc=00;36:*.ogg=00;36:*.ra=00;36:*.wav=00;36:*.oga=00;36:*.opus=00;36:*.spx=00;36:*.xspf=00;36:'), ('SSH_AGENT_LAUNCHER', 'gnome-keyring'), ('SSH_AUTH_SOCK', '/run/user/1001/keyring/ssh'), ('AMENT_PREFIX_PATH', '/opt/ros/humble'), ('SHELL', '/bin/bash'), ('TERMINATOR_UUID', 'urn:uuid:f2f89f62-91b9-4d3d-9090-78fd66b7b1db'), ('QT_ACCESSIBILITY', '1'), ('GDMSESSION', 'ubuntu'), ('LESSCLOSE', '/usr/bin/lesspipe %s %s'), ('GJS_DEBUG_OUTPUT', 'stderr'), ('QT_IM_MODULE', 'ibus'), ('PWD', '/home/robotics/ros2_cobot/build/mypalletizer_interfaces'), ('LC_ALL', 'en_US.UTF-8'), ('XDG_CONFIG_DIRS', '/etc/xdg/xdg-ubuntu:/etc/xdg'), ('XDG_DATA_DIRS', '/usr/share/ubuntu:/usr/local/share/:/usr/share/:/var/lib/snapd/desktop'), ('PYTHONPATH', '/opt/ros/humble/lib/python3.10/site-packages:/opt/ros/humble/local/lib/python3.10/dist-packages'), ('COLCON', '1'), ('VTE_VERSION', '6800'), ('CMAKE_PREFIX_PATH', '/opt/ros/humble')]), 'shell': False}
[0.269066] (mecharm_interfaces) JobProgress: {'identifier': 'mecharm_interfaces', 'progress': 'cmake'}
[0.269995] (mecharm_interfaces) JobProgress: {'identifier': 'mecharm_interfaces', 'progress': 'build'}
[0.270285] (mecharm_interfaces) Command: {'cmd': ['/usr/bin/cmake', '--build', '/home/robotics/ros2_cobot/build/mecharm_interfaces', '--', '-j16', '-l16'], 'cwd': '/home/robotics/ros2_cobot/build/mecharm_interfaces', 'env': OrderedDict([('GJS_DEBUG_TOPICS', 'JS ERROR;JS LOG'), ('LESSOPEN', '| /usr/bin/lesspipe %s'), ('LANGUAGE', 'en_CA:en'), ('USER', 'robotics'), ('XDG_SESSION_TYPE', 'wayland'), ('SHLVL', '1'), ('LD_LIBRARY_PATH', '/opt/ros/humble/opt/rviz_ogre_vendor/lib:/opt/ros/humble/lib/x86_64-linux-gnu:/opt/ros/humble/lib'), ('HOME', '/home/robotics'), ('OLDPWD', '/home/robotics'), ('DESKTOP_SESSION', 'ubuntu'), ('GIO_LAUNCHED_DESKTOP_FILE', '/usr/share/applications/terminator.desktop'), ('ROS_PYTHON_VERSION', '3'), ('GNOME_SHELL_SESSION_MODE', 'ubuntu'), ('GTK_MODULES', 'gail:atk-bridge'), ('MANAGERPID', '2208'), ('SYSTEMD_EXEC_PID', '2385'), ('DBUS_SESSION_BUS_ADDRESS', 'unix:path=/run/user/1001/bus'), ('COLORTERM', 'truecolor'), ('TERMINATOR_DBUS_NAME', 'net.tenshu.Terminator25ef4b219e3b005583550f2b0f9f990c3'), ('LIBVIRT_DEFAULT_URI', 'qemu:///system'), ('GIO_LAUNCHED_DESKTOP_FILE_PID', '5985'), ('IM_CONFIG_PHASE', '1'), ('WAYLAND_DISPLAY', 'wayland-0'), ('ROS_DISTRO', 'humble'), ('LOGNAME', 'robotics'), ('JOURNAL_STREAM', '8:11736'), ('_', '/usr/bin/colcon'), ('ROS_VERSION', '2'), ('XDG_SESSION_CLASS', 'user'), ('USERNAME', 'robotics'), ('TERM', 'xterm-256color'), ('GNOME_DESKTOP_SESSION_ID', 'this-is-deprecated'), ('ROS_LOCALHOST_ONLY', '0'), ('PATH', '/opt/ros/humble/bin:/home/robotics/.local/bin:/usr/local/sbin:/usr/local/bin:/usr/sbin:/usr/bin:/sbin:/bin:/usr/games:/usr/local/games:/snap/bin:/snap/bin'), ('SESSION_MANAGER', 'local/scapula:@/tmp/.ICE-unix/2355,unix/scapula:/tmp/.ICE-unix/2355'), ('INVOCATION_ID', 'e345590a299a451da04fa5520e75bdac'), ('XDG_MENU_PREFIX', 'gnome-'), ('GNOME_SETUP_DISPLAY', ':1'), ('XDG_RUNTIME_DIR', '/run/user/1001'), ('DISPLAY', ':0'), ('TERMINATOR_DBUS_PATH', '/net/tenshu/Terminator2'), ('LANG', 'en_US.UTF-8'), ('XDG_CURRENT_DESKTOP', 'ubuntu:GNOME'), ('XMODIFIERS', '@im=ibus'), ('XDG_SESSION_DESKTOP', 'ubuntu'), ('XAUTHORITY', '/run/user/1001/.mutter-Xwaylandauth.C2D0D3'), ('LS_COLORS', 'rs=0:di=01;34:ln=01;36:mh=00:pi=40;33:so=01;35:do=01;35:bd=40;33;01:cd=40;33;01:or=40;31;01:mi=00:su=37;41:sg=30;43:ca=30;41:tw=30;42:ow=34;42:st=37;44:ex=01;32:*.tar=01;31:*.tgz=01;31:*.arc=01;31:*.arj=01;31:*.taz=01;31:*.lha=01;31:*.lz4=01;31:*.lzh=01;31:*.lzma=01;31:*.tlz=01;31:*.txz=01;31:*.tzo=01;31:*.t7z=01;31:*.zip=01;31:*.z=01;31:*.dz=01;31:*.gz=01;31:*.lrz=01;31:*.lz=01;31:*.lzo=01;31:*.xz=01;31:*.zst=01;31:*.tzst=01;31:*.bz2=01;31:*.bz=01;31:*.tbz=01;31:*.tbz2=01;31:*.tz=01;31:*.deb=01;31:*.rpm=01;31:*.jar=01;31:*.war=01;31:*.ear=01;31:*.sar=01;31:*.rar=01;31:*.alz=01;31:*.ace=01;31:*.zoo=01;31:*.cpio=01;31:*.7z=01;31:*.rz=01;31:*.cab=01;31:*.wim=01;31:*.swm=01;31:*.dwm=01;31:*.esd=01;31:*.jpg=01;35:*.jpeg=01;35:*.mjpg=01;35:*.mjpeg=01;35:*.gif=01;35:*.bmp=01;35:*.pbm=01;35:*.pgm=01;35:*.ppm=01;35:*.tga=01;35:*.xbm=01;35:*.xpm=01;35:*.tif=01;35:*.tiff=01;35:*.png=01;35:*.svg=01;35:*.svgz=01;35:*.mng=01;35:*.pcx=01;35:*.mov=01;35:*.mpg=01;35:*.mpeg=01;35:*.m2v=01;35:*.mkv=01;35:*.webm=01;35:*.webp=01;35:*.ogm=01;35:*.mp4=01;35:*.m4v=01;35:*.mp4v=01;35:*.vob=01;35:*.qt=01;35:*.nuv=01;35:*.wmv=01;35:*.asf=01;35:*.rm=01;35:*.rmvb=01;35:*.flc=01;35:*.avi=01;35:*.fli=01;35:*.flv=01;35:*.gl=01;35:*.dl=01;35:*.xcf=01;35:*.xwd=01;35:*.yuv=01;35:*.cgm=01;35:*.emf=01;35:*.ogv=01;35:*.ogx=01;35:*.aac=00;36:*.au=00;36:*.flac=00;36:*.m4a=00;36:*.mid=00;36:*.midi=00;36:*.mka=00;36:*.mp3=00;36:*.mpc=00;36:*.ogg=00;36:*.ra=00;36:*.wav=00;36:*.oga=00;36:*.opus=00;36:*.spx=00;36:*.xspf=00;36:'), ('SSH_AGENT_LAUNCHER', 'gnome-keyring'), ('SSH_AUTH_SOCK', '/run/user/1001/keyring/ssh'), ('AMENT_PREFIX_PATH', '/opt/ros/humble'), ('SHELL', '/bin/bash'), ('TERMINATOR_UUID', 'urn:uuid:f2f89f62-91b9-4d3d-9090-78fd66b7b1db'), ('QT_ACCESSIBILITY', '1'), ('GDMSESSION', 'ubuntu'), ('LESSCLOSE', '/usr/bin/lesspipe %s %s'), ('GJS_DEBUG_OUTPUT', 'stderr'), ('QT_IM_MODULE', 'ibus'), ('PWD', '/home/robotics/ros2_cobot/build/mecharm_interfaces'), ('LC_ALL', 'en_US.UTF-8'), ('XDG_CONFIG_DIRS', '/etc/xdg/xdg-ubuntu:/etc/xdg'), ('XDG_DATA_DIRS', '/usr/share/ubuntu:/usr/local/share/:/usr/share/:/var/lib/snapd/desktop'), ('PYTHONPATH', '/opt/ros/humble/lib/python3.10/site-packages:/opt/ros/humble/local/lib/python3.10/dist-packages'), ('COLCON', '1'), ('VTE_VERSION', '6800'), ('CMAKE_PREFIX_PATH', '/opt/ros/humble')]), 'shell': False}
[0.275206] (traj_scripts) JobProgress: {'identifier': 'traj_scripts', 'progress': 'cmake'}
[0.279056] (traj_scripts) JobProgress: {'identifier': 'traj_scripts', 'progress': 'build'}
[0.279410] (traj_scripts) Command: {'cmd': ['/usr/bin/cmake', '--build', '/home/robotics/ros2_cobot/build/traj_scripts', '--', '-j16', '-l16'], 'cwd': '/home/robotics/ros2_cobot/build/traj_scripts', 'env': OrderedDict([('GJS_DEBUG_TOPICS', 'JS ERROR;JS LOG'), ('LESSOPEN', '| /usr/bin/lesspipe %s'), ('LANGUAGE', 'en_CA:en'), ('USER', 'robotics'), ('XDG_SESSION_TYPE', 'wayland'), ('SHLVL', '1'), ('LD_LIBRARY_PATH', '/opt/ros/humble/opt/rviz_ogre_vendor/lib:/opt/ros/humble/lib/x86_64-linux-gnu:/opt/ros/humble/lib'), ('HOME', '/home/robotics'), ('OLDPWD', '/home/robotics'), ('DESKTOP_SESSION', 'ubuntu'), ('GIO_LAUNCHED_DESKTOP_FILE', '/usr/share/applications/terminator.desktop'), ('ROS_PYTHON_VERSION', '3'), ('GNOME_SHELL_SESSION_MODE', 'ubuntu'), ('GTK_MODULES', 'gail:atk-bridge'), ('MANAGERPID', '2208'), ('SYSTEMD_EXEC_PID', '2385'), ('DBUS_SESSION_BUS_ADDRESS', 'unix:path=/run/user/1001/bus'), ('COLORTERM', 'truecolor'), ('TERMINATOR_DBUS_NAME', 'net.tenshu.Terminator25ef4b219e3b005583550f2b0f9f990c3'), ('LIBVIRT_DEFAULT_URI', 'qemu:///system'), ('GIO_LAUNCHED_DESKTOP_FILE_PID', '5985'), ('IM_CONFIG_PHASE', '1'), ('WAYLAND_DISPLAY', 'wayland-0'), ('ROS_DISTRO', 'humble'), ('LOGNAME', 'robotics'), ('JOURNAL_STREAM', '8:11736'), ('_', '/usr/bin/colcon'), ('ROS_VERSION', '2'), ('XDG_SESSION_CLASS', 'user'), ('USERNAME', 'robotics'), ('TERM', 'xterm-256color'), ('GNOME_DESKTOP_SESSION_ID', 'this-is-deprecated'), ('ROS_LOCALHOST_ONLY', '0'), ('PATH', '/opt/ros/humble/bin:/home/robotics/.local/bin:/usr/local/sbin:/usr/local/bin:/usr/sbin:/usr/bin:/sbin:/bin:/usr/games:/usr/local/games:/snap/bin:/snap/bin'), ('SESSION_MANAGER', 'local/scapula:@/tmp/.ICE-unix/2355,unix/scapula:/tmp/.ICE-unix/2355'), ('INVOCATION_ID', 'e345590a299a451da04fa5520e75bdac'), ('XDG_MENU_PREFIX', 'gnome-'), ('GNOME_SETUP_DISPLAY', ':1'), ('XDG_RUNTIME_DIR', '/run/user/1001'), ('DISPLAY', ':0'), ('TERMINATOR_DBUS_PATH', '/net/tenshu/Terminator2'), ('LANG', 'en_US.UTF-8'), ('XDG_CURRENT_DESKTOP', 'ubuntu:GNOME'), ('XMODIFIERS', '@im=ibus'), ('XDG_SESSION_DESKTOP', 'ubuntu'), ('XAUTHORITY', '/run/user/1001/.mutter-Xwaylandauth.C2D0D3'), ('LS_COLORS', 'rs=0:di=01;34:ln=01;36:mh=00:pi=40;33:so=01;35:do=01;35:bd=40;33;01:cd=40;33;01:or=40;31;01:mi=00:su=37;41:sg=30;43:ca=30;41:tw=30;42:ow=34;42:st=37;44:ex=01;32:*.tar=01;31:*.tgz=01;31:*.arc=01;31:*.arj=01;31:*.taz=01;31:*.lha=01;31:*.lz4=01;31:*.lzh=01;31:*.lzma=01;31:*.tlz=01;31:*.txz=01;31:*.tzo=01;31:*.t7z=01;31:*.zip=01;31:*.z=01;31:*.dz=01;31:*.gz=01;31:*.lrz=01;31:*.lz=01;31:*.lzo=01;31:*.xz=01;31:*.zst=01;31:*.tzst=01;31:*.bz2=01;31:*.bz=01;31:*.tbz=01;31:*.tbz2=01;31:*.tz=01;31:*.deb=01;31:*.rpm=01;31:*.jar=01;31:*.war=01;31:*.ear=01;31:*.sar=01;31:*.rar=01;31:*.alz=01;31:*.ace=01;31:*.zoo=01;31:*.cpio=01;31:*.7z=01;31:*.rz=01;31:*.cab=01;31:*.wim=01;31:*.swm=01;31:*.dwm=01;31:*.esd=01;31:*.jpg=01;35:*.jpeg=01;35:*.mjpg=01;35:*.mjpeg=01;35:*.gif=01;35:*.bmp=01;35:*.pbm=01;35:*.pgm=01;35:*.ppm=01;35:*.tga=01;35:*.xbm=01;35:*.xpm=01;35:*.tif=01;35:*.tiff=01;35:*.png=01;35:*.svg=01;35:*.svgz=01;35:*.mng=01;35:*.pcx=01;35:*.mov=01;35:*.mpg=01;35:*.mpeg=01;35:*.m2v=01;35:*.mkv=01;35:*.webm=01;35:*.webp=01;35:*.ogm=01;35:*.mp4=01;35:*.m4v=01;35:*.mp4v=01;35:*.vob=01;35:*.qt=01;35:*.nuv=01;35:*.wmv=01;35:*.asf=01;35:*.rm=01;35:*.rmvb=01;35:*.flc=01;35:*.avi=01;35:*.fli=01;35:*.flv=01;35:*.gl=01;35:*.dl=01;35:*.xcf=01;35:*.xwd=01;35:*.yuv=01;35:*.cgm=01;35:*.emf=01;35:*.ogv=01;35:*.ogx=01;35:*.aac=00;36:*.au=00;36:*.flac=00;36:*.m4a=00;36:*.mid=00;36:*.midi=00;36:*.mka=00;36:*.mp3=00;36:*.mpc=00;36:*.ogg=00;36:*.ra=00;36:*.wav=00;36:*.oga=00;36:*.opus=00;36:*.spx=00;36:*.xspf=00;36:'), ('SSH_AGENT_LAUNCHER', 'gnome-keyring'), ('SSH_AUTH_SOCK', '/run/user/1001/keyring/ssh'), ('AMENT_PREFIX_PATH', '/opt/ros/humble'), ('SHELL', '/bin/bash'), ('TERMINATOR_UUID', 'urn:uuid:f2f89f62-91b9-4d3d-9090-78fd66b7b1db'), ('QT_ACCESSIBILITY', '1'), ('GDMSESSION', 'ubuntu'), ('LESSCLOSE', '/usr/bin/lesspipe %s %s'), ('GJS_DEBUG_OUTPUT', 'stderr'), ('QT_IM_MODULE', 'ibus'), ('PWD', '/home/robotics/ros2_cobot/build/traj_scripts'), ('LC_ALL', 'en_US.UTF-8'), ('XDG_CONFIG_DIRS', '/etc/xdg/xdg-ubuntu:/etc/xdg'), ('XDG_DATA_DIRS', '/usr/share/ubuntu:/usr/local/share/:/usr/share/:/var/lib/snapd/desktop'), ('PYTHONPATH', '/opt/ros/humble/lib/python3.10/site-packages:/opt/ros/humble/local/lib/python3.10/dist-packages'), ('COLCON', '1'), ('VTE_VERSION', '6800'), ('CMAKE_PREFIX_PATH', '/opt/ros/humble')]), 'shell': False}
[0.299542] (-) TimerEvent: {}
[0.332301] (traj_scripts) StdoutLine: {'line': b'-- Found ament_cmake: 1.3.11 (/opt/ros/humble/share/ament_cmake/cmake)\n'}
[0.361860] (mycobot_interfaces) StdoutLine: {'line': b'[  0%] Built target mycobot_interfaces__cpp\n'}
[0.363482] (mypalletizer_interfaces) StdoutLine: {'line': b'[  0%] Built target mypalletizer_interfaces__cpp\n'}
[0.363604] (mecharm_interfaces) StdoutLine: {'line': b'[  0%] Built target mecharm_interfaces__cpp\n'}
[0.369772] (mecharm_interfaces) StdoutLine: {'line': b'[ 12%] Built target mecharm_interfaces__rosidl_generator_c\n'}
[0.371081] (mypalletizer_interfaces) StdoutLine: {'line': b'[ 12%] Built target mypalletizer_interfaces__rosidl_generator_c\n'}
[0.371186] (mycobot_interfaces) StdoutLine: {'line': b'[ 12%] Built target mycobot_interfaces__rosidl_generator_c\n'}
[0.402831] (-) TimerEvent: {}
[0.405724] (mycobot_interfaces) StdoutLine: {'line': b'[ 12%] Built target ament_cmake_python_copy_mycobot_interfaces\n'}
[0.406202] (mecharm_interfaces) StdoutLine: {'line': b'[ 12%] Built target ament_cmake_python_copy_mecharm_interfaces\n'}
[0.406962] (mypalletizer_interfaces) StdoutLine: {'line': b'[ 12%] Built target ament_cmake_python_copy_mypalletizer_interfaces\n'}
[0.434536] (mypalletizer_interfaces) StdoutLine: {'line': b'[ 24%] Built target mypalletizer_interfaces__rosidl_typesupport_cpp\n'}
[0.436727] (mycobot_interfaces) StdoutLine: {'line': b'[ 24%] Built target mycobot_interfaces__rosidl_typesupport_cpp\n'}
[0.441620] (mecharm_interfaces) StdoutLine: {'line': b'[ 24%] Built target mecharm_interfaces__rosidl_typesupport_cpp\n'}
[0.442168] (mycobot_interfaces) StdoutLine: {'line': b'[ 36%] Built target mycobot_interfaces__rosidl_typesupport_introspection_cpp\n'}
[0.442812] (mycobot_interfaces) StdoutLine: {'line': b'[ 62%] Built target mycobot_interfaces__rosidl_typesupport_fastrtps_cpp\n'}
[0.442919] (mycobot_interfaces) StdoutLine: {'line': b'[ 62%] Built target mycobot_interfaces__rosidl_typesupport_introspection_c\n'}
[0.443153] (mypalletizer_interfaces) StdoutLine: {'line': b'[ 48%] Built target mypalletizer_interfaces__rosidl_typesupport_introspection_c\n'}
[0.449194] (mycobot_interfaces) StdoutLine: {'line': b'[ 71%] Built target mycobot_interfaces__rosidl_typesupport_fastrtps_c\n'}
[0.451965] (mypalletizer_interfaces) StdoutLine: {'line': b'[ 39%] Built target mypalletizer_interfaces__rosidl_typesupport_introspection_cpp\n'}
[0.452151] (mypalletizer_interfaces) StdoutLine: {'line': b'[ 60%] Built target mypalletizer_interfaces__rosidl_typesupport_fastrtps_c\n'}
[0.452216] (mecharm_interfaces) StdoutLine: {'line': b'[ 39%] Built target mecharm_interfaces__rosidl_typesupport_introspection_cpp\n'}
[0.452299] (mecharm_interfaces) StdoutLine: {'line': b'[ 47%] Built target mecharm_interfaces__rosidl_typesupport_fastrtps_cpp\n'}
[0.452623] (mycobot_interfaces) StdoutLine: {'line': b'[ 83%] Built target mycobot_interfaces__rosidl_typesupport_c\n'}
[0.456502] (mypalletizer_interfaces) StdoutLine: {'line': b'[ 74%] Built target mypalletizer_interfaces__rosidl_typesupport_c\n'}
[0.457226] (mypalletizer_interfaces) StdoutLine: {'line': b'[ 83%] Built target mypalletizer_interfaces__rosidl_typesupport_fastrtps_cpp\n'}
[0.457455] (mecharm_interfaces) StdoutLine: {'line': b'[ 59%] Built target mecharm_interfaces__rosidl_typesupport_introspection_c\n'}
[0.464871] (mecharm_interfaces) StdoutLine: {'line': b'[ 81%] Built target mecharm_interfaces__rosidl_typesupport_fastrtps_c\n'}
[0.465302] (mecharm_interfaces) StdoutLine: {'line': b'[ 83%] Built target mecharm_interfaces__rosidl_typesupport_c\n'}
[0.495482] (mycobot_interfaces) StdoutLine: {'line': b'[ 83%] Built target mycobot_interfaces\n'}
[0.495789] (mypalletizer_interfaces) StdoutLine: {'line': b'[ 83%] Built target mypalletizer_interfaces\n'}
[0.500914] (mecharm_interfaces) StdoutLine: {'line': b'[ 83%] Built target mecharm_interfaces\n'}
[0.502894] (-) TimerEvent: {}
[0.534005] (mypalletizer_interfaces) StdoutLine: {'line': b'[ 84%] Built target mypalletizer_interfaces__py\n'}
[0.534386] (mecharm_interfaces) StdoutLine: {'line': b'[ 84%] Built target mecharm_interfaces__py\n'}
[0.534454] (mycobot_interfaces) StdoutLine: {'line': b'[ 84%] Built target mycobot_interfaces__py\n'}
[0.574171] (mypalletizer_interfaces) StdoutLine: {'line': b'[ 95%] Built target mypalletizer_interfaces__rosidl_generator_py\n'}
[0.575064] (mecharm_interfaces) StdoutLine: {'line': b'[ 95%] Built target mecharm_interfaces__rosidl_generator_py\n'}
[0.575216] (mycobot_interfaces) StdoutLine: {'line': b'[ 95%] Built target mycobot_interfaces__rosidl_generator_py\n'}
[0.603596] (-) TimerEvent: {}
[0.620494] (mypalletizer_interfaces) StdoutLine: {'line': b'[100%] Built target mypalletizer_interfaces__rosidl_typesupport_c__pyext\n'}
[0.620851] (mypalletizer_interfaces) StdoutLine: {'line': b'[100%] Built target mypalletizer_interfaces__rosidl_typesupport_introspection_c__pyext\n'}
[0.620904] (mypalletizer_interfaces) StdoutLine: {'line': b'[100%] Built target mypalletizer_interfaces__rosidl_typesupport_fastrtps_c__pyext\n'}
[0.620947] (mycobot_interfaces) StdoutLine: {'line': b'[ 99%] Built target mycobot_interfaces__rosidl_typesupport_c__pyext\n'}
[0.621009] (mycobot_interfaces) StdoutLine: {'line': b'[100%] Built target mycobot_interfaces__rosidl_typesupport_introspection_c__pyext\n'}
[0.621043] (mycobot_interfaces) StdoutLine: {'line': b'[100%] Built target mycobot_interfaces__rosidl_typesupport_fastrtps_c__pyext\n'}
[0.621070] (mecharm_interfaces) StdoutLine: {'line': b'[100%] Built target mecharm_interfaces__rosidl_typesupport_fastrtps_c__pyext\n'}
[0.621121] (mecharm_interfaces) StdoutLine: {'line': b'[100%] Built target mecharm_interfaces__rosidl_typesupport_c__pyext\n'}
[0.621149] (mecharm_interfaces) StdoutLine: {'line': b'[100%] Built target mecharm_interfaces__rosidl_typesupport_introspection_c__pyext\n'}
[0.644016] (traj_scripts) StdoutLine: {'line': b'-- Found rclcpp: 16.0.12 (/opt/ros/humble/share/rclcpp/cmake)\n'}
[0.671345] (traj_scripts) StdoutLine: {'line': b'-- Found rosidl_generator_c: 3.1.6 (/opt/ros/humble/share/rosidl_generator_c/cmake)\n'}
[0.674418] (traj_scripts) StdoutLine: {'line': b'-- Found rosidl_adapter: 3.1.6 (/opt/ros/humble/share/rosidl_adapter/cmake)\n'}
[0.680553] (traj_scripts) StdoutLine: {'line': b'-- Found rosidl_generator_cpp: 3.1.6 (/opt/ros/humble/share/rosidl_generator_cpp/cmake)\n'}
[0.688160] (traj_scripts) StdoutLine: {'line': b'-- Using all available rosidl_typesupport_c: rosidl_typesupport_fastrtps_c;rosidl_typesupport_introspection_c\n'}
[0.698907] (traj_scripts) StdoutLine: {'line': b'-- Using all available rosidl_typesupport_cpp: rosidl_typesupport_fastrtps_cpp;rosidl_typesupport_introspection_cpp\n'}
[0.703705] (-) TimerEvent: {}
[0.730840] (traj_scripts) StdoutLine: {'line': b'-- Found rmw_implementation_cmake: 6.1.2 (/opt/ros/humble/share/rmw_implementation_cmake/cmake)\n'}
[0.732905] (traj_scripts) StdoutLine: {'line': b'-- Found rmw_fastrtps_cpp: 6.2.7 (/opt/ros/humble/share/rmw_fastrtps_cpp/cmake)\n'}
[0.750079] (mycobot_interfaces) StdoutLine: {'line': b'running egg_info\n'}
[0.750975] (mycobot_interfaces) StdoutLine: {'line': b'writing mycobot_interfaces.egg-info/PKG-INFO\n'}
[0.751217] (mycobot_interfaces) StdoutLine: {'line': b'writing dependency_links to mycobot_interfaces.egg-info/dependency_links.txt\n'}
[0.751396] (mycobot_interfaces) StdoutLine: {'line': b'writing top-level names to mycobot_interfaces.egg-info/top_level.txt\n'}
[0.754185] (mycobot_interfaces) StdoutLine: {'line': b"reading manifest file 'mycobot_interfaces.egg-info/SOURCES.txt'\n"}
[0.754859] (mycobot_interfaces) StdoutLine: {'line': b"writing manifest file 'mycobot_interfaces.egg-info/SOURCES.txt'\n"}
[0.765975] (mecharm_interfaces) StdoutLine: {'line': b'running egg_info\n'}
[0.767347] (mecharm_interfaces) StdoutLine: {'line': b'writing mecharm_interfaces.egg-info/PKG-INFO\n'}
[0.767594] (mecharm_interfaces) StdoutLine: {'line': b'writing dependency_links to mecharm_interfaces.egg-info/dependency_links.txt\n'}
[0.767738] (mecharm_interfaces) StdoutLine: {'line': b'writing top-level names to mecharm_interfaces.egg-info/top_level.txt\n'}
[0.770462] (mecharm_interfaces) StdoutLine: {'line': b"reading manifest file 'mecharm_interfaces.egg-info/SOURCES.txt'\n"}
[0.770995] (mecharm_interfaces) StdoutLine: {'line': b"writing manifest file 'mecharm_interfaces.egg-info/SOURCES.txt'\n"}
[0.788904] (mypalletizer_interfaces) StdoutLine: {'line': b'running egg_info\n'}
[0.791187] (mypalletizer_interfaces) StdoutLine: {'line': b'writing mypalletizer_interfaces.egg-info/PKG-INFO\n'}
[0.792442] (mypalletizer_interfaces) StdoutLine: {'line': b'writing dependency_links to mypalletizer_interfaces.egg-info/dependency_links.txt\n'}
[0.793036] (mypalletizer_interfaces) StdoutLine: {'line': b'writing top-level names to mypalletizer_interfaces.egg-info/top_level.txt\n'}
[0.801551] (mypalletizer_interfaces) StdoutLine: {'line': b"reading manifest file 'mypalletizer_interfaces.egg-info/SOURCES.txt'\n"}
[0.802538] (mypalletizer_interfaces) StdoutLine: {'line': b"writing manifest file 'mypalletizer_interfaces.egg-info/SOURCES.txt'\n"}
[0.803813] (-) TimerEvent: {}
[0.890075] (traj_scripts) StdoutLine: {'line': b"-- Using RMW implementation 'rmw_fastrtps_cpp' as default\n"}
[0.903085] (mecharm_interfaces) StdoutLine: {'line': b'[100%] Built target ament_cmake_python_build_mecharm_interfaces_egg\n'}
[0.903897] (-) TimerEvent: {}
[0.907380] (mycobot_interfaces) StdoutLine: {'line': b'[100%] Built target ament_cmake_python_build_mycobot_interfaces_egg\n'}
[0.931606] (mecharm_interfaces) CommandEnded: {'returncode': 0}
[0.933574] (mecharm_interfaces) JobProgress: {'identifier': 'mecharm_interfaces', 'progress': 'install'}
[0.952350] (mecharm_interfaces) Command: {'cmd': ['/usr/bin/cmake', '--install', '/home/robotics/ros2_cobot/build/mecharm_interfaces'], 'cwd': '/home/robotics/ros2_cobot/build/mecharm_interfaces', 'env': OrderedDict([('GJS_DEBUG_TOPICS', 'JS ERROR;JS LOG'), ('LESSOPEN', '| /usr/bin/lesspipe %s'), ('LANGUAGE', 'en_CA:en'), ('USER', 'robotics'), ('XDG_SESSION_TYPE', 'wayland'), ('SHLVL', '1'), ('LD_LIBRARY_PATH', '/opt/ros/humble/opt/rviz_ogre_vendor/lib:/opt/ros/humble/lib/x86_64-linux-gnu:/opt/ros/humble/lib'), ('HOME', '/home/robotics'), ('OLDPWD', '/home/robotics'), ('DESKTOP_SESSION', 'ubuntu'), ('GIO_LAUNCHED_DESKTOP_FILE', '/usr/share/applications/terminator.desktop'), ('ROS_PYTHON_VERSION', '3'), ('GNOME_SHELL_SESSION_MODE', 'ubuntu'), ('GTK_MODULES', 'gail:atk-bridge'), ('MANAGERPID', '2208'), ('SYSTEMD_EXEC_PID', '2385'), ('DBUS_SESSION_BUS_ADDRESS', 'unix:path=/run/user/1001/bus'), ('COLORTERM', 'truecolor'), ('TERMINATOR_DBUS_NAME', 'net.tenshu.Terminator25ef4b219e3b005583550f2b0f9f990c3'), ('LIBVIRT_DEFAULT_URI', 'qemu:///system'), ('GIO_LAUNCHED_DESKTOP_FILE_PID', '5985'), ('IM_CONFIG_PHASE', '1'), ('WAYLAND_DISPLAY', 'wayland-0'), ('ROS_DISTRO', 'humble'), ('LOGNAME', 'robotics'), ('JOURNAL_STREAM', '8:11736'), ('_', '/usr/bin/colcon'), ('ROS_VERSION', '2'), ('XDG_SESSION_CLASS', 'user'), ('USERNAME', 'robotics'), ('TERM', 'xterm-256color'), ('GNOME_DESKTOP_SESSION_ID', 'this-is-deprecated'), ('ROS_LOCALHOST_ONLY', '0'), ('PATH', '/opt/ros/humble/bin:/home/robotics/.local/bin:/usr/local/sbin:/usr/local/bin:/usr/sbin:/usr/bin:/sbin:/bin:/usr/games:/usr/local/games:/snap/bin:/snap/bin'), ('SESSION_MANAGER', 'local/scapula:@/tmp/.ICE-unix/2355,unix/scapula:/tmp/.ICE-unix/2355'), ('INVOCATION_ID', 'e345590a299a451da04fa5520e75bdac'), ('XDG_MENU_PREFIX', 'gnome-'), ('GNOME_SETUP_DISPLAY', ':1'), ('XDG_RUNTIME_DIR', '/run/user/1001'), ('DISPLAY', ':0'), ('TERMINATOR_DBUS_PATH', '/net/tenshu/Terminator2'), ('LANG', 'en_US.UTF-8'), ('XDG_CURRENT_DESKTOP', 'ubuntu:GNOME'), ('XMODIFIERS', '@im=ibus'), ('XDG_SESSION_DESKTOP', 'ubuntu'), ('XAUTHORITY', '/run/user/1001/.mutter-Xwaylandauth.C2D0D3'), ('LS_COLORS', 'rs=0:di=01;34:ln=01;36:mh=00:pi=40;33:so=01;35:do=01;35:bd=40;33;01:cd=40;33;01:or=40;31;01:mi=00:su=37;41:sg=30;43:ca=30;41:tw=30;42:ow=34;42:st=37;44:ex=01;32:*.tar=01;31:*.tgz=01;31:*.arc=01;31:*.arj=01;31:*.taz=01;31:*.lha=01;31:*.lz4=01;31:*.lzh=01;31:*.lzma=01;31:*.tlz=01;31:*.txz=01;31:*.tzo=01;31:*.t7z=01;31:*.zip=01;31:*.z=01;31:*.dz=01;31:*.gz=01;31:*.lrz=01;31:*.lz=01;31:*.lzo=01;31:*.xz=01;31:*.zst=01;31:*.tzst=01;31:*.bz2=01;31:*.bz=01;31:*.tbz=01;31:*.tbz2=01;31:*.tz=01;31:*.deb=01;31:*.rpm=01;31:*.jar=01;31:*.war=01;31:*.ear=01;31:*.sar=01;31:*.rar=01;31:*.alz=01;31:*.ace=01;31:*.zoo=01;31:*.cpio=01;31:*.7z=01;31:*.rz=01;31:*.cab=01;31:*.wim=01;31:*.swm=01;31:*.dwm=01;31:*.esd=01;31:*.jpg=01;35:*.jpeg=01;35:*.mjpg=01;35:*.mjpeg=01;35:*.gif=01;35:*.bmp=01;35:*.pbm=01;35:*.pgm=01;35:*.ppm=01;35:*.tga=01;35:*.xbm=01;35:*.xpm=01;35:*.tif=01;35:*.tiff=01;35:*.png=01;35:*.svg=01;35:*.svgz=01;35:*.mng=01;35:*.pcx=01;35:*.mov=01;35:*.mpg=01;35:*.mpeg=01;35:*.m2v=01;35:*.mkv=01;35:*.webm=01;35:*.webp=01;35:*.ogm=01;35:*.mp4=01;35:*.m4v=01;35:*.mp4v=01;35:*.vob=01;35:*.qt=01;35:*.nuv=01;35:*.wmv=01;35:*.asf=01;35:*.rm=01;35:*.rmvb=01;35:*.flc=01;35:*.avi=01;35:*.fli=01;35:*.flv=01;35:*.gl=01;35:*.dl=01;35:*.xcf=01;35:*.xwd=01;35:*.yuv=01;35:*.cgm=01;35:*.emf=01;35:*.ogv=01;35:*.ogx=01;35:*.aac=00;36:*.au=00;36:*.flac=00;36:*.m4a=00;36:*.mid=00;36:*.midi=00;36:*.mka=00;36:*.mp3=00;36:*.mpc=00;36:*.ogg=00;36:*.ra=00;36:*.wav=00;36:*.oga=00;36:*.opus=00;36:*.spx=00;36:*.xspf=00;36:'), ('SSH_AGENT_LAUNCHER', 'gnome-keyring'), ('SSH_AUTH_SOCK', '/run/user/1001/keyring/ssh'), ('AMENT_PREFIX_PATH', '/opt/ros/humble'), ('SHELL', '/bin/bash'), ('TERMINATOR_UUID', 'urn:uuid:f2f89f62-91b9-4d3d-9090-78fd66b7b1db'), ('QT_ACCESSIBILITY', '1'), ('GDMSESSION', 'ubuntu'), ('LESSCLOSE', '/usr/bin/lesspipe %s %s'), ('GJS_DEBUG_OUTPUT', 'stderr'), ('QT_IM_MODULE', 'ibus'), ('PWD', '/home/robotics/ros2_cobot/build/mecharm_interfaces'), ('LC_ALL', 'en_US.UTF-8'), ('XDG_CONFIG_DIRS', '/etc/xdg/xdg-ubuntu:/etc/xdg'), ('XDG_DATA_DIRS', '/usr/share/ubuntu:/usr/local/share/:/usr/share/:/var/lib/snapd/desktop'), ('PYTHONPATH', '/opt/ros/humble/lib/python3.10/site-packages:/opt/ros/humble/local/lib/python3.10/dist-packages'), ('COLCON', '1'), ('VTE_VERSION', '6800'), ('CMAKE_PREFIX_PATH', '/opt/ros/humble')]), 'shell': False}
[0.955070] (mycobot_interfaces) CommandEnded: {'returncode': 0}
[0.956308] (mycobot_interfaces) JobProgress: {'identifier': 'mycobot_interfaces', 'progress': 'install'}
[0.957422] (mycobot_interfaces) Command: {'cmd': ['/usr/bin/cmake', '--install', '/home/robotics/ros2_cobot/build/mycobot_interfaces'], 'cwd': '/home/robotics/ros2_cobot/build/mycobot_interfaces', 'env': OrderedDict([('GJS_DEBUG_TOPICS', 'JS ERROR;JS LOG'), ('LESSOPEN', '| /usr/bin/lesspipe %s'), ('LANGUAGE', 'en_CA:en'), ('USER', 'robotics'), ('XDG_SESSION_TYPE', 'wayland'), ('SHLVL', '1'), ('LD_LIBRARY_PATH', '/opt/ros/humble/opt/rviz_ogre_vendor/lib:/opt/ros/humble/lib/x86_64-linux-gnu:/opt/ros/humble/lib'), ('HOME', '/home/robotics'), ('OLDPWD', '/home/robotics'), ('DESKTOP_SESSION', 'ubuntu'), ('GIO_LAUNCHED_DESKTOP_FILE', '/usr/share/applications/terminator.desktop'), ('ROS_PYTHON_VERSION', '3'), ('GNOME_SHELL_SESSION_MODE', 'ubuntu'), ('GTK_MODULES', 'gail:atk-bridge'), ('MANAGERPID', '2208'), ('SYSTEMD_EXEC_PID', '2385'), ('DBUS_SESSION_BUS_ADDRESS', 'unix:path=/run/user/1001/bus'), ('COLORTERM', 'truecolor'), ('TERMINATOR_DBUS_NAME', 'net.tenshu.Terminator25ef4b219e3b005583550f2b0f9f990c3'), ('LIBVIRT_DEFAULT_URI', 'qemu:///system'), ('GIO_LAUNCHED_DESKTOP_FILE_PID', '5985'), ('IM_CONFIG_PHASE', '1'), ('WAYLAND_DISPLAY', 'wayland-0'), ('ROS_DISTRO', 'humble'), ('LOGNAME', 'robotics'), ('JOURNAL_STREAM', '8:11736'), ('_', '/usr/bin/colcon'), ('ROS_VERSION', '2'), ('XDG_SESSION_CLASS', 'user'), ('USERNAME', 'robotics'), ('TERM', 'xterm-256color'), ('GNOME_DESKTOP_SESSION_ID', 'this-is-deprecated'), ('ROS_LOCALHOST_ONLY', '0'), ('PATH', '/opt/ros/humble/bin:/home/robotics/.local/bin:/usr/local/sbin:/usr/local/bin:/usr/sbin:/usr/bin:/sbin:/bin:/usr/games:/usr/local/games:/snap/bin:/snap/bin'), ('SESSION_MANAGER', 'local/scapula:@/tmp/.ICE-unix/2355,unix/scapula:/tmp/.ICE-unix/2355'), ('INVOCATION_ID', 'e345590a299a451da04fa5520e75bdac'), ('XDG_MENU_PREFIX', 'gnome-'), ('GNOME_SETUP_DISPLAY', ':1'), ('XDG_RUNTIME_DIR', '/run/user/1001'), ('DISPLAY', ':0'), ('TERMINATOR_DBUS_PATH', '/net/tenshu/Terminator2'), ('LANG', 'en_US.UTF-8'), ('XDG_CURRENT_DESKTOP', 'ubuntu:GNOME'), ('XMODIFIERS', '@im=ibus'), ('XDG_SESSION_DESKTOP', 'ubuntu'), ('XAUTHORITY', '/run/user/1001/.mutter-Xwaylandauth.C2D0D3'), ('LS_COLORS', 'rs=0:di=01;34:ln=01;36:mh=00:pi=40;33:so=01;35:do=01;35:bd=40;33;01:cd=40;33;01:or=40;31;01:mi=00:su=37;41:sg=30;43:ca=30;41:tw=30;42:ow=34;42:st=37;44:ex=01;32:*.tar=01;31:*.tgz=01;31:*.arc=01;31:*.arj=01;31:*.taz=01;31:*.lha=01;31:*.lz4=01;31:*.lzh=01;31:*.lzma=01;31:*.tlz=01;31:*.txz=01;31:*.tzo=01;31:*.t7z=01;31:*.zip=01;31:*.z=01;31:*.dz=01;31:*.gz=01;31:*.lrz=01;31:*.lz=01;31:*.lzo=01;31:*.xz=01;31:*.zst=01;31:*.tzst=01;31:*.bz2=01;31:*.bz=01;31:*.tbz=01;31:*.tbz2=01;31:*.tz=01;31:*.deb=01;31:*.rpm=01;31:*.jar=01;31:*.war=01;31:*.ear=01;31:*.sar=01;31:*.rar=01;31:*.alz=01;31:*.ace=01;31:*.zoo=01;31:*.cpio=01;31:*.7z=01;31:*.rz=01;31:*.cab=01;31:*.wim=01;31:*.swm=01;31:*.dwm=01;31:*.esd=01;31:*.jpg=01;35:*.jpeg=01;35:*.mjpg=01;35:*.mjpeg=01;35:*.gif=01;35:*.bmp=01;35:*.pbm=01;35:*.pgm=01;35:*.ppm=01;35:*.tga=01;35:*.xbm=01;35:*.xpm=01;35:*.tif=01;35:*.tiff=01;35:*.png=01;35:*.svg=01;35:*.svgz=01;35:*.mng=01;35:*.pcx=01;35:*.mov=01;35:*.mpg=01;35:*.mpeg=01;35:*.m2v=01;35:*.mkv=01;35:*.webm=01;35:*.webp=01;35:*.ogm=01;35:*.mp4=01;35:*.m4v=01;35:*.mp4v=01;35:*.vob=01;35:*.qt=01;35:*.nuv=01;35:*.wmv=01;35:*.asf=01;35:*.rm=01;35:*.rmvb=01;35:*.flc=01;35:*.avi=01;35:*.fli=01;35:*.flv=01;35:*.gl=01;35:*.dl=01;35:*.xcf=01;35:*.xwd=01;35:*.yuv=01;35:*.cgm=01;35:*.emf=01;35:*.ogv=01;35:*.ogx=01;35:*.aac=00;36:*.au=00;36:*.flac=00;36:*.m4a=00;36:*.mid=00;36:*.midi=00;36:*.mka=00;36:*.mp3=00;36:*.mpc=00;36:*.ogg=00;36:*.ra=00;36:*.wav=00;36:*.oga=00;36:*.opus=00;36:*.spx=00;36:*.xspf=00;36:'), ('SSH_AGENT_LAUNCHER', 'gnome-keyring'), ('SSH_AUTH_SOCK', '/run/user/1001/keyring/ssh'), ('AMENT_PREFIX_PATH', '/opt/ros/humble'), ('SHELL', '/bin/bash'), ('TERMINATOR_UUID', 'urn:uuid:f2f89f62-91b9-4d3d-9090-78fd66b7b1db'), ('QT_ACCESSIBILITY', '1'), ('GDMSESSION', 'ubuntu'), ('LESSCLOSE', '/usr/bin/lesspipe %s %s'), ('GJS_DEBUG_OUTPUT', 'stderr'), ('QT_IM_MODULE', 'ibus'), ('PWD', '/home/robotics/ros2_cobot/build/mycobot_interfaces'), ('LC_ALL', 'en_US.UTF-8'), ('XDG_CONFIG_DIRS', '/etc/xdg/xdg-ubuntu:/etc/xdg'), ('XDG_DATA_DIRS', '/usr/share/ubuntu:/usr/local/share/:/usr/share/:/var/lib/snapd/desktop'), ('PYTHONPATH', '/opt/ros/humble/lib/python3.10/site-packages:/opt/ros/humble/local/lib/python3.10/dist-packages'), ('COLCON', '1'), ('VTE_VERSION', '6800'), ('CMAKE_PREFIX_PATH', '/opt/ros/humble')]), 'shell': False}
[0.961367] (mypalletizer_interfaces) StdoutLine: {'line': b'[100%] Built target ament_cmake_python_build_mypalletizer_interfaces_egg\n'}
[0.969606] (mecharm_interfaces) StdoutLine: {'line': b'-- Install configuration: ""\n'}
[0.969999] (mecharm_interfaces) StdoutLine: {'line': b'-- Up-to-date: /home/robotics/ros2_cobot/install/mecharm_interfaces/share/ament_index/resource_index/rosidl_interfaces/mecharm_interfaces\n'}
[0.970134] (mecharm_interfaces) StdoutLine: {'line': b'-- Up-to-date: /home/robotics/ros2_cobot/install/mecharm_interfaces/include/mecharm_interfaces/mecharm_interfaces\n'}
[0.970258] (mecharm_interfaces) StdoutLine: {'line': b'-- Up-to-date: /home/robotics/ros2_cobot/install/mecharm_interfaces/include/mecharm_interfaces/mecharm_interfaces/srv\n'}
[0.970444] (mecharm_interfaces) StdoutLine: {'line': b'-- Up-to-date: /home/robotics/ros2_cobot/install/mecharm_interfaces/include/mecharm_interfaces/mecharm_interfaces/srv/get_coords.h\n'}
[0.970542] (mecharm_interfaces) StdoutLine: {'line': b'-- Up-to-date: /home/robotics/ros2_cobot/install/mecharm_interfaces/include/mecharm_interfaces/mecharm_interfaces/srv/get_angles.h\n'}
[0.970629] (mecharm_interfaces) StdoutLine: {'line': b'-- Up-to-date: /home/robotics/ros2_cobot/install/mecharm_interfaces/include/mecharm_interfaces/mecharm_interfaces/srv/set_coords.h\n'}
[0.970717] (mecharm_interfaces) StdoutLine: {'line': b'-- Up-to-date: /home/robotics/ros2_cobot/install/mecharm_interfaces/include/mecharm_interfaces/mecharm_interfaces/srv/set_angles.h\n'}
[0.970798] (mecharm_interfaces) StdoutLine: {'line': b'-- Up-to-date: /home/robotics/ros2_cobot/install/mecharm_interfaces/include/mecharm_interfaces/mecharm_interfaces/srv/detail\n'}
[0.970830] (mecharm_interfaces) StdoutLine: {'line': b'-- Up-to-date: /home/robotics/ros2_cobot/install/mecharm_interfaces/include/mecharm_interfaces/mecharm_interfaces/srv/detail/set_coords__functions.h\n'}
[0.970865] (mecharm_interfaces) StdoutLine: {'line': b'-- Up-to-date: /home/robotics/ros2_cobot/install/mecharm_interfaces/include/mecharm_interfaces/mecharm_interfaces/srv/detail/set_angles__functions.h\n'}
[0.970896] (mecharm_interfaces) StdoutLine: {'line': b'-- Up-to-date: /home/robotics/ros2_cobot/install/mecharm_interfaces/include/mecharm_interfaces/mecharm_interfaces/srv/detail/pump_status__functions.h\n'}
[0.970927] (mecharm_interfaces) StdoutLine: {'line': b'-- Up-to-date: /home/robotics/ros2_cobot/install/mecharm_interfaces/include/mecharm_interfaces/mecharm_interfaces/srv/detail/get_coords__functions.h\n'}
[0.970968] (mecharm_interfaces) StdoutLine: {'line': b'-- Up-to-date: /home/robotics/ros2_cobot/install/mecharm_interfaces/include/mecharm_interfaces/mecharm_interfaces/srv/detail/pump_status__struct.h\n'}
[0.971000] (mecharm_interfaces) StdoutLine: {'line': b'-- Up-to-date: /home/robotics/ros2_cobot/install/mecharm_interfaces/include/mecharm_interfaces/mecharm_interfaces/srv/detail/gripper_status__type_support.h\n'}
[0.971036] (mecharm_interfaces) StdoutLine: {'line': b'-- Up-to-date: /home/robotics/ros2_cobot/install/mecharm_interfaces/include/mecharm_interfaces/mecharm_interfaces/srv/detail/get_coords__functions.c\n'}
[0.971110] (mecharm_interfaces) StdoutLine: {'line': b'-- Up-to-date: /home/robotics/ros2_cobot/install/mecharm_interfaces/include/mecharm_interfaces/mecharm_interfaces/srv/detail/pump_status__functions.c\n'}
[0.971150] (mecharm_interfaces) StdoutLine: {'line': b'-- Up-to-date: /home/robotics/ros2_cobot/install/mecharm_interfaces/include/mecharm_interfaces/mecharm_interfaces/srv/detail/set_angles__functions.c\n'}
[0.971182] (mecharm_interfaces) StdoutLine: {'line': b'-- Up-to-date: /home/robotics/ros2_cobot/install/mecharm_interfaces/include/mecharm_interfaces/mecharm_interfaces/srv/detail/set_angles__type_support.h\n'}
[0.971224] (mecharm_interfaces) StdoutLine: {'line': b'-- Up-to-date: /home/robotics/ros2_cobot/install/mecharm_interfaces/include/mecharm_interfaces/mecharm_interfaces/srv/detail/set_coords__struct.h\n'}
[0.971249] (mecharm_interfaces) StdoutLine: {'line': b'-- Up-to-date: /home/robotics/ros2_cobot/install/mecharm_interfaces/include/mecharm_interfaces/mecharm_interfaces/srv/detail/get_coords__type_support.h\n'}
[0.971282] (mecharm_interfaces) StdoutLine: {'line': b'-- Up-to-date: /home/robotics/ros2_cobot/install/mecharm_interfaces/include/mecharm_interfaces/mecharm_interfaces/srv/detail/gripper_status__functions.h\n'}
[0.971309] (mecharm_interfaces) StdoutLine: {'line': b'-- Up-to-date: /home/robotics/ros2_cobot/install/mecharm_interfaces/include/mecharm_interfaces/mecharm_interfaces/srv/detail/get_angles__functions.c\n'}
[0.971362] (mecharm_interfaces) StdoutLine: {'line': b'-- Up-to-date: /home/robotics/ros2_cobot/install/mecharm_interfaces/include/mecharm_interfaces/mecharm_interfaces/srv/detail/get_angles__functions.h\n'}
[0.971389] (mecharm_interfaces) StdoutLine: {'line': b'-- Up-to-date: /home/robotics/ros2_cobot/install/mecharm_interfaces/include/mecharm_interfaces/mecharm_interfaces/srv/detail/gripper_status__functions.c\n'}
[0.971413] (traj_scripts) StdoutLine: {'line': b'-- Found rclpy: 3.3.16 (/opt/ros/humble/share/rclpy/cmake)\n'}
[0.971451] (mecharm_interfaces) StdoutLine: {'line': b'-- Up-to-date: /home/robotics/ros2_cobot/install/mecharm_interfaces/include/mecharm_interfaces/mecharm_interfaces/srv/detail/get_angles__type_support.h\n'}
[0.971481] (mecharm_interfaces) StdoutLine: {'line': b'-- Up-to-date: /home/robotics/ros2_cobot/install/mecharm_interfaces/include/mecharm_interfaces/mecharm_interfaces/srv/detail/set_coords__functions.c\n'}
[0.971507] (mecharm_interfaces) StdoutLine: {'line': b'-- Up-to-date: /home/robotics/ros2_cobot/install/mecharm_interfaces/include/mecharm_interfaces/mecharm_interfaces/srv/detail/set_angles__struct.h\n'}
[0.971539] (mecharm_interfaces) StdoutLine: {'line': b'-- Up-to-date: /home/robotics/ros2_cobot/install/mecharm_interfaces/include/mecharm_interfaces/mecharm_interfaces/srv/detail/gripper_status__struct.h\n'}
[0.971586] (mecharm_interfaces) StdoutLine: {'line': b'-- Up-to-date: /home/robotics/ros2_cobot/install/mecharm_interfaces/include/mecharm_interfaces/mecharm_interfaces/srv/detail/get_angles__struct.h\n'}
[0.971629] (mecharm_interfaces) StdoutLine: {'line': b'-- Up-to-date: /home/robotics/ros2_cobot/install/mecharm_interfaces/include/mecharm_interfaces/mecharm_interfaces/srv/detail/set_coords__type_support.h\n'}
[0.971656] (mecharm_interfaces) StdoutLine: {'line': b'-- Up-to-date: /home/robotics/ros2_cobot/install/mecharm_interfaces/include/mecharm_interfaces/mecharm_interfaces/srv/detail/pump_status__type_support.h\n'}
[0.971681] (mecharm_interfaces) StdoutLine: {'line': b'-- Up-to-date: /home/robotics/ros2_cobot/install/mecharm_interfaces/include/mecharm_interfaces/mecharm_interfaces/srv/detail/get_coords__struct.h\n'}
[0.971708] (mecharm_interfaces) StdoutLine: {'line': b'-- Up-to-date: /home/robotics/ros2_cobot/install/mecharm_interfaces/include/mecharm_interfaces/mecharm_interfaces/srv/pump_status.h\n'}
[0.971734] (mecharm_interfaces) StdoutLine: {'line': b'-- Up-to-date: /home/robotics/ros2_cobot/install/mecharm_interfaces/include/mecharm_interfaces/mecharm_interfaces/srv/gripper_status.h\n'}
[0.971774] (mecharm_interfaces) StdoutLine: {'line': b'-- Up-to-date: /home/robotics/ros2_cobot/install/mecharm_interfaces/include/mecharm_interfaces/mecharm_interfaces/msg\n'}
[0.971801] (mecharm_interfaces) StdoutLine: {'line': b'-- Up-to-date: /home/robotics/ros2_cobot/install/mecharm_interfaces/include/mecharm_interfaces/mecharm_interfaces/msg/mecharm_pump_status.h\n'}
[0.971828] (mecharm_interfaces) StdoutLine: {'line': b'-- Up-to-date: /home/robotics/ros2_cobot/install/mecharm_interfaces/include/mecharm_interfaces/mecharm_interfaces/msg/mecharm_set_coords.h\n'}
[0.971855] (mecharm_interfaces) StdoutLine: {'line': b'-- Up-to-date: /home/robotics/ros2_cobot/install/mecharm_interfaces/include/mecharm_interfaces/mecharm_interfaces/msg/mecharm_coords.h\n'}
[0.971882] (mecharm_interfaces) StdoutLine: {'line': b'-- Up-to-date: /home/robotics/ros2_cobot/install/mecharm_interfaces/include/mecharm_interfaces/mecharm_interfaces/msg/mecharm_set_angles.h\n'}
[0.971938] (mecharm_interfaces) StdoutLine: {'line': b'-- Up-to-date: /home/robotics/ros2_cobot/install/mecharm_interfaces/include/mecharm_interfaces/mecharm_interfaces/msg/detail\n'}
[0.972063] (mecharm_interfaces) StdoutLine: {'line': b'-- Up-to-date: /home/robotics/ros2_cobot/install/mecharm_interfaces/include/mecharm_interfaces/mecharm_interfaces/msg/detail/mecharm_angles__functions.h\n'}
[0.972102] (mecharm_interfaces) StdoutLine: {'line': b'-- Up-to-date: /home/robotics/ros2_cobot/install/mecharm_interfaces/include/mecharm_interfaces/mecharm_interfaces/msg/detail/mecharm_pump_status__functions.h\n'}
[0.972132] (traj_scripts) StdoutLine: {'line': b'-- Found moveit_ros_planning_interface: 2.5.9 (/opt/ros/humble/share/moveit_ros_planning_interface/cmake)\n'}
[0.972160] (mecharm_interfaces) StdoutLine: {'line': b'-- Up-to-date: /home/robotics/ros2_cobot/install/mecharm_interfaces/include/mecharm_interfaces/mecharm_interfaces/msg/detail/mecharm_pump_status__functions.c\n'}
[0.972186] (mecharm_interfaces) StdoutLine: {'line': b'-- Up-to-date: /home/robotics/ros2_cobot/install/mecharm_interfaces/include/mecharm_interfaces/mecharm_interfaces/msg/detail/mecharm_set_angles__functions.h\n'}
[0.972211] (mecharm_interfaces) StdoutLine: {'line': b'-- Up-to-date: /home/robotics/ros2_cobot/install/mecharm_interfaces/include/mecharm_interfaces/mecharm_interfaces/msg/detail/mecharm_coords__type_support.h\n'}
[0.972237] (mecharm_interfaces) StdoutLine: {'line': b'-- Up-to-date: /home/robotics/ros2_cobot/install/mecharm_interfaces/include/mecharm_interfaces/mecharm_interfaces/msg/detail/mecharm_gripper_status__functions.c\n'}
[0.972269] (mecharm_interfaces) StdoutLine: {'line': b'-- Up-to-date: /home/robotics/ros2_cobot/install/mecharm_interfaces/include/mecharm_interfaces/mecharm_interfaces/msg/detail/mecharm_coords__struct.h\n'}
[0.972360] (mecharm_interfaces) StdoutLine: {'line': b'-- Up-to-date: /home/robotics/ros2_cobot/install/mecharm_interfaces/include/mecharm_interfaces/mecharm_interfaces/msg/detail/mecharm_set_coords__type_support.h\n'}
[0.972449] (mecharm_interfaces) StdoutLine: {'line': b'-- Up-to-date: /home/robotics/ros2_cobot/install/mecharm_interfaces/include/mecharm_interfaces/mecharm_interfaces/msg/detail/mecharm_set_angles__functions.c\n'}
[0.972476] (mecharm_interfaces) StdoutLine: {'line': b'-- Up-to-date: /home/robotics/ros2_cobot/install/mecharm_interfaces/include/mecharm_interfaces/mecharm_interfaces/msg/detail/mecharm_set_angles__struct.h\n'}
[0.972503] (mecharm_interfaces) StdoutLine: {'line': b'-- Up-to-date: /home/robotics/ros2_cobot/install/mecharm_interfaces/include/mecharm_interfaces/mecharm_interfaces/msg/detail/mecharm_set_coords__struct.h\n'}
[0.972530] (mecharm_interfaces) StdoutLine: {'line': b'-- Up-to-date: /home/robotics/ros2_cobot/install/mecharm_interfaces/include/mecharm_interfaces/mecharm_interfaces/msg/detail/mecharm_angles__type_support.h\n'}
[0.972556] (mecharm_interfaces) StdoutLine: {'line': b'-- Up-to-date: /home/robotics/ros2_cobot/install/mecharm_interfaces/include/mecharm_interfaces/mecharm_interfaces/msg/detail/mecharm_angles__functions.c\n'}
[0.972581] (mecharm_interfaces) StdoutLine: {'line': b'-- Up-to-date: /home/robotics/ros2_cobot/install/mecharm_interfaces/include/mecharm_interfaces/mecharm_interfaces/msg/detail/mecharm_set_coords__functions.c\n'}
[0.972609] (mecharm_interfaces) StdoutLine: {'line': b'-- Up-to-date: /home/robotics/ros2_cobot/install/mecharm_interfaces/include/mecharm_interfaces/mecharm_interfaces/msg/detail/mecharm_gripper_status__struct.h\n'}
[0.972635] (mecharm_interfaces) StdoutLine: {'line': b'-- Up-to-date: /home/robotics/ros2_cobot/install/mecharm_interfaces/include/mecharm_interfaces/mecharm_interfaces/msg/detail/mecharm_coords__functions.c\n'}
[0.972660] (mecharm_interfaces) StdoutLine: {'line': b'-- Up-to-date: /home/robotics/ros2_cobot/install/mecharm_interfaces/include/mecharm_interfaces/mecharm_interfaces/msg/detail/mecharm_gripper_status__type_support.h\n'}
[0.972695] (mecharm_interfaces) StdoutLine: {'line': b'-- Up-to-date: /home/robotics/ros2_cobot/install/mecharm_interfaces/include/mecharm_interfaces/mecharm_interfaces/msg/detail/mecharm_coords__functions.h\n'}
[0.972721] (mecharm_interfaces) StdoutLine: {'line': b'-- Up-to-date: /home/robotics/ros2_cobot/install/mecharm_interfaces/include/mecharm_interfaces/mecharm_interfaces/msg/detail/mecharm_set_coords__functions.h\n'}
[0.972747] (mecharm_interfaces) StdoutLine: {'line': b'-- Up-to-date: /home/robotics/ros2_cobot/install/mecharm_interfaces/include/mecharm_interfaces/mecharm_interfaces/msg/detail/mecharm_pump_status__struct.h\n'}
[0.972832] (mecharm_interfaces) StdoutLine: {'line': b'-- Up-to-date: /home/robotics/ros2_cobot/install/mecharm_interfaces/include/mecharm_interfaces/mecharm_interfaces/msg/detail/mecharm_set_angles__type_support.h\n'}
[0.972947] (mecharm_interfaces) StdoutLine: {'line': b'-- Up-to-date: /home/robotics/ros2_cobot/install/mecharm_interfaces/include/mecharm_interfaces/mecharm_interfaces/msg/detail/mecharm_gripper_status__functions.h\n'}
[0.972975] (mecharm_interfaces) StdoutLine: {'line': b'-- Up-to-date: /home/robotics/ros2_cobot/install/mecharm_interfaces/include/mecharm_interfaces/mecharm_interfaces/msg/detail/mecharm_pump_status__type_support.h\n'}
[0.973009] (mecharm_interfaces) StdoutLine: {'line': b'-- Up-to-date: /home/robotics/ros2_cobot/install/mecharm_interfaces/include/mecharm_interfaces/mecharm_interfaces/msg/detail/mecharm_angles__struct.h\n'}
[0.973045] (mecharm_interfaces) StdoutLine: {'line': b'-- Up-to-date: /home/robotics/ros2_cobot/install/mecharm_interfaces/include/mecharm_interfaces/mecharm_interfaces/msg/mecharm_gripper_status.h\n'}
[0.973085] (mecharm_interfaces) StdoutLine: {'line': b'-- Up-to-date: /home/robotics/ros2_cobot/install/mecharm_interfaces/include/mecharm_interfaces/mecharm_interfaces/msg/rosidl_generator_c__visibility_control.h\n'}
[0.973110] (mecharm_interfaces) StdoutLine: {'line': b'-- Up-to-date: /home/robotics/ros2_cobot/install/mecharm_interfaces/include/mecharm_interfaces/mecharm_interfaces/msg/mecharm_angles.h\n'}
[0.973139] (mecharm_interfaces) StdoutLine: {'line': b'-- Up-to-date: /home/robotics/ros2_cobot/install/mecharm_interfaces/share/mecharm_interfaces/environment/library_path.sh\n'}
[0.973179] (mecharm_interfaces) StdoutLine: {'line': b'-- Up-to-date: /home/robotics/ros2_cobot/install/mecharm_interfaces/share/mecharm_interfaces/environment/library_path.dsv\n'}
[0.973211] (mecharm_interfaces) StdoutLine: {'line': b'-- Up-to-date: /home/robotics/ros2_cobot/install/mecharm_interfaces/lib/libmecharm_interfaces__rosidl_generator_c.so\n'}
[0.973248] (mycobot_interfaces) StdoutLine: {'line': b'-- Install configuration: ""\n'}
[0.973321] (mycobot_interfaces) StdoutLine: {'line': b'-- Up-to-date: /home/robotics/ros2_cobot/install/mycobot_interfaces/share/ament_index/resource_index/rosidl_interfaces/mycobot_interfaces\n'}
[0.973382] (mycobot_interfaces) StdoutLine: {'line': b'-- Up-to-date: /home/robotics/ros2_cobot/install/mycobot_interfaces/include/mycobot_interfaces/mycobot_interfaces\n'}
[0.973419] (mycobot_interfaces) StdoutLine: {'line': b'-- Up-to-date: /home/robotics/ros2_cobot/install/mycobot_interfaces/include/mycobot_interfaces/mycobot_interfaces/srv\n'}
[0.973455] (mecharm_interfaces) StdoutLine: {'line': b'-- Up-to-date: /home/robotics/ros2_cobot/install/mecharm_interfaces/include/mecharm_interfaces/mecharm_interfaces\n'}
[0.973503] (mycobot_interfaces) StdoutLine: {'line': b'-- Up-to-date: /home/robotics/ros2_cobot/install/mycobot_interfaces/include/mycobot_interfaces/mycobot_interfaces/srv/get_coords.h\n'}
[0.973543] (mycobot_interfaces) StdoutLine: {'line': b'-- Up-to-date: /home/robotics/ros2_cobot/install/mycobot_interfaces/include/mycobot_interfaces/mycobot_interfaces/srv/get_angles.h\n'}
[0.973578] (mycobot_interfaces) StdoutLine: {'line': b'-- Up-to-date: /home/robotics/ros2_cobot/install/mycobot_interfaces/include/mycobot_interfaces/mycobot_interfaces/srv/set_coords.h\n'}
[0.973624] (mycobot_interfaces) StdoutLine: {'line': b'-- Up-to-date: /home/robotics/ros2_cobot/install/mycobot_interfaces/include/mycobot_interfaces/mycobot_interfaces/srv/set_angles.h\n'}
[0.973661] (mycobot_interfaces) StdoutLine: {'line': b'-- Up-to-date: /home/robotics/ros2_cobot/install/mycobot_interfaces/include/mycobot_interfaces/mycobot_interfaces/srv/detail\n'}
[0.973698] (mycobot_interfaces) StdoutLine: {'line': b'-- Up-to-date: /home/robotics/ros2_cobot/install/mycobot_interfaces/include/mycobot_interfaces/mycobot_interfaces/srv/detail/set_coords__functions.h\n'}
[0.973780] (mycobot_interfaces) StdoutLine: {'line': b'-- Up-to-date: /home/robotics/ros2_cobot/install/mycobot_interfaces/include/mycobot_interfaces/mycobot_interfaces/srv/detail/set_angles__functions.h\n'}
[0.973822] (mycobot_interfaces) StdoutLine: {'line': b'-- Up-to-date: /home/robotics/ros2_cobot/install/mycobot_interfaces/include/mycobot_interfaces/mycobot_interfaces/srv/detail/pump_status__functions.h\n'}
[0.973859] (mycobot_interfaces) StdoutLine: {'line': b'-- Up-to-date: /home/robotics/ros2_cobot/install/mycobot_interfaces/include/mycobot_interfaces/mycobot_interfaces/srv/detail/get_coords__functions.h\n'}
[0.973902] (mycobot_interfaces) StdoutLine: {'line': b'-- Up-to-date: /home/robotics/ros2_cobot/install/mycobot_interfaces/include/mycobot_interfaces/mycobot_interfaces/srv/detail/pump_status__struct.h\n'}
[0.973943] (mycobot_interfaces) StdoutLine: {'line': b'-- Up-to-date: /home/robotics/ros2_cobot/install/mycobot_interfaces/include/mycobot_interfaces/mycobot_interfaces/srv/detail/gripper_status__type_support.h\n'}
[0.974154] (mycobot_interfaces) StdoutLine: {'line': b'-- Up-to-date: /home/robotics/ros2_cobot/install/mycobot_interfaces/include/mycobot_interfaces/mycobot_interfaces/srv/detail/get_coords__functions.c\n'}
[0.974208] (mycobot_interfaces) StdoutLine: {'line': b'-- Up-to-date: /home/robotics/ros2_cobot/install/mycobot_interfaces/include/mycobot_interfaces/mycobot_interfaces/srv/detail/pump_status__functions.c\n'}
[0.974246] (mycobot_interfaces) StdoutLine: {'line': b'-- Up-to-date: /home/robotics/ros2_cobot/install/mycobot_interfaces/include/mycobot_interfaces/mycobot_interfaces/srv/detail/set_angles__functions.c\n'}
[0.974287] (mycobot_interfaces) StdoutLine: {'line': b'-- Up-to-date: /home/robotics/ros2_cobot/install/mycobot_interfaces/include/mycobot_interfaces/mycobot_interfaces/srv/detail/set_angles__type_support.h\n'}
[0.974340] (mycobot_interfaces) StdoutLine: {'line': b'-- Up-to-date: /home/robotics/ros2_cobot/install/mycobot_interfaces/include/mycobot_interfaces/mycobot_interfaces/srv/detail/set_coords__struct.h\n'}
[0.974521] (mycobot_interfaces) StdoutLine: {'line': b'-- Up-to-date: /home/robotics/ros2_cobot/install/mycobot_interfaces/include/mycobot_interfaces/mycobot_interfaces/srv/detail/get_coords__type_support.h\n'}
[0.974789] (mycobot_interfaces) StdoutLine: {'line': b'-- Up-to-date: /home/robotics/ros2_cobot/install/mycobot_interfaces/include/mycobot_interfaces/mycobot_interfaces/srv/detail/gripper_status__functions.h\n'}
[0.974843] (mecharm_interfaces) StdoutLine: {'line': b'-- Up-to-date: /home/robotics/ros2_cobot/install/mecharm_interfaces/include/mecharm_interfaces/mecharm_interfaces/srv\n'}
[0.974988] (mecharm_interfaces) StdoutLine: {'line': b'-- Up-to-date: /home/robotics/ros2_cobot/install/mecharm_interfaces/include/mecharm_interfaces/mecharm_interfaces/srv/detail\n'}
[0.975072] (mecharm_interfaces) StdoutLine: {'line': b'-- Up-to-date: /home/robotics/ros2_cobot/install/mecharm_interfaces/include/mecharm_interfaces/mecharm_interfaces/srv/detail/get_angles__rosidl_typesupport_fastrtps_c.h\n'}
[0.975144] (mecharm_interfaces) StdoutLine: {'line': b'-- Up-to-date: /home/robotics/ros2_cobot/install/mecharm_interfaces/include/mecharm_interfaces/mecharm_interfaces/srv/detail/set_coords__rosidl_typesupport_fastrtps_c.h\n'}
[0.975236] (mecharm_interfaces) StdoutLine: {'line': b'-- Up-to-date: /home/robotics/ros2_cobot/install/mecharm_interfaces/include/mecharm_interfaces/mecharm_interfaces/srv/detail/get_coords__rosidl_typesupport_fastrtps_c.h\n'}
[0.975293] (mecharm_interfaces) StdoutLine: {'line': b'-- Up-to-date: /home/robotics/ros2_cobot/install/mecharm_interfaces/include/mecharm_interfaces/mecharm_interfaces/srv/detail/set_angles__rosidl_typesupport_fastrtps_c.h\n'}
[0.975361] (mecharm_interfaces) StdoutLine: {'line': b'-- Up-to-date: /home/robotics/ros2_cobot/install/mecharm_interfaces/include/mecharm_interfaces/mecharm_interfaces/srv/detail/pump_status__rosidl_typesupport_fastrtps_c.h\n'}
[0.975425] (mecharm_interfaces) StdoutLine: {'line': b'-- Up-to-date: /home/robotics/ros2_cobot/install/mecharm_interfaces/include/mecharm_interfaces/mecharm_interfaces/srv/detail/gripper_status__rosidl_typesupport_fastrtps_c.h\n'}
[0.975491] (mecharm_interfaces) StdoutLine: {'line': b'-- Up-to-date: /home/robotics/ros2_cobot/install/mecharm_interfaces/include/mecharm_interfaces/mecharm_interfaces/msg\n'}
[0.975541] (mecharm_interfaces) StdoutLine: {'line': b'-- Up-to-date: /home/robotics/ros2_cobot/install/mecharm_interfaces/include/mecharm_interfaces/mecharm_interfaces/msg/detail\n'}
[0.975584] (mecharm_interfaces) StdoutLine: {'line': b'-- Up-to-date: /home/robotics/ros2_cobot/install/mecharm_interfaces/include/mecharm_interfaces/mecharm_interfaces/msg/detail/mecharm_set_angles__rosidl_typesupport_fastrtps_c.h\n'}
[0.975693] (mecharm_interfaces) StdoutLine: {'line': b'-- Up-to-date: /home/robotics/ros2_cobot/install/mecharm_interfaces/include/mecharm_interfaces/mecharm_interfaces/msg/detail/mecharm_angles__rosidl_typesupport_fastrtps_c.h\n'}
[0.975742] (mecharm_interfaces) StdoutLine: {'line': b'-- Up-to-date: /home/robotics/ros2_cobot/install/mecharm_interfaces/include/mecharm_interfaces/mecharm_interfaces/msg/detail/mecharm_gripper_status__rosidl_typesupport_fastrtps_c.h\n'}
[0.975801] (mecharm_interfaces) StdoutLine: {'line': b'-- Up-to-date: /home/robotics/ros2_cobot/install/mecharm_interfaces/include/mecharm_interfaces/mecharm_interfaces/msg/detail/mecharm_set_coords__rosidl_typesupport_fastrtps_c.h\n'}
[0.975993] (mecharm_interfaces) StdoutLine: {'line': b'-- Up-to-date: /home/robotics/ros2_cobot/install/mecharm_interfaces/include/mecharm_interfaces/mecharm_interfaces/msg/detail/mecharm_pump_status__rosidl_typesupport_fastrtps_c.h\n'}
[0.976086] (mecharm_interfaces) StdoutLine: {'line': b'-- Up-to-date: /home/robotics/ros2_cobot/install/mecharm_interfaces/include/mecharm_interfaces/mecharm_interfaces/msg/detail/mecharm_coords__rosidl_typesupport_fastrtps_c.h\n'}
[0.976206] (mecharm_interfaces) StdoutLine: {'line': b'-- Up-to-date: /home/robotics/ros2_cobot/install/mecharm_interfaces/include/mecharm_interfaces/mecharm_interfaces/msg/rosidl_typesupport_fastrtps_c__visibility_control.h\n'}
[0.976261] (mycobot_interfaces) StdoutLine: {'line': b'-- Up-to-date: /home/robotics/ros2_cobot/install/mycobot_interfaces/include/mycobot_interfaces/mycobot_interfaces/srv/detail/get_angles__functions.c\n'}
[0.976359] (mycobot_interfaces) StdoutLine: {'line': b'-- Up-to-date: /home/robotics/ros2_cobot/install/mycobot_interfaces/include/mycobot_interfaces/mycobot_interfaces/srv/detail/get_angles__functions.h\n'}
[0.976435] (mycobot_interfaces) StdoutLine: {'line': b'-- Up-to-date: /home/robotics/ros2_cobot/install/mycobot_interfaces/include/mycobot_interfaces/mycobot_interfaces/srv/detail/gripper_status__functions.c\n'}
[0.976482] (mycobot_interfaces) StdoutLine: {'line': b'-- Up-to-date: /home/robotics/ros2_cobot/install/mycobot_interfaces/include/mycobot_interfaces/mycobot_interfaces/srv/detail/get_angles__type_support.h\n'}
[0.976549] (mycobot_interfaces) StdoutLine: {'line': b'-- Up-to-date: /home/robotics/ros2_cobot/install/mycobot_interfaces/include/mycobot_interfaces/mycobot_interfaces/srv/detail/set_coords__functions.c\n'}
[0.976773] (mycobot_interfaces) StdoutLine: {'line': b'-- Up-to-date: /home/robotics/ros2_cobot/install/mycobot_interfaces/include/mycobot_interfaces/mycobot_interfaces/srv/detail/set_angles__struct.h\n'}
[0.976893] (mycobot_interfaces) StdoutLine: {'line': b'-- Up-to-date: /home/robotics/ros2_cobot/install/mycobot_interfaces/include/mycobot_interfaces/mycobot_interfaces/srv/detail/gripper_status__struct.h\n'}
[0.976956] (mycobot_interfaces) StdoutLine: {'line': b'-- Up-to-date: /home/robotics/ros2_cobot/install/mycobot_interfaces/include/mycobot_interfaces/mycobot_interfaces/srv/detail/get_angles__struct.h\n'}
[0.977015] (mycobot_interfaces) StdoutLine: {'line': b'-- Up-to-date: /home/robotics/ros2_cobot/install/mycobot_interfaces/include/mycobot_interfaces/mycobot_interfaces/srv/detail/set_coords__type_support.h\n'}
[0.977346] (mycobot_interfaces) StdoutLine: {'line': b'-- Up-to-date: /home/robotics/ros2_cobot/install/mycobot_interfaces/include/mycobot_interfaces/mycobot_interfaces/srv/detail/pump_status__type_support.h\n'}
[0.977782] (mycobot_interfaces) StdoutLine: {'line': b'-- Up-to-date: /home/robotics/ros2_cobot/install/mycobot_interfaces/include/mycobot_interfaces/mycobot_interfaces/srv/detail/get_coords__struct.h\n'}
[0.977946] (mycobot_interfaces) StdoutLine: {'line': b'-- Up-to-date: /home/robotics/ros2_cobot/install/mycobot_interfaces/include/mycobot_interfaces/mycobot_interfaces/srv/pump_status.h\n'}
[0.978086] (mycobot_interfaces) StdoutLine: {'line': b'-- Up-to-date: /home/robotics/ros2_cobot/install/mycobot_interfaces/include/mycobot_interfaces/mycobot_interfaces/srv/gripper_status.h\n'}
[0.978189] (mycobot_interfaces) StdoutLine: {'line': b'-- Up-to-date: /home/robotics/ros2_cobot/install/mycobot_interfaces/include/mycobot_interfaces/mycobot_interfaces/msg\n'}
[0.978234] (mycobot_interfaces) StdoutLine: {'line': b'-- Up-to-date: /home/robotics/ros2_cobot/install/mycobot_interfaces/include/mycobot_interfaces/mycobot_interfaces/msg/detail\n'}
[0.978287] (mecharm_interfaces) StdoutLine: {'line': b'-- Up-to-date: /home/robotics/ros2_cobot/install/mecharm_interfaces/lib/libmecharm_interfaces__rosidl_typesupport_fastrtps_c.so\n'}
[0.978515] (mecharm_interfaces) StdoutLine: {'line': b'-- Up-to-date: /home/robotics/ros2_cobot/install/mecharm_interfaces/include/mecharm_interfaces/mecharm_interfaces\n'}
[0.978692] (mecharm_interfaces) StdoutLine: {'line': b'-- Up-to-date: /home/robotics/ros2_cobot/install/mecharm_interfaces/include/mecharm_interfaces/mecharm_interfaces/srv\n'}
[0.978779] (mecharm_interfaces) StdoutLine: {'line': b'-- Up-to-date: /home/robotics/ros2_cobot/install/mecharm_interfaces/include/mecharm_interfaces/mecharm_interfaces/srv/detail\n'}
[0.978828] (mecharm_interfaces) StdoutLine: {'line': b'-- Up-to-date: /home/robotics/ros2_cobot/install/mecharm_interfaces/include/mecharm_interfaces/mecharm_interfaces/srv/detail/gripper_status__type_support.c\n'}
[0.978900] (mecharm_interfaces) StdoutLine: {'line': b'-- Up-to-date: /home/robotics/ros2_cobot/install/mecharm_interfaces/include/mecharm_interfaces/mecharm_interfaces/srv/detail/gripper_status__rosidl_typesupport_introspection_c.h\n'}
[0.978973] (mycobot_interfaces) StdoutLine: {'line': b'-- Up-to-date: /home/robotics/ros2_cobot/install/mycobot_interfaces/include/mycobot_interfaces/mycobot_interfaces/msg/detail/mycobot_angles__functions.c\n'}
[0.979049] (mycobot_interfaces) StdoutLine: {'line': b'-- Up-to-date: /home/robotics/ros2_cobot/install/mycobot_interfaces/include/mycobot_interfaces/mycobot_interfaces/msg/detail/mycobot_pump_status__struct.h\n'}
[0.979091] (mycobot_interfaces) StdoutLine: {'line': b'-- Up-to-date: /home/robotics/ros2_cobot/install/mycobot_interfaces/include/mycobot_interfaces/mycobot_interfaces/msg/detail/mycobot_pump_status__functions.h\n'}
[0.979149] (mecharm_interfaces) StdoutLine: {'line': b'-- Up-to-date: /home/robotics/ros2_cobot/install/mecharm_interfaces/include/mecharm_interfaces/mecharm_interfaces/srv/detail/set_coords__rosidl_typesupport_introspection_c.h\n'}
[0.979188] (mecharm_interfaces) StdoutLine: {'line': b'-- Up-to-date: /home/robotics/ros2_cobot/install/mecharm_interfaces/include/mecharm_interfaces/mecharm_interfaces/srv/detail/get_angles__rosidl_typesupport_introspection_c.h\n'}
[0.979231] (mycobot_interfaces) StdoutLine: {'line': b'-- Up-to-date: /home/robotics/ros2_cobot/install/mycobot_interfaces/include/mycobot_interfaces/mycobot_interfaces/msg/detail/mycobot_set_coords__struct.h\n'}
[0.979310] (mycobot_interfaces) StdoutLine: {'line': b'-- Up-to-date: /home/robotics/ros2_cobot/install/mycobot_interfaces/include/mycobot_interfaces/mycobot_interfaces/msg/detail/mycobot_angles__struct.h\n'}
[0.979403] (mycobot_interfaces) StdoutLine: {'line': b'-- Up-to-date: /home/robotics/ros2_cobot/install/mycobot_interfaces/include/mycobot_interfaces/mycobot_interfaces/msg/detail/mycobot_set_coords__functions.c\n'}
[0.979466] (mycobot_interfaces) StdoutLine: {'line': b'-- Up-to-date: /home/robotics/ros2_cobot/install/mycobot_interfaces/include/mycobot_interfaces/mycobot_interfaces/msg/detail/mycobot_set_angles__type_support.h\n'}
[0.979566] (mycobot_interfaces) StdoutLine: {'line': b'-- Up-to-date: /home/robotics/ros2_cobot/install/mycobot_interfaces/include/mycobot_interfaces/mycobot_interfaces/msg/detail/mycobot_coords__type_support.h\n'}
[0.979605] (mycobot_interfaces) StdoutLine: {'line': b'-- Up-to-date: /home/robotics/ros2_cobot/install/mycobot_interfaces/include/mycobot_interfaces/mycobot_interfaces/msg/detail/mycobot_gripper_status__functions.c\n'}
[0.979640] (mycobot_interfaces) StdoutLine: {'line': b'-- Up-to-date: /home/robotics/ros2_cobot/install/mycobot_interfaces/include/mycobot_interfaces/mycobot_interfaces/msg/detail/mycobot_set_angles__functions.h\n'}
[0.979677] (mycobot_interfaces) StdoutLine: {'line': b'-- Up-to-date: /home/robotics/ros2_cobot/install/mycobot_interfaces/include/mycobot_interfaces/mycobot_interfaces/msg/detail/mycobot_set_coords__type_support.h\n'}
[0.980127] (mycobot_interfaces) StdoutLine: {'line': b'-- Up-to-date: /home/robotics/ros2_cobot/install/mycobot_interfaces/include/mycobot_interfaces/mycobot_interfaces/msg/detail/mycobot_gripper_status__struct.h\n'}
[0.980184] (mycobot_interfaces) StdoutLine: {'line': b'-- Up-to-date: /home/robotics/ros2_cobot/install/mycobot_interfaces/include/mycobot_interfaces/mycobot_interfaces/msg/detail/mycobot_set_coords__functions.h\n'}
[0.980268] (mycobot_interfaces) StdoutLine: {'line': b'-- Up-to-date: /home/robotics/ros2_cobot/install/mycobot_interfaces/include/mycobot_interfaces/mycobot_interfaces/msg/detail/mycobot_set_angles__struct.h\n'}
[0.980365] (mycobot_interfaces) StdoutLine: {'line': b'-- Up-to-date: /home/robotics/ros2_cobot/install/mycobot_interfaces/include/mycobot_interfaces/mycobot_interfaces/msg/detail/mycobot_coords__functions.h\n'}
[0.980465] (mycobot_interfaces) StdoutLine: {'line': b'-- Up-to-date: /home/robotics/ros2_cobot/install/mycobot_interfaces/include/mycobot_interfaces/mycobot_interfaces/msg/detail/mycobot_angles__type_support.h\n'}
[0.980507] (mycobot_interfaces) StdoutLine: {'line': b'-- Up-to-date: /home/robotics/ros2_cobot/install/mycobot_interfaces/include/mycobot_interfaces/mycobot_interfaces/msg/detail/mycobot_pump_status__type_support.h\n'}
[0.980561] (mycobot_interfaces) StdoutLine: {'line': b'-- Up-to-date: /home/robotics/ros2_cobot/install/mycobot_interfaces/include/mycobot_interfaces/mycobot_interfaces/msg/detail/mycobot_angles__functions.h\n'}
[0.980614] (mycobot_interfaces) StdoutLine: {'line': b'-- Up-to-date: /home/robotics/ros2_cobot/install/mycobot_interfaces/include/mycobot_interfaces/mycobot_interfaces/msg/detail/mycobot_gripper_status__functions.h\n'}
[0.980663] (mycobot_interfaces) StdoutLine: {'line': b'-- Up-to-date: /home/robotics/ros2_cobot/install/mycobot_interfaces/include/mycobot_interfaces/mycobot_interfaces/msg/detail/mycobot_coords__struct.h\n'}
[0.980737] (mycobot_interfaces) StdoutLine: {'line': b'-- Up-to-date: /home/robotics/ros2_cobot/install/mycobot_interfaces/include/mycobot_interfaces/mycobot_interfaces/msg/detail/mycobot_coords__functions.c\n'}
[0.980864] (mycobot_interfaces) StdoutLine: {'line': b'-- Up-to-date: /home/robotics/ros2_cobot/install/mycobot_interfaces/include/mycobot_interfaces/mycobot_interfaces/msg/detail/mycobot_gripper_status__type_support.h\n'}
[0.980913] (mycobot_interfaces) StdoutLine: {'line': b'-- Up-to-date: /home/robotics/ros2_cobot/install/mycobot_interfaces/include/mycobot_interfaces/mycobot_interfaces/msg/detail/mycobot_pump_status__functions.c\n'}
[0.980956] (mycobot_interfaces) StdoutLine: {'line': b'-- Up-to-date: /home/robotics/ros2_cobot/install/mycobot_interfaces/include/mycobot_interfaces/mycobot_interfaces/msg/detail/mycobot_set_angles__functions.c\n'}
[0.980998] (mecharm_interfaces) StdoutLine: {'line': b'-- Up-to-date: /home/robotics/ros2_cobot/install/mecharm_interfaces/include/mecharm_interfaces/mecharm_interfaces/srv/detail/get_coords__rosidl_typesupport_introspection_c.h\n'}
[0.981981] (mycobot_interfaces) StdoutLine: {'line': b'-- Up-to-date: /home/robotics/ros2_cobot/install/mycobot_interfaces/include/mycobot_interfaces/mycobot_interfaces/msg/mycobot_gripper_status.h\n'}
[0.982565] (mycobot_interfaces) StdoutLine: {'line': b'-- Up-to-date: /home/robotics/ros2_cobot/install/mycobot_interfaces/include/mycobot_interfaces/mycobot_interfaces/msg/mycobot_pump_status.h\n'}
[0.982634] (mycobot_interfaces) StdoutLine: {'line': b'-- Up-to-date: /home/robotics/ros2_cobot/install/mycobot_interfaces/include/mycobot_interfaces/mycobot_interfaces/msg/mycobot_set_angles.h\n'}
[0.982682] (mecharm_interfaces) StdoutLine: {'line': b'-- Up-to-date: /home/robotics/ros2_cobot/install/mecharm_interfaces/include/mecharm_interfaces/mecharm_interfaces/srv/detail/set_angles__rosidl_typesupport_introspection_c.h\n'}
[0.982810] (mecharm_interfaces) StdoutLine: {'line': b'-- Up-to-date: /home/robotics/ros2_cobot/install/mecharm_interfaces/include/mecharm_interfaces/mecharm_interfaces/srv/detail/get_angles__type_support.c\n'}
[0.982857] (mecharm_interfaces) StdoutLine: {'line': b'-- Up-to-date: /home/robotics/ros2_cobot/install/mecharm_interfaces/include/mecharm_interfaces/mecharm_interfaces/srv/detail/pump_status__rosidl_typesupport_introspection_c.h\n'}
[0.982906] (mecharm_interfaces) StdoutLine: {'line': b'-- Up-to-date: /home/robotics/ros2_cobot/install/mecharm_interfaces/include/mecharm_interfaces/mecharm_interfaces/srv/detail/get_coords__type_support.c\n'}
[0.983016] (mecharm_interfaces) StdoutLine: {'line': b'-- Up-to-date: /home/robotics/ros2_cobot/install/mecharm_interfaces/include/mecharm_interfaces/mecharm_interfaces/srv/detail/set_angles__type_support.c\n'}
[0.983077] (mecharm_interfaces) StdoutLine: {'line': b'-- Up-to-date: /home/robotics/ros2_cobot/install/mecharm_interfaces/include/mecharm_interfaces/mecharm_interfaces/srv/detail/set_coords__type_support.c\n'}
[0.983118] (mecharm_interfaces) StdoutLine: {'line': b'-- Up-to-date: /home/robotics/ros2_cobot/install/mecharm_interfaces/include/mecharm_interfaces/mecharm_interfaces/srv/detail/pump_status__type_support.c\n'}
[0.983180] (mecharm_interfaces) StdoutLine: {'line': b'-- Up-to-date: /home/robotics/ros2_cobot/install/mecharm_interfaces/include/mecharm_interfaces/mecharm_interfaces/msg\n'}
[0.983229] (mecharm_interfaces) StdoutLine: {'line': b'-- Up-to-date: /home/robotics/ros2_cobot/install/mecharm_interfaces/include/mecharm_interfaces/mecharm_interfaces/msg/detail\n'}
[0.983273] (mecharm_interfaces) StdoutLine: {'line': b'-- Up-to-date: /home/robotics/ros2_cobot/install/mecharm_interfaces/include/mecharm_interfaces/mecharm_interfaces/msg/detail/mecharm_coords__rosidl_typesupport_introspection_c.h\n'}
[0.983318] (mecharm_interfaces) StdoutLine: {'line': b'-- Up-to-date: /home/robotics/ros2_cobot/install/mecharm_interfaces/include/mecharm_interfaces/mecharm_interfaces/msg/detail/mecharm_set_coords__type_support.c\n'}
[0.983661] (mecharm_interfaces) StdoutLine: {'line': b'-- Up-to-date: /home/robotics/ros2_cobot/install/mecharm_interfaces/include/mecharm_interfaces/mecharm_interfaces/msg/detail/mecharm_gripper_status__rosidl_typesupport_introspection_c.h\n'}
[0.983838] (mecharm_interfaces) StdoutLine: {'line': b'-- Up-to-date: /home/robotics/ros2_cobot/install/mecharm_interfaces/include/mecharm_interfaces/mecharm_interfaces/msg/detail/mecharm_coords__type_support.c\n'}
[0.983893] (mecharm_interfaces) StdoutLine: {'line': b'-- Up-to-date: /home/robotics/ros2_cobot/install/mecharm_interfaces/include/mecharm_interfaces/mecharm_interfaces/msg/detail/mecharm_set_coords__rosidl_typesupport_introspection_c.h\n'}
[0.983965] (mecharm_interfaces) StdoutLine: {'line': b'-- Up-to-date: /home/robotics/ros2_cobot/install/mecharm_interfaces/include/mecharm_interfaces/mecharm_interfaces/msg/detail/mecharm_angles__type_support.c\n'}
[0.984010] (mecharm_interfaces) StdoutLine: {'line': b'-- Up-to-date: /home/robotics/ros2_cobot/install/mecharm_interfaces/include/mecharm_interfaces/mecharm_interfaces/msg/detail/mecharm_gripper_status__type_support.c\n'}
[0.984069] (mecharm_interfaces) StdoutLine: {'line': b'-- Up-to-date: /home/robotics/ros2_cobot/install/mecharm_interfaces/include/mecharm_interfaces/mecharm_interfaces/msg/detail/mecharm_pump_status__rosidl_typesupport_introspection_c.h\n'}
[0.984442] (mecharm_interfaces) StdoutLine: {'line': b'-- Up-to-date: /home/robotics/ros2_cobot/install/mecharm_interfaces/include/mecharm_interfaces/mecharm_interfaces/msg/detail/mecharm_set_angles__rosidl_typesupport_introspection_c.h\n'}
[0.985915] (mecharm_interfaces) StdoutLine: {'line': b'-- Up-to-date: /home/robotics/ros2_cobot/install/mecharm_interfaces/include/mecharm_interfaces/mecharm_interfaces/msg/detail/mecharm_angles__rosidl_typesupport_introspection_c.h\n'}
[0.986096] (mecharm_interfaces) StdoutLine: {'line': b'-- Up-to-date: /home/robotics/ros2_cobot/install/mecharm_interfaces/include/mecharm_interfaces/mecharm_interfaces/msg/detail/mecharm_pump_status__type_support.c\n'}
[0.986146] (mecharm_interfaces) StdoutLine: {'line': b'-- Up-to-date: /home/robotics/ros2_cobot/install/mecharm_interfaces/include/mecharm_interfaces/mecharm_interfaces/msg/detail/mecharm_set_angles__type_support.c\n'}
[0.986184] (mecharm_interfaces) StdoutLine: {'line': b'-- Up-to-date: /home/robotics/ros2_cobot/install/mecharm_interfaces/include/mecharm_interfaces/mecharm_interfaces/msg/rosidl_typesupport_introspection_c__visibility_control.h\n'}
[0.986231] (mycobot_interfaces) StdoutLine: {'line': b'-- Up-to-date: /home/robotics/ros2_cobot/install/mycobot_interfaces/include/mycobot_interfaces/mycobot_interfaces/msg/rosidl_generator_c__visibility_control.h\n'}
[0.986736] (mycobot_interfaces) StdoutLine: {'line': b'-- Up-to-date: /home/robotics/ros2_cobot/install/mycobot_interfaces/include/mycobot_interfaces/mycobot_interfaces/msg/mycobot_angles.h\n'}
[0.986892] (mycobot_interfaces) StdoutLine: {'line': b'-- Up-to-date: /home/robotics/ros2_cobot/install/mycobot_interfaces/include/mycobot_interfaces/mycobot_interfaces/msg/mycobot_set_coords.h\n'}
[0.986948] (mycobot_interfaces) StdoutLine: {'line': b'-- Up-to-date: /home/robotics/ros2_cobot/install/mycobot_interfaces/include/mycobot_interfaces/mycobot_interfaces/msg/mycobot_coords.h\n'}
[0.986993] (mycobot_interfaces) StdoutLine: {'line': b'-- Up-to-date: /home/robotics/ros2_cobot/install/mycobot_interfaces/share/mycobot_interfaces/environment/library_path.sh\n'}
[0.987037] (mecharm_interfaces) StdoutLine: {'line': b'-- Up-to-date: /home/robotics/ros2_cobot/install/mecharm_interfaces/lib/libmecharm_interfaces__rosidl_typesupport_introspection_c.so\n'}
[0.987093] (mycobot_interfaces) StdoutLine: {'line': b'-- Up-to-date: /home/robotics/ros2_cobot/install/mycobot_interfaces/share/mycobot_interfaces/environment/library_path.dsv\n'}
[0.987137] (mycobot_interfaces) StdoutLine: {'line': b'-- Up-to-date: /home/robotics/ros2_cobot/install/mycobot_interfaces/lib/libmycobot_interfaces__rosidl_generator_c.so\n'}
[0.987180] (mecharm_interfaces) StdoutLine: {'line': b'-- Up-to-date: /home/robotics/ros2_cobot/install/mecharm_interfaces/lib/libmecharm_interfaces__rosidl_typesupport_c.so\n'}
[0.987222] (mycobot_interfaces) StdoutLine: {'line': b'-- Up-to-date: /home/robotics/ros2_cobot/install/mycobot_interfaces/include/mycobot_interfaces/mycobot_interfaces\n'}
[0.987268] (mycobot_interfaces) StdoutLine: {'line': b'-- Up-to-date: /home/robotics/ros2_cobot/install/mycobot_interfaces/include/mycobot_interfaces/mycobot_interfaces/srv\n'}
[0.987317] (mycobot_interfaces) StdoutLine: {'line': b'-- Up-to-date: /home/robotics/ros2_cobot/install/mycobot_interfaces/include/mycobot_interfaces/mycobot_interfaces/srv/detail\n'}
[0.987385] (mycobot_interfaces) StdoutLine: {'line': b'-- Up-to-date: /home/robotics/ros2_cobot/install/mycobot_interfaces/include/mycobot_interfaces/mycobot_interfaces/srv/detail/get_angles__rosidl_typesupport_fastrtps_c.h\n'}
[0.987432] (mecharm_interfaces) StdoutLine: {'line': b'-- Up-to-date: /home/robotics/ros2_cobot/install/mecharm_interfaces/include/mecharm_interfaces/mecharm_interfaces\n'}
[0.987485] (mycobot_interfaces) StdoutLine: {'line': b'-- Up-to-date: /home/robotics/ros2_cobot/install/mycobot_interfaces/include/mycobot_interfaces/mycobot_interfaces/srv/detail/set_coords__rosidl_typesupport_fastrtps_c.h\n'}
[0.987555] (mycobot_interfaces) StdoutLine: {'line': b'-- Up-to-date: /home/robotics/ros2_cobot/install/mycobot_interfaces/include/mycobot_interfaces/mycobot_interfaces/srv/detail/get_coords__rosidl_typesupport_fastrtps_c.h\n'}
[0.987601] (mycobot_interfaces) StdoutLine: {'line': b'-- Up-to-date: /home/robotics/ros2_cobot/install/mycobot_interfaces/include/mycobot_interfaces/mycobot_interfaces/srv/detail/set_angles__rosidl_typesupport_fastrtps_c.h\n'}
[0.987643] (mycobot_interfaces) StdoutLine: {'line': b'-- Up-to-date: /home/robotics/ros2_cobot/install/mycobot_interfaces/include/mycobot_interfaces/mycobot_interfaces/srv/detail/pump_status__rosidl_typesupport_fastrtps_c.h\n'}
[0.987694] (mycobot_interfaces) StdoutLine: {'line': b'-- Up-to-date: /home/robotics/ros2_cobot/install/mycobot_interfaces/include/mycobot_interfaces/mycobot_interfaces/srv/detail/gripper_status__rosidl_typesupport_fastrtps_c.h\n'}
[0.987737] (mycobot_interfaces) StdoutLine: {'line': b'-- Up-to-date: /home/robotics/ros2_cobot/install/mycobot_interfaces/include/mycobot_interfaces/mycobot_interfaces/msg\n'}
[0.987781] (mycobot_interfaces) StdoutLine: {'line': b'-- Up-to-date: /home/robotics/ros2_cobot/install/mycobot_interfaces/include/mycobot_interfaces/mycobot_interfaces/msg/detail\n'}
[0.987825] (mycobot_interfaces) StdoutLine: {'line': b'-- Up-to-date: /home/robotics/ros2_cobot/install/mycobot_interfaces/include/mycobot_interfaces/mycobot_interfaces/msg/detail/mycobot_gripper_status__rosidl_typesupport_fastrtps_c.h\n'}
[0.987872] (mycobot_interfaces) StdoutLine: {'line': b'-- Up-to-date: /home/robotics/ros2_cobot/install/mycobot_interfaces/include/mycobot_interfaces/mycobot_interfaces/msg/detail/mycobot_pump_status__rosidl_typesupport_fastrtps_c.h\n'}
[0.987916] (mycobot_interfaces) StdoutLine: {'line': b'-- Up-to-date: /home/robotics/ros2_cobot/install/mycobot_interfaces/include/mycobot_interfaces/mycobot_interfaces/msg/detail/mycobot_set_coords__rosidl_typesupport_fastrtps_c.h\n'}
[0.987958] (mycobot_interfaces) StdoutLine: {'line': b'-- Up-to-date: /home/robotics/ros2_cobot/install/mycobot_interfaces/include/mycobot_interfaces/mycobot_interfaces/msg/detail/mycobot_angles__rosidl_typesupport_fastrtps_c.h\n'}
[0.988006] (mycobot_interfaces) StdoutLine: {'line': b'-- Up-to-date: /home/robotics/ros2_cobot/install/mycobot_interfaces/include/mycobot_interfaces/mycobot_interfaces/msg/detail/mycobot_set_angles__rosidl_typesupport_fastrtps_c.h\n'}
[0.988053] (mycobot_interfaces) StdoutLine: {'line': b'-- Up-to-date: /home/robotics/ros2_cobot/install/mycobot_interfaces/include/mycobot_interfaces/mycobot_interfaces/msg/detail/mycobot_coords__rosidl_typesupport_fastrtps_c.h\n'}
[0.988099] (mycobot_interfaces) StdoutLine: {'line': b'-- Up-to-date: /home/robotics/ros2_cobot/install/mycobot_interfaces/include/mycobot_interfaces/mycobot_interfaces/msg/rosidl_typesupport_fastrtps_c__visibility_control.h\n'}
[0.988145] (mycobot_interfaces) StdoutLine: {'line': b'-- Up-to-date: /home/robotics/ros2_cobot/install/mycobot_interfaces/lib/libmycobot_interfaces__rosidl_typesupport_fastrtps_c.so\n'}
[0.988191] (mycobot_interfaces) StdoutLine: {'line': b'-- Up-to-date: /home/robotics/ros2_cobot/install/mycobot_interfaces/include/mycobot_interfaces/mycobot_interfaces\n'}
[0.988234] (mecharm_interfaces) StdoutLine: {'line': b'-- Up-to-date: /home/robotics/ros2_cobot/install/mecharm_interfaces/include/mecharm_interfaces/mecharm_interfaces/srv\n'}
[0.988282] (mecharm_interfaces) StdoutLine: {'line': b'-- Up-to-date: /home/robotics/ros2_cobot/install/mecharm_interfaces/include/mecharm_interfaces/mecharm_interfaces/srv/get_angles.hpp\n'}
[0.988340] (mecharm_interfaces) StdoutLine: {'line': b'-- Up-to-date: /home/robotics/ros2_cobot/install/mecharm_interfaces/include/mecharm_interfaces/mecharm_interfaces/srv/set_coords.hpp\n'}
[0.988402] (mecharm_interfaces) StdoutLine: {'line': b'-- Up-to-date: /home/robotics/ros2_cobot/install/mecharm_interfaces/include/mecharm_interfaces/mecharm_interfaces/srv/set_angles.hpp\n'}
[0.988461] (mecharm_interfaces) StdoutLine: {'line': b'-- Up-to-date: /home/robotics/ros2_cobot/install/mecharm_interfaces/include/mecharm_interfaces/mecharm_interfaces/srv/detail\n'}
[0.988502] (mecharm_interfaces) StdoutLine: {'line': b'-- Up-to-date: /home/robotics/ros2_cobot/install/mecharm_interfaces/include/mecharm_interfaces/mecharm_interfaces/srv/detail/get_angles__traits.hpp\n'}
[0.988565] (mecharm_interfaces) StdoutLine: {'line': b'-- Up-to-date: /home/robotics/ros2_cobot/install/mecharm_interfaces/include/mecharm_interfaces/mecharm_interfaces/srv/detail/get_coords__struct.hpp\n'}
[0.988609] (mecharm_interfaces) StdoutLine: {'line': b'-- Up-to-date: /home/robotics/ros2_cobot/install/mecharm_interfaces/include/mecharm_interfaces/mecharm_interfaces/srv/detail/set_angles__type_support.hpp\n'}
[0.988654] (mecharm_interfaces) StdoutLine: {'line': b'-- Up-to-date: /home/robotics/ros2_cobot/install/mecharm_interfaces/include/mecharm_interfaces/mecharm_interfaces/srv/detail/set_coords__type_support.hpp\n'}
[0.988696] (mecharm_interfaces) StdoutLine: {'line': b'-- Up-to-date: /home/robotics/ros2_cobot/install/mecharm_interfaces/include/mecharm_interfaces/mecharm_interfaces/srv/detail/set_angles__traits.hpp\n'}
[0.988739] (mecharm_interfaces) StdoutLine: {'line': b'-- Up-to-date: /home/robotics/ros2_cobot/install/mecharm_interfaces/include/mecharm_interfaces/mecharm_interfaces/srv/detail/get_angles__struct.hpp\n'}
[0.988785] (mecharm_interfaces) StdoutLine: {'line': b'-- Up-to-date: /home/robotics/ros2_cobot/install/mecharm_interfaces/include/mecharm_interfaces/mecharm_interfaces/srv/detail/get_angles__type_support.hpp\n'}
[0.988828] (mecharm_interfaces) StdoutLine: {'line': b'-- Up-to-date: /home/robotics/ros2_cobot/install/mecharm_interfaces/include/mecharm_interfaces/mecharm_interfaces/srv/detail/gripper_status__struct.hpp\n'}
[0.988873] (mecharm_interfaces) StdoutLine: {'line': b'-- Up-to-date: /home/robotics/ros2_cobot/install/mecharm_interfaces/include/mecharm_interfaces/mecharm_interfaces/srv/detail/gripper_status__type_support.hpp\n'}
[0.988918] (mecharm_interfaces) StdoutLine: {'line': b'-- Up-to-date: /home/robotics/ros2_cobot/install/mecharm_interfaces/include/mecharm_interfaces/mecharm_interfaces/srv/detail/get_coords__traits.hpp\n'}
[0.988961] (mecharm_interfaces) StdoutLine: {'line': b'-- Up-to-date: /home/robotics/ros2_cobot/install/mecharm_interfaces/include/mecharm_interfaces/mecharm_interfaces/srv/detail/gripper_status__builder.hpp\n'}
[0.989012] (mycobot_interfaces) StdoutLine: {'line': b'-- Up-to-date: /home/robotics/ros2_cobot/install/mycobot_interfaces/include/mycobot_interfaces/mycobot_interfaces/srv\n'}
[0.989100] (mycobot_interfaces) StdoutLine: {'line': b'-- Up-to-date: /home/robotics/ros2_cobot/install/mycobot_interfaces/include/mycobot_interfaces/mycobot_interfaces/srv/detail\n'}
[0.989151] (mycobot_interfaces) StdoutLine: {'line': b'-- Up-to-date: /home/robotics/ros2_cobot/install/mycobot_interfaces/include/mycobot_interfaces/mycobot_interfaces/srv/detail/gripper_status__type_support.c\n'}
[0.989194] (mycobot_interfaces) StdoutLine: {'line': b'-- Up-to-date: /home/robotics/ros2_cobot/install/mycobot_interfaces/include/mycobot_interfaces/mycobot_interfaces/srv/detail/gripper_status__rosidl_typesupport_introspection_c.h\n'}
[0.989239] (mecharm_interfaces) StdoutLine: {'line': b'-- Up-to-date: /home/robotics/ros2_cobot/install/mecharm_interfaces/include/mecharm_interfaces/mecharm_interfaces/srv/detail/pump_status__struct.hpp\n'}
[0.989291] (mecharm_interfaces) StdoutLine: {'line': b'-- Up-to-date: /home/robotics/ros2_cobot/install/mecharm_interfaces/include/mecharm_interfaces/mecharm_interfaces/srv/detail/set_coords__struct.hpp\n'}
[0.989358] (mecharm_interfaces) StdoutLine: {'line': b'-- Up-to-date: /home/robotics/ros2_cobot/install/mecharm_interfaces/include/mecharm_interfaces/mecharm_interfaces/srv/detail/pump_status__traits.hpp\n'}
[0.989428] (mecharm_interfaces) StdoutLine: {'line': b'-- Up-to-date: /home/robotics/ros2_cobot/install/mecharm_interfaces/include/mecharm_interfaces/mecharm_interfaces/srv/detail/pump_status__type_support.hpp\n'}
[0.989482] (mecharm_interfaces) StdoutLine: {'line': b'-- Up-to-date: /home/robotics/ros2_cobot/install/mecharm_interfaces/include/mecharm_interfaces/mecharm_interfaces/srv/detail/get_coords__builder.hpp\n'}
[0.989526] (mecharm_interfaces) StdoutLine: {'line': b'-- Up-to-date: /home/robotics/ros2_cobot/install/mecharm_interfaces/include/mecharm_interfaces/mecharm_interfaces/srv/detail/set_coords__traits.hpp\n'}
[0.989572] (mecharm_interfaces) StdoutLine: {'line': b'-- Up-to-date: /home/robotics/ros2_cobot/install/mecharm_interfaces/include/mecharm_interfaces/mecharm_interfaces/srv/detail/set_angles__builder.hpp\n'}
[0.989619] (mecharm_interfaces) StdoutLine: {'line': b'-- Up-to-date: /home/robotics/ros2_cobot/install/mecharm_interfaces/include/mecharm_interfaces/mecharm_interfaces/srv/detail/set_angles__struct.hpp\n'}
[0.989668] (mecharm_interfaces) StdoutLine: {'line': b'-- Up-to-date: /home/robotics/ros2_cobot/install/mecharm_interfaces/include/mecharm_interfaces/mecharm_interfaces/srv/detail/set_coords__builder.hpp\n'}
[0.989737] (mecharm_interfaces) StdoutLine: {'line': b'-- Up-to-date: /home/robotics/ros2_cobot/install/mecharm_interfaces/include/mecharm_interfaces/mecharm_interfaces/srv/detail/pump_status__builder.hpp\n'}
[0.989788] (mecharm_interfaces) StdoutLine: {'line': b'-- Up-to-date: /home/robotics/ros2_cobot/install/mecharm_interfaces/include/mecharm_interfaces/mecharm_interfaces/srv/detail/gripper_status__traits.hpp\n'}
[0.989837] (mecharm_interfaces) StdoutLine: {'line': b'-- Up-to-date: /home/robotics/ros2_cobot/install/mecharm_interfaces/include/mecharm_interfaces/mecharm_interfaces/srv/detail/get_coords__type_support.hpp\n'}
[0.989886] (mecharm_interfaces) StdoutLine: {'line': b'-- Up-to-date: /home/robotics/ros2_cobot/install/mecharm_interfaces/include/mecharm_interfaces/mecharm_interfaces/srv/detail/get_angles__builder.hpp\n'}
[0.989938] (mecharm_interfaces) StdoutLine: {'line': b'-- Up-to-date: /home/robotics/ros2_cobot/install/mecharm_interfaces/include/mecharm_interfaces/mecharm_interfaces/srv/pump_status.hpp\n'}
[0.989988] (mecharm_interfaces) StdoutLine: {'line': b'-- Up-to-date: /home/robotics/ros2_cobot/install/mecharm_interfaces/include/mecharm_interfaces/mecharm_interfaces/srv/gripper_status.hpp\n'}
[0.990037] (mycobot_interfaces) StdoutLine: {'line': b'-- Up-to-date: /home/robotics/ros2_cobot/install/mycobot_interfaces/include/mycobot_interfaces/mycobot_interfaces/srv/detail/set_coords__rosidl_typesupport_introspection_c.h\n'}
[0.990104] (mecharm_interfaces) StdoutLine: {'line': b'-- Up-to-date: /home/robotics/ros2_cobot/install/mecharm_interfaces/include/mecharm_interfaces/mecharm_interfaces/srv/get_coords.hpp\n'}
[0.990153] (mecharm_interfaces) StdoutLine: {'line': b'-- Up-to-date: /home/robotics/ros2_cobot/install/mecharm_interfaces/include/mecharm_interfaces/mecharm_interfaces/msg\n'}
[0.990211] (mecharm_interfaces) StdoutLine: {'line': b'-- Up-to-date: /home/robotics/ros2_cobot/install/mecharm_interfaces/include/mecharm_interfaces/mecharm_interfaces/msg/rosidl_generator_cpp__visibility_control.hpp\n'}
[0.990293] (mecharm_interfaces) StdoutLine: {'line': b'-- Up-to-date: /home/robotics/ros2_cobot/install/mecharm_interfaces/include/mecharm_interfaces/mecharm_interfaces/msg/detail\n'}
[0.990367] (mecharm_interfaces) StdoutLine: {'line': b'-- Up-to-date: /home/robotics/ros2_cobot/install/mecharm_interfaces/include/mecharm_interfaces/mecharm_interfaces/msg/detail/mecharm_angles__struct.hpp\n'}
[0.990420] (mecharm_interfaces) StdoutLine: {'line': b'-- Up-to-date: /home/robotics/ros2_cobot/install/mecharm_interfaces/include/mecharm_interfaces/mecharm_interfaces/msg/detail/mecharm_angles__builder.hpp\n'}
[0.990467] (mecharm_interfaces) StdoutLine: {'line': b'-- Up-to-date: /home/robotics/ros2_cobot/install/mecharm_interfaces/include/mecharm_interfaces/mecharm_interfaces/msg/detail/mecharm_gripper_status__traits.hpp\n'}
[0.990513] (mecharm_interfaces) StdoutLine: {'line': b'-- Up-to-date: /home/robotics/ros2_cobot/install/mecharm_interfaces/include/mecharm_interfaces/mecharm_interfaces/msg/detail/mecharm_pump_status__traits.hpp\n'}
[0.990570] (mecharm_interfaces) StdoutLine: {'line': b'-- Up-to-date: /home/robotics/ros2_cobot/install/mecharm_interfaces/include/mecharm_interfaces/mecharm_interfaces/msg/detail/mecharm_set_coords__type_support.hpp\n'}
[0.990617] (mecharm_interfaces) StdoutLine: {'line': b'-- Up-to-date: /home/robotics/ros2_cobot/install/mecharm_interfaces/include/mecharm_interfaces/mecharm_interfaces/msg/detail/mecharm_pump_status__builder.hpp\n'}
[0.990660] (mecharm_interfaces) StdoutLine: {'line': b'-- Up-to-date: /home/robotics/ros2_cobot/install/mecharm_interfaces/include/mecharm_interfaces/mecharm_interfaces/msg/detail/mecharm_gripper_status__type_support.hpp\n'}
[0.990703] (mecharm_interfaces) StdoutLine: {'line': b'-- Up-to-date: /home/robotics/ros2_cobot/install/mecharm_interfaces/include/mecharm_interfaces/mecharm_interfaces/msg/detail/mecharm_set_angles__builder.hpp\n'}
[0.990749] (mecharm_interfaces) StdoutLine: {'line': b'-- Up-to-date: /home/robotics/ros2_cobot/install/mecharm_interfaces/include/mecharm_interfaces/mecharm_interfaces/msg/detail/mecharm_gripper_status__builder.hpp\n'}
[0.990795] (mecharm_interfaces) StdoutLine: {'line': b'-- Up-to-date: /home/robotics/ros2_cobot/install/mecharm_interfaces/include/mecharm_interfaces/mecharm_interfaces/msg/detail/mecharm_set_angles__traits.hpp\n'}
[0.990872] (mecharm_interfaces) StdoutLine: {'line': b'-- Up-to-date: /home/robotics/ros2_cobot/install/mecharm_interfaces/include/mecharm_interfaces/mecharm_interfaces/msg/detail/mecharm_pump_status__struct.hpp\n'}
[0.990926] (mecharm_interfaces) StdoutLine: {'line': b'-- Up-to-date: /home/robotics/ros2_cobot/install/mecharm_interfaces/include/mecharm_interfaces/mecharm_interfaces/msg/detail/mecharm_set_coords__builder.hpp\n'}
[0.990977] (mecharm_interfaces) StdoutLine: {'line': b'-- Up-to-date: /home/robotics/ros2_cobot/install/mecharm_interfaces/include/mecharm_interfaces/mecharm_interfaces/msg/detail/mecharm_set_coords__traits.hpp\n'}
[0.991029] (mecharm_interfaces) StdoutLine: {'line': b'-- Up-to-date: /home/robotics/ros2_cobot/install/mecharm_interfaces/include/mecharm_interfaces/mecharm_interfaces/msg/detail/mecharm_coords__struct.hpp\n'}
[0.991077] (mecharm_interfaces) StdoutLine: {'line': b'-- Up-to-date: /home/robotics/ros2_cobot/install/mecharm_interfaces/include/mecharm_interfaces/mecharm_interfaces/msg/detail/mecharm_coords__type_support.hpp\n'}
[0.991130] (mecharm_interfaces) StdoutLine: {'line': b'-- Up-to-date: /home/robotics/ros2_cobot/install/mecharm_interfaces/include/mecharm_interfaces/mecharm_interfaces/msg/detail/mecharm_set_coords__struct.hpp\n'}
[0.991193] (mycobot_interfaces) StdoutLine: {'line': b'-- Up-to-date: /home/robotics/ros2_cobot/install/mycobot_interfaces/include/mycobot_interfaces/mycobot_interfaces/srv/detail/get_angles__rosidl_typesupport_introspection_c.h\n'}
[0.991316] (mycobot_interfaces) StdoutLine: {'line': b'-- Up-to-date: /home/robotics/ros2_cobot/install/mycobot_interfaces/include/mycobot_interfaces/mycobot_interfaces/srv/detail/get_coords__rosidl_typesupport_introspection_c.h\n'}
[0.991455] (mycobot_interfaces) StdoutLine: {'line': b'-- Up-to-date: /home/robotics/ros2_cobot/install/mycobot_interfaces/include/mycobot_interfaces/mycobot_interfaces/srv/detail/set_angles__rosidl_typesupport_introspection_c.h\n'}
[0.991519] (mycobot_interfaces) StdoutLine: {'line': b'-- Up-to-date: /home/robotics/ros2_cobot/install/mycobot_interfaces/include/mycobot_interfaces/mycobot_interfaces/srv/detail/get_angles__type_support.c\n'}
[0.991603] (mycobot_interfaces) StdoutLine: {'line': b'-- Up-to-date: /home/robotics/ros2_cobot/install/mycobot_interfaces/include/mycobot_interfaces/mycobot_interfaces/srv/detail/pump_status__rosidl_typesupport_introspection_c.h\n'}
[0.991667] (mycobot_interfaces) StdoutLine: {'line': b'-- Up-to-date: /home/robotics/ros2_cobot/install/mycobot_interfaces/include/mycobot_interfaces/mycobot_interfaces/srv/detail/get_coords__type_support.c\n'}
[0.991795] (mycobot_interfaces) StdoutLine: {'line': b'-- Up-to-date: /home/robotics/ros2_cobot/install/mycobot_interfaces/include/mycobot_interfaces/mycobot_interfaces/srv/detail/set_angles__type_support.c\n'}
[0.991851] (mycobot_interfaces) StdoutLine: {'line': b'-- Up-to-date: /home/robotics/ros2_cobot/install/mycobot_interfaces/include/mycobot_interfaces/mycobot_interfaces/srv/detail/set_coords__type_support.c\n'}
[0.991900] (mycobot_interfaces) StdoutLine: {'line': b'-- Up-to-date: /home/robotics/ros2_cobot/install/mycobot_interfaces/include/mycobot_interfaces/mycobot_interfaces/srv/detail/pump_status__type_support.c\n'}
[0.991962] (mycobot_interfaces) StdoutLine: {'line': b'-- Up-to-date: /home/robotics/ros2_cobot/install/mycobot_interfaces/include/mycobot_interfaces/mycobot_interfaces/msg\n'}
[0.992009] (mycobot_interfaces) StdoutLine: {'line': b'-- Up-to-date: /home/robotics/ros2_cobot/install/mycobot_interfaces/include/mycobot_interfaces/mycobot_interfaces/msg/detail\n'}
[0.992056] (mycobot_interfaces) StdoutLine: {'line': b'-- Up-to-date: /home/robotics/ros2_cobot/install/mycobot_interfaces/include/mycobot_interfaces/mycobot_interfaces/msg/detail/mycobot_coords__type_support.c\n'}
[0.992126] (mycobot_interfaces) StdoutLine: {'line': b'-- Up-to-date: /home/robotics/ros2_cobot/install/mycobot_interfaces/include/mycobot_interfaces/mycobot_interfaces/msg/detail/mycobot_gripper_status__type_support.c\n'}
[0.992199] (mycobot_interfaces) StdoutLine: {'line': b'-- Up-to-date: /home/robotics/ros2_cobot/install/mycobot_interfaces/include/mycobot_interfaces/mycobot_interfaces/msg/detail/mycobot_set_coords__type_support.c\n'}
[0.992248] (mycobot_interfaces) StdoutLine: {'line': b'-- Up-to-date: /home/robotics/ros2_cobot/install/mycobot_interfaces/include/mycobot_interfaces/mycobot_interfaces/msg/detail/mycobot_set_coords__rosidl_typesupport_introspection_c.h\n'}
[0.992292] (mycobot_interfaces) StdoutLine: {'line': b'-- Up-to-date: /home/robotics/ros2_cobot/install/mycobot_interfaces/include/mycobot_interfaces/mycobot_interfaces/msg/detail/mycobot_angles__type_support.c\n'}
[0.992385] (mycobot_interfaces) StdoutLine: {'line': b'-- Up-to-date: /home/robotics/ros2_cobot/install/mycobot_interfaces/include/mycobot_interfaces/mycobot_interfaces/msg/detail/mycobot_gripper_status__rosidl_typesupport_introspection_c.h\n'}
[0.992474] (mycobot_interfaces) StdoutLine: {'line': b'-- Up-to-date: /home/robotics/ros2_cobot/install/mycobot_interfaces/include/mycobot_interfaces/mycobot_interfaces/msg/detail/mycobot_pump_status__rosidl_typesupport_introspection_c.h\n'}
[0.992527] (mycobot_interfaces) StdoutLine: {'line': b'-- Up-to-date: /home/robotics/ros2_cobot/install/mycobot_interfaces/include/mycobot_interfaces/mycobot_interfaces/msg/detail/mycobot_set_angles__rosidl_typesupport_introspection_c.h\n'}
[0.992582] (mecharm_interfaces) StdoutLine: {'line': b'-- Up-to-date: /home/robotics/ros2_cobot/install/mecharm_interfaces/include/mecharm_interfaces/mecharm_interfaces/msg/detail/mecharm_coords__builder.hpp\n'}
[0.992685] (mecharm_interfaces) StdoutLine: {'line': b'-- Up-to-date: /home/robotics/ros2_cobot/install/mecharm_interfaces/include/mecharm_interfaces/mecharm_interfaces/msg/detail/mecharm_angles__type_support.hpp\n'}
[0.992756] (mecharm_interfaces) StdoutLine: {'line': b'-- Up-to-date: /home/robotics/ros2_cobot/install/mecharm_interfaces/include/mecharm_interfaces/mecharm_interfaces/msg/detail/mecharm_pump_status__type_support.hpp\n'}
[0.992829] (mecharm_interfaces) StdoutLine: {'line': b'-- Up-to-date: /home/robotics/ros2_cobot/install/mecharm_interfaces/include/mecharm_interfaces/mecharm_interfaces/msg/detail/mecharm_angles__traits.hpp\n'}
[0.992902] (mycobot_interfaces) StdoutLine: {'line': b'-- Up-to-date: /home/robotics/ros2_cobot/install/mycobot_interfaces/include/mycobot_interfaces/mycobot_interfaces/msg/detail/mycobot_set_angles__type_support.c\n'}
[0.993020] (mycobot_interfaces) StdoutLine: {'line': b'-- Up-to-date: /home/robotics/ros2_cobot/install/mycobot_interfaces/include/mycobot_interfaces/mycobot_interfaces/msg/detail/mycobot_angles__rosidl_typesupport_introspection_c.h\n'}
[0.993117] (mycobot_interfaces) StdoutLine: {'line': b'-- Up-to-date: /home/robotics/ros2_cobot/install/mycobot_interfaces/include/mycobot_interfaces/mycobot_interfaces/msg/detail/mycobot_coords__rosidl_typesupport_introspection_c.h\n'}
[0.993186] (mycobot_interfaces) StdoutLine: {'line': b'-- Up-to-date: /home/robotics/ros2_cobot/install/mycobot_interfaces/include/mycobot_interfaces/mycobot_interfaces/msg/detail/mycobot_pump_status__type_support.c\n'}
[0.993242] (mycobot_interfaces) StdoutLine: {'line': b'-- Up-to-date: /home/robotics/ros2_cobot/install/mycobot_interfaces/include/mycobot_interfaces/mycobot_interfaces/msg/rosidl_typesupport_introspection_c__visibility_control.h\n'}
[0.993297] (mecharm_interfaces) StdoutLine: {'line': b'-- Up-to-date: /home/robotics/ros2_cobot/install/mecharm_interfaces/include/mecharm_interfaces/mecharm_interfaces/msg/detail/mecharm_set_angles__struct.hpp\n'}
[0.993375] (mecharm_interfaces) StdoutLine: {'line': b'-- Up-to-date: /home/robotics/ros2_cobot/install/mecharm_interfaces/include/mecharm_interfaces/mecharm_interfaces/msg/detail/mecharm_set_angles__type_support.hpp\n'}
[0.993434] (mecharm_interfaces) StdoutLine: {'line': b'-- Up-to-date: /home/robotics/ros2_cobot/install/mecharm_interfaces/include/mecharm_interfaces/mecharm_interfaces/msg/detail/mecharm_coords__traits.hpp\n'}
[0.993500] (mecharm_interfaces) StdoutLine: {'line': b'-- Up-to-date: /home/robotics/ros2_cobot/install/mecharm_interfaces/include/mecharm_interfaces/mecharm_interfaces/msg/detail/mecharm_gripper_status__struct.hpp\n'}
[0.993561] (mecharm_interfaces) StdoutLine: {'line': b'-- Up-to-date: /home/robotics/ros2_cobot/install/mecharm_interfaces/include/mecharm_interfaces/mecharm_interfaces/msg/mecharm_coords.hpp\n'}
[0.993665] (mecharm_interfaces) StdoutLine: {'line': b'-- Up-to-date: /home/robotics/ros2_cobot/install/mecharm_interfaces/include/mecharm_interfaces/mecharm_interfaces/msg/mecharm_gripper_status.hpp\n'}
[0.993731] (mecharm_interfaces) StdoutLine: {'line': b'-- Up-to-date: /home/robotics/ros2_cobot/install/mecharm_interfaces/include/mecharm_interfaces/mecharm_interfaces/msg/mecharm_pump_status.hpp\n'}
[0.993790] (mecharm_interfaces) StdoutLine: {'line': b'-- Up-to-date: /home/robotics/ros2_cobot/install/mecharm_interfaces/include/mecharm_interfaces/mecharm_interfaces/msg/mecharm_set_coords.hpp\n'}
[0.993844] (mecharm_interfaces) StdoutLine: {'line': b'-- Up-to-date: /home/robotics/ros2_cobot/install/mecharm_interfaces/include/mecharm_interfaces/mecharm_interfaces/msg/mecharm_angles.hpp\n'}
[0.993894] (mecharm_interfaces) StdoutLine: {'line': b'-- Up-to-date: /home/robotics/ros2_cobot/install/mecharm_interfaces/include/mecharm_interfaces/mecharm_interfaces/msg/mecharm_set_angles.hpp\n'}
[0.993955] (mycobot_interfaces) StdoutLine: {'line': b'-- Up-to-date: /home/robotics/ros2_cobot/install/mycobot_interfaces/lib/libmycobot_interfaces__rosidl_typesupport_introspection_c.so\n'}
[0.994057] (mecharm_interfaces) StdoutLine: {'line': b'-- Up-to-date: /home/robotics/ros2_cobot/install/mecharm_interfaces/include/mecharm_interfaces/mecharm_interfaces\n'}
[0.994118] (mecharm_interfaces) StdoutLine: {'line': b'-- Up-to-date: /home/robotics/ros2_cobot/install/mecharm_interfaces/include/mecharm_interfaces/mecharm_interfaces/srv\n'}
[0.994176] (mecharm_interfaces) StdoutLine: {'line': b'-- Up-to-date: /home/robotics/ros2_cobot/install/mecharm_interfaces/include/mecharm_interfaces/mecharm_interfaces/srv/detail\n'}
[0.994260] (mecharm_interfaces) StdoutLine: {'line': b'-- Up-to-date: /home/robotics/ros2_cobot/install/mecharm_interfaces/include/mecharm_interfaces/mecharm_interfaces/srv/detail/dds_fastrtps\n'}
[0.994355] (mecharm_interfaces) StdoutLine: {'line': b'-- Up-to-date: /home/robotics/ros2_cobot/install/mecharm_interfaces/include/mecharm_interfaces/mecharm_interfaces/srv/detail/pump_status__rosidl_typesupport_fastrtps_cpp.hpp\n'}
[0.994419] (mecharm_interfaces) StdoutLine: {'line': b'-- Up-to-date: /home/robotics/ros2_cobot/install/mecharm_interfaces/include/mecharm_interfaces/mecharm_interfaces/srv/detail/gripper_status__rosidl_typesupport_fastrtps_cpp.hpp\n'}
[0.994530] (mecharm_interfaces) StdoutLine: {'line': b'-- Up-to-date: /home/robotics/ros2_cobot/install/mecharm_interfaces/include/mecharm_interfaces/mecharm_interfaces/srv/detail/set_coords__rosidl_typesupport_fastrtps_cpp.hpp\n'}
[0.994625] (mecharm_interfaces) StdoutLine: {'line': b'-- Up-to-date: /home/robotics/ros2_cobot/install/mecharm_interfaces/include/mecharm_interfaces/mecharm_interfaces/srv/detail/get_coords__rosidl_typesupport_fastrtps_cpp.hpp\n'}
[0.994678] (mecharm_interfaces) StdoutLine: {'line': b'-- Up-to-date: /home/robotics/ros2_cobot/install/mecharm_interfaces/include/mecharm_interfaces/mecharm_interfaces/srv/detail/set_angles__rosidl_typesupport_fastrtps_cpp.hpp\n'}
[0.994728] (mecharm_interfaces) StdoutLine: {'line': b'-- Up-to-date: /home/robotics/ros2_cobot/install/mecharm_interfaces/include/mecharm_interfaces/mecharm_interfaces/srv/detail/get_angles__rosidl_typesupport_fastrtps_cpp.hpp\n'}
[0.994781] (mecharm_interfaces) StdoutLine: {'line': b'-- Up-to-date: /home/robotics/ros2_cobot/install/mecharm_interfaces/include/mecharm_interfaces/mecharm_interfaces/msg\n'}
[0.994834] (mecharm_interfaces) StdoutLine: {'line': b'-- Up-to-date: /home/robotics/ros2_cobot/install/mecharm_interfaces/include/mecharm_interfaces/mecharm_interfaces/msg/detail\n'}
[0.994884] (mecharm_interfaces) StdoutLine: {'line': b'-- Up-to-date: /home/robotics/ros2_cobot/install/mecharm_interfaces/include/mecharm_interfaces/mecharm_interfaces/msg/detail/dds_fastrtps\n'}
[0.994933] (mecharm_interfaces) StdoutLine: {'line': b'-- Up-to-date: /home/robotics/ros2_cobot/install/mecharm_interfaces/include/mecharm_interfaces/mecharm_interfaces/msg/detail/mecharm_pump_status__rosidl_typesupport_fastrtps_cpp.hpp\n'}
[0.994989] (mecharm_interfaces) StdoutLine: {'line': b'-- Up-to-date: /home/robotics/ros2_cobot/install/mecharm_interfaces/include/mecharm_interfaces/mecharm_interfaces/msg/detail/mecharm_angles__rosidl_typesupport_fastrtps_cpp.hpp\n'}
[0.995045] (mecharm_interfaces) StdoutLine: {'line': b'-- Up-to-date: /home/robotics/ros2_cobot/install/mecharm_interfaces/include/mecharm_interfaces/mecharm_interfaces/msg/detail/mecharm_set_coords__rosidl_typesupport_fastrtps_cpp.hpp\n'}
[0.995100] (mecharm_interfaces) StdoutLine: {'line': b'-- Up-to-date: /home/robotics/ros2_cobot/install/mecharm_interfaces/include/mecharm_interfaces/mecharm_interfaces/msg/detail/mecharm_set_angles__rosidl_typesupport_fastrtps_cpp.hpp\n'}
[0.995151] (mecharm_interfaces) StdoutLine: {'line': b'-- Up-to-date: /home/robotics/ros2_cobot/install/mecharm_interfaces/include/mecharm_interfaces/mecharm_interfaces/msg/detail/mecharm_coords__rosidl_typesupport_fastrtps_cpp.hpp\n'}
[0.995209] (mecharm_interfaces) StdoutLine: {'line': b'-- Up-to-date: /home/robotics/ros2_cobot/install/mecharm_interfaces/include/mecharm_interfaces/mecharm_interfaces/msg/detail/mecharm_gripper_status__rosidl_typesupport_fastrtps_cpp.hpp\n'}
[0.995260] (mecharm_interfaces) StdoutLine: {'line': b'-- Up-to-date: /home/robotics/ros2_cobot/install/mecharm_interfaces/include/mecharm_interfaces/mecharm_interfaces/msg/rosidl_typesupport_fastrtps_cpp__visibility_control.h\n'}
[0.995342] (mycobot_interfaces) StdoutLine: {'line': b'-- Up-to-date: /home/robotics/ros2_cobot/install/mycobot_interfaces/lib/libmycobot_interfaces__rosidl_typesupport_c.so\n'}
[0.995438] (mecharm_interfaces) StdoutLine: {'line': b'-- Up-to-date: /home/robotics/ros2_cobot/install/mecharm_interfaces/lib/libmecharm_interfaces__rosidl_typesupport_fastrtps_cpp.so\n'}
[0.995511] (mycobot_interfaces) StdoutLine: {'line': b'-- Up-to-date: /home/robotics/ros2_cobot/install/mycobot_interfaces/include/mycobot_interfaces/mycobot_interfaces\n'}
[0.995606] (mycobot_interfaces) StdoutLine: {'line': b'-- Up-to-date: /home/robotics/ros2_cobot/install/mycobot_interfaces/include/mycobot_interfaces/mycobot_interfaces/srv\n'}
[0.995655] (mycobot_interfaces) StdoutLine: {'line': b'-- Up-to-date: /home/robotics/ros2_cobot/install/mycobot_interfaces/include/mycobot_interfaces/mycobot_interfaces/srv/get_angles.hpp\n'}
[0.995759] (mycobot_interfaces) StdoutLine: {'line': b'-- Up-to-date: /home/robotics/ros2_cobot/install/mycobot_interfaces/include/mycobot_interfaces/mycobot_interfaces/srv/set_coords.hpp\n'}
[0.995817] (mycobot_interfaces) StdoutLine: {'line': b'-- Up-to-date: /home/robotics/ros2_cobot/install/mycobot_interfaces/include/mycobot_interfaces/mycobot_interfaces/srv/set_angles.hpp\n'}
[0.995868] (mycobot_interfaces) StdoutLine: {'line': b'-- Up-to-date: /home/robotics/ros2_cobot/install/mycobot_interfaces/include/mycobot_interfaces/mycobot_interfaces/srv/detail\n'}
[0.995928] (mycobot_interfaces) StdoutLine: {'line': b'-- Up-to-date: /home/robotics/ros2_cobot/install/mycobot_interfaces/include/mycobot_interfaces/mycobot_interfaces/srv/detail/get_angles__traits.hpp\n'}
[0.996172] (mycobot_interfaces) StdoutLine: {'line': b'-- Up-to-date: /home/robotics/ros2_cobot/install/mycobot_interfaces/include/mycobot_interfaces/mycobot_interfaces/srv/detail/get_coords__struct.hpp\n'}
[0.996229] (mecharm_interfaces) StdoutLine: {'line': b'-- Up-to-date: /home/robotics/ros2_cobot/install/mecharm_interfaces/include/mecharm_interfaces/mecharm_interfaces\n'}
[0.996296] (mecharm_interfaces) StdoutLine: {'line': b'-- Up-to-date: /home/robotics/ros2_cobot/install/mecharm_interfaces/include/mecharm_interfaces/mecharm_interfaces/srv\n'}
[0.996350] (mecharm_interfaces) StdoutLine: {'line': b'-- Up-to-date: /home/robotics/ros2_cobot/install/mecharm_interfaces/include/mecharm_interfaces/mecharm_interfaces/srv/detail\n'}
[0.996397] (mecharm_interfaces) StdoutLine: {'line': b'-- Up-to-date: /home/robotics/ros2_cobot/install/mecharm_interfaces/include/mecharm_interfaces/mecharm_interfaces/srv/detail/get_coords__rosidl_typesupport_introspection_cpp.hpp\n'}
[0.996440] (mecharm_interfaces) StdoutLine: {'line': b'-- Up-to-date: /home/robotics/ros2_cobot/install/mecharm_interfaces/include/mecharm_interfaces/mecharm_interfaces/srv/detail/get_coords__type_support.cpp\n'}
[0.996485] (mecharm_interfaces) StdoutLine: {'line': b'-- Up-to-date: /home/robotics/ros2_cobot/install/mecharm_interfaces/include/mecharm_interfaces/mecharm_interfaces/srv/detail/set_angles__rosidl_typesupport_introspection_cpp.hpp\n'}
[0.996532] (mecharm_interfaces) StdoutLine: {'line': b'-- Up-to-date: /home/robotics/ros2_cobot/install/mecharm_interfaces/include/mecharm_interfaces/mecharm_interfaces/srv/detail/pump_status__type_support.cpp\n'}
[0.996577] (mecharm_interfaces) StdoutLine: {'line': b'-- Up-to-date: /home/robotics/ros2_cobot/install/mecharm_interfaces/include/mecharm_interfaces/mecharm_interfaces/srv/detail/pump_status__rosidl_typesupport_introspection_cpp.hpp\n'}
[0.996620] (mecharm_interfaces) StdoutLine: {'line': b'-- Up-to-date: /home/robotics/ros2_cobot/install/mecharm_interfaces/include/mecharm_interfaces/mecharm_interfaces/srv/detail/gripper_status__rosidl_typesupport_introspection_cpp.hpp\n'}
[0.996682] (mecharm_interfaces) StdoutLine: {'line': b'-- Up-to-date: /home/robotics/ros2_cobot/install/mecharm_interfaces/include/mecharm_interfaces/mecharm_interfaces/srv/detail/get_angles__rosidl_typesupport_introspection_cpp.hpp\n'}
[0.996730] (mecharm_interfaces) StdoutLine: {'line': b'-- Up-to-date: /home/robotics/ros2_cobot/install/mecharm_interfaces/include/mecharm_interfaces/mecharm_interfaces/srv/detail/get_angles__type_support.cpp\n'}
[0.996776] (mecharm_interfaces) StdoutLine: {'line': b'-- Up-to-date: /home/robotics/ros2_cobot/install/mecharm_interfaces/include/mecharm_interfaces/mecharm_interfaces/srv/detail/set_angles__type_support.cpp\n'}
[0.996823] (mecharm_interfaces) StdoutLine: {'line': b'-- Up-to-date: /home/robotics/ros2_cobot/install/mecharm_interfaces/include/mecharm_interfaces/mecharm_interfaces/srv/detail/set_coords__rosidl_typesupport_introspection_cpp.hpp\n'}
[0.996867] (mecharm_interfaces) StdoutLine: {'line': b'-- Up-to-date: /home/robotics/ros2_cobot/install/mecharm_interfaces/include/mecharm_interfaces/mecharm_interfaces/srv/detail/gripper_status__type_support.cpp\n'}
[0.996910] (mecharm_interfaces) StdoutLine: {'line': b'-- Up-to-date: /home/robotics/ros2_cobot/install/mecharm_interfaces/include/mecharm_interfaces/mecharm_interfaces/srv/detail/set_coords__type_support.cpp\n'}
[0.996964] (mecharm_interfaces) StdoutLine: {'line': b'-- Up-to-date: /home/robotics/ros2_cobot/install/mecharm_interfaces/include/mecharm_interfaces/mecharm_interfaces/msg\n'}
[0.997012] (mecharm_interfaces) StdoutLine: {'line': b'-- Up-to-date: /home/robotics/ros2_cobot/install/mecharm_interfaces/include/mecharm_interfaces/mecharm_interfaces/msg/detail\n'}
[0.997059] (mycobot_interfaces) StdoutLine: {'line': b'-- Up-to-date: /home/robotics/ros2_cobot/install/mycobot_interfaces/include/mycobot_interfaces/mycobot_interfaces/srv/detail/set_angles__type_support.hpp\n'}
[0.997115] (mecharm_interfaces) StdoutLine: {'line': b'-- Up-to-date: /home/robotics/ros2_cobot/install/mecharm_interfaces/include/mecharm_interfaces/mecharm_interfaces/msg/detail/mecharm_set_coords__type_support.cpp\n'}
[0.997164] (mecharm_interfaces) StdoutLine: {'line': b'-- Up-to-date: /home/robotics/ros2_cobot/install/mecharm_interfaces/include/mecharm_interfaces/mecharm_interfaces/msg/detail/mecharm_angles__rosidl_typesupport_introspection_cpp.hpp\n'}
[0.997217] (mecharm_interfaces) StdoutLine: {'line': b'-- Up-to-date: /home/robotics/ros2_cobot/install/mecharm_interfaces/include/mecharm_interfaces/mecharm_interfaces/msg/detail/mecharm_gripper_status__type_support.cpp\n'}
[0.997262] (mycobot_interfaces) StdoutLine: {'line': b'-- Up-to-date: /home/robotics/ros2_cobot/install/mycobot_interfaces/include/mycobot_interfaces/mycobot_interfaces/srv/detail/set_coords__type_support.hpp\n'}
[0.997318] (mycobot_interfaces) StdoutLine: {'line': b'-- Up-to-date: /home/robotics/ros2_cobot/install/mycobot_interfaces/include/mycobot_interfaces/mycobot_interfaces/srv/detail/set_angles__traits.hpp\n'}
[0.997395] (mycobot_interfaces) StdoutLine: {'line': b'-- Up-to-date: /home/robotics/ros2_cobot/install/mycobot_interfaces/include/mycobot_interfaces/mycobot_interfaces/srv/detail/get_angles__struct.hpp\n'}
[0.997452] (mycobot_interfaces) StdoutLine: {'line': b'-- Up-to-date: /home/robotics/ros2_cobot/install/mycobot_interfaces/include/mycobot_interfaces/mycobot_interfaces/srv/detail/get_angles__type_support.hpp\n'}
[0.997515] (mycobot_interfaces) StdoutLine: {'line': b'-- Up-to-date: /home/robotics/ros2_cobot/install/mycobot_interfaces/include/mycobot_interfaces/mycobot_interfaces/srv/detail/gripper_status__struct.hpp\n'}
[0.997572] (mycobot_interfaces) StdoutLine: {'line': b'-- Up-to-date: /home/robotics/ros2_cobot/install/mycobot_interfaces/include/mycobot_interfaces/mycobot_interfaces/srv/detail/gripper_status__type_support.hpp\n'}
[0.997619] (mycobot_interfaces) StdoutLine: {'line': b'-- Up-to-date: /home/robotics/ros2_cobot/install/mycobot_interfaces/include/mycobot_interfaces/mycobot_interfaces/srv/detail/get_coords__traits.hpp\n'}
[0.997668] (mycobot_interfaces) StdoutLine: {'line': b'-- Up-to-date: /home/robotics/ros2_cobot/install/mycobot_interfaces/include/mycobot_interfaces/mycobot_interfaces/srv/detail/gripper_status__builder.hpp\n'}
[0.997714] (mycobot_interfaces) StdoutLine: {'line': b'-- Up-to-date: /home/robotics/ros2_cobot/install/mycobot_interfaces/include/mycobot_interfaces/mycobot_interfaces/srv/detail/pump_status__struct.hpp\n'}
[0.997758] (mycobot_interfaces) StdoutLine: {'line': b'-- Up-to-date: /home/robotics/ros2_cobot/install/mycobot_interfaces/include/mycobot_interfaces/mycobot_interfaces/srv/detail/set_coords__struct.hpp\n'}
[0.997800] (mycobot_interfaces) StdoutLine: {'line': b'-- Up-to-date: /home/robotics/ros2_cobot/install/mycobot_interfaces/include/mycobot_interfaces/mycobot_interfaces/srv/detail/pump_status__traits.hpp\n'}
[0.997861] (mycobot_interfaces) StdoutLine: {'line': b'-- Up-to-date: /home/robotics/ros2_cobot/install/mycobot_interfaces/include/mycobot_interfaces/mycobot_interfaces/srv/detail/pump_status__type_support.hpp\n'}
[0.997909] (mycobot_interfaces) StdoutLine: {'line': b'-- Up-to-date: /home/robotics/ros2_cobot/install/mycobot_interfaces/include/mycobot_interfaces/mycobot_interfaces/srv/detail/get_coords__builder.hpp\n'}
[0.997962] (mycobot_interfaces) StdoutLine: {'line': b'-- Up-to-date: /home/robotics/ros2_cobot/install/mycobot_interfaces/include/mycobot_interfaces/mycobot_interfaces/srv/detail/set_coords__traits.hpp\n'}
[0.998004] (mycobot_interfaces) StdoutLine: {'line': b'-- Up-to-date: /home/robotics/ros2_cobot/install/mycobot_interfaces/include/mycobot_interfaces/mycobot_interfaces/srv/detail/set_angles__builder.hpp\n'}
[0.998045] (mycobot_interfaces) StdoutLine: {'line': b'-- Up-to-date: /home/robotics/ros2_cobot/install/mycobot_interfaces/include/mycobot_interfaces/mycobot_interfaces/srv/detail/set_angles__struct.hpp\n'}
[0.998090] (mycobot_interfaces) StdoutLine: {'line': b'-- Up-to-date: /home/robotics/ros2_cobot/install/mycobot_interfaces/include/mycobot_interfaces/mycobot_interfaces/srv/detail/set_coords__builder.hpp\n'}
[0.998135] (mycobot_interfaces) StdoutLine: {'line': b'-- Up-to-date: /home/robotics/ros2_cobot/install/mycobot_interfaces/include/mycobot_interfaces/mycobot_interfaces/srv/detail/pump_status__builder.hpp\n'}
[0.998183] (mycobot_interfaces) StdoutLine: {'line': b'-- Up-to-date: /home/robotics/ros2_cobot/install/mycobot_interfaces/include/mycobot_interfaces/mycobot_interfaces/srv/detail/gripper_status__traits.hpp\n'}
[0.998236] (mycobot_interfaces) StdoutLine: {'line': b'-- Up-to-date: /home/robotics/ros2_cobot/install/mycobot_interfaces/include/mycobot_interfaces/mycobot_interfaces/srv/detail/get_coords__type_support.hpp\n'}
[0.998289] (mycobot_interfaces) StdoutLine: {'line': b'-- Up-to-date: /home/robotics/ros2_cobot/install/mycobot_interfaces/include/mycobot_interfaces/mycobot_interfaces/srv/detail/get_angles__builder.hpp\n'}
[0.998409] (mycobot_interfaces) StdoutLine: {'line': b'-- Up-to-date: /home/robotics/ros2_cobot/install/mycobot_interfaces/include/mycobot_interfaces/mycobot_interfaces/srv/pump_status.hpp\n'}
[0.998500] (mycobot_interfaces) StdoutLine: {'line': b'-- Up-to-date: /home/robotics/ros2_cobot/install/mycobot_interfaces/include/mycobot_interfaces/mycobot_interfaces/srv/gripper_status.hpp\n'}
[0.998570] (mycobot_interfaces) StdoutLine: {'line': b'-- Up-to-date: /home/robotics/ros2_cobot/install/mycobot_interfaces/include/mycobot_interfaces/mycobot_interfaces/srv/get_coords.hpp\n'}
[0.998625] (mycobot_interfaces) StdoutLine: {'line': b'-- Up-to-date: /home/robotics/ros2_cobot/install/mycobot_interfaces/include/mycobot_interfaces/mycobot_interfaces/msg\n'}
[0.998687] (mycobot_interfaces) StdoutLine: {'line': b'-- Up-to-date: /home/robotics/ros2_cobot/install/mycobot_interfaces/include/mycobot_interfaces/mycobot_interfaces/msg/mycobot_coords.hpp\n'}
[0.998819] (mycobot_interfaces) StdoutLine: {'line': b'-- Up-to-date: /home/robotics/ros2_cobot/install/mycobot_interfaces/include/mycobot_interfaces/mycobot_interfaces/msg/rosidl_generator_cpp__visibility_control.hpp\n'}
[0.998887] (mycobot_interfaces) StdoutLine: {'line': b'-- Up-to-date: /home/robotics/ros2_cobot/install/mycobot_interfaces/include/mycobot_interfaces/mycobot_interfaces/msg/detail\n'}
[0.998937] (mycobot_interfaces) StdoutLine: {'line': b'-- Up-to-date: /home/robotics/ros2_cobot/install/mycobot_interfaces/include/mycobot_interfaces/mycobot_interfaces/msg/detail/mycobot_gripper_status__builder.hpp\n'}
[0.998986] (mycobot_interfaces) StdoutLine: {'line': b'-- Up-to-date: /home/robotics/ros2_cobot/install/mycobot_interfaces/include/mycobot_interfaces/mycobot_interfaces/msg/detail/mycobot_coords__type_support.hpp\n'}
[0.999051] (mycobot_interfaces) StdoutLine: {'line': b'-- Up-to-date: /home/robotics/ros2_cobot/install/mycobot_interfaces/include/mycobot_interfaces/mycobot_interfaces/msg/detail/mycobot_gripper_status__struct.hpp\n'}
[0.999107] (mycobot_interfaces) StdoutLine: {'line': b'-- Up-to-date: /home/robotics/ros2_cobot/install/mycobot_interfaces/include/mycobot_interfaces/mycobot_interfaces/msg/detail/mycobot_set_angles__type_support.hpp\n'}
[0.999164] (mycobot_interfaces) StdoutLine: {'line': b'-- Up-to-date: /home/robotics/ros2_cobot/install/mycobot_interfaces/include/mycobot_interfaces/mycobot_interfaces/msg/detail/mycobot_coords__struct.hpp\n'}
[0.999251] (mecharm_interfaces) StdoutLine: {'line': b'-- Up-to-date: /home/robotics/ros2_cobot/install/mecharm_interfaces/include/mecharm_interfaces/mecharm_interfaces/msg/detail/mecharm_coords__rosidl_typesupport_introspection_cpp.hpp\n'}
[0.999340] (mycobot_interfaces) StdoutLine: {'line': b'-- Up-to-date: /home/robotics/ros2_cobot/install/mycobot_interfaces/include/mycobot_interfaces/mycobot_interfaces/msg/detail/mycobot_gripper_status__type_support.hpp\n'}
[0.999396] (mycobot_interfaces) StdoutLine: {'line': b'-- Up-to-date: /home/robotics/ros2_cobot/install/mycobot_interfaces/include/mycobot_interfaces/mycobot_interfaces/msg/detail/mycobot_pump_status__type_support.hpp\n'}
[0.999447] (mycobot_interfaces) StdoutLine: {'line': b'-- Up-to-date: /home/robotics/ros2_cobot/install/mycobot_interfaces/include/mycobot_interfaces/mycobot_interfaces/msg/detail/mycobot_angles__struct.hpp\n'}
[0.999492] (mycobot_interfaces) StdoutLine: {'line': b'-- Up-to-date: /home/robotics/ros2_cobot/install/mycobot_interfaces/include/mycobot_interfaces/mycobot_interfaces/msg/detail/mycobot_set_coords__struct.hpp\n'}
[0.999547] (mycobot_interfaces) StdoutLine: {'line': b'-- Up-to-date: /home/robotics/ros2_cobot/install/mycobot_interfaces/include/mycobot_interfaces/mycobot_interfaces/msg/detail/mycobot_set_coords__builder.hpp\n'}
[0.999589] (mecharm_interfaces) StdoutLine: {'line': b'-- Up-to-date: /home/robotics/ros2_cobot/install/mecharm_interfaces/include/mecharm_interfaces/mecharm_interfaces/msg/detail/mecharm_set_coords__rosidl_typesupport_introspection_cpp.hpp\n'}
[0.999640] (mecharm_interfaces) StdoutLine: {'line': b'-- Up-to-date: /home/robotics/ros2_cobot/install/mecharm_interfaces/include/mecharm_interfaces/mecharm_interfaces/msg/detail/mecharm_set_angles__type_support.cpp\n'}
[0.999695] (mecharm_interfaces) StdoutLine: {'line': b'-- Up-to-date: /home/robotics/ros2_cobot/install/mecharm_interfaces/include/mecharm_interfaces/mecharm_interfaces/msg/detail/mecharm_gripper_status__rosidl_typesupport_introspection_cpp.hpp\n'}
[0.999736] (mecharm_interfaces) StdoutLine: {'line': b'-- Up-to-date: /home/robotics/ros2_cobot/install/mecharm_interfaces/include/mecharm_interfaces/mecharm_interfaces/msg/detail/mecharm_coords__type_support.cpp\n'}
[0.999781] (mecharm_interfaces) StdoutLine: {'line': b'-- Up-to-date: /home/robotics/ros2_cobot/install/mecharm_interfaces/include/mecharm_interfaces/mecharm_interfaces/msg/detail/mecharm_pump_status__rosidl_typesupport_introspection_cpp.hpp\n'}
[0.999844] (mecharm_interfaces) StdoutLine: {'line': b'-- Up-to-date: /home/robotics/ros2_cobot/install/mecharm_interfaces/include/mecharm_interfaces/mecharm_interfaces/msg/detail/mecharm_pump_status__type_support.cpp\n'}
[0.999896] (mecharm_interfaces) StdoutLine: {'line': b'-- Up-to-date: /home/robotics/ros2_cobot/install/mecharm_interfaces/include/mecharm_interfaces/mecharm_interfaces/msg/detail/mecharm_set_angles__rosidl_typesupport_introspection_cpp.hpp\n'}
[0.999945] (mecharm_interfaces) StdoutLine: {'line': b'-- Up-to-date: /home/robotics/ros2_cobot/install/mecharm_interfaces/include/mecharm_interfaces/mecharm_interfaces/msg/detail/mecharm_angles__type_support.cpp\n'}
[0.999994] (mycobot_interfaces) StdoutLine: {'line': b'-- Up-to-date: /home/robotics/ros2_cobot/install/mycobot_interfaces/include/mycobot_interfaces/mycobot_interfaces/msg/detail/mycobot_gripper_status__traits.hpp\n'}
[1.000035] (mycobot_interfaces) StdoutLine: {'line': b'-- Up-to-date: /home/robotics/ros2_cobot/install/mycobot_interfaces/include/mycobot_interfaces/mycobot_interfaces/msg/detail/mycobot_set_coords__traits.hpp\n'}
[1.000077] (mycobot_interfaces) StdoutLine: {'line': b'-- Up-to-date: /home/robotics/ros2_cobot/install/mycobot_interfaces/include/mycobot_interfaces/mycobot_interfaces/msg/detail/mycobot_set_angles__builder.hpp\n'}
[1.000114] (mycobot_interfaces) StdoutLine: {'line': b'-- Up-to-date: /home/robotics/ros2_cobot/install/mycobot_interfaces/include/mycobot_interfaces/mycobot_interfaces/msg/detail/mycobot_coords__builder.hpp\n'}
[1.000162] (mycobot_interfaces) StdoutLine: {'line': b'-- Up-to-date: /home/robotics/ros2_cobot/install/mycobot_interfaces/include/mycobot_interfaces/mycobot_interfaces/msg/detail/mycobot_set_angles__struct.hpp\n'}
[1.000203] (mycobot_interfaces) StdoutLine: {'line': b'-- Up-to-date: /home/robotics/ros2_cobot/install/mycobot_interfaces/include/mycobot_interfaces/mycobot_interfaces/msg/detail/mycobot_angles__traits.hpp\n'}
[1.000236] (mycobot_interfaces) StdoutLine: {'line': b'-- Up-to-date: /home/robotics/ros2_cobot/install/mycobot_interfaces/include/mycobot_interfaces/mycobot_interfaces/msg/detail/mycobot_set_angles__traits.hpp\n'}
[1.000278] (mycobot_interfaces) StdoutLine: {'line': b'-- Up-to-date: /home/robotics/ros2_cobot/install/mycobot_interfaces/include/mycobot_interfaces/mycobot_interfaces/msg/detail/mycobot_set_coords__type_support.hpp\n'}
[1.000321] (mycobot_interfaces) StdoutLine: {'line': b'-- Up-to-date: /home/robotics/ros2_cobot/install/mycobot_interfaces/include/mycobot_interfaces/mycobot_interfaces/msg/detail/mycobot_pump_status__builder.hpp\n'}
[1.000390] (mycobot_interfaces) StdoutLine: {'line': b'-- Up-to-date: /home/robotics/ros2_cobot/install/mycobot_interfaces/include/mycobot_interfaces/mycobot_interfaces/msg/detail/mycobot_angles__type_support.hpp\n'}
[1.000431] (mycobot_interfaces) StdoutLine: {'line': b'-- Up-to-date: /home/robotics/ros2_cobot/install/mycobot_interfaces/include/mycobot_interfaces/mycobot_interfaces/msg/detail/mycobot_pump_status__struct.hpp\n'}
[1.000466] (mycobot_interfaces) StdoutLine: {'line': b'-- Up-to-date: /home/robotics/ros2_cobot/install/mycobot_interfaces/include/mycobot_interfaces/mycobot_interfaces/msg/detail/mycobot_coords__traits.hpp\n'}
[1.000512] (mycobot_interfaces) StdoutLine: {'line': b'-- Up-to-date: /home/robotics/ros2_cobot/install/mycobot_interfaces/include/mycobot_interfaces/mycobot_interfaces/msg/detail/mycobot_angles__builder.hpp\n'}
[1.000560] (mycobot_interfaces) StdoutLine: {'line': b'-- Up-to-date: /home/robotics/ros2_cobot/install/mycobot_interfaces/include/mycobot_interfaces/mycobot_interfaces/msg/detail/mycobot_pump_status__traits.hpp\n'}
[1.000630] (mycobot_interfaces) StdoutLine: {'line': b'-- Up-to-date: /home/robotics/ros2_cobot/install/mycobot_interfaces/include/mycobot_interfaces/mycobot_interfaces/msg/mycobot_pump_status.hpp\n'}
[1.000678] (mycobot_interfaces) StdoutLine: {'line': b'-- Up-to-date: /home/robotics/ros2_cobot/install/mycobot_interfaces/include/mycobot_interfaces/mycobot_interfaces/msg/mycobot_set_coords.hpp\n'}
[1.000723] (mycobot_interfaces) StdoutLine: {'line': b'-- Up-to-date: /home/robotics/ros2_cobot/install/mycobot_interfaces/include/mycobot_interfaces/mycobot_interfaces/msg/mycobot_set_angles.hpp\n'}
[1.000779] (mecharm_interfaces) StdoutLine: {'line': b'-- Up-to-date: /home/robotics/ros2_cobot/install/mecharm_interfaces/lib/libmecharm_interfaces__rosidl_typesupport_introspection_cpp.so\n'}
[1.000864] (mycobot_interfaces) StdoutLine: {'line': b'-- Up-to-date: /home/robotics/ros2_cobot/install/mycobot_interfaces/include/mycobot_interfaces/mycobot_interfaces/msg/mycobot_angles.hpp\n'}
[1.000918] (mycobot_interfaces) StdoutLine: {'line': b'-- Up-to-date: /home/robotics/ros2_cobot/install/mycobot_interfaces/include/mycobot_interfaces/mycobot_interfaces/msg/mycobot_gripper_status.hpp\n'}
[1.000970] (mycobot_interfaces) StdoutLine: {'line': b'-- Up-to-date: /home/robotics/ros2_cobot/install/mycobot_interfaces/include/mycobot_interfaces/mycobot_interfaces\n'}
[1.001022] (mycobot_interfaces) StdoutLine: {'line': b'-- Up-to-date: /home/robotics/ros2_cobot/install/mycobot_interfaces/include/mycobot_interfaces/mycobot_interfaces/srv\n'}
[1.001069] (mycobot_interfaces) StdoutLine: {'line': b'-- Up-to-date: /home/robotics/ros2_cobot/install/mycobot_interfaces/include/mycobot_interfaces/mycobot_interfaces/srv/detail\n'}
[1.001116] (mycobot_interfaces) StdoutLine: {'line': b'-- Up-to-date: /home/robotics/ros2_cobot/install/mycobot_interfaces/include/mycobot_interfaces/mycobot_interfaces/srv/detail/dds_fastrtps\n'}
[1.001175] (mycobot_interfaces) StdoutLine: {'line': b'-- Up-to-date: /home/robotics/ros2_cobot/install/mycobot_interfaces/include/mycobot_interfaces/mycobot_interfaces/srv/detail/pump_status__rosidl_typesupport_fastrtps_cpp.hpp\n'}
[1.001219] (mecharm_interfaces) StdoutLine: {'line': b'-- Up-to-date: /home/robotics/ros2_cobot/install/mecharm_interfaces/lib/libmecharm_interfaces__rosidl_typesupport_cpp.so\n'}
[1.001272] (mycobot_interfaces) StdoutLine: {'line': b'-- Up-to-date: /home/robotics/ros2_cobot/install/mycobot_interfaces/include/mycobot_interfaces/mycobot_interfaces/srv/detail/gripper_status__rosidl_typesupport_fastrtps_cpp.hpp\n'}
[1.001416] (mycobot_interfaces) StdoutLine: {'line': b'-- Up-to-date: /home/robotics/ros2_cobot/install/mycobot_interfaces/include/mycobot_interfaces/mycobot_interfaces/srv/detail/set_coords__rosidl_typesupport_fastrtps_cpp.hpp\n'}
[1.001499] (mycobot_interfaces) StdoutLine: {'line': b'-- Up-to-date: /home/robotics/ros2_cobot/install/mycobot_interfaces/include/mycobot_interfaces/mycobot_interfaces/srv/detail/get_coords__rosidl_typesupport_fastrtps_cpp.hpp\n'}
[1.001552] (mycobot_interfaces) StdoutLine: {'line': b'-- Up-to-date: /home/robotics/ros2_cobot/install/mycobot_interfaces/include/mycobot_interfaces/mycobot_interfaces/srv/detail/set_angles__rosidl_typesupport_fastrtps_cpp.hpp\n'}
[1.001601] (mycobot_interfaces) StdoutLine: {'line': b'-- Up-to-date: /home/robotics/ros2_cobot/install/mycobot_interfaces/include/mycobot_interfaces/mycobot_interfaces/srv/detail/get_angles__rosidl_typesupport_fastrtps_cpp.hpp\n'}
[1.001675] (mycobot_interfaces) StdoutLine: {'line': b'-- Up-to-date: /home/robotics/ros2_cobot/install/mycobot_interfaces/include/mycobot_interfaces/mycobot_interfaces/msg\n'}
[1.001724] (mycobot_interfaces) StdoutLine: {'line': b'-- Up-to-date: /home/robotics/ros2_cobot/install/mycobot_interfaces/include/mycobot_interfaces/mycobot_interfaces/msg/detail\n'}
[1.001802] (mycobot_interfaces) StdoutLine: {'line': b'-- Up-to-date: /home/robotics/ros2_cobot/install/mycobot_interfaces/include/mycobot_interfaces/mycobot_interfaces/msg/detail/dds_fastrtps\n'}
[1.001852] (mycobot_interfaces) StdoutLine: {'line': b'-- Up-to-date: /home/robotics/ros2_cobot/install/mycobot_interfaces/include/mycobot_interfaces/mycobot_interfaces/msg/detail/mycobot_gripper_status__rosidl_typesupport_fastrtps_cpp.hpp\n'}
[1.001901] (mycobot_interfaces) StdoutLine: {'line': b'-- Up-to-date: /home/robotics/ros2_cobot/install/mycobot_interfaces/include/mycobot_interfaces/mycobot_interfaces/msg/detail/mycobot_coords__rosidl_typesupport_fastrtps_cpp.hpp\n'}
[1.001946] (mycobot_interfaces) StdoutLine: {'line': b'-- Up-to-date: /home/robotics/ros2_cobot/install/mycobot_interfaces/include/mycobot_interfaces/mycobot_interfaces/msg/detail/mycobot_pump_status__rosidl_typesupport_fastrtps_cpp.hpp\n'}
[1.002009] (mycobot_interfaces) StdoutLine: {'line': b'-- Up-to-date: /home/robotics/ros2_cobot/install/mycobot_interfaces/include/mycobot_interfaces/mycobot_interfaces/msg/detail/mycobot_set_coords__rosidl_typesupport_fastrtps_cpp.hpp\n'}
[1.002054] (mycobot_interfaces) StdoutLine: {'line': b'-- Up-to-date: /home/robotics/ros2_cobot/install/mycobot_interfaces/include/mycobot_interfaces/mycobot_interfaces/msg/detail/mycobot_set_angles__rosidl_typesupport_fastrtps_cpp.hpp\n'}
[1.002100] (mycobot_interfaces) StdoutLine: {'line': b'-- Up-to-date: /home/robotics/ros2_cobot/install/mycobot_interfaces/include/mycobot_interfaces/mycobot_interfaces/msg/detail/mycobot_angles__rosidl_typesupport_fastrtps_cpp.hpp\n'}
[1.002147] (mycobot_interfaces) StdoutLine: {'line': b'-- Up-to-date: /home/robotics/ros2_cobot/install/mycobot_interfaces/include/mycobot_interfaces/mycobot_interfaces/msg/rosidl_typesupport_fastrtps_cpp__visibility_control.h\n'}
[1.002194] (mycobot_interfaces) StdoutLine: {'line': b'-- Up-to-date: /home/robotics/ros2_cobot/install/mycobot_interfaces/lib/libmycobot_interfaces__rosidl_typesupport_fastrtps_cpp.so\n'}
[1.002239] (mycobot_interfaces) StdoutLine: {'line': b'-- Up-to-date: /home/robotics/ros2_cobot/install/mycobot_interfaces/include/mycobot_interfaces/mycobot_interfaces\n'}
[1.002408] (mycobot_interfaces) StdoutLine: {'line': b'-- Up-to-date: /home/robotics/ros2_cobot/install/mycobot_interfaces/include/mycobot_interfaces/mycobot_interfaces/srv\n'}
[1.002508] (mycobot_interfaces) StdoutLine: {'line': b'-- Up-to-date: /home/robotics/ros2_cobot/install/mycobot_interfaces/include/mycobot_interfaces/mycobot_interfaces/srv/detail\n'}
[1.002555] (mycobot_interfaces) StdoutLine: {'line': b'-- Up-to-date: /home/robotics/ros2_cobot/install/mycobot_interfaces/include/mycobot_interfaces/mycobot_interfaces/srv/detail/get_coords__rosidl_typesupport_introspection_cpp.hpp\n'}
[1.002601] (mycobot_interfaces) StdoutLine: {'line': b'-- Up-to-date: /home/robotics/ros2_cobot/install/mycobot_interfaces/include/mycobot_interfaces/mycobot_interfaces/srv/detail/get_coords__type_support.cpp\n'}
[1.002690] (mycobot_interfaces) StdoutLine: {'line': b'-- Up-to-date: /home/robotics/ros2_cobot/install/mycobot_interfaces/include/mycobot_interfaces/mycobot_interfaces/srv/detail/set_angles__rosidl_typesupport_introspection_cpp.hpp\n'}
[1.002765] (mecharm_interfaces) StdoutLine: {'line': b'-- Up-to-date: /home/robotics/ros2_cobot/install/mecharm_interfaces/share/mecharm_interfaces/environment/pythonpath.sh\n'}
[1.002840] (mycobot_interfaces) StdoutLine: {'line': b'-- Up-to-date: /home/robotics/ros2_cobot/install/mycobot_interfaces/include/mycobot_interfaces/mycobot_interfaces/srv/detail/pump_status__type_support.cpp\n'}
[1.002884] (mycobot_interfaces) StdoutLine: {'line': b'-- Up-to-date: /home/robotics/ros2_cobot/install/mycobot_interfaces/include/mycobot_interfaces/mycobot_interfaces/srv/detail/pump_status__rosidl_typesupport_introspection_cpp.hpp\n'}
[1.002932] (mecharm_interfaces) StdoutLine: {'line': b'-- Up-to-date: /home/robotics/ros2_cobot/install/mecharm_interfaces/share/mecharm_interfaces/environment/pythonpath.dsv\n'}
[1.002982] (mecharm_interfaces) StdoutLine: {'line': b'-- Up-to-date: /home/robotics/ros2_cobot/install/mecharm_interfaces/local/lib/python3.10/dist-packages/mecharm_interfaces-0.0.0-py3.10.egg-info\n'}
[1.003076] (mecharm_interfaces) StdoutLine: {'line': b'-- Installing: /home/robotics/ros2_cobot/install/mecharm_interfaces/local/lib/python3.10/dist-packages/mecharm_interfaces-0.0.0-py3.10.egg-info/dependency_links.txt\n'}
[1.003125] (mecharm_interfaces) StdoutLine: {'line': b'-- Installing: /home/robotics/ros2_cobot/install/mecharm_interfaces/local/lib/python3.10/dist-packages/mecharm_interfaces-0.0.0-py3.10.egg-info/top_level.txt\n'}
[1.003170] (mecharm_interfaces) StdoutLine: {'line': b'-- Installing: /home/robotics/ros2_cobot/install/mecharm_interfaces/local/lib/python3.10/dist-packages/mecharm_interfaces-0.0.0-py3.10.egg-info/SOURCES.txt\n'}
[1.003215] (mycobot_interfaces) StdoutLine: {'line': b'-- Up-to-date: /home/robotics/ros2_cobot/install/mycobot_interfaces/include/mycobot_interfaces/mycobot_interfaces/srv/detail/gripper_status__rosidl_typesupport_introspection_cpp.hpp\n'}
[1.003269] (mycobot_interfaces) StdoutLine: {'line': b'-- Up-to-date: /home/robotics/ros2_cobot/install/mycobot_interfaces/include/mycobot_interfaces/mycobot_interfaces/srv/detail/get_angles__rosidl_typesupport_introspection_cpp.hpp\n'}
[1.003317] (mycobot_interfaces) StdoutLine: {'line': b'-- Up-to-date: /home/robotics/ros2_cobot/install/mycobot_interfaces/include/mycobot_interfaces/mycobot_interfaces/srv/detail/get_angles__type_support.cpp\n'}
[1.003410] (mecharm_interfaces) StdoutLine: {'line': b'-- Installing: /home/robotics/ros2_cobot/install/mecharm_interfaces/local/lib/python3.10/dist-packages/mecharm_interfaces-0.0.0-py3.10.egg-info/PKG-INFO\n'}
[1.003466] (mecharm_interfaces) StdoutLine: {'line': b'-- Up-to-date: /home/robotics/ros2_cobot/install/mecharm_interfaces/local/lib/python3.10/dist-packages/mecharm_interfaces\n'}
[1.003506] (mycobot_interfaces) StdoutLine: {'line': b'-- Up-to-date: /home/robotics/ros2_cobot/install/mycobot_interfaces/include/mycobot_interfaces/mycobot_interfaces/srv/detail/set_angles__type_support.cpp\n'}
[1.003556] (mycobot_interfaces) StdoutLine: {'line': b'-- Up-to-date: /home/robotics/ros2_cobot/install/mycobot_interfaces/include/mycobot_interfaces/mycobot_interfaces/srv/detail/set_coords__rosidl_typesupport_introspection_cpp.hpp\n'}
[1.003608] (mycobot_interfaces) StdoutLine: {'line': b'-- Up-to-date: /home/robotics/ros2_cobot/install/mycobot_interfaces/include/mycobot_interfaces/mycobot_interfaces/srv/detail/gripper_status__type_support.cpp\n'}
[1.003652] (mycobot_interfaces) StdoutLine: {'line': b'-- Up-to-date: /home/robotics/ros2_cobot/install/mycobot_interfaces/include/mycobot_interfaces/mycobot_interfaces/srv/detail/set_coords__type_support.cpp\n'}
[1.003695] (mycobot_interfaces) StdoutLine: {'line': b'-- Up-to-date: /home/robotics/ros2_cobot/install/mycobot_interfaces/include/mycobot_interfaces/mycobot_interfaces/msg\n'}
[1.003743] (mycobot_interfaces) StdoutLine: {'line': b'-- Up-to-date: /home/robotics/ros2_cobot/install/mycobot_interfaces/include/mycobot_interfaces/mycobot_interfaces/msg/detail\n'}
[1.003788] (mycobot_interfaces) StdoutLine: {'line': b'-- Up-to-date: /home/robotics/ros2_cobot/install/mycobot_interfaces/include/mycobot_interfaces/mycobot_interfaces/msg/detail/mycobot_coords__rosidl_typesupport_introspection_cpp.hpp\n'}
[1.003834] (mycobot_interfaces) StdoutLine: {'line': b'-- Up-to-date: /home/robotics/ros2_cobot/install/mycobot_interfaces/include/mycobot_interfaces/mycobot_interfaces/msg/detail/mycobot_angles__rosidl_typesupport_introspection_cpp.hpp\n'}
[1.003909] (-) TimerEvent: {}
[1.004145] (mycobot_interfaces) StdoutLine: {'line': b'-- Up-to-date: /home/robotics/ros2_cobot/install/mycobot_interfaces/include/mycobot_interfaces/mycobot_interfaces/msg/detail/mycobot_angles__type_support.cpp\n'}
[1.004272] (mycobot_interfaces) StdoutLine: {'line': b'-- Up-to-date: /home/robotics/ros2_cobot/install/mycobot_interfaces/include/mycobot_interfaces/mycobot_interfaces/msg/detail/mycobot_set_angles__rosidl_typesupport_introspection_cpp.hpp\n'}
[1.004333] (mycobot_interfaces) StdoutLine: {'line': b'-- Up-to-date: /home/robotics/ros2_cobot/install/mycobot_interfaces/include/mycobot_interfaces/mycobot_interfaces/msg/detail/mycobot_pump_status__type_support.cpp\n'}
[1.004411] (mycobot_interfaces) StdoutLine: {'line': b'-- Up-to-date: /home/robotics/ros2_cobot/install/mycobot_interfaces/include/mycobot_interfaces/mycobot_interfaces/msg/detail/mycobot_coords__type_support.cpp\n'}
[1.004461] (mycobot_interfaces) StdoutLine: {'line': b'-- Up-to-date: /home/robotics/ros2_cobot/install/mycobot_interfaces/include/mycobot_interfaces/mycobot_interfaces/msg/detail/mycobot_set_coords__rosidl_typesupport_introspection_cpp.hpp\n'}
[1.004505] (mycobot_interfaces) StdoutLine: {'line': b'-- Up-to-date: /home/robotics/ros2_cobot/install/mycobot_interfaces/include/mycobot_interfaces/mycobot_interfaces/msg/detail/mycobot_pump_status__rosidl_typesupport_introspection_cpp.hpp\n'}
[1.004550] (mycobot_interfaces) StdoutLine: {'line': b'-- Up-to-date: /home/robotics/ros2_cobot/install/mycobot_interfaces/include/mycobot_interfaces/mycobot_interfaces/msg/detail/mycobot_gripper_status__type_support.cpp\n'}
[1.004649] (mycobot_interfaces) StdoutLine: {'line': b'-- Up-to-date: /home/robotics/ros2_cobot/install/mycobot_interfaces/include/mycobot_interfaces/mycobot_interfaces/msg/detail/mycobot_set_angles__type_support.cpp\n'}
[1.004697] (mycobot_interfaces) StdoutLine: {'line': b'-- Up-to-date: /home/robotics/ros2_cobot/install/mycobot_interfaces/include/mycobot_interfaces/mycobot_interfaces/msg/detail/mycobot_gripper_status__rosidl_typesupport_introspection_cpp.hpp\n'}
[1.004740] (mycobot_interfaces) StdoutLine: {'line': b'-- Up-to-date: /home/robotics/ros2_cobot/install/mycobot_interfaces/include/mycobot_interfaces/mycobot_interfaces/msg/detail/mycobot_set_coords__type_support.cpp\n'}
[1.004783] (mycobot_interfaces) StdoutLine: {'line': b'-- Up-to-date: /home/robotics/ros2_cobot/install/mycobot_interfaces/lib/libmycobot_interfaces__rosidl_typesupport_introspection_cpp.so\n'}
[1.004878] (mecharm_interfaces) StdoutLine: {'line': b'-- Up-to-date: /home/robotics/ros2_cobot/install/mecharm_interfaces/local/lib/python3.10/dist-packages/mecharm_interfaces/srv\n'}
[1.004975] (mecharm_interfaces) StdoutLine: {'line': b'-- Up-to-date: /home/robotics/ros2_cobot/install/mecharm_interfaces/local/lib/python3.10/dist-packages/mecharm_interfaces/srv/_set_coords.py\n'}
[1.005051] (mecharm_interfaces) StdoutLine: {'line': b'-- Up-to-date: /home/robotics/ros2_cobot/install/mecharm_interfaces/local/lib/python3.10/dist-packages/mecharm_interfaces/srv/_get_angles_s.c\n'}
[1.005097] (mecharm_interfaces) StdoutLine: {'line': b'-- Up-to-date: /home/robotics/ros2_cobot/install/mecharm_interfaces/local/lib/python3.10/dist-packages/mecharm_interfaces/srv/_pump_status_s.c\n'}
[1.005141] (mecharm_interfaces) StdoutLine: {'line': b'-- Up-to-date: /home/robotics/ros2_cobot/install/mecharm_interfaces/local/lib/python3.10/dist-packages/mecharm_interfaces/srv/_gripper_status.py\n'}
[1.005186] (mecharm_interfaces) StdoutLine: {'line': b'-- Up-to-date: /home/robotics/ros2_cobot/install/mecharm_interfaces/local/lib/python3.10/dist-packages/mecharm_interfaces/srv/_get_angles.py\n'}
[1.005229] (mecharm_interfaces) StdoutLine: {'line': b'-- Up-to-date: /home/robotics/ros2_cobot/install/mecharm_interfaces/local/lib/python3.10/dist-packages/mecharm_interfaces/srv/_set_angles_s.c\n'}
[1.005271] (mecharm_interfaces) StdoutLine: {'line': b'-- Up-to-date: /home/robotics/ros2_cobot/install/mecharm_interfaces/local/lib/python3.10/dist-packages/mecharm_interfaces/srv/_get_coords.py\n'}
[1.005311] (mecharm_interfaces) StdoutLine: {'line': b'-- Up-to-date: /home/robotics/ros2_cobot/install/mecharm_interfaces/local/lib/python3.10/dist-packages/mecharm_interfaces/srv/_gripper_status_s.c\n'}
[1.005364] (mecharm_interfaces) StdoutLine: {'line': b'-- Up-to-date: /home/robotics/ros2_cobot/install/mecharm_interfaces/local/lib/python3.10/dist-packages/mecharm_interfaces/srv/_set_angles.py\n'}
[1.005408] (mecharm_interfaces) StdoutLine: {'line': b'-- Up-to-date: /home/robotics/ros2_cobot/install/mecharm_interfaces/local/lib/python3.10/dist-packages/mecharm_interfaces/srv/_get_coords_s.c\n'}
[1.005451] (mecharm_interfaces) StdoutLine: {'line': b'-- Up-to-date: /home/robotics/ros2_cobot/install/mecharm_interfaces/local/lib/python3.10/dist-packages/mecharm_interfaces/srv/_set_coords_s.c\n'}
[1.005492] (mecharm_interfaces) StdoutLine: {'line': b'-- Up-to-date: /home/robotics/ros2_cobot/install/mecharm_interfaces/local/lib/python3.10/dist-packages/mecharm_interfaces/srv/_pump_status.py\n'}
[1.005524] (mecharm_interfaces) StdoutLine: {'line': b'-- Up-to-date: /home/robotics/ros2_cobot/install/mecharm_interfaces/local/lib/python3.10/dist-packages/mecharm_interfaces/srv/__init__.py\n'}
[1.005562] (mecharm_interfaces) StdoutLine: {'line': b'-- Up-to-date: /home/robotics/ros2_cobot/install/mecharm_interfaces/local/lib/python3.10/dist-packages/mecharm_interfaces/mecharm_interfaces_s__rosidl_typesupport_fastrtps_c.cpython-310-x86_64-linux-gnu.so\n'}
[1.005672] (mecharm_interfaces) StdoutLine: {'line': b'-- Up-to-date: /home/robotics/ros2_cobot/install/mecharm_interfaces/local/lib/python3.10/dist-packages/mecharm_interfaces/msg\n'}
[1.005722] (mecharm_interfaces) StdoutLine: {'line': b'-- Up-to-date: /home/robotics/ros2_cobot/install/mecharm_interfaces/local/lib/python3.10/dist-packages/mecharm_interfaces/msg/_mecharm_angles_s.c\n'}
[1.005799] (mecharm_interfaces) StdoutLine: {'line': b'-- Up-to-date: /home/robotics/ros2_cobot/install/mecharm_interfaces/local/lib/python3.10/dist-packages/mecharm_interfaces/msg/_mecharm_pump_status_s.c\n'}
[1.005868] (mecharm_interfaces) StdoutLine: {'line': b'-- Up-to-date: /home/robotics/ros2_cobot/install/mecharm_interfaces/local/lib/python3.10/dist-packages/mecharm_interfaces/msg/_mecharm_set_angles.py\n'}
[1.005904] (mecharm_interfaces) StdoutLine: {'line': b'-- Up-to-date: /home/robotics/ros2_cobot/install/mecharm_interfaces/local/lib/python3.10/dist-packages/mecharm_interfaces/msg/_mecharm_gripper_status.py\n'}
[1.005950] (mecharm_interfaces) StdoutLine: {'line': b'-- Up-to-date: /home/robotics/ros2_cobot/install/mecharm_interfaces/local/lib/python3.10/dist-packages/mecharm_interfaces/msg/_mecharm_set_angles_s.c\n'}
[1.006063] (mecharm_interfaces) StdoutLine: {'line': b'-- Up-to-date: /home/robotics/ros2_cobot/install/mecharm_interfaces/local/lib/python3.10/dist-packages/mecharm_interfaces/msg/_mecharm_angles.py\n'}
[1.006104] (mecharm_interfaces) StdoutLine: {'line': b'-- Up-to-date: /home/robotics/ros2_cobot/install/mecharm_interfaces/local/lib/python3.10/dist-packages/mecharm_interfaces/msg/_mecharm_coords_s.c\n'}
[1.006145] (mecharm_interfaces) StdoutLine: {'line': b'-- Up-to-date: /home/robotics/ros2_cobot/install/mecharm_interfaces/local/lib/python3.10/dist-packages/mecharm_interfaces/msg/_mecharm_set_coords.py\n'}
[1.006187] (mecharm_interfaces) StdoutLine: {'line': b'-- Up-to-date: /home/robotics/ros2_cobot/install/mecharm_interfaces/local/lib/python3.10/dist-packages/mecharm_interfaces/msg/_mecharm_pump_status.py\n'}
[1.006230] (mecharm_interfaces) StdoutLine: {'line': b'-- Up-to-date: /home/robotics/ros2_cobot/install/mecharm_interfaces/local/lib/python3.10/dist-packages/mecharm_interfaces/msg/_mecharm_gripper_status_s.c\n'}
[1.006278] (mecharm_interfaces) StdoutLine: {'line': b'-- Up-to-date: /home/robotics/ros2_cobot/install/mecharm_interfaces/local/lib/python3.10/dist-packages/mecharm_interfaces/msg/_mecharm_coords.py\n'}
[1.006332] (mycobot_interfaces) StdoutLine: {'line': b'-- Up-to-date: /home/robotics/ros2_cobot/install/mycobot_interfaces/lib/libmycobot_interfaces__rosidl_typesupport_cpp.so\n'}
[1.006473] (mecharm_interfaces) StdoutLine: {'line': b'-- Up-to-date: /home/robotics/ros2_cobot/install/mecharm_interfaces/local/lib/python3.10/dist-packages/mecharm_interfaces/msg/_mecharm_set_coords_s.c\n'}
[1.006567] (mycobot_interfaces) StdoutLine: {'line': b'-- Up-to-date: /home/robotics/ros2_cobot/install/mycobot_interfaces/share/mycobot_interfaces/environment/pythonpath.sh\n'}
[1.006620] (mycobot_interfaces) StdoutLine: {'line': b'-- Up-to-date: /home/robotics/ros2_cobot/install/mycobot_interfaces/share/mycobot_interfaces/environment/pythonpath.dsv\n'}
[1.006662] (mycobot_interfaces) StdoutLine: {'line': b'-- Up-to-date: /home/robotics/ros2_cobot/install/mycobot_interfaces/local/lib/python3.10/dist-packages/mycobot_interfaces-0.0.0-py3.10.egg-info\n'}
[1.006717] (mycobot_interfaces) StdoutLine: {'line': b'-- Installing: /home/robotics/ros2_cobot/install/mycobot_interfaces/local/lib/python3.10/dist-packages/mycobot_interfaces-0.0.0-py3.10.egg-info/dependency_links.txt\n'}
[1.006755] (mecharm_interfaces) StdoutLine: {'line': b'-- Up-to-date: /home/robotics/ros2_cobot/install/mecharm_interfaces/local/lib/python3.10/dist-packages/mecharm_interfaces/msg/__init__.py\n'}
[1.006846] (mecharm_interfaces) StdoutLine: {'line': b'-- Up-to-date: /home/robotics/ros2_cobot/install/mecharm_interfaces/local/lib/python3.10/dist-packages/mecharm_interfaces/mecharm_interfaces_s__rosidl_typesupport_c.cpython-310-x86_64-linux-gnu.so\n'}
[1.006893] (mecharm_interfaces) StdoutLine: {'line': b'-- Up-to-date: /home/robotics/ros2_cobot/install/mecharm_interfaces/local/lib/python3.10/dist-packages/mecharm_interfaces/libmecharm_interfaces__rosidl_generator_py.so\n'}
[1.006935] (mecharm_interfaces) StdoutLine: {'line': b'-- Up-to-date: /home/robotics/ros2_cobot/install/mecharm_interfaces/local/lib/python3.10/dist-packages/mecharm_interfaces/_mecharm_interfaces_s.ep.rosidl_typesupport_introspection_c.c\n'}
[1.006968] (mecharm_interfaces) StdoutLine: {'line': b'-- Up-to-date: /home/robotics/ros2_cobot/install/mecharm_interfaces/local/lib/python3.10/dist-packages/mecharm_interfaces/mecharm_interfaces_s__rosidl_typesupport_introspection_c.cpython-310-x86_64-linux-gnu.so\n'}
[1.007011] (mecharm_interfaces) StdoutLine: {'line': b'-- Up-to-date: /home/robotics/ros2_cobot/install/mecharm_interfaces/local/lib/python3.10/dist-packages/mecharm_interfaces/_mecharm_interfaces_s.ep.rosidl_typesupport_fastrtps_c.c\n'}
[1.007057] (mecharm_interfaces) StdoutLine: {'line': b'-- Up-to-date: /home/robotics/ros2_cobot/install/mecharm_interfaces/local/lib/python3.10/dist-packages/mecharm_interfaces/_mecharm_interfaces_s.ep.rosidl_typesupport_c.c\n'}
[1.007143] (mecharm_interfaces) StdoutLine: {'line': b'-- Up-to-date: /home/robotics/ros2_cobot/install/mecharm_interfaces/local/lib/python3.10/dist-packages/mecharm_interfaces/__init__.py\n'}
[1.007192] (mycobot_interfaces) StdoutLine: {'line': b'-- Installing: /home/robotics/ros2_cobot/install/mycobot_interfaces/local/lib/python3.10/dist-packages/mycobot_interfaces-0.0.0-py3.10.egg-info/top_level.txt\n'}
[1.007230] (mycobot_interfaces) StdoutLine: {'line': b'-- Installing: /home/robotics/ros2_cobot/install/mycobot_interfaces/local/lib/python3.10/dist-packages/mycobot_interfaces-0.0.0-py3.10.egg-info/SOURCES.txt\n'}
[1.007271] (mypalletizer_interfaces) CommandEnded: {'returncode': 0}
[1.007878] (mycobot_interfaces) StdoutLine: {'line': b'-- Installing: /home/robotics/ros2_cobot/install/mycobot_interfaces/local/lib/python3.10/dist-packages/mycobot_interfaces-0.0.0-py3.10.egg-info/PKG-INFO\n'}
[1.007976] (mycobot_interfaces) StdoutLine: {'line': b'-- Up-to-date: /home/robotics/ros2_cobot/install/mycobot_interfaces/local/lib/python3.10/dist-packages/mycobot_interfaces\n'}
[1.008062] (mycobot_interfaces) StdoutLine: {'line': b'-- Up-to-date: /home/robotics/ros2_cobot/install/mycobot_interfaces/local/lib/python3.10/dist-packages/mycobot_interfaces/_mycobot_interfaces_s.ep.rosidl_typesupport_fastrtps_c.c\n'}
[1.008144] (mycobot_interfaces) StdoutLine: {'line': b'-- Up-to-date: /home/robotics/ros2_cobot/install/mycobot_interfaces/local/lib/python3.10/dist-packages/mycobot_interfaces/srv\n'}
[1.008224] (mycobot_interfaces) StdoutLine: {'line': b'-- Up-to-date: /home/robotics/ros2_cobot/install/mycobot_interfaces/local/lib/python3.10/dist-packages/mycobot_interfaces/srv/_set_coords.py\n'}
[1.008317] (mycobot_interfaces) StdoutLine: {'line': b'-- Up-to-date: /home/robotics/ros2_cobot/install/mycobot_interfaces/local/lib/python3.10/dist-packages/mycobot_interfaces/srv/_get_angles_s.c\n'}
[1.008449] (mycobot_interfaces) StdoutLine: {'line': b'-- Up-to-date: /home/robotics/ros2_cobot/install/mycobot_interfaces/local/lib/python3.10/dist-packages/mycobot_interfaces/srv/_pump_status_s.c\n'}
[1.008535] (mycobot_interfaces) StdoutLine: {'line': b'-- Up-to-date: /home/robotics/ros2_cobot/install/mycobot_interfaces/local/lib/python3.10/dist-packages/mycobot_interfaces/srv/_gripper_status.py\n'}
[1.008590] (mycobot_interfaces) StdoutLine: {'line': b'-- Up-to-date: /home/robotics/ros2_cobot/install/mycobot_interfaces/local/lib/python3.10/dist-packages/mycobot_interfaces/srv/_get_angles.py\n'}
[1.008636] (mycobot_interfaces) StdoutLine: {'line': b'-- Up-to-date: /home/robotics/ros2_cobot/install/mycobot_interfaces/local/lib/python3.10/dist-packages/mycobot_interfaces/srv/_set_angles_s.c\n'}
[1.008744] (mycobot_interfaces) StdoutLine: {'line': b'-- Up-to-date: /home/robotics/ros2_cobot/install/mycobot_interfaces/local/lib/python3.10/dist-packages/mycobot_interfaces/srv/_get_coords.py\n'}
[1.008801] (mycobot_interfaces) StdoutLine: {'line': b'-- Up-to-date: /home/robotics/ros2_cobot/install/mycobot_interfaces/local/lib/python3.10/dist-packages/mycobot_interfaces/srv/_gripper_status_s.c\n'}
[1.008962] (mycobot_interfaces) StdoutLine: {'line': b'-- Up-to-date: /home/robotics/ros2_cobot/install/mycobot_interfaces/local/lib/python3.10/dist-packages/mycobot_interfaces/srv/_set_angles.py\n'}
[1.009063] (mycobot_interfaces) StdoutLine: {'line': b'-- Up-to-date: /home/robotics/ros2_cobot/install/mycobot_interfaces/local/lib/python3.10/dist-packages/mycobot_interfaces/srv/_get_coords_s.c\n'}
[1.009168] (mycobot_interfaces) StdoutLine: {'line': b'-- Up-to-date: /home/robotics/ros2_cobot/install/mycobot_interfaces/local/lib/python3.10/dist-packages/mycobot_interfaces/srv/_set_coords_s.c\n'}
[1.009251] (mycobot_interfaces) StdoutLine: {'line': b'-- Up-to-date: /home/robotics/ros2_cobot/install/mycobot_interfaces/local/lib/python3.10/dist-packages/mycobot_interfaces/srv/_pump_status.py\n'}
[1.009408] (mycobot_interfaces) StdoutLine: {'line': b'-- Up-to-date: /home/robotics/ros2_cobot/install/mycobot_interfaces/local/lib/python3.10/dist-packages/mycobot_interfaces/srv/__init__.py\n'}
[1.009514] (mycobot_interfaces) StdoutLine: {'line': b'-- Up-to-date: /home/robotics/ros2_cobot/install/mycobot_interfaces/local/lib/python3.10/dist-packages/mycobot_interfaces/_mycobot_interfaces_s.ep.rosidl_typesupport_c.c\n'}
[1.009594] (mycobot_interfaces) StdoutLine: {'line': b'-- Up-to-date: /home/robotics/ros2_cobot/install/mycobot_interfaces/local/lib/python3.10/dist-packages/mycobot_interfaces/msg\n'}
[1.009660] (mycobot_interfaces) StdoutLine: {'line': b'-- Up-to-date: /home/robotics/ros2_cobot/install/mycobot_interfaces/local/lib/python3.10/dist-packages/mycobot_interfaces/msg/_mycobot_coords.py\n'}
[1.009732] (mycobot_interfaces) StdoutLine: {'line': b'-- Up-to-date: /home/robotics/ros2_cobot/install/mycobot_interfaces/local/lib/python3.10/dist-packages/mycobot_interfaces/msg/_mycobot_gripper_status.py\n'}
[1.009792] (mycobot_interfaces) StdoutLine: {'line': b'-- Up-to-date: /home/robotics/ros2_cobot/install/mycobot_interfaces/local/lib/python3.10/dist-packages/mycobot_interfaces/msg/_mycobot_angles.py\n'}
[1.009891] (mycobot_interfaces) StdoutLine: {'line': b'-- Up-to-date: /home/robotics/ros2_cobot/install/mycobot_interfaces/local/lib/python3.10/dist-packages/mycobot_interfaces/msg/_mycobot_pump_status.py\n'}
[1.009994] (mycobot_interfaces) StdoutLine: {'line': b'-- Up-to-date: /home/robotics/ros2_cobot/install/mycobot_interfaces/local/lib/python3.10/dist-packages/mycobot_interfaces/msg/_mycobot_coords_s.c\n'}
[1.010065] (mycobot_interfaces) StdoutLine: {'line': b'-- Up-to-date: /home/robotics/ros2_cobot/install/mycobot_interfaces/local/lib/python3.10/dist-packages/mycobot_interfaces/msg/_mycobot_pump_status_s.c\n'}
[1.010127] (mycobot_interfaces) StdoutLine: {'line': b'-- Up-to-date: /home/robotics/ros2_cobot/install/mycobot_interfaces/local/lib/python3.10/dist-packages/mycobot_interfaces/msg/_mycobot_set_angles_s.c\n'}
[1.010216] (mycobot_interfaces) StdoutLine: {'line': b'-- Up-to-date: /home/robotics/ros2_cobot/install/mycobot_interfaces/local/lib/python3.10/dist-packages/mycobot_interfaces/msg/_mycobot_set_coords_s.c\n'}
[1.010280] (mycobot_interfaces) StdoutLine: {'line': b'-- Up-to-date: /home/robotics/ros2_cobot/install/mycobot_interfaces/local/lib/python3.10/dist-packages/mycobot_interfaces/msg/_mycobot_set_coords.py\n'}
[1.010359] (mycobot_interfaces) StdoutLine: {'line': b'-- Up-to-date: /home/robotics/ros2_cobot/install/mycobot_interfaces/local/lib/python3.10/dist-packages/mycobot_interfaces/msg/_mycobot_set_angles.py\n'}
[1.010509] (mycobot_interfaces) StdoutLine: {'line': b'-- Up-to-date: /home/robotics/ros2_cobot/install/mycobot_interfaces/local/lib/python3.10/dist-packages/mycobot_interfaces/msg/_mycobot_gripper_status_s.c\n'}
[1.010598] (mycobot_interfaces) StdoutLine: {'line': b'-- Up-to-date: /home/robotics/ros2_cobot/install/mycobot_interfaces/local/lib/python3.10/dist-packages/mycobot_interfaces/msg/_mycobot_angles_s.c\n'}
[1.010658] (mycobot_interfaces) StdoutLine: {'line': b'-- Up-to-date: /home/robotics/ros2_cobot/install/mycobot_interfaces/local/lib/python3.10/dist-packages/mycobot_interfaces/msg/__init__.py\n'}
[1.010712] (mycobot_interfaces) StdoutLine: {'line': b'-- Up-to-date: /home/robotics/ros2_cobot/install/mycobot_interfaces/local/lib/python3.10/dist-packages/mycobot_interfaces/mycobot_interfaces_s__rosidl_typesupport_c.cpython-310-x86_64-linux-gnu.so\n'}
[1.010782] (mycobot_interfaces) StdoutLine: {'line': b'-- Up-to-date: /home/robotics/ros2_cobot/install/mycobot_interfaces/local/lib/python3.10/dist-packages/mycobot_interfaces/libmycobot_interfaces__rosidl_generator_py.so\n'}
[1.010862] (mycobot_interfaces) StdoutLine: {'line': b'-- Up-to-date: /home/robotics/ros2_cobot/install/mycobot_interfaces/local/lib/python3.10/dist-packages/mycobot_interfaces/_mycobot_interfaces_s.ep.rosidl_typesupport_introspection_c.c\n'}
[1.010952] (mycobot_interfaces) StdoutLine: {'line': b'-- Up-to-date: /home/robotics/ros2_cobot/install/mycobot_interfaces/local/lib/python3.10/dist-packages/mycobot_interfaces/mycobot_interfaces_s__rosidl_typesupport_introspection_c.cpython-310-x86_64-linux-gnu.so\n'}
[1.011068] (mycobot_interfaces) StdoutLine: {'line': b'-- Up-to-date: /home/robotics/ros2_cobot/install/mycobot_interfaces/local/lib/python3.10/dist-packages/mycobot_interfaces/mycobot_interfaces_s__rosidl_typesupport_fastrtps_c.cpython-310-x86_64-linux-gnu.so\n'}
[1.011131] (mycobot_interfaces) StdoutLine: {'line': b'-- Up-to-date: /home/robotics/ros2_cobot/install/mycobot_interfaces/local/lib/python3.10/dist-packages/mycobot_interfaces/__init__.py\n'}
[1.011224] (mypalletizer_interfaces) JobProgress: {'identifier': 'mypalletizer_interfaces', 'progress': 'install'}
[1.011284] (mypalletizer_interfaces) Command: {'cmd': ['/usr/bin/cmake', '--install', '/home/robotics/ros2_cobot/build/mypalletizer_interfaces'], 'cwd': '/home/robotics/ros2_cobot/build/mypalletizer_interfaces', 'env': OrderedDict([('GJS_DEBUG_TOPICS', 'JS ERROR;JS LOG'), ('LESSOPEN', '| /usr/bin/lesspipe %s'), ('LANGUAGE', 'en_CA:en'), ('USER', 'robotics'), ('XDG_SESSION_TYPE', 'wayland'), ('SHLVL', '1'), ('LD_LIBRARY_PATH', '/opt/ros/humble/opt/rviz_ogre_vendor/lib:/opt/ros/humble/lib/x86_64-linux-gnu:/opt/ros/humble/lib'), ('HOME', '/home/robotics'), ('OLDPWD', '/home/robotics'), ('DESKTOP_SESSION', 'ubuntu'), ('GIO_LAUNCHED_DESKTOP_FILE', '/usr/share/applications/terminator.desktop'), ('ROS_PYTHON_VERSION', '3'), ('GNOME_SHELL_SESSION_MODE', 'ubuntu'), ('GTK_MODULES', 'gail:atk-bridge'), ('MANAGERPID', '2208'), ('SYSTEMD_EXEC_PID', '2385'), ('DBUS_SESSION_BUS_ADDRESS', 'unix:path=/run/user/1001/bus'), ('COLORTERM', 'truecolor'), ('TERMINATOR_DBUS_NAME', 'net.tenshu.Terminator25ef4b219e3b005583550f2b0f9f990c3'), ('LIBVIRT_DEFAULT_URI', 'qemu:///system'), ('GIO_LAUNCHED_DESKTOP_FILE_PID', '5985'), ('IM_CONFIG_PHASE', '1'), ('WAYLAND_DISPLAY', 'wayland-0'), ('ROS_DISTRO', 'humble'), ('LOGNAME', 'robotics'), ('JOURNAL_STREAM', '8:11736'), ('_', '/usr/bin/colcon'), ('ROS_VERSION', '2'), ('XDG_SESSION_CLASS', 'user'), ('USERNAME', 'robotics'), ('TERM', 'xterm-256color'), ('GNOME_DESKTOP_SESSION_ID', 'this-is-deprecated'), ('ROS_LOCALHOST_ONLY', '0'), ('PATH', '/opt/ros/humble/bin:/home/robotics/.local/bin:/usr/local/sbin:/usr/local/bin:/usr/sbin:/usr/bin:/sbin:/bin:/usr/games:/usr/local/games:/snap/bin:/snap/bin'), ('SESSION_MANAGER', 'local/scapula:@/tmp/.ICE-unix/2355,unix/scapula:/tmp/.ICE-unix/2355'), ('INVOCATION_ID', 'e345590a299a451da04fa5520e75bdac'), ('XDG_MENU_PREFIX', 'gnome-'), ('GNOME_SETUP_DISPLAY', ':1'), ('XDG_RUNTIME_DIR', '/run/user/1001'), ('DISPLAY', ':0'), ('TERMINATOR_DBUS_PATH', '/net/tenshu/Terminator2'), ('LANG', 'en_US.UTF-8'), ('XDG_CURRENT_DESKTOP', 'ubuntu:GNOME'), ('XMODIFIERS', '@im=ibus'), ('XDG_SESSION_DESKTOP', 'ubuntu'), ('XAUTHORITY', '/run/user/1001/.mutter-Xwaylandauth.C2D0D3'), ('LS_COLORS', 'rs=0:di=01;34:ln=01;36:mh=00:pi=40;33:so=01;35:do=01;35:bd=40;33;01:cd=40;33;01:or=40;31;01:mi=00:su=37;41:sg=30;43:ca=30;41:tw=30;42:ow=34;42:st=37;44:ex=01;32:*.tar=01;31:*.tgz=01;31:*.arc=01;31:*.arj=01;31:*.taz=01;31:*.lha=01;31:*.lz4=01;31:*.lzh=01;31:*.lzma=01;31:*.tlz=01;31:*.txz=01;31:*.tzo=01;31:*.t7z=01;31:*.zip=01;31:*.z=01;31:*.dz=01;31:*.gz=01;31:*.lrz=01;31:*.lz=01;31:*.lzo=01;31:*.xz=01;31:*.zst=01;31:*.tzst=01;31:*.bz2=01;31:*.bz=01;31:*.tbz=01;31:*.tbz2=01;31:*.tz=01;31:*.deb=01;31:*.rpm=01;31:*.jar=01;31:*.war=01;31:*.ear=01;31:*.sar=01;31:*.rar=01;31:*.alz=01;31:*.ace=01;31:*.zoo=01;31:*.cpio=01;31:*.7z=01;31:*.rz=01;31:*.cab=01;31:*.wim=01;31:*.swm=01;31:*.dwm=01;31:*.esd=01;31:*.jpg=01;35:*.jpeg=01;35:*.mjpg=01;35:*.mjpeg=01;35:*.gif=01;35:*.bmp=01;35:*.pbm=01;35:*.pgm=01;35:*.ppm=01;35:*.tga=01;35:*.xbm=01;35:*.xpm=01;35:*.tif=01;35:*.tiff=01;35:*.png=01;35:*.svg=01;35:*.svgz=01;35:*.mng=01;35:*.pcx=01;35:*.mov=01;35:*.mpg=01;35:*.mpeg=01;35:*.m2v=01;35:*.mkv=01;35:*.webm=01;35:*.webp=01;35:*.ogm=01;35:*.mp4=01;35:*.m4v=01;35:*.mp4v=01;35:*.vob=01;35:*.qt=01;35:*.nuv=01;35:*.wmv=01;35:*.asf=01;35:*.rm=01;35:*.rmvb=01;35:*.flc=01;35:*.avi=01;35:*.fli=01;35:*.flv=01;35:*.gl=01;35:*.dl=01;35:*.xcf=01;35:*.xwd=01;35:*.yuv=01;35:*.cgm=01;35:*.emf=01;35:*.ogv=01;35:*.ogx=01;35:*.aac=00;36:*.au=00;36:*.flac=00;36:*.m4a=00;36:*.mid=00;36:*.midi=00;36:*.mka=00;36:*.mp3=00;36:*.mpc=00;36:*.ogg=00;36:*.ra=00;36:*.wav=00;36:*.oga=00;36:*.opus=00;36:*.spx=00;36:*.xspf=00;36:'), ('SSH_AGENT_LAUNCHER', 'gnome-keyring'), ('SSH_AUTH_SOCK', '/run/user/1001/keyring/ssh'), ('AMENT_PREFIX_PATH', '/opt/ros/humble'), ('SHELL', '/bin/bash'), ('TERMINATOR_UUID', 'urn:uuid:f2f89f62-91b9-4d3d-9090-78fd66b7b1db'), ('QT_ACCESSIBILITY', '1'), ('GDMSESSION', 'ubuntu'), ('LESSCLOSE', '/usr/bin/lesspipe %s %s'), ('GJS_DEBUG_OUTPUT', 'stderr'), ('QT_IM_MODULE', 'ibus'), ('PWD', '/home/robotics/ros2_cobot/build/mypalletizer_interfaces'), ('LC_ALL', 'en_US.UTF-8'), ('XDG_CONFIG_DIRS', '/etc/xdg/xdg-ubuntu:/etc/xdg'), ('XDG_DATA_DIRS', '/usr/share/ubuntu:/usr/local/share/:/usr/share/:/var/lib/snapd/desktop'), ('PYTHONPATH', '/opt/ros/humble/lib/python3.10/site-packages:/opt/ros/humble/local/lib/python3.10/dist-packages'), ('COLCON', '1'), ('VTE_VERSION', '6800'), ('CMAKE_PREFIX_PATH', '/opt/ros/humble')]), 'shell': False}
[1.013106] (traj_scripts) StdoutLine: {'line': b'-- Found Boost: /usr/lib/x86_64-linux-gnu/cmake/Boost-1.74.0/BoostConfig.cmake (found version "1.74.0") found components: date_time filesystem program_options system thread \n'}
[1.013536] (mypalletizer_interfaces) StdoutLine: {'line': b'-- Install configuration: ""\n'}
[1.013668] (mypalletizer_interfaces) StdoutLine: {'line': b'-- Up-to-date: /home/robotics/ros2_cobot/install/mypalletizer_interfaces/share/ament_index/resource_index/rosidl_interfaces/mypalletizer_interfaces\n'}
[1.013736] (mypalletizer_interfaces) StdoutLine: {'line': b'-- Up-to-date: /home/robotics/ros2_cobot/install/mypalletizer_interfaces/include/mypalletizer_interfaces/mypalletizer_interfaces\n'}
[1.013794] (mypalletizer_interfaces) StdoutLine: {'line': b'-- Up-to-date: /home/robotics/ros2_cobot/install/mypalletizer_interfaces/include/mypalletizer_interfaces/mypalletizer_interfaces/srv\n'}
[1.013867] (mypalletizer_interfaces) StdoutLine: {'line': b'-- Up-to-date: /home/robotics/ros2_cobot/install/mypalletizer_interfaces/include/mypalletizer_interfaces/mypalletizer_interfaces/srv/get_coords.h\n'}
[1.013923] (mypalletizer_interfaces) StdoutLine: {'line': b'-- Up-to-date: /home/robotics/ros2_cobot/install/mypalletizer_interfaces/include/mypalletizer_interfaces/mypalletizer_interfaces/srv/get_angles.h\n'}
[1.014013] (mypalletizer_interfaces) StdoutLine: {'line': b'-- Up-to-date: /home/robotics/ros2_cobot/install/mypalletizer_interfaces/include/mypalletizer_interfaces/mypalletizer_interfaces/srv/set_coords.h\n'}
[1.014071] (mypalletizer_interfaces) StdoutLine: {'line': b'-- Up-to-date: /home/robotics/ros2_cobot/install/mypalletizer_interfaces/include/mypalletizer_interfaces/mypalletizer_interfaces/srv/set_angles.h\n'}
[1.014123] (mypalletizer_interfaces) StdoutLine: {'line': b'-- Up-to-date: /home/robotics/ros2_cobot/install/mypalletizer_interfaces/include/mypalletizer_interfaces/mypalletizer_interfaces/srv/detail\n'}
[1.014171] (mypalletizer_interfaces) StdoutLine: {'line': b'-- Up-to-date: /home/robotics/ros2_cobot/install/mypalletizer_interfaces/include/mypalletizer_interfaces/mypalletizer_interfaces/srv/detail/set_coords__functions.h\n'}
[1.014218] (mypalletizer_interfaces) StdoutLine: {'line': b'-- Up-to-date: /home/robotics/ros2_cobot/install/mypalletizer_interfaces/include/mypalletizer_interfaces/mypalletizer_interfaces/srv/detail/set_angles__functions.h\n'}
[1.014265] (mypalletizer_interfaces) StdoutLine: {'line': b'-- Up-to-date: /home/robotics/ros2_cobot/install/mypalletizer_interfaces/include/mypalletizer_interfaces/mypalletizer_interfaces/srv/detail/pump_status__functions.h\n'}
[1.014312] (mypalletizer_interfaces) StdoutLine: {'line': b'-- Up-to-date: /home/robotics/ros2_cobot/install/mypalletizer_interfaces/include/mypalletizer_interfaces/mypalletizer_interfaces/srv/detail/get_coords__functions.h\n'}
[1.014408] (mypalletizer_interfaces) StdoutLine: {'line': b'-- Up-to-date: /home/robotics/ros2_cobot/install/mypalletizer_interfaces/include/mypalletizer_interfaces/mypalletizer_interfaces/srv/detail/pump_status__struct.h\n'}
[1.014489] (mypalletizer_interfaces) StdoutLine: {'line': b'-- Up-to-date: /home/robotics/ros2_cobot/install/mypalletizer_interfaces/include/mypalletizer_interfaces/mypalletizer_interfaces/srv/detail/gripper_status__type_support.h\n'}
[1.014543] (mypalletizer_interfaces) StdoutLine: {'line': b'-- Up-to-date: /home/robotics/ros2_cobot/install/mypalletizer_interfaces/include/mypalletizer_interfaces/mypalletizer_interfaces/srv/detail/get_coords__functions.c\n'}
[1.014602] (mypalletizer_interfaces) StdoutLine: {'line': b'-- Up-to-date: /home/robotics/ros2_cobot/install/mypalletizer_interfaces/include/mypalletizer_interfaces/mypalletizer_interfaces/srv/detail/pump_status__functions.c\n'}
[1.014654] (mypalletizer_interfaces) StdoutLine: {'line': b'-- Up-to-date: /home/robotics/ros2_cobot/install/mypalletizer_interfaces/include/mypalletizer_interfaces/mypalletizer_interfaces/srv/detail/set_angles__functions.c\n'}
[1.014726] (mypalletizer_interfaces) StdoutLine: {'line': b'-- Up-to-date: /home/robotics/ros2_cobot/install/mypalletizer_interfaces/include/mypalletizer_interfaces/mypalletizer_interfaces/srv/detail/set_angles__type_support.h\n'}
[1.014778] (mypalletizer_interfaces) StdoutLine: {'line': b'-- Up-to-date: /home/robotics/ros2_cobot/install/mypalletizer_interfaces/include/mypalletizer_interfaces/mypalletizer_interfaces/srv/detail/set_coords__struct.h\n'}
[1.014828] (mypalletizer_interfaces) StdoutLine: {'line': b'-- Up-to-date: /home/robotics/ros2_cobot/install/mypalletizer_interfaces/include/mypalletizer_interfaces/mypalletizer_interfaces/srv/detail/get_coords__type_support.h\n'}
[1.014876] (mypalletizer_interfaces) StdoutLine: {'line': b'-- Up-to-date: /home/robotics/ros2_cobot/install/mypalletizer_interfaces/include/mypalletizer_interfaces/mypalletizer_interfaces/srv/detail/gripper_status__functions.h\n'}
[1.014927] (mypalletizer_interfaces) StdoutLine: {'line': b'-- Up-to-date: /home/robotics/ros2_cobot/install/mypalletizer_interfaces/include/mypalletizer_interfaces/mypalletizer_interfaces/srv/detail/get_angles__functions.c\n'}
[1.014974] (mypalletizer_interfaces) StdoutLine: {'line': b'-- Up-to-date: /home/robotics/ros2_cobot/install/mypalletizer_interfaces/include/mypalletizer_interfaces/mypalletizer_interfaces/srv/detail/get_angles__functions.h\n'}
[1.015015] (mypalletizer_interfaces) StdoutLine: {'line': b'-- Up-to-date: /home/robotics/ros2_cobot/install/mypalletizer_interfaces/include/mypalletizer_interfaces/mypalletizer_interfaces/srv/detail/gripper_status__functions.c\n'}
[1.015056] (mypalletizer_interfaces) StdoutLine: {'line': b'-- Up-to-date: /home/robotics/ros2_cobot/install/mypalletizer_interfaces/include/mypalletizer_interfaces/mypalletizer_interfaces/srv/detail/get_angles__type_support.h\n'}
[1.015101] (mypalletizer_interfaces) StdoutLine: {'line': b'-- Up-to-date: /home/robotics/ros2_cobot/install/mypalletizer_interfaces/include/mypalletizer_interfaces/mypalletizer_interfaces/srv/detail/set_coords__functions.c\n'}
[1.015148] (mypalletizer_interfaces) StdoutLine: {'line': b'-- Up-to-date: /home/robotics/ros2_cobot/install/mypalletizer_interfaces/include/mypalletizer_interfaces/mypalletizer_interfaces/srv/detail/set_angles__struct.h\n'}
[1.015186] (mypalletizer_interfaces) StdoutLine: {'line': b'-- Up-to-date: /home/robotics/ros2_cobot/install/mypalletizer_interfaces/include/mypalletizer_interfaces/mypalletizer_interfaces/srv/detail/gripper_status__struct.h\n'}
[1.015266] (mypalletizer_interfaces) StdoutLine: {'line': b'-- Up-to-date: /home/robotics/ros2_cobot/install/mypalletizer_interfaces/include/mypalletizer_interfaces/mypalletizer_interfaces/srv/detail/get_angles__struct.h\n'}
[1.015467] (mypalletizer_interfaces) StdoutLine: {'line': b'-- Up-to-date: /home/robotics/ros2_cobot/install/mypalletizer_interfaces/include/mypalletizer_interfaces/mypalletizer_interfaces/srv/detail/set_coords__type_support.h\n'}
[1.015580] (mypalletizer_interfaces) StdoutLine: {'line': b'-- Up-to-date: /home/robotics/ros2_cobot/install/mypalletizer_interfaces/include/mypalletizer_interfaces/mypalletizer_interfaces/srv/detail/pump_status__type_support.h\n'}
[1.015635] (mypalletizer_interfaces) StdoutLine: {'line': b'-- Up-to-date: /home/robotics/ros2_cobot/install/mypalletizer_interfaces/include/mypalletizer_interfaces/mypalletizer_interfaces/srv/detail/get_coords__struct.h\n'}
[1.015700] (mypalletizer_interfaces) StdoutLine: {'line': b'-- Up-to-date: /home/robotics/ros2_cobot/install/mypalletizer_interfaces/include/mypalletizer_interfaces/mypalletizer_interfaces/srv/pump_status.h\n'}
[1.015758] (mypalletizer_interfaces) StdoutLine: {'line': b'-- Up-to-date: /home/robotics/ros2_cobot/install/mypalletizer_interfaces/include/mypalletizer_interfaces/mypalletizer_interfaces/srv/gripper_status.h\n'}
[1.015809] (mypalletizer_interfaces) StdoutLine: {'line': b'-- Up-to-date: /home/robotics/ros2_cobot/install/mypalletizer_interfaces/include/mypalletizer_interfaces/mypalletizer_interfaces/msg\n'}
[1.015859] (mypalletizer_interfaces) StdoutLine: {'line': b'-- Up-to-date: /home/robotics/ros2_cobot/install/mypalletizer_interfaces/include/mypalletizer_interfaces/mypalletizer_interfaces/msg/mypal_gripper_status.h\n'}
[1.015926] (mypalletizer_interfaces) StdoutLine: {'line': b'-- Up-to-date: /home/robotics/ros2_cobot/install/mypalletizer_interfaces/include/mypalletizer_interfaces/mypalletizer_interfaces/msg/mypal_set_angles.h\n'}
[1.015981] (mypalletizer_interfaces) StdoutLine: {'line': b'-- Up-to-date: /home/robotics/ros2_cobot/install/mypalletizer_interfaces/include/mypalletizer_interfaces/mypalletizer_interfaces/msg/detail\n'}
[1.016041] (mypalletizer_interfaces) StdoutLine: {'line': b'-- Up-to-date: /home/robotics/ros2_cobot/install/mypalletizer_interfaces/include/mypalletizer_interfaces/mypalletizer_interfaces/msg/detail/mypal_pump_status__functions.h\n'}
[1.016092] (mypalletizer_interfaces) StdoutLine: {'line': b'-- Up-to-date: /home/robotics/ros2_cobot/install/mypalletizer_interfaces/include/mypalletizer_interfaces/mypalletizer_interfaces/msg/detail/mypal_set_coords__type_support.h\n'}
[1.016154] (mypalletizer_interfaces) StdoutLine: {'line': b'-- Up-to-date: /home/robotics/ros2_cobot/install/mypalletizer_interfaces/include/mypalletizer_interfaces/mypalletizer_interfaces/msg/detail/mypal_coords__struct.h\n'}
[1.016203] (mypalletizer_interfaces) StdoutLine: {'line': b'-- Up-to-date: /home/robotics/ros2_cobot/install/mypalletizer_interfaces/include/mypalletizer_interfaces/mypalletizer_interfaces/msg/detail/mypal_set_coords__functions.h\n'}
[1.016244] (mypalletizer_interfaces) StdoutLine: {'line': b'-- Up-to-date: /home/robotics/ros2_cobot/install/mypalletizer_interfaces/include/mypalletizer_interfaces/mypalletizer_interfaces/msg/detail/mypal_set_angles__functions.c\n'}
[1.016306] (mypalletizer_interfaces) StdoutLine: {'line': b'-- Up-to-date: /home/robotics/ros2_cobot/install/mypalletizer_interfaces/include/mypalletizer_interfaces/mypalletizer_interfaces/msg/detail/mypal_gripper_status__functions.c\n'}
[1.016376] (mypalletizer_interfaces) StdoutLine: {'line': b'-- Up-to-date: /home/robotics/ros2_cobot/install/mypalletizer_interfaces/include/mypalletizer_interfaces/mypalletizer_interfaces/msg/detail/mypal_set_coords__struct.h\n'}
[1.016432] (mypalletizer_interfaces) StdoutLine: {'line': b'-- Up-to-date: /home/robotics/ros2_cobot/install/mypalletizer_interfaces/include/mypalletizer_interfaces/mypalletizer_interfaces/msg/detail/mypal_set_angles__type_support.h\n'}
[1.016484] (mypalletizer_interfaces) StdoutLine: {'line': b'-- Up-to-date: /home/robotics/ros2_cobot/install/mypalletizer_interfaces/include/mypalletizer_interfaces/mypalletizer_interfaces/msg/detail/mypal_angles__type_support.h\n'}
[1.016535] (mypalletizer_interfaces) StdoutLine: {'line': b'-- Up-to-date: /home/robotics/ros2_cobot/install/mypalletizer_interfaces/include/mypalletizer_interfaces/mypalletizer_interfaces/msg/detail/mypal_coords__functions.c\n'}
[1.016584] (mypalletizer_interfaces) StdoutLine: {'line': b'-- Up-to-date: /home/robotics/ros2_cobot/install/mypalletizer_interfaces/include/mypalletizer_interfaces/mypalletizer_interfaces/msg/detail/mypal_angles__functions.c\n'}
[1.016641] (mypalletizer_interfaces) StdoutLine: {'line': b'-- Up-to-date: /home/robotics/ros2_cobot/install/mypalletizer_interfaces/include/mypalletizer_interfaces/mypalletizer_interfaces/msg/detail/mypal_angles__struct.h\n'}
[1.016694] (mypalletizer_interfaces) StdoutLine: {'line': b'-- Up-to-date: /home/robotics/ros2_cobot/install/mypalletizer_interfaces/include/mypalletizer_interfaces/mypalletizer_interfaces/msg/detail/mypal_coords__functions.h\n'}
[1.016747] (mypalletizer_interfaces) StdoutLine: {'line': b'-- Up-to-date: /home/robotics/ros2_cobot/install/mypalletizer_interfaces/include/mypalletizer_interfaces/mypalletizer_interfaces/msg/detail/mypal_coords__type_support.h\n'}
[1.016802] (mypalletizer_interfaces) StdoutLine: {'line': b'-- Up-to-date: /home/robotics/ros2_cobot/install/mypalletizer_interfaces/include/mypalletizer_interfaces/mypalletizer_interfaces/msg/detail/mypal_pump_status__type_support.h\n'}
[1.016855] (mypalletizer_interfaces) StdoutLine: {'line': b'-- Up-to-date: /home/robotics/ros2_cobot/install/mypalletizer_interfaces/include/mypalletizer_interfaces/mypalletizer_interfaces/msg/detail/mypal_pump_status__struct.h\n'}
[1.016910] (mypalletizer_interfaces) StdoutLine: {'line': b'-- Up-to-date: /home/robotics/ros2_cobot/install/mypalletizer_interfaces/include/mypalletizer_interfaces/mypalletizer_interfaces/msg/detail/mypal_gripper_status__struct.h\n'}
[1.016965] (mypalletizer_interfaces) StdoutLine: {'line': b'-- Up-to-date: /home/robotics/ros2_cobot/install/mypalletizer_interfaces/include/mypalletizer_interfaces/mypalletizer_interfaces/msg/detail/mypal_angles__functions.h\n'}
[1.017008] (mypalletizer_interfaces) StdoutLine: {'line': b'-- Up-to-date: /home/robotics/ros2_cobot/install/mypalletizer_interfaces/include/mypalletizer_interfaces/mypalletizer_interfaces/msg/detail/mypal_set_angles__struct.h\n'}
[1.017052] (mypalletizer_interfaces) StdoutLine: {'line': b'-- Up-to-date: /home/robotics/ros2_cobot/install/mypalletizer_interfaces/include/mypalletizer_interfaces/mypalletizer_interfaces/msg/detail/mypal_set_angles__functions.h\n'}
[1.017096] (mypalletizer_interfaces) StdoutLine: {'line': b'-- Up-to-date: /home/robotics/ros2_cobot/install/mypalletizer_interfaces/include/mypalletizer_interfaces/mypalletizer_interfaces/msg/detail/mypal_set_coords__functions.c\n'}
[1.017152] (mypalletizer_interfaces) StdoutLine: {'line': b'-- Up-to-date: /home/robotics/ros2_cobot/install/mypalletizer_interfaces/include/mypalletizer_interfaces/mypalletizer_interfaces/msg/detail/mypal_gripper_status__functions.h\n'}
[1.017201] (mypalletizer_interfaces) StdoutLine: {'line': b'-- Up-to-date: /home/robotics/ros2_cobot/install/mypalletizer_interfaces/include/mypalletizer_interfaces/mypalletizer_interfaces/msg/detail/mypal_gripper_status__type_support.h\n'}
[1.017243] (mypalletizer_interfaces) StdoutLine: {'line': b'-- Up-to-date: /home/robotics/ros2_cobot/install/mypalletizer_interfaces/include/mypalletizer_interfaces/mypalletizer_interfaces/msg/detail/mypal_pump_status__functions.c\n'}
[1.017287] (mypalletizer_interfaces) StdoutLine: {'line': b'-- Up-to-date: /home/robotics/ros2_cobot/install/mypalletizer_interfaces/include/mypalletizer_interfaces/mypalletizer_interfaces/msg/mypal_coords.h\n'}
[1.017345] (mypalletizer_interfaces) StdoutLine: {'line': b'-- Up-to-date: /home/robotics/ros2_cobot/install/mypalletizer_interfaces/include/mypalletizer_interfaces/mypalletizer_interfaces/msg/rosidl_generator_c__visibility_control.h\n'}
[1.017404] (mypalletizer_interfaces) StdoutLine: {'line': b'-- Up-to-date: /home/robotics/ros2_cobot/install/mypalletizer_interfaces/include/mypalletizer_interfaces/mypalletizer_interfaces/msg/mypal_set_coords.h\n'}
[1.017451] (mypalletizer_interfaces) StdoutLine: {'line': b'-- Up-to-date: /home/robotics/ros2_cobot/install/mypalletizer_interfaces/include/mypalletizer_interfaces/mypalletizer_interfaces/msg/mypal_pump_status.h\n'}
[1.017507] (mypalletizer_interfaces) StdoutLine: {'line': b'-- Up-to-date: /home/robotics/ros2_cobot/install/mypalletizer_interfaces/include/mypalletizer_interfaces/mypalletizer_interfaces/msg/mypal_angles.h\n'}
[1.017563] (mypalletizer_interfaces) StdoutLine: {'line': b'-- Up-to-date: /home/robotics/ros2_cobot/install/mypalletizer_interfaces/share/mypalletizer_interfaces/environment/library_path.sh\n'}
[1.017609] (mypalletizer_interfaces) StdoutLine: {'line': b'-- Up-to-date: /home/robotics/ros2_cobot/install/mypalletizer_interfaces/share/mypalletizer_interfaces/environment/library_path.dsv\n'}
[1.017654] (mypalletizer_interfaces) StdoutLine: {'line': b'-- Up-to-date: /home/robotics/ros2_cobot/install/mypalletizer_interfaces/lib/libmypalletizer_interfaces__rosidl_generator_c.so\n'}
[1.017702] (mypalletizer_interfaces) StdoutLine: {'line': b'-- Up-to-date: /home/robotics/ros2_cobot/install/mypalletizer_interfaces/include/mypalletizer_interfaces/mypalletizer_interfaces\n'}
[1.017751] (mypalletizer_interfaces) StdoutLine: {'line': b'-- Up-to-date: /home/robotics/ros2_cobot/install/mypalletizer_interfaces/include/mypalletizer_interfaces/mypalletizer_interfaces/srv\n'}
[1.017801] (mypalletizer_interfaces) StdoutLine: {'line': b'-- Up-to-date: /home/robotics/ros2_cobot/install/mypalletizer_interfaces/include/mypalletizer_interfaces/mypalletizer_interfaces/srv/detail\n'}
[1.017840] (mypalletizer_interfaces) StdoutLine: {'line': b'-- Up-to-date: /home/robotics/ros2_cobot/install/mypalletizer_interfaces/include/mypalletizer_interfaces/mypalletizer_interfaces/srv/detail/get_angles__rosidl_typesupport_fastrtps_c.h\n'}
[1.017887] (mypalletizer_interfaces) StdoutLine: {'line': b'-- Up-to-date: /home/robotics/ros2_cobot/install/mypalletizer_interfaces/include/mypalletizer_interfaces/mypalletizer_interfaces/srv/detail/set_coords__rosidl_typesupport_fastrtps_c.h\n'}
[1.017932] (mypalletizer_interfaces) StdoutLine: {'line': b'-- Up-to-date: /home/robotics/ros2_cobot/install/mypalletizer_interfaces/include/mypalletizer_interfaces/mypalletizer_interfaces/srv/detail/get_coords__rosidl_typesupport_fastrtps_c.h\n'}
[1.017976] (mypalletizer_interfaces) StdoutLine: {'line': b'-- Up-to-date: /home/robotics/ros2_cobot/install/mypalletizer_interfaces/include/mypalletizer_interfaces/mypalletizer_interfaces/srv/detail/set_angles__rosidl_typesupport_fastrtps_c.h\n'}
[1.018020] (mypalletizer_interfaces) StdoutLine: {'line': b'-- Up-to-date: /home/robotics/ros2_cobot/install/mypalletizer_interfaces/include/mypalletizer_interfaces/mypalletizer_interfaces/srv/detail/pump_status__rosidl_typesupport_fastrtps_c.h\n'}
[1.018063] (mypalletizer_interfaces) StdoutLine: {'line': b'-- Up-to-date: /home/robotics/ros2_cobot/install/mypalletizer_interfaces/include/mypalletizer_interfaces/mypalletizer_interfaces/srv/detail/gripper_status__rosidl_typesupport_fastrtps_c.h\n'}
[1.018102] (mypalletizer_interfaces) StdoutLine: {'line': b'-- Up-to-date: /home/robotics/ros2_cobot/install/mypalletizer_interfaces/include/mypalletizer_interfaces/mypalletizer_interfaces/msg\n'}
[1.018143] (mypalletizer_interfaces) StdoutLine: {'line': b'-- Up-to-date: /home/robotics/ros2_cobot/install/mypalletizer_interfaces/include/mypalletizer_interfaces/mypalletizer_interfaces/msg/detail\n'}
[1.018185] (mypalletizer_interfaces) StdoutLine: {'line': b'-- Up-to-date: /home/robotics/ros2_cobot/install/mypalletizer_interfaces/include/mypalletizer_interfaces/mypalletizer_interfaces/msg/detail/mypal_set_angles__rosidl_typesupport_fastrtps_c.h\n'}
[1.018226] (mypalletizer_interfaces) StdoutLine: {'line': b'-- Up-to-date: /home/robotics/ros2_cobot/install/mypalletizer_interfaces/include/mypalletizer_interfaces/mypalletizer_interfaces/msg/detail/mypal_angles__rosidl_typesupport_fastrtps_c.h\n'}
[1.018280] (mypalletizer_interfaces) StdoutLine: {'line': b'-- Up-to-date: /home/robotics/ros2_cobot/install/mypalletizer_interfaces/include/mypalletizer_interfaces/mypalletizer_interfaces/msg/detail/mypal_pump_status__rosidl_typesupport_fastrtps_c.h\n'}
[1.018322] (mypalletizer_interfaces) StdoutLine: {'line': b'-- Up-to-date: /home/robotics/ros2_cobot/install/mypalletizer_interfaces/include/mypalletizer_interfaces/mypalletizer_interfaces/msg/detail/mypal_gripper_status__rosidl_typesupport_fastrtps_c.h\n'}
[1.018411] (mypalletizer_interfaces) StdoutLine: {'line': b'-- Up-to-date: /home/robotics/ros2_cobot/install/mypalletizer_interfaces/include/mypalletizer_interfaces/mypalletizer_interfaces/msg/detail/mypal_coords__rosidl_typesupport_fastrtps_c.h\n'}
[1.018452] (mypalletizer_interfaces) StdoutLine: {'line': b'-- Up-to-date: /home/robotics/ros2_cobot/install/mypalletizer_interfaces/include/mypalletizer_interfaces/mypalletizer_interfaces/msg/detail/mypal_set_coords__rosidl_typesupport_fastrtps_c.h\n'}
[1.018498] (mypalletizer_interfaces) StdoutLine: {'line': b'-- Up-to-date: /home/robotics/ros2_cobot/install/mypalletizer_interfaces/include/mypalletizer_interfaces/mypalletizer_interfaces/msg/rosidl_typesupport_fastrtps_c__visibility_control.h\n'}
[1.018548] (mypalletizer_interfaces) StdoutLine: {'line': b'-- Up-to-date: /home/robotics/ros2_cobot/install/mypalletizer_interfaces/lib/libmypalletizer_interfaces__rosidl_typesupport_fastrtps_c.so\n'}
[1.018591] (mypalletizer_interfaces) StdoutLine: {'line': b'-- Up-to-date: /home/robotics/ros2_cobot/install/mypalletizer_interfaces/include/mypalletizer_interfaces/mypalletizer_interfaces\n'}
[1.018633] (mypalletizer_interfaces) StdoutLine: {'line': b'-- Up-to-date: /home/robotics/ros2_cobot/install/mypalletizer_interfaces/include/mypalletizer_interfaces/mypalletizer_interfaces/srv\n'}
[1.018671] (mypalletizer_interfaces) StdoutLine: {'line': b'-- Up-to-date: /home/robotics/ros2_cobot/install/mypalletizer_interfaces/include/mypalletizer_interfaces/mypalletizer_interfaces/srv/detail\n'}
[1.018712] (mypalletizer_interfaces) StdoutLine: {'line': b'-- Up-to-date: /home/robotics/ros2_cobot/install/mypalletizer_interfaces/include/mypalletizer_interfaces/mypalletizer_interfaces/srv/detail/gripper_status__type_support.c\n'}
[1.018767] (mypalletizer_interfaces) StdoutLine: {'line': b'-- Up-to-date: /home/robotics/ros2_cobot/install/mypalletizer_interfaces/include/mypalletizer_interfaces/mypalletizer_interfaces/srv/detail/gripper_status__rosidl_typesupport_introspection_c.h\n'}
[1.018809] (mypalletizer_interfaces) StdoutLine: {'line': b'-- Up-to-date: /home/robotics/ros2_cobot/install/mypalletizer_interfaces/include/mypalletizer_interfaces/mypalletizer_interfaces/srv/detail/set_coords__rosidl_typesupport_introspection_c.h\n'}
[1.018851] (mypalletizer_interfaces) StdoutLine: {'line': b'-- Up-to-date: /home/robotics/ros2_cobot/install/mypalletizer_interfaces/include/mypalletizer_interfaces/mypalletizer_interfaces/srv/detail/get_angles__rosidl_typesupport_introspection_c.h\n'}
[1.018891] (mypalletizer_interfaces) StdoutLine: {'line': b'-- Up-to-date: /home/robotics/ros2_cobot/install/mypalletizer_interfaces/include/mypalletizer_interfaces/mypalletizer_interfaces/srv/detail/get_coords__rosidl_typesupport_introspection_c.h\n'}
[1.018932] (mypalletizer_interfaces) StdoutLine: {'line': b'-- Up-to-date: /home/robotics/ros2_cobot/install/mypalletizer_interfaces/include/mypalletizer_interfaces/mypalletizer_interfaces/srv/detail/set_angles__rosidl_typesupport_introspection_c.h\n'}
[1.018974] (mypalletizer_interfaces) StdoutLine: {'line': b'-- Up-to-date: /home/robotics/ros2_cobot/install/mypalletizer_interfaces/include/mypalletizer_interfaces/mypalletizer_interfaces/srv/detail/get_angles__type_support.c\n'}
[1.019016] (mypalletizer_interfaces) StdoutLine: {'line': b'-- Up-to-date: /home/robotics/ros2_cobot/install/mypalletizer_interfaces/include/mypalletizer_interfaces/mypalletizer_interfaces/srv/detail/pump_status__rosidl_typesupport_introspection_c.h\n'}
[1.019058] (mypalletizer_interfaces) StdoutLine: {'line': b'-- Up-to-date: /home/robotics/ros2_cobot/install/mypalletizer_interfaces/include/mypalletizer_interfaces/mypalletizer_interfaces/srv/detail/get_coords__type_support.c\n'}
[1.019100] (mypalletizer_interfaces) StdoutLine: {'line': b'-- Up-to-date: /home/robotics/ros2_cobot/install/mypalletizer_interfaces/include/mypalletizer_interfaces/mypalletizer_interfaces/srv/detail/set_angles__type_support.c\n'}
[1.019149] (mypalletizer_interfaces) StdoutLine: {'line': b'-- Up-to-date: /home/robotics/ros2_cobot/install/mypalletizer_interfaces/include/mypalletizer_interfaces/mypalletizer_interfaces/srv/detail/set_coords__type_support.c\n'}
[1.019186] (mypalletizer_interfaces) StdoutLine: {'line': b'-- Up-to-date: /home/robotics/ros2_cobot/install/mypalletizer_interfaces/include/mypalletizer_interfaces/mypalletizer_interfaces/srv/detail/pump_status__type_support.c\n'}
[1.019230] (mypalletizer_interfaces) StdoutLine: {'line': b'-- Up-to-date: /home/robotics/ros2_cobot/install/mypalletizer_interfaces/include/mypalletizer_interfaces/mypalletizer_interfaces/msg\n'}
[1.019272] (mypalletizer_interfaces) StdoutLine: {'line': b'-- Up-to-date: /home/robotics/ros2_cobot/install/mypalletizer_interfaces/include/mypalletizer_interfaces/mypalletizer_interfaces/msg/detail\n'}
[1.019336] (mypalletizer_interfaces) StdoutLine: {'line': b'-- Up-to-date: /home/robotics/ros2_cobot/install/mypalletizer_interfaces/include/mypalletizer_interfaces/mypalletizer_interfaces/msg/detail/mypal_coords__rosidl_typesupport_introspection_c.h\n'}
[1.019394] (mypalletizer_interfaces) StdoutLine: {'line': b'-- Up-to-date: /home/robotics/ros2_cobot/install/mypalletizer_interfaces/include/mypalletizer_interfaces/mypalletizer_interfaces/msg/detail/mypal_set_coords__type_support.c\n'}
[1.019436] (mypalletizer_interfaces) StdoutLine: {'line': b'-- Up-to-date: /home/robotics/ros2_cobot/install/mypalletizer_interfaces/include/mypalletizer_interfaces/mypalletizer_interfaces/msg/detail/mypal_set_angles__type_support.c\n'}
[1.019474] (mypalletizer_interfaces) StdoutLine: {'line': b'-- Up-to-date: /home/robotics/ros2_cobot/install/mypalletizer_interfaces/include/mypalletizer_interfaces/mypalletizer_interfaces/msg/detail/mypal_gripper_status__rosidl_typesupport_introspection_c.h\n'}
[1.019514] (mypalletizer_interfaces) StdoutLine: {'line': b'-- Up-to-date: /home/robotics/ros2_cobot/install/mypalletizer_interfaces/include/mypalletizer_interfaces/mypalletizer_interfaces/msg/detail/mypal_gripper_status__type_support.c\n'}
[1.019552] (mypalletizer_interfaces) StdoutLine: {'line': b'-- Up-to-date: /home/robotics/ros2_cobot/install/mypalletizer_interfaces/include/mypalletizer_interfaces/mypalletizer_interfaces/msg/detail/mypal_angles__type_support.c\n'}
[1.019588] (mypalletizer_interfaces) StdoutLine: {'line': b'-- Up-to-date: /home/robotics/ros2_cobot/install/mypalletizer_interfaces/include/mypalletizer_interfaces/mypalletizer_interfaces/msg/detail/mypal_set_coords__rosidl_typesupport_introspection_c.h\n'}
[1.019626] (mypalletizer_interfaces) StdoutLine: {'line': b'-- Up-to-date: /home/robotics/ros2_cobot/install/mypalletizer_interfaces/include/mypalletizer_interfaces/mypalletizer_interfaces/msg/detail/mypal_angles__rosidl_typesupport_introspection_c.h\n'}
[1.019667] (mypalletizer_interfaces) StdoutLine: {'line': b'-- Up-to-date: /home/robotics/ros2_cobot/install/mypalletizer_interfaces/include/mypalletizer_interfaces/mypalletizer_interfaces/msg/detail/mypal_pump_status__rosidl_typesupport_introspection_c.h\n'}
[1.019707] (mypalletizer_interfaces) StdoutLine: {'line': b'-- Up-to-date: /home/robotics/ros2_cobot/install/mypalletizer_interfaces/include/mypalletizer_interfaces/mypalletizer_interfaces/msg/detail/mypal_set_angles__rosidl_typesupport_introspection_c.h\n'}
[1.019759] (mypalletizer_interfaces) StdoutLine: {'line': b'-- Up-to-date: /home/robotics/ros2_cobot/install/mypalletizer_interfaces/include/mypalletizer_interfaces/mypalletizer_interfaces/msg/detail/mypal_pump_status__type_support.c\n'}
[1.019799] (mypalletizer_interfaces) StdoutLine: {'line': b'-- Up-to-date: /home/robotics/ros2_cobot/install/mypalletizer_interfaces/include/mypalletizer_interfaces/mypalletizer_interfaces/msg/detail/mypal_coords__type_support.c\n'}
[1.019837] (mypalletizer_interfaces) StdoutLine: {'line': b'-- Up-to-date: /home/robotics/ros2_cobot/install/mypalletizer_interfaces/include/mypalletizer_interfaces/mypalletizer_interfaces/msg/rosidl_typesupport_introspection_c__visibility_control.h\n'}
[1.019883] (mypalletizer_interfaces) StdoutLine: {'line': b'-- Up-to-date: /home/robotics/ros2_cobot/install/mypalletizer_interfaces/lib/libmypalletizer_interfaces__rosidl_typesupport_introspection_c.so\n'}
[1.019924] (mypalletizer_interfaces) StdoutLine: {'line': b'-- Up-to-date: /home/robotics/ros2_cobot/install/mypalletizer_interfaces/lib/libmypalletizer_interfaces__rosidl_typesupport_c.so\n'}
[1.019964] (mypalletizer_interfaces) StdoutLine: {'line': b'-- Up-to-date: /home/robotics/ros2_cobot/install/mypalletizer_interfaces/include/mypalletizer_interfaces/mypalletizer_interfaces\n'}
[1.020000] (mypalletizer_interfaces) StdoutLine: {'line': b'-- Up-to-date: /home/robotics/ros2_cobot/install/mypalletizer_interfaces/include/mypalletizer_interfaces/mypalletizer_interfaces/srv\n'}
[1.020037] (mypalletizer_interfaces) StdoutLine: {'line': b'-- Up-to-date: /home/robotics/ros2_cobot/install/mypalletizer_interfaces/include/mypalletizer_interfaces/mypalletizer_interfaces/srv/get_angles.hpp\n'}
[1.020075] (mypalletizer_interfaces) StdoutLine: {'line': b'-- Up-to-date: /home/robotics/ros2_cobot/install/mypalletizer_interfaces/include/mypalletizer_interfaces/mypalletizer_interfaces/srv/set_coords.hpp\n'}
[1.020114] (mypalletizer_interfaces) StdoutLine: {'line': b'-- Up-to-date: /home/robotics/ros2_cobot/install/mypalletizer_interfaces/include/mypalletizer_interfaces/mypalletizer_interfaces/srv/set_angles.hpp\n'}
[1.020156] (mypalletizer_interfaces) StdoutLine: {'line': b'-- Up-to-date: /home/robotics/ros2_cobot/install/mypalletizer_interfaces/include/mypalletizer_interfaces/mypalletizer_interfaces/srv/detail\n'}
[1.020194] (mypalletizer_interfaces) StdoutLine: {'line': b'-- Up-to-date: /home/robotics/ros2_cobot/install/mypalletizer_interfaces/include/mypalletizer_interfaces/mypalletizer_interfaces/srv/detail/get_angles__traits.hpp\n'}
[1.020232] (mypalletizer_interfaces) StdoutLine: {'line': b'-- Up-to-date: /home/robotics/ros2_cobot/install/mypalletizer_interfaces/include/mypalletizer_interfaces/mypalletizer_interfaces/srv/detail/get_coords__struct.hpp\n'}
[1.020279] (mypalletizer_interfaces) StdoutLine: {'line': b'-- Up-to-date: /home/robotics/ros2_cobot/install/mypalletizer_interfaces/include/mypalletizer_interfaces/mypalletizer_interfaces/srv/detail/set_angles__type_support.hpp\n'}
[1.020321] (mypalletizer_interfaces) StdoutLine: {'line': b'-- Up-to-date: /home/robotics/ros2_cobot/install/mypalletizer_interfaces/include/mypalletizer_interfaces/mypalletizer_interfaces/srv/detail/set_coords__type_support.hpp\n'}
[1.020380] (mypalletizer_interfaces) StdoutLine: {'line': b'-- Up-to-date: /home/robotics/ros2_cobot/install/mypalletizer_interfaces/include/mypalletizer_interfaces/mypalletizer_interfaces/srv/detail/set_angles__traits.hpp\n'}
[1.020419] (mypalletizer_interfaces) StdoutLine: {'line': b'-- Up-to-date: /home/robotics/ros2_cobot/install/mypalletizer_interfaces/include/mypalletizer_interfaces/mypalletizer_interfaces/srv/detail/get_angles__struct.hpp\n'}
[1.020456] (mypalletizer_interfaces) StdoutLine: {'line': b'-- Up-to-date: /home/robotics/ros2_cobot/install/mypalletizer_interfaces/include/mypalletizer_interfaces/mypalletizer_interfaces/srv/detail/get_angles__type_support.hpp\n'}
[1.020494] (mypalletizer_interfaces) StdoutLine: {'line': b'-- Up-to-date: /home/robotics/ros2_cobot/install/mypalletizer_interfaces/include/mypalletizer_interfaces/mypalletizer_interfaces/srv/detail/gripper_status__struct.hpp\n'}
[1.020530] (mypalletizer_interfaces) StdoutLine: {'line': b'-- Up-to-date: /home/robotics/ros2_cobot/install/mypalletizer_interfaces/include/mypalletizer_interfaces/mypalletizer_interfaces/srv/detail/gripper_status__type_support.hpp\n'}
[1.020572] (mypalletizer_interfaces) StdoutLine: {'line': b'-- Up-to-date: /home/robotics/ros2_cobot/install/mypalletizer_interfaces/include/mypalletizer_interfaces/mypalletizer_interfaces/srv/detail/get_coords__traits.hpp\n'}
[1.020609] (mypalletizer_interfaces) StdoutLine: {'line': b'-- Up-to-date: /home/robotics/ros2_cobot/install/mypalletizer_interfaces/include/mypalletizer_interfaces/mypalletizer_interfaces/srv/detail/gripper_status__builder.hpp\n'}
[1.020660] (mypalletizer_interfaces) StdoutLine: {'line': b'-- Up-to-date: /home/robotics/ros2_cobot/install/mypalletizer_interfaces/include/mypalletizer_interfaces/mypalletizer_interfaces/srv/detail/pump_status__struct.hpp\n'}
[1.020703] (mypalletizer_interfaces) StdoutLine: {'line': b'-- Up-to-date: /home/robotics/ros2_cobot/install/mypalletizer_interfaces/include/mypalletizer_interfaces/mypalletizer_interfaces/srv/detail/set_coords__struct.hpp\n'}
[1.020744] (mypalletizer_interfaces) StdoutLine: {'line': b'-- Up-to-date: /home/robotics/ros2_cobot/install/mypalletizer_interfaces/include/mypalletizer_interfaces/mypalletizer_interfaces/srv/detail/pump_status__traits.hpp\n'}
[1.020796] (mypalletizer_interfaces) StdoutLine: {'line': b'-- Up-to-date: /home/robotics/ros2_cobot/install/mypalletizer_interfaces/include/mypalletizer_interfaces/mypalletizer_interfaces/srv/detail/pump_status__type_support.hpp\n'}
[1.020835] (mypalletizer_interfaces) StdoutLine: {'line': b'-- Up-to-date: /home/robotics/ros2_cobot/install/mypalletizer_interfaces/include/mypalletizer_interfaces/mypalletizer_interfaces/srv/detail/get_coords__builder.hpp\n'}
[1.020872] (mypalletizer_interfaces) StdoutLine: {'line': b'-- Up-to-date: /home/robotics/ros2_cobot/install/mypalletizer_interfaces/include/mypalletizer_interfaces/mypalletizer_interfaces/srv/detail/set_coords__traits.hpp\n'}
[1.020911] (mypalletizer_interfaces) StdoutLine: {'line': b'-- Up-to-date: /home/robotics/ros2_cobot/install/mypalletizer_interfaces/include/mypalletizer_interfaces/mypalletizer_interfaces/srv/detail/set_angles__builder.hpp\n'}
[1.020950] (mypalletizer_interfaces) StdoutLine: {'line': b'-- Up-to-date: /home/robotics/ros2_cobot/install/mypalletizer_interfaces/include/mypalletizer_interfaces/mypalletizer_interfaces/srv/detail/set_angles__struct.hpp\n'}
[1.020990] (mypalletizer_interfaces) StdoutLine: {'line': b'-- Up-to-date: /home/robotics/ros2_cobot/install/mypalletizer_interfaces/include/mypalletizer_interfaces/mypalletizer_interfaces/srv/detail/set_coords__builder.hpp\n'}
[1.021028] (mypalletizer_interfaces) StdoutLine: {'line': b'-- Up-to-date: /home/robotics/ros2_cobot/install/mypalletizer_interfaces/include/mypalletizer_interfaces/mypalletizer_interfaces/srv/detail/pump_status__builder.hpp\n'}
[1.021068] (mypalletizer_interfaces) StdoutLine: {'line': b'-- Up-to-date: /home/robotics/ros2_cobot/install/mypalletizer_interfaces/include/mypalletizer_interfaces/mypalletizer_interfaces/srv/detail/gripper_status__traits.hpp\n'}
[1.021109] (mypalletizer_interfaces) StdoutLine: {'line': b'-- Up-to-date: /home/robotics/ros2_cobot/install/mypalletizer_interfaces/include/mypalletizer_interfaces/mypalletizer_interfaces/srv/detail/get_coords__type_support.hpp\n'}
[1.021150] (mypalletizer_interfaces) StdoutLine: {'line': b'-- Up-to-date: /home/robotics/ros2_cobot/install/mypalletizer_interfaces/include/mypalletizer_interfaces/mypalletizer_interfaces/srv/detail/get_angles__builder.hpp\n'}
[1.021198] (mypalletizer_interfaces) StdoutLine: {'line': b'-- Up-to-date: /home/robotics/ros2_cobot/install/mypalletizer_interfaces/include/mypalletizer_interfaces/mypalletizer_interfaces/srv/pump_status.hpp\n'}
[1.021248] (mypalletizer_interfaces) StdoutLine: {'line': b'-- Up-to-date: /home/robotics/ros2_cobot/install/mypalletizer_interfaces/include/mypalletizer_interfaces/mypalletizer_interfaces/srv/gripper_status.hpp\n'}
[1.021302] (mypalletizer_interfaces) StdoutLine: {'line': b'-- Up-to-date: /home/robotics/ros2_cobot/install/mypalletizer_interfaces/include/mypalletizer_interfaces/mypalletizer_interfaces/srv/get_coords.hpp\n'}
[1.021364] (mypalletizer_interfaces) StdoutLine: {'line': b'-- Up-to-date: /home/robotics/ros2_cobot/install/mypalletizer_interfaces/include/mypalletizer_interfaces/mypalletizer_interfaces/msg\n'}
[1.021413] (mypalletizer_interfaces) StdoutLine: {'line': b'-- Up-to-date: /home/robotics/ros2_cobot/install/mypalletizer_interfaces/include/mypalletizer_interfaces/mypalletizer_interfaces/msg/mypal_pump_status.hpp\n'}
[1.021462] (mypalletizer_interfaces) StdoutLine: {'line': b'-- Up-to-date: /home/robotics/ros2_cobot/install/mypalletizer_interfaces/include/mypalletizer_interfaces/mypalletizer_interfaces/msg/rosidl_generator_cpp__visibility_control.hpp\n'}
[1.021502] (mypalletizer_interfaces) StdoutLine: {'line': b'-- Up-to-date: /home/robotics/ros2_cobot/install/mypalletizer_interfaces/include/mypalletizer_interfaces/mypalletizer_interfaces/msg/detail\n'}
[1.021544] (mypalletizer_interfaces) StdoutLine: {'line': b'-- Up-to-date: /home/robotics/ros2_cobot/install/mypalletizer_interfaces/include/mypalletizer_interfaces/mypalletizer_interfaces/msg/detail/mypal_gripper_status__type_support.hpp\n'}
[1.021585] (mypalletizer_interfaces) StdoutLine: {'line': b'-- Up-to-date: /home/robotics/ros2_cobot/install/mypalletizer_interfaces/include/mypalletizer_interfaces/mypalletizer_interfaces/msg/detail/mypal_set_angles__builder.hpp\n'}
[1.021627] (mypalletizer_interfaces) StdoutLine: {'line': b'-- Up-to-date: /home/robotics/ros2_cobot/install/mypalletizer_interfaces/include/mypalletizer_interfaces/mypalletizer_interfaces/msg/detail/mypal_pump_status__traits.hpp\n'}
[1.021666] (mypalletizer_interfaces) StdoutLine: {'line': b'-- Up-to-date: /home/robotics/ros2_cobot/install/mypalletizer_interfaces/include/mypalletizer_interfaces/mypalletizer_interfaces/msg/detail/mypal_set_coords__builder.hpp\n'}
[1.021708] (mypalletizer_interfaces) StdoutLine: {'line': b'-- Up-to-date: /home/robotics/ros2_cobot/install/mypalletizer_interfaces/include/mypalletizer_interfaces/mypalletizer_interfaces/msg/detail/mypal_set_coords__type_support.hpp\n'}
[1.021756] (mypalletizer_interfaces) StdoutLine: {'line': b'-- Up-to-date: /home/robotics/ros2_cobot/install/mypalletizer_interfaces/include/mypalletizer_interfaces/mypalletizer_interfaces/msg/detail/mypal_gripper_status__traits.hpp\n'}
[1.021803] (mypalletizer_interfaces) StdoutLine: {'line': b'-- Up-to-date: /home/robotics/ros2_cobot/install/mypalletizer_interfaces/include/mypalletizer_interfaces/mypalletizer_interfaces/msg/detail/mypal_angles__traits.hpp\n'}
[1.021917] (mypalletizer_interfaces) StdoutLine: {'line': b'-- Up-to-date: /home/robotics/ros2_cobot/install/mypalletizer_interfaces/include/mypalletizer_interfaces/mypalletizer_interfaces/msg/detail/mypal_angles__builder.hpp\n'}
[1.021971] (mypalletizer_interfaces) StdoutLine: {'line': b'-- Up-to-date: /home/robotics/ros2_cobot/install/mypalletizer_interfaces/include/mypalletizer_interfaces/mypalletizer_interfaces/msg/detail/mypal_pump_status__type_support.hpp\n'}
[1.022035] (mypalletizer_interfaces) StdoutLine: {'line': b'-- Up-to-date: /home/robotics/ros2_cobot/install/mypalletizer_interfaces/include/mypalletizer_interfaces/mypalletizer_interfaces/msg/detail/mypal_coords__type_support.hpp\n'}
[1.022084] (mypalletizer_interfaces) StdoutLine: {'line': b'-- Up-to-date: /home/robotics/ros2_cobot/install/mypalletizer_interfaces/include/mypalletizer_interfaces/mypalletizer_interfaces/msg/detail/mypal_coords__builder.hpp\n'}
[1.022131] (mypalletizer_interfaces) StdoutLine: {'line': b'-- Up-to-date: /home/robotics/ros2_cobot/install/mypalletizer_interfaces/include/mypalletizer_interfaces/mypalletizer_interfaces/msg/detail/mypal_set_coords__struct.hpp\n'}
[1.022180] (mypalletizer_interfaces) StdoutLine: {'line': b'-- Up-to-date: /home/robotics/ros2_cobot/install/mypalletizer_interfaces/include/mypalletizer_interfaces/mypalletizer_interfaces/msg/detail/mypal_set_angles__type_support.hpp\n'}
[1.022226] (mypalletizer_interfaces) StdoutLine: {'line': b'-- Up-to-date: /home/robotics/ros2_cobot/install/mypalletizer_interfaces/include/mypalletizer_interfaces/mypalletizer_interfaces/msg/detail/mypal_angles__type_support.hpp\n'}
[1.022275] (mypalletizer_interfaces) StdoutLine: {'line': b'-- Up-to-date: /home/robotics/ros2_cobot/install/mypalletizer_interfaces/include/mypalletizer_interfaces/mypalletizer_interfaces/msg/detail/mypal_angles__struct.hpp\n'}
[1.022405] (mypalletizer_interfaces) StdoutLine: {'line': b'-- Up-to-date: /home/robotics/ros2_cobot/install/mypalletizer_interfaces/include/mypalletizer_interfaces/mypalletizer_interfaces/msg/detail/mypal_coords__struct.hpp\n'}
[1.022456] (mypalletizer_interfaces) StdoutLine: {'line': b'-- Up-to-date: /home/robotics/ros2_cobot/install/mypalletizer_interfaces/include/mypalletizer_interfaces/mypalletizer_interfaces/msg/detail/mypal_set_coords__traits.hpp\n'}
[1.022503] (mypalletizer_interfaces) StdoutLine: {'line': b'-- Up-to-date: /home/robotics/ros2_cobot/install/mypalletizer_interfaces/include/mypalletizer_interfaces/mypalletizer_interfaces/msg/detail/mypal_set_angles__struct.hpp\n'}
[1.022556] (mypalletizer_interfaces) StdoutLine: {'line': b'-- Up-to-date: /home/robotics/ros2_cobot/install/mypalletizer_interfaces/include/mypalletizer_interfaces/mypalletizer_interfaces/msg/detail/mypal_set_angles__traits.hpp\n'}
[1.022600] (mypalletizer_interfaces) StdoutLine: {'line': b'-- Up-to-date: /home/robotics/ros2_cobot/install/mypalletizer_interfaces/include/mypalletizer_interfaces/mypalletizer_interfaces/msg/detail/mypal_coords__traits.hpp\n'}
[1.022645] (mypalletizer_interfaces) StdoutLine: {'line': b'-- Up-to-date: /home/robotics/ros2_cobot/install/mypalletizer_interfaces/include/mypalletizer_interfaces/mypalletizer_interfaces/msg/detail/mypal_gripper_status__struct.hpp\n'}
[1.022692] (mypalletizer_interfaces) StdoutLine: {'line': b'-- Up-to-date: /home/robotics/ros2_cobot/install/mypalletizer_interfaces/include/mypalletizer_interfaces/mypalletizer_interfaces/msg/detail/mypal_pump_status__struct.hpp\n'}
[1.022737] (mypalletizer_interfaces) StdoutLine: {'line': b'-- Up-to-date: /home/robotics/ros2_cobot/install/mypalletizer_interfaces/include/mypalletizer_interfaces/mypalletizer_interfaces/msg/detail/mypal_gripper_status__builder.hpp\n'}
[1.022788] (mypalletizer_interfaces) StdoutLine: {'line': b'-- Up-to-date: /home/robotics/ros2_cobot/install/mypalletizer_interfaces/include/mypalletizer_interfaces/mypalletizer_interfaces/msg/detail/mypal_pump_status__builder.hpp\n'}
[1.022835] (mypalletizer_interfaces) StdoutLine: {'line': b'-- Up-to-date: /home/robotics/ros2_cobot/install/mypalletizer_interfaces/include/mypalletizer_interfaces/mypalletizer_interfaces/msg/mypal_coords.hpp\n'}
[1.022889] (mypalletizer_interfaces) StdoutLine: {'line': b'-- Up-to-date: /home/robotics/ros2_cobot/install/mypalletizer_interfaces/include/mypalletizer_interfaces/mypalletizer_interfaces/msg/mypal_set_angles.hpp\n'}
[1.022943] (mypalletizer_interfaces) StdoutLine: {'line': b'-- Up-to-date: /home/robotics/ros2_cobot/install/mypalletizer_interfaces/include/mypalletizer_interfaces/mypalletizer_interfaces/msg/mypal_gripper_status.hpp\n'}
[1.022989] (mypalletizer_interfaces) StdoutLine: {'line': b'-- Up-to-date: /home/robotics/ros2_cobot/install/mypalletizer_interfaces/include/mypalletizer_interfaces/mypalletizer_interfaces/msg/mypal_angles.hpp\n'}
[1.023032] (mypalletizer_interfaces) StdoutLine: {'line': b'-- Up-to-date: /home/robotics/ros2_cobot/install/mypalletizer_interfaces/include/mypalletizer_interfaces/mypalletizer_interfaces/msg/mypal_set_coords.hpp\n'}
[1.023075] (mypalletizer_interfaces) StdoutLine: {'line': b'-- Up-to-date: /home/robotics/ros2_cobot/install/mypalletizer_interfaces/include/mypalletizer_interfaces/mypalletizer_interfaces\n'}
[1.023127] (mypalletizer_interfaces) StdoutLine: {'line': b'-- Up-to-date: /home/robotics/ros2_cobot/install/mypalletizer_interfaces/include/mypalletizer_interfaces/mypalletizer_interfaces/srv\n'}
[1.023173] (mypalletizer_interfaces) StdoutLine: {'line': b'-- Up-to-date: /home/robotics/ros2_cobot/install/mypalletizer_interfaces/include/mypalletizer_interfaces/mypalletizer_interfaces/srv/detail\n'}
[1.023229] (mypalletizer_interfaces) StdoutLine: {'line': b'-- Up-to-date: /home/robotics/ros2_cobot/install/mypalletizer_interfaces/include/mypalletizer_interfaces/mypalletizer_interfaces/srv/detail/dds_fastrtps\n'}
[1.023278] (mypalletizer_interfaces) StdoutLine: {'line': b'-- Up-to-date: /home/robotics/ros2_cobot/install/mypalletizer_interfaces/include/mypalletizer_interfaces/mypalletizer_interfaces/srv/detail/pump_status__rosidl_typesupport_fastrtps_cpp.hpp\n'}
[1.023399] (mypalletizer_interfaces) StdoutLine: {'line': b'-- Up-to-date: /home/robotics/ros2_cobot/install/mypalletizer_interfaces/include/mypalletizer_interfaces/mypalletizer_interfaces/srv/detail/gripper_status__rosidl_typesupport_fastrtps_cpp.hpp\n'}
[1.023460] (mypalletizer_interfaces) StdoutLine: {'line': b'-- Up-to-date: /home/robotics/ros2_cobot/install/mypalletizer_interfaces/include/mypalletizer_interfaces/mypalletizer_interfaces/srv/detail/set_coords__rosidl_typesupport_fastrtps_cpp.hpp\n'}
[1.023508] (mypalletizer_interfaces) StdoutLine: {'line': b'-- Up-to-date: /home/robotics/ros2_cobot/install/mypalletizer_interfaces/include/mypalletizer_interfaces/mypalletizer_interfaces/srv/detail/get_coords__rosidl_typesupport_fastrtps_cpp.hpp\n'}
[1.023554] (mypalletizer_interfaces) StdoutLine: {'line': b'-- Up-to-date: /home/robotics/ros2_cobot/install/mypalletizer_interfaces/include/mypalletizer_interfaces/mypalletizer_interfaces/srv/detail/set_angles__rosidl_typesupport_fastrtps_cpp.hpp\n'}
[1.023598] (mypalletizer_interfaces) StdoutLine: {'line': b'-- Up-to-date: /home/robotics/ros2_cobot/install/mypalletizer_interfaces/include/mypalletizer_interfaces/mypalletizer_interfaces/srv/detail/get_angles__rosidl_typesupport_fastrtps_cpp.hpp\n'}
[1.023639] (mypalletizer_interfaces) StdoutLine: {'line': b'-- Up-to-date: /home/robotics/ros2_cobot/install/mypalletizer_interfaces/include/mypalletizer_interfaces/mypalletizer_interfaces/msg\n'}
[1.023680] (mypalletizer_interfaces) StdoutLine: {'line': b'-- Up-to-date: /home/robotics/ros2_cobot/install/mypalletizer_interfaces/include/mypalletizer_interfaces/mypalletizer_interfaces/msg/detail\n'}
[1.023729] (mypalletizer_interfaces) StdoutLine: {'line': b'-- Up-to-date: /home/robotics/ros2_cobot/install/mypalletizer_interfaces/include/mypalletizer_interfaces/mypalletizer_interfaces/msg/detail/dds_fastrtps\n'}
[1.023794] (mypalletizer_interfaces) StdoutLine: {'line': b'-- Up-to-date: /home/robotics/ros2_cobot/install/mypalletizer_interfaces/include/mypalletizer_interfaces/mypalletizer_interfaces/msg/detail/mypal_pump_status__rosidl_typesupport_fastrtps_cpp.hpp\n'}
[1.023845] (mypalletizer_interfaces) StdoutLine: {'line': b'-- Up-to-date: /home/robotics/ros2_cobot/install/mypalletizer_interfaces/include/mypalletizer_interfaces/mypalletizer_interfaces/msg/detail/mypal_set_coords__rosidl_typesupport_fastrtps_cpp.hpp\n'}
[1.023901] (mypalletizer_interfaces) StdoutLine: {'line': b'-- Up-to-date: /home/robotics/ros2_cobot/install/mypalletizer_interfaces/include/mypalletizer_interfaces/mypalletizer_interfaces/msg/detail/mypal_coords__rosidl_typesupport_fastrtps_cpp.hpp\n'}
[1.023944] (mypalletizer_interfaces) StdoutLine: {'line': b'-- Up-to-date: /home/robotics/ros2_cobot/install/mypalletizer_interfaces/include/mypalletizer_interfaces/mypalletizer_interfaces/msg/detail/mypal_set_angles__rosidl_typesupport_fastrtps_cpp.hpp\n'}
[1.023994] (mypalletizer_interfaces) StdoutLine: {'line': b'-- Up-to-date: /home/robotics/ros2_cobot/install/mypalletizer_interfaces/include/mypalletizer_interfaces/mypalletizer_interfaces/msg/detail/mypal_angles__rosidl_typesupport_fastrtps_cpp.hpp\n'}
[1.024039] (mypalletizer_interfaces) StdoutLine: {'line': b'-- Up-to-date: /home/robotics/ros2_cobot/install/mypalletizer_interfaces/include/mypalletizer_interfaces/mypalletizer_interfaces/msg/detail/mypal_gripper_status__rosidl_typesupport_fastrtps_cpp.hpp\n'}
[1.024081] (mypalletizer_interfaces) StdoutLine: {'line': b'-- Up-to-date: /home/robotics/ros2_cobot/install/mypalletizer_interfaces/include/mypalletizer_interfaces/mypalletizer_interfaces/msg/rosidl_typesupport_fastrtps_cpp__visibility_control.h\n'}
[1.024128] (mypalletizer_interfaces) StdoutLine: {'line': b'-- Up-to-date: /home/robotics/ros2_cobot/install/mypalletizer_interfaces/lib/libmypalletizer_interfaces__rosidl_typesupport_fastrtps_cpp.so\n'}
[1.024179] (mypalletizer_interfaces) StdoutLine: {'line': b'-- Up-to-date: /home/robotics/ros2_cobot/install/mypalletizer_interfaces/include/mypalletizer_interfaces/mypalletizer_interfaces\n'}
[1.024258] (mypalletizer_interfaces) StdoutLine: {'line': b'-- Up-to-date: /home/robotics/ros2_cobot/install/mypalletizer_interfaces/include/mypalletizer_interfaces/mypalletizer_interfaces/srv\n'}
[1.024316] (mypalletizer_interfaces) StdoutLine: {'line': b'-- Up-to-date: /home/robotics/ros2_cobot/install/mypalletizer_interfaces/include/mypalletizer_interfaces/mypalletizer_interfaces/srv/detail\n'}
[1.024477] (mypalletizer_interfaces) StdoutLine: {'line': b'-- Up-to-date: /home/robotics/ros2_cobot/install/mypalletizer_interfaces/include/mypalletizer_interfaces/mypalletizer_interfaces/srv/detail/get_coords__rosidl_typesupport_introspection_cpp.hpp\n'}
[1.024544] (mypalletizer_interfaces) StdoutLine: {'line': b'-- Up-to-date: /home/robotics/ros2_cobot/install/mypalletizer_interfaces/include/mypalletizer_interfaces/mypalletizer_interfaces/srv/detail/get_coords__type_support.cpp\n'}
[1.024613] (mypalletizer_interfaces) StdoutLine: {'line': b'-- Up-to-date: /home/robotics/ros2_cobot/install/mypalletizer_interfaces/include/mypalletizer_interfaces/mypalletizer_interfaces/srv/detail/set_angles__rosidl_typesupport_introspection_cpp.hpp\n'}
[1.024668] (mypalletizer_interfaces) StdoutLine: {'line': b'-- Up-to-date: /home/robotics/ros2_cobot/install/mypalletizer_interfaces/include/mypalletizer_interfaces/mypalletizer_interfaces/srv/detail/pump_status__type_support.cpp\n'}
[1.024763] (mypalletizer_interfaces) StdoutLine: {'line': b'-- Up-to-date: /home/robotics/ros2_cobot/install/mypalletizer_interfaces/include/mypalletizer_interfaces/mypalletizer_interfaces/srv/detail/pump_status__rosidl_typesupport_introspection_cpp.hpp\n'}
[1.024835] (mypalletizer_interfaces) StdoutLine: {'line': b'-- Up-to-date: /home/robotics/ros2_cobot/install/mypalletizer_interfaces/include/mypalletizer_interfaces/mypalletizer_interfaces/srv/detail/gripper_status__rosidl_typesupport_introspection_cpp.hpp\n'}
[1.024887] (mypalletizer_interfaces) StdoutLine: {'line': b'-- Up-to-date: /home/robotics/ros2_cobot/install/mypalletizer_interfaces/include/mypalletizer_interfaces/mypalletizer_interfaces/srv/detail/get_angles__rosidl_typesupport_introspection_cpp.hpp\n'}
[1.024944] (mypalletizer_interfaces) StdoutLine: {'line': b'-- Up-to-date: /home/robotics/ros2_cobot/install/mypalletizer_interfaces/include/mypalletizer_interfaces/mypalletizer_interfaces/srv/detail/get_angles__type_support.cpp\n'}
[1.024995] (mypalletizer_interfaces) StdoutLine: {'line': b'-- Up-to-date: /home/robotics/ros2_cobot/install/mypalletizer_interfaces/include/mypalletizer_interfaces/mypalletizer_interfaces/srv/detail/set_angles__type_support.cpp\n'}
[1.025047] (mypalletizer_interfaces) StdoutLine: {'line': b'-- Up-to-date: /home/robotics/ros2_cobot/install/mypalletizer_interfaces/include/mypalletizer_interfaces/mypalletizer_interfaces/srv/detail/set_coords__rosidl_typesupport_introspection_cpp.hpp\n'}
[1.025098] (mypalletizer_interfaces) StdoutLine: {'line': b'-- Up-to-date: /home/robotics/ros2_cobot/install/mypalletizer_interfaces/include/mypalletizer_interfaces/mypalletizer_interfaces/srv/detail/gripper_status__type_support.cpp\n'}
[1.025176] (mypalletizer_interfaces) StdoutLine: {'line': b'-- Up-to-date: /home/robotics/ros2_cobot/install/mypalletizer_interfaces/include/mypalletizer_interfaces/mypalletizer_interfaces/srv/detail/set_coords__type_support.cpp\n'}
[1.025244] (mypalletizer_interfaces) StdoutLine: {'line': b'-- Up-to-date: /home/robotics/ros2_cobot/install/mypalletizer_interfaces/include/mypalletizer_interfaces/mypalletizer_interfaces/msg\n'}
[1.025296] (mypalletizer_interfaces) StdoutLine: {'line': b'-- Up-to-date: /home/robotics/ros2_cobot/install/mypalletizer_interfaces/include/mypalletizer_interfaces/mypalletizer_interfaces/msg/detail\n'}
[1.025431] (mypalletizer_interfaces) StdoutLine: {'line': b'-- Up-to-date: /home/robotics/ros2_cobot/install/mypalletizer_interfaces/include/mypalletizer_interfaces/mypalletizer_interfaces/msg/detail/mypal_set_angles__rosidl_typesupport_introspection_cpp.hpp\n'}
[1.025531] (mypalletizer_interfaces) StdoutLine: {'line': b'-- Up-to-date: /home/robotics/ros2_cobot/install/mypalletizer_interfaces/include/mypalletizer_interfaces/mypalletizer_interfaces/msg/detail/mypal_pump_status__rosidl_typesupport_introspection_cpp.hpp\n'}
[1.025592] (mypalletizer_interfaces) StdoutLine: {'line': b'-- Up-to-date: /home/robotics/ros2_cobot/install/mypalletizer_interfaces/include/mypalletizer_interfaces/mypalletizer_interfaces/msg/detail/mypal_set_coords__rosidl_typesupport_introspection_cpp.hpp\n'}
[1.025640] (mypalletizer_interfaces) StdoutLine: {'line': b'-- Up-to-date: /home/robotics/ros2_cobot/install/mypalletizer_interfaces/include/mypalletizer_interfaces/mypalletizer_interfaces/msg/detail/mypal_angles__type_support.cpp\n'}
[1.025705] (mypalletizer_interfaces) StdoutLine: {'line': b'-- Up-to-date: /home/robotics/ros2_cobot/install/mypalletizer_interfaces/include/mypalletizer_interfaces/mypalletizer_interfaces/msg/detail/mypal_set_coords__type_support.cpp\n'}
[1.025773] (mypalletizer_interfaces) StdoutLine: {'line': b'-- Up-to-date: /home/robotics/ros2_cobot/install/mypalletizer_interfaces/include/mypalletizer_interfaces/mypalletizer_interfaces/msg/detail/mypal_coords__type_support.cpp\n'}
[1.025825] (mypalletizer_interfaces) StdoutLine: {'line': b'-- Up-to-date: /home/robotics/ros2_cobot/install/mypalletizer_interfaces/include/mypalletizer_interfaces/mypalletizer_interfaces/msg/detail/mypal_coords__rosidl_typesupport_introspection_cpp.hpp\n'}
[1.025896] (mypalletizer_interfaces) StdoutLine: {'line': b'-- Up-to-date: /home/robotics/ros2_cobot/install/mypalletizer_interfaces/include/mypalletizer_interfaces/mypalletizer_interfaces/msg/detail/mypal_gripper_status__rosidl_typesupport_introspection_cpp.hpp\n'}
[1.025960] (mypalletizer_interfaces) StdoutLine: {'line': b'-- Up-to-date: /home/robotics/ros2_cobot/install/mypalletizer_interfaces/include/mypalletizer_interfaces/mypalletizer_interfaces/msg/detail/mypal_set_angles__type_support.cpp\n'}
[1.026019] (mypalletizer_interfaces) StdoutLine: {'line': b'-- Up-to-date: /home/robotics/ros2_cobot/install/mypalletizer_interfaces/include/mypalletizer_interfaces/mypalletizer_interfaces/msg/detail/mypal_gripper_status__type_support.cpp\n'}
[1.026098] (mypalletizer_interfaces) StdoutLine: {'line': b'-- Up-to-date: /home/robotics/ros2_cobot/install/mypalletizer_interfaces/include/mypalletizer_interfaces/mypalletizer_interfaces/msg/detail/mypal_angles__rosidl_typesupport_introspection_cpp.hpp\n'}
[1.026174] (mypalletizer_interfaces) StdoutLine: {'line': b'-- Up-to-date: /home/robotics/ros2_cobot/install/mypalletizer_interfaces/include/mypalletizer_interfaces/mypalletizer_interfaces/msg/detail/mypal_pump_status__type_support.cpp\n'}
[1.026239] (mypalletizer_interfaces) StdoutLine: {'line': b'-- Up-to-date: /home/robotics/ros2_cobot/install/mypalletizer_interfaces/lib/libmypalletizer_interfaces__rosidl_typesupport_introspection_cpp.so\n'}
[1.026405] (mypalletizer_interfaces) StdoutLine: {'line': b'-- Up-to-date: /home/robotics/ros2_cobot/install/mypalletizer_interfaces/lib/libmypalletizer_interfaces__rosidl_typesupport_cpp.so\n'}
[1.026492] (mypalletizer_interfaces) StdoutLine: {'line': b'-- Up-to-date: /home/robotics/ros2_cobot/install/mypalletizer_interfaces/share/mypalletizer_interfaces/environment/pythonpath.sh\n'}
[1.026577] (mypalletizer_interfaces) StdoutLine: {'line': b'-- Up-to-date: /home/robotics/ros2_cobot/install/mypalletizer_interfaces/share/mypalletizer_interfaces/environment/pythonpath.dsv\n'}
[1.026641] (mypalletizer_interfaces) StdoutLine: {'line': b'-- Up-to-date: /home/robotics/ros2_cobot/install/mypalletizer_interfaces/local/lib/python3.10/dist-packages/mypalletizer_interfaces-0.0.0-py3.10.egg-info\n'}
[1.026708] (mypalletizer_interfaces) StdoutLine: {'line': b'-- Installing: /home/robotics/ros2_cobot/install/mypalletizer_interfaces/local/lib/python3.10/dist-packages/mypalletizer_interfaces-0.0.0-py3.10.egg-info/dependency_links.txt\n'}
[1.026763] (mypalletizer_interfaces) StdoutLine: {'line': b'-- Installing: /home/robotics/ros2_cobot/install/mypalletizer_interfaces/local/lib/python3.10/dist-packages/mypalletizer_interfaces-0.0.0-py3.10.egg-info/top_level.txt\n'}
[1.026840] (mypalletizer_interfaces) StdoutLine: {'line': b'-- Installing: /home/robotics/ros2_cobot/install/mypalletizer_interfaces/local/lib/python3.10/dist-packages/mypalletizer_interfaces-0.0.0-py3.10.egg-info/SOURCES.txt\n'}
[1.026909] (mypalletizer_interfaces) StdoutLine: {'line': b'-- Installing: /home/robotics/ros2_cobot/install/mypalletizer_interfaces/local/lib/python3.10/dist-packages/mypalletizer_interfaces-0.0.0-py3.10.egg-info/PKG-INFO\n'}
[1.027027] (mypalletizer_interfaces) StdoutLine: {'line': b'-- Up-to-date: /home/robotics/ros2_cobot/install/mypalletizer_interfaces/local/lib/python3.10/dist-packages/mypalletizer_interfaces\n'}
[1.027092] (mypalletizer_interfaces) StdoutLine: {'line': b'-- Up-to-date: /home/robotics/ros2_cobot/install/mypalletizer_interfaces/local/lib/python3.10/dist-packages/mypalletizer_interfaces/mypalletizer_interfaces_s__rosidl_typesupport_c.cpython-310-x86_64-linux-gnu.so\n'}
[1.027156] (mypalletizer_interfaces) StdoutLine: {'line': b'-- Up-to-date: /home/robotics/ros2_cobot/install/mypalletizer_interfaces/local/lib/python3.10/dist-packages/mypalletizer_interfaces/mypalletizer_interfaces_s__rosidl_typesupport_introspection_c.cpython-310-x86_64-linux-gnu.so\n'}
[1.027210] (mypalletizer_interfaces) StdoutLine: {'line': b'-- Up-to-date: /home/robotics/ros2_cobot/install/mypalletizer_interfaces/local/lib/python3.10/dist-packages/mypalletizer_interfaces/srv\n'}
[1.027259] (mypalletizer_interfaces) StdoutLine: {'line': b'-- Up-to-date: /home/robotics/ros2_cobot/install/mypalletizer_interfaces/local/lib/python3.10/dist-packages/mypalletizer_interfaces/srv/_set_coords.py\n'}
[1.027310] (mypalletizer_interfaces) StdoutLine: {'line': b'-- Up-to-date: /home/robotics/ros2_cobot/install/mypalletizer_interfaces/local/lib/python3.10/dist-packages/mypalletizer_interfaces/srv/_get_angles_s.c\n'}
[1.027438] (mypalletizer_interfaces) StdoutLine: {'line': b'-- Up-to-date: /home/robotics/ros2_cobot/install/mypalletizer_interfaces/local/lib/python3.10/dist-packages/mypalletizer_interfaces/srv/_pump_status_s.c\n'}
[1.027507] (mypalletizer_interfaces) StdoutLine: {'line': b'-- Up-to-date: /home/robotics/ros2_cobot/install/mypalletizer_interfaces/local/lib/python3.10/dist-packages/mypalletizer_interfaces/srv/_gripper_status.py\n'}
[1.027591] (mypalletizer_interfaces) StdoutLine: {'line': b'-- Up-to-date: /home/robotics/ros2_cobot/install/mypalletizer_interfaces/local/lib/python3.10/dist-packages/mypalletizer_interfaces/srv/_get_angles.py\n'}
[1.027765] (mypalletizer_interfaces) StdoutLine: {'line': b'-- Up-to-date: /home/robotics/ros2_cobot/install/mypalletizer_interfaces/local/lib/python3.10/dist-packages/mypalletizer_interfaces/srv/_set_angles_s.c\n'}
[1.027820] (mypalletizer_interfaces) StdoutLine: {'line': b'-- Up-to-date: /home/robotics/ros2_cobot/install/mypalletizer_interfaces/local/lib/python3.10/dist-packages/mypalletizer_interfaces/srv/_get_coords.py\n'}
[1.027883] (mypalletizer_interfaces) StdoutLine: {'line': b'-- Up-to-date: /home/robotics/ros2_cobot/install/mypalletizer_interfaces/local/lib/python3.10/dist-packages/mypalletizer_interfaces/srv/_gripper_status_s.c\n'}
[1.027970] (mypalletizer_interfaces) StdoutLine: {'line': b'-- Up-to-date: /home/robotics/ros2_cobot/install/mypalletizer_interfaces/local/lib/python3.10/dist-packages/mypalletizer_interfaces/srv/_set_angles.py\n'}
[1.028054] (mypalletizer_interfaces) StdoutLine: {'line': b'-- Up-to-date: /home/robotics/ros2_cobot/install/mypalletizer_interfaces/local/lib/python3.10/dist-packages/mypalletizer_interfaces/srv/_get_coords_s.c\n'}
[1.028122] (mypalletizer_interfaces) StdoutLine: {'line': b'-- Up-to-date: /home/robotics/ros2_cobot/install/mypalletizer_interfaces/local/lib/python3.10/dist-packages/mypalletizer_interfaces/srv/_set_coords_s.c\n'}
[1.028216] (mypalletizer_interfaces) StdoutLine: {'line': b'-- Up-to-date: /home/robotics/ros2_cobot/install/mypalletizer_interfaces/local/lib/python3.10/dist-packages/mypalletizer_interfaces/srv/_pump_status.py\n'}
[1.028310] (mypalletizer_interfaces) StdoutLine: {'line': b'-- Up-to-date: /home/robotics/ros2_cobot/install/mypalletizer_interfaces/local/lib/python3.10/dist-packages/mypalletizer_interfaces/srv/__init__.py\n'}
[1.028420] (mypalletizer_interfaces) StdoutLine: {'line': b'-- Up-to-date: /home/robotics/ros2_cobot/install/mypalletizer_interfaces/local/lib/python3.10/dist-packages/mypalletizer_interfaces/_mypalletizer_interfaces_s.ep.rosidl_typesupport_introspection_c.c\n'}
[1.028572] (mypalletizer_interfaces) StdoutLine: {'line': b'-- Up-to-date: /home/robotics/ros2_cobot/install/mypalletizer_interfaces/local/lib/python3.10/dist-packages/mypalletizer_interfaces/msg\n'}
[1.028636] (mypalletizer_interfaces) StdoutLine: {'line': b'-- Up-to-date: /home/robotics/ros2_cobot/install/mypalletizer_interfaces/local/lib/python3.10/dist-packages/mypalletizer_interfaces/msg/_mypal_gripper_status.py\n'}
[1.028688] (mypalletizer_interfaces) StdoutLine: {'line': b'-- Up-to-date: /home/robotics/ros2_cobot/install/mypalletizer_interfaces/local/lib/python3.10/dist-packages/mypalletizer_interfaces/msg/_mypal_angles_s.c\n'}
[1.028739] (mypalletizer_interfaces) StdoutLine: {'line': b'-- Up-to-date: /home/robotics/ros2_cobot/install/mypalletizer_interfaces/local/lib/python3.10/dist-packages/mypalletizer_interfaces/msg/_mypal_coords_s.c\n'}
[1.029222] (mypalletizer_interfaces) StdoutLine: {'line': b'-- Up-to-date: /home/robotics/ros2_cobot/install/mypalletizer_interfaces/local/lib/python3.10/dist-packages/mypalletizer_interfaces/msg/_mypal_set_coords_s.c\n'}
[1.029306] (mypalletizer_interfaces) StdoutLine: {'line': b'-- Up-to-date: /home/robotics/ros2_cobot/install/mypalletizer_interfaces/local/lib/python3.10/dist-packages/mypalletizer_interfaces/msg/_mypal_coords.py\n'}
[1.029478] (mypalletizer_interfaces) StdoutLine: {'line': b'-- Up-to-date: /home/robotics/ros2_cobot/install/mypalletizer_interfaces/local/lib/python3.10/dist-packages/mypalletizer_interfaces/msg/_mypal_set_coords.py\n'}
[1.029583] (mypalletizer_interfaces) StdoutLine: {'line': b'-- Up-to-date: /home/robotics/ros2_cobot/install/mypalletizer_interfaces/local/lib/python3.10/dist-packages/mypalletizer_interfaces/msg/_mypal_set_angles.py\n'}
[1.029631] (mypalletizer_interfaces) StdoutLine: {'line': b'-- Up-to-date: /home/robotics/ros2_cobot/install/mypalletizer_interfaces/local/lib/python3.10/dist-packages/mypalletizer_interfaces/msg/_mypal_pump_status_s.c\n'}
[1.029675] (mypalletizer_interfaces) StdoutLine: {'line': b'-- Up-to-date: /home/robotics/ros2_cobot/install/mypalletizer_interfaces/local/lib/python3.10/dist-packages/mypalletizer_interfaces/msg/_mypal_gripper_status_s.c\n'}
[1.029724] (mypalletizer_interfaces) StdoutLine: {'line': b'-- Up-to-date: /home/robotics/ros2_cobot/install/mypalletizer_interfaces/local/lib/python3.10/dist-packages/mypalletizer_interfaces/msg/_mypal_set_angles_s.c\n'}
[1.029788] (mypalletizer_interfaces) StdoutLine: {'line': b'-- Up-to-date: /home/robotics/ros2_cobot/install/mypalletizer_interfaces/local/lib/python3.10/dist-packages/mypalletizer_interfaces/msg/_mypal_pump_status.py\n'}
[1.029837] (mypalletizer_interfaces) StdoutLine: {'line': b'-- Up-to-date: /home/robotics/ros2_cobot/install/mypalletizer_interfaces/local/lib/python3.10/dist-packages/mypalletizer_interfaces/msg/_mypal_angles.py\n'}
[1.029900] (mypalletizer_interfaces) StdoutLine: {'line': b'-- Up-to-date: /home/robotics/ros2_cobot/install/mypalletizer_interfaces/local/lib/python3.10/dist-packages/mypalletizer_interfaces/msg/__init__.py\n'}
[1.029955] (mypalletizer_interfaces) StdoutLine: {'line': b'-- Up-to-date: /home/robotics/ros2_cobot/install/mypalletizer_interfaces/local/lib/python3.10/dist-packages/mypalletizer_interfaces/libmypalletizer_interfaces__rosidl_generator_py.so\n'}
[1.030017] (mypalletizer_interfaces) StdoutLine: {'line': b'-- Up-to-date: /home/robotics/ros2_cobot/install/mypalletizer_interfaces/local/lib/python3.10/dist-packages/mypalletizer_interfaces/_mypalletizer_interfaces_s.ep.rosidl_typesupport_c.c\n'}
[1.030099] (mypalletizer_interfaces) StdoutLine: {'line': b'-- Up-to-date: /home/robotics/ros2_cobot/install/mypalletizer_interfaces/local/lib/python3.10/dist-packages/mypalletizer_interfaces/mypalletizer_interfaces_s__rosidl_typesupport_fastrtps_c.cpython-310-x86_64-linux-gnu.so\n'}
[1.030167] (mypalletizer_interfaces) StdoutLine: {'line': b'-- Up-to-date: /home/robotics/ros2_cobot/install/mypalletizer_interfaces/local/lib/python3.10/dist-packages/mypalletizer_interfaces/_mypalletizer_interfaces_s.ep.rosidl_typesupport_fastrtps_c.c\n'}
[1.030249] (mypalletizer_interfaces) StdoutLine: {'line': b'-- Up-to-date: /home/robotics/ros2_cobot/install/mypalletizer_interfaces/local/lib/python3.10/dist-packages/mypalletizer_interfaces/__init__.py\n'}
[1.030343] (mycobot_interfaces) StdoutLine: {'line': b"Listing '/home/robotics/ros2_cobot/install/mycobot_interfaces/local/lib/python3.10/dist-packages/mycobot_interfaces'...\n"}
[1.030480] (mycobot_interfaces) StdoutLine: {'line': b"Listing '/home/robotics/ros2_cobot/install/mycobot_interfaces/local/lib/python3.10/dist-packages/mycobot_interfaces/msg'...\n"}
[1.030550] (mycobot_interfaces) StdoutLine: {'line': b"Listing '/home/robotics/ros2_cobot/install/mycobot_interfaces/local/lib/python3.10/dist-packages/mycobot_interfaces/srv'...\n"}
[1.030605] (mecharm_interfaces) StdoutLine: {'line': b"Listing '/home/robotics/ros2_cobot/install/mecharm_interfaces/local/lib/python3.10/dist-packages/mecharm_interfaces'...\n"}
[1.030696] (mecharm_interfaces) StdoutLine: {'line': b"Listing '/home/robotics/ros2_cobot/install/mecharm_interfaces/local/lib/python3.10/dist-packages/mecharm_interfaces/msg'...\n"}
[1.030760] (mecharm_interfaces) StdoutLine: {'line': b"Listing '/home/robotics/ros2_cobot/install/mecharm_interfaces/local/lib/python3.10/dist-packages/mecharm_interfaces/srv'...\n"}
[1.035300] (mycobot_interfaces) StdoutLine: {'line': b'-- Up-to-date: /home/robotics/ros2_cobot/install/mycobot_interfaces/local/lib/python3.10/dist-packages/mycobot_interfaces/mycobot_interfaces_s__rosidl_typesupport_fastrtps_c.cpython-310-x86_64-linux-gnu.so\n'}
[1.035641] (mycobot_interfaces) StdoutLine: {'line': b'-- Up-to-date: /home/robotics/ros2_cobot/install/mycobot_interfaces/local/lib/python3.10/dist-packages/mycobot_interfaces/mycobot_interfaces_s__rosidl_typesupport_introspection_c.cpython-310-x86_64-linux-gnu.so\n'}
[1.035778] (mycobot_interfaces) StdoutLine: {'line': b'-- Up-to-date: /home/robotics/ros2_cobot/install/mycobot_interfaces/local/lib/python3.10/dist-packages/mycobot_interfaces/mycobot_interfaces_s__rosidl_typesupport_c.cpython-310-x86_64-linux-gnu.so\n'}
[1.036003] (mycobot_interfaces) StdoutLine: {'line': b'-- Up-to-date: /home/robotics/ros2_cobot/install/mycobot_interfaces/lib/libmycobot_interfaces__rosidl_generator_py.so\n'}
[1.036182] (mycobot_interfaces) StdoutLine: {'line': b'-- Up-to-date: /home/robotics/ros2_cobot/install/mycobot_interfaces/share/mycobot_interfaces/msg/MycobotAngles.idl\n'}
[1.036246] (mycobot_interfaces) StdoutLine: {'line': b'-- Up-to-date: /home/robotics/ros2_cobot/install/mycobot_interfaces/share/mycobot_interfaces/msg/MycobotCoords.idl\n'}
[1.036305] (mycobot_interfaces) StdoutLine: {'line': b'-- Up-to-date: /home/robotics/ros2_cobot/install/mycobot_interfaces/share/mycobot_interfaces/msg/MycobotSetAngles.idl\n'}
[1.036382] (mycobot_interfaces) StdoutLine: {'line': b'-- Up-to-date: /home/robotics/ros2_cobot/install/mycobot_interfaces/share/mycobot_interfaces/msg/MycobotSetCoords.idl\n'}
[1.036457] (mycobot_interfaces) StdoutLine: {'line': b'-- Up-to-date: /home/robotics/ros2_cobot/install/mycobot_interfaces/share/mycobot_interfaces/msg/MycobotGripperStatus.idl\n'}
[1.036502] (mycobot_interfaces) StdoutLine: {'line': b'-- Up-to-date: /home/robotics/ros2_cobot/install/mycobot_interfaces/share/mycobot_interfaces/msg/MycobotPumpStatus.idl\n'}
[1.036562] (mycobot_interfaces) StdoutLine: {'line': b'-- Up-to-date: /home/robotics/ros2_cobot/install/mycobot_interfaces/share/mycobot_interfaces/srv/GetAngles.idl\n'}
[1.036608] (mycobot_interfaces) StdoutLine: {'line': b'-- Up-to-date: /home/robotics/ros2_cobot/install/mycobot_interfaces/share/mycobot_interfaces/srv/SetAngles.idl\n'}
[1.036654] (mycobot_interfaces) StdoutLine: {'line': b'-- Up-to-date: /home/robotics/ros2_cobot/install/mycobot_interfaces/share/mycobot_interfaces/srv/GetCoords.idl\n'}
[1.036704] (mycobot_interfaces) StdoutLine: {'line': b'-- Up-to-date: /home/robotics/ros2_cobot/install/mycobot_interfaces/share/mycobot_interfaces/srv/SetCoords.idl\n'}
[1.036740] (mycobot_interfaces) StdoutLine: {'line': b'-- Up-to-date: /home/robotics/ros2_cobot/install/mycobot_interfaces/share/mycobot_interfaces/srv/GripperStatus.idl\n'}
[1.036811] (mycobot_interfaces) StdoutLine: {'line': b'-- Up-to-date: /home/robotics/ros2_cobot/install/mycobot_interfaces/share/mycobot_interfaces/srv/PumpStatus.idl\n'}
[1.036851] (mecharm_interfaces) StdoutLine: {'line': b'-- Up-to-date: /home/robotics/ros2_cobot/install/mecharm_interfaces/local/lib/python3.10/dist-packages/mecharm_interfaces/mecharm_interfaces_s__rosidl_typesupport_fastrtps_c.cpython-310-x86_64-linux-gnu.so\n'}
[1.036942] (mycobot_interfaces) StdoutLine: {'line': b'-- Up-to-date: /home/robotics/ros2_cobot/install/mycobot_interfaces/share/mycobot_interfaces/msg/MycobotAngles.msg\n'}
[1.036986] (mycobot_interfaces) StdoutLine: {'line': b'-- Up-to-date: /home/robotics/ros2_cobot/install/mycobot_interfaces/share/mycobot_interfaces/msg/MycobotCoords.msg\n'}
[1.037024] (mycobot_interfaces) StdoutLine: {'line': b'-- Up-to-date: /home/robotics/ros2_cobot/install/mycobot_interfaces/share/mycobot_interfaces/msg/MycobotSetAngles.msg\n'}
[1.037102] (mycobot_interfaces) StdoutLine: {'line': b'-- Up-to-date: /home/robotics/ros2_cobot/install/mycobot_interfaces/share/mycobot_interfaces/msg/MycobotSetCoords.msg\n'}
[1.037141] (mycobot_interfaces) StdoutLine: {'line': b'-- Up-to-date: /home/robotics/ros2_cobot/install/mycobot_interfaces/share/mycobot_interfaces/msg/MycobotGripperStatus.msg\n'}
[1.037179] (mycobot_interfaces) StdoutLine: {'line': b'-- Up-to-date: /home/robotics/ros2_cobot/install/mycobot_interfaces/share/mycobot_interfaces/msg/MycobotPumpStatus.msg\n'}
[1.037235] (mycobot_interfaces) StdoutLine: {'line': b'-- Up-to-date: /home/robotics/ros2_cobot/install/mycobot_interfaces/share/mycobot_interfaces/srv/GetAngles.srv\n'}
[1.037278] (mycobot_interfaces) StdoutLine: {'line': b'-- Up-to-date: /home/robotics/ros2_cobot/install/mycobot_interfaces/share/mycobot_interfaces/srv/GetAngles_Request.msg\n'}
[1.037320] (mecharm_interfaces) StdoutLine: {'line': b'-- Up-to-date: /home/robotics/ros2_cobot/install/mecharm_interfaces/local/lib/python3.10/dist-packages/mecharm_interfaces/mecharm_interfaces_s__rosidl_typesupport_introspection_c.cpython-310-x86_64-linux-gnu.so\n'}
[1.037457] (mycobot_interfaces) StdoutLine: {'line': b'-- Up-to-date: /home/robotics/ros2_cobot/install/mycobot_interfaces/share/mycobot_interfaces/srv/GetAngles_Response.msg\n'}
[1.037532] (mycobot_interfaces) StdoutLine: {'line': b'-- Up-to-date: /home/robotics/ros2_cobot/install/mycobot_interfaces/share/mycobot_interfaces/srv/SetAngles.srv\n'}
[1.037578] (mycobot_interfaces) StdoutLine: {'line': b'-- Up-to-date: /home/robotics/ros2_cobot/install/mycobot_interfaces/share/mycobot_interfaces/srv/SetAngles_Request.msg\n'}
[1.037623] (mycobot_interfaces) StdoutLine: {'line': b'-- Up-to-date: /home/robotics/ros2_cobot/install/mycobot_interfaces/share/mycobot_interfaces/srv/SetAngles_Response.msg\n'}
[1.037707] (mycobot_interfaces) StdoutLine: {'line': b'-- Up-to-date: /home/robotics/ros2_cobot/install/mycobot_interfaces/share/mycobot_interfaces/srv/GetCoords.srv\n'}
[1.037749] (mycobot_interfaces) StdoutLine: {'line': b'-- Up-to-date: /home/robotics/ros2_cobot/install/mycobot_interfaces/share/mycobot_interfaces/srv/GetCoords_Request.msg\n'}
[1.037793] (mecharm_interfaces) StdoutLine: {'line': b'-- Up-to-date: /home/robotics/ros2_cobot/install/mecharm_interfaces/local/lib/python3.10/dist-packages/mecharm_interfaces/mecharm_interfaces_s__rosidl_typesupport_c.cpython-310-x86_64-linux-gnu.so\n'}
[1.037865] (mycobot_interfaces) StdoutLine: {'line': b'-- Up-to-date: /home/robotics/ros2_cobot/install/mycobot_interfaces/share/mycobot_interfaces/srv/GetCoords_Response.msg\n'}
[1.037936] (mycobot_interfaces) StdoutLine: {'line': b'-- Up-to-date: /home/robotics/ros2_cobot/install/mycobot_interfaces/share/mycobot_interfaces/srv/SetCoords.srv\n'}
[1.037977] (mycobot_interfaces) StdoutLine: {'line': b'-- Up-to-date: /home/robotics/ros2_cobot/install/mycobot_interfaces/share/mycobot_interfaces/srv/SetCoords_Request.msg\n'}
[1.038018] (mycobot_interfaces) StdoutLine: {'line': b'-- Up-to-date: /home/robotics/ros2_cobot/install/mycobot_interfaces/share/mycobot_interfaces/srv/SetCoords_Response.msg\n'}
[1.038058] (mycobot_interfaces) StdoutLine: {'line': b'-- Up-to-date: /home/robotics/ros2_cobot/install/mycobot_interfaces/share/mycobot_interfaces/srv/GripperStatus.srv\n'}
[1.038099] (mycobot_interfaces) StdoutLine: {'line': b'-- Up-to-date: /home/robotics/ros2_cobot/install/mycobot_interfaces/share/mycobot_interfaces/srv/GripperStatus_Request.msg\n'}
[1.038139] (mecharm_interfaces) StdoutLine: {'line': b'-- Up-to-date: /home/robotics/ros2_cobot/install/mecharm_interfaces/lib/libmecharm_interfaces__rosidl_generator_py.so\n'}
[1.038184] (mycobot_interfaces) StdoutLine: {'line': b'-- Up-to-date: /home/robotics/ros2_cobot/install/mycobot_interfaces/share/mycobot_interfaces/srv/GripperStatus_Response.msg\n'}
[1.038310] (mycobot_interfaces) StdoutLine: {'line': b'-- Up-to-date: /home/robotics/ros2_cobot/install/mycobot_interfaces/share/mycobot_interfaces/srv/PumpStatus.srv\n'}
[1.038398] (mycobot_interfaces) StdoutLine: {'line': b'-- Up-to-date: /home/robotics/ros2_cobot/install/mycobot_interfaces/share/mycobot_interfaces/srv/PumpStatus_Request.msg\n'}
[1.038467] (mecharm_interfaces) StdoutLine: {'line': b'-- Up-to-date: /home/robotics/ros2_cobot/install/mecharm_interfaces/share/mecharm_interfaces/msg/MecharmAngles.idl\n'}
[1.038552] (mycobot_interfaces) StdoutLine: {'line': b'-- Up-to-date: /home/robotics/ros2_cobot/install/mycobot_interfaces/share/mycobot_interfaces/srv/PumpStatus_Response.msg\n'}
[1.038605] (mecharm_interfaces) StdoutLine: {'line': b'-- Up-to-date: /home/robotics/ros2_cobot/install/mecharm_interfaces/share/mecharm_interfaces/msg/MecharmCoords.idl\n'}
[1.038647] (mycobot_interfaces) StdoutLine: {'line': b'-- Up-to-date: /home/robotics/ros2_cobot/install/mycobot_interfaces/share/ament_index/resource_index/package_run_dependencies/mycobot_interfaces\n'}
[1.038690] (mycobot_interfaces) StdoutLine: {'line': b'-- Up-to-date: /home/robotics/ros2_cobot/install/mycobot_interfaces/share/ament_index/resource_index/parent_prefix_path/mycobot_interfaces\n'}
[1.038734] (mycobot_interfaces) StdoutLine: {'line': b'-- Up-to-date: /home/robotics/ros2_cobot/install/mycobot_interfaces/share/mycobot_interfaces/environment/ament_prefix_path.sh\n'}
[1.038779] (mycobot_interfaces) StdoutLine: {'line': b'-- Up-to-date: /home/robotics/ros2_cobot/install/mycobot_interfaces/share/mycobot_interfaces/environment/ament_prefix_path.dsv\n'}
[1.038827] (mycobot_interfaces) StdoutLine: {'line': b'-- Up-to-date: /home/robotics/ros2_cobot/install/mycobot_interfaces/share/mycobot_interfaces/environment/path.sh\n'}
[1.038877] (mycobot_interfaces) StdoutLine: {'line': b'-- Up-to-date: /home/robotics/ros2_cobot/install/mycobot_interfaces/share/mycobot_interfaces/environment/path.dsv\n'}
[1.038919] (mecharm_interfaces) StdoutLine: {'line': b'-- Up-to-date: /home/robotics/ros2_cobot/install/mecharm_interfaces/share/mecharm_interfaces/msg/MecharmSetAngles.idl\n'}
[1.039004] (mecharm_interfaces) StdoutLine: {'line': b'-- Up-to-date: /home/robotics/ros2_cobot/install/mecharm_interfaces/share/mecharm_interfaces/msg/MecharmSetCoords.idl\n'}
[1.039095] (mecharm_interfaces) StdoutLine: {'line': b'-- Up-to-date: /home/robotics/ros2_cobot/install/mecharm_interfaces/share/mecharm_interfaces/msg/MecharmGripperStatus.idl\n'}
[1.039164] (mecharm_interfaces) StdoutLine: {'line': b'-- Up-to-date: /home/robotics/ros2_cobot/install/mecharm_interfaces/share/mecharm_interfaces/msg/MecharmPumpStatus.idl\n'}
[1.039254] (mecharm_interfaces) StdoutLine: {'line': b'-- Up-to-date: /home/robotics/ros2_cobot/install/mecharm_interfaces/share/mecharm_interfaces/srv/GetAngles.idl\n'}
[1.039302] (mecharm_interfaces) StdoutLine: {'line': b'-- Up-to-date: /home/robotics/ros2_cobot/install/mecharm_interfaces/share/mecharm_interfaces/srv/SetAngles.idl\n'}
[1.039385] (mecharm_interfaces) StdoutLine: {'line': b'-- Up-to-date: /home/robotics/ros2_cobot/install/mecharm_interfaces/share/mecharm_interfaces/srv/GetCoords.idl\n'}
[1.039441] (mycobot_interfaces) StdoutLine: {'line': b'-- Up-to-date: /home/robotics/ros2_cobot/install/mycobot_interfaces/share/mycobot_interfaces/local_setup.bash\n'}
[1.039543] (mycobot_interfaces) StdoutLine: {'line': b'-- Up-to-date: /home/robotics/ros2_cobot/install/mycobot_interfaces/share/mycobot_interfaces/local_setup.sh\n'}
[1.039593] (mecharm_interfaces) StdoutLine: {'line': b'-- Up-to-date: /home/robotics/ros2_cobot/install/mecharm_interfaces/share/mecharm_interfaces/srv/SetCoords.idl\n'}
[1.039644] (mycobot_interfaces) StdoutLine: {'line': b'-- Up-to-date: /home/robotics/ros2_cobot/install/mycobot_interfaces/share/mycobot_interfaces/local_setup.zsh\n'}
[1.039691] (mecharm_interfaces) StdoutLine: {'line': b'-- Up-to-date: /home/robotics/ros2_cobot/install/mecharm_interfaces/share/mecharm_interfaces/srv/GripperStatus.idl\n'}
[1.039738] (mecharm_interfaces) StdoutLine: {'line': b'-- Up-to-date: /home/robotics/ros2_cobot/install/mecharm_interfaces/share/mecharm_interfaces/srv/PumpStatus.idl\n'}
[1.039782] (mecharm_interfaces) StdoutLine: {'line': b'-- Up-to-date: /home/robotics/ros2_cobot/install/mecharm_interfaces/share/mecharm_interfaces/msg/MecharmAngles.msg\n'}
[1.039827] (mycobot_interfaces) StdoutLine: {'line': b'-- Up-to-date: /home/robotics/ros2_cobot/install/mycobot_interfaces/share/mycobot_interfaces/local_setup.dsv\n'}
[1.039872] (mycobot_interfaces) StdoutLine: {'line': b'-- Installing: /home/robotics/ros2_cobot/install/mycobot_interfaces/share/mycobot_interfaces/package.dsv\n'}
[1.039918] (mecharm_interfaces) StdoutLine: {'line': b'-- Up-to-date: /home/robotics/ros2_cobot/install/mecharm_interfaces/share/mecharm_interfaces/msg/MecharmCoords.msg\n'}
[1.039962] (mecharm_interfaces) StdoutLine: {'line': b'-- Up-to-date: /home/robotics/ros2_cobot/install/mecharm_interfaces/share/mecharm_interfaces/msg/MecharmSetAngles.msg\n'}
[1.040065] (mycobot_interfaces) StdoutLine: {'line': b'-- Up-to-date: /home/robotics/ros2_cobot/install/mycobot_interfaces/share/ament_index/resource_index/packages/mycobot_interfaces\n'}
[1.040115] (mecharm_interfaces) StdoutLine: {'line': b'-- Up-to-date: /home/robotics/ros2_cobot/install/mecharm_interfaces/share/mecharm_interfaces/msg/MecharmSetCoords.msg\n'}
[1.040161] (mecharm_interfaces) StdoutLine: {'line': b'-- Up-to-date: /home/robotics/ros2_cobot/install/mecharm_interfaces/share/mecharm_interfaces/msg/MecharmGripperStatus.msg\n'}
[1.040214] (mecharm_interfaces) StdoutLine: {'line': b'-- Up-to-date: /home/robotics/ros2_cobot/install/mecharm_interfaces/share/mecharm_interfaces/msg/MecharmPumpStatus.msg\n'}
[1.040374] (mecharm_interfaces) StdoutLine: {'line': b'-- Up-to-date: /home/robotics/ros2_cobot/install/mecharm_interfaces/share/mecharm_interfaces/srv/GetAngles.srv\n'}
[1.040475] (mecharm_interfaces) StdoutLine: {'line': b'-- Up-to-date: /home/robotics/ros2_cobot/install/mecharm_interfaces/share/mecharm_interfaces/srv/GetAngles_Request.msg\n'}
[1.040574] (mecharm_interfaces) StdoutLine: {'line': b'-- Up-to-date: /home/robotics/ros2_cobot/install/mecharm_interfaces/share/mecharm_interfaces/srv/GetAngles_Response.msg\n'}
[1.040637] (mecharm_interfaces) StdoutLine: {'line': b'-- Up-to-date: /home/robotics/ros2_cobot/install/mecharm_interfaces/share/mecharm_interfaces/srv/SetAngles.srv\n'}
[1.040720] (mecharm_interfaces) StdoutLine: {'line': b'-- Up-to-date: /home/robotics/ros2_cobot/install/mecharm_interfaces/share/mecharm_interfaces/srv/SetAngles_Request.msg\n'}
[1.040772] (mecharm_interfaces) StdoutLine: {'line': b'-- Up-to-date: /home/robotics/ros2_cobot/install/mecharm_interfaces/share/mecharm_interfaces/srv/SetAngles_Response.msg\n'}
[1.040866] (mycobot_interfaces) StdoutLine: {'line': b'-- Up-to-date: /home/robotics/ros2_cobot/install/mycobot_interfaces/share/mycobot_interfaces/cmake/export_mycobot_interfaces__rosidl_generator_cExport.cmake\n'}
[1.040969] (mycobot_interfaces) StdoutLine: {'line': b'-- Up-to-date: /home/robotics/ros2_cobot/install/mycobot_interfaces/share/mycobot_interfaces/cmake/export_mycobot_interfaces__rosidl_generator_cExport-noconfig.cmake\n'}
[1.041159] (mecharm_interfaces) StdoutLine: {'line': b'-- Up-to-date: /home/robotics/ros2_cobot/install/mecharm_interfaces/share/mecharm_interfaces/srv/GetCoords.srv\n'}
[1.041402] (mecharm_interfaces) StdoutLine: {'line': b'-- Up-to-date: /home/robotics/ros2_cobot/install/mecharm_interfaces/share/mecharm_interfaces/srv/GetCoords_Request.msg\n'}
[1.041536] (mecharm_interfaces) StdoutLine: {'line': b'-- Up-to-date: /home/robotics/ros2_cobot/install/mecharm_interfaces/share/mecharm_interfaces/srv/GetCoords_Response.msg\n'}
[1.041613] (mecharm_interfaces) StdoutLine: {'line': b'-- Up-to-date: /home/robotics/ros2_cobot/install/mecharm_interfaces/share/mecharm_interfaces/srv/SetCoords.srv\n'}
[1.041700] (mycobot_interfaces) StdoutLine: {'line': b'-- Up-to-date: /home/robotics/ros2_cobot/install/mycobot_interfaces/share/mycobot_interfaces/cmake/export_mycobot_interfaces__rosidl_typesupport_fastrtps_cExport.cmake\n'}
[1.041779] (mecharm_interfaces) StdoutLine: {'line': b'-- Up-to-date: /home/robotics/ros2_cobot/install/mecharm_interfaces/share/mecharm_interfaces/srv/SetCoords_Request.msg\n'}
[1.041836] (mecharm_interfaces) StdoutLine: {'line': b'-- Up-to-date: /home/robotics/ros2_cobot/install/mecharm_interfaces/share/mecharm_interfaces/srv/SetCoords_Response.msg\n'}
[1.041918] (mycobot_interfaces) StdoutLine: {'line': b'-- Up-to-date: /home/robotics/ros2_cobot/install/mycobot_interfaces/share/mycobot_interfaces/cmake/export_mycobot_interfaces__rosidl_typesupport_fastrtps_cExport-noconfig.cmake\n'}
[1.042031] (mycobot_interfaces) StdoutLine: {'line': b'-- Up-to-date: /home/robotics/ros2_cobot/install/mycobot_interfaces/share/mycobot_interfaces/cmake/mycobot_interfaces__rosidl_typesupport_introspection_cExport.cmake\n'}
[1.042084] (mycobot_interfaces) StdoutLine: {'line': b'-- Up-to-date: /home/robotics/ros2_cobot/install/mycobot_interfaces/share/mycobot_interfaces/cmake/mycobot_interfaces__rosidl_typesupport_introspection_cExport-noconfig.cmake\n'}
[1.042136] (mycobot_interfaces) StdoutLine: {'line': b'-- Up-to-date: /home/robotics/ros2_cobot/install/mycobot_interfaces/share/mycobot_interfaces/cmake/mycobot_interfaces__rosidl_typesupport_cExport.cmake\n'}
[1.042231] (mycobot_interfaces) StdoutLine: {'line': b'-- Up-to-date: /home/robotics/ros2_cobot/install/mycobot_interfaces/share/mycobot_interfaces/cmake/mycobot_interfaces__rosidl_typesupport_cExport-noconfig.cmake\n'}
[1.042303] (mecharm_interfaces) StdoutLine: {'line': b'-- Up-to-date: /home/robotics/ros2_cobot/install/mecharm_interfaces/share/mecharm_interfaces/srv/GripperStatus.srv\n'}
[1.042505] (mecharm_interfaces) StdoutLine: {'line': b'-- Up-to-date: /home/robotics/ros2_cobot/install/mecharm_interfaces/share/mecharm_interfaces/srv/GripperStatus_Request.msg\n'}
[1.042610] (mecharm_interfaces) StdoutLine: {'line': b'-- Up-to-date: /home/robotics/ros2_cobot/install/mecharm_interfaces/share/mecharm_interfaces/srv/GripperStatus_Response.msg\n'}
[1.042780] (mecharm_interfaces) StdoutLine: {'line': b'-- Up-to-date: /home/robotics/ros2_cobot/install/mecharm_interfaces/share/mecharm_interfaces/srv/PumpStatus.srv\n'}
[1.042858] (mecharm_interfaces) StdoutLine: {'line': b'-- Up-to-date: /home/robotics/ros2_cobot/install/mecharm_interfaces/share/mecharm_interfaces/srv/PumpStatus_Request.msg\n'}
[1.042916] (mecharm_interfaces) StdoutLine: {'line': b'-- Up-to-date: /home/robotics/ros2_cobot/install/mecharm_interfaces/share/mecharm_interfaces/srv/PumpStatus_Response.msg\n'}
[1.043000] (mecharm_interfaces) StdoutLine: {'line': b'-- Up-to-date: /home/robotics/ros2_cobot/install/mecharm_interfaces/share/ament_index/resource_index/package_run_dependencies/mecharm_interfaces\n'}
[1.043070] (mecharm_interfaces) StdoutLine: {'line': b'-- Up-to-date: /home/robotics/ros2_cobot/install/mecharm_interfaces/share/ament_index/resource_index/parent_prefix_path/mecharm_interfaces\n'}
[1.043181] (mecharm_interfaces) StdoutLine: {'line': b'-- Up-to-date: /home/robotics/ros2_cobot/install/mecharm_interfaces/share/mecharm_interfaces/environment/ament_prefix_path.sh\n'}
[1.043229] (mycobot_interfaces) StdoutLine: {'line': b'-- Up-to-date: /home/robotics/ros2_cobot/install/mycobot_interfaces/share/mycobot_interfaces/cmake/export_mycobot_interfaces__rosidl_generator_cppExport.cmake\n'}
[1.043306] (mecharm_interfaces) StdoutLine: {'line': b'-- Up-to-date: /home/robotics/ros2_cobot/install/mecharm_interfaces/share/mecharm_interfaces/environment/ament_prefix_path.dsv\n'}
[1.043409] (mecharm_interfaces) StdoutLine: {'line': b'-- Up-to-date: /home/robotics/ros2_cobot/install/mecharm_interfaces/share/mecharm_interfaces/environment/path.sh\n'}
[1.043492] (mecharm_interfaces) StdoutLine: {'line': b'-- Up-to-date: /home/robotics/ros2_cobot/install/mecharm_interfaces/share/mecharm_interfaces/environment/path.dsv\n'}
[1.043543] (mecharm_interfaces) StdoutLine: {'line': b'-- Up-to-date: /home/robotics/ros2_cobot/install/mecharm_interfaces/share/mecharm_interfaces/local_setup.bash\n'}
[1.043643] (mecharm_interfaces) StdoutLine: {'line': b'-- Up-to-date: /home/robotics/ros2_cobot/install/mecharm_interfaces/share/mecharm_interfaces/local_setup.sh\n'}
[1.043704] (mycobot_interfaces) StdoutLine: {'line': b'-- Up-to-date: /home/robotics/ros2_cobot/install/mycobot_interfaces/share/mycobot_interfaces/cmake/export_mycobot_interfaces__rosidl_typesupport_fastrtps_cppExport.cmake\n'}
[1.043780] (mecharm_interfaces) StdoutLine: {'line': b'-- Up-to-date: /home/robotics/ros2_cobot/install/mecharm_interfaces/share/mecharm_interfaces/local_setup.zsh\n'}
[1.043833] (mycobot_interfaces) StdoutLine: {'line': b'-- Up-to-date: /home/robotics/ros2_cobot/install/mycobot_interfaces/share/mycobot_interfaces/cmake/export_mycobot_interfaces__rosidl_typesupport_fastrtps_cppExport-noconfig.cmake\n'}
[1.043901] (mecharm_interfaces) StdoutLine: {'line': b'-- Up-to-date: /home/robotics/ros2_cobot/install/mecharm_interfaces/share/mecharm_interfaces/local_setup.dsv\n'}
[1.043963] (mecharm_interfaces) StdoutLine: {'line': b'-- Installing: /home/robotics/ros2_cobot/install/mecharm_interfaces/share/mecharm_interfaces/package.dsv\n'}
[1.044040] (mycobot_interfaces) StdoutLine: {'line': b'-- Up-to-date: /home/robotics/ros2_cobot/install/mycobot_interfaces/share/mycobot_interfaces/cmake/mycobot_interfaces__rosidl_typesupport_introspection_cppExport.cmake\n'}
[1.044105] (mycobot_interfaces) StdoutLine: {'line': b'-- Up-to-date: /home/robotics/ros2_cobot/install/mycobot_interfaces/share/mycobot_interfaces/cmake/mycobot_interfaces__rosidl_typesupport_introspection_cppExport-noconfig.cmake\n'}
[1.044190] (mecharm_interfaces) StdoutLine: {'line': b'-- Up-to-date: /home/robotics/ros2_cobot/install/mecharm_interfaces/share/ament_index/resource_index/packages/mecharm_interfaces\n'}
[1.044275] (mycobot_interfaces) StdoutLine: {'line': b'-- Up-to-date: /home/robotics/ros2_cobot/install/mycobot_interfaces/share/mycobot_interfaces/cmake/mycobot_interfaces__rosidl_typesupport_cppExport.cmake\n'}
[1.044583] (mycobot_interfaces) StdoutLine: {'line': b'-- Up-to-date: /home/robotics/ros2_cobot/install/mycobot_interfaces/share/mycobot_interfaces/cmake/mycobot_interfaces__rosidl_typesupport_cppExport-noconfig.cmake\n'}
[1.044717] (mycobot_interfaces) StdoutLine: {'line': b'-- Up-to-date: /home/robotics/ros2_cobot/install/mycobot_interfaces/share/mycobot_interfaces/cmake/export_mycobot_interfaces__rosidl_generator_pyExport.cmake\n'}
[1.044794] (mecharm_interfaces) StdoutLine: {'line': b'-- Up-to-date: /home/robotics/ros2_cobot/install/mecharm_interfaces/share/mecharm_interfaces/cmake/export_mecharm_interfaces__rosidl_generator_cExport.cmake\n'}
[1.044866] (mecharm_interfaces) StdoutLine: {'line': b'-- Up-to-date: /home/robotics/ros2_cobot/install/mecharm_interfaces/share/mecharm_interfaces/cmake/export_mecharm_interfaces__rosidl_generator_cExport-noconfig.cmake\n'}
[1.044970] (mycobot_interfaces) StdoutLine: {'line': b'-- Up-to-date: /home/robotics/ros2_cobot/install/mycobot_interfaces/share/mycobot_interfaces/cmake/export_mycobot_interfaces__rosidl_generator_pyExport-noconfig.cmake\n'}
[1.045033] (mycobot_interfaces) StdoutLine: {'line': b'-- Up-to-date: /home/robotics/ros2_cobot/install/mycobot_interfaces/share/mycobot_interfaces/cmake/rosidl_cmake-extras.cmake\n'}
[1.045096] (mycobot_interfaces) StdoutLine: {'line': b'-- Up-to-date: /home/robotics/ros2_cobot/install/mycobot_interfaces/share/mycobot_interfaces/cmake/ament_cmake_export_dependencies-extras.cmake\n'}
[1.045155] (mecharm_interfaces) StdoutLine: {'line': b'-- Up-to-date: /home/robotics/ros2_cobot/install/mecharm_interfaces/share/mecharm_interfaces/cmake/export_mecharm_interfaces__rosidl_typesupport_fastrtps_cExport.cmake\n'}
[1.045208] (mycobot_interfaces) StdoutLine: {'line': b'-- Up-to-date: /home/robotics/ros2_cobot/install/mycobot_interfaces/share/mycobot_interfaces/cmake/ament_cmake_export_include_directories-extras.cmake\n'}
[1.045359] (mycobot_interfaces) StdoutLine: {'line': b'-- Up-to-date: /home/robotics/ros2_cobot/install/mycobot_interfaces/share/mycobot_interfaces/cmake/ament_cmake_export_libraries-extras.cmake\n'}
[1.045484] (mycobot_interfaces) StdoutLine: {'line': b'-- Up-to-date: /home/robotics/ros2_cobot/install/mycobot_interfaces/share/mycobot_interfaces/cmake/ament_cmake_export_targets-extras.cmake\n'}
[1.045544] (mycobot_interfaces) StdoutLine: {'line': b'-- Up-to-date: /home/robotics/ros2_cobot/install/mycobot_interfaces/share/mycobot_interfaces/cmake/rosidl_cmake_export_typesupport_targets-extras.cmake\n'}
[1.045642] (mycobot_interfaces) StdoutLine: {'line': b'-- Up-to-date: /home/robotics/ros2_cobot/install/mycobot_interfaces/share/mycobot_interfaces/cmake/rosidl_cmake_export_typesupport_libraries-extras.cmake\n'}
[1.045750] (mecharm_interfaces) StdoutLine: {'line': b'-- Up-to-date: /home/robotics/ros2_cobot/install/mecharm_interfaces/share/mecharm_interfaces/cmake/export_mecharm_interfaces__rosidl_typesupport_fastrtps_cExport-noconfig.cmake\n'}
[1.045825] (mycobot_interfaces) StdoutLine: {'line': b'-- Up-to-date: /home/robotics/ros2_cobot/install/mycobot_interfaces/share/mycobot_interfaces/cmake/mycobot_interfacesConfig.cmake\n'}
[1.045880] (mecharm_interfaces) StdoutLine: {'line': b'-- Up-to-date: /home/robotics/ros2_cobot/install/mecharm_interfaces/share/mecharm_interfaces/cmake/mecharm_interfaces__rosidl_typesupport_introspection_cExport.cmake\n'}
[1.046001] (mecharm_interfaces) StdoutLine: {'line': b'-- Up-to-date: /home/robotics/ros2_cobot/install/mecharm_interfaces/share/mecharm_interfaces/cmake/mecharm_interfaces__rosidl_typesupport_introspection_cExport-noconfig.cmake\n'}
[1.046059] (mycobot_interfaces) StdoutLine: {'line': b'-- Up-to-date: /home/robotics/ros2_cobot/install/mycobot_interfaces/share/mycobot_interfaces/cmake/mycobot_interfacesConfig-version.cmake\n'}
[1.046145] (mycobot_interfaces) StdoutLine: {'line': b'-- Up-to-date: /home/robotics/ros2_cobot/install/mycobot_interfaces/share/mycobot_interfaces/package.xml\n'}
[1.046205] (mecharm_interfaces) StdoutLine: {'line': b'-- Up-to-date: /home/robotics/ros2_cobot/install/mecharm_interfaces/share/mecharm_interfaces/cmake/mecharm_interfaces__rosidl_typesupport_cExport.cmake\n'}
[1.046302] (mecharm_interfaces) StdoutLine: {'line': b'-- Up-to-date: /home/robotics/ros2_cobot/install/mecharm_interfaces/share/mecharm_interfaces/cmake/mecharm_interfaces__rosidl_typesupport_cExport-noconfig.cmake\n'}
[1.046378] (mecharm_interfaces) StdoutLine: {'line': b'-- Up-to-date: /home/robotics/ros2_cobot/install/mecharm_interfaces/share/mecharm_interfaces/cmake/export_mecharm_interfaces__rosidl_generator_cppExport.cmake\n'}
[1.046439] (mecharm_interfaces) StdoutLine: {'line': b'-- Up-to-date: /home/robotics/ros2_cobot/install/mecharm_interfaces/share/mecharm_interfaces/cmake/export_mecharm_interfaces__rosidl_typesupport_fastrtps_cppExport.cmake\n'}
[1.046504] (mecharm_interfaces) StdoutLine: {'line': b'-- Up-to-date: /home/robotics/ros2_cobot/install/mecharm_interfaces/share/mecharm_interfaces/cmake/export_mecharm_interfaces__rosidl_typesupport_fastrtps_cppExport-noconfig.cmake\n'}
[1.046605] (mecharm_interfaces) StdoutLine: {'line': b'-- Up-to-date: /home/robotics/ros2_cobot/install/mecharm_interfaces/share/mecharm_interfaces/cmake/mecharm_interfaces__rosidl_typesupport_introspection_cppExport.cmake\n'}
[1.046682] (mecharm_interfaces) StdoutLine: {'line': b'-- Up-to-date: /home/robotics/ros2_cobot/install/mecharm_interfaces/share/mecharm_interfaces/cmake/mecharm_interfaces__rosidl_typesupport_introspection_cppExport-noconfig.cmake\n'}
[1.046742] (mecharm_interfaces) StdoutLine: {'line': b'-- Up-to-date: /home/robotics/ros2_cobot/install/mecharm_interfaces/share/mecharm_interfaces/cmake/mecharm_interfaces__rosidl_typesupport_cppExport.cmake\n'}
[1.046837] (mecharm_interfaces) StdoutLine: {'line': b'-- Up-to-date: /home/robotics/ros2_cobot/install/mecharm_interfaces/share/mecharm_interfaces/cmake/mecharm_interfaces__rosidl_typesupport_cppExport-noconfig.cmake\n'}
[1.046916] (mecharm_interfaces) StdoutLine: {'line': b'-- Up-to-date: /home/robotics/ros2_cobot/install/mecharm_interfaces/share/mecharm_interfaces/cmake/export_mecharm_interfaces__rosidl_generator_pyExport.cmake\n'}
[1.047004] (mecharm_interfaces) StdoutLine: {'line': b'-- Up-to-date: /home/robotics/ros2_cobot/install/mecharm_interfaces/share/mecharm_interfaces/cmake/export_mecharm_interfaces__rosidl_generator_pyExport-noconfig.cmake\n'}
[1.047049] (mecharm_interfaces) StdoutLine: {'line': b'-- Up-to-date: /home/robotics/ros2_cobot/install/mecharm_interfaces/share/mecharm_interfaces/cmake/rosidl_cmake-extras.cmake\n'}
[1.047114] (mecharm_interfaces) StdoutLine: {'line': b'-- Up-to-date: /home/robotics/ros2_cobot/install/mecharm_interfaces/share/mecharm_interfaces/cmake/ament_cmake_export_dependencies-extras.cmake\n'}
[1.047168] (mecharm_interfaces) StdoutLine: {'line': b'-- Up-to-date: /home/robotics/ros2_cobot/install/mecharm_interfaces/share/mecharm_interfaces/cmake/ament_cmake_export_include_directories-extras.cmake\n'}
[1.047219] (mecharm_interfaces) StdoutLine: {'line': b'-- Up-to-date: /home/robotics/ros2_cobot/install/mecharm_interfaces/share/mecharm_interfaces/cmake/ament_cmake_export_libraries-extras.cmake\n'}
[1.047265] (mecharm_interfaces) StdoutLine: {'line': b'-- Up-to-date: /home/robotics/ros2_cobot/install/mecharm_interfaces/share/mecharm_interfaces/cmake/ament_cmake_export_targets-extras.cmake\n'}
[1.047318] (mecharm_interfaces) StdoutLine: {'line': b'-- Up-to-date: /home/robotics/ros2_cobot/install/mecharm_interfaces/share/mecharm_interfaces/cmake/rosidl_cmake_export_typesupport_targets-extras.cmake\n'}
[1.047399] (mecharm_interfaces) StdoutLine: {'line': b'-- Up-to-date: /home/robotics/ros2_cobot/install/mecharm_interfaces/share/mecharm_interfaces/cmake/rosidl_cmake_export_typesupport_libraries-extras.cmake\n'}
[1.047453] (mecharm_interfaces) StdoutLine: {'line': b'-- Up-to-date: /home/robotics/ros2_cobot/install/mecharm_interfaces/share/mecharm_interfaces/cmake/mecharm_interfacesConfig.cmake\n'}
[1.047504] (mecharm_interfaces) StdoutLine: {'line': b'-- Up-to-date: /home/robotics/ros2_cobot/install/mecharm_interfaces/share/mecharm_interfaces/cmake/mecharm_interfacesConfig-version.cmake\n'}
[1.047552] (mecharm_interfaces) StdoutLine: {'line': b'-- Up-to-date: /home/robotics/ros2_cobot/install/mecharm_interfaces/share/mecharm_interfaces/package.xml\n'}
[1.049708] (mycobot_interfaces) CommandEnded: {'returncode': 0}
[1.055031] (mypalletizer_interfaces) StdoutLine: {'line': b"Listing '/home/robotics/ros2_cobot/install/mypalletizer_interfaces/local/lib/python3.10/dist-packages/mypalletizer_interfaces'...\n"}
[1.055271] (mypalletizer_interfaces) StdoutLine: {'line': b"Listing '/home/robotics/ros2_cobot/install/mypalletizer_interfaces/local/lib/python3.10/dist-packages/mypalletizer_interfaces/msg'...\n"}
[1.055412] (mypalletizer_interfaces) StdoutLine: {'line': b"Listing '/home/robotics/ros2_cobot/install/mypalletizer_interfaces/local/lib/python3.10/dist-packages/mypalletizer_interfaces/srv'...\n"}
[1.067542] (mypalletizer_interfaces) StdoutLine: {'line': b'-- Up-to-date: /home/robotics/ros2_cobot/install/mypalletizer_interfaces/local/lib/python3.10/dist-packages/mypalletizer_interfaces/mypalletizer_interfaces_s__rosidl_typesupport_fastrtps_c.cpython-310-x86_64-linux-gnu.so\n'}
[1.068216] (mypalletizer_interfaces) StdoutLine: {'line': b'-- Up-to-date: /home/robotics/ros2_cobot/install/mypalletizer_interfaces/local/lib/python3.10/dist-packages/mypalletizer_interfaces/mypalletizer_interfaces_s__rosidl_typesupport_introspection_c.cpython-310-x86_64-linux-gnu.so\n'}
[1.068287] (mypalletizer_interfaces) StdoutLine: {'line': b'-- Up-to-date: /home/robotics/ros2_cobot/install/mypalletizer_interfaces/local/lib/python3.10/dist-packages/mypalletizer_interfaces/mypalletizer_interfaces_s__rosidl_typesupport_c.cpython-310-x86_64-linux-gnu.so\n'}
[1.068546] (mypalletizer_interfaces) StdoutLine: {'line': b'-- Up-to-date: /home/robotics/ros2_cobot/install/mypalletizer_interfaces/lib/libmypalletizer_interfaces__rosidl_generator_py.so\n'}
[1.068606] (mypalletizer_interfaces) StdoutLine: {'line': b'-- Up-to-date: /home/robotics/ros2_cobot/install/mypalletizer_interfaces/share/mypalletizer_interfaces/msg/MypalAngles.idl\n'}
[1.068648] (mypalletizer_interfaces) StdoutLine: {'line': b'-- Up-to-date: /home/robotics/ros2_cobot/install/mypalletizer_interfaces/share/mypalletizer_interfaces/msg/MypalCoords.idl\n'}
[1.068688] (mypalletizer_interfaces) StdoutLine: {'line': b'-- Up-to-date: /home/robotics/ros2_cobot/install/mypalletizer_interfaces/share/mypalletizer_interfaces/msg/MypalSetAngles.idl\n'}
[1.068727] (mypalletizer_interfaces) StdoutLine: {'line': b'-- Up-to-date: /home/robotics/ros2_cobot/install/mypalletizer_interfaces/share/mypalletizer_interfaces/msg/MypalSetCoords.idl\n'}
[1.068776] (mypalletizer_interfaces) StdoutLine: {'line': b'-- Up-to-date: /home/robotics/ros2_cobot/install/mypalletizer_interfaces/share/mypalletizer_interfaces/msg/MypalGripperStatus.idl\n'}
[1.068821] (mypalletizer_interfaces) StdoutLine: {'line': b'-- Up-to-date: /home/robotics/ros2_cobot/install/mypalletizer_interfaces/share/mypalletizer_interfaces/msg/MypalPumpStatus.idl\n'}
[1.068865] (mypalletizer_interfaces) StdoutLine: {'line': b'-- Up-to-date: /home/robotics/ros2_cobot/install/mypalletizer_interfaces/share/mypalletizer_interfaces/srv/GetAngles.idl\n'}
[1.068907] (mypalletizer_interfaces) StdoutLine: {'line': b'-- Up-to-date: /home/robotics/ros2_cobot/install/mypalletizer_interfaces/share/mypalletizer_interfaces/srv/SetAngles.idl\n'}
[1.068948] (mypalletizer_interfaces) StdoutLine: {'line': b'-- Up-to-date: /home/robotics/ros2_cobot/install/mypalletizer_interfaces/share/mypalletizer_interfaces/srv/GetCoords.idl\n'}
[1.069473] (mypalletizer_interfaces) StdoutLine: {'line': b'-- Up-to-date: /home/robotics/ros2_cobot/install/mypalletizer_interfaces/share/mypalletizer_interfaces/srv/SetCoords.idl\n'}
[1.069597] (mypalletizer_interfaces) StdoutLine: {'line': b'-- Up-to-date: /home/robotics/ros2_cobot/install/mypalletizer_interfaces/share/mypalletizer_interfaces/srv/GripperStatus.idl\n'}
[1.069639] (mypalletizer_interfaces) StdoutLine: {'line': b'-- Up-to-date: /home/robotics/ros2_cobot/install/mypalletizer_interfaces/share/mypalletizer_interfaces/srv/PumpStatus.idl\n'}
[1.069678] (mypalletizer_interfaces) StdoutLine: {'line': b'-- Up-to-date: /home/robotics/ros2_cobot/install/mypalletizer_interfaces/share/mypalletizer_interfaces/msg/MypalAngles.msg\n'}
[1.069722] (mypalletizer_interfaces) StdoutLine: {'line': b'-- Up-to-date: /home/robotics/ros2_cobot/install/mypalletizer_interfaces/share/mypalletizer_interfaces/msg/MypalCoords.msg\n'}
[1.069764] (mypalletizer_interfaces) StdoutLine: {'line': b'-- Up-to-date: /home/robotics/ros2_cobot/install/mypalletizer_interfaces/share/mypalletizer_interfaces/msg/MypalSetAngles.msg\n'}
[1.069805] (mypalletizer_interfaces) StdoutLine: {'line': b'-- Up-to-date: /home/robotics/ros2_cobot/install/mypalletizer_interfaces/share/mypalletizer_interfaces/msg/MypalSetCoords.msg\n'}
[1.070000] (mypalletizer_interfaces) StdoutLine: {'line': b'-- Up-to-date: /home/robotics/ros2_cobot/install/mypalletizer_interfaces/share/mypalletizer_interfaces/msg/MypalGripperStatus.msg\n'}
[1.070040] (mypalletizer_interfaces) StdoutLine: {'line': b'-- Up-to-date: /home/robotics/ros2_cobot/install/mypalletizer_interfaces/share/mypalletizer_interfaces/msg/MypalPumpStatus.msg\n'}
[1.070079] (mypalletizer_interfaces) StdoutLine: {'line': b'-- Up-to-date: /home/robotics/ros2_cobot/install/mypalletizer_interfaces/share/mypalletizer_interfaces/srv/GetAngles.srv\n'}
[1.070118] (mypalletizer_interfaces) StdoutLine: {'line': b'-- Up-to-date: /home/robotics/ros2_cobot/install/mypalletizer_interfaces/share/mypalletizer_interfaces/srv/GetAngles_Request.msg\n'}
[1.070157] (mypalletizer_interfaces) StdoutLine: {'line': b'-- Up-to-date: /home/robotics/ros2_cobot/install/mypalletizer_interfaces/share/mypalletizer_interfaces/srv/GetAngles_Response.msg\n'}
[1.070197] (mypalletizer_interfaces) StdoutLine: {'line': b'-- Up-to-date: /home/robotics/ros2_cobot/install/mypalletizer_interfaces/share/mypalletizer_interfaces/srv/SetAngles.srv\n'}
[1.070237] (mypalletizer_interfaces) StdoutLine: {'line': b'-- Up-to-date: /home/robotics/ros2_cobot/install/mypalletizer_interfaces/share/mypalletizer_interfaces/srv/SetAngles_Request.msg\n'}
[1.070275] (mypalletizer_interfaces) StdoutLine: {'line': b'-- Up-to-date: /home/robotics/ros2_cobot/install/mypalletizer_interfaces/share/mypalletizer_interfaces/srv/SetAngles_Response.msg\n'}
[1.070312] (mypalletizer_interfaces) StdoutLine: {'line': b'-- Up-to-date: /home/robotics/ros2_cobot/install/mypalletizer_interfaces/share/mypalletizer_interfaces/srv/GetCoords.srv\n'}
[1.070394] (mypalletizer_interfaces) StdoutLine: {'line': b'-- Up-to-date: /home/robotics/ros2_cobot/install/mypalletizer_interfaces/share/mypalletizer_interfaces/srv/GetCoords_Request.msg\n'}
[1.070451] (mypalletizer_interfaces) StdoutLine: {'line': b'-- Up-to-date: /home/robotics/ros2_cobot/install/mypalletizer_interfaces/share/mypalletizer_interfaces/srv/GetCoords_Response.msg\n'}
[1.070487] (mypalletizer_interfaces) StdoutLine: {'line': b'-- Up-to-date: /home/robotics/ros2_cobot/install/mypalletizer_interfaces/share/mypalletizer_interfaces/srv/SetCoords.srv\n'}
[1.070522] (mypalletizer_interfaces) StdoutLine: {'line': b'-- Up-to-date: /home/robotics/ros2_cobot/install/mypalletizer_interfaces/share/mypalletizer_interfaces/srv/SetCoords_Request.msg\n'}
[1.070558] (mypalletizer_interfaces) StdoutLine: {'line': b'-- Up-to-date: /home/robotics/ros2_cobot/install/mypalletizer_interfaces/share/mypalletizer_interfaces/srv/SetCoords_Response.msg\n'}
[1.070595] (mypalletizer_interfaces) StdoutLine: {'line': b'-- Up-to-date: /home/robotics/ros2_cobot/install/mypalletizer_interfaces/share/mypalletizer_interfaces/srv/GripperStatus.srv\n'}
[1.071015] (mypalletizer_interfaces) StdoutLine: {'line': b'-- Up-to-date: /home/robotics/ros2_cobot/install/mypalletizer_interfaces/share/mypalletizer_interfaces/srv/GripperStatus_Request.msg\n'}
[1.071057] (mypalletizer_interfaces) StdoutLine: {'line': b'-- Up-to-date: /home/robotics/ros2_cobot/install/mypalletizer_interfaces/share/mypalletizer_interfaces/srv/GripperStatus_Response.msg\n'}
[1.071096] (mypalletizer_interfaces) StdoutLine: {'line': b'-- Up-to-date: /home/robotics/ros2_cobot/install/mypalletizer_interfaces/share/mypalletizer_interfaces/srv/PumpStatus.srv\n'}
[1.071168] (mypalletizer_interfaces) StdoutLine: {'line': b'-- Up-to-date: /home/robotics/ros2_cobot/install/mypalletizer_interfaces/share/mypalletizer_interfaces/srv/PumpStatus_Request.msg\n'}
[1.071209] (mypalletizer_interfaces) StdoutLine: {'line': b'-- Up-to-date: /home/robotics/ros2_cobot/install/mypalletizer_interfaces/share/mypalletizer_interfaces/srv/PumpStatus_Response.msg\n'}
[1.071250] (mypalletizer_interfaces) StdoutLine: {'line': b'-- Up-to-date: /home/robotics/ros2_cobot/install/mypalletizer_interfaces/share/ament_index/resource_index/package_run_dependencies/mypalletizer_interfaces\n'}
[1.071309] (mypalletizer_interfaces) StdoutLine: {'line': b'-- Up-to-date: /home/robotics/ros2_cobot/install/mypalletizer_interfaces/share/ament_index/resource_index/parent_prefix_path/mypalletizer_interfaces\n'}
[1.071384] (mypalletizer_interfaces) StdoutLine: {'line': b'-- Up-to-date: /home/robotics/ros2_cobot/install/mypalletizer_interfaces/share/mypalletizer_interfaces/environment/ament_prefix_path.sh\n'}
[1.071595] (mypalletizer_interfaces) StdoutLine: {'line': b'-- Up-to-date: /home/robotics/ros2_cobot/install/mypalletizer_interfaces/share/mypalletizer_interfaces/environment/ament_prefix_path.dsv\n'}
[1.071635] (mypalletizer_interfaces) StdoutLine: {'line': b'-- Up-to-date: /home/robotics/ros2_cobot/install/mypalletizer_interfaces/share/mypalletizer_interfaces/environment/path.sh\n'}
[1.071675] (mypalletizer_interfaces) StdoutLine: {'line': b'-- Up-to-date: /home/robotics/ros2_cobot/install/mypalletizer_interfaces/share/mypalletizer_interfaces/environment/path.dsv\n'}
[1.071714] (mypalletizer_interfaces) StdoutLine: {'line': b'-- Up-to-date: /home/robotics/ros2_cobot/install/mypalletizer_interfaces/share/mypalletizer_interfaces/local_setup.bash\n'}
[1.071752] (mypalletizer_interfaces) StdoutLine: {'line': b'-- Up-to-date: /home/robotics/ros2_cobot/install/mypalletizer_interfaces/share/mypalletizer_interfaces/local_setup.sh\n'}
[1.071792] (mypalletizer_interfaces) StdoutLine: {'line': b'-- Up-to-date: /home/robotics/ros2_cobot/install/mypalletizer_interfaces/share/mypalletizer_interfaces/local_setup.zsh\n'}
[1.071830] (mypalletizer_interfaces) StdoutLine: {'line': b'-- Up-to-date: /home/robotics/ros2_cobot/install/mypalletizer_interfaces/share/mypalletizer_interfaces/local_setup.dsv\n'}
[1.071867] (mypalletizer_interfaces) StdoutLine: {'line': b'-- Installing: /home/robotics/ros2_cobot/install/mypalletizer_interfaces/share/mypalletizer_interfaces/package.dsv\n'}
[1.071905] (mypalletizer_interfaces) StdoutLine: {'line': b'-- Up-to-date: /home/robotics/ros2_cobot/install/mypalletizer_interfaces/share/ament_index/resource_index/packages/mypalletizer_interfaces\n'}
[1.071943] (mypalletizer_interfaces) StdoutLine: {'line': b'-- Up-to-date: /home/robotics/ros2_cobot/install/mypalletizer_interfaces/share/mypalletizer_interfaces/cmake/export_mypalletizer_interfaces__rosidl_generator_cExport.cmake\n'}
[1.071982] (mypalletizer_interfaces) StdoutLine: {'line': b'-- Up-to-date: /home/robotics/ros2_cobot/install/mypalletizer_interfaces/share/mypalletizer_interfaces/cmake/export_mypalletizer_interfaces__rosidl_generator_cExport-noconfig.cmake\n'}
[1.072021] (mypalletizer_interfaces) StdoutLine: {'line': b'-- Up-to-date: /home/robotics/ros2_cobot/install/mypalletizer_interfaces/share/mypalletizer_interfaces/cmake/export_mypalletizer_interfaces__rosidl_typesupport_fastrtps_cExport.cmake\n'}
[1.072060] (mypalletizer_interfaces) StdoutLine: {'line': b'-- Up-to-date: /home/robotics/ros2_cobot/install/mypalletizer_interfaces/share/mypalletizer_interfaces/cmake/export_mypalletizer_interfaces__rosidl_typesupport_fastrtps_cExport-noconfig.cmake\n'}
[1.072099] (mypalletizer_interfaces) StdoutLine: {'line': b'-- Up-to-date: /home/robotics/ros2_cobot/install/mypalletizer_interfaces/share/mypalletizer_interfaces/cmake/mypalletizer_interfaces__rosidl_typesupport_introspection_cExport.cmake\n'}
[1.072137] (mypalletizer_interfaces) StdoutLine: {'line': b'-- Up-to-date: /home/robotics/ros2_cobot/install/mypalletizer_interfaces/share/mypalletizer_interfaces/cmake/mypalletizer_interfaces__rosidl_typesupport_introspection_cExport-noconfig.cmake\n'}
[1.072270] (mypalletizer_interfaces) StdoutLine: {'line': b'-- Up-to-date: /home/robotics/ros2_cobot/install/mypalletizer_interfaces/share/mypalletizer_interfaces/cmake/mypalletizer_interfaces__rosidl_typesupport_cExport.cmake\n'}
[1.072352] (mypalletizer_interfaces) StdoutLine: {'line': b'-- Up-to-date: /home/robotics/ros2_cobot/install/mypalletizer_interfaces/share/mypalletizer_interfaces/cmake/mypalletizer_interfaces__rosidl_typesupport_cExport-noconfig.cmake\n'}
[1.072411] (mypalletizer_interfaces) StdoutLine: {'line': b'-- Up-to-date: /home/robotics/ros2_cobot/install/mypalletizer_interfaces/share/mypalletizer_interfaces/cmake/export_mypalletizer_interfaces__rosidl_generator_cppExport.cmake\n'}
[1.072453] (mypalletizer_interfaces) StdoutLine: {'line': b'-- Up-to-date: /home/robotics/ros2_cobot/install/mypalletizer_interfaces/share/mypalletizer_interfaces/cmake/export_mypalletizer_interfaces__rosidl_typesupport_fastrtps_cppExport.cmake\n'}
[1.072493] (mypalletizer_interfaces) StdoutLine: {'line': b'-- Up-to-date: /home/robotics/ros2_cobot/install/mypalletizer_interfaces/share/mypalletizer_interfaces/cmake/export_mypalletizer_interfaces__rosidl_typesupport_fastrtps_cppExport-noconfig.cmake\n'}
[1.072637] (mypalletizer_interfaces) StdoutLine: {'line': b'-- Up-to-date: /home/robotics/ros2_cobot/install/mypalletizer_interfaces/share/mypalletizer_interfaces/cmake/mypalletizer_interfaces__rosidl_typesupport_introspection_cppExport.cmake\n'}
[1.072680] (mypalletizer_interfaces) StdoutLine: {'line': b'-- Up-to-date: /home/robotics/ros2_cobot/install/mypalletizer_interfaces/share/mypalletizer_interfaces/cmake/mypalletizer_interfaces__rosidl_typesupport_introspection_cppExport-noconfig.cmake\n'}
[1.072719] (mypalletizer_interfaces) StdoutLine: {'line': b'-- Up-to-date: /home/robotics/ros2_cobot/install/mypalletizer_interfaces/share/mypalletizer_interfaces/cmake/mypalletizer_interfaces__rosidl_typesupport_cppExport.cmake\n'}
[1.072757] (mypalletizer_interfaces) StdoutLine: {'line': b'-- Up-to-date: /home/robotics/ros2_cobot/install/mypalletizer_interfaces/share/mypalletizer_interfaces/cmake/mypalletizer_interfaces__rosidl_typesupport_cppExport-noconfig.cmake\n'}
[1.072818] (mypalletizer_interfaces) StdoutLine: {'line': b'-- Up-to-date: /home/robotics/ros2_cobot/install/mypalletizer_interfaces/share/mypalletizer_interfaces/cmake/export_mypalletizer_interfaces__rosidl_generator_pyExport.cmake\n'}
[1.072876] (mypalletizer_interfaces) StdoutLine: {'line': b'-- Up-to-date: /home/robotics/ros2_cobot/install/mypalletizer_interfaces/share/mypalletizer_interfaces/cmake/export_mypalletizer_interfaces__rosidl_generator_pyExport-noconfig.cmake\n'}
[1.072935] (mypalletizer_interfaces) StdoutLine: {'line': b'-- Up-to-date: /home/robotics/ros2_cobot/install/mypalletizer_interfaces/share/mypalletizer_interfaces/cmake/rosidl_cmake-extras.cmake\n'}
[1.072987] (mypalletizer_interfaces) StdoutLine: {'line': b'-- Up-to-date: /home/robotics/ros2_cobot/install/mypalletizer_interfaces/share/mypalletizer_interfaces/cmake/ament_cmake_export_dependencies-extras.cmake\n'}
[1.073049] (mypalletizer_interfaces) StdoutLine: {'line': b'-- Up-to-date: /home/robotics/ros2_cobot/install/mypalletizer_interfaces/share/mypalletizer_interfaces/cmake/ament_cmake_export_include_directories-extras.cmake\n'}
[1.073088] (mypalletizer_interfaces) StdoutLine: {'line': b'-- Up-to-date: /home/robotics/ros2_cobot/install/mypalletizer_interfaces/share/mypalletizer_interfaces/cmake/ament_cmake_export_libraries-extras.cmake\n'}
[1.073140] (mypalletizer_interfaces) StdoutLine: {'line': b'-- Up-to-date: /home/robotics/ros2_cobot/install/mypalletizer_interfaces/share/mypalletizer_interfaces/cmake/ament_cmake_export_targets-extras.cmake\n'}
[1.073193] (mypalletizer_interfaces) StdoutLine: {'line': b'-- Up-to-date: /home/robotics/ros2_cobot/install/mypalletizer_interfaces/share/mypalletizer_interfaces/cmake/rosidl_cmake_export_typesupport_targets-extras.cmake\n'}
[1.073252] (mypalletizer_interfaces) StdoutLine: {'line': b'-- Up-to-date: /home/robotics/ros2_cobot/install/mypalletizer_interfaces/share/mypalletizer_interfaces/cmake/rosidl_cmake_export_typesupport_libraries-extras.cmake\n'}
[1.073293] (mypalletizer_interfaces) StdoutLine: {'line': b'-- Up-to-date: /home/robotics/ros2_cobot/install/mypalletizer_interfaces/share/mypalletizer_interfaces/cmake/mypalletizer_interfacesConfig.cmake\n'}
[1.073335] (mypalletizer_interfaces) StdoutLine: {'line': b'-- Up-to-date: /home/robotics/ros2_cobot/install/mypalletizer_interfaces/share/mypalletizer_interfaces/cmake/mypalletizer_interfacesConfig-version.cmake\n'}
[1.073463] (mypalletizer_interfaces) StdoutLine: {'line': b'-- Up-to-date: /home/robotics/ros2_cobot/install/mypalletizer_interfaces/share/mypalletizer_interfaces/package.xml\n'}
[1.085753] (mycobot_interfaces) JobEnded: {'identifier': 'mycobot_interfaces', 'rc': 0}
[1.087303] (mycobot_communication) JobStarted: {'identifier': 'mycobot_communication'}
[1.094065] (mecharm_communication) JobStarted: {'identifier': 'mecharm_communication'}
[1.103093] (mycobot_description) Command: {'cmd': ['/usr/bin/python3', '-W', 'ignore:setup.py install is deprecated', '-W', 'ignore:easy_install command is deprecated', 'setup.py', 'egg_info', '--egg-base', '../../../build/mycobot_description', 'build', '--build-base', '/home/robotics/ros2_cobot/build/mycobot_description/build', 'install', '--record', '/home/robotics/ros2_cobot/build/mycobot_description/install.log', '--single-version-externally-managed', 'install_data'], 'cwd': '/home/robotics/ros2_cobot/src/mycobot_ros2/mycobot_description', 'env': {'GJS_DEBUG_TOPICS': 'JS ERROR;JS LOG', 'LESSOPEN': '| /usr/bin/lesspipe %s', 'LANGUAGE': 'en_CA:en', 'USER': 'robotics', 'XDG_SESSION_TYPE': 'wayland', 'SHLVL': '1', 'LD_LIBRARY_PATH': '/opt/ros/humble/opt/rviz_ogre_vendor/lib:/opt/ros/humble/lib/x86_64-linux-gnu:/opt/ros/humble/lib', 'HOME': '/home/robotics', 'OLDPWD': '/home/robotics', 'DESKTOP_SESSION': 'ubuntu', 'GIO_LAUNCHED_DESKTOP_FILE': '/usr/share/applications/terminator.desktop', 'ROS_PYTHON_VERSION': '3', 'GNOME_SHELL_SESSION_MODE': 'ubuntu', 'GTK_MODULES': 'gail:atk-bridge', 'MANAGERPID': '2208', 'SYSTEMD_EXEC_PID': '2385', 'DBUS_SESSION_BUS_ADDRESS': 'unix:path=/run/user/1001/bus', 'COLORTERM': 'truecolor', 'TERMINATOR_DBUS_NAME': 'net.tenshu.Terminator25ef4b219e3b005583550f2b0f9f990c3', 'LIBVIRT_DEFAULT_URI': 'qemu:///system', 'GIO_LAUNCHED_DESKTOP_FILE_PID': '5985', 'IM_CONFIG_PHASE': '1', 'WAYLAND_DISPLAY': 'wayland-0', 'ROS_DISTRO': 'humble', 'LOGNAME': 'robotics', 'JOURNAL_STREAM': '8:11736', '_': '/usr/bin/colcon', 'ROS_VERSION': '2', 'XDG_SESSION_CLASS': 'user', 'USERNAME': 'robotics', 'TERM': 'xterm-256color', 'GNOME_DESKTOP_SESSION_ID': 'this-is-deprecated', 'ROS_LOCALHOST_ONLY': '0', 'PATH': '/opt/ros/humble/bin:/home/robotics/.local/bin:/usr/local/sbin:/usr/local/bin:/usr/sbin:/usr/bin:/sbin:/bin:/usr/games:/usr/local/games:/snap/bin:/snap/bin', 'SESSION_MANAGER': 'local/scapula:@/tmp/.ICE-unix/2355,unix/scapula:/tmp/.ICE-unix/2355', 'INVOCATION_ID': 'e345590a299a451da04fa5520e75bdac', 'XDG_MENU_PREFIX': 'gnome-', 'GNOME_SETUP_DISPLAY': ':1', 'XDG_RUNTIME_DIR': '/run/user/1001', 'DISPLAY': ':0', 'TERMINATOR_DBUS_PATH': '/net/tenshu/Terminator2', 'LANG': 'en_US.UTF-8', 'XDG_CURRENT_DESKTOP': 'ubuntu:GNOME', 'XMODIFIERS': '@im=ibus', 'XDG_SESSION_DESKTOP': 'ubuntu', 'XAUTHORITY': '/run/user/1001/.mutter-Xwaylandauth.C2D0D3', 'LS_COLORS': 'rs=0:di=01;34:ln=01;36:mh=00:pi=40;33:so=01;35:do=01;35:bd=40;33;01:cd=40;33;01:or=40;31;01:mi=00:su=37;41:sg=30;43:ca=30;41:tw=30;42:ow=34;42:st=37;44:ex=01;32:*.tar=01;31:*.tgz=01;31:*.arc=01;31:*.arj=01;31:*.taz=01;31:*.lha=01;31:*.lz4=01;31:*.lzh=01;31:*.lzma=01;31:*.tlz=01;31:*.txz=01;31:*.tzo=01;31:*.t7z=01;31:*.zip=01;31:*.z=01;31:*.dz=01;31:*.gz=01;31:*.lrz=01;31:*.lz=01;31:*.lzo=01;31:*.xz=01;31:*.zst=01;31:*.tzst=01;31:*.bz2=01;31:*.bz=01;31:*.tbz=01;31:*.tbz2=01;31:*.tz=01;31:*.deb=01;31:*.rpm=01;31:*.jar=01;31:*.war=01;31:*.ear=01;31:*.sar=01;31:*.rar=01;31:*.alz=01;31:*.ace=01;31:*.zoo=01;31:*.cpio=01;31:*.7z=01;31:*.rz=01;31:*.cab=01;31:*.wim=01;31:*.swm=01;31:*.dwm=01;31:*.esd=01;31:*.jpg=01;35:*.jpeg=01;35:*.mjpg=01;35:*.mjpeg=01;35:*.gif=01;35:*.bmp=01;35:*.pbm=01;35:*.pgm=01;35:*.ppm=01;35:*.tga=01;35:*.xbm=01;35:*.xpm=01;35:*.tif=01;35:*.tiff=01;35:*.png=01;35:*.svg=01;35:*.svgz=01;35:*.mng=01;35:*.pcx=01;35:*.mov=01;35:*.mpg=01;35:*.mpeg=01;35:*.m2v=01;35:*.mkv=01;35:*.webm=01;35:*.webp=01;35:*.ogm=01;35:*.mp4=01;35:*.m4v=01;35:*.mp4v=01;35:*.vob=01;35:*.qt=01;35:*.nuv=01;35:*.wmv=01;35:*.asf=01;35:*.rm=01;35:*.rmvb=01;35:*.flc=01;35:*.avi=01;35:*.fli=01;35:*.flv=01;35:*.gl=01;35:*.dl=01;35:*.xcf=01;35:*.xwd=01;35:*.yuv=01;35:*.cgm=01;35:*.emf=01;35:*.ogv=01;35:*.ogx=01;35:*.aac=00;36:*.au=00;36:*.flac=00;36:*.m4a=00;36:*.mid=00;36:*.midi=00;36:*.mka=00;36:*.mp3=00;36:*.mpc=00;36:*.ogg=00;36:*.ra=00;36:*.wav=00;36:*.oga=00;36:*.opus=00;36:*.spx=00;36:*.xspf=00;36:', 'SSH_AGENT_LAUNCHER': 'gnome-keyring', 'SSH_AUTH_SOCK': '/run/user/1001/keyring/ssh', 'AMENT_PREFIX_PATH': '/opt/ros/humble', 'SHELL': '/bin/bash', 'TERMINATOR_UUID': 'urn:uuid:f2f89f62-91b9-4d3d-9090-78fd66b7b1db', 'QT_ACCESSIBILITY': '1', 'GDMSESSION': 'ubuntu', 'LESSCLOSE': '/usr/bin/lesspipe %s %s', 'GJS_DEBUG_OUTPUT': 'stderr', 'QT_IM_MODULE': 'ibus', 'PWD': '/home/robotics/ros2_cobot/build/mycobot_description', 'LC_ALL': 'en_US.UTF-8', 'XDG_CONFIG_DIRS': '/etc/xdg/xdg-ubuntu:/etc/xdg', 'XDG_DATA_DIRS': '/usr/share/ubuntu:/usr/local/share/:/usr/share/:/var/lib/snapd/desktop', 'PYTHONPATH': '/home/robotics/ros2_cobot/build/mycobot_description/prefix_override:/usr/lib/python3/dist-packages/colcon_core/task/python/colcon_distutils_commands:/home/robotics/ros2_cobot/install/mycobot_description/lib/python3.10/site-packages:/opt/ros/humble/lib/python3.10/site-packages:/opt/ros/humble/local/lib/python3.10/dist-packages', 'COLCON': '1', 'VTE_VERSION': '6800'}, 'shell': False}
[1.105250] (-) TimerEvent: {}
[1.105429] (mecharm_interfaces) CommandEnded: {'returncode': 0}
[1.126464] (mecharm_interfaces) JobEnded: {'identifier': 'mecharm_interfaces', 'rc': 0}
[1.130213] (mypalletizer_interfaces) CommandEnded: {'returncode': 0}
[1.151542] (mypalletizer_interfaces) JobEnded: {'identifier': 'mypalletizer_interfaces', 'rc': 0}
[1.153748] (mypalletizer_communication) JobStarted: {'identifier': 'mypalletizer_communication'}
[1.181846] (traj_scripts) StdoutLine: {'line': b'-- Found Boost: /usr/lib/x86_64-linux-gnu/cmake/Boost-1.74.0/BoostConfig.cmake (found version "1.74.0") found components: chrono date_time filesystem iostreams program_options regex serialization system thread \n'}
[1.205423] (-) TimerEvent: {}
[1.220497] (traj_scripts) StdoutLine: {'line': b'-- Found parameter_traits: 0.4.0 (/opt/ros/humble/share/parameter_traits/cmake)\n'}
[1.228677] (traj_scripts) StdoutLine: {'line': b'-- Found rclcpp_lifecycle: 16.0.12 (/opt/ros/humble/share/rclcpp_lifecycle/cmake)\n'}
[1.247577] (traj_scripts) StdoutLine: {'line': b'-- Found Boost: /usr/lib/x86_64-linux-gnu/cmake/Boost-1.74.0/BoostConfig.cmake (found version "1.74.0") found components: filesystem \n'}
[1.284854] (traj_scripts) StdoutLine: {'line': b'-- library: /usr/lib/x86_64-linux-gnu/libcurl.so\n'}
[1.305547] (-) TimerEvent: {}
[1.307369] (traj_scripts) StdoutLine: {'line': b'-- Ensuring Eigen3 include directory is part of orocos-kdl CMake target\n'}
[1.334644] (mycobot_description) StdoutLine: {'line': b'running egg_info\n'}
[1.335313] (mycobot_description) StdoutLine: {'line': b'writing ../../../build/mycobot_description/mycobot_description.egg-info/PKG-INFO\n'}
[1.335567] (mycobot_description) StdoutLine: {'line': b'writing dependency_links to ../../../build/mycobot_description/mycobot_description.egg-info/dependency_links.txt\n'}
[1.335771] (mycobot_description) StdoutLine: {'line': b'writing entry points to ../../../build/mycobot_description/mycobot_description.egg-info/entry_points.txt\n'}
[1.335891] (mycobot_description) StdoutLine: {'line': b'writing requirements to ../../../build/mycobot_description/mycobot_description.egg-info/requires.txt\n'}
[1.335969] (mycobot_description) StdoutLine: {'line': b'writing top-level names to ../../../build/mycobot_description/mycobot_description.egg-info/top_level.txt\n'}
[1.338690] (mycobot_description) StdoutLine: {'line': b"reading manifest file '../../../build/mycobot_description/mycobot_description.egg-info/SOURCES.txt'\n"}
[1.339581] (mycobot_description) StdoutLine: {'line': b"adding license file 'LICENSE'\n"}
[1.343220] (mycobot_description) StdoutLine: {'line': b"writing manifest file '../../../build/mycobot_description/mycobot_description.egg-info/SOURCES.txt'\n"}
[1.344003] (mycobot_description) StdoutLine: {'line': b'running build\n'}
[1.344143] (mycobot_description) StdoutLine: {'line': b'running build_py\n'}
[1.344481] (mycobot_description) StdoutLine: {'line': b'running install\n'}
[1.345750] (mycobot_description) StdoutLine: {'line': b'running install_lib\n'}
[1.348355] (mycobot_description) StdoutLine: {'line': b'running install_data\n'}
[1.352072] (mycobot_description) StdoutLine: {'line': b'running install_egg_info\n'}
[1.353843] (mycobot_description) StdoutLine: {'line': b"removing '/home/robotics/ros2_cobot/install/mycobot_description/lib/python3.10/site-packages/mycobot_description-0.0.0-py3.10.egg-info' (and everything under it)\n"}
[1.354164] (mycobot_description) StdoutLine: {'line': b'Copying ../../../build/mycobot_description/mycobot_description.egg-info to /home/robotics/ros2_cobot/install/mycobot_description/lib/python3.10/site-packages/mycobot_description-0.0.0-py3.10.egg-info\n'}
[1.354898] (mycobot_description) StdoutLine: {'line': b'running install_scripts\n'}
[1.382501] (mycobot_description) StdoutLine: {'line': b"writing list of installed files to '/home/robotics/ros2_cobot/build/mycobot_description/install.log'\n"}
[1.405720] (-) TimerEvent: {}
[1.428672] (traj_scripts) StdoutLine: {'line': b'-- Found Boost: /usr/lib/x86_64-linux-gnu/cmake/Boost-1.74.0/BoostConfig.cmake (found version "1.74.0") found components: system filesystem date_time program_options thread chrono \n'}
[1.454526] (traj_scripts) StdoutLine: {'line': b'-- Found Boost: /usr/lib/x86_64-linux-gnu/cmake/Boost-1.74.0/BoostConfig.cmake (found version "1.74.0") found components: thread system filesystem regex date_time program_options \n'}
[1.473398] (traj_scripts) StdoutLine: {'line': b'-- Found Boost: /usr/lib/x86_64-linux-gnu/cmake/Boost-1.74.0/BoostConfig.cmake (found version "1.74.0") found components: system filesystem date_time program_options thread \n'}
[1.505844] (-) TimerEvent: {}
[1.606322] (-) TimerEvent: {}
[1.669470] (traj_scripts) StdoutLine: {'line': b'-- Configuring done\n'}
[1.706465] (-) TimerEvent: {}
[1.730821] (traj_scripts) StdoutLine: {'line': b'-- Generating done\n'}
[1.742909] (traj_scripts) StdoutLine: {'line': b'-- Build files have been written to: /home/robotics/ros2_cobot/build/traj_scripts\n'}
[1.806667] (-) TimerEvent: {}
[1.808053] (traj_scripts) StdoutLine: {'line': b'\x1b[35m\x1b[1mConsolidate compiler generated dependencies of target traj_runner_node\x1b[0m\n'}
[1.808583] (traj_scripts) StdoutLine: {'line': b'\x1b[35m\x1b[1mConsolidate compiler generated dependencies of target plan_node\x1b[0m\n'}
[1.845907] (traj_scripts) StdoutLine: {'line': b'[  0%] Built target ament_cmake_python_copy_traj_scripts\n'}
[1.871716] (traj_scripts) StdoutLine: {'line': b'[ 75%] Built target plan_node\n'}
[1.872033] (traj_scripts) StdoutLine: {'line': b'[ 75%] \x1b[32mBuilding CXX object CMakeFiles/traj_runner_node.dir/src/traj_scripts.cpp.o\x1b[0m\n'}
[1.906872] (-) TimerEvent: {}
[2.007433] (-) TimerEvent: {}
[2.108657] (-) TimerEvent: {}
[2.120554] (traj_scripts) StdoutLine: {'line': b'running egg_info\n'}
[2.121238] (traj_scripts) StdoutLine: {'line': b'writing traj_scripts.egg-info/PKG-INFO\n'}
[2.121430] (traj_scripts) StdoutLine: {'line': b'writing dependency_links to traj_scripts.egg-info/dependency_links.txt\n'}
[2.121583] (traj_scripts) StdoutLine: {'line': b'writing top-level names to traj_scripts.egg-info/top_level.txt\n'}
[2.123027] (traj_scripts) StdoutLine: {'line': b"reading manifest file 'traj_scripts.egg-info/SOURCES.txt'\n"}
[2.123379] (traj_scripts) StdoutLine: {'line': b"writing manifest file 'traj_scripts.egg-info/SOURCES.txt'\n"}
[2.208966] (-) TimerEvent: {}
[2.213293] (mycobot_description) CommandEnded: {'returncode': 0}
[2.214161] (traj_scripts) StdoutLine: {'line': b'[ 75%] Built target ament_cmake_python_build_traj_scripts_egg\n'}
[2.220523] (mycobot_description) JobEnded: {'identifier': 'mycobot_description', 'rc': 0}
[2.222083] (mecharm) JobStarted: {'identifier': 'mecharm'}
[2.229729] (mecharm_pi) JobStarted: {'identifier': 'mecharm_pi'}
[2.239792] (myarm_300) JobStarted: {'identifier': 'myarm_300'}
[2.252199] (mybuddy) JobStarted: {'identifier': 'mybuddy'}
[2.263201] (mycobot_280) JobStarted: {'identifier': 'mycobot_280'}
[2.270766] (mycobot_280_arduino) JobStarted: {'identifier': 'mycobot_280_arduino'}
[2.280017] (mycobot_280_moveit2) JobStarted: {'identifier': 'mycobot_280_moveit2'}
[2.283913] (mycobot_280_moveit2_control) JobStarted: {'identifier': 'mycobot_280_moveit2_control'}
[2.287745] (mycobot_280_riscv) JobStarted: {'identifier': 'mycobot_280_riscv'}
[2.292777] (mycobot_280_x3pi) JobStarted: {'identifier': 'mycobot_280_x3pi'}
[2.302757] (mycobot_280arduino_moveit2) JobStarted: {'identifier': 'mycobot_280arduino_moveit2'}
[2.306545] (mycobot_280jn) JobStarted: {'identifier': 'mycobot_280jn'}
[2.309426] (-) TimerEvent: {}
[2.410624] (-) TimerEvent: {}
[2.513251] (-) TimerEvent: {}
[2.614150] (-) TimerEvent: {}
[2.716513] (-) TimerEvent: {}
[2.816901] (-) TimerEvent: {}
[2.917374] (-) TimerEvent: {}
[3.017817] (-) TimerEvent: {}
[3.118258] (-) TimerEvent: {}
[3.218692] (-) TimerEvent: {}
[3.319099] (-) TimerEvent: {}
[3.419463] (-) TimerEvent: {}
[3.519922] (-) TimerEvent: {}
[3.620301] (-) TimerEvent: {}
[3.720726] (-) TimerEvent: {}
[3.776378] (mycobot_280_moveit2) JobProgress: {'identifier': 'mycobot_280_moveit2', 'progress': 'cmake'}
[3.776951] (mycobot_280_moveit2) JobProgress: {'identifier': 'mycobot_280_moveit2', 'progress': 'build'}
[3.777162] (mycobot_280_moveit2) Command: {'cmd': ['/usr/bin/cmake', '--build', '/home/robotics/ros2_cobot/build/mycobot_280_moveit2', '--', '-j16', '-l16'], 'cwd': '/home/robotics/ros2_cobot/build/mycobot_280_moveit2', 'env': OrderedDict([('GJS_DEBUG_TOPICS', 'JS ERROR;JS LOG'), ('LESSOPEN', '| /usr/bin/lesspipe %s'), ('LANGUAGE', 'en_CA:en'), ('USER', 'robotics'), ('XDG_SESSION_TYPE', 'wayland'), ('SHLVL', '1'), ('LD_LIBRARY_PATH', '/opt/ros/humble/opt/rviz_ogre_vendor/lib:/opt/ros/humble/lib/x86_64-linux-gnu:/opt/ros/humble/lib'), ('HOME', '/home/robotics'), ('OLDPWD', '/home/robotics'), ('DESKTOP_SESSION', 'ubuntu'), ('GIO_LAUNCHED_DESKTOP_FILE', '/usr/share/applications/terminator.desktop'), ('ROS_PYTHON_VERSION', '3'), ('GNOME_SHELL_SESSION_MODE', 'ubuntu'), ('GTK_MODULES', 'gail:atk-bridge'), ('MANAGERPID', '2208'), ('SYSTEMD_EXEC_PID', '2385'), ('DBUS_SESSION_BUS_ADDRESS', 'unix:path=/run/user/1001/bus'), ('COLORTERM', 'truecolor'), ('TERMINATOR_DBUS_NAME', 'net.tenshu.Terminator25ef4b219e3b005583550f2b0f9f990c3'), ('LIBVIRT_DEFAULT_URI', 'qemu:///system'), ('GIO_LAUNCHED_DESKTOP_FILE_PID', '5985'), ('IM_CONFIG_PHASE', '1'), ('WAYLAND_DISPLAY', 'wayland-0'), ('ROS_DISTRO', 'humble'), ('LOGNAME', 'robotics'), ('JOURNAL_STREAM', '8:11736'), ('_', '/usr/bin/colcon'), ('ROS_VERSION', '2'), ('XDG_SESSION_CLASS', 'user'), ('USERNAME', 'robotics'), ('TERM', 'xterm-256color'), ('GNOME_DESKTOP_SESSION_ID', 'this-is-deprecated'), ('ROS_LOCALHOST_ONLY', '0'), ('PATH', '/opt/ros/humble/bin:/home/robotics/.local/bin:/usr/local/sbin:/usr/local/bin:/usr/sbin:/usr/bin:/sbin:/bin:/usr/games:/usr/local/games:/snap/bin:/snap/bin'), ('SESSION_MANAGER', 'local/scapula:@/tmp/.ICE-unix/2355,unix/scapula:/tmp/.ICE-unix/2355'), ('INVOCATION_ID', 'e345590a299a451da04fa5520e75bdac'), ('XDG_MENU_PREFIX', 'gnome-'), ('GNOME_SETUP_DISPLAY', ':1'), ('XDG_RUNTIME_DIR', '/run/user/1001'), ('DISPLAY', ':0'), ('TERMINATOR_DBUS_PATH', '/net/tenshu/Terminator2'), ('LANG', 'en_US.UTF-8'), ('XDG_CURRENT_DESKTOP', 'ubuntu:GNOME'), ('XMODIFIERS', '@im=ibus'), ('XDG_SESSION_DESKTOP', 'ubuntu'), ('XAUTHORITY', '/run/user/1001/.mutter-Xwaylandauth.C2D0D3'), ('LS_COLORS', 'rs=0:di=01;34:ln=01;36:mh=00:pi=40;33:so=01;35:do=01;35:bd=40;33;01:cd=40;33;01:or=40;31;01:mi=00:su=37;41:sg=30;43:ca=30;41:tw=30;42:ow=34;42:st=37;44:ex=01;32:*.tar=01;31:*.tgz=01;31:*.arc=01;31:*.arj=01;31:*.taz=01;31:*.lha=01;31:*.lz4=01;31:*.lzh=01;31:*.lzma=01;31:*.tlz=01;31:*.txz=01;31:*.tzo=01;31:*.t7z=01;31:*.zip=01;31:*.z=01;31:*.dz=01;31:*.gz=01;31:*.lrz=01;31:*.lz=01;31:*.lzo=01;31:*.xz=01;31:*.zst=01;31:*.tzst=01;31:*.bz2=01;31:*.bz=01;31:*.tbz=01;31:*.tbz2=01;31:*.tz=01;31:*.deb=01;31:*.rpm=01;31:*.jar=01;31:*.war=01;31:*.ear=01;31:*.sar=01;31:*.rar=01;31:*.alz=01;31:*.ace=01;31:*.zoo=01;31:*.cpio=01;31:*.7z=01;31:*.rz=01;31:*.cab=01;31:*.wim=01;31:*.swm=01;31:*.dwm=01;31:*.esd=01;31:*.jpg=01;35:*.jpeg=01;35:*.mjpg=01;35:*.mjpeg=01;35:*.gif=01;35:*.bmp=01;35:*.pbm=01;35:*.pgm=01;35:*.ppm=01;35:*.tga=01;35:*.xbm=01;35:*.xpm=01;35:*.tif=01;35:*.tiff=01;35:*.png=01;35:*.svg=01;35:*.svgz=01;35:*.mng=01;35:*.pcx=01;35:*.mov=01;35:*.mpg=01;35:*.mpeg=01;35:*.m2v=01;35:*.mkv=01;35:*.webm=01;35:*.webp=01;35:*.ogm=01;35:*.mp4=01;35:*.m4v=01;35:*.mp4v=01;35:*.vob=01;35:*.qt=01;35:*.nuv=01;35:*.wmv=01;35:*.asf=01;35:*.rm=01;35:*.rmvb=01;35:*.flc=01;35:*.avi=01;35:*.fli=01;35:*.flv=01;35:*.gl=01;35:*.dl=01;35:*.xcf=01;35:*.xwd=01;35:*.yuv=01;35:*.cgm=01;35:*.emf=01;35:*.ogv=01;35:*.ogx=01;35:*.aac=00;36:*.au=00;36:*.flac=00;36:*.m4a=00;36:*.mid=00;36:*.midi=00;36:*.mka=00;36:*.mp3=00;36:*.mpc=00;36:*.ogg=00;36:*.ra=00;36:*.wav=00;36:*.oga=00;36:*.opus=00;36:*.spx=00;36:*.xspf=00;36:'), ('SSH_AGENT_LAUNCHER', 'gnome-keyring'), ('SSH_AUTH_SOCK', '/run/user/1001/keyring/ssh'), ('AMENT_PREFIX_PATH', '/home/robotics/ros2_cobot/install/mycobot_description:/opt/ros/humble'), ('SHELL', '/bin/bash'), ('TERMINATOR_UUID', 'urn:uuid:f2f89f62-91b9-4d3d-9090-78fd66b7b1db'), ('QT_ACCESSIBILITY', '1'), ('GDMSESSION', 'ubuntu'), ('LESSCLOSE', '/usr/bin/lesspipe %s %s'), ('GJS_DEBUG_OUTPUT', 'stderr'), ('QT_IM_MODULE', 'ibus'), ('PWD', '/home/robotics/ros2_cobot/build/mycobot_280_moveit2'), ('LC_ALL', 'en_US.UTF-8'), ('XDG_CONFIG_DIRS', '/etc/xdg/xdg-ubuntu:/etc/xdg'), ('XDG_DATA_DIRS', '/usr/share/ubuntu:/usr/local/share/:/usr/share/:/var/lib/snapd/desktop'), ('PYTHONPATH', '/home/robotics/ros2_cobot/install/mycobot_description/lib/python3.10/site-packages:/opt/ros/humble/lib/python3.10/site-packages:/opt/ros/humble/local/lib/python3.10/dist-packages'), ('COLCON', '1'), ('VTE_VERSION', '6800'), ('CMAKE_PREFIX_PATH', '/opt/ros/humble')]), 'shell': False}
[3.820819] (-) TimerEvent: {}
[3.921165] (-) TimerEvent: {}
[4.021493] (-) TimerEvent: {}
[4.121811] (-) TimerEvent: {}
[4.222200] (-) TimerEvent: {}
[4.322586] (-) TimerEvent: {}
[4.419913] (mycobot_280arduino_moveit2) JobProgress: {'identifier': 'mycobot_280arduino_moveit2', 'progress': 'cmake'}
[4.421192] (mycobot_280arduino_moveit2) JobProgress: {'identifier': 'mycobot_280arduino_moveit2', 'progress': 'build'}
[4.421802] (mycobot_280arduino_moveit2) Command: {'cmd': ['/usr/bin/cmake', '--build', '/home/robotics/ros2_cobot/build/mycobot_280arduino_moveit2', '--', '-j16', '-l16'], 'cwd': '/home/robotics/ros2_cobot/build/mycobot_280arduino_moveit2', 'env': OrderedDict([('GJS_DEBUG_TOPICS', 'JS ERROR;JS LOG'), ('LESSOPEN', '| /usr/bin/lesspipe %s'), ('LANGUAGE', 'en_CA:en'), ('USER', 'robotics'), ('XDG_SESSION_TYPE', 'wayland'), ('SHLVL', '1'), ('LD_LIBRARY_PATH', '/opt/ros/humble/opt/rviz_ogre_vendor/lib:/opt/ros/humble/lib/x86_64-linux-gnu:/opt/ros/humble/lib'), ('HOME', '/home/robotics'), ('OLDPWD', '/home/robotics'), ('DESKTOP_SESSION', 'ubuntu'), ('GIO_LAUNCHED_DESKTOP_FILE', '/usr/share/applications/terminator.desktop'), ('ROS_PYTHON_VERSION', '3'), ('GNOME_SHELL_SESSION_MODE', 'ubuntu'), ('GTK_MODULES', 'gail:atk-bridge'), ('MANAGERPID', '2208'), ('SYSTEMD_EXEC_PID', '2385'), ('DBUS_SESSION_BUS_ADDRESS', 'unix:path=/run/user/1001/bus'), ('COLORTERM', 'truecolor'), ('TERMINATOR_DBUS_NAME', 'net.tenshu.Terminator25ef4b219e3b005583550f2b0f9f990c3'), ('LIBVIRT_DEFAULT_URI', 'qemu:///system'), ('GIO_LAUNCHED_DESKTOP_FILE_PID', '5985'), ('IM_CONFIG_PHASE', '1'), ('WAYLAND_DISPLAY', 'wayland-0'), ('ROS_DISTRO', 'humble'), ('LOGNAME', 'robotics'), ('JOURNAL_STREAM', '8:11736'), ('_', '/usr/bin/colcon'), ('ROS_VERSION', '2'), ('XDG_SESSION_CLASS', 'user'), ('USERNAME', 'robotics'), ('TERM', 'xterm-256color'), ('GNOME_DESKTOP_SESSION_ID', 'this-is-deprecated'), ('ROS_LOCALHOST_ONLY', '0'), ('PATH', '/opt/ros/humble/bin:/home/robotics/.local/bin:/usr/local/sbin:/usr/local/bin:/usr/sbin:/usr/bin:/sbin:/bin:/usr/games:/usr/local/games:/snap/bin:/snap/bin'), ('SESSION_MANAGER', 'local/scapula:@/tmp/.ICE-unix/2355,unix/scapula:/tmp/.ICE-unix/2355'), ('INVOCATION_ID', 'e345590a299a451da04fa5520e75bdac'), ('XDG_MENU_PREFIX', 'gnome-'), ('GNOME_SETUP_DISPLAY', ':1'), ('XDG_RUNTIME_DIR', '/run/user/1001'), ('DISPLAY', ':0'), ('TERMINATOR_DBUS_PATH', '/net/tenshu/Terminator2'), ('LANG', 'en_US.UTF-8'), ('XDG_CURRENT_DESKTOP', 'ubuntu:GNOME'), ('XMODIFIERS', '@im=ibus'), ('XDG_SESSION_DESKTOP', 'ubuntu'), ('XAUTHORITY', '/run/user/1001/.mutter-Xwaylandauth.C2D0D3'), ('LS_COLORS', 'rs=0:di=01;34:ln=01;36:mh=00:pi=40;33:so=01;35:do=01;35:bd=40;33;01:cd=40;33;01:or=40;31;01:mi=00:su=37;41:sg=30;43:ca=30;41:tw=30;42:ow=34;42:st=37;44:ex=01;32:*.tar=01;31:*.tgz=01;31:*.arc=01;31:*.arj=01;31:*.taz=01;31:*.lha=01;31:*.lz4=01;31:*.lzh=01;31:*.lzma=01;31:*.tlz=01;31:*.txz=01;31:*.tzo=01;31:*.t7z=01;31:*.zip=01;31:*.z=01;31:*.dz=01;31:*.gz=01;31:*.lrz=01;31:*.lz=01;31:*.lzo=01;31:*.xz=01;31:*.zst=01;31:*.tzst=01;31:*.bz2=01;31:*.bz=01;31:*.tbz=01;31:*.tbz2=01;31:*.tz=01;31:*.deb=01;31:*.rpm=01;31:*.jar=01;31:*.war=01;31:*.ear=01;31:*.sar=01;31:*.rar=01;31:*.alz=01;31:*.ace=01;31:*.zoo=01;31:*.cpio=01;31:*.7z=01;31:*.rz=01;31:*.cab=01;31:*.wim=01;31:*.swm=01;31:*.dwm=01;31:*.esd=01;31:*.jpg=01;35:*.jpeg=01;35:*.mjpg=01;35:*.mjpeg=01;35:*.gif=01;35:*.bmp=01;35:*.pbm=01;35:*.pgm=01;35:*.ppm=01;35:*.tga=01;35:*.xbm=01;35:*.xpm=01;35:*.tif=01;35:*.tiff=01;35:*.png=01;35:*.svg=01;35:*.svgz=01;35:*.mng=01;35:*.pcx=01;35:*.mov=01;35:*.mpg=01;35:*.mpeg=01;35:*.m2v=01;35:*.mkv=01;35:*.webm=01;35:*.webp=01;35:*.ogm=01;35:*.mp4=01;35:*.m4v=01;35:*.mp4v=01;35:*.vob=01;35:*.qt=01;35:*.nuv=01;35:*.wmv=01;35:*.asf=01;35:*.rm=01;35:*.rmvb=01;35:*.flc=01;35:*.avi=01;35:*.fli=01;35:*.flv=01;35:*.gl=01;35:*.dl=01;35:*.xcf=01;35:*.xwd=01;35:*.yuv=01;35:*.cgm=01;35:*.emf=01;35:*.ogv=01;35:*.ogx=01;35:*.aac=00;36:*.au=00;36:*.flac=00;36:*.m4a=00;36:*.mid=00;36:*.midi=00;36:*.mka=00;36:*.mp3=00;36:*.mpc=00;36:*.ogg=00;36:*.ra=00;36:*.wav=00;36:*.oga=00;36:*.opus=00;36:*.spx=00;36:*.xspf=00;36:'), ('SSH_AGENT_LAUNCHER', 'gnome-keyring'), ('SSH_AUTH_SOCK', '/run/user/1001/keyring/ssh'), ('AMENT_PREFIX_PATH', '/home/robotics/ros2_cobot/install/mycobot_description:/opt/ros/humble'), ('SHELL', '/bin/bash'), ('TERMINATOR_UUID', 'urn:uuid:f2f89f62-91b9-4d3d-9090-78fd66b7b1db'), ('QT_ACCESSIBILITY', '1'), ('GDMSESSION', 'ubuntu'), ('LESSCLOSE', '/usr/bin/lesspipe %s %s'), ('GJS_DEBUG_OUTPUT', 'stderr'), ('QT_IM_MODULE', 'ibus'), ('PWD', '/home/robotics/ros2_cobot/build/mycobot_280arduino_moveit2'), ('LC_ALL', 'en_US.UTF-8'), ('XDG_CONFIG_DIRS', '/etc/xdg/xdg-ubuntu:/etc/xdg'), ('XDG_DATA_DIRS', '/usr/share/ubuntu:/usr/local/share/:/usr/share/:/var/lib/snapd/desktop'), ('PYTHONPATH', '/home/robotics/ros2_cobot/install/mycobot_description/lib/python3.10/site-packages:/opt/ros/humble/lib/python3.10/site-packages:/opt/ros/humble/local/lib/python3.10/dist-packages'), ('COLCON', '1'), ('VTE_VERSION', '6800'), ('CMAKE_PREFIX_PATH', '/opt/ros/humble')]), 'shell': False}
[4.423492] (-) TimerEvent: {}
[4.523754] (-) TimerEvent: {}
[4.620090] (mycobot_280arduino_moveit2) CommandEnded: {'returncode': 0}
[4.621264] (mycobot_280arduino_moveit2) JobProgress: {'identifier': 'mycobot_280arduino_moveit2', 'progress': 'install'}
[4.621705] (mycobot_280arduino_moveit2) Command: {'cmd': ['/usr/bin/cmake', '--install', '/home/robotics/ros2_cobot/build/mycobot_280arduino_moveit2'], 'cwd': '/home/robotics/ros2_cobot/build/mycobot_280arduino_moveit2', 'env': OrderedDict([('GJS_DEBUG_TOPICS', 'JS ERROR;JS LOG'), ('LESSOPEN', '| /usr/bin/lesspipe %s'), ('LANGUAGE', 'en_CA:en'), ('USER', 'robotics'), ('XDG_SESSION_TYPE', 'wayland'), ('SHLVL', '1'), ('LD_LIBRARY_PATH', '/opt/ros/humble/opt/rviz_ogre_vendor/lib:/opt/ros/humble/lib/x86_64-linux-gnu:/opt/ros/humble/lib'), ('HOME', '/home/robotics'), ('OLDPWD', '/home/robotics'), ('DESKTOP_SESSION', 'ubuntu'), ('GIO_LAUNCHED_DESKTOP_FILE', '/usr/share/applications/terminator.desktop'), ('ROS_PYTHON_VERSION', '3'), ('GNOME_SHELL_SESSION_MODE', 'ubuntu'), ('GTK_MODULES', 'gail:atk-bridge'), ('MANAGERPID', '2208'), ('SYSTEMD_EXEC_PID', '2385'), ('DBUS_SESSION_BUS_ADDRESS', 'unix:path=/run/user/1001/bus'), ('COLORTERM', 'truecolor'), ('TERMINATOR_DBUS_NAME', 'net.tenshu.Terminator25ef4b219e3b005583550f2b0f9f990c3'), ('LIBVIRT_DEFAULT_URI', 'qemu:///system'), ('GIO_LAUNCHED_DESKTOP_FILE_PID', '5985'), ('IM_CONFIG_PHASE', '1'), ('WAYLAND_DISPLAY', 'wayland-0'), ('ROS_DISTRO', 'humble'), ('LOGNAME', 'robotics'), ('JOURNAL_STREAM', '8:11736'), ('_', '/usr/bin/colcon'), ('ROS_VERSION', '2'), ('XDG_SESSION_CLASS', 'user'), ('USERNAME', 'robotics'), ('TERM', 'xterm-256color'), ('GNOME_DESKTOP_SESSION_ID', 'this-is-deprecated'), ('ROS_LOCALHOST_ONLY', '0'), ('PATH', '/opt/ros/humble/bin:/home/robotics/.local/bin:/usr/local/sbin:/usr/local/bin:/usr/sbin:/usr/bin:/sbin:/bin:/usr/games:/usr/local/games:/snap/bin:/snap/bin'), ('SESSION_MANAGER', 'local/scapula:@/tmp/.ICE-unix/2355,unix/scapula:/tmp/.ICE-unix/2355'), ('INVOCATION_ID', 'e345590a299a451da04fa5520e75bdac'), ('XDG_MENU_PREFIX', 'gnome-'), ('GNOME_SETUP_DISPLAY', ':1'), ('XDG_RUNTIME_DIR', '/run/user/1001'), ('DISPLAY', ':0'), ('TERMINATOR_DBUS_PATH', '/net/tenshu/Terminator2'), ('LANG', 'en_US.UTF-8'), ('XDG_CURRENT_DESKTOP', 'ubuntu:GNOME'), ('XMODIFIERS', '@im=ibus'), ('XDG_SESSION_DESKTOP', 'ubuntu'), ('XAUTHORITY', '/run/user/1001/.mutter-Xwaylandauth.C2D0D3'), ('LS_COLORS', 'rs=0:di=01;34:ln=01;36:mh=00:pi=40;33:so=01;35:do=01;35:bd=40;33;01:cd=40;33;01:or=40;31;01:mi=00:su=37;41:sg=30;43:ca=30;41:tw=30;42:ow=34;42:st=37;44:ex=01;32:*.tar=01;31:*.tgz=01;31:*.arc=01;31:*.arj=01;31:*.taz=01;31:*.lha=01;31:*.lz4=01;31:*.lzh=01;31:*.lzma=01;31:*.tlz=01;31:*.txz=01;31:*.tzo=01;31:*.t7z=01;31:*.zip=01;31:*.z=01;31:*.dz=01;31:*.gz=01;31:*.lrz=01;31:*.lz=01;31:*.lzo=01;31:*.xz=01;31:*.zst=01;31:*.tzst=01;31:*.bz2=01;31:*.bz=01;31:*.tbz=01;31:*.tbz2=01;31:*.tz=01;31:*.deb=01;31:*.rpm=01;31:*.jar=01;31:*.war=01;31:*.ear=01;31:*.sar=01;31:*.rar=01;31:*.alz=01;31:*.ace=01;31:*.zoo=01;31:*.cpio=01;31:*.7z=01;31:*.rz=01;31:*.cab=01;31:*.wim=01;31:*.swm=01;31:*.dwm=01;31:*.esd=01;31:*.jpg=01;35:*.jpeg=01;35:*.mjpg=01;35:*.mjpeg=01;35:*.gif=01;35:*.bmp=01;35:*.pbm=01;35:*.pgm=01;35:*.ppm=01;35:*.tga=01;35:*.xbm=01;35:*.xpm=01;35:*.tif=01;35:*.tiff=01;35:*.png=01;35:*.svg=01;35:*.svgz=01;35:*.mng=01;35:*.pcx=01;35:*.mov=01;35:*.mpg=01;35:*.mpeg=01;35:*.m2v=01;35:*.mkv=01;35:*.webm=01;35:*.webp=01;35:*.ogm=01;35:*.mp4=01;35:*.m4v=01;35:*.mp4v=01;35:*.vob=01;35:*.qt=01;35:*.nuv=01;35:*.wmv=01;35:*.asf=01;35:*.rm=01;35:*.rmvb=01;35:*.flc=01;35:*.avi=01;35:*.fli=01;35:*.flv=01;35:*.gl=01;35:*.dl=01;35:*.xcf=01;35:*.xwd=01;35:*.yuv=01;35:*.cgm=01;35:*.emf=01;35:*.ogv=01;35:*.ogx=01;35:*.aac=00;36:*.au=00;36:*.flac=00;36:*.m4a=00;36:*.mid=00;36:*.midi=00;36:*.mka=00;36:*.mp3=00;36:*.mpc=00;36:*.ogg=00;36:*.ra=00;36:*.wav=00;36:*.oga=00;36:*.opus=00;36:*.spx=00;36:*.xspf=00;36:'), ('SSH_AGENT_LAUNCHER', 'gnome-keyring'), ('SSH_AUTH_SOCK', '/run/user/1001/keyring/ssh'), ('AMENT_PREFIX_PATH', '/home/robotics/ros2_cobot/install/mycobot_description:/opt/ros/humble'), ('SHELL', '/bin/bash'), ('TERMINATOR_UUID', 'urn:uuid:f2f89f62-91b9-4d3d-9090-78fd66b7b1db'), ('QT_ACCESSIBILITY', '1'), ('GDMSESSION', 'ubuntu'), ('LESSCLOSE', '/usr/bin/lesspipe %s %s'), ('GJS_DEBUG_OUTPUT', 'stderr'), ('QT_IM_MODULE', 'ibus'), ('PWD', '/home/robotics/ros2_cobot/build/mycobot_280arduino_moveit2'), ('LC_ALL', 'en_US.UTF-8'), ('XDG_CONFIG_DIRS', '/etc/xdg/xdg-ubuntu:/etc/xdg'), ('XDG_DATA_DIRS', '/usr/share/ubuntu:/usr/local/share/:/usr/share/:/var/lib/snapd/desktop'), ('PYTHONPATH', '/home/robotics/ros2_cobot/install/mycobot_description/lib/python3.10/site-packages:/opt/ros/humble/lib/python3.10/site-packages:/opt/ros/humble/local/lib/python3.10/dist-packages'), ('COLCON', '1'), ('VTE_VERSION', '6800'), ('CMAKE_PREFIX_PATH', '/opt/ros/humble')]), 'shell': False}
[4.622781] (mycobot_280_moveit2) CommandEnded: {'returncode': 0}
[4.623454] (mycobot_280_moveit2) JobProgress: {'identifier': 'mycobot_280_moveit2', 'progress': 'install'}
[4.623810] (mycobot_280_moveit2) Command: {'cmd': ['/usr/bin/cmake', '--install', '/home/robotics/ros2_cobot/build/mycobot_280_moveit2'], 'cwd': '/home/robotics/ros2_cobot/build/mycobot_280_moveit2', 'env': OrderedDict([('GJS_DEBUG_TOPICS', 'JS ERROR;JS LOG'), ('LESSOPEN', '| /usr/bin/lesspipe %s'), ('LANGUAGE', 'en_CA:en'), ('USER', 'robotics'), ('XDG_SESSION_TYPE', 'wayland'), ('SHLVL', '1'), ('LD_LIBRARY_PATH', '/opt/ros/humble/opt/rviz_ogre_vendor/lib:/opt/ros/humble/lib/x86_64-linux-gnu:/opt/ros/humble/lib'), ('HOME', '/home/robotics'), ('OLDPWD', '/home/robotics'), ('DESKTOP_SESSION', 'ubuntu'), ('GIO_LAUNCHED_DESKTOP_FILE', '/usr/share/applications/terminator.desktop'), ('ROS_PYTHON_VERSION', '3'), ('GNOME_SHELL_SESSION_MODE', 'ubuntu'), ('GTK_MODULES', 'gail:atk-bridge'), ('MANAGERPID', '2208'), ('SYSTEMD_EXEC_PID', '2385'), ('DBUS_SESSION_BUS_ADDRESS', 'unix:path=/run/user/1001/bus'), ('COLORTERM', 'truecolor'), ('TERMINATOR_DBUS_NAME', 'net.tenshu.Terminator25ef4b219e3b005583550f2b0f9f990c3'), ('LIBVIRT_DEFAULT_URI', 'qemu:///system'), ('GIO_LAUNCHED_DESKTOP_FILE_PID', '5985'), ('IM_CONFIG_PHASE', '1'), ('WAYLAND_DISPLAY', 'wayland-0'), ('ROS_DISTRO', 'humble'), ('LOGNAME', 'robotics'), ('JOURNAL_STREAM', '8:11736'), ('_', '/usr/bin/colcon'), ('ROS_VERSION', '2'), ('XDG_SESSION_CLASS', 'user'), ('USERNAME', 'robotics'), ('TERM', 'xterm-256color'), ('GNOME_DESKTOP_SESSION_ID', 'this-is-deprecated'), ('ROS_LOCALHOST_ONLY', '0'), ('PATH', '/opt/ros/humble/bin:/home/robotics/.local/bin:/usr/local/sbin:/usr/local/bin:/usr/sbin:/usr/bin:/sbin:/bin:/usr/games:/usr/local/games:/snap/bin:/snap/bin'), ('SESSION_MANAGER', 'local/scapula:@/tmp/.ICE-unix/2355,unix/scapula:/tmp/.ICE-unix/2355'), ('INVOCATION_ID', 'e345590a299a451da04fa5520e75bdac'), ('XDG_MENU_PREFIX', 'gnome-'), ('GNOME_SETUP_DISPLAY', ':1'), ('XDG_RUNTIME_DIR', '/run/user/1001'), ('DISPLAY', ':0'), ('TERMINATOR_DBUS_PATH', '/net/tenshu/Terminator2'), ('LANG', 'en_US.UTF-8'), ('XDG_CURRENT_DESKTOP', 'ubuntu:GNOME'), ('XMODIFIERS', '@im=ibus'), ('XDG_SESSION_DESKTOP', 'ubuntu'), ('XAUTHORITY', '/run/user/1001/.mutter-Xwaylandauth.C2D0D3'), ('LS_COLORS', 'rs=0:di=01;34:ln=01;36:mh=00:pi=40;33:so=01;35:do=01;35:bd=40;33;01:cd=40;33;01:or=40;31;01:mi=00:su=37;41:sg=30;43:ca=30;41:tw=30;42:ow=34;42:st=37;44:ex=01;32:*.tar=01;31:*.tgz=01;31:*.arc=01;31:*.arj=01;31:*.taz=01;31:*.lha=01;31:*.lz4=01;31:*.lzh=01;31:*.lzma=01;31:*.tlz=01;31:*.txz=01;31:*.tzo=01;31:*.t7z=01;31:*.zip=01;31:*.z=01;31:*.dz=01;31:*.gz=01;31:*.lrz=01;31:*.lz=01;31:*.lzo=01;31:*.xz=01;31:*.zst=01;31:*.tzst=01;31:*.bz2=01;31:*.bz=01;31:*.tbz=01;31:*.tbz2=01;31:*.tz=01;31:*.deb=01;31:*.rpm=01;31:*.jar=01;31:*.war=01;31:*.ear=01;31:*.sar=01;31:*.rar=01;31:*.alz=01;31:*.ace=01;31:*.zoo=01;31:*.cpio=01;31:*.7z=01;31:*.rz=01;31:*.cab=01;31:*.wim=01;31:*.swm=01;31:*.dwm=01;31:*.esd=01;31:*.jpg=01;35:*.jpeg=01;35:*.mjpg=01;35:*.mjpeg=01;35:*.gif=01;35:*.bmp=01;35:*.pbm=01;35:*.pgm=01;35:*.ppm=01;35:*.tga=01;35:*.xbm=01;35:*.xpm=01;35:*.tif=01;35:*.tiff=01;35:*.png=01;35:*.svg=01;35:*.svgz=01;35:*.mng=01;35:*.pcx=01;35:*.mov=01;35:*.mpg=01;35:*.mpeg=01;35:*.m2v=01;35:*.mkv=01;35:*.webm=01;35:*.webp=01;35:*.ogm=01;35:*.mp4=01;35:*.m4v=01;35:*.mp4v=01;35:*.vob=01;35:*.qt=01;35:*.nuv=01;35:*.wmv=01;35:*.asf=01;35:*.rm=01;35:*.rmvb=01;35:*.flc=01;35:*.avi=01;35:*.fli=01;35:*.flv=01;35:*.gl=01;35:*.dl=01;35:*.xcf=01;35:*.xwd=01;35:*.yuv=01;35:*.cgm=01;35:*.emf=01;35:*.ogv=01;35:*.ogx=01;35:*.aac=00;36:*.au=00;36:*.flac=00;36:*.m4a=00;36:*.mid=00;36:*.midi=00;36:*.mka=00;36:*.mp3=00;36:*.mpc=00;36:*.ogg=00;36:*.ra=00;36:*.wav=00;36:*.oga=00;36:*.opus=00;36:*.spx=00;36:*.xspf=00;36:'), ('SSH_AGENT_LAUNCHER', 'gnome-keyring'), ('SSH_AUTH_SOCK', '/run/user/1001/keyring/ssh'), ('AMENT_PREFIX_PATH', '/home/robotics/ros2_cobot/install/mycobot_description:/opt/ros/humble'), ('SHELL', '/bin/bash'), ('TERMINATOR_UUID', 'urn:uuid:f2f89f62-91b9-4d3d-9090-78fd66b7b1db'), ('QT_ACCESSIBILITY', '1'), ('GDMSESSION', 'ubuntu'), ('LESSCLOSE', '/usr/bin/lesspipe %s %s'), ('GJS_DEBUG_OUTPUT', 'stderr'), ('QT_IM_MODULE', 'ibus'), ('PWD', '/home/robotics/ros2_cobot/build/mycobot_280_moveit2'), ('LC_ALL', 'en_US.UTF-8'), ('XDG_CONFIG_DIRS', '/etc/xdg/xdg-ubuntu:/etc/xdg'), ('XDG_DATA_DIRS', '/usr/share/ubuntu:/usr/local/share/:/usr/share/:/var/lib/snapd/desktop'), ('PYTHONPATH', '/home/robotics/ros2_cobot/install/mycobot_description/lib/python3.10/site-packages:/opt/ros/humble/lib/python3.10/site-packages:/opt/ros/humble/local/lib/python3.10/dist-packages'), ('COLCON', '1'), ('VTE_VERSION', '6800'), ('CMAKE_PREFIX_PATH', '/opt/ros/humble')]), 'shell': False}
[4.624730] (-) TimerEvent: {}
[4.626419] (mycobot_communication) Command: {'cmd': ['/usr/bin/python3', '-W', 'ignore:setup.py install is deprecated', '-W', 'ignore:easy_install command is deprecated', 'setup.py', 'egg_info', '--egg-base', '../../../build/mycobot_communication', 'build', '--build-base', '/home/robotics/ros2_cobot/build/mycobot_communication/build', 'install', '--record', '/home/robotics/ros2_cobot/build/mycobot_communication/install.log', '--single-version-externally-managed', 'install_data'], 'cwd': '/home/robotics/ros2_cobot/src/mycobot_ros2/mycobot_communication', 'env': {'GJS_DEBUG_TOPICS': 'JS ERROR;JS LOG', 'LESSOPEN': '| /usr/bin/lesspipe %s', 'LANGUAGE': 'en_CA:en', 'USER': 'robotics', 'XDG_SESSION_TYPE': 'wayland', 'SHLVL': '1', 'LD_LIBRARY_PATH': '/home/robotics/ros2_cobot/install/mycobot_interfaces/lib:/opt/ros/humble/opt/rviz_ogre_vendor/lib:/opt/ros/humble/lib/x86_64-linux-gnu:/opt/ros/humble/lib', 'HOME': '/home/robotics', 'OLDPWD': '/home/robotics', 'DESKTOP_SESSION': 'ubuntu', 'GIO_LAUNCHED_DESKTOP_FILE': '/usr/share/applications/terminator.desktop', 'ROS_PYTHON_VERSION': '3', 'GNOME_SHELL_SESSION_MODE': 'ubuntu', 'GTK_MODULES': 'gail:atk-bridge', 'MANAGERPID': '2208', 'SYSTEMD_EXEC_PID': '2385', 'DBUS_SESSION_BUS_ADDRESS': 'unix:path=/run/user/1001/bus', 'COLORTERM': 'truecolor', 'TERMINATOR_DBUS_NAME': 'net.tenshu.Terminator25ef4b219e3b005583550f2b0f9f990c3', 'LIBVIRT_DEFAULT_URI': 'qemu:///system', 'GIO_LAUNCHED_DESKTOP_FILE_PID': '5985', 'IM_CONFIG_PHASE': '1', 'WAYLAND_DISPLAY': 'wayland-0', 'ROS_DISTRO': 'humble', 'LOGNAME': 'robotics', 'JOURNAL_STREAM': '8:11736', '_': '/usr/bin/colcon', 'ROS_VERSION': '2', 'XDG_SESSION_CLASS': 'user', 'USERNAME': 'robotics', 'TERM': 'xterm-256color', 'GNOME_DESKTOP_SESSION_ID': 'this-is-deprecated', 'ROS_LOCALHOST_ONLY': '0', 'PATH': '/opt/ros/humble/bin:/home/robotics/.local/bin:/usr/local/sbin:/usr/local/bin:/usr/sbin:/usr/bin:/sbin:/bin:/usr/games:/usr/local/games:/snap/bin:/snap/bin', 'SESSION_MANAGER': 'local/scapula:@/tmp/.ICE-unix/2355,unix/scapula:/tmp/.ICE-unix/2355', 'INVOCATION_ID': 'e345590a299a451da04fa5520e75bdac', 'XDG_MENU_PREFIX': 'gnome-', 'GNOME_SETUP_DISPLAY': ':1', 'XDG_RUNTIME_DIR': '/run/user/1001', 'DISPLAY': ':0', 'TERMINATOR_DBUS_PATH': '/net/tenshu/Terminator2', 'LANG': 'en_US.UTF-8', 'XDG_CURRENT_DESKTOP': 'ubuntu:GNOME', 'XMODIFIERS': '@im=ibus', 'XDG_SESSION_DESKTOP': 'ubuntu', 'XAUTHORITY': '/run/user/1001/.mutter-Xwaylandauth.C2D0D3', 'LS_COLORS': 'rs=0:di=01;34:ln=01;36:mh=00:pi=40;33:so=01;35:do=01;35:bd=40;33;01:cd=40;33;01:or=40;31;01:mi=00:su=37;41:sg=30;43:ca=30;41:tw=30;42:ow=34;42:st=37;44:ex=01;32:*.tar=01;31:*.tgz=01;31:*.arc=01;31:*.arj=01;31:*.taz=01;31:*.lha=01;31:*.lz4=01;31:*.lzh=01;31:*.lzma=01;31:*.tlz=01;31:*.txz=01;31:*.tzo=01;31:*.t7z=01;31:*.zip=01;31:*.z=01;31:*.dz=01;31:*.gz=01;31:*.lrz=01;31:*.lz=01;31:*.lzo=01;31:*.xz=01;31:*.zst=01;31:*.tzst=01;31:*.bz2=01;31:*.bz=01;31:*.tbz=01;31:*.tbz2=01;31:*.tz=01;31:*.deb=01;31:*.rpm=01;31:*.jar=01;31:*.war=01;31:*.ear=01;31:*.sar=01;31:*.rar=01;31:*.alz=01;31:*.ace=01;31:*.zoo=01;31:*.cpio=01;31:*.7z=01;31:*.rz=01;31:*.cab=01;31:*.wim=01;31:*.swm=01;31:*.dwm=01;31:*.esd=01;31:*.jpg=01;35:*.jpeg=01;35:*.mjpg=01;35:*.mjpeg=01;35:*.gif=01;35:*.bmp=01;35:*.pbm=01;35:*.pgm=01;35:*.ppm=01;35:*.tga=01;35:*.xbm=01;35:*.xpm=01;35:*.tif=01;35:*.tiff=01;35:*.png=01;35:*.svg=01;35:*.svgz=01;35:*.mng=01;35:*.pcx=01;35:*.mov=01;35:*.mpg=01;35:*.mpeg=01;35:*.m2v=01;35:*.mkv=01;35:*.webm=01;35:*.webp=01;35:*.ogm=01;35:*.mp4=01;35:*.m4v=01;35:*.mp4v=01;35:*.vob=01;35:*.qt=01;35:*.nuv=01;35:*.wmv=01;35:*.asf=01;35:*.rm=01;35:*.rmvb=01;35:*.flc=01;35:*.avi=01;35:*.fli=01;35:*.flv=01;35:*.gl=01;35:*.dl=01;35:*.xcf=01;35:*.xwd=01;35:*.yuv=01;35:*.cgm=01;35:*.emf=01;35:*.ogv=01;35:*.ogx=01;35:*.aac=00;36:*.au=00;36:*.flac=00;36:*.m4a=00;36:*.mid=00;36:*.midi=00;36:*.mka=00;36:*.mp3=00;36:*.mpc=00;36:*.ogg=00;36:*.ra=00;36:*.wav=00;36:*.oga=00;36:*.opus=00;36:*.spx=00;36:*.xspf=00;36:', 'SSH_AGENT_LAUNCHER': 'gnome-keyring', 'SSH_AUTH_SOCK': '/run/user/1001/keyring/ssh', 'AMENT_PREFIX_PATH': '/home/robotics/ros2_cobot/install/mycobot_interfaces:/opt/ros/humble', 'SHELL': '/bin/bash', 'TERMINATOR_UUID': 'urn:uuid:f2f89f62-91b9-4d3d-9090-78fd66b7b1db', 'QT_ACCESSIBILITY': '1', 'GDMSESSION': 'ubuntu', 'LESSCLOSE': '/usr/bin/lesspipe %s %s', 'GJS_DEBUG_OUTPUT': 'stderr', 'QT_IM_MODULE': 'ibus', 'PWD': '/home/robotics/ros2_cobot/build/mycobot_communication', 'LC_ALL': 'en_US.UTF-8', 'XDG_CONFIG_DIRS': '/etc/xdg/xdg-ubuntu:/etc/xdg', 'XDG_DATA_DIRS': '/usr/share/ubuntu:/usr/local/share/:/usr/share/:/var/lib/snapd/desktop', 'PYTHONPATH': '/home/robotics/ros2_cobot/build/mycobot_communication/prefix_override:/usr/lib/python3/dist-packages/colcon_core/task/python/colcon_distutils_commands:/home/robotics/ros2_cobot/install/mycobot_communication/lib/python3.10/site-packages:/home/robotics/ros2_cobot/install/mycobot_interfaces/local/lib/python3.10/dist-packages:/opt/ros/humble/lib/python3.10/site-packages:/opt/ros/humble/local/lib/python3.10/dist-packages', 'COLCON': '1', 'VTE_VERSION': '6800', 'CMAKE_PREFIX_PATH': '/home/robotics/ros2_cobot/install/mycobot_interfaces'}, 'shell': False}
[4.628968] (mypalletizer_communication) Command: {'cmd': ['/usr/bin/python3', '-W', 'ignore:setup.py install is deprecated', '-W', 'ignore:easy_install command is deprecated', 'setup.py', 'egg_info', '--egg-base', '../../../../build/mypalletizer_communication', 'build', '--build-base', '/home/robotics/ros2_cobot/build/mypalletizer_communication/build', 'install', '--record', '/home/robotics/ros2_cobot/build/mypalletizer_communication/install.log', '--single-version-externally-managed', 'install_data'], 'cwd': '/home/robotics/ros2_cobot/src/mycobot_ros2/mypalletizer_260/mypalletizer_communication', 'env': {'GJS_DEBUG_TOPICS': 'JS ERROR;JS LOG', 'LESSOPEN': '| /usr/bin/lesspipe %s', 'LANGUAGE': 'en_CA:en', 'USER': 'robotics', 'XDG_SESSION_TYPE': 'wayland', 'SHLVL': '1', 'LD_LIBRARY_PATH': '/home/robotics/ros2_cobot/install/mypalletizer_interfaces/lib:/opt/ros/humble/opt/rviz_ogre_vendor/lib:/opt/ros/humble/lib/x86_64-linux-gnu:/opt/ros/humble/lib', 'HOME': '/home/robotics', 'OLDPWD': '/home/robotics', 'DESKTOP_SESSION': 'ubuntu', 'GIO_LAUNCHED_DESKTOP_FILE': '/usr/share/applications/terminator.desktop', 'ROS_PYTHON_VERSION': '3', 'GNOME_SHELL_SESSION_MODE': 'ubuntu', 'GTK_MODULES': 'gail:atk-bridge', 'MANAGERPID': '2208', 'SYSTEMD_EXEC_PID': '2385', 'DBUS_SESSION_BUS_ADDRESS': 'unix:path=/run/user/1001/bus', 'COLORTERM': 'truecolor', 'TERMINATOR_DBUS_NAME': 'net.tenshu.Terminator25ef4b219e3b005583550f2b0f9f990c3', 'LIBVIRT_DEFAULT_URI': 'qemu:///system', 'GIO_LAUNCHED_DESKTOP_FILE_PID': '5985', 'IM_CONFIG_PHASE': '1', 'WAYLAND_DISPLAY': 'wayland-0', 'ROS_DISTRO': 'humble', 'LOGNAME': 'robotics', 'JOURNAL_STREAM': '8:11736', '_': '/usr/bin/colcon', 'ROS_VERSION': '2', 'XDG_SESSION_CLASS': 'user', 'USERNAME': 'robotics', 'TERM': 'xterm-256color', 'GNOME_DESKTOP_SESSION_ID': 'this-is-deprecated', 'ROS_LOCALHOST_ONLY': '0', 'PATH': '/opt/ros/humble/bin:/home/robotics/.local/bin:/usr/local/sbin:/usr/local/bin:/usr/sbin:/usr/bin:/sbin:/bin:/usr/games:/usr/local/games:/snap/bin:/snap/bin', 'SESSION_MANAGER': 'local/scapula:@/tmp/.ICE-unix/2355,unix/scapula:/tmp/.ICE-unix/2355', 'INVOCATION_ID': 'e345590a299a451da04fa5520e75bdac', 'XDG_MENU_PREFIX': 'gnome-', 'GNOME_SETUP_DISPLAY': ':1', 'XDG_RUNTIME_DIR': '/run/user/1001', 'DISPLAY': ':0', 'TERMINATOR_DBUS_PATH': '/net/tenshu/Terminator2', 'LANG': 'en_US.UTF-8', 'XDG_CURRENT_DESKTOP': 'ubuntu:GNOME', 'XMODIFIERS': '@im=ibus', 'XDG_SESSION_DESKTOP': 'ubuntu', 'XAUTHORITY': '/run/user/1001/.mutter-Xwaylandauth.C2D0D3', 'LS_COLORS': 'rs=0:di=01;34:ln=01;36:mh=00:pi=40;33:so=01;35:do=01;35:bd=40;33;01:cd=40;33;01:or=40;31;01:mi=00:su=37;41:sg=30;43:ca=30;41:tw=30;42:ow=34;42:st=37;44:ex=01;32:*.tar=01;31:*.tgz=01;31:*.arc=01;31:*.arj=01;31:*.taz=01;31:*.lha=01;31:*.lz4=01;31:*.lzh=01;31:*.lzma=01;31:*.tlz=01;31:*.txz=01;31:*.tzo=01;31:*.t7z=01;31:*.zip=01;31:*.z=01;31:*.dz=01;31:*.gz=01;31:*.lrz=01;31:*.lz=01;31:*.lzo=01;31:*.xz=01;31:*.zst=01;31:*.tzst=01;31:*.bz2=01;31:*.bz=01;31:*.tbz=01;31:*.tbz2=01;31:*.tz=01;31:*.deb=01;31:*.rpm=01;31:*.jar=01;31:*.war=01;31:*.ear=01;31:*.sar=01;31:*.rar=01;31:*.alz=01;31:*.ace=01;31:*.zoo=01;31:*.cpio=01;31:*.7z=01;31:*.rz=01;31:*.cab=01;31:*.wim=01;31:*.swm=01;31:*.dwm=01;31:*.esd=01;31:*.jpg=01;35:*.jpeg=01;35:*.mjpg=01;35:*.mjpeg=01;35:*.gif=01;35:*.bmp=01;35:*.pbm=01;35:*.pgm=01;35:*.ppm=01;35:*.tga=01;35:*.xbm=01;35:*.xpm=01;35:*.tif=01;35:*.tiff=01;35:*.png=01;35:*.svg=01;35:*.svgz=01;35:*.mng=01;35:*.pcx=01;35:*.mov=01;35:*.mpg=01;35:*.mpeg=01;35:*.m2v=01;35:*.mkv=01;35:*.webm=01;35:*.webp=01;35:*.ogm=01;35:*.mp4=01;35:*.m4v=01;35:*.mp4v=01;35:*.vob=01;35:*.qt=01;35:*.nuv=01;35:*.wmv=01;35:*.asf=01;35:*.rm=01;35:*.rmvb=01;35:*.flc=01;35:*.avi=01;35:*.fli=01;35:*.flv=01;35:*.gl=01;35:*.dl=01;35:*.xcf=01;35:*.xwd=01;35:*.yuv=01;35:*.cgm=01;35:*.emf=01;35:*.ogv=01;35:*.ogx=01;35:*.aac=00;36:*.au=00;36:*.flac=00;36:*.m4a=00;36:*.mid=00;36:*.midi=00;36:*.mka=00;36:*.mp3=00;36:*.mpc=00;36:*.ogg=00;36:*.ra=00;36:*.wav=00;36:*.oga=00;36:*.opus=00;36:*.spx=00;36:*.xspf=00;36:', 'SSH_AGENT_LAUNCHER': 'gnome-keyring', 'SSH_AUTH_SOCK': '/run/user/1001/keyring/ssh', 'AMENT_PREFIX_PATH': '/home/robotics/ros2_cobot/install/mypalletizer_interfaces:/opt/ros/humble', 'SHELL': '/bin/bash', 'TERMINATOR_UUID': 'urn:uuid:f2f89f62-91b9-4d3d-9090-78fd66b7b1db', 'QT_ACCESSIBILITY': '1', 'GDMSESSION': 'ubuntu', 'LESSCLOSE': '/usr/bin/lesspipe %s %s', 'GJS_DEBUG_OUTPUT': 'stderr', 'QT_IM_MODULE': 'ibus', 'PWD': '/home/robotics/ros2_cobot/build/mypalletizer_communication', 'LC_ALL': 'en_US.UTF-8', 'XDG_CONFIG_DIRS': '/etc/xdg/xdg-ubuntu:/etc/xdg', 'XDG_DATA_DIRS': '/usr/share/ubuntu:/usr/local/share/:/usr/share/:/var/lib/snapd/desktop', 'PYTHONPATH': '/home/robotics/ros2_cobot/build/mypalletizer_communication/prefix_override:/usr/lib/python3/dist-packages/colcon_core/task/python/colcon_distutils_commands:/home/robotics/ros2_cobot/install/mypalletizer_communication/lib/python3.10/site-packages:/home/robotics/ros2_cobot/install/mypalletizer_interfaces/local/lib/python3.10/dist-packages:/opt/ros/humble/lib/python3.10/site-packages:/opt/ros/humble/local/lib/python3.10/dist-packages', 'COLCON': '1', 'VTE_VERSION': '6800', 'CMAKE_PREFIX_PATH': '/home/robotics/ros2_cobot/install/mypalletizer_interfaces'}, 'shell': False}
[4.631710] (mecharm_communication) Command: {'cmd': ['/usr/bin/python3', '-W', 'ignore:setup.py install is deprecated', '-W', 'ignore:easy_install command is deprecated', 'setup.py', 'egg_info', '--egg-base', '../../../../build/mecharm_communication', 'build', '--build-base', '/home/robotics/ros2_cobot/build/mecharm_communication/build', 'install', '--record', '/home/robotics/ros2_cobot/build/mecharm_communication/install.log', '--single-version-externally-managed', 'install_data'], 'cwd': '/home/robotics/ros2_cobot/src/mycobot_ros2/mecharm/mecharm_communication', 'env': {'GJS_DEBUG_TOPICS': 'JS ERROR;JS LOG', 'LESSOPEN': '| /usr/bin/lesspipe %s', 'LANGUAGE': 'en_CA:en', 'USER': 'robotics', 'XDG_SESSION_TYPE': 'wayland', 'SHLVL': '1', 'LD_LIBRARY_PATH': '/home/robotics/ros2_cobot/install/mycobot_interfaces/lib:/opt/ros/humble/opt/rviz_ogre_vendor/lib:/opt/ros/humble/lib/x86_64-linux-gnu:/opt/ros/humble/lib', 'HOME': '/home/robotics', 'OLDPWD': '/home/robotics', 'DESKTOP_SESSION': 'ubuntu', 'GIO_LAUNCHED_DESKTOP_FILE': '/usr/share/applications/terminator.desktop', 'ROS_PYTHON_VERSION': '3', 'GNOME_SHELL_SESSION_MODE': 'ubuntu', 'GTK_MODULES': 'gail:atk-bridge', 'MANAGERPID': '2208', 'SYSTEMD_EXEC_PID': '2385', 'DBUS_SESSION_BUS_ADDRESS': 'unix:path=/run/user/1001/bus', 'COLORTERM': 'truecolor', 'TERMINATOR_DBUS_NAME': 'net.tenshu.Terminator25ef4b219e3b005583550f2b0f9f990c3', 'LIBVIRT_DEFAULT_URI': 'qemu:///system', 'GIO_LAUNCHED_DESKTOP_FILE_PID': '5985', 'IM_CONFIG_PHASE': '1', 'WAYLAND_DISPLAY': 'wayland-0', 'ROS_DISTRO': 'humble', 'LOGNAME': 'robotics', 'JOURNAL_STREAM': '8:11736', '_': '/usr/bin/colcon', 'ROS_VERSION': '2', 'XDG_SESSION_CLASS': 'user', 'USERNAME': 'robotics', 'TERM': 'xterm-256color', 'GNOME_DESKTOP_SESSION_ID': 'this-is-deprecated', 'ROS_LOCALHOST_ONLY': '0', 'PATH': '/opt/ros/humble/bin:/home/robotics/.local/bin:/usr/local/sbin:/usr/local/bin:/usr/sbin:/usr/bin:/sbin:/bin:/usr/games:/usr/local/games:/snap/bin:/snap/bin', 'SESSION_MANAGER': 'local/scapula:@/tmp/.ICE-unix/2355,unix/scapula:/tmp/.ICE-unix/2355', 'INVOCATION_ID': 'e345590a299a451da04fa5520e75bdac', 'XDG_MENU_PREFIX': 'gnome-', 'GNOME_SETUP_DISPLAY': ':1', 'XDG_RUNTIME_DIR': '/run/user/1001', 'DISPLAY': ':0', 'TERMINATOR_DBUS_PATH': '/net/tenshu/Terminator2', 'LANG': 'en_US.UTF-8', 'XDG_CURRENT_DESKTOP': 'ubuntu:GNOME', 'XMODIFIERS': '@im=ibus', 'XDG_SESSION_DESKTOP': 'ubuntu', 'XAUTHORITY': '/run/user/1001/.mutter-Xwaylandauth.C2D0D3', 'LS_COLORS': 'rs=0:di=01;34:ln=01;36:mh=00:pi=40;33:so=01;35:do=01;35:bd=40;33;01:cd=40;33;01:or=40;31;01:mi=00:su=37;41:sg=30;43:ca=30;41:tw=30;42:ow=34;42:st=37;44:ex=01;32:*.tar=01;31:*.tgz=01;31:*.arc=01;31:*.arj=01;31:*.taz=01;31:*.lha=01;31:*.lz4=01;31:*.lzh=01;31:*.lzma=01;31:*.tlz=01;31:*.txz=01;31:*.tzo=01;31:*.t7z=01;31:*.zip=01;31:*.z=01;31:*.dz=01;31:*.gz=01;31:*.lrz=01;31:*.lz=01;31:*.lzo=01;31:*.xz=01;31:*.zst=01;31:*.tzst=01;31:*.bz2=01;31:*.bz=01;31:*.tbz=01;31:*.tbz2=01;31:*.tz=01;31:*.deb=01;31:*.rpm=01;31:*.jar=01;31:*.war=01;31:*.ear=01;31:*.sar=01;31:*.rar=01;31:*.alz=01;31:*.ace=01;31:*.zoo=01;31:*.cpio=01;31:*.7z=01;31:*.rz=01;31:*.cab=01;31:*.wim=01;31:*.swm=01;31:*.dwm=01;31:*.esd=01;31:*.jpg=01;35:*.jpeg=01;35:*.mjpg=01;35:*.mjpeg=01;35:*.gif=01;35:*.bmp=01;35:*.pbm=01;35:*.pgm=01;35:*.ppm=01;35:*.tga=01;35:*.xbm=01;35:*.xpm=01;35:*.tif=01;35:*.tiff=01;35:*.png=01;35:*.svg=01;35:*.svgz=01;35:*.mng=01;35:*.pcx=01;35:*.mov=01;35:*.mpg=01;35:*.mpeg=01;35:*.m2v=01;35:*.mkv=01;35:*.webm=01;35:*.webp=01;35:*.ogm=01;35:*.mp4=01;35:*.m4v=01;35:*.mp4v=01;35:*.vob=01;35:*.qt=01;35:*.nuv=01;35:*.wmv=01;35:*.asf=01;35:*.rm=01;35:*.rmvb=01;35:*.flc=01;35:*.avi=01;35:*.fli=01;35:*.flv=01;35:*.gl=01;35:*.dl=01;35:*.xcf=01;35:*.xwd=01;35:*.yuv=01;35:*.cgm=01;35:*.emf=01;35:*.ogv=01;35:*.ogx=01;35:*.aac=00;36:*.au=00;36:*.flac=00;36:*.m4a=00;36:*.mid=00;36:*.midi=00;36:*.mka=00;36:*.mp3=00;36:*.mpc=00;36:*.ogg=00;36:*.ra=00;36:*.wav=00;36:*.oga=00;36:*.opus=00;36:*.spx=00;36:*.xspf=00;36:', 'SSH_AGENT_LAUNCHER': 'gnome-keyring', 'SSH_AUTH_SOCK': '/run/user/1001/keyring/ssh', 'AMENT_PREFIX_PATH': '/home/robotics/ros2_cobot/install/mycobot_interfaces:/opt/ros/humble', 'SHELL': '/bin/bash', 'TERMINATOR_UUID': 'urn:uuid:f2f89f62-91b9-4d3d-9090-78fd66b7b1db', 'QT_ACCESSIBILITY': '1', 'GDMSESSION': 'ubuntu', 'LESSCLOSE': '/usr/bin/lesspipe %s %s', 'GJS_DEBUG_OUTPUT': 'stderr', 'QT_IM_MODULE': 'ibus', 'PWD': '/home/robotics/ros2_cobot/build/mecharm_communication', 'LC_ALL': 'en_US.UTF-8', 'XDG_CONFIG_DIRS': '/etc/xdg/xdg-ubuntu:/etc/xdg', 'XDG_DATA_DIRS': '/usr/share/ubuntu:/usr/local/share/:/usr/share/:/var/lib/snapd/desktop', 'PYTHONPATH': '/home/robotics/ros2_cobot/build/mecharm_communication/prefix_override:/usr/lib/python3/dist-packages/colcon_core/task/python/colcon_distutils_commands:/home/robotics/ros2_cobot/install/mecharm_communication/lib/python3.10/site-packages:/home/robotics/ros2_cobot/install/mycobot_interfaces/local/lib/python3.10/dist-packages:/opt/ros/humble/lib/python3.10/site-packages:/opt/ros/humble/local/lib/python3.10/dist-packages', 'COLCON': '1', 'VTE_VERSION': '6800', 'CMAKE_PREFIX_PATH': '/home/robotics/ros2_cobot/install/mycobot_interfaces'}, 'shell': False}
[4.633698] (mycobot_280arduino_moveit2) StdoutLine: {'line': b'-- Install configuration: ""\n'}
[4.635395] (mycobot_280arduino_moveit2) StdoutLine: {'line': b'-- Up-to-date: /home/robotics/ros2_cobot/install/mycobot_280arduino_moveit2/share/ament_index/resource_index/package_run_dependencies/mycobot_280arduino_moveit2\n'}
[4.636067] (mycobot_280arduino_moveit2) StdoutLine: {'line': b'-- Up-to-date: /home/robotics/ros2_cobot/install/mycobot_280arduino_moveit2/share/ament_index/resource_index/parent_prefix_path/mycobot_280arduino_moveit2\n'}
[4.636533] (mycobot_280arduino_moveit2) StdoutLine: {'line': b'-- Up-to-date: /home/robotics/ros2_cobot/install/mycobot_280arduino_moveit2/share/mycobot_280arduino_moveit2/environment/ament_prefix_path.sh\n'}
[4.636836] (mycobot_280arduino_moveit2) StdoutLine: {'line': b'-- Up-to-date: /home/robotics/ros2_cobot/install/mycobot_280arduino_moveit2/share/mycobot_280arduino_moveit2/environment/ament_prefix_path.dsv\n'}
[4.636962] (mycobot_280arduino_moveit2) StdoutLine: {'line': b'-- Up-to-date: /home/robotics/ros2_cobot/install/mycobot_280arduino_moveit2/share/mycobot_280arduino_moveit2/environment/path.sh\n'}
[4.637007] (mycobot_280arduino_moveit2) StdoutLine: {'line': b'-- Up-to-date: /home/robotics/ros2_cobot/install/mycobot_280arduino_moveit2/share/mycobot_280arduino_moveit2/environment/path.dsv\n'}
[4.637049] (mycobot_280arduino_moveit2) StdoutLine: {'line': b'-- Up-to-date: /home/robotics/ros2_cobot/install/mycobot_280arduino_moveit2/share/mycobot_280arduino_moveit2/local_setup.bash\n'}
[4.637092] (mycobot_280arduino_moveit2) StdoutLine: {'line': b'-- Up-to-date: /home/robotics/ros2_cobot/install/mycobot_280arduino_moveit2/share/mycobot_280arduino_moveit2/local_setup.sh\n'}
[4.637132] (mycobot_280arduino_moveit2) StdoutLine: {'line': b'-- Up-to-date: /home/robotics/ros2_cobot/install/mycobot_280arduino_moveit2/share/mycobot_280arduino_moveit2/local_setup.zsh\n'}
[4.637184] (mycobot_280arduino_moveit2) StdoutLine: {'line': b'-- Up-to-date: /home/robotics/ros2_cobot/install/mycobot_280arduino_moveit2/share/mycobot_280arduino_moveit2/local_setup.dsv\n'}
[4.637225] (mycobot_280arduino_moveit2) StdoutLine: {'line': b'-- Installing: /home/robotics/ros2_cobot/install/mycobot_280arduino_moveit2/share/mycobot_280arduino_moveit2/package.dsv\n'}
[4.637265] (mycobot_280arduino_moveit2) StdoutLine: {'line': b'-- Up-to-date: /home/robotics/ros2_cobot/install/mycobot_280arduino_moveit2/share/ament_index/resource_index/packages/mycobot_280arduino_moveit2\n'}
[4.637303] (mycobot_280arduino_moveit2) StdoutLine: {'line': b'-- Up-to-date: /home/robotics/ros2_cobot/install/mycobot_280arduino_moveit2/share/mycobot_280arduino_moveit2/cmake/mycobot_280arduino_moveit2Config.cmake\n'}
[4.637736] (mycobot_280arduino_moveit2) StdoutLine: {'line': b'-- Up-to-date: /home/robotics/ros2_cobot/install/mycobot_280arduino_moveit2/share/mycobot_280arduino_moveit2/cmake/mycobot_280arduino_moveit2Config-version.cmake\n'}
[4.638019] (mycobot_280arduino_moveit2) StdoutLine: {'line': b'-- Up-to-date: /home/robotics/ros2_cobot/install/mycobot_280arduino_moveit2/share/mycobot_280arduino_moveit2/package.xml\n'}
[4.638066] (mycobot_280arduino_moveit2) StdoutLine: {'line': b'-- Up-to-date: /home/robotics/ros2_cobot/install/mycobot_280arduino_moveit2/share/mycobot_280arduino_moveit2/launch\n'}
[4.638107] (mycobot_280arduino_moveit2) StdoutLine: {'line': b'-- Up-to-date: /home/robotics/ros2_cobot/install/mycobot_280arduino_moveit2/share/mycobot_280arduino_moveit2/launch/rsp.launch.py\n'}
[4.638150] (mycobot_280arduino_moveit2) StdoutLine: {'line': b'-- Up-to-date: /home/robotics/ros2_cobot/install/mycobot_280arduino_moveit2/share/mycobot_280arduino_moveit2/launch/demo.launch.py\n'}
[4.638192] (mycobot_280arduino_moveit2) StdoutLine: {'line': b'-- Up-to-date: /home/robotics/ros2_cobot/install/mycobot_280arduino_moveit2/share/mycobot_280arduino_moveit2/launch/static_virtual_joint_tfs.launch.py\n'}
[4.638235] (mycobot_280arduino_moveit2) StdoutLine: {'line': b'-- Up-to-date: /home/robotics/ros2_cobot/install/mycobot_280arduino_moveit2/share/mycobot_280arduino_moveit2/launch/moveit_rviz.launch.py\n'}
[4.638338] (mycobot_280arduino_moveit2) StdoutLine: {'line': b'-- Up-to-date: /home/robotics/ros2_cobot/install/mycobot_280arduino_moveit2/share/mycobot_280arduino_moveit2/launch/setup_assistant.launch.py\n'}
[4.638541] (mycobot_280arduino_moveit2) StdoutLine: {'line': b'-- Up-to-date: /home/robotics/ros2_cobot/install/mycobot_280arduino_moveit2/share/mycobot_280arduino_moveit2/launch/warehouse_db.launch.py\n'}
[4.638590] (mycobot_280arduino_moveit2) StdoutLine: {'line': b'-- Up-to-date: /home/robotics/ros2_cobot/install/mycobot_280arduino_moveit2/share/mycobot_280arduino_moveit2/launch/move_group.launch.py\n'}
[4.638631] (mycobot_280arduino_moveit2) StdoutLine: {'line': b'-- Up-to-date: /home/robotics/ros2_cobot/install/mycobot_280arduino_moveit2/share/mycobot_280arduino_moveit2/launch/spawn_controllers.launch.py\n'}
[4.638672] (mycobot_280arduino_moveit2) StdoutLine: {'line': b'-- Up-to-date: /home/robotics/ros2_cobot/install/mycobot_280arduino_moveit2/share/mycobot_280arduino_moveit2/config\n'}
[4.638711] (mycobot_280arduino_moveit2) StdoutLine: {'line': b'-- Up-to-date: /home/robotics/ros2_cobot/install/mycobot_280arduino_moveit2/share/mycobot_280arduino_moveit2/config/joint_limits.yaml\n'}
[4.638751] (mycobot_280arduino_moveit2) StdoutLine: {'line': b'-- Up-to-date: /home/robotics/ros2_cobot/install/mycobot_280arduino_moveit2/share/mycobot_280arduino_moveit2/config/firefighter.srdf\n'}
[4.638790] (mycobot_280arduino_moveit2) StdoutLine: {'line': b'-- Up-to-date: /home/robotics/ros2_cobot/install/mycobot_280arduino_moveit2/share/mycobot_280arduino_moveit2/config/kinematics.yaml\n'}
[4.638829] (mycobot_280arduino_moveit2) StdoutLine: {'line': b'-- Up-to-date: /home/robotics/ros2_cobot/install/mycobot_280arduino_moveit2/share/mycobot_280arduino_moveit2/config/firefighter.ros2_control.xacro\n'}
[4.638868] (mycobot_280arduino_moveit2) StdoutLine: {'line': b'-- Up-to-date: /home/robotics/ros2_cobot/install/mycobot_280arduino_moveit2/share/mycobot_280arduino_moveit2/config/firefighter.urdf.xacro\n'}
[4.639093] (mycobot_280arduino_moveit2) StdoutLine: {'line': b'-- Up-to-date: /home/robotics/ros2_cobot/install/mycobot_280arduino_moveit2/share/mycobot_280arduino_moveit2/config/ros2_controllers.yaml\n'}
[4.639140] (mycobot_280arduino_moveit2) StdoutLine: {'line': b'-- Up-to-date: /home/robotics/ros2_cobot/install/mycobot_280arduino_moveit2/share/mycobot_280arduino_moveit2/config/initial_positions.yaml\n'}
[4.639181] (mycobot_280arduino_moveit2) StdoutLine: {'line': b'-- Up-to-date: /home/robotics/ros2_cobot/install/mycobot_280arduino_moveit2/share/mycobot_280arduino_moveit2/config/pilz_cartesian_limits.yaml\n'}
[4.639222] (mycobot_280arduino_moveit2) StdoutLine: {'line': b'-- Up-to-date: /home/robotics/ros2_cobot/install/mycobot_280arduino_moveit2/share/mycobot_280arduino_moveit2/config/moveit_controllers.yaml\n'}
[4.639260] (mycobot_280arduino_moveit2) StdoutLine: {'line': b'-- Up-to-date: /home/robotics/ros2_cobot/install/mycobot_280arduino_moveit2/share/mycobot_280arduino_moveit2/config/moveit.rviz\n'}
[4.639298] (mycobot_280arduino_moveit2) StdoutLine: {'line': b'-- Up-to-date: /home/robotics/ros2_cobot/install/mycobot_280arduino_moveit2/share/mycobot_280arduino_moveit2/.setup_assistant\n'}
[4.639388] (mycobot_280_moveit2) StdoutLine: {'line': b'-- Install configuration: ""\n'}
[4.639472] (mycobot_280_moveit2) StdoutLine: {'line': b'-- Up-to-date: /home/robotics/ros2_cobot/install/mycobot_280_moveit2/share/ament_index/resource_index/package_run_dependencies/mycobot_280_moveit2\n'}
[4.639517] (mycobot_280_moveit2) StdoutLine: {'line': b'-- Up-to-date: /home/robotics/ros2_cobot/install/mycobot_280_moveit2/share/ament_index/resource_index/parent_prefix_path/mycobot_280_moveit2\n'}
[4.639558] (mycobot_280_moveit2) StdoutLine: {'line': b'-- Up-to-date: /home/robotics/ros2_cobot/install/mycobot_280_moveit2/share/mycobot_280_moveit2/environment/ament_prefix_path.sh\n'}
[4.639599] (mycobot_280_moveit2) StdoutLine: {'line': b'-- Up-to-date: /home/robotics/ros2_cobot/install/mycobot_280_moveit2/share/mycobot_280_moveit2/environment/ament_prefix_path.dsv\n'}
[4.639636] (mycobot_280_moveit2) StdoutLine: {'line': b'-- Up-to-date: /home/robotics/ros2_cobot/install/mycobot_280_moveit2/share/mycobot_280_moveit2/environment/path.sh\n'}
[4.639881] (mycobot_280_moveit2) StdoutLine: {'line': b'-- Up-to-date: /home/robotics/ros2_cobot/install/mycobot_280_moveit2/share/mycobot_280_moveit2/environment/path.dsv\n'}
[4.639920] (mycobot_280_moveit2) StdoutLine: {'line': b'-- Up-to-date: /home/robotics/ros2_cobot/install/mycobot_280_moveit2/share/mycobot_280_moveit2/local_setup.bash\n'}
[4.639960] (mycobot_280_moveit2) StdoutLine: {'line': b'-- Up-to-date: /home/robotics/ros2_cobot/install/mycobot_280_moveit2/share/mycobot_280_moveit2/local_setup.sh\n'}
[4.639999] (mycobot_280_moveit2) StdoutLine: {'line': b'-- Up-to-date: /home/robotics/ros2_cobot/install/mycobot_280_moveit2/share/mycobot_280_moveit2/local_setup.zsh\n'}
[4.640039] (mycobot_280_moveit2) StdoutLine: {'line': b'-- Up-to-date: /home/robotics/ros2_cobot/install/mycobot_280_moveit2/share/mycobot_280_moveit2/local_setup.dsv\n'}
[4.640078] (mycobot_280_moveit2) StdoutLine: {'line': b'-- Installing: /home/robotics/ros2_cobot/install/mycobot_280_moveit2/share/mycobot_280_moveit2/package.dsv\n'}
[4.640117] (mycobot_280_moveit2) StdoutLine: {'line': b'-- Up-to-date: /home/robotics/ros2_cobot/install/mycobot_280_moveit2/share/ament_index/resource_index/packages/mycobot_280_moveit2\n'}
[4.640156] (mycobot_280_moveit2) StdoutLine: {'line': b'-- Up-to-date: /home/robotics/ros2_cobot/install/mycobot_280_moveit2/share/mycobot_280_moveit2/cmake/mycobot_280_moveit2Config.cmake\n'}
[4.640193] (mycobot_280_moveit2) StdoutLine: {'line': b'-- Up-to-date: /home/robotics/ros2_cobot/install/mycobot_280_moveit2/share/mycobot_280_moveit2/cmake/mycobot_280_moveit2Config-version.cmake\n'}
[4.640232] (mycobot_280_moveit2) StdoutLine: {'line': b'-- Up-to-date: /home/robotics/ros2_cobot/install/mycobot_280_moveit2/share/mycobot_280_moveit2/package.xml\n'}
[4.640271] (mycobot_280_moveit2) StdoutLine: {'line': b'-- Up-to-date: /home/robotics/ros2_cobot/install/mycobot_280_moveit2/share/mycobot_280_moveit2/launch\n'}
[4.640310] (mycobot_280_moveit2) StdoutLine: {'line': b'-- Up-to-date: /home/robotics/ros2_cobot/install/mycobot_280_moveit2/share/mycobot_280_moveit2/launch/rsp.launch.py\n'}
[4.641004] (mycobot_280_moveit2) StdoutLine: {'line': b'-- Up-to-date: /home/robotics/ros2_cobot/install/mycobot_280_moveit2/share/mycobot_280_moveit2/launch/demo.launch.py\n'}
[4.641207] (mycobot_280_moveit2) StdoutLine: {'line': b'-- Up-to-date: /home/robotics/ros2_cobot/install/mycobot_280_moveit2/share/mycobot_280_moveit2/launch/static_virtual_joint_tfs.launch.py\n'}
[4.641248] (mycobot_280_moveit2) StdoutLine: {'line': b'-- Up-to-date: /home/robotics/ros2_cobot/install/mycobot_280_moveit2/share/mycobot_280_moveit2/launch/moveit_rviz.launch.py\n'}
[4.641286] (mycobot_280_moveit2) StdoutLine: {'line': b'-- Up-to-date: /home/robotics/ros2_cobot/install/mycobot_280_moveit2/share/mycobot_280_moveit2/launch/setup_assistant.launch.py\n'}
[4.641333] (mycobot_280_moveit2) StdoutLine: {'line': b'-- Up-to-date: /home/robotics/ros2_cobot/install/mycobot_280_moveit2/share/mycobot_280_moveit2/launch/warehouse_db.launch.py\n'}
[4.641552] (mycobot_280_moveit2) StdoutLine: {'line': b'-- Up-to-date: /home/robotics/ros2_cobot/install/mycobot_280_moveit2/share/mycobot_280_moveit2/launch/move_group.launch.py\n'}
[4.641602] (mycobot_280_moveit2) StdoutLine: {'line': b'-- Up-to-date: /home/robotics/ros2_cobot/install/mycobot_280_moveit2/share/mycobot_280_moveit2/launch/spawn_controllers.launch.py\n'}
[4.641646] (mycobot_280_moveit2) StdoutLine: {'line': b'-- Up-to-date: /home/robotics/ros2_cobot/install/mycobot_280_moveit2/share/mycobot_280_moveit2/config\n'}
[4.641691] (mycobot_280_moveit2) StdoutLine: {'line': b'-- Up-to-date: /home/robotics/ros2_cobot/install/mycobot_280_moveit2/share/mycobot_280_moveit2/config/joint_limits.yaml\n'}
[4.641735] (mycobot_280_moveit2) StdoutLine: {'line': b'-- Up-to-date: /home/robotics/ros2_cobot/install/mycobot_280_moveit2/share/mycobot_280_moveit2/config/firefighter.srdf\n'}
[4.641777] (mycobot_280_moveit2) StdoutLine: {'line': b'-- Up-to-date: /home/robotics/ros2_cobot/install/mycobot_280_moveit2/share/mycobot_280_moveit2/config/kinematics.yaml\n'}
[4.641824] (mycobot_280_moveit2) StdoutLine: {'line': b'-- Up-to-date: /home/robotics/ros2_cobot/install/mycobot_280_moveit2/share/mycobot_280_moveit2/config/firefighter.ros2_control.xacro\n'}
[4.642032] (mycobot_280_moveit2) StdoutLine: {'line': b'-- Up-to-date: /home/robotics/ros2_cobot/install/mycobot_280_moveit2/share/mycobot_280_moveit2/config/firefighter.urdf.xacro\n'}
[4.642081] (mycobot_280_moveit2) StdoutLine: {'line': b'-- Up-to-date: /home/robotics/ros2_cobot/install/mycobot_280_moveit2/share/mycobot_280_moveit2/config/ros2_controllers.yaml\n'}
[4.642123] (mycobot_280_moveit2) StdoutLine: {'line': b'-- Up-to-date: /home/robotics/ros2_cobot/install/mycobot_280_moveit2/share/mycobot_280_moveit2/config/initial_positions.yaml\n'}
[4.642163] (mycobot_280_moveit2) StdoutLine: {'line': b'-- Up-to-date: /home/robotics/ros2_cobot/install/mycobot_280_moveit2/share/mycobot_280_moveit2/config/pilz_cartesian_limits.yaml\n'}
[4.642203] (mycobot_280_moveit2) StdoutLine: {'line': b'-- Up-to-date: /home/robotics/ros2_cobot/install/mycobot_280_moveit2/share/mycobot_280_moveit2/config/moveit_controllers.yaml\n'}
[4.642452] (mycobot_280_moveit2) StdoutLine: {'line': b'-- Up-to-date: /home/robotics/ros2_cobot/install/mycobot_280_moveit2/share/mycobot_280_moveit2/config/moveit.rviz\n'}
[4.642504] (mycobot_280_moveit2) StdoutLine: {'line': b'-- Up-to-date: /home/robotics/ros2_cobot/install/mycobot_280_moveit2/share/mycobot_280_moveit2/.setup_assistant\n'}
[4.660279] (mycobot_280arduino_moveit2) CommandEnded: {'returncode': 0}
[4.679513] (mycobot_280arduino_moveit2) JobEnded: {'identifier': 'mycobot_280arduino_moveit2', 'rc': 0}
[4.679930] (mycobot_280pi) JobStarted: {'identifier': 'mycobot_280pi'}
[4.688043] (mycobot_280_moveit2) CommandEnded: {'returncode': 0}
[4.706936] (mycobot_280_moveit2) JobEnded: {'identifier': 'mycobot_280_moveit2', 'rc': 0}
[4.708444] (mycobot_280rdkx5_moveit2) JobStarted: {'identifier': 'mycobot_280rdkx5_moveit2'}
[4.725545] (-) TimerEvent: {}
[4.825914] (-) TimerEvent: {}
[4.918546] (mycobot_communication) StdoutLine: {'line': b'running egg_info\n'}
[4.918751] (mycobot_communication) StdoutLine: {'line': b'writing ../../../build/mycobot_communication/mycobot_communication.egg-info/PKG-INFO\n'}
[4.918811] (mycobot_communication) StdoutLine: {'line': b'writing dependency_links to ../../../build/mycobot_communication/mycobot_communication.egg-info/dependency_links.txt\n'}
[4.918868] (mycobot_communication) StdoutLine: {'line': b'writing entry points to ../../../build/mycobot_communication/mycobot_communication.egg-info/entry_points.txt\n'}
[4.918924] (mycobot_communication) StdoutLine: {'line': b'writing requirements to ../../../build/mycobot_communication/mycobot_communication.egg-info/requires.txt\n'}
[4.918983] (mycobot_communication) StdoutLine: {'line': b'writing top-level names to ../../../build/mycobot_communication/mycobot_communication.egg-info/top_level.txt\n'}
[4.919101] (mycobot_communication) StdoutLine: {'line': b"reading manifest file '../../../build/mycobot_communication/mycobot_communication.egg-info/SOURCES.txt'\n"}
[4.919155] (mycobot_communication) StdoutLine: {'line': b"adding license file 'LICENSE'\n"}
[4.919210] (mecharm_communication) StdoutLine: {'line': b'running egg_info\n'}
[4.919343] (mecharm_communication) StdoutLine: {'line': b'writing ../../../../build/mecharm_communication/mecharm_communication.egg-info/PKG-INFO\n'}
[4.919403] (mecharm_communication) StdoutLine: {'line': b'writing dependency_links to ../../../../build/mecharm_communication/mecharm_communication.egg-info/dependency_links.txt\n'}
[4.919450] (mecharm_communication) StdoutLine: {'line': b'writing entry points to ../../../../build/mecharm_communication/mecharm_communication.egg-info/entry_points.txt\n'}
[4.919497] (mecharm_communication) StdoutLine: {'line': b'writing requirements to ../../../../build/mecharm_communication/mecharm_communication.egg-info/requires.txt\n'}
[4.919543] (mecharm_communication) StdoutLine: {'line': b'writing top-level names to ../../../../build/mecharm_communication/mecharm_communication.egg-info/top_level.txt\n'}
[4.919598] (mecharm_communication) StdoutLine: {'line': b"reading manifest file '../../../../build/mecharm_communication/mecharm_communication.egg-info/SOURCES.txt'\n"}
[4.919643] (mycobot_communication) StdoutLine: {'line': b"writing manifest file '../../../build/mycobot_communication/mycobot_communication.egg-info/SOURCES.txt'\n"}
[4.919693] (mycobot_communication) StdoutLine: {'line': b'running build\n'}
[4.919737] (mycobot_communication) StdoutLine: {'line': b'running build_py\n'}
[4.919993] (mecharm_communication) StdoutLine: {'line': b"writing manifest file '../../../../build/mecharm_communication/mecharm_communication.egg-info/SOURCES.txt'\n"}
[4.920477] (mecharm_communication) StdoutLine: {'line': b'running build\n'}
[4.920809] (mycobot_communication) StdoutLine: {'line': b'running install\n'}
[4.920939] (mecharm_communication) StdoutLine: {'line': b'running build_py\n'}
[4.921680] (mycobot_communication) StdoutLine: {'line': b'running install_lib\n'}
[4.922275] (mecharm_communication) StdoutLine: {'line': b'running install\n'}
[4.923189] (mecharm_communication) StdoutLine: {'line': b'running install_lib\n'}
[4.924258] (mycobot_communication) StdoutLine: {'line': b'running install_data\n'}
[4.924503] (mycobot_communication) StdoutLine: {'line': b'running install_egg_info\n'}
[4.925649] (mecharm_communication) StdoutLine: {'line': b'running install_data\n'}
[4.925982] (-) TimerEvent: {}
[4.926394] (mecharm_communication) StdoutLine: {'line': b'running install_egg_info\n'}
[4.926675] (mycobot_communication) StdoutLine: {'line': b"removing '/home/robotics/ros2_cobot/install/mycobot_communication/lib/python3.10/site-packages/mycobot_communication-0.0.0-py3.10.egg-info' (and everything under it)\n"}
[4.927087] (mycobot_communication) StdoutLine: {'line': b'Copying ../../../build/mycobot_communication/mycobot_communication.egg-info to /home/robotics/ros2_cobot/install/mycobot_communication/lib/python3.10/site-packages/mycobot_communication-0.0.0-py3.10.egg-info\n'}
[4.929370] (mycobot_communication) StdoutLine: {'line': b'running install_scripts\n'}
[4.929531] (mecharm_communication) StdoutLine: {'line': b"removing '/home/robotics/ros2_cobot/install/mecharm_communication/lib/python3.10/site-packages/mecharm_communication-0.0.0-py3.10.egg-info' (and everything under it)\n"}
[4.933489] (mecharm_communication) StdoutLine: {'line': b'Copying ../../../../build/mecharm_communication/mecharm_communication.egg-info to /home/robotics/ros2_cobot/install/mecharm_communication/lib/python3.10/site-packages/mecharm_communication-0.0.0-py3.10.egg-info\n'}
[4.933681] (mecharm_communication) StdoutLine: {'line': b'running install_scripts\n'}
[4.949544] (mypalletizer_communication) StdoutLine: {'line': b'running egg_info\n'}
[4.949791] (mypalletizer_communication) StdoutLine: {'line': b'writing ../../../../build/mypalletizer_communication/mypalletizer_communication.egg-info/PKG-INFO\n'}
[4.949926] (mypalletizer_communication) StdoutLine: {'line': b'writing dependency_links to ../../../../build/mypalletizer_communication/mypalletizer_communication.egg-info/dependency_links.txt\n'}
[4.950074] (mypalletizer_communication) StdoutLine: {'line': b'writing entry points to ../../../../build/mypalletizer_communication/mypalletizer_communication.egg-info/entry_points.txt\n'}
[4.950203] (mypalletizer_communication) StdoutLine: {'line': b'writing requirements to ../../../../build/mypalletizer_communication/mypalletizer_communication.egg-info/requires.txt\n'}
[4.950303] (mypalletizer_communication) StdoutLine: {'line': b'writing top-level names to ../../../../build/mypalletizer_communication/mypalletizer_communication.egg-info/top_level.txt\n'}
[4.956993] (mycobot_communication) StdoutLine: {'line': b'Installing mycobot_services script to /home/robotics/ros2_cobot/install/mycobot_communication/lib/mycobot_communication\n'}
[4.957191] (mycobot_communication) StdoutLine: {'line': b'Installing mycobot_topics script to /home/robotics/ros2_cobot/install/mycobot_communication/lib/mycobot_communication\n'}
[4.957350] (mycobot_communication) StdoutLine: {'line': b'Installing mycobot_topics_jsnn script to /home/robotics/ros2_cobot/install/mycobot_communication/lib/mycobot_communication\n'}
[4.957539] (mycobot_communication) StdoutLine: {'line': b'Installing mycobot_topics_pi script to /home/robotics/ros2_cobot/install/mycobot_communication/lib/mycobot_communication\n'}
[4.957660] (mypalletizer_communication) StdoutLine: {'line': b"reading manifest file '../../../../build/mypalletizer_communication/mypalletizer_communication.egg-info/SOURCES.txt'\n"}
[4.957753] (mypalletizer_communication) StdoutLine: {'line': b"writing manifest file '../../../../build/mypalletizer_communication/mypalletizer_communication.egg-info/SOURCES.txt'\n"}
[4.957802] (mypalletizer_communication) StdoutLine: {'line': b'running build\n'}
[4.957847] (mypalletizer_communication) StdoutLine: {'line': b'running build_py\n'}
[4.957892] (mypalletizer_communication) StdoutLine: {'line': b'running install\n'}
[4.957934] (mypalletizer_communication) StdoutLine: {'line': b'running install_lib\n'}
[4.957976] (mycobot_communication) StdoutLine: {'line': b'Installing mycobot_topics_seeed script to /home/robotics/ros2_cobot/install/mycobot_communication/lib/mycobot_communication\n'}
[4.958216] (mycobot_communication) StdoutLine: {'line': b"writing list of installed files to '/home/robotics/ros2_cobot/build/mycobot_communication/install.log'\n"}
[4.958876] (mypalletizer_communication) StdoutLine: {'line': b'running install_data\n'}
[4.959071] (mypalletizer_communication) StdoutLine: {'line': b'running install_egg_info\n'}
[4.960042] (mecharm_communication) StdoutLine: {'line': b'Installing mecharm_services script to /home/robotics/ros2_cobot/install/mecharm_communication/lib/mecharm_communication\n'}
[4.960182] (mecharm_communication) StdoutLine: {'line': b'Installing mycobot_topics script to /home/robotics/ros2_cobot/install/mecharm_communication/lib/mecharm_communication\n'}
[4.961179] (mypalletizer_communication) StdoutLine: {'line': b"removing '/home/robotics/ros2_cobot/install/mypalletizer_communication/lib/python3.10/site-packages/mypalletizer_communication-0.0.0-py3.10.egg-info' (and everything under it)\n"}
[4.961584] (mypalletizer_communication) StdoutLine: {'line': b'Copying ../../../../build/mypalletizer_communication/mypalletizer_communication.egg-info to /home/robotics/ros2_cobot/install/mypalletizer_communication/lib/python3.10/site-packages/mypalletizer_communication-0.0.0-py3.10.egg-info\n'}
[4.962252] (mecharm_communication) StdoutLine: {'line': b'Installing mycobot_topics_jsnn script to /home/robotics/ros2_cobot/install/mecharm_communication/lib/mecharm_communication\n'}
[4.962410] (mecharm_communication) StdoutLine: {'line': b'Installing mycobot_topics_pi script to /home/robotics/ros2_cobot/install/mecharm_communication/lib/mecharm_communication\n'}
[4.962489] (mecharm_communication) StdoutLine: {'line': b'Installing mycobot_topics_seeed script to /home/robotics/ros2_cobot/install/mecharm_communication/lib/mecharm_communication\n'}
[4.962548] (mecharm_communication) StdoutLine: {'line': b"writing list of installed files to '/home/robotics/ros2_cobot/build/mecharm_communication/install.log'\n"}
[4.963281] (mypalletizer_communication) StdoutLine: {'line': b'running install_scripts\n'}
[4.994343] (mypalletizer_communication) StdoutLine: {'line': b'Installing mypalletizer_services script to /home/robotics/ros2_cobot/install/mypalletizer_communication/lib/mypalletizer_communication\n'}
[4.994606] (mypalletizer_communication) StdoutLine: {'line': b'Installing mypalletizer_topics script to /home/robotics/ros2_cobot/install/mypalletizer_communication/lib/mypalletizer_communication\n'}
[4.994732] (mypalletizer_communication) StdoutLine: {'line': b'Installing mypalletizer_topics_seeed script to /home/robotics/ros2_cobot/install/mypalletizer_communication/lib/mypalletizer_communication\n'}
[4.994789] (mypalletizer_communication) StdoutLine: {'line': b"writing list of installed files to '/home/robotics/ros2_cobot/build/mypalletizer_communication/install.log'\n"}
[5.026111] (-) TimerEvent: {}
[5.126488] (mycobot_communication) CommandEnded: {'returncode': 0}
[5.127646] (-) TimerEvent: {}
[5.140562] (mycobot_communication) JobEnded: {'identifier': 'mycobot_communication', 'rc': 0}
[5.141412] (mycobot_280rdkx5_moveit2) JobProgress: {'identifier': 'mycobot_280rdkx5_moveit2', 'progress': 'cmake'}
[5.142250] (mycobot_280rdkx5_moveit2) JobProgress: {'identifier': 'mycobot_280rdkx5_moveit2', 'progress': 'build'}
[5.142495] (mycobot_280rdkx5_moveit2) Command: {'cmd': ['/usr/bin/cmake', '--build', '/home/robotics/ros2_cobot/build/mycobot_280rdkx5_moveit2', '--', '-j16', '-l16'], 'cwd': '/home/robotics/ros2_cobot/build/mycobot_280rdkx5_moveit2', 'env': OrderedDict([('GJS_DEBUG_TOPICS', 'JS ERROR;JS LOG'), ('LESSOPEN', '| /usr/bin/lesspipe %s'), ('LANGUAGE', 'en_CA:en'), ('USER', 'robotics'), ('XDG_SESSION_TYPE', 'wayland'), ('SHLVL', '1'), ('LD_LIBRARY_PATH', '/opt/ros/humble/opt/rviz_ogre_vendor/lib:/opt/ros/humble/lib/x86_64-linux-gnu:/opt/ros/humble/lib'), ('HOME', '/home/robotics'), ('OLDPWD', '/home/robotics'), ('DESKTOP_SESSION', 'ubuntu'), ('GIO_LAUNCHED_DESKTOP_FILE', '/usr/share/applications/terminator.desktop'), ('ROS_PYTHON_VERSION', '3'), ('GNOME_SHELL_SESSION_MODE', 'ubuntu'), ('GTK_MODULES', 'gail:atk-bridge'), ('MANAGERPID', '2208'), ('SYSTEMD_EXEC_PID', '2385'), ('DBUS_SESSION_BUS_ADDRESS', 'unix:path=/run/user/1001/bus'), ('COLORTERM', 'truecolor'), ('TERMINATOR_DBUS_NAME', 'net.tenshu.Terminator25ef4b219e3b005583550f2b0f9f990c3'), ('LIBVIRT_DEFAULT_URI', 'qemu:///system'), ('GIO_LAUNCHED_DESKTOP_FILE_PID', '5985'), ('IM_CONFIG_PHASE', '1'), ('WAYLAND_DISPLAY', 'wayland-0'), ('ROS_DISTRO', 'humble'), ('LOGNAME', 'robotics'), ('JOURNAL_STREAM', '8:11736'), ('_', '/usr/bin/colcon'), ('ROS_VERSION', '2'), ('XDG_SESSION_CLASS', 'user'), ('USERNAME', 'robotics'), ('TERM', 'xterm-256color'), ('GNOME_DESKTOP_SESSION_ID', 'this-is-deprecated'), ('ROS_LOCALHOST_ONLY', '0'), ('PATH', '/opt/ros/humble/bin:/home/robotics/.local/bin:/usr/local/sbin:/usr/local/bin:/usr/sbin:/usr/bin:/sbin:/bin:/usr/games:/usr/local/games:/snap/bin:/snap/bin'), ('SESSION_MANAGER', 'local/scapula:@/tmp/.ICE-unix/2355,unix/scapula:/tmp/.ICE-unix/2355'), ('INVOCATION_ID', 'e345590a299a451da04fa5520e75bdac'), ('XDG_MENU_PREFIX', 'gnome-'), ('GNOME_SETUP_DISPLAY', ':1'), ('XDG_RUNTIME_DIR', '/run/user/1001'), ('DISPLAY', ':0'), ('TERMINATOR_DBUS_PATH', '/net/tenshu/Terminator2'), ('LANG', 'en_US.UTF-8'), ('XDG_CURRENT_DESKTOP', 'ubuntu:GNOME'), ('XMODIFIERS', '@im=ibus'), ('XDG_SESSION_DESKTOP', 'ubuntu'), ('XAUTHORITY', '/run/user/1001/.mutter-Xwaylandauth.C2D0D3'), ('LS_COLORS', 'rs=0:di=01;34:ln=01;36:mh=00:pi=40;33:so=01;35:do=01;35:bd=40;33;01:cd=40;33;01:or=40;31;01:mi=00:su=37;41:sg=30;43:ca=30;41:tw=30;42:ow=34;42:st=37;44:ex=01;32:*.tar=01;31:*.tgz=01;31:*.arc=01;31:*.arj=01;31:*.taz=01;31:*.lha=01;31:*.lz4=01;31:*.lzh=01;31:*.lzma=01;31:*.tlz=01;31:*.txz=01;31:*.tzo=01;31:*.t7z=01;31:*.zip=01;31:*.z=01;31:*.dz=01;31:*.gz=01;31:*.lrz=01;31:*.lz=01;31:*.lzo=01;31:*.xz=01;31:*.zst=01;31:*.tzst=01;31:*.bz2=01;31:*.bz=01;31:*.tbz=01;31:*.tbz2=01;31:*.tz=01;31:*.deb=01;31:*.rpm=01;31:*.jar=01;31:*.war=01;31:*.ear=01;31:*.sar=01;31:*.rar=01;31:*.alz=01;31:*.ace=01;31:*.zoo=01;31:*.cpio=01;31:*.7z=01;31:*.rz=01;31:*.cab=01;31:*.wim=01;31:*.swm=01;31:*.dwm=01;31:*.esd=01;31:*.jpg=01;35:*.jpeg=01;35:*.mjpg=01;35:*.mjpeg=01;35:*.gif=01;35:*.bmp=01;35:*.pbm=01;35:*.pgm=01;35:*.ppm=01;35:*.tga=01;35:*.xbm=01;35:*.xpm=01;35:*.tif=01;35:*.tiff=01;35:*.png=01;35:*.svg=01;35:*.svgz=01;35:*.mng=01;35:*.pcx=01;35:*.mov=01;35:*.mpg=01;35:*.mpeg=01;35:*.m2v=01;35:*.mkv=01;35:*.webm=01;35:*.webp=01;35:*.ogm=01;35:*.mp4=01;35:*.m4v=01;35:*.mp4v=01;35:*.vob=01;35:*.qt=01;35:*.nuv=01;35:*.wmv=01;35:*.asf=01;35:*.rm=01;35:*.rmvb=01;35:*.flc=01;35:*.avi=01;35:*.fli=01;35:*.flv=01;35:*.gl=01;35:*.dl=01;35:*.xcf=01;35:*.xwd=01;35:*.yuv=01;35:*.cgm=01;35:*.emf=01;35:*.ogv=01;35:*.ogx=01;35:*.aac=00;36:*.au=00;36:*.flac=00;36:*.m4a=00;36:*.mid=00;36:*.midi=00;36:*.mka=00;36:*.mp3=00;36:*.mpc=00;36:*.ogg=00;36:*.ra=00;36:*.wav=00;36:*.oga=00;36:*.opus=00;36:*.spx=00;36:*.xspf=00;36:'), ('SSH_AGENT_LAUNCHER', 'gnome-keyring'), ('SSH_AUTH_SOCK', '/run/user/1001/keyring/ssh'), ('AMENT_PREFIX_PATH', '/home/robotics/ros2_cobot/install/mycobot_description:/opt/ros/humble'), ('SHELL', '/bin/bash'), ('TERMINATOR_UUID', 'urn:uuid:f2f89f62-91b9-4d3d-9090-78fd66b7b1db'), ('QT_ACCESSIBILITY', '1'), ('GDMSESSION', 'ubuntu'), ('LESSCLOSE', '/usr/bin/lesspipe %s %s'), ('GJS_DEBUG_OUTPUT', 'stderr'), ('QT_IM_MODULE', 'ibus'), ('PWD', '/home/robotics/ros2_cobot/build/mycobot_280rdkx5_moveit2'), ('LC_ALL', 'en_US.UTF-8'), ('XDG_CONFIG_DIRS', '/etc/xdg/xdg-ubuntu:/etc/xdg'), ('XDG_DATA_DIRS', '/usr/share/ubuntu:/usr/local/share/:/usr/share/:/var/lib/snapd/desktop'), ('PYTHONPATH', '/home/robotics/ros2_cobot/install/mycobot_description/lib/python3.10/site-packages:/opt/ros/humble/lib/python3.10/site-packages:/opt/ros/humble/local/lib/python3.10/dist-packages'), ('COLCON', '1'), ('VTE_VERSION', '6800'), ('CMAKE_PREFIX_PATH', '/opt/ros/humble')]), 'shell': False}
[5.145907] (mecharm_communication) CommandEnded: {'returncode': 0}
[5.162340] (mecharm_communication) JobEnded: {'identifier': 'mecharm_communication', 'rc': 0}
[5.163201] (mypalletizer_communication) CommandEnded: {'returncode': 0}
[5.173103] (mypalletizer_communication) JobEnded: {'identifier': 'mypalletizer_communication', 'rc': 0}
[5.174281] (mycobot_320) JobStarted: {'identifier': 'mycobot_320'}
[5.178931] (mycobot_320_riscv) JobStarted: {'identifier': 'mycobot_320_riscv'}
[5.183162] (mycobot_320pi) JobStarted: {'identifier': 'mycobot_320pi'}
[5.192138] (mecharm) Command: {'cmd': ['/usr/bin/python3', '-W', 'ignore:setup.py install is deprecated', '-W', 'ignore:easy_install command is deprecated', 'setup.py', 'egg_info', '--egg-base', '../../../../build/mecharm', 'build', '--build-base', '/home/robotics/ros2_cobot/build/mecharm/build', 'install', '--record', '/home/robotics/ros2_cobot/build/mecharm/install.log', '--single-version-externally-managed', 'install_data'], 'cwd': '/home/robotics/ros2_cobot/src/mycobot_ros2/mecharm/mecharm', 'env': {'GJS_DEBUG_TOPICS': 'JS ERROR;JS LOG', 'LESSOPEN': '| /usr/bin/lesspipe %s', 'LANGUAGE': 'en_CA:en', 'USER': 'robotics', 'XDG_SESSION_TYPE': 'wayland', 'SHLVL': '1', 'LD_LIBRARY_PATH': '/opt/ros/humble/opt/rviz_ogre_vendor/lib:/opt/ros/humble/lib/x86_64-linux-gnu:/opt/ros/humble/lib', 'HOME': '/home/robotics', 'OLDPWD': '/home/robotics', 'DESKTOP_SESSION': 'ubuntu', 'GIO_LAUNCHED_DESKTOP_FILE': '/usr/share/applications/terminator.desktop', 'ROS_PYTHON_VERSION': '3', 'GNOME_SHELL_SESSION_MODE': 'ubuntu', 'GTK_MODULES': 'gail:atk-bridge', 'MANAGERPID': '2208', 'SYSTEMD_EXEC_PID': '2385', 'DBUS_SESSION_BUS_ADDRESS': 'unix:path=/run/user/1001/bus', 'COLORTERM': 'truecolor', 'TERMINATOR_DBUS_NAME': 'net.tenshu.Terminator25ef4b219e3b005583550f2b0f9f990c3', 'LIBVIRT_DEFAULT_URI': 'qemu:///system', 'GIO_LAUNCHED_DESKTOP_FILE_PID': '5985', 'IM_CONFIG_PHASE': '1', 'WAYLAND_DISPLAY': 'wayland-0', 'ROS_DISTRO': 'humble', 'LOGNAME': 'robotics', 'JOURNAL_STREAM': '8:11736', '_': '/usr/bin/colcon', 'ROS_VERSION': '2', 'XDG_SESSION_CLASS': 'user', 'USERNAME': 'robotics', 'TERM': 'xterm-256color', 'GNOME_DESKTOP_SESSION_ID': 'this-is-deprecated', 'ROS_LOCALHOST_ONLY': '0', 'PATH': '/opt/ros/humble/bin:/home/robotics/.local/bin:/usr/local/sbin:/usr/local/bin:/usr/sbin:/usr/bin:/sbin:/bin:/usr/games:/usr/local/games:/snap/bin:/snap/bin', 'SESSION_MANAGER': 'local/scapula:@/tmp/.ICE-unix/2355,unix/scapula:/tmp/.ICE-unix/2355', 'INVOCATION_ID': 'e345590a299a451da04fa5520e75bdac', 'XDG_MENU_PREFIX': 'gnome-', 'GNOME_SETUP_DISPLAY': ':1', 'XDG_RUNTIME_DIR': '/run/user/1001', 'DISPLAY': ':0', 'TERMINATOR_DBUS_PATH': '/net/tenshu/Terminator2', 'LANG': 'en_US.UTF-8', 'XDG_CURRENT_DESKTOP': 'ubuntu:GNOME', 'XMODIFIERS': '@im=ibus', 'XDG_SESSION_DESKTOP': 'ubuntu', 'XAUTHORITY': '/run/user/1001/.mutter-Xwaylandauth.C2D0D3', 'LS_COLORS': 'rs=0:di=01;34:ln=01;36:mh=00:pi=40;33:so=01;35:do=01;35:bd=40;33;01:cd=40;33;01:or=40;31;01:mi=00:su=37;41:sg=30;43:ca=30;41:tw=30;42:ow=34;42:st=37;44:ex=01;32:*.tar=01;31:*.tgz=01;31:*.arc=01;31:*.arj=01;31:*.taz=01;31:*.lha=01;31:*.lz4=01;31:*.lzh=01;31:*.lzma=01;31:*.tlz=01;31:*.txz=01;31:*.tzo=01;31:*.t7z=01;31:*.zip=01;31:*.z=01;31:*.dz=01;31:*.gz=01;31:*.lrz=01;31:*.lz=01;31:*.lzo=01;31:*.xz=01;31:*.zst=01;31:*.tzst=01;31:*.bz2=01;31:*.bz=01;31:*.tbz=01;31:*.tbz2=01;31:*.tz=01;31:*.deb=01;31:*.rpm=01;31:*.jar=01;31:*.war=01;31:*.ear=01;31:*.sar=01;31:*.rar=01;31:*.alz=01;31:*.ace=01;31:*.zoo=01;31:*.cpio=01;31:*.7z=01;31:*.rz=01;31:*.cab=01;31:*.wim=01;31:*.swm=01;31:*.dwm=01;31:*.esd=01;31:*.jpg=01;35:*.jpeg=01;35:*.mjpg=01;35:*.mjpeg=01;35:*.gif=01;35:*.bmp=01;35:*.pbm=01;35:*.pgm=01;35:*.ppm=01;35:*.tga=01;35:*.xbm=01;35:*.xpm=01;35:*.tif=01;35:*.tiff=01;35:*.png=01;35:*.svg=01;35:*.svgz=01;35:*.mng=01;35:*.pcx=01;35:*.mov=01;35:*.mpg=01;35:*.mpeg=01;35:*.m2v=01;35:*.mkv=01;35:*.webm=01;35:*.webp=01;35:*.ogm=01;35:*.mp4=01;35:*.m4v=01;35:*.mp4v=01;35:*.vob=01;35:*.qt=01;35:*.nuv=01;35:*.wmv=01;35:*.asf=01;35:*.rm=01;35:*.rmvb=01;35:*.flc=01;35:*.avi=01;35:*.fli=01;35:*.flv=01;35:*.gl=01;35:*.dl=01;35:*.xcf=01;35:*.xwd=01;35:*.yuv=01;35:*.cgm=01;35:*.emf=01;35:*.ogv=01;35:*.ogx=01;35:*.aac=00;36:*.au=00;36:*.flac=00;36:*.m4a=00;36:*.mid=00;36:*.midi=00;36:*.mka=00;36:*.mp3=00;36:*.mpc=00;36:*.ogg=00;36:*.ra=00;36:*.wav=00;36:*.oga=00;36:*.opus=00;36:*.spx=00;36:*.xspf=00;36:', 'SSH_AGENT_LAUNCHER': 'gnome-keyring', 'SSH_AUTH_SOCK': '/run/user/1001/keyring/ssh', 'AMENT_PREFIX_PATH': '/home/robotics/ros2_cobot/install/mycobot_description:/opt/ros/humble', 'SHELL': '/bin/bash', 'TERMINATOR_UUID': 'urn:uuid:f2f89f62-91b9-4d3d-9090-78fd66b7b1db', 'QT_ACCESSIBILITY': '1', 'GDMSESSION': 'ubuntu', 'LESSCLOSE': '/usr/bin/lesspipe %s %s', 'GJS_DEBUG_OUTPUT': 'stderr', 'QT_IM_MODULE': 'ibus', 'PWD': '/home/robotics/ros2_cobot/build/mecharm', 'LC_ALL': 'en_US.UTF-8', 'XDG_CONFIG_DIRS': '/etc/xdg/xdg-ubuntu:/etc/xdg', 'XDG_DATA_DIRS': '/usr/share/ubuntu:/usr/local/share/:/usr/share/:/var/lib/snapd/desktop', 'PYTHONPATH': '/home/robotics/ros2_cobot/build/mecharm/prefix_override:/usr/lib/python3/dist-packages/colcon_core/task/python/colcon_distutils_commands:/home/robotics/ros2_cobot/install/mecharm/lib/python3.10/site-packages:/home/robotics/ros2_cobot/install/mycobot_description/lib/python3.10/site-packages:/opt/ros/humble/lib/python3.10/site-packages:/opt/ros/humble/local/lib/python3.10/dist-packages', 'COLCON': '1', 'VTE_VERSION': '6800'}, 'shell': False}
[5.194241] (mybuddy) Command: {'cmd': ['/usr/bin/python3', '-W', 'ignore:setup.py install is deprecated', '-W', 'ignore:easy_install command is deprecated', 'setup.py', 'egg_info', '--egg-base', '../../../../build/mybuddy', 'build', '--build-base', '/home/robotics/ros2_cobot/build/mybuddy/build', 'install', '--record', '/home/robotics/ros2_cobot/build/mybuddy/install.log', '--single-version-externally-managed', 'install_data'], 'cwd': '/home/robotics/ros2_cobot/src/mycobot_ros2/Mybuddy/mybuddy', 'env': {'GJS_DEBUG_TOPICS': 'JS ERROR;JS LOG', 'LESSOPEN': '| /usr/bin/lesspipe %s', 'LANGUAGE': 'en_CA:en', 'USER': 'robotics', 'XDG_SESSION_TYPE': 'wayland', 'SHLVL': '1', 'LD_LIBRARY_PATH': '/opt/ros/humble/opt/rviz_ogre_vendor/lib:/opt/ros/humble/lib/x86_64-linux-gnu:/opt/ros/humble/lib', 'HOME': '/home/robotics', 'OLDPWD': '/home/robotics', 'DESKTOP_SESSION': 'ubuntu', 'GIO_LAUNCHED_DESKTOP_FILE': '/usr/share/applications/terminator.desktop', 'ROS_PYTHON_VERSION': '3', 'GNOME_SHELL_SESSION_MODE': 'ubuntu', 'GTK_MODULES': 'gail:atk-bridge', 'MANAGERPID': '2208', 'SYSTEMD_EXEC_PID': '2385', 'DBUS_SESSION_BUS_ADDRESS': 'unix:path=/run/user/1001/bus', 'COLORTERM': 'truecolor', 'TERMINATOR_DBUS_NAME': 'net.tenshu.Terminator25ef4b219e3b005583550f2b0f9f990c3', 'LIBVIRT_DEFAULT_URI': 'qemu:///system', 'GIO_LAUNCHED_DESKTOP_FILE_PID': '5985', 'IM_CONFIG_PHASE': '1', 'WAYLAND_DISPLAY': 'wayland-0', 'ROS_DISTRO': 'humble', 'LOGNAME': 'robotics', 'JOURNAL_STREAM': '8:11736', '_': '/usr/bin/colcon', 'ROS_VERSION': '2', 'XDG_SESSION_CLASS': 'user', 'USERNAME': 'robotics', 'TERM': 'xterm-256color', 'GNOME_DESKTOP_SESSION_ID': 'this-is-deprecated', 'ROS_LOCALHOST_ONLY': '0', 'PATH': '/opt/ros/humble/bin:/home/robotics/.local/bin:/usr/local/sbin:/usr/local/bin:/usr/sbin:/usr/bin:/sbin:/bin:/usr/games:/usr/local/games:/snap/bin:/snap/bin', 'SESSION_MANAGER': 'local/scapula:@/tmp/.ICE-unix/2355,unix/scapula:/tmp/.ICE-unix/2355', 'INVOCATION_ID': 'e345590a299a451da04fa5520e75bdac', 'XDG_MENU_PREFIX': 'gnome-', 'GNOME_SETUP_DISPLAY': ':1', 'XDG_RUNTIME_DIR': '/run/user/1001', 'DISPLAY': ':0', 'TERMINATOR_DBUS_PATH': '/net/tenshu/Terminator2', 'LANG': 'en_US.UTF-8', 'XDG_CURRENT_DESKTOP': 'ubuntu:GNOME', 'XMODIFIERS': '@im=ibus', 'XDG_SESSION_DESKTOP': 'ubuntu', 'XAUTHORITY': '/run/user/1001/.mutter-Xwaylandauth.C2D0D3', 'LS_COLORS': 'rs=0:di=01;34:ln=01;36:mh=00:pi=40;33:so=01;35:do=01;35:bd=40;33;01:cd=40;33;01:or=40;31;01:mi=00:su=37;41:sg=30;43:ca=30;41:tw=30;42:ow=34;42:st=37;44:ex=01;32:*.tar=01;31:*.tgz=01;31:*.arc=01;31:*.arj=01;31:*.taz=01;31:*.lha=01;31:*.lz4=01;31:*.lzh=01;31:*.lzma=01;31:*.tlz=01;31:*.txz=01;31:*.tzo=01;31:*.t7z=01;31:*.zip=01;31:*.z=01;31:*.dz=01;31:*.gz=01;31:*.lrz=01;31:*.lz=01;31:*.lzo=01;31:*.xz=01;31:*.zst=01;31:*.tzst=01;31:*.bz2=01;31:*.bz=01;31:*.tbz=01;31:*.tbz2=01;31:*.tz=01;31:*.deb=01;31:*.rpm=01;31:*.jar=01;31:*.war=01;31:*.ear=01;31:*.sar=01;31:*.rar=01;31:*.alz=01;31:*.ace=01;31:*.zoo=01;31:*.cpio=01;31:*.7z=01;31:*.rz=01;31:*.cab=01;31:*.wim=01;31:*.swm=01;31:*.dwm=01;31:*.esd=01;31:*.jpg=01;35:*.jpeg=01;35:*.mjpg=01;35:*.mjpeg=01;35:*.gif=01;35:*.bmp=01;35:*.pbm=01;35:*.pgm=01;35:*.ppm=01;35:*.tga=01;35:*.xbm=01;35:*.xpm=01;35:*.tif=01;35:*.tiff=01;35:*.png=01;35:*.svg=01;35:*.svgz=01;35:*.mng=01;35:*.pcx=01;35:*.mov=01;35:*.mpg=01;35:*.mpeg=01;35:*.m2v=01;35:*.mkv=01;35:*.webm=01;35:*.webp=01;35:*.ogm=01;35:*.mp4=01;35:*.m4v=01;35:*.mp4v=01;35:*.vob=01;35:*.qt=01;35:*.nuv=01;35:*.wmv=01;35:*.asf=01;35:*.rm=01;35:*.rmvb=01;35:*.flc=01;35:*.avi=01;35:*.fli=01;35:*.flv=01;35:*.gl=01;35:*.dl=01;35:*.xcf=01;35:*.xwd=01;35:*.yuv=01;35:*.cgm=01;35:*.emf=01;35:*.ogv=01;35:*.ogx=01;35:*.aac=00;36:*.au=00;36:*.flac=00;36:*.m4a=00;36:*.mid=00;36:*.midi=00;36:*.mka=00;36:*.mp3=00;36:*.mpc=00;36:*.ogg=00;36:*.ra=00;36:*.wav=00;36:*.oga=00;36:*.opus=00;36:*.spx=00;36:*.xspf=00;36:', 'SSH_AGENT_LAUNCHER': 'gnome-keyring', 'SSH_AUTH_SOCK': '/run/user/1001/keyring/ssh', 'AMENT_PREFIX_PATH': '/home/robotics/ros2_cobot/install/mycobot_description:/opt/ros/humble', 'SHELL': '/bin/bash', 'TERMINATOR_UUID': 'urn:uuid:f2f89f62-91b9-4d3d-9090-78fd66b7b1db', 'QT_ACCESSIBILITY': '1', 'GDMSESSION': 'ubuntu', 'LESSCLOSE': '/usr/bin/lesspipe %s %s', 'GJS_DEBUG_OUTPUT': 'stderr', 'QT_IM_MODULE': 'ibus', 'PWD': '/home/robotics/ros2_cobot/build/mybuddy', 'LC_ALL': 'en_US.UTF-8', 'XDG_CONFIG_DIRS': '/etc/xdg/xdg-ubuntu:/etc/xdg', 'XDG_DATA_DIRS': '/usr/share/ubuntu:/usr/local/share/:/usr/share/:/var/lib/snapd/desktop', 'PYTHONPATH': '/home/robotics/ros2_cobot/build/mybuddy/prefix_override:/usr/lib/python3/dist-packages/colcon_core/task/python/colcon_distutils_commands:/home/robotics/ros2_cobot/install/mybuddy/lib/python3.10/site-packages:/home/robotics/ros2_cobot/install/mycobot_description/lib/python3.10/site-packages:/opt/ros/humble/lib/python3.10/site-packages:/opt/ros/humble/local/lib/python3.10/dist-packages', 'COLCON': '1', 'VTE_VERSION': '6800'}, 'shell': False}
[5.196672] (mycobot_280_moveit2_control) Command: {'cmd': ['/usr/bin/python3', '-W', 'ignore:setup.py install is deprecated', '-W', 'ignore:easy_install command is deprecated', 'setup.py', 'egg_info', '--egg-base', '../../../../build/mycobot_280_moveit2_control', 'build', '--build-base', '/home/robotics/ros2_cobot/build/mycobot_280_moveit2_control/build', 'install', '--record', '/home/robotics/ros2_cobot/build/mycobot_280_moveit2_control/install.log', '--single-version-externally-managed', 'install_data'], 'cwd': '/home/robotics/ros2_cobot/src/mycobot_ros2/mycobot_280/mycobot_280_moveit2_control', 'env': {'GJS_DEBUG_TOPICS': 'JS ERROR;JS LOG', 'LESSOPEN': '| /usr/bin/lesspipe %s', 'LANGUAGE': 'en_CA:en', 'USER': 'robotics', 'XDG_SESSION_TYPE': 'wayland', 'SHLVL': '1', 'LD_LIBRARY_PATH': '/opt/ros/humble/opt/rviz_ogre_vendor/lib:/opt/ros/humble/lib/x86_64-linux-gnu:/opt/ros/humble/lib', 'HOME': '/home/robotics', 'OLDPWD': '/home/robotics', 'DESKTOP_SESSION': 'ubuntu', 'GIO_LAUNCHED_DESKTOP_FILE': '/usr/share/applications/terminator.desktop', 'ROS_PYTHON_VERSION': '3', 'GNOME_SHELL_SESSION_MODE': 'ubuntu', 'GTK_MODULES': 'gail:atk-bridge', 'MANAGERPID': '2208', 'SYSTEMD_EXEC_PID': '2385', 'DBUS_SESSION_BUS_ADDRESS': 'unix:path=/run/user/1001/bus', 'COLORTERM': 'truecolor', 'TERMINATOR_DBUS_NAME': 'net.tenshu.Terminator25ef4b219e3b005583550f2b0f9f990c3', 'LIBVIRT_DEFAULT_URI': 'qemu:///system', 'GIO_LAUNCHED_DESKTOP_FILE_PID': '5985', 'IM_CONFIG_PHASE': '1', 'WAYLAND_DISPLAY': 'wayland-0', 'ROS_DISTRO': 'humble', 'LOGNAME': 'robotics', 'JOURNAL_STREAM': '8:11736', '_': '/usr/bin/colcon', 'ROS_VERSION': '2', 'XDG_SESSION_CLASS': 'user', 'USERNAME': 'robotics', 'TERM': 'xterm-256color', 'GNOME_DESKTOP_SESSION_ID': 'this-is-deprecated', 'ROS_LOCALHOST_ONLY': '0', 'PATH': '/opt/ros/humble/bin:/home/robotics/.local/bin:/usr/local/sbin:/usr/local/bin:/usr/sbin:/usr/bin:/sbin:/bin:/usr/games:/usr/local/games:/snap/bin:/snap/bin', 'SESSION_MANAGER': 'local/scapula:@/tmp/.ICE-unix/2355,unix/scapula:/tmp/.ICE-unix/2355', 'INVOCATION_ID': 'e345590a299a451da04fa5520e75bdac', 'XDG_MENU_PREFIX': 'gnome-', 'GNOME_SETUP_DISPLAY': ':1', 'XDG_RUNTIME_DIR': '/run/user/1001', 'DISPLAY': ':0', 'TERMINATOR_DBUS_PATH': '/net/tenshu/Terminator2', 'LANG': 'en_US.UTF-8', 'XDG_CURRENT_DESKTOP': 'ubuntu:GNOME', 'XMODIFIERS': '@im=ibus', 'XDG_SESSION_DESKTOP': 'ubuntu', 'XAUTHORITY': '/run/user/1001/.mutter-Xwaylandauth.C2D0D3', 'LS_COLORS': 'rs=0:di=01;34:ln=01;36:mh=00:pi=40;33:so=01;35:do=01;35:bd=40;33;01:cd=40;33;01:or=40;31;01:mi=00:su=37;41:sg=30;43:ca=30;41:tw=30;42:ow=34;42:st=37;44:ex=01;32:*.tar=01;31:*.tgz=01;31:*.arc=01;31:*.arj=01;31:*.taz=01;31:*.lha=01;31:*.lz4=01;31:*.lzh=01;31:*.lzma=01;31:*.tlz=01;31:*.txz=01;31:*.tzo=01;31:*.t7z=01;31:*.zip=01;31:*.z=01;31:*.dz=01;31:*.gz=01;31:*.lrz=01;31:*.lz=01;31:*.lzo=01;31:*.xz=01;31:*.zst=01;31:*.tzst=01;31:*.bz2=01;31:*.bz=01;31:*.tbz=01;31:*.tbz2=01;31:*.tz=01;31:*.deb=01;31:*.rpm=01;31:*.jar=01;31:*.war=01;31:*.ear=01;31:*.sar=01;31:*.rar=01;31:*.alz=01;31:*.ace=01;31:*.zoo=01;31:*.cpio=01;31:*.7z=01;31:*.rz=01;31:*.cab=01;31:*.wim=01;31:*.swm=01;31:*.dwm=01;31:*.esd=01;31:*.jpg=01;35:*.jpeg=01;35:*.mjpg=01;35:*.mjpeg=01;35:*.gif=01;35:*.bmp=01;35:*.pbm=01;35:*.pgm=01;35:*.ppm=01;35:*.tga=01;35:*.xbm=01;35:*.xpm=01;35:*.tif=01;35:*.tiff=01;35:*.png=01;35:*.svg=01;35:*.svgz=01;35:*.mng=01;35:*.pcx=01;35:*.mov=01;35:*.mpg=01;35:*.mpeg=01;35:*.m2v=01;35:*.mkv=01;35:*.webm=01;35:*.webp=01;35:*.ogm=01;35:*.mp4=01;35:*.m4v=01;35:*.mp4v=01;35:*.vob=01;35:*.qt=01;35:*.nuv=01;35:*.wmv=01;35:*.asf=01;35:*.rm=01;35:*.rmvb=01;35:*.flc=01;35:*.avi=01;35:*.fli=01;35:*.flv=01;35:*.gl=01;35:*.dl=01;35:*.xcf=01;35:*.xwd=01;35:*.yuv=01;35:*.cgm=01;35:*.emf=01;35:*.ogv=01;35:*.ogx=01;35:*.aac=00;36:*.au=00;36:*.flac=00;36:*.m4a=00;36:*.mid=00;36:*.midi=00;36:*.mka=00;36:*.mp3=00;36:*.mpc=00;36:*.ogg=00;36:*.ra=00;36:*.wav=00;36:*.oga=00;36:*.opus=00;36:*.spx=00;36:*.xspf=00;36:', 'SSH_AGENT_LAUNCHER': 'gnome-keyring', 'SSH_AUTH_SOCK': '/run/user/1001/keyring/ssh', 'AMENT_PREFIX_PATH': '/home/robotics/ros2_cobot/install/mycobot_description:/opt/ros/humble', 'SHELL': '/bin/bash', 'TERMINATOR_UUID': 'urn:uuid:f2f89f62-91b9-4d3d-9090-78fd66b7b1db', 'QT_ACCESSIBILITY': '1', 'GDMSESSION': 'ubuntu', 'LESSCLOSE': '/usr/bin/lesspipe %s %s', 'GJS_DEBUG_OUTPUT': 'stderr', 'QT_IM_MODULE': 'ibus', 'PWD': '/home/robotics/ros2_cobot/build/mycobot_280_moveit2_control', 'LC_ALL': 'en_US.UTF-8', 'XDG_CONFIG_DIRS': '/etc/xdg/xdg-ubuntu:/etc/xdg', 'XDG_DATA_DIRS': '/usr/share/ubuntu:/usr/local/share/:/usr/share/:/var/lib/snapd/desktop', 'PYTHONPATH': '/home/robotics/ros2_cobot/build/mycobot_280_moveit2_control/prefix_override:/usr/lib/python3/dist-packages/colcon_core/task/python/colcon_distutils_commands:/home/robotics/ros2_cobot/install/mycobot_280_moveit2_control/lib/python3.10/site-packages:/home/robotics/ros2_cobot/install/mycobot_description/lib/python3.10/site-packages:/opt/ros/humble/lib/python3.10/site-packages:/opt/ros/humble/local/lib/python3.10/dist-packages', 'COLCON': '1', 'VTE_VERSION': '6800'}, 'shell': False}
[5.198849] (mycobot_280_riscv) Command: {'cmd': ['/usr/bin/python3', '-W', 'ignore:setup.py install is deprecated', '-W', 'ignore:easy_install command is deprecated', 'setup.py', 'egg_info', '--egg-base', '../../../../build/mycobot_280_riscv', 'build', '--build-base', '/home/robotics/ros2_cobot/build/mycobot_280_riscv/build', 'install', '--record', '/home/robotics/ros2_cobot/build/mycobot_280_riscv/install.log', '--single-version-externally-managed', 'install_data'], 'cwd': '/home/robotics/ros2_cobot/src/mycobot_ros2/mycobot_280/mycobot_280_riscv', 'env': {'GJS_DEBUG_TOPICS': 'JS ERROR;JS LOG', 'LESSOPEN': '| /usr/bin/lesspipe %s', 'LANGUAGE': 'en_CA:en', 'USER': 'robotics', 'XDG_SESSION_TYPE': 'wayland', 'SHLVL': '1', 'LD_LIBRARY_PATH': '/opt/ros/humble/opt/rviz_ogre_vendor/lib:/opt/ros/humble/lib/x86_64-linux-gnu:/opt/ros/humble/lib', 'HOME': '/home/robotics', 'OLDPWD': '/home/robotics', 'DESKTOP_SESSION': 'ubuntu', 'GIO_LAUNCHED_DESKTOP_FILE': '/usr/share/applications/terminator.desktop', 'ROS_PYTHON_VERSION': '3', 'GNOME_SHELL_SESSION_MODE': 'ubuntu', 'GTK_MODULES': 'gail:atk-bridge', 'MANAGERPID': '2208', 'SYSTEMD_EXEC_PID': '2385', 'DBUS_SESSION_BUS_ADDRESS': 'unix:path=/run/user/1001/bus', 'COLORTERM': 'truecolor', 'TERMINATOR_DBUS_NAME': 'net.tenshu.Terminator25ef4b219e3b005583550f2b0f9f990c3', 'LIBVIRT_DEFAULT_URI': 'qemu:///system', 'GIO_LAUNCHED_DESKTOP_FILE_PID': '5985', 'IM_CONFIG_PHASE': '1', 'WAYLAND_DISPLAY': 'wayland-0', 'ROS_DISTRO': 'humble', 'LOGNAME': 'robotics', 'JOURNAL_STREAM': '8:11736', '_': '/usr/bin/colcon', 'ROS_VERSION': '2', 'XDG_SESSION_CLASS': 'user', 'USERNAME': 'robotics', 'TERM': 'xterm-256color', 'GNOME_DESKTOP_SESSION_ID': 'this-is-deprecated', 'ROS_LOCALHOST_ONLY': '0', 'PATH': '/opt/ros/humble/bin:/home/robotics/.local/bin:/usr/local/sbin:/usr/local/bin:/usr/sbin:/usr/bin:/sbin:/bin:/usr/games:/usr/local/games:/snap/bin:/snap/bin', 'SESSION_MANAGER': 'local/scapula:@/tmp/.ICE-unix/2355,unix/scapula:/tmp/.ICE-unix/2355', 'INVOCATION_ID': 'e345590a299a451da04fa5520e75bdac', 'XDG_MENU_PREFIX': 'gnome-', 'GNOME_SETUP_DISPLAY': ':1', 'XDG_RUNTIME_DIR': '/run/user/1001', 'DISPLAY': ':0', 'TERMINATOR_DBUS_PATH': '/net/tenshu/Terminator2', 'LANG': 'en_US.UTF-8', 'XDG_CURRENT_DESKTOP': 'ubuntu:GNOME', 'XMODIFIERS': '@im=ibus', 'XDG_SESSION_DESKTOP': 'ubuntu', 'XAUTHORITY': '/run/user/1001/.mutter-Xwaylandauth.C2D0D3', 'LS_COLORS': 'rs=0:di=01;34:ln=01;36:mh=00:pi=40;33:so=01;35:do=01;35:bd=40;33;01:cd=40;33;01:or=40;31;01:mi=00:su=37;41:sg=30;43:ca=30;41:tw=30;42:ow=34;42:st=37;44:ex=01;32:*.tar=01;31:*.tgz=01;31:*.arc=01;31:*.arj=01;31:*.taz=01;31:*.lha=01;31:*.lz4=01;31:*.lzh=01;31:*.lzma=01;31:*.tlz=01;31:*.txz=01;31:*.tzo=01;31:*.t7z=01;31:*.zip=01;31:*.z=01;31:*.dz=01;31:*.gz=01;31:*.lrz=01;31:*.lz=01;31:*.lzo=01;31:*.xz=01;31:*.zst=01;31:*.tzst=01;31:*.bz2=01;31:*.bz=01;31:*.tbz=01;31:*.tbz2=01;31:*.tz=01;31:*.deb=01;31:*.rpm=01;31:*.jar=01;31:*.war=01;31:*.ear=01;31:*.sar=01;31:*.rar=01;31:*.alz=01;31:*.ace=01;31:*.zoo=01;31:*.cpio=01;31:*.7z=01;31:*.rz=01;31:*.cab=01;31:*.wim=01;31:*.swm=01;31:*.dwm=01;31:*.esd=01;31:*.jpg=01;35:*.jpeg=01;35:*.mjpg=01;35:*.mjpeg=01;35:*.gif=01;35:*.bmp=01;35:*.pbm=01;35:*.pgm=01;35:*.ppm=01;35:*.tga=01;35:*.xbm=01;35:*.xpm=01;35:*.tif=01;35:*.tiff=01;35:*.png=01;35:*.svg=01;35:*.svgz=01;35:*.mng=01;35:*.pcx=01;35:*.mov=01;35:*.mpg=01;35:*.mpeg=01;35:*.m2v=01;35:*.mkv=01;35:*.webm=01;35:*.webp=01;35:*.ogm=01;35:*.mp4=01;35:*.m4v=01;35:*.mp4v=01;35:*.vob=01;35:*.qt=01;35:*.nuv=01;35:*.wmv=01;35:*.asf=01;35:*.rm=01;35:*.rmvb=01;35:*.flc=01;35:*.avi=01;35:*.fli=01;35:*.flv=01;35:*.gl=01;35:*.dl=01;35:*.xcf=01;35:*.xwd=01;35:*.yuv=01;35:*.cgm=01;35:*.emf=01;35:*.ogv=01;35:*.ogx=01;35:*.aac=00;36:*.au=00;36:*.flac=00;36:*.m4a=00;36:*.mid=00;36:*.midi=00;36:*.mka=00;36:*.mp3=00;36:*.mpc=00;36:*.ogg=00;36:*.ra=00;36:*.wav=00;36:*.oga=00;36:*.opus=00;36:*.spx=00;36:*.xspf=00;36:', 'SSH_AGENT_LAUNCHER': 'gnome-keyring', 'SSH_AUTH_SOCK': '/run/user/1001/keyring/ssh', 'AMENT_PREFIX_PATH': '/home/robotics/ros2_cobot/install/mycobot_description:/opt/ros/humble', 'SHELL': '/bin/bash', 'TERMINATOR_UUID': 'urn:uuid:f2f89f62-91b9-4d3d-9090-78fd66b7b1db', 'QT_ACCESSIBILITY': '1', 'GDMSESSION': 'ubuntu', 'LESSCLOSE': '/usr/bin/lesspipe %s %s', 'GJS_DEBUG_OUTPUT': 'stderr', 'QT_IM_MODULE': 'ibus', 'PWD': '/home/robotics/ros2_cobot/build/mycobot_280_riscv', 'LC_ALL': 'en_US.UTF-8', 'XDG_CONFIG_DIRS': '/etc/xdg/xdg-ubuntu:/etc/xdg', 'XDG_DATA_DIRS': '/usr/share/ubuntu:/usr/local/share/:/usr/share/:/var/lib/snapd/desktop', 'PYTHONPATH': '/home/robotics/ros2_cobot/build/mycobot_280_riscv/prefix_override:/usr/lib/python3/dist-packages/colcon_core/task/python/colcon_distutils_commands:/home/robotics/ros2_cobot/install/mycobot_280_riscv/lib/python3.10/site-packages:/home/robotics/ros2_cobot/install/mycobot_description/lib/python3.10/site-packages:/opt/ros/humble/lib/python3.10/site-packages:/opt/ros/humble/local/lib/python3.10/dist-packages', 'COLCON': '1', 'VTE_VERSION': '6800'}, 'shell': False}
[5.205583] (mycobot_280_arduino) Command: {'cmd': ['/usr/bin/python3', '-W', 'ignore:setup.py install is deprecated', '-W', 'ignore:easy_install command is deprecated', 'setup.py', 'egg_info', '--egg-base', '../../../../build/mycobot_280_arduino', 'build', '--build-base', '/home/robotics/ros2_cobot/build/mycobot_280_arduino/build', 'install', '--record', '/home/robotics/ros2_cobot/build/mycobot_280_arduino/install.log', '--single-version-externally-managed', 'install_data'], 'cwd': '/home/robotics/ros2_cobot/src/mycobot_ros2/mycobot_280/mycobot_280_arduino', 'env': {'GJS_DEBUG_TOPICS': 'JS ERROR;JS LOG', 'LESSOPEN': '| /usr/bin/lesspipe %s', 'LANGUAGE': 'en_CA:en', 'USER': 'robotics', 'XDG_SESSION_TYPE': 'wayland', 'SHLVL': '1', 'LD_LIBRARY_PATH': '/opt/ros/humble/opt/rviz_ogre_vendor/lib:/opt/ros/humble/lib/x86_64-linux-gnu:/opt/ros/humble/lib', 'HOME': '/home/robotics', 'OLDPWD': '/home/robotics', 'DESKTOP_SESSION': 'ubuntu', 'GIO_LAUNCHED_DESKTOP_FILE': '/usr/share/applications/terminator.desktop', 'ROS_PYTHON_VERSION': '3', 'GNOME_SHELL_SESSION_MODE': 'ubuntu', 'GTK_MODULES': 'gail:atk-bridge', 'MANAGERPID': '2208', 'SYSTEMD_EXEC_PID': '2385', 'DBUS_SESSION_BUS_ADDRESS': 'unix:path=/run/user/1001/bus', 'COLORTERM': 'truecolor', 'TERMINATOR_DBUS_NAME': 'net.tenshu.Terminator25ef4b219e3b005583550f2b0f9f990c3', 'LIBVIRT_DEFAULT_URI': 'qemu:///system', 'GIO_LAUNCHED_DESKTOP_FILE_PID': '5985', 'IM_CONFIG_PHASE': '1', 'WAYLAND_DISPLAY': 'wayland-0', 'ROS_DISTRO': 'humble', 'LOGNAME': 'robotics', 'JOURNAL_STREAM': '8:11736', '_': '/usr/bin/colcon', 'ROS_VERSION': '2', 'XDG_SESSION_CLASS': 'user', 'USERNAME': 'robotics', 'TERM': 'xterm-256color', 'GNOME_DESKTOP_SESSION_ID': 'this-is-deprecated', 'ROS_LOCALHOST_ONLY': '0', 'PATH': '/opt/ros/humble/bin:/home/robotics/.local/bin:/usr/local/sbin:/usr/local/bin:/usr/sbin:/usr/bin:/sbin:/bin:/usr/games:/usr/local/games:/snap/bin:/snap/bin', 'SESSION_MANAGER': 'local/scapula:@/tmp/.ICE-unix/2355,unix/scapula:/tmp/.ICE-unix/2355', 'INVOCATION_ID': 'e345590a299a451da04fa5520e75bdac', 'XDG_MENU_PREFIX': 'gnome-', 'GNOME_SETUP_DISPLAY': ':1', 'XDG_RUNTIME_DIR': '/run/user/1001', 'DISPLAY': ':0', 'TERMINATOR_DBUS_PATH': '/net/tenshu/Terminator2', 'LANG': 'en_US.UTF-8', 'XDG_CURRENT_DESKTOP': 'ubuntu:GNOME', 'XMODIFIERS': '@im=ibus', 'XDG_SESSION_DESKTOP': 'ubuntu', 'XAUTHORITY': '/run/user/1001/.mutter-Xwaylandauth.C2D0D3', 'LS_COLORS': 'rs=0:di=01;34:ln=01;36:mh=00:pi=40;33:so=01;35:do=01;35:bd=40;33;01:cd=40;33;01:or=40;31;01:mi=00:su=37;41:sg=30;43:ca=30;41:tw=30;42:ow=34;42:st=37;44:ex=01;32:*.tar=01;31:*.tgz=01;31:*.arc=01;31:*.arj=01;31:*.taz=01;31:*.lha=01;31:*.lz4=01;31:*.lzh=01;31:*.lzma=01;31:*.tlz=01;31:*.txz=01;31:*.tzo=01;31:*.t7z=01;31:*.zip=01;31:*.z=01;31:*.dz=01;31:*.gz=01;31:*.lrz=01;31:*.lz=01;31:*.lzo=01;31:*.xz=01;31:*.zst=01;31:*.tzst=01;31:*.bz2=01;31:*.bz=01;31:*.tbz=01;31:*.tbz2=01;31:*.tz=01;31:*.deb=01;31:*.rpm=01;31:*.jar=01;31:*.war=01;31:*.ear=01;31:*.sar=01;31:*.rar=01;31:*.alz=01;31:*.ace=01;31:*.zoo=01;31:*.cpio=01;31:*.7z=01;31:*.rz=01;31:*.cab=01;31:*.wim=01;31:*.swm=01;31:*.dwm=01;31:*.esd=01;31:*.jpg=01;35:*.jpeg=01;35:*.mjpg=01;35:*.mjpeg=01;35:*.gif=01;35:*.bmp=01;35:*.pbm=01;35:*.pgm=01;35:*.ppm=01;35:*.tga=01;35:*.xbm=01;35:*.xpm=01;35:*.tif=01;35:*.tiff=01;35:*.png=01;35:*.svg=01;35:*.svgz=01;35:*.mng=01;35:*.pcx=01;35:*.mov=01;35:*.mpg=01;35:*.mpeg=01;35:*.m2v=01;35:*.mkv=01;35:*.webm=01;35:*.webp=01;35:*.ogm=01;35:*.mp4=01;35:*.m4v=01;35:*.mp4v=01;35:*.vob=01;35:*.qt=01;35:*.nuv=01;35:*.wmv=01;35:*.asf=01;35:*.rm=01;35:*.rmvb=01;35:*.flc=01;35:*.avi=01;35:*.fli=01;35:*.flv=01;35:*.gl=01;35:*.dl=01;35:*.xcf=01;35:*.xwd=01;35:*.yuv=01;35:*.cgm=01;35:*.emf=01;35:*.ogv=01;35:*.ogx=01;35:*.aac=00;36:*.au=00;36:*.flac=00;36:*.m4a=00;36:*.mid=00;36:*.midi=00;36:*.mka=00;36:*.mp3=00;36:*.mpc=00;36:*.ogg=00;36:*.ra=00;36:*.wav=00;36:*.oga=00;36:*.opus=00;36:*.spx=00;36:*.xspf=00;36:', 'SSH_AGENT_LAUNCHER': 'gnome-keyring', 'SSH_AUTH_SOCK': '/run/user/1001/keyring/ssh', 'AMENT_PREFIX_PATH': '/home/robotics/ros2_cobot/install/mycobot_description:/opt/ros/humble', 'SHELL': '/bin/bash', 'TERMINATOR_UUID': 'urn:uuid:f2f89f62-91b9-4d3d-9090-78fd66b7b1db', 'QT_ACCESSIBILITY': '1', 'GDMSESSION': 'ubuntu', 'LESSCLOSE': '/usr/bin/lesspipe %s %s', 'GJS_DEBUG_OUTPUT': 'stderr', 'QT_IM_MODULE': 'ibus', 'PWD': '/home/robotics/ros2_cobot/build/mycobot_280_arduino', 'LC_ALL': 'en_US.UTF-8', 'XDG_CONFIG_DIRS': '/etc/xdg/xdg-ubuntu:/etc/xdg', 'XDG_DATA_DIRS': '/usr/share/ubuntu:/usr/local/share/:/usr/share/:/var/lib/snapd/desktop', 'PYTHONPATH': '/home/robotics/ros2_cobot/build/mycobot_280_arduino/prefix_override:/usr/lib/python3/dist-packages/colcon_core/task/python/colcon_distutils_commands:/home/robotics/ros2_cobot/install/mycobot_280_arduino/lib/python3.10/site-packages:/home/robotics/ros2_cobot/install/mycobot_description/lib/python3.10/site-packages:/opt/ros/humble/lib/python3.10/site-packages:/opt/ros/humble/local/lib/python3.10/dist-packages', 'COLCON': '1', 'VTE_VERSION': '6800'}, 'shell': False}
[5.211184] (mycobot_280) Command: {'cmd': ['/usr/bin/python3', '-W', 'ignore:setup.py install is deprecated', '-W', 'ignore:easy_install command is deprecated', 'setup.py', 'egg_info', '--egg-base', '../../../../build/mycobot_280', 'build', '--build-base', '/home/robotics/ros2_cobot/build/mycobot_280/build', 'install', '--record', '/home/robotics/ros2_cobot/build/mycobot_280/install.log', '--single-version-externally-managed', 'install_data'], 'cwd': '/home/robotics/ros2_cobot/src/mycobot_ros2/mycobot_280/mycobot_280', 'env': {'GJS_DEBUG_TOPICS': 'JS ERROR;JS LOG', 'LESSOPEN': '| /usr/bin/lesspipe %s', 'LANGUAGE': 'en_CA:en', 'USER': 'robotics', 'XDG_SESSION_TYPE': 'wayland', 'SHLVL': '1', 'LD_LIBRARY_PATH': '/opt/ros/humble/opt/rviz_ogre_vendor/lib:/opt/ros/humble/lib/x86_64-linux-gnu:/opt/ros/humble/lib', 'HOME': '/home/robotics', 'OLDPWD': '/home/robotics', 'DESKTOP_SESSION': 'ubuntu', 'GIO_LAUNCHED_DESKTOP_FILE': '/usr/share/applications/terminator.desktop', 'ROS_PYTHON_VERSION': '3', 'GNOME_SHELL_SESSION_MODE': 'ubuntu', 'GTK_MODULES': 'gail:atk-bridge', 'MANAGERPID': '2208', 'SYSTEMD_EXEC_PID': '2385', 'DBUS_SESSION_BUS_ADDRESS': 'unix:path=/run/user/1001/bus', 'COLORTERM': 'truecolor', 'TERMINATOR_DBUS_NAME': 'net.tenshu.Terminator25ef4b219e3b005583550f2b0f9f990c3', 'LIBVIRT_DEFAULT_URI': 'qemu:///system', 'GIO_LAUNCHED_DESKTOP_FILE_PID': '5985', 'IM_CONFIG_PHASE': '1', 'WAYLAND_DISPLAY': 'wayland-0', 'ROS_DISTRO': 'humble', 'LOGNAME': 'robotics', 'JOURNAL_STREAM': '8:11736', '_': '/usr/bin/colcon', 'ROS_VERSION': '2', 'XDG_SESSION_CLASS': 'user', 'USERNAME': 'robotics', 'TERM': 'xterm-256color', 'GNOME_DESKTOP_SESSION_ID': 'this-is-deprecated', 'ROS_LOCALHOST_ONLY': '0', 'PATH': '/opt/ros/humble/bin:/home/robotics/.local/bin:/usr/local/sbin:/usr/local/bin:/usr/sbin:/usr/bin:/sbin:/bin:/usr/games:/usr/local/games:/snap/bin:/snap/bin', 'SESSION_MANAGER': 'local/scapula:@/tmp/.ICE-unix/2355,unix/scapula:/tmp/.ICE-unix/2355', 'INVOCATION_ID': 'e345590a299a451da04fa5520e75bdac', 'XDG_MENU_PREFIX': 'gnome-', 'GNOME_SETUP_DISPLAY': ':1', 'XDG_RUNTIME_DIR': '/run/user/1001', 'DISPLAY': ':0', 'TERMINATOR_DBUS_PATH': '/net/tenshu/Terminator2', 'LANG': 'en_US.UTF-8', 'XDG_CURRENT_DESKTOP': 'ubuntu:GNOME', 'XMODIFIERS': '@im=ibus', 'XDG_SESSION_DESKTOP': 'ubuntu', 'XAUTHORITY': '/run/user/1001/.mutter-Xwaylandauth.C2D0D3', 'LS_COLORS': 'rs=0:di=01;34:ln=01;36:mh=00:pi=40;33:so=01;35:do=01;35:bd=40;33;01:cd=40;33;01:or=40;31;01:mi=00:su=37;41:sg=30;43:ca=30;41:tw=30;42:ow=34;42:st=37;44:ex=01;32:*.tar=01;31:*.tgz=01;31:*.arc=01;31:*.arj=01;31:*.taz=01;31:*.lha=01;31:*.lz4=01;31:*.lzh=01;31:*.lzma=01;31:*.tlz=01;31:*.txz=01;31:*.tzo=01;31:*.t7z=01;31:*.zip=01;31:*.z=01;31:*.dz=01;31:*.gz=01;31:*.lrz=01;31:*.lz=01;31:*.lzo=01;31:*.xz=01;31:*.zst=01;31:*.tzst=01;31:*.bz2=01;31:*.bz=01;31:*.tbz=01;31:*.tbz2=01;31:*.tz=01;31:*.deb=01;31:*.rpm=01;31:*.jar=01;31:*.war=01;31:*.ear=01;31:*.sar=01;31:*.rar=01;31:*.alz=01;31:*.ace=01;31:*.zoo=01;31:*.cpio=01;31:*.7z=01;31:*.rz=01;31:*.cab=01;31:*.wim=01;31:*.swm=01;31:*.dwm=01;31:*.esd=01;31:*.jpg=01;35:*.jpeg=01;35:*.mjpg=01;35:*.mjpeg=01;35:*.gif=01;35:*.bmp=01;35:*.pbm=01;35:*.pgm=01;35:*.ppm=01;35:*.tga=01;35:*.xbm=01;35:*.xpm=01;35:*.tif=01;35:*.tiff=01;35:*.png=01;35:*.svg=01;35:*.svgz=01;35:*.mng=01;35:*.pcx=01;35:*.mov=01;35:*.mpg=01;35:*.mpeg=01;35:*.m2v=01;35:*.mkv=01;35:*.webm=01;35:*.webp=01;35:*.ogm=01;35:*.mp4=01;35:*.m4v=01;35:*.mp4v=01;35:*.vob=01;35:*.qt=01;35:*.nuv=01;35:*.wmv=01;35:*.asf=01;35:*.rm=01;35:*.rmvb=01;35:*.flc=01;35:*.avi=01;35:*.fli=01;35:*.flv=01;35:*.gl=01;35:*.dl=01;35:*.xcf=01;35:*.xwd=01;35:*.yuv=01;35:*.cgm=01;35:*.emf=01;35:*.ogv=01;35:*.ogx=01;35:*.aac=00;36:*.au=00;36:*.flac=00;36:*.m4a=00;36:*.mid=00;36:*.midi=00;36:*.mka=00;36:*.mp3=00;36:*.mpc=00;36:*.ogg=00;36:*.ra=00;36:*.wav=00;36:*.oga=00;36:*.opus=00;36:*.spx=00;36:*.xspf=00;36:', 'SSH_AGENT_LAUNCHER': 'gnome-keyring', 'SSH_AUTH_SOCK': '/run/user/1001/keyring/ssh', 'AMENT_PREFIX_PATH': '/home/robotics/ros2_cobot/install/mycobot_description:/opt/ros/humble', 'SHELL': '/bin/bash', 'TERMINATOR_UUID': 'urn:uuid:f2f89f62-91b9-4d3d-9090-78fd66b7b1db', 'QT_ACCESSIBILITY': '1', 'GDMSESSION': 'ubuntu', 'LESSCLOSE': '/usr/bin/lesspipe %s %s', 'GJS_DEBUG_OUTPUT': 'stderr', 'QT_IM_MODULE': 'ibus', 'PWD': '/home/robotics/ros2_cobot/build/mycobot_280', 'LC_ALL': 'en_US.UTF-8', 'XDG_CONFIG_DIRS': '/etc/xdg/xdg-ubuntu:/etc/xdg', 'XDG_DATA_DIRS': '/usr/share/ubuntu:/usr/local/share/:/usr/share/:/var/lib/snapd/desktop', 'PYTHONPATH': '/home/robotics/ros2_cobot/build/mycobot_280/prefix_override:/usr/lib/python3/dist-packages/colcon_core/task/python/colcon_distutils_commands:/home/robotics/ros2_cobot/install/mycobot_280/lib/python3.10/site-packages:/home/robotics/ros2_cobot/install/mycobot_description/lib/python3.10/site-packages:/opt/ros/humble/lib/python3.10/site-packages:/opt/ros/humble/local/lib/python3.10/dist-packages', 'COLCON': '1', 'VTE_VERSION': '6800'}, 'shell': False}
[5.213785] (mycobot_280_x3pi) Command: {'cmd': ['/usr/bin/python3', '-W', 'ignore:setup.py install is deprecated', '-W', 'ignore:easy_install command is deprecated', 'setup.py', 'egg_info', '--egg-base', '../../../../build/mycobot_280_x3pi', 'build', '--build-base', '/home/robotics/ros2_cobot/build/mycobot_280_x3pi/build', 'install', '--record', '/home/robotics/ros2_cobot/build/mycobot_280_x3pi/install.log', '--single-version-externally-managed', 'install_data'], 'cwd': '/home/robotics/ros2_cobot/src/mycobot_ros2/mycobot_280/mycobot_280_x3pi', 'env': {'GJS_DEBUG_TOPICS': 'JS ERROR;JS LOG', 'LESSOPEN': '| /usr/bin/lesspipe %s', 'LANGUAGE': 'en_CA:en', 'USER': 'robotics', 'XDG_SESSION_TYPE': 'wayland', 'SHLVL': '1', 'LD_LIBRARY_PATH': '/opt/ros/humble/opt/rviz_ogre_vendor/lib:/opt/ros/humble/lib/x86_64-linux-gnu:/opt/ros/humble/lib', 'HOME': '/home/robotics', 'OLDPWD': '/home/robotics', 'DESKTOP_SESSION': 'ubuntu', 'GIO_LAUNCHED_DESKTOP_FILE': '/usr/share/applications/terminator.desktop', 'ROS_PYTHON_VERSION': '3', 'GNOME_SHELL_SESSION_MODE': 'ubuntu', 'GTK_MODULES': 'gail:atk-bridge', 'MANAGERPID': '2208', 'SYSTEMD_EXEC_PID': '2385', 'DBUS_SESSION_BUS_ADDRESS': 'unix:path=/run/user/1001/bus', 'COLORTERM': 'truecolor', 'TERMINATOR_DBUS_NAME': 'net.tenshu.Terminator25ef4b219e3b005583550f2b0f9f990c3', 'LIBVIRT_DEFAULT_URI': 'qemu:///system', 'GIO_LAUNCHED_DESKTOP_FILE_PID': '5985', 'IM_CONFIG_PHASE': '1', 'WAYLAND_DISPLAY': 'wayland-0', 'ROS_DISTRO': 'humble', 'LOGNAME': 'robotics', 'JOURNAL_STREAM': '8:11736', '_': '/usr/bin/colcon', 'ROS_VERSION': '2', 'XDG_SESSION_CLASS': 'user', 'USERNAME': 'robotics', 'TERM': 'xterm-256color', 'GNOME_DESKTOP_SESSION_ID': 'this-is-deprecated', 'ROS_LOCALHOST_ONLY': '0', 'PATH': '/opt/ros/humble/bin:/home/robotics/.local/bin:/usr/local/sbin:/usr/local/bin:/usr/sbin:/usr/bin:/sbin:/bin:/usr/games:/usr/local/games:/snap/bin:/snap/bin', 'SESSION_MANAGER': 'local/scapula:@/tmp/.ICE-unix/2355,unix/scapula:/tmp/.ICE-unix/2355', 'INVOCATION_ID': 'e345590a299a451da04fa5520e75bdac', 'XDG_MENU_PREFIX': 'gnome-', 'GNOME_SETUP_DISPLAY': ':1', 'XDG_RUNTIME_DIR': '/run/user/1001', 'DISPLAY': ':0', 'TERMINATOR_DBUS_PATH': '/net/tenshu/Terminator2', 'LANG': 'en_US.UTF-8', 'XDG_CURRENT_DESKTOP': 'ubuntu:GNOME', 'XMODIFIERS': '@im=ibus', 'XDG_SESSION_DESKTOP': 'ubuntu', 'XAUTHORITY': '/run/user/1001/.mutter-Xwaylandauth.C2D0D3', 'LS_COLORS': 'rs=0:di=01;34:ln=01;36:mh=00:pi=40;33:so=01;35:do=01;35:bd=40;33;01:cd=40;33;01:or=40;31;01:mi=00:su=37;41:sg=30;43:ca=30;41:tw=30;42:ow=34;42:st=37;44:ex=01;32:*.tar=01;31:*.tgz=01;31:*.arc=01;31:*.arj=01;31:*.taz=01;31:*.lha=01;31:*.lz4=01;31:*.lzh=01;31:*.lzma=01;31:*.tlz=01;31:*.txz=01;31:*.tzo=01;31:*.t7z=01;31:*.zip=01;31:*.z=01;31:*.dz=01;31:*.gz=01;31:*.lrz=01;31:*.lz=01;31:*.lzo=01;31:*.xz=01;31:*.zst=01;31:*.tzst=01;31:*.bz2=01;31:*.bz=01;31:*.tbz=01;31:*.tbz2=01;31:*.tz=01;31:*.deb=01;31:*.rpm=01;31:*.jar=01;31:*.war=01;31:*.ear=01;31:*.sar=01;31:*.rar=01;31:*.alz=01;31:*.ace=01;31:*.zoo=01;31:*.cpio=01;31:*.7z=01;31:*.rz=01;31:*.cab=01;31:*.wim=01;31:*.swm=01;31:*.dwm=01;31:*.esd=01;31:*.jpg=01;35:*.jpeg=01;35:*.mjpg=01;35:*.mjpeg=01;35:*.gif=01;35:*.bmp=01;35:*.pbm=01;35:*.pgm=01;35:*.ppm=01;35:*.tga=01;35:*.xbm=01;35:*.xpm=01;35:*.tif=01;35:*.tiff=01;35:*.png=01;35:*.svg=01;35:*.svgz=01;35:*.mng=01;35:*.pcx=01;35:*.mov=01;35:*.mpg=01;35:*.mpeg=01;35:*.m2v=01;35:*.mkv=01;35:*.webm=01;35:*.webp=01;35:*.ogm=01;35:*.mp4=01;35:*.m4v=01;35:*.mp4v=01;35:*.vob=01;35:*.qt=01;35:*.nuv=01;35:*.wmv=01;35:*.asf=01;35:*.rm=01;35:*.rmvb=01;35:*.flc=01;35:*.avi=01;35:*.fli=01;35:*.flv=01;35:*.gl=01;35:*.dl=01;35:*.xcf=01;35:*.xwd=01;35:*.yuv=01;35:*.cgm=01;35:*.emf=01;35:*.ogv=01;35:*.ogx=01;35:*.aac=00;36:*.au=00;36:*.flac=00;36:*.m4a=00;36:*.mid=00;36:*.midi=00;36:*.mka=00;36:*.mp3=00;36:*.mpc=00;36:*.ogg=00;36:*.ra=00;36:*.wav=00;36:*.oga=00;36:*.opus=00;36:*.spx=00;36:*.xspf=00;36:', 'SSH_AGENT_LAUNCHER': 'gnome-keyring', 'SSH_AUTH_SOCK': '/run/user/1001/keyring/ssh', 'AMENT_PREFIX_PATH': '/home/robotics/ros2_cobot/install/mycobot_description:/opt/ros/humble', 'SHELL': '/bin/bash', 'TERMINATOR_UUID': 'urn:uuid:f2f89f62-91b9-4d3d-9090-78fd66b7b1db', 'QT_ACCESSIBILITY': '1', 'GDMSESSION': 'ubuntu', 'LESSCLOSE': '/usr/bin/lesspipe %s %s', 'GJS_DEBUG_OUTPUT': 'stderr', 'QT_IM_MODULE': 'ibus', 'PWD': '/home/robotics/ros2_cobot/build/mycobot_280_x3pi', 'LC_ALL': 'en_US.UTF-8', 'XDG_CONFIG_DIRS': '/etc/xdg/xdg-ubuntu:/etc/xdg', 'XDG_DATA_DIRS': '/usr/share/ubuntu:/usr/local/share/:/usr/share/:/var/lib/snapd/desktop', 'PYTHONPATH': '/home/robotics/ros2_cobot/build/mycobot_280_x3pi/prefix_override:/usr/lib/python3/dist-packages/colcon_core/task/python/colcon_distutils_commands:/home/robotics/ros2_cobot/install/mycobot_280_x3pi/lib/python3.10/site-packages:/home/robotics/ros2_cobot/install/mycobot_description/lib/python3.10/site-packages:/opt/ros/humble/lib/python3.10/site-packages:/opt/ros/humble/local/lib/python3.10/dist-packages', 'COLCON': '1', 'VTE_VERSION': '6800'}, 'shell': False}
[5.215278] (mecharm_pi) Command: {'cmd': ['/usr/bin/python3', '-W', 'ignore:setup.py install is deprecated', '-W', 'ignore:easy_install command is deprecated', 'setup.py', 'egg_info', '--egg-base', '../../../../build/mecharm_pi', 'build', '--build-base', '/home/robotics/ros2_cobot/build/mecharm_pi/build', 'install', '--record', '/home/robotics/ros2_cobot/build/mecharm_pi/install.log', '--single-version-externally-managed', 'install_data'], 'cwd': '/home/robotics/ros2_cobot/src/mycobot_ros2/mecharm/mecharm_pi', 'env': {'GJS_DEBUG_TOPICS': 'JS ERROR;JS LOG', 'LESSOPEN': '| /usr/bin/lesspipe %s', 'LANGUAGE': 'en_CA:en', 'USER': 'robotics', 'XDG_SESSION_TYPE': 'wayland', 'SHLVL': '1', 'LD_LIBRARY_PATH': '/opt/ros/humble/opt/rviz_ogre_vendor/lib:/opt/ros/humble/lib/x86_64-linux-gnu:/opt/ros/humble/lib', 'HOME': '/home/robotics', 'OLDPWD': '/home/robotics', 'DESKTOP_SESSION': 'ubuntu', 'GIO_LAUNCHED_DESKTOP_FILE': '/usr/share/applications/terminator.desktop', 'ROS_PYTHON_VERSION': '3', 'GNOME_SHELL_SESSION_MODE': 'ubuntu', 'GTK_MODULES': 'gail:atk-bridge', 'MANAGERPID': '2208', 'SYSTEMD_EXEC_PID': '2385', 'DBUS_SESSION_BUS_ADDRESS': 'unix:path=/run/user/1001/bus', 'COLORTERM': 'truecolor', 'TERMINATOR_DBUS_NAME': 'net.tenshu.Terminator25ef4b219e3b005583550f2b0f9f990c3', 'LIBVIRT_DEFAULT_URI': 'qemu:///system', 'GIO_LAUNCHED_DESKTOP_FILE_PID': '5985', 'IM_CONFIG_PHASE': '1', 'WAYLAND_DISPLAY': 'wayland-0', 'ROS_DISTRO': 'humble', 'LOGNAME': 'robotics', 'JOURNAL_STREAM': '8:11736', '_': '/usr/bin/colcon', 'ROS_VERSION': '2', 'XDG_SESSION_CLASS': 'user', 'USERNAME': 'robotics', 'TERM': 'xterm-256color', 'GNOME_DESKTOP_SESSION_ID': 'this-is-deprecated', 'ROS_LOCALHOST_ONLY': '0', 'PATH': '/opt/ros/humble/bin:/home/robotics/.local/bin:/usr/local/sbin:/usr/local/bin:/usr/sbin:/usr/bin:/sbin:/bin:/usr/games:/usr/local/games:/snap/bin:/snap/bin', 'SESSION_MANAGER': 'local/scapula:@/tmp/.ICE-unix/2355,unix/scapula:/tmp/.ICE-unix/2355', 'INVOCATION_ID': 'e345590a299a451da04fa5520e75bdac', 'XDG_MENU_PREFIX': 'gnome-', 'GNOME_SETUP_DISPLAY': ':1', 'XDG_RUNTIME_DIR': '/run/user/1001', 'DISPLAY': ':0', 'TERMINATOR_DBUS_PATH': '/net/tenshu/Terminator2', 'LANG': 'en_US.UTF-8', 'XDG_CURRENT_DESKTOP': 'ubuntu:GNOME', 'XMODIFIERS': '@im=ibus', 'XDG_SESSION_DESKTOP': 'ubuntu', 'XAUTHORITY': '/run/user/1001/.mutter-Xwaylandauth.C2D0D3', 'LS_COLORS': 'rs=0:di=01;34:ln=01;36:mh=00:pi=40;33:so=01;35:do=01;35:bd=40;33;01:cd=40;33;01:or=40;31;01:mi=00:su=37;41:sg=30;43:ca=30;41:tw=30;42:ow=34;42:st=37;44:ex=01;32:*.tar=01;31:*.tgz=01;31:*.arc=01;31:*.arj=01;31:*.taz=01;31:*.lha=01;31:*.lz4=01;31:*.lzh=01;31:*.lzma=01;31:*.tlz=01;31:*.txz=01;31:*.tzo=01;31:*.t7z=01;31:*.zip=01;31:*.z=01;31:*.dz=01;31:*.gz=01;31:*.lrz=01;31:*.lz=01;31:*.lzo=01;31:*.xz=01;31:*.zst=01;31:*.tzst=01;31:*.bz2=01;31:*.bz=01;31:*.tbz=01;31:*.tbz2=01;31:*.tz=01;31:*.deb=01;31:*.rpm=01;31:*.jar=01;31:*.war=01;31:*.ear=01;31:*.sar=01;31:*.rar=01;31:*.alz=01;31:*.ace=01;31:*.zoo=01;31:*.cpio=01;31:*.7z=01;31:*.rz=01;31:*.cab=01;31:*.wim=01;31:*.swm=01;31:*.dwm=01;31:*.esd=01;31:*.jpg=01;35:*.jpeg=01;35:*.mjpg=01;35:*.mjpeg=01;35:*.gif=01;35:*.bmp=01;35:*.pbm=01;35:*.pgm=01;35:*.ppm=01;35:*.tga=01;35:*.xbm=01;35:*.xpm=01;35:*.tif=01;35:*.tiff=01;35:*.png=01;35:*.svg=01;35:*.svgz=01;35:*.mng=01;35:*.pcx=01;35:*.mov=01;35:*.mpg=01;35:*.mpeg=01;35:*.m2v=01;35:*.mkv=01;35:*.webm=01;35:*.webp=01;35:*.ogm=01;35:*.mp4=01;35:*.m4v=01;35:*.mp4v=01;35:*.vob=01;35:*.qt=01;35:*.nuv=01;35:*.wmv=01;35:*.asf=01;35:*.rm=01;35:*.rmvb=01;35:*.flc=01;35:*.avi=01;35:*.fli=01;35:*.flv=01;35:*.gl=01;35:*.dl=01;35:*.xcf=01;35:*.xwd=01;35:*.yuv=01;35:*.cgm=01;35:*.emf=01;35:*.ogv=01;35:*.ogx=01;35:*.aac=00;36:*.au=00;36:*.flac=00;36:*.m4a=00;36:*.mid=00;36:*.midi=00;36:*.mka=00;36:*.mp3=00;36:*.mpc=00;36:*.ogg=00;36:*.ra=00;36:*.wav=00;36:*.oga=00;36:*.opus=00;36:*.spx=00;36:*.xspf=00;36:', 'SSH_AGENT_LAUNCHER': 'gnome-keyring', 'SSH_AUTH_SOCK': '/run/user/1001/keyring/ssh', 'AMENT_PREFIX_PATH': '/home/robotics/ros2_cobot/install/mycobot_description:/opt/ros/humble', 'SHELL': '/bin/bash', 'TERMINATOR_UUID': 'urn:uuid:f2f89f62-91b9-4d3d-9090-78fd66b7b1db', 'QT_ACCESSIBILITY': '1', 'GDMSESSION': 'ubuntu', 'LESSCLOSE': '/usr/bin/lesspipe %s %s', 'GJS_DEBUG_OUTPUT': 'stderr', 'QT_IM_MODULE': 'ibus', 'PWD': '/home/robotics/ros2_cobot/build/mecharm_pi', 'LC_ALL': 'en_US.UTF-8', 'XDG_CONFIG_DIRS': '/etc/xdg/xdg-ubuntu:/etc/xdg', 'XDG_DATA_DIRS': '/usr/share/ubuntu:/usr/local/share/:/usr/share/:/var/lib/snapd/desktop', 'PYTHONPATH': '/home/robotics/ros2_cobot/build/mecharm_pi/prefix_override:/usr/lib/python3/dist-packages/colcon_core/task/python/colcon_distutils_commands:/home/robotics/ros2_cobot/install/mecharm_pi/lib/python3.10/site-packages:/home/robotics/ros2_cobot/install/mycobot_description/lib/python3.10/site-packages:/opt/ros/humble/lib/python3.10/site-packages:/opt/ros/humble/local/lib/python3.10/dist-packages', 'COLCON': '1', 'VTE_VERSION': '6800'}, 'shell': False}
[5.215983] (myarm_300) Command: {'cmd': ['/usr/bin/python3', '-W', 'ignore:setup.py install is deprecated', '-W', 'ignore:easy_install command is deprecated', 'setup.py', 'egg_info', '--egg-base', '../../../../build/myarm_300', 'build', '--build-base', '/home/robotics/ros2_cobot/build/myarm_300/build', 'install', '--record', '/home/robotics/ros2_cobot/build/myarm_300/install.log', '--single-version-externally-managed', 'install_data'], 'cwd': '/home/robotics/ros2_cobot/src/mycobot_ros2/myArm/myarm_300', 'env': {'GJS_DEBUG_TOPICS': 'JS ERROR;JS LOG', 'LESSOPEN': '| /usr/bin/lesspipe %s', 'LANGUAGE': 'en_CA:en', 'USER': 'robotics', 'XDG_SESSION_TYPE': 'wayland', 'SHLVL': '1', 'LD_LIBRARY_PATH': '/opt/ros/humble/opt/rviz_ogre_vendor/lib:/opt/ros/humble/lib/x86_64-linux-gnu:/opt/ros/humble/lib', 'HOME': '/home/robotics', 'OLDPWD': '/home/robotics', 'DESKTOP_SESSION': 'ubuntu', 'GIO_LAUNCHED_DESKTOP_FILE': '/usr/share/applications/terminator.desktop', 'ROS_PYTHON_VERSION': '3', 'GNOME_SHELL_SESSION_MODE': 'ubuntu', 'GTK_MODULES': 'gail:atk-bridge', 'MANAGERPID': '2208', 'SYSTEMD_EXEC_PID': '2385', 'DBUS_SESSION_BUS_ADDRESS': 'unix:path=/run/user/1001/bus', 'COLORTERM': 'truecolor', 'TERMINATOR_DBUS_NAME': 'net.tenshu.Terminator25ef4b219e3b005583550f2b0f9f990c3', 'LIBVIRT_DEFAULT_URI': 'qemu:///system', 'GIO_LAUNCHED_DESKTOP_FILE_PID': '5985', 'IM_CONFIG_PHASE': '1', 'WAYLAND_DISPLAY': 'wayland-0', 'ROS_DISTRO': 'humble', 'LOGNAME': 'robotics', 'JOURNAL_STREAM': '8:11736', '_': '/usr/bin/colcon', 'ROS_VERSION': '2', 'XDG_SESSION_CLASS': 'user', 'USERNAME': 'robotics', 'TERM': 'xterm-256color', 'GNOME_DESKTOP_SESSION_ID': 'this-is-deprecated', 'ROS_LOCALHOST_ONLY': '0', 'PATH': '/opt/ros/humble/bin:/home/robotics/.local/bin:/usr/local/sbin:/usr/local/bin:/usr/sbin:/usr/bin:/sbin:/bin:/usr/games:/usr/local/games:/snap/bin:/snap/bin', 'SESSION_MANAGER': 'local/scapula:@/tmp/.ICE-unix/2355,unix/scapula:/tmp/.ICE-unix/2355', 'INVOCATION_ID': 'e345590a299a451da04fa5520e75bdac', 'XDG_MENU_PREFIX': 'gnome-', 'GNOME_SETUP_DISPLAY': ':1', 'XDG_RUNTIME_DIR': '/run/user/1001', 'DISPLAY': ':0', 'TERMINATOR_DBUS_PATH': '/net/tenshu/Terminator2', 'LANG': 'en_US.UTF-8', 'XDG_CURRENT_DESKTOP': 'ubuntu:GNOME', 'XMODIFIERS': '@im=ibus', 'XDG_SESSION_DESKTOP': 'ubuntu', 'XAUTHORITY': '/run/user/1001/.mutter-Xwaylandauth.C2D0D3', 'LS_COLORS': 'rs=0:di=01;34:ln=01;36:mh=00:pi=40;33:so=01;35:do=01;35:bd=40;33;01:cd=40;33;01:or=40;31;01:mi=00:su=37;41:sg=30;43:ca=30;41:tw=30;42:ow=34;42:st=37;44:ex=01;32:*.tar=01;31:*.tgz=01;31:*.arc=01;31:*.arj=01;31:*.taz=01;31:*.lha=01;31:*.lz4=01;31:*.lzh=01;31:*.lzma=01;31:*.tlz=01;31:*.txz=01;31:*.tzo=01;31:*.t7z=01;31:*.zip=01;31:*.z=01;31:*.dz=01;31:*.gz=01;31:*.lrz=01;31:*.lz=01;31:*.lzo=01;31:*.xz=01;31:*.zst=01;31:*.tzst=01;31:*.bz2=01;31:*.bz=01;31:*.tbz=01;31:*.tbz2=01;31:*.tz=01;31:*.deb=01;31:*.rpm=01;31:*.jar=01;31:*.war=01;31:*.ear=01;31:*.sar=01;31:*.rar=01;31:*.alz=01;31:*.ace=01;31:*.zoo=01;31:*.cpio=01;31:*.7z=01;31:*.rz=01;31:*.cab=01;31:*.wim=01;31:*.swm=01;31:*.dwm=01;31:*.esd=01;31:*.jpg=01;35:*.jpeg=01;35:*.mjpg=01;35:*.mjpeg=01;35:*.gif=01;35:*.bmp=01;35:*.pbm=01;35:*.pgm=01;35:*.ppm=01;35:*.tga=01;35:*.xbm=01;35:*.xpm=01;35:*.tif=01;35:*.tiff=01;35:*.png=01;35:*.svg=01;35:*.svgz=01;35:*.mng=01;35:*.pcx=01;35:*.mov=01;35:*.mpg=01;35:*.mpeg=01;35:*.m2v=01;35:*.mkv=01;35:*.webm=01;35:*.webp=01;35:*.ogm=01;35:*.mp4=01;35:*.m4v=01;35:*.mp4v=01;35:*.vob=01;35:*.qt=01;35:*.nuv=01;35:*.wmv=01;35:*.asf=01;35:*.rm=01;35:*.rmvb=01;35:*.flc=01;35:*.avi=01;35:*.fli=01;35:*.flv=01;35:*.gl=01;35:*.dl=01;35:*.xcf=01;35:*.xwd=01;35:*.yuv=01;35:*.cgm=01;35:*.emf=01;35:*.ogv=01;35:*.ogx=01;35:*.aac=00;36:*.au=00;36:*.flac=00;36:*.m4a=00;36:*.mid=00;36:*.midi=00;36:*.mka=00;36:*.mp3=00;36:*.mpc=00;36:*.ogg=00;36:*.ra=00;36:*.wav=00;36:*.oga=00;36:*.opus=00;36:*.spx=00;36:*.xspf=00;36:', 'SSH_AGENT_LAUNCHER': 'gnome-keyring', 'SSH_AUTH_SOCK': '/run/user/1001/keyring/ssh', 'AMENT_PREFIX_PATH': '/home/robotics/ros2_cobot/install/mycobot_description:/opt/ros/humble', 'SHELL': '/bin/bash', 'TERMINATOR_UUID': 'urn:uuid:f2f89f62-91b9-4d3d-9090-78fd66b7b1db', 'QT_ACCESSIBILITY': '1', 'GDMSESSION': 'ubuntu', 'LESSCLOSE': '/usr/bin/lesspipe %s %s', 'GJS_DEBUG_OUTPUT': 'stderr', 'QT_IM_MODULE': 'ibus', 'PWD': '/home/robotics/ros2_cobot/build/myarm_300', 'LC_ALL': 'en_US.UTF-8', 'XDG_CONFIG_DIRS': '/etc/xdg/xdg-ubuntu:/etc/xdg', 'XDG_DATA_DIRS': '/usr/share/ubuntu:/usr/local/share/:/usr/share/:/var/lib/snapd/desktop', 'PYTHONPATH': '/home/robotics/ros2_cobot/build/myarm_300/prefix_override:/usr/lib/python3/dist-packages/colcon_core/task/python/colcon_distutils_commands:/home/robotics/ros2_cobot/install/myarm_300/lib/python3.10/site-packages:/home/robotics/ros2_cobot/install/mycobot_description/lib/python3.10/site-packages:/opt/ros/humble/lib/python3.10/site-packages:/opt/ros/humble/local/lib/python3.10/dist-packages', 'COLCON': '1', 'VTE_VERSION': '6800'}, 'shell': False}
[5.227764] (-) TimerEvent: {}
[5.328657] (-) TimerEvent: {}
[5.403175] (mycobot_280_moveit2_control) StdoutLine: {'line': b'running egg_info\n'}
[5.404830] (mycobot_280_moveit2_control) StdoutLine: {'line': b'writing ../../../../build/mycobot_280_moveit2_control/mycobot_280_moveit2_control.egg-info/PKG-INFO\n'}
[5.405184] (mycobot_280_moveit2_control) StdoutLine: {'line': b'writing dependency_links to ../../../../build/mycobot_280_moveit2_control/mycobot_280_moveit2_control.egg-info/dependency_links.txt\n'}
[5.405273] (mycobot_280_moveit2_control) StdoutLine: {'line': b'writing entry points to ../../../../build/mycobot_280_moveit2_control/mycobot_280_moveit2_control.egg-info/entry_points.txt\n'}
[5.405359] (mycobot_280_moveit2_control) StdoutLine: {'line': b'writing requirements to ../../../../build/mycobot_280_moveit2_control/mycobot_280_moveit2_control.egg-info/requires.txt\n'}
[5.405484] (mycobot_280_moveit2_control) StdoutLine: {'line': b'writing top-level names to ../../../../build/mycobot_280_moveit2_control/mycobot_280_moveit2_control.egg-info/top_level.txt\n'}
[5.407626] (mycobot_280_moveit2_control) StdoutLine: {'line': b"reading manifest file '../../../../build/mycobot_280_moveit2_control/mycobot_280_moveit2_control.egg-info/SOURCES.txt'\n"}
[5.407801] (mycobot_280_moveit2_control) StdoutLine: {'line': b"adding license file 'LICENSE'\n"}
[5.408465] (mycobot_280_moveit2_control) StdoutLine: {'line': b"writing manifest file '../../../../build/mycobot_280_moveit2_control/mycobot_280_moveit2_control.egg-info/SOURCES.txt'\n"}
[5.410003] (mycobot_280_moveit2_control) StdoutLine: {'line': b'running build\n'}
[5.410106] (mycobot_280_moveit2_control) StdoutLine: {'line': b'running build_py\n'}
[5.410152] (mycobot_280_moveit2_control) StdoutLine: {'line': b'running install\n'}
[5.410195] (mycobot_280_moveit2_control) StdoutLine: {'line': b'running install_lib\n'}
[5.411007] (mycobot_280_moveit2_control) StdoutLine: {'line': b'running install_data\n'}
[5.411137] (mycobot_280_moveit2_control) StdoutLine: {'line': b'running install_egg_info\n'}
[5.412926] (mycobot_280_moveit2_control) StdoutLine: {'line': b"removing '/home/robotics/ros2_cobot/install/mycobot_280_moveit2_control/lib/python3.10/site-packages/mycobot_280_moveit2_control-0.0.0-py3.10.egg-info' (and everything under it)\n"}
[5.413272] (mycobot_280_moveit2_control) StdoutLine: {'line': b'Copying ../../../../build/mycobot_280_moveit2_control/mycobot_280_moveit2_control.egg-info to /home/robotics/ros2_cobot/install/mycobot_280_moveit2_control/lib/python3.10/site-packages/mycobot_280_moveit2_control-0.0.0-py3.10.egg-info\n'}
[5.414484] (mycobot_280_moveit2_control) StdoutLine: {'line': b'running install_scripts\n'}
[5.428750] (-) TimerEvent: {}
[5.437120] (mycobot_280_moveit2_control) StdoutLine: {'line': b'Installing sync_plan script to /home/robotics/ros2_cobot/install/mycobot_280_moveit2_control/lib/mycobot_280_moveit2_control\n'}
[5.438678] (mycobot_280_moveit2_control) StdoutLine: {'line': b'Installing sync_plan_arduino script to /home/robotics/ros2_cobot/install/mycobot_280_moveit2_control/lib/mycobot_280_moveit2_control\n'}
[5.438817] (mycobot_280_moveit2_control) StdoutLine: {'line': b'Installing sync_plan_rdkx5 script to /home/robotics/ros2_cobot/install/mycobot_280_moveit2_control/lib/mycobot_280_moveit2_control\n'}
[5.438904] (mycobot_280_moveit2_control) StdoutLine: {'line': b"writing list of installed files to '/home/robotics/ros2_cobot/build/mycobot_280_moveit2_control/install.log'\n"}
[5.451420] (mycobot_280_x3pi) StdoutLine: {'line': b'running egg_info\n'}
[5.452254] (mycobot_280_x3pi) StdoutLine: {'line': b'writing ../../../../build/mycobot_280_x3pi/mycobot_280_x3pi.egg-info/PKG-INFO\n'}
[5.452759] (mycobot_280_x3pi) StdoutLine: {'line': b'writing dependency_links to ../../../../build/mycobot_280_x3pi/mycobot_280_x3pi.egg-info/dependency_links.txt\n'}
[5.453078] (mycobot_280_x3pi) StdoutLine: {'line': b'writing entry points to ../../../../build/mycobot_280_x3pi/mycobot_280_x3pi.egg-info/entry_points.txt\n'}
[5.453270] (mycobot_280_x3pi) StdoutLine: {'line': b'writing requirements to ../../../../build/mycobot_280_x3pi/mycobot_280_x3pi.egg-info/requires.txt\n'}
[5.453362] (mycobot_280_x3pi) StdoutLine: {'line': b'writing top-level names to ../../../../build/mycobot_280_x3pi/mycobot_280_x3pi.egg-info/top_level.txt\n'}
[5.457057] (mycobot_280_x3pi) StdoutLine: {'line': b"reading manifest file '../../../../build/mycobot_280_x3pi/mycobot_280_x3pi.egg-info/SOURCES.txt'\n"}
[5.457289] (mycobot_280_x3pi) StdoutLine: {'line': b"adding license file 'LICENSE'\n"}
[5.458018] (mycobot_280_x3pi) StdoutLine: {'line': b"writing manifest file '../../../../build/mycobot_280_x3pi/mycobot_280_x3pi.egg-info/SOURCES.txt'\n"}
[5.458161] (mycobot_280_x3pi) StdoutLine: {'line': b'running build\n'}
[5.458234] (mycobot_280_x3pi) StdoutLine: {'line': b'running build_py\n'}
[5.459220] (mycobot_280_x3pi) StdoutLine: {'line': b'running install\n'}
[5.459540] (mycobot_280_x3pi) StdoutLine: {'line': b'running install_lib\n'}
[5.461337] (mycobot_280_x3pi) StdoutLine: {'line': b'running install_data\n'}
[5.461595] (mycobot_280_x3pi) StdoutLine: {'line': b'running install_egg_info\n'}
[5.463692] (mycobot_280_x3pi) StdoutLine: {'line': b"removing '/home/robotics/ros2_cobot/install/mycobot_280_x3pi/lib/python3.10/site-packages/mycobot_280_x3pi-0.0.0-py3.10.egg-info' (and everything under it)\n"}
[5.464434] (mycobot_280_x3pi) StdoutLine: {'line': b'Copying ../../../../build/mycobot_280_x3pi/mycobot_280_x3pi.egg-info to /home/robotics/ros2_cobot/install/mycobot_280_x3pi/lib/python3.10/site-packages/mycobot_280_x3pi-0.0.0-py3.10.egg-info\n'}
[5.464586] (mybuddy) StdoutLine: {'line': b'running egg_info\n'}
[5.465382] (mybuddy) StdoutLine: {'line': b'writing ../../../../build/mybuddy/mybuddy.egg-info/PKG-INFO\n'}
[5.465498] (mycobot_280_x3pi) StdoutLine: {'line': b'running install_scripts\n'}
[5.465570] (mybuddy) StdoutLine: {'line': b'writing dependency_links to ../../../../build/mybuddy/mybuddy.egg-info/dependency_links.txt\n'}
[5.465825] (mybuddy) StdoutLine: {'line': b'writing entry points to ../../../../build/mybuddy/mybuddy.egg-info/entry_points.txt\n'}
[5.465902] (mybuddy) StdoutLine: {'line': b'writing requirements to ../../../../build/mybuddy/mybuddy.egg-info/requires.txt\n'}
[5.465948] (mybuddy) StdoutLine: {'line': b'writing top-level names to ../../../../build/mybuddy/mybuddy.egg-info/top_level.txt\n'}
[5.466166] (mecharm) StdoutLine: {'line': b'running egg_info\n'}
[5.466332] (mecharm) StdoutLine: {'line': b'writing ../../../../build/mecharm/mecharm.egg-info/PKG-INFO\n'}
[5.466625] (mecharm) StdoutLine: {'line': b'writing dependency_links to ../../../../build/mecharm/mecharm.egg-info/dependency_links.txt\n'}
[5.466832] (mecharm) StdoutLine: {'line': b'writing entry points to ../../../../build/mecharm/mecharm.egg-info/entry_points.txt\n'}
[5.466964] (mecharm) StdoutLine: {'line': b'writing requirements to ../../../../build/mecharm/mecharm.egg-info/requires.txt\n'}
[5.467058] (mecharm) StdoutLine: {'line': b'writing top-level names to ../../../../build/mecharm/mecharm.egg-info/top_level.txt\n'}
[5.468173] (mybuddy) StdoutLine: {'line': b"reading manifest file '../../../../build/mybuddy/mybuddy.egg-info/SOURCES.txt'\n"}
[5.469046] (mybuddy) StdoutLine: {'line': b"writing manifest file '../../../../build/mybuddy/mybuddy.egg-info/SOURCES.txt'\n"}
[5.469223] (mybuddy) StdoutLine: {'line': b'running build\n'}
[5.469343] (mybuddy) StdoutLine: {'line': b'running build_py\n'}
[5.470407] (mecharm) StdoutLine: {'line': b"reading manifest file '../../../../build/mecharm/mecharm.egg-info/SOURCES.txt'\n"}
[5.470537] (mybuddy) StdoutLine: {'line': b'running install\n'}
[5.470596] (mecharm) StdoutLine: {'line': b"adding license file 'LICENSE'\n"}
[5.470640] (mybuddy) StdoutLine: {'line': b'running install_lib\n'}
[5.471025] (mecharm) StdoutLine: {'line': b"writing manifest file '../../../../build/mecharm/mecharm.egg-info/SOURCES.txt'\n"}
[5.471394] (mecharm) StdoutLine: {'line': b'running build\n'}
[5.471650] (mecharm) StdoutLine: {'line': b'running build_py\n'}
[5.472572] (mecharm) StdoutLine: {'line': b'running install\n'}
[5.472786] (mybuddy) StdoutLine: {'line': b'running install_data\n'}
[5.473095] (mecharm) StdoutLine: {'line': b'running install_lib\n'}
[5.473203] (mybuddy) StdoutLine: {'line': b'running install_egg_info\n'}
[5.475150] (mybuddy) StdoutLine: {'line': b"removing '/home/robotics/ros2_cobot/install/mybuddy/lib/python3.10/site-packages/mybuddy-0.0.0-py3.10.egg-info' (and everything under it)\n"}
[5.475342] (mecharm) StdoutLine: {'line': b'running install_data\n'}
[5.477566] (mybuddy) StdoutLine: {'line': b'Copying ../../../../build/mybuddy/mybuddy.egg-info to /home/robotics/ros2_cobot/install/mybuddy/lib/python3.10/site-packages/mybuddy-0.0.0-py3.10.egg-info\n'}
[5.477713] (mecharm) StdoutLine: {'line': b'running install_egg_info\n'}
[5.477768] (mycobot_280_riscv) StdoutLine: {'line': b'running egg_info\n'}
[5.477858] (mycobot_280_riscv) StdoutLine: {'line': b'writing ../../../../build/mycobot_280_riscv/mycobot_280_riscv.egg-info/PKG-INFO\n'}
[5.477902] (mybuddy) StdoutLine: {'line': b'running install_scripts\n'}
[5.477988] (mycobot_280_riscv) StdoutLine: {'line': b'writing dependency_links to ../../../../build/mycobot_280_riscv/mycobot_280_riscv.egg-info/dependency_links.txt\n'}
[5.478028] (mycobot_280_riscv) StdoutLine: {'line': b'writing entry points to ../../../../build/mycobot_280_riscv/mycobot_280_riscv.egg-info/entry_points.txt\n'}
[5.478069] (mycobot_280_riscv) StdoutLine: {'line': b'writing requirements to ../../../../build/mycobot_280_riscv/mycobot_280_riscv.egg-info/requires.txt\n'}
[5.478109] (mycobot_280_riscv) StdoutLine: {'line': b'writing top-level names to ../../../../build/mycobot_280_riscv/mycobot_280_riscv.egg-info/top_level.txt\n'}
[5.478148] (mycobot_280_arduino) StdoutLine: {'line': b'running egg_info\n'}
[5.478269] (mecharm) StdoutLine: {'line': b"removing '/home/robotics/ros2_cobot/install/mecharm/lib/python3.10/site-packages/mecharm-0.0.0-py3.10.egg-info' (and everything under it)\n"}
[5.478379] (mecharm) StdoutLine: {'line': b'Copying ../../../../build/mecharm/mecharm.egg-info to /home/robotics/ros2_cobot/install/mecharm/lib/python3.10/site-packages/mecharm-0.0.0-py3.10.egg-info\n'}
[5.478922] (mycobot_280_arduino) StdoutLine: {'line': b'writing ../../../../build/mycobot_280_arduino/mycobot_280_arduino.egg-info/PKG-INFO\n'}
[5.479253] (mycobot_280_arduino) StdoutLine: {'line': b'writing dependency_links to ../../../../build/mycobot_280_arduino/mycobot_280_arduino.egg-info/dependency_links.txt\n'}
[5.479573] (mycobot_280_arduino) StdoutLine: {'line': b'writing entry points to ../../../../build/mycobot_280_arduino/mycobot_280_arduino.egg-info/entry_points.txt\n'}
[5.479703] (mecharm) StdoutLine: {'line': b'running install_scripts\n'}
[5.479873] (mycobot_280_arduino) StdoutLine: {'line': b'writing requirements to ../../../../build/mycobot_280_arduino/mycobot_280_arduino.egg-info/requires.txt\n'}
[5.479961] (mycobot_280_arduino) StdoutLine: {'line': b'writing top-level names to ../../../../build/mycobot_280_arduino/mycobot_280_arduino.egg-info/top_level.txt\n'}
[5.480553] (mycobot_280_riscv) StdoutLine: {'line': b"reading manifest file '../../../../build/mycobot_280_riscv/mycobot_280_riscv.egg-info/SOURCES.txt'\n"}
[5.480753] (mycobot_280) StdoutLine: {'line': b'running egg_info\n'}
[5.480899] (mycobot_280_riscv) StdoutLine: {'line': b"adding license file 'LICENSE'\n"}
[5.481770] (mycobot_280_riscv) StdoutLine: {'line': b"writing manifest file '../../../../build/mycobot_280_riscv/mycobot_280_riscv.egg-info/SOURCES.txt'\n"}
[5.481893] (mycobot_280) StdoutLine: {'line': b'writing ../../../../build/mycobot_280/mycobot_280.egg-info/PKG-INFO\n'}
[5.481990] (mycobot_280_riscv) StdoutLine: {'line': b'running build\n'}
[5.482045] (mycobot_280_riscv) StdoutLine: {'line': b'running build_py\n'}
[5.482130] (mycobot_280) StdoutLine: {'line': b'writing dependency_links to ../../../../build/mycobot_280/mycobot_280.egg-info/dependency_links.txt\n'}
[5.482361] (mycobot_280) StdoutLine: {'line': b'writing entry points to ../../../../build/mycobot_280/mycobot_280.egg-info/entry_points.txt\n'}
[5.482506] (mycobot_280) StdoutLine: {'line': b'writing requirements to ../../../../build/mycobot_280/mycobot_280.egg-info/requires.txt\n'}
[5.482605] (mycobot_280) StdoutLine: {'line': b'writing top-level names to ../../../../build/mycobot_280/mycobot_280.egg-info/top_level.txt\n'}
[5.482800] (mycobot_280_riscv) StdoutLine: {'line': b'running install\n'}
[5.482906] (mycobot_280_arduino) StdoutLine: {'line': b"reading manifest file '../../../../build/mycobot_280_arduino/mycobot_280_arduino.egg-info/SOURCES.txt'\n"}
[5.483200] (mycobot_280_riscv) StdoutLine: {'line': b'running install_lib\n'}
[5.483305] (mycobot_280_arduino) StdoutLine: {'line': b"adding license file 'LICENSE'\n"}
[5.484001] (mycobot_280_arduino) StdoutLine: {'line': b"writing manifest file '../../../../build/mycobot_280_arduino/mycobot_280_arduino.egg-info/SOURCES.txt'\n"}
[5.484137] (mycobot_280_arduino) StdoutLine: {'line': b'running build\n'}
[5.484207] (mycobot_280_arduino) StdoutLine: {'line': b'running build_py\n'}
[5.484746] (mecharm_pi) StdoutLine: {'line': b'running egg_info\n'}
[5.484904] (mycobot_280_arduino) StdoutLine: {'line': b'running install\n'}
[5.485096] (mycobot_280_riscv) StdoutLine: {'line': b'running install_data\n'}
[5.485298] (mycobot_280) StdoutLine: {'line': b"reading manifest file '../../../../build/mycobot_280/mycobot_280.egg-info/SOURCES.txt'\n"}
[5.485400] (mycobot_280_riscv) StdoutLine: {'line': b'running install_egg_info\n'}
[5.485523] (mycobot_280_arduino) StdoutLine: {'line': b'running install_lib\n'}
[5.485659] (mycobot_280) StdoutLine: {'line': b"adding license file 'LICENSE'\n"}
[5.485811] (mecharm_pi) StdoutLine: {'line': b'writing ../../../../build/mecharm_pi/mecharm_pi.egg-info/PKG-INFO\n'}
[5.486428] (mecharm_pi) StdoutLine: {'line': b'writing dependency_links to ../../../../build/mecharm_pi/mecharm_pi.egg-info/dependency_links.txt\n'}
[5.486632] (mycobot_280) StdoutLine: {'line': b"writing manifest file '../../../../build/mycobot_280/mycobot_280.egg-info/SOURCES.txt'\n"}
[5.486749] (mecharm_pi) StdoutLine: {'line': b'writing entry points to ../../../../build/mecharm_pi/mecharm_pi.egg-info/entry_points.txt\n'}
[5.486919] (mycobot_280) StdoutLine: {'line': b'running build\n'}
[5.487075] (mycobot_280) StdoutLine: {'line': b'running build_py\n'}
[5.487137] (mecharm_pi) StdoutLine: {'line': b'writing requirements to ../../../../build/mecharm_pi/mecharm_pi.egg-info/requires.txt\n'}
[5.487191] (mecharm_pi) StdoutLine: {'line': b'writing top-level names to ../../../../build/mecharm_pi/mecharm_pi.egg-info/top_level.txt\n'}
[5.488306] (mycobot_280_arduino) StdoutLine: {'line': b'running install_data\n'}
[5.488468] (mycobot_280) StdoutLine: {'line': b'running install\n'}
[5.488571] (mycobot_280_arduino) StdoutLine: {'line': b'running install_egg_info\n'}
[5.488748] (mycobot_280_riscv) StdoutLine: {'line': b"removing '/home/robotics/ros2_cobot/install/mycobot_280_riscv/lib/python3.10/site-packages/mycobot_280_riscv-0.0.0-py3.10.egg-info' (and everything under it)\n"}
[5.489291] (mycobot_280) StdoutLine: {'line': b'running install_lib\n'}
[5.489436] (mycobot_280_riscv) StdoutLine: {'line': b'Copying ../../../../build/mycobot_280_riscv/mycobot_280_riscv.egg-info to /home/robotics/ros2_cobot/install/mycobot_280_riscv/lib/python3.10/site-packages/mycobot_280_riscv-0.0.0-py3.10.egg-info\n'}
[5.490461] (mycobot_280_riscv) StdoutLine: {'line': b'running install_scripts\n'}
[5.490622] (mecharm_pi) StdoutLine: {'line': b"reading manifest file '../../../../build/mecharm_pi/mecharm_pi.egg-info/SOURCES.txt'\n"}
[5.490877] (mycobot_280_x3pi) StdoutLine: {'line': b'Installing camera_display script to /home/robotics/ros2_cobot/install/mycobot_280_x3pi/lib/mycobot_280_x3pi\n'}
[5.490975] (mecharm_pi) StdoutLine: {'line': b"adding license file 'LICENSE'\n"}
[5.491064] (mycobot_280_arduino) StdoutLine: {'line': b"removing '/home/robotics/ros2_cobot/install/mycobot_280_arduino/lib/python3.10/site-packages/mycobot_280_arduino-0.0.0-py3.10.egg-info' (and everything under it)\n"}
[5.491145] (mycobot_280_x3pi) StdoutLine: {'line': b'Installing detect_marker script to /home/robotics/ros2_cobot/install/mycobot_280_x3pi/lib/mycobot_280_x3pi\n'}
[5.491223] (mycobot_280) StdoutLine: {'line': b'running install_data\n'}
[5.491294] (mycobot_280_x3pi) StdoutLine: {'line': b'Installing follow_display script to /home/robotics/ros2_cobot/install/mycobot_280_x3pi/lib/mycobot_280_x3pi\n'}
[5.491385] (mycobot_280_arduino) StdoutLine: {'line': b'Copying ../../../../build/mycobot_280_arduino/mycobot_280_arduino.egg-info to /home/robotics/ros2_cobot/install/mycobot_280_arduino/lib/python3.10/site-packages/mycobot_280_arduino-0.0.0-py3.10.egg-info\n'}
[5.491516] (mycobot_280_x3pi) StdoutLine: {'line': b'Installing following_marker script to /home/robotics/ros2_cobot/install/mycobot_280_x3pi/lib/mycobot_280_x3pi\n'}
[5.491584] (mecharm_pi) StdoutLine: {'line': b"writing manifest file '../../../../build/mecharm_pi/mecharm_pi.egg-info/SOURCES.txt'\n"}
[5.491662] (mycobot_280_x3pi) StdoutLine: {'line': b'Installing listen_real script to /home/robotics/ros2_cobot/install/mycobot_280_x3pi/lib/mycobot_280_x3pi\n'}
[5.491729] (mycobot_280) StdoutLine: {'line': b'running install_egg_info\n'}
[5.491789] (mecharm_pi) StdoutLine: {'line': b'running build\n'}
[5.491874] (mecharm_pi) StdoutLine: {'line': b'running build_py\n'}
[5.491922] (mycobot_280_x3pi) StdoutLine: {'line': b'Installing listen_real_of_topic script to /home/robotics/ros2_cobot/install/mycobot_280_x3pi/lib/mycobot_280_x3pi\n'}
[5.492132] (mycobot_280_x3pi) StdoutLine: {'line': b'Installing opencv_camera script to /home/robotics/ros2_cobot/install/mycobot_280_x3pi/lib/mycobot_280_x3pi\n'}
[5.492214] (mycobot_280_x3pi) StdoutLine: {'line': b'Installing simple_gui script to /home/robotics/ros2_cobot/install/mycobot_280_x3pi/lib/mycobot_280_x3pi\n'}
[5.492411] (mycobot_280_x3pi) StdoutLine: {'line': b'Installing slider_control script to /home/robotics/ros2_cobot/install/mycobot_280_x3pi/lib/mycobot_280_x3pi\n'}
[5.492497] (mecharm_pi) StdoutLine: {'line': b'running install\n'}
[5.492619] (mycobot_280_arduino) StdoutLine: {'line': b'running install_scripts\n'}
[5.492681] (mycobot_280_x3pi) StdoutLine: {'line': b'Installing teleop_keyboard script to /home/robotics/ros2_cobot/install/mycobot_280_x3pi/lib/mycobot_280_x3pi\n'}
[5.492817] (mecharm_pi) StdoutLine: {'line': b'running install_lib\n'}
[5.493207] (mycobot_280_x3pi) StdoutLine: {'line': b"writing list of installed files to '/home/robotics/ros2_cobot/build/mycobot_280_x3pi/install.log'\n"}
[5.493858] (mycobot_280) StdoutLine: {'line': b"removing '/home/robotics/ros2_cobot/install/mycobot_280/lib/python3.10/site-packages/mycobot_280-0.0.0-py3.10.egg-info' (and everything under it)\n"}
[5.494276] (mycobot_280) StdoutLine: {'line': b'Copying ../../../../build/mycobot_280/mycobot_280.egg-info to /home/robotics/ros2_cobot/install/mycobot_280/lib/python3.10/site-packages/mycobot_280-0.0.0-py3.10.egg-info\n'}
[5.494809] (mecharm_pi) StdoutLine: {'line': b'running install_data\n'}
[5.495159] (mecharm_pi) StdoutLine: {'line': b'running install_egg_info\n'}
[5.495617] (mycobot_280) StdoutLine: {'line': b'running install_scripts\n'}
[5.497300] (mecharm_pi) StdoutLine: {'line': b"removing '/home/robotics/ros2_cobot/install/mecharm_pi/lib/python3.10/site-packages/mecharm_pi-0.0.0-py3.10.egg-info' (and everything under it)\n"}
[5.497659] (mecharm_pi) StdoutLine: {'line': b'Copying ../../../../build/mecharm_pi/mecharm_pi.egg-info to /home/robotics/ros2_cobot/install/mecharm_pi/lib/python3.10/site-packages/mecharm_pi-0.0.0-py3.10.egg-info\n'}
[5.498569] (mecharm_pi) StdoutLine: {'line': b'running install_scripts\n'}
[5.502147] (mybuddy) StdoutLine: {'line': b'Installing follow_display script to /home/robotics/ros2_cobot/install/mybuddy/lib/mybuddy\n'}
[5.502374] (mybuddy) StdoutLine: {'line': b'Installing listen_real script to /home/robotics/ros2_cobot/install/mybuddy/lib/mybuddy\n'}
[5.502474] (mybuddy) StdoutLine: {'line': b'Installing listen_real_of_topic script to /home/robotics/ros2_cobot/install/mybuddy/lib/mybuddy\n'}
[5.502640] (mybuddy) StdoutLine: {'line': b'Installing slider_control script to /home/robotics/ros2_cobot/install/mybuddy/lib/mybuddy\n'}
[5.503464] (mybuddy) StdoutLine: {'line': b"writing list of installed files to '/home/robotics/ros2_cobot/build/mybuddy/install.log'\n"}
[5.506268] (mecharm) StdoutLine: {'line': b'Installing detect_marker script to /home/robotics/ros2_cobot/install/mecharm/lib/mecharm\n'}
[5.506644] (mecharm) StdoutLine: {'line': b'Installing follow_display script to /home/robotics/ros2_cobot/install/mecharm/lib/mecharm\n'}
[5.506705] (mecharm) StdoutLine: {'line': b'Installing following_marker script to /home/robotics/ros2_cobot/install/mecharm/lib/mecharm\n'}
[5.506751] (mecharm) StdoutLine: {'line': b'Installing listen_real script to /home/robotics/ros2_cobot/install/mecharm/lib/mecharm\n'}
[5.506800] (mecharm) StdoutLine: {'line': b'Installing listen_real_of_topic script to /home/robotics/ros2_cobot/install/mecharm/lib/mecharm\n'}
[5.506847] (mecharm) StdoutLine: {'line': b'Installing simple_gui script to /home/robotics/ros2_cobot/install/mecharm/lib/mecharm\n'}
[5.506890] (mecharm) StdoutLine: {'line': b'Installing slider_control script to /home/robotics/ros2_cobot/install/mecharm/lib/mecharm\n'}
[5.506932] (mecharm) StdoutLine: {'line': b'Installing teleop_keyboard script to /home/robotics/ros2_cobot/install/mecharm/lib/mecharm\n'}
[5.507080] (mecharm) StdoutLine: {'line': b"writing list of installed files to '/home/robotics/ros2_cobot/build/mecharm/install.log'\n"}
[5.516487] (mycobot_280_riscv) StdoutLine: {'line': b'Installing camera_display script to /home/robotics/ros2_cobot/install/mycobot_280_riscv/lib/mycobot_280_riscv\n'}
[5.516745] (mycobot_280_riscv) StdoutLine: {'line': b'Installing follow_display script to /home/robotics/ros2_cobot/install/mycobot_280_riscv/lib/mycobot_280_riscv\n'}
[5.516803] (mycobot_280_riscv) StdoutLine: {'line': b'Installing listen_real script to /home/robotics/ros2_cobot/install/mycobot_280_riscv/lib/mycobot_280_riscv\n'}
[5.516882] (mycobot_280_riscv) StdoutLine: {'line': b'Installing opencv_camera script to /home/robotics/ros2_cobot/install/mycobot_280_riscv/lib/mycobot_280_riscv\n'}
[5.516958] (mycobot_280_riscv) StdoutLine: {'line': b'Installing simple_gui script to /home/robotics/ros2_cobot/install/mycobot_280_riscv/lib/mycobot_280_riscv\n'}
[5.517032] (mycobot_280_riscv) StdoutLine: {'line': b'Installing slider_control script to /home/robotics/ros2_cobot/install/mycobot_280_riscv/lib/mycobot_280_riscv\n'}
[5.517098] (mycobot_280_riscv) StdoutLine: {'line': b'Installing teleop_keyboard script to /home/robotics/ros2_cobot/install/mycobot_280_riscv/lib/mycobot_280_riscv\n'}
[5.517671] (mycobot_280_riscv) StdoutLine: {'line': b"writing list of installed files to '/home/robotics/ros2_cobot/build/mycobot_280_riscv/install.log'\n"}
[5.519607] (mycobot_280_arduino) StdoutLine: {'line': b'Installing camera_display script to /home/robotics/ros2_cobot/install/mycobot_280_arduino/lib/mycobot_280_arduino\n'}
[5.520034] (mycobot_280_arduino) StdoutLine: {'line': b'Installing detect_marker script to /home/robotics/ros2_cobot/install/mycobot_280_arduino/lib/mycobot_280_arduino\n'}
[5.520142] (mycobot_280_arduino) StdoutLine: {'line': b'Installing follow_display script to /home/robotics/ros2_cobot/install/mycobot_280_arduino/lib/mycobot_280_arduino\n'}
[5.520204] (mycobot_280_arduino) StdoutLine: {'line': b'Installing following_marker script to /home/robotics/ros2_cobot/install/mycobot_280_arduino/lib/mycobot_280_arduino\n'}
[5.520307] (mycobot_280_arduino) StdoutLine: {'line': b'Installing listen_real script to /home/robotics/ros2_cobot/install/mycobot_280_arduino/lib/mycobot_280_arduino\n'}
[5.520431] (mycobot_280_arduino) StdoutLine: {'line': b'Installing listen_real_of_topic script to /home/robotics/ros2_cobot/install/mycobot_280_arduino/lib/mycobot_280_arduino\n'}
[5.520547] (mycobot_280_arduino) StdoutLine: {'line': b'Installing opencv_camera script to /home/robotics/ros2_cobot/install/mycobot_280_arduino/lib/mycobot_280_arduino\n'}
[5.520653] (mycobot_280_arduino) StdoutLine: {'line': b'Installing simple_gui script to /home/robotics/ros2_cobot/install/mycobot_280_arduino/lib/mycobot_280_arduino\n'}
[5.520758] (mycobot_280_arduino) StdoutLine: {'line': b'Installing slider_control script to /home/robotics/ros2_cobot/install/mycobot_280_arduino/lib/mycobot_280_arduino\n'}
[5.520875] (mycobot_280_arduino) StdoutLine: {'line': b'Installing teleop_keyboard script to /home/robotics/ros2_cobot/install/mycobot_280_arduino/lib/mycobot_280_arduino\n'}
[5.521690] (mycobot_280_arduino) StdoutLine: {'line': b"writing list of installed files to '/home/robotics/ros2_cobot/build/mycobot_280_arduino/install.log'\n"}
[5.521812] (mecharm_pi) StdoutLine: {'line': b'Installing detect_marker script to /home/robotics/ros2_cobot/install/mecharm_pi/lib/mecharm_pi\n'}
[5.521977] (mecharm_pi) StdoutLine: {'line': b'Installing follow_display script to /home/robotics/ros2_cobot/install/mecharm_pi/lib/mecharm_pi\n'}
[5.522112] (mecharm_pi) StdoutLine: {'line': b'Installing following_marker script to /home/robotics/ros2_cobot/install/mecharm_pi/lib/mecharm_pi\n'}
[5.522476] (mecharm_pi) StdoutLine: {'line': b'Installing listen_real script to /home/robotics/ros2_cobot/install/mecharm_pi/lib/mecharm_pi\n'}
[5.522599] (mecharm_pi) StdoutLine: {'line': b'Installing listen_real_of_topic script to /home/robotics/ros2_cobot/install/mecharm_pi/lib/mecharm_pi\n'}
[5.522693] (mecharm_pi) StdoutLine: {'line': b'Installing simple_gui script to /home/robotics/ros2_cobot/install/mecharm_pi/lib/mecharm_pi\n'}
[5.522778] (mecharm_pi) StdoutLine: {'line': b'Installing slider_control script to /home/robotics/ros2_cobot/install/mecharm_pi/lib/mecharm_pi\n'}
[5.522879] (mecharm_pi) StdoutLine: {'line': b'Installing teleop_keyboard script to /home/robotics/ros2_cobot/install/mecharm_pi/lib/mecharm_pi\n'}
[5.523581] (mecharm_pi) StdoutLine: {'line': b"writing list of installed files to '/home/robotics/ros2_cobot/build/mecharm_pi/install.log'\n"}
[5.523718] (mycobot_280) StdoutLine: {'line': b'Installing camera_display script to /home/robotics/ros2_cobot/install/mycobot_280/lib/mycobot_280\n'}
[5.523872] (mycobot_280) StdoutLine: {'line': b'Installing detect_marker script to /home/robotics/ros2_cobot/install/mycobot_280/lib/mycobot_280\n'}
[5.524021] (mycobot_280) StdoutLine: {'line': b'Installing follow_display script to /home/robotics/ros2_cobot/install/mycobot_280/lib/mycobot_280\n'}
[5.524171] (mycobot_280) StdoutLine: {'line': b'Installing following_marker script to /home/robotics/ros2_cobot/install/mycobot_280/lib/mycobot_280\n'}
[5.524313] (mycobot_280) StdoutLine: {'line': b'Installing listen_real script to /home/robotics/ros2_cobot/install/mycobot_280/lib/mycobot_280\n'}
[5.524473] (mycobot_280) StdoutLine: {'line': b'Installing listen_real_of_topic script to /home/robotics/ros2_cobot/install/mycobot_280/lib/mycobot_280\n'}
[5.524613] (mycobot_280) StdoutLine: {'line': b'Installing opencv_camera script to /home/robotics/ros2_cobot/install/mycobot_280/lib/mycobot_280\n'}
[5.524755] (mycobot_280) StdoutLine: {'line': b'Installing simple_gui script to /home/robotics/ros2_cobot/install/mycobot_280/lib/mycobot_280\n'}
[5.524926] (mycobot_280) StdoutLine: {'line': b'Installing slider_control script to /home/robotics/ros2_cobot/install/mycobot_280/lib/mycobot_280\n'}
[5.525088] (mycobot_280) StdoutLine: {'line': b'Installing teleop_keyboard script to /home/robotics/ros2_cobot/install/mycobot_280/lib/mycobot_280\n'}
[5.525749] (mycobot_280) StdoutLine: {'line': b"writing list of installed files to '/home/robotics/ros2_cobot/build/mycobot_280/install.log'\n"}
[5.528883] (-) TimerEvent: {}
[5.629389] (-) TimerEvent: {}
[5.729833] (-) TimerEvent: {}
[5.776268] (mycobot_280rdkx5_moveit2) CommandEnded: {'returncode': 0}
[5.777649] (mycobot_280rdkx5_moveit2) JobProgress: {'identifier': 'mycobot_280rdkx5_moveit2', 'progress': 'install'}
[5.778679] (mycobot_280rdkx5_moveit2) Command: {'cmd': ['/usr/bin/cmake', '--install', '/home/robotics/ros2_cobot/build/mycobot_280rdkx5_moveit2'], 'cwd': '/home/robotics/ros2_cobot/build/mycobot_280rdkx5_moveit2', 'env': OrderedDict([('GJS_DEBUG_TOPICS', 'JS ERROR;JS LOG'), ('LESSOPEN', '| /usr/bin/lesspipe %s'), ('LANGUAGE', 'en_CA:en'), ('USER', 'robotics'), ('XDG_SESSION_TYPE', 'wayland'), ('SHLVL', '1'), ('LD_LIBRARY_PATH', '/opt/ros/humble/opt/rviz_ogre_vendor/lib:/opt/ros/humble/lib/x86_64-linux-gnu:/opt/ros/humble/lib'), ('HOME', '/home/robotics'), ('OLDPWD', '/home/robotics'), ('DESKTOP_SESSION', 'ubuntu'), ('GIO_LAUNCHED_DESKTOP_FILE', '/usr/share/applications/terminator.desktop'), ('ROS_PYTHON_VERSION', '3'), ('GNOME_SHELL_SESSION_MODE', 'ubuntu'), ('GTK_MODULES', 'gail:atk-bridge'), ('MANAGERPID', '2208'), ('SYSTEMD_EXEC_PID', '2385'), ('DBUS_SESSION_BUS_ADDRESS', 'unix:path=/run/user/1001/bus'), ('COLORTERM', 'truecolor'), ('TERMINATOR_DBUS_NAME', 'net.tenshu.Terminator25ef4b219e3b005583550f2b0f9f990c3'), ('LIBVIRT_DEFAULT_URI', 'qemu:///system'), ('GIO_LAUNCHED_DESKTOP_FILE_PID', '5985'), ('IM_CONFIG_PHASE', '1'), ('WAYLAND_DISPLAY', 'wayland-0'), ('ROS_DISTRO', 'humble'), ('LOGNAME', 'robotics'), ('JOURNAL_STREAM', '8:11736'), ('_', '/usr/bin/colcon'), ('ROS_VERSION', '2'), ('XDG_SESSION_CLASS', 'user'), ('USERNAME', 'robotics'), ('TERM', 'xterm-256color'), ('GNOME_DESKTOP_SESSION_ID', 'this-is-deprecated'), ('ROS_LOCALHOST_ONLY', '0'), ('PATH', '/opt/ros/humble/bin:/home/robotics/.local/bin:/usr/local/sbin:/usr/local/bin:/usr/sbin:/usr/bin:/sbin:/bin:/usr/games:/usr/local/games:/snap/bin:/snap/bin'), ('SESSION_MANAGER', 'local/scapula:@/tmp/.ICE-unix/2355,unix/scapula:/tmp/.ICE-unix/2355'), ('INVOCATION_ID', 'e345590a299a451da04fa5520e75bdac'), ('XDG_MENU_PREFIX', 'gnome-'), ('GNOME_SETUP_DISPLAY', ':1'), ('XDG_RUNTIME_DIR', '/run/user/1001'), ('DISPLAY', ':0'), ('TERMINATOR_DBUS_PATH', '/net/tenshu/Terminator2'), ('LANG', 'en_US.UTF-8'), ('XDG_CURRENT_DESKTOP', 'ubuntu:GNOME'), ('XMODIFIERS', '@im=ibus'), ('XDG_SESSION_DESKTOP', 'ubuntu'), ('XAUTHORITY', '/run/user/1001/.mutter-Xwaylandauth.C2D0D3'), ('LS_COLORS', 'rs=0:di=01;34:ln=01;36:mh=00:pi=40;33:so=01;35:do=01;35:bd=40;33;01:cd=40;33;01:or=40;31;01:mi=00:su=37;41:sg=30;43:ca=30;41:tw=30;42:ow=34;42:st=37;44:ex=01;32:*.tar=01;31:*.tgz=01;31:*.arc=01;31:*.arj=01;31:*.taz=01;31:*.lha=01;31:*.lz4=01;31:*.lzh=01;31:*.lzma=01;31:*.tlz=01;31:*.txz=01;31:*.tzo=01;31:*.t7z=01;31:*.zip=01;31:*.z=01;31:*.dz=01;31:*.gz=01;31:*.lrz=01;31:*.lz=01;31:*.lzo=01;31:*.xz=01;31:*.zst=01;31:*.tzst=01;31:*.bz2=01;31:*.bz=01;31:*.tbz=01;31:*.tbz2=01;31:*.tz=01;31:*.deb=01;31:*.rpm=01;31:*.jar=01;31:*.war=01;31:*.ear=01;31:*.sar=01;31:*.rar=01;31:*.alz=01;31:*.ace=01;31:*.zoo=01;31:*.cpio=01;31:*.7z=01;31:*.rz=01;31:*.cab=01;31:*.wim=01;31:*.swm=01;31:*.dwm=01;31:*.esd=01;31:*.jpg=01;35:*.jpeg=01;35:*.mjpg=01;35:*.mjpeg=01;35:*.gif=01;35:*.bmp=01;35:*.pbm=01;35:*.pgm=01;35:*.ppm=01;35:*.tga=01;35:*.xbm=01;35:*.xpm=01;35:*.tif=01;35:*.tiff=01;35:*.png=01;35:*.svg=01;35:*.svgz=01;35:*.mng=01;35:*.pcx=01;35:*.mov=01;35:*.mpg=01;35:*.mpeg=01;35:*.m2v=01;35:*.mkv=01;35:*.webm=01;35:*.webp=01;35:*.ogm=01;35:*.mp4=01;35:*.m4v=01;35:*.mp4v=01;35:*.vob=01;35:*.qt=01;35:*.nuv=01;35:*.wmv=01;35:*.asf=01;35:*.rm=01;35:*.rmvb=01;35:*.flc=01;35:*.avi=01;35:*.fli=01;35:*.flv=01;35:*.gl=01;35:*.dl=01;35:*.xcf=01;35:*.xwd=01;35:*.yuv=01;35:*.cgm=01;35:*.emf=01;35:*.ogv=01;35:*.ogx=01;35:*.aac=00;36:*.au=00;36:*.flac=00;36:*.m4a=00;36:*.mid=00;36:*.midi=00;36:*.mka=00;36:*.mp3=00;36:*.mpc=00;36:*.ogg=00;36:*.ra=00;36:*.wav=00;36:*.oga=00;36:*.opus=00;36:*.spx=00;36:*.xspf=00;36:'), ('SSH_AGENT_LAUNCHER', 'gnome-keyring'), ('SSH_AUTH_SOCK', '/run/user/1001/keyring/ssh'), ('AMENT_PREFIX_PATH', '/home/robotics/ros2_cobot/install/mycobot_description:/opt/ros/humble'), ('SHELL', '/bin/bash'), ('TERMINATOR_UUID', 'urn:uuid:f2f89f62-91b9-4d3d-9090-78fd66b7b1db'), ('QT_ACCESSIBILITY', '1'), ('GDMSESSION', 'ubuntu'), ('LESSCLOSE', '/usr/bin/lesspipe %s %s'), ('GJS_DEBUG_OUTPUT', 'stderr'), ('QT_IM_MODULE', 'ibus'), ('PWD', '/home/robotics/ros2_cobot/build/mycobot_280rdkx5_moveit2'), ('LC_ALL', 'en_US.UTF-8'), ('XDG_CONFIG_DIRS', '/etc/xdg/xdg-ubuntu:/etc/xdg'), ('XDG_DATA_DIRS', '/usr/share/ubuntu:/usr/local/share/:/usr/share/:/var/lib/snapd/desktop'), ('PYTHONPATH', '/home/robotics/ros2_cobot/install/mycobot_description/lib/python3.10/site-packages:/opt/ros/humble/lib/python3.10/site-packages:/opt/ros/humble/local/lib/python3.10/dist-packages'), ('COLCON', '1'), ('VTE_VERSION', '6800'), ('CMAKE_PREFIX_PATH', '/opt/ros/humble')]), 'shell': False}
[5.779858] (myarm_300) StdoutLine: {'line': b'running egg_info\n'}
[5.780352] (myarm_300) StdoutLine: {'line': b'writing ../../../../build/myarm_300/myarm_300.egg-info/PKG-INFO\n'}
[5.780596] (myarm_300) StdoutLine: {'line': b'writing dependency_links to ../../../../build/myarm_300/myarm_300.egg-info/dependency_links.txt\n'}
[5.780642] (myarm_300) StdoutLine: {'line': b'writing entry points to ../../../../build/myarm_300/myarm_300.egg-info/entry_points.txt\n'}
[5.780682] (myarm_300) StdoutLine: {'line': b'writing requirements to ../../../../build/myarm_300/myarm_300.egg-info/requires.txt\n'}
[5.780718] (myarm_300) StdoutLine: {'line': b'writing top-level names to ../../../../build/myarm_300/myarm_300.egg-info/top_level.txt\n'}
[5.780753] (myarm_300) StdoutLine: {'line': b"reading manifest file '../../../../build/myarm_300/myarm_300.egg-info/SOURCES.txt'\n"}
[5.780789] (myarm_300) StdoutLine: {'line': b"adding license file 'LICENSE'\n"}
[5.780824] (myarm_300) StdoutLine: {'line': b"writing manifest file '../../../../build/myarm_300/myarm_300.egg-info/SOURCES.txt'\n"}
[5.780858] (myarm_300) StdoutLine: {'line': b'running build\n'}
[5.780893] (myarm_300) StdoutLine: {'line': b'running build_py\n'}
[5.780926] (myarm_300) StdoutLine: {'line': b'running install\n'}
[5.780961] (myarm_300) StdoutLine: {'line': b'running install_lib\n'}
[5.780997] (myarm_300) StdoutLine: {'line': b'running install_data\n'}
[5.781032] (myarm_300) StdoutLine: {'line': b'running install_egg_info\n'}
[5.781066] (myarm_300) StdoutLine: {'line': b"removing '/home/robotics/ros2_cobot/install/myarm_300/lib/python3.10/site-packages/myarm_300-0.0.0-py3.10.egg-info' (and everything under it)\n"}
[5.781101] (myarm_300) StdoutLine: {'line': b'Copying ../../../../build/myarm_300/myarm_300.egg-info to /home/robotics/ros2_cobot/install/myarm_300/lib/python3.10/site-packages/myarm_300-0.0.0-py3.10.egg-info\n'}
[5.781135] (myarm_300) StdoutLine: {'line': b'running install_scripts\n'}
[5.781170] (myarm_300) StdoutLine: {'line': b'Installing follow_display script to /home/robotics/ros2_cobot/install/myarm_300/lib/myarm_300\n'}
[5.781205] (myarm_300) StdoutLine: {'line': b'Installing simple_gui script to /home/robotics/ros2_cobot/install/myarm_300/lib/myarm_300\n'}
[5.782092] (myarm_300) StdoutLine: {'line': b'Installing slider_control script to /home/robotics/ros2_cobot/install/myarm_300/lib/myarm_300\n'}
[5.782128] (myarm_300) StdoutLine: {'line': b'Installing teleop_keyboard script to /home/robotics/ros2_cobot/install/myarm_300/lib/myarm_300\n'}
[5.782155] (myarm_300) StdoutLine: {'line': b"writing list of installed files to '/home/robotics/ros2_cobot/build/myarm_300/install.log'\n"}
[5.829956] (-) TimerEvent: {}
[5.930390] (-) TimerEvent: {}
[5.969758] (mycobot_280jn) Command: {'cmd': ['/usr/bin/python3', '-W', 'ignore:setup.py install is deprecated', '-W', 'ignore:easy_install command is deprecated', 'setup.py', 'egg_info', '--egg-base', '../../../../build/mycobot_280jn', 'build', '--build-base', '/home/robotics/ros2_cobot/build/mycobot_280jn/build', 'install', '--record', '/home/robotics/ros2_cobot/build/mycobot_280jn/install.log', '--single-version-externally-managed', 'install_data'], 'cwd': '/home/robotics/ros2_cobot/src/mycobot_ros2/mycobot_280/mycobot_280jn', 'env': {'GJS_DEBUG_TOPICS': 'JS ERROR;JS LOG', 'LESSOPEN': '| /usr/bin/lesspipe %s', 'LANGUAGE': 'en_CA:en', 'USER': 'robotics', 'XDG_SESSION_TYPE': 'wayland', 'SHLVL': '1', 'LD_LIBRARY_PATH': '/opt/ros/humble/opt/rviz_ogre_vendor/lib:/opt/ros/humble/lib/x86_64-linux-gnu:/opt/ros/humble/lib', 'HOME': '/home/robotics', 'OLDPWD': '/home/robotics', 'DESKTOP_SESSION': 'ubuntu', 'GIO_LAUNCHED_DESKTOP_FILE': '/usr/share/applications/terminator.desktop', 'ROS_PYTHON_VERSION': '3', 'GNOME_SHELL_SESSION_MODE': 'ubuntu', 'GTK_MODULES': 'gail:atk-bridge', 'MANAGERPID': '2208', 'SYSTEMD_EXEC_PID': '2385', 'DBUS_SESSION_BUS_ADDRESS': 'unix:path=/run/user/1001/bus', 'COLORTERM': 'truecolor', 'TERMINATOR_DBUS_NAME': 'net.tenshu.Terminator25ef4b219e3b005583550f2b0f9f990c3', 'LIBVIRT_DEFAULT_URI': 'qemu:///system', 'GIO_LAUNCHED_DESKTOP_FILE_PID': '5985', 'IM_CONFIG_PHASE': '1', 'WAYLAND_DISPLAY': 'wayland-0', 'ROS_DISTRO': 'humble', 'LOGNAME': 'robotics', 'JOURNAL_STREAM': '8:11736', '_': '/usr/bin/colcon', 'ROS_VERSION': '2', 'XDG_SESSION_CLASS': 'user', 'USERNAME': 'robotics', 'TERM': 'xterm-256color', 'GNOME_DESKTOP_SESSION_ID': 'this-is-deprecated', 'ROS_LOCALHOST_ONLY': '0', 'PATH': '/opt/ros/humble/bin:/home/robotics/.local/bin:/usr/local/sbin:/usr/local/bin:/usr/sbin:/usr/bin:/sbin:/bin:/usr/games:/usr/local/games:/snap/bin:/snap/bin', 'SESSION_MANAGER': 'local/scapula:@/tmp/.ICE-unix/2355,unix/scapula:/tmp/.ICE-unix/2355', 'INVOCATION_ID': 'e345590a299a451da04fa5520e75bdac', 'XDG_MENU_PREFIX': 'gnome-', 'GNOME_SETUP_DISPLAY': ':1', 'XDG_RUNTIME_DIR': '/run/user/1001', 'DISPLAY': ':0', 'TERMINATOR_DBUS_PATH': '/net/tenshu/Terminator2', 'LANG': 'en_US.UTF-8', 'XDG_CURRENT_DESKTOP': 'ubuntu:GNOME', 'XMODIFIERS': '@im=ibus', 'XDG_SESSION_DESKTOP': 'ubuntu', 'XAUTHORITY': '/run/user/1001/.mutter-Xwaylandauth.C2D0D3', 'LS_COLORS': 'rs=0:di=01;34:ln=01;36:mh=00:pi=40;33:so=01;35:do=01;35:bd=40;33;01:cd=40;33;01:or=40;31;01:mi=00:su=37;41:sg=30;43:ca=30;41:tw=30;42:ow=34;42:st=37;44:ex=01;32:*.tar=01;31:*.tgz=01;31:*.arc=01;31:*.arj=01;31:*.taz=01;31:*.lha=01;31:*.lz4=01;31:*.lzh=01;31:*.lzma=01;31:*.tlz=01;31:*.txz=01;31:*.tzo=01;31:*.t7z=01;31:*.zip=01;31:*.z=01;31:*.dz=01;31:*.gz=01;31:*.lrz=01;31:*.lz=01;31:*.lzo=01;31:*.xz=01;31:*.zst=01;31:*.tzst=01;31:*.bz2=01;31:*.bz=01;31:*.tbz=01;31:*.tbz2=01;31:*.tz=01;31:*.deb=01;31:*.rpm=01;31:*.jar=01;31:*.war=01;31:*.ear=01;31:*.sar=01;31:*.rar=01;31:*.alz=01;31:*.ace=01;31:*.zoo=01;31:*.cpio=01;31:*.7z=01;31:*.rz=01;31:*.cab=01;31:*.wim=01;31:*.swm=01;31:*.dwm=01;31:*.esd=01;31:*.jpg=01;35:*.jpeg=01;35:*.mjpg=01;35:*.mjpeg=01;35:*.gif=01;35:*.bmp=01;35:*.pbm=01;35:*.pgm=01;35:*.ppm=01;35:*.tga=01;35:*.xbm=01;35:*.xpm=01;35:*.tif=01;35:*.tiff=01;35:*.png=01;35:*.svg=01;35:*.svgz=01;35:*.mng=01;35:*.pcx=01;35:*.mov=01;35:*.mpg=01;35:*.mpeg=01;35:*.m2v=01;35:*.mkv=01;35:*.webm=01;35:*.webp=01;35:*.ogm=01;35:*.mp4=01;35:*.m4v=01;35:*.mp4v=01;35:*.vob=01;35:*.qt=01;35:*.nuv=01;35:*.wmv=01;35:*.asf=01;35:*.rm=01;35:*.rmvb=01;35:*.flc=01;35:*.avi=01;35:*.fli=01;35:*.flv=01;35:*.gl=01;35:*.dl=01;35:*.xcf=01;35:*.xwd=01;35:*.yuv=01;35:*.cgm=01;35:*.emf=01;35:*.ogv=01;35:*.ogx=01;35:*.aac=00;36:*.au=00;36:*.flac=00;36:*.m4a=00;36:*.mid=00;36:*.midi=00;36:*.mka=00;36:*.mp3=00;36:*.mpc=00;36:*.ogg=00;36:*.ra=00;36:*.wav=00;36:*.oga=00;36:*.opus=00;36:*.spx=00;36:*.xspf=00;36:', 'SSH_AGENT_LAUNCHER': 'gnome-keyring', 'SSH_AUTH_SOCK': '/run/user/1001/keyring/ssh', 'AMENT_PREFIX_PATH': '/home/robotics/ros2_cobot/install/mycobot_description:/opt/ros/humble', 'SHELL': '/bin/bash', 'TERMINATOR_UUID': 'urn:uuid:f2f89f62-91b9-4d3d-9090-78fd66b7b1db', 'QT_ACCESSIBILITY': '1', 'GDMSESSION': 'ubuntu', 'LESSCLOSE': '/usr/bin/lesspipe %s %s', 'GJS_DEBUG_OUTPUT': 'stderr', 'QT_IM_MODULE': 'ibus', 'PWD': '/home/robotics/ros2_cobot/build/mycobot_280jn', 'LC_ALL': 'en_US.UTF-8', 'XDG_CONFIG_DIRS': '/etc/xdg/xdg-ubuntu:/etc/xdg', 'XDG_DATA_DIRS': '/usr/share/ubuntu:/usr/local/share/:/usr/share/:/var/lib/snapd/desktop', 'PYTHONPATH': '/home/robotics/ros2_cobot/build/mycobot_280jn/prefix_override:/usr/lib/python3/dist-packages/colcon_core/task/python/colcon_distutils_commands:/home/robotics/ros2_cobot/install/mycobot_280jn/lib/python3.10/site-packages:/home/robotics/ros2_cobot/install/mycobot_description/lib/python3.10/site-packages:/opt/ros/humble/lib/python3.10/site-packages:/opt/ros/humble/local/lib/python3.10/dist-packages', 'COLCON': '1', 'VTE_VERSION': '6800'}, 'shell': False}
[5.975298] (mycobot_280rdkx5_moveit2) StdoutLine: {'line': b'-- Install configuration: ""\n'}
[5.975830] (mycobot_280rdkx5_moveit2) StdoutLine: {'line': b'-- Up-to-date: /home/robotics/ros2_cobot/install/mycobot_280rdkx5_moveit2/share/ament_index/resource_index/package_run_dependencies/mycobot_280rdkx5_moveit2\n'}
[5.976100] (mycobot_280rdkx5_moveit2) StdoutLine: {'line': b'-- Up-to-date: /home/robotics/ros2_cobot/install/mycobot_280rdkx5_moveit2/share/ament_index/resource_index/parent_prefix_path/mycobot_280rdkx5_moveit2\n'}
[5.976161] (mycobot_280rdkx5_moveit2) StdoutLine: {'line': b'-- Up-to-date: /home/robotics/ros2_cobot/install/mycobot_280rdkx5_moveit2/share/mycobot_280rdkx5_moveit2/environment/ament_prefix_path.sh\n'}
[5.976214] (mycobot_280rdkx5_moveit2) StdoutLine: {'line': b'-- Up-to-date: /home/robotics/ros2_cobot/install/mycobot_280rdkx5_moveit2/share/mycobot_280rdkx5_moveit2/environment/ament_prefix_path.dsv\n'}
[5.976256] (mycobot_280rdkx5_moveit2) StdoutLine: {'line': b'-- Up-to-date: /home/robotics/ros2_cobot/install/mycobot_280rdkx5_moveit2/share/mycobot_280rdkx5_moveit2/environment/path.sh\n'}
[5.976292] (mycobot_280rdkx5_moveit2) StdoutLine: {'line': b'-- Up-to-date: /home/robotics/ros2_cobot/install/mycobot_280rdkx5_moveit2/share/mycobot_280rdkx5_moveit2/environment/path.dsv\n'}
[5.976321] (mycobot_280rdkx5_moveit2) StdoutLine: {'line': b'-- Up-to-date: /home/robotics/ros2_cobot/install/mycobot_280rdkx5_moveit2/share/mycobot_280rdkx5_moveit2/local_setup.bash\n'}
[5.976983] (mycobot_280rdkx5_moveit2) StdoutLine: {'line': b'-- Up-to-date: /home/robotics/ros2_cobot/install/mycobot_280rdkx5_moveit2/share/mycobot_280rdkx5_moveit2/local_setup.sh\n'}
[5.977031] (mycobot_280rdkx5_moveit2) StdoutLine: {'line': b'-- Up-to-date: /home/robotics/ros2_cobot/install/mycobot_280rdkx5_moveit2/share/mycobot_280rdkx5_moveit2/local_setup.zsh\n'}
[5.977065] (mycobot_280rdkx5_moveit2) StdoutLine: {'line': b'-- Up-to-date: /home/robotics/ros2_cobot/install/mycobot_280rdkx5_moveit2/share/mycobot_280rdkx5_moveit2/local_setup.dsv\n'}
[5.977094] (mycobot_280rdkx5_moveit2) StdoutLine: {'line': b'-- Installing: /home/robotics/ros2_cobot/install/mycobot_280rdkx5_moveit2/share/mycobot_280rdkx5_moveit2/package.dsv\n'}
[5.977127] (mycobot_280rdkx5_moveit2) StdoutLine: {'line': b'-- Up-to-date: /home/robotics/ros2_cobot/install/mycobot_280rdkx5_moveit2/share/ament_index/resource_index/packages/mycobot_280rdkx5_moveit2\n'}
[5.977159] (mycobot_280rdkx5_moveit2) StdoutLine: {'line': b'-- Up-to-date: /home/robotics/ros2_cobot/install/mycobot_280rdkx5_moveit2/share/mycobot_280rdkx5_moveit2/cmake/mycobot_280rdkx5_moveit2Config.cmake\n'}
[5.977207] (mycobot_280rdkx5_moveit2) StdoutLine: {'line': b'-- Up-to-date: /home/robotics/ros2_cobot/install/mycobot_280rdkx5_moveit2/share/mycobot_280rdkx5_moveit2/cmake/mycobot_280rdkx5_moveit2Config-version.cmake\n'}
[5.977237] (mycobot_280rdkx5_moveit2) StdoutLine: {'line': b'-- Up-to-date: /home/robotics/ros2_cobot/install/mycobot_280rdkx5_moveit2/share/mycobot_280rdkx5_moveit2/package.xml\n'}
[5.977265] (mycobot_280rdkx5_moveit2) StdoutLine: {'line': b'-- Up-to-date: /home/robotics/ros2_cobot/install/mycobot_280rdkx5_moveit2/share/mycobot_280rdkx5_moveit2/launch\n'}
[5.977294] (mycobot_280rdkx5_moveit2) StdoutLine: {'line': b'-- Up-to-date: /home/robotics/ros2_cobot/install/mycobot_280rdkx5_moveit2/share/mycobot_280rdkx5_moveit2/launch/rsp.launch.py\n'}
[5.977322] (mycobot_280rdkx5_moveit2) StdoutLine: {'line': b'-- Up-to-date: /home/robotics/ros2_cobot/install/mycobot_280rdkx5_moveit2/share/mycobot_280rdkx5_moveit2/launch/demo.launch.py\n'}
[5.977385] (mycobot_280rdkx5_moveit2) StdoutLine: {'line': b'-- Up-to-date: /home/robotics/ros2_cobot/install/mycobot_280rdkx5_moveit2/share/mycobot_280rdkx5_moveit2/launch/static_virtual_joint_tfs.launch.py\n'}
[5.977417] (mycobot_280rdkx5_moveit2) StdoutLine: {'line': b'-- Up-to-date: /home/robotics/ros2_cobot/install/mycobot_280rdkx5_moveit2/share/mycobot_280rdkx5_moveit2/launch/moveit_rviz.launch.py\n'}
[5.977518] (mycobot_280rdkx5_moveit2) StdoutLine: {'line': b'-- Up-to-date: /home/robotics/ros2_cobot/install/mycobot_280rdkx5_moveit2/share/mycobot_280rdkx5_moveit2/launch/setup_assistant.launch.py\n'}
[5.977549] (mycobot_280rdkx5_moveit2) StdoutLine: {'line': b'-- Up-to-date: /home/robotics/ros2_cobot/install/mycobot_280rdkx5_moveit2/share/mycobot_280rdkx5_moveit2/launch/warehouse_db.launch.py\n'}
[5.977578] (mycobot_280rdkx5_moveit2) StdoutLine: {'line': b'-- Up-to-date: /home/robotics/ros2_cobot/install/mycobot_280rdkx5_moveit2/share/mycobot_280rdkx5_moveit2/launch/move_group.launch.py\n'}
[5.977606] (mycobot_280rdkx5_moveit2) StdoutLine: {'line': b'-- Up-to-date: /home/robotics/ros2_cobot/install/mycobot_280rdkx5_moveit2/share/mycobot_280rdkx5_moveit2/launch/spawn_controllers.launch.py\n'}
[5.977633] (mycobot_280rdkx5_moveit2) StdoutLine: {'line': b'-- Up-to-date: /home/robotics/ros2_cobot/install/mycobot_280rdkx5_moveit2/share/mycobot_280rdkx5_moveit2/config\n'}
[5.977661] (mycobot_280rdkx5_moveit2) StdoutLine: {'line': b'-- Up-to-date: /home/robotics/ros2_cobot/install/mycobot_280rdkx5_moveit2/share/mycobot_280rdkx5_moveit2/config/joint_limits.yaml\n'}
[5.977688] (mycobot_280rdkx5_moveit2) StdoutLine: {'line': b'-- Up-to-date: /home/robotics/ros2_cobot/install/mycobot_280rdkx5_moveit2/share/mycobot_280rdkx5_moveit2/config/firefighter.srdf\n'}
[5.977715] (mycobot_280rdkx5_moveit2) StdoutLine: {'line': b'-- Up-to-date: /home/robotics/ros2_cobot/install/mycobot_280rdkx5_moveit2/share/mycobot_280rdkx5_moveit2/config/kinematics.yaml\n'}
[5.977744] (mycobot_280rdkx5_moveit2) StdoutLine: {'line': b'-- Up-to-date: /home/robotics/ros2_cobot/install/mycobot_280rdkx5_moveit2/share/mycobot_280rdkx5_moveit2/config/firefighter.ros2_control.xacro\n'}
[5.977771] (mycobot_280rdkx5_moveit2) StdoutLine: {'line': b'-- Up-to-date: /home/robotics/ros2_cobot/install/mycobot_280rdkx5_moveit2/share/mycobot_280rdkx5_moveit2/config/firefighter.urdf.xacro\n'}
[5.977802] (mycobot_280rdkx5_moveit2) StdoutLine: {'line': b'-- Up-to-date: /home/robotics/ros2_cobot/install/mycobot_280rdkx5_moveit2/share/mycobot_280rdkx5_moveit2/config/ros2_controllers.yaml\n'}
[5.977840] (mycobot_280rdkx5_moveit2) StdoutLine: {'line': b'-- Up-to-date: /home/robotics/ros2_cobot/install/mycobot_280rdkx5_moveit2/share/mycobot_280rdkx5_moveit2/config/initial_positions.yaml\n'}
[5.977869] (mycobot_280rdkx5_moveit2) StdoutLine: {'line': b'-- Up-to-date: /home/robotics/ros2_cobot/install/mycobot_280rdkx5_moveit2/share/mycobot_280rdkx5_moveit2/config/pilz_cartesian_limits.yaml\n'}
[5.977896] (mycobot_280rdkx5_moveit2) StdoutLine: {'line': b'-- Up-to-date: /home/robotics/ros2_cobot/install/mycobot_280rdkx5_moveit2/share/mycobot_280rdkx5_moveit2/config/moveit_controllers.yaml\n'}
[5.977942] (mycobot_280rdkx5_moveit2) StdoutLine: {'line': b'-- Up-to-date: /home/robotics/ros2_cobot/install/mycobot_280rdkx5_moveit2/share/mycobot_280rdkx5_moveit2/config/moveit.rviz\n'}
[5.977969] (mycobot_280rdkx5_moveit2) StdoutLine: {'line': b'-- Up-to-date: /home/robotics/ros2_cobot/install/mycobot_280rdkx5_moveit2/share/mycobot_280rdkx5_moveit2/config/sensors_3d.yaml\n'}
[5.977996] (mycobot_280rdkx5_moveit2) StdoutLine: {'line': b'-- Up-to-date: /home/robotics/ros2_cobot/install/mycobot_280rdkx5_moveit2/share/mycobot_280rdkx5_moveit2/.setup_assistant\n'}
[5.978025] (mycobot_280_moveit2_control) CommandEnded: {'returncode': 0}
[5.984418] (mycobot_280_moveit2_control) JobEnded: {'identifier': 'mycobot_280_moveit2_control', 'rc': 0}
[5.985288] (mycobot_280_x3pi) CommandEnded: {'returncode': 0}
[5.992106] (mycobot_280_x3pi) JobEnded: {'identifier': 'mycobot_280_x3pi', 'rc': 0}
[5.992676] (mybuddy) CommandEnded: {'returncode': 0}
[5.996888] (mybuddy) JobEnded: {'identifier': 'mybuddy', 'rc': 0}
[5.997493] (mycobot_280_riscv) CommandEnded: {'returncode': 0}
[6.005539] (mycobot_280_riscv) JobEnded: {'identifier': 'mycobot_280_riscv', 'rc': 0}
[6.006632] (mecharm) CommandEnded: {'returncode': 0}
[6.016199] (mecharm) JobEnded: {'identifier': 'mecharm', 'rc': 0}
[6.016841] (mycobot_280_arduino) CommandEnded: {'returncode': 0}
[6.026791] (mycobot_280_arduino) JobEnded: {'identifier': 'mycobot_280_arduino', 'rc': 0}
[6.027770] (mecharm_pi) CommandEnded: {'returncode': 0}
[6.030955] (-) TimerEvent: {}
[6.039254] (mecharm_pi) JobEnded: {'identifier': 'mecharm_pi', 'rc': 0}
[6.042759] (mycobot_280pi) Command: {'cmd': ['/usr/bin/python3', '-W', 'ignore:setup.py install is deprecated', '-W', 'ignore:easy_install command is deprecated', 'setup.py', 'egg_info', '--egg-base', '../../../../build/mycobot_280pi', 'build', '--build-base', '/home/robotics/ros2_cobot/build/mycobot_280pi/build', 'install', '--record', '/home/robotics/ros2_cobot/build/mycobot_280pi/install.log', '--single-version-externally-managed', 'install_data'], 'cwd': '/home/robotics/ros2_cobot/src/mycobot_ros2/mycobot_280/mycobot_280pi', 'env': {'GJS_DEBUG_TOPICS': 'JS ERROR;JS LOG', 'LESSOPEN': '| /usr/bin/lesspipe %s', 'LANGUAGE': 'en_CA:en', 'USER': 'robotics', 'XDG_SESSION_TYPE': 'wayland', 'SHLVL': '1', 'LD_LIBRARY_PATH': '/opt/ros/humble/opt/rviz_ogre_vendor/lib:/opt/ros/humble/lib/x86_64-linux-gnu:/opt/ros/humble/lib', 'HOME': '/home/robotics', 'OLDPWD': '/home/robotics', 'DESKTOP_SESSION': 'ubuntu', 'GIO_LAUNCHED_DESKTOP_FILE': '/usr/share/applications/terminator.desktop', 'ROS_PYTHON_VERSION': '3', 'GNOME_SHELL_SESSION_MODE': 'ubuntu', 'GTK_MODULES': 'gail:atk-bridge', 'MANAGERPID': '2208', 'SYSTEMD_EXEC_PID': '2385', 'DBUS_SESSION_BUS_ADDRESS': 'unix:path=/run/user/1001/bus', 'COLORTERM': 'truecolor', 'TERMINATOR_DBUS_NAME': 'net.tenshu.Terminator25ef4b219e3b005583550f2b0f9f990c3', 'LIBVIRT_DEFAULT_URI': 'qemu:///system', 'GIO_LAUNCHED_DESKTOP_FILE_PID': '5985', 'IM_CONFIG_PHASE': '1', 'WAYLAND_DISPLAY': 'wayland-0', 'ROS_DISTRO': 'humble', 'LOGNAME': 'robotics', 'JOURNAL_STREAM': '8:11736', '_': '/usr/bin/colcon', 'ROS_VERSION': '2', 'XDG_SESSION_CLASS': 'user', 'USERNAME': 'robotics', 'TERM': 'xterm-256color', 'GNOME_DESKTOP_SESSION_ID': 'this-is-deprecated', 'ROS_LOCALHOST_ONLY': '0', 'PATH': '/opt/ros/humble/bin:/home/robotics/.local/bin:/usr/local/sbin:/usr/local/bin:/usr/sbin:/usr/bin:/sbin:/bin:/usr/games:/usr/local/games:/snap/bin:/snap/bin', 'SESSION_MANAGER': 'local/scapula:@/tmp/.ICE-unix/2355,unix/scapula:/tmp/.ICE-unix/2355', 'INVOCATION_ID': 'e345590a299a451da04fa5520e75bdac', 'XDG_MENU_PREFIX': 'gnome-', 'GNOME_SETUP_DISPLAY': ':1', 'XDG_RUNTIME_DIR': '/run/user/1001', 'DISPLAY': ':0', 'TERMINATOR_DBUS_PATH': '/net/tenshu/Terminator2', 'LANG': 'en_US.UTF-8', 'XDG_CURRENT_DESKTOP': 'ubuntu:GNOME', 'XMODIFIERS': '@im=ibus', 'XDG_SESSION_DESKTOP': 'ubuntu', 'XAUTHORITY': '/run/user/1001/.mutter-Xwaylandauth.C2D0D3', 'LS_COLORS': 'rs=0:di=01;34:ln=01;36:mh=00:pi=40;33:so=01;35:do=01;35:bd=40;33;01:cd=40;33;01:or=40;31;01:mi=00:su=37;41:sg=30;43:ca=30;41:tw=30;42:ow=34;42:st=37;44:ex=01;32:*.tar=01;31:*.tgz=01;31:*.arc=01;31:*.arj=01;31:*.taz=01;31:*.lha=01;31:*.lz4=01;31:*.lzh=01;31:*.lzma=01;31:*.tlz=01;31:*.txz=01;31:*.tzo=01;31:*.t7z=01;31:*.zip=01;31:*.z=01;31:*.dz=01;31:*.gz=01;31:*.lrz=01;31:*.lz=01;31:*.lzo=01;31:*.xz=01;31:*.zst=01;31:*.tzst=01;31:*.bz2=01;31:*.bz=01;31:*.tbz=01;31:*.tbz2=01;31:*.tz=01;31:*.deb=01;31:*.rpm=01;31:*.jar=01;31:*.war=01;31:*.ear=01;31:*.sar=01;31:*.rar=01;31:*.alz=01;31:*.ace=01;31:*.zoo=01;31:*.cpio=01;31:*.7z=01;31:*.rz=01;31:*.cab=01;31:*.wim=01;31:*.swm=01;31:*.dwm=01;31:*.esd=01;31:*.jpg=01;35:*.jpeg=01;35:*.mjpg=01;35:*.mjpeg=01;35:*.gif=01;35:*.bmp=01;35:*.pbm=01;35:*.pgm=01;35:*.ppm=01;35:*.tga=01;35:*.xbm=01;35:*.xpm=01;35:*.tif=01;35:*.tiff=01;35:*.png=01;35:*.svg=01;35:*.svgz=01;35:*.mng=01;35:*.pcx=01;35:*.mov=01;35:*.mpg=01;35:*.mpeg=01;35:*.m2v=01;35:*.mkv=01;35:*.webm=01;35:*.webp=01;35:*.ogm=01;35:*.mp4=01;35:*.m4v=01;35:*.mp4v=01;35:*.vob=01;35:*.qt=01;35:*.nuv=01;35:*.wmv=01;35:*.asf=01;35:*.rm=01;35:*.rmvb=01;35:*.flc=01;35:*.avi=01;35:*.fli=01;35:*.flv=01;35:*.gl=01;35:*.dl=01;35:*.xcf=01;35:*.xwd=01;35:*.yuv=01;35:*.cgm=01;35:*.emf=01;35:*.ogv=01;35:*.ogx=01;35:*.aac=00;36:*.au=00;36:*.flac=00;36:*.m4a=00;36:*.mid=00;36:*.midi=00;36:*.mka=00;36:*.mp3=00;36:*.mpc=00;36:*.ogg=00;36:*.ra=00;36:*.wav=00;36:*.oga=00;36:*.opus=00;36:*.spx=00;36:*.xspf=00;36:', 'SSH_AGENT_LAUNCHER': 'gnome-keyring', 'SSH_AUTH_SOCK': '/run/user/1001/keyring/ssh', 'AMENT_PREFIX_PATH': '/home/robotics/ros2_cobot/install/mycobot_description:/opt/ros/humble', 'SHELL': '/bin/bash', 'TERMINATOR_UUID': 'urn:uuid:f2f89f62-91b9-4d3d-9090-78fd66b7b1db', 'QT_ACCESSIBILITY': '1', 'GDMSESSION': 'ubuntu', 'LESSCLOSE': '/usr/bin/lesspipe %s %s', 'GJS_DEBUG_OUTPUT': 'stderr', 'QT_IM_MODULE': 'ibus', 'PWD': '/home/robotics/ros2_cobot/build/mycobot_280pi', 'LC_ALL': 'en_US.UTF-8', 'XDG_CONFIG_DIRS': '/etc/xdg/xdg-ubuntu:/etc/xdg', 'XDG_DATA_DIRS': '/usr/share/ubuntu:/usr/local/share/:/usr/share/:/var/lib/snapd/desktop', 'PYTHONPATH': '/home/robotics/ros2_cobot/build/mycobot_280pi/prefix_override:/usr/lib/python3/dist-packages/colcon_core/task/python/colcon_distutils_commands:/home/robotics/ros2_cobot/install/mycobot_280pi/lib/python3.10/site-packages:/home/robotics/ros2_cobot/install/mycobot_description/lib/python3.10/site-packages:/opt/ros/humble/lib/python3.10/site-packages:/opt/ros/humble/local/lib/python3.10/dist-packages', 'COLCON': '1', 'VTE_VERSION': '6800'}, 'shell': False}
[6.044262] (mycobot_280) CommandEnded: {'returncode': 0}
[6.051776] (mycobot_280) JobEnded: {'identifier': 'mycobot_280', 'rc': 0}
[6.052468] (myarm_300) CommandEnded: {'returncode': 0}
[6.061460] (myarm_300) JobEnded: {'identifier': 'myarm_300', 'rc': 0}
[6.062693] (mycobot_280rdkx5_moveit2) CommandEnded: {'returncode': 0}
[6.079887] (mycobot_280rdkx5_moveit2) JobEnded: {'identifier': 'mycobot_280rdkx5_moveit2', 'rc': 0}
[6.080972] (mycobot_600) JobStarted: {'identifier': 'mycobot_600'}
[6.087149] (mycobot_630) JobStarted: {'identifier': 'mycobot_630'}
[6.092240] (mypalletizer_260) JobStarted: {'identifier': 'mypalletizer_260'}
[6.095867] (mypalletizer_260_pi) JobStarted: {'identifier': 'mypalletizer_260_pi'}
[6.100168] (ultraarm) JobStarted: {'identifier': 'ultraarm'}
[6.106044] (myarm_c650) JobStarted: {'identifier': 'myarm_c650'}
[6.110537] (myarm_m750) JobStarted: {'identifier': 'myarm_m750'}
[6.114633] (mycobot_280_rdkx5) JobStarted: {'identifier': 'mycobot_280_rdkx5'}
[6.131067] (-) TimerEvent: {}
[6.159810] (mycobot_280jn) StdoutLine: {'line': b'running egg_info\n'}
[6.160368] (mycobot_280jn) StdoutLine: {'line': b'writing ../../../../build/mycobot_280jn/mycobot_280jn.egg-info/PKG-INFO\n'}
[6.160579] (mycobot_280jn) StdoutLine: {'line': b'writing dependency_links to ../../../../build/mycobot_280jn/mycobot_280jn.egg-info/dependency_links.txt\n'}
[6.160727] (mycobot_280jn) StdoutLine: {'line': b'writing entry points to ../../../../build/mycobot_280jn/mycobot_280jn.egg-info/entry_points.txt\n'}
[6.160849] (mycobot_280jn) StdoutLine: {'line': b'writing requirements to ../../../../build/mycobot_280jn/mycobot_280jn.egg-info/requires.txt\n'}
[6.160915] (mycobot_280jn) StdoutLine: {'line': b'writing top-level names to ../../../../build/mycobot_280jn/mycobot_280jn.egg-info/top_level.txt\n'}
[6.162632] (mycobot_280jn) StdoutLine: {'line': b"reading manifest file '../../../../build/mycobot_280jn/mycobot_280jn.egg-info/SOURCES.txt'\n"}
[6.162812] (mycobot_280jn) StdoutLine: {'line': b"adding license file 'LICENSE'\n"}
[6.163283] (mycobot_280jn) StdoutLine: {'line': b"writing manifest file '../../../../build/mycobot_280jn/mycobot_280jn.egg-info/SOURCES.txt'\n"}
[6.163414] (mycobot_280jn) StdoutLine: {'line': b'running build\n'}
[6.163475] (mycobot_280jn) StdoutLine: {'line': b'running build_py\n'}
[6.163913] (mycobot_280jn) StdoutLine: {'line': b'running install\n'}
[6.164290] (mycobot_280jn) StdoutLine: {'line': b'running install_lib\n'}
[6.165534] (mycobot_280jn) StdoutLine: {'line': b'running install_data\n'}
[6.165730] (mycobot_280jn) StdoutLine: {'line': b'running install_egg_info\n'}
[6.167025] (mycobot_280jn) StdoutLine: {'line': b"removing '/home/robotics/ros2_cobot/install/mycobot_280jn/lib/python3.10/site-packages/mycobot_280jn-0.0.0-py3.10.egg-info' (and everything under it)\n"}
[6.167264] (mycobot_280jn) StdoutLine: {'line': b'Copying ../../../../build/mycobot_280jn/mycobot_280jn.egg-info to /home/robotics/ros2_cobot/install/mycobot_280jn/lib/python3.10/site-packages/mycobot_280jn-0.0.0-py3.10.egg-info\n'}
[6.168225] (mycobot_280jn) StdoutLine: {'line': b'running install_scripts\n'}
[6.189345] (mycobot_280jn) StdoutLine: {'line': b'Installing camera_display script to /home/robotics/ros2_cobot/install/mycobot_280jn/lib/mycobot_280jn\n'}
[6.189565] (mycobot_280jn) StdoutLine: {'line': b'Installing detect_marker script to /home/robotics/ros2_cobot/install/mycobot_280jn/lib/mycobot_280jn\n'}
[6.189672] (mycobot_280jn) StdoutLine: {'line': b'Installing follow_display script to /home/robotics/ros2_cobot/install/mycobot_280jn/lib/mycobot_280jn\n'}
[6.189730] (mycobot_280jn) StdoutLine: {'line': b'Installing following_marker script to /home/robotics/ros2_cobot/install/mycobot_280jn/lib/mycobot_280jn\n'}
[6.189797] (mycobot_280jn) StdoutLine: {'line': b'Installing listen_real script to /home/robotics/ros2_cobot/install/mycobot_280jn/lib/mycobot_280jn\n'}
[6.189864] (mycobot_280jn) StdoutLine: {'line': b'Installing listen_real_of_topic script to /home/robotics/ros2_cobot/install/mycobot_280jn/lib/mycobot_280jn\n'}
[6.189930] (mycobot_280jn) StdoutLine: {'line': b'Installing opencv_camera script to /home/robotics/ros2_cobot/install/mycobot_280jn/lib/mycobot_280jn\n'}
[6.189993] (mycobot_280jn) StdoutLine: {'line': b'Installing simple_gui script to /home/robotics/ros2_cobot/install/mycobot_280jn/lib/mycobot_280jn\n'}
[6.190073] (mycobot_280jn) StdoutLine: {'line': b'Installing slider_control script to /home/robotics/ros2_cobot/install/mycobot_280jn/lib/mycobot_280jn\n'}
[6.190148] (mycobot_280jn) StdoutLine: {'line': b'Installing teleop_keyboard script to /home/robotics/ros2_cobot/install/mycobot_280jn/lib/mycobot_280jn\n'}
[6.190549] (mycobot_280jn) StdoutLine: {'line': b"writing list of installed files to '/home/robotics/ros2_cobot/build/mycobot_280jn/install.log'\n"}
[6.230294] (mycobot_280pi) StdoutLine: {'line': b'running egg_info\n'}
[6.230764] (mycobot_280pi) StdoutLine: {'line': b'writing ../../../../build/mycobot_280pi/mycobot_280pi.egg-info/PKG-INFO\n'}
[6.230953] (mycobot_280pi) StdoutLine: {'line': b'writing dependency_links to ../../../../build/mycobot_280pi/mycobot_280pi.egg-info/dependency_links.txt\n'}
[6.231097] (mycobot_280pi) StdoutLine: {'line': b'writing entry points to ../../../../build/mycobot_280pi/mycobot_280pi.egg-info/entry_points.txt\n'}
[6.231182] (-) TimerEvent: {}
[6.231335] (mycobot_280pi) StdoutLine: {'line': b'writing requirements to ../../../../build/mycobot_280pi/mycobot_280pi.egg-info/requires.txt\n'}
[6.231447] (mycobot_280pi) StdoutLine: {'line': b'writing top-level names to ../../../../build/mycobot_280pi/mycobot_280pi.egg-info/top_level.txt\n'}
[6.232585] (mycobot_280pi) StdoutLine: {'line': b"reading manifest file '../../../../build/mycobot_280pi/mycobot_280pi.egg-info/SOURCES.txt'\n"}
[6.232769] (mycobot_280pi) StdoutLine: {'line': b"adding license file 'LICENSE'\n"}
[6.233262] (mycobot_280pi) StdoutLine: {'line': b"writing manifest file '../../../../build/mycobot_280pi/mycobot_280pi.egg-info/SOURCES.txt'\n"}
[6.233369] (mycobot_280pi) StdoutLine: {'line': b'running build\n'}
[6.233454] (mycobot_280pi) StdoutLine: {'line': b'running build_py\n'}
[6.233888] (mycobot_280pi) StdoutLine: {'line': b'running install\n'}
[6.234067] (mycobot_280pi) StdoutLine: {'line': b'running install_lib\n'}
[6.235135] (mycobot_280pi) StdoutLine: {'line': b'running install_data\n'}
[6.235411] (mycobot_280pi) StdoutLine: {'line': b'running install_egg_info\n'}
[6.236655] (mycobot_280pi) StdoutLine: {'line': b"removing '/home/robotics/ros2_cobot/install/mycobot_280pi/lib/python3.10/site-packages/mycobot_280pi-0.0.0-py3.10.egg-info' (and everything under it)\n"}
[6.237087] (mycobot_280pi) StdoutLine: {'line': b'Copying ../../../../build/mycobot_280pi/mycobot_280pi.egg-info to /home/robotics/ros2_cobot/install/mycobot_280pi/lib/python3.10/site-packages/mycobot_280pi-0.0.0-py3.10.egg-info\n'}
[6.238436] (mycobot_280pi) StdoutLine: {'line': b'running install_scripts\n'}
[6.252666] (mycobot_280pi) StdoutLine: {'line': b'Installing camera_display script to /home/robotics/ros2_cobot/install/mycobot_280pi/lib/mycobot_280pi\n'}
[6.252905] (mycobot_280pi) StdoutLine: {'line': b'Installing detect_marker script to /home/robotics/ros2_cobot/install/mycobot_280pi/lib/mycobot_280pi\n'}
[6.253030] (mycobot_280pi) StdoutLine: {'line': b'Installing follow_display script to /home/robotics/ros2_cobot/install/mycobot_280pi/lib/mycobot_280pi\n'}
[6.253167] (mycobot_280pi) StdoutLine: {'line': b'Installing following_marker script to /home/robotics/ros2_cobot/install/mycobot_280pi/lib/mycobot_280pi\n'}
[6.253286] (mycobot_280pi) StdoutLine: {'line': b'Installing listen_real script to /home/robotics/ros2_cobot/install/mycobot_280pi/lib/mycobot_280pi\n'}
[6.253417] (mycobot_280pi) StdoutLine: {'line': b'Installing listen_real_of_topic script to /home/robotics/ros2_cobot/install/mycobot_280pi/lib/mycobot_280pi\n'}
[6.253495] (mycobot_280pi) StdoutLine: {'line': b'Installing opencv_camera script to /home/robotics/ros2_cobot/install/mycobot_280pi/lib/mycobot_280pi\n'}
[6.253557] (mycobot_280pi) StdoutLine: {'line': b'Installing simple_gui script to /home/robotics/ros2_cobot/install/mycobot_280pi/lib/mycobot_280pi\n'}
[6.253619] (mycobot_280pi) StdoutLine: {'line': b'Installing slider_control script to /home/robotics/ros2_cobot/install/mycobot_280pi/lib/mycobot_280pi\n'}
[6.253694] (mycobot_280pi) StdoutLine: {'line': b'Installing teleop_keyboard script to /home/robotics/ros2_cobot/install/mycobot_280pi/lib/mycobot_280pi\n'}
[6.253923] (mycobot_280pi) StdoutLine: {'line': b"writing list of installed files to '/home/robotics/ros2_cobot/build/mycobot_280pi/install.log'\n"}
[6.331296] (-) TimerEvent: {}
[6.431673] (-) TimerEvent: {}
[6.532093] (-) TimerEvent: {}
[6.632545] (-) TimerEvent: {}
[6.732948] (-) TimerEvent: {}
[6.833358] (-) TimerEvent: {}
[6.933695] (-) TimerEvent: {}
[7.034059] (-) TimerEvent: {}
[7.134545] (-) TimerEvent: {}
[7.234974] (-) TimerEvent: {}
[7.335393] (-) TimerEvent: {}
[7.435804] (-) TimerEvent: {}
[7.536194] (-) TimerEvent: {}
[7.636635] (-) TimerEvent: {}
[7.737016] (-) TimerEvent: {}
[7.837783] (-) TimerEvent: {}
[7.841258] (mycobot_280jn) CommandEnded: {'returncode': 0}
[7.850068] (mycobot_280jn) JobEnded: {'identifier': 'mycobot_280jn', 'rc': 0}
[7.851160] (mycobot_320pi) Command: {'cmd': ['/usr/bin/python3', '-W', 'ignore:setup.py install is deprecated', '-W', 'ignore:easy_install command is deprecated', 'setup.py', 'egg_info', '--egg-base', '../../../../build/mycobot_320pi', 'build', '--build-base', '/home/robotics/ros2_cobot/build/mycobot_320pi/build', 'install', '--record', '/home/robotics/ros2_cobot/build/mycobot_320pi/install.log', '--single-version-externally-managed', 'install_data'], 'cwd': '/home/robotics/ros2_cobot/src/mycobot_ros2/mycobot_320/mycobot_320pi', 'env': {'GJS_DEBUG_TOPICS': 'JS ERROR;JS LOG', 'LESSOPEN': '| /usr/bin/lesspipe %s', 'LANGUAGE': 'en_CA:en', 'USER': 'robotics', 'XDG_SESSION_TYPE': 'wayland', 'SHLVL': '1', 'LD_LIBRARY_PATH': '/opt/ros/humble/opt/rviz_ogre_vendor/lib:/opt/ros/humble/lib/x86_64-linux-gnu:/opt/ros/humble/lib', 'HOME': '/home/robotics', 'OLDPWD': '/home/robotics', 'DESKTOP_SESSION': 'ubuntu', 'GIO_LAUNCHED_DESKTOP_FILE': '/usr/share/applications/terminator.desktop', 'ROS_PYTHON_VERSION': '3', 'GNOME_SHELL_SESSION_MODE': 'ubuntu', 'GTK_MODULES': 'gail:atk-bridge', 'MANAGERPID': '2208', 'SYSTEMD_EXEC_PID': '2385', 'DBUS_SESSION_BUS_ADDRESS': 'unix:path=/run/user/1001/bus', 'COLORTERM': 'truecolor', 'TERMINATOR_DBUS_NAME': 'net.tenshu.Terminator25ef4b219e3b005583550f2b0f9f990c3', 'LIBVIRT_DEFAULT_URI': 'qemu:///system', 'GIO_LAUNCHED_DESKTOP_FILE_PID': '5985', 'IM_CONFIG_PHASE': '1', 'WAYLAND_DISPLAY': 'wayland-0', 'ROS_DISTRO': 'humble', 'LOGNAME': 'robotics', 'JOURNAL_STREAM': '8:11736', '_': '/usr/bin/colcon', 'ROS_VERSION': '2', 'XDG_SESSION_CLASS': 'user', 'USERNAME': 'robotics', 'TERM': 'xterm-256color', 'GNOME_DESKTOP_SESSION_ID': 'this-is-deprecated', 'ROS_LOCALHOST_ONLY': '0', 'PATH': '/opt/ros/humble/bin:/home/robotics/.local/bin:/usr/local/sbin:/usr/local/bin:/usr/sbin:/usr/bin:/sbin:/bin:/usr/games:/usr/local/games:/snap/bin:/snap/bin', 'SESSION_MANAGER': 'local/scapula:@/tmp/.ICE-unix/2355,unix/scapula:/tmp/.ICE-unix/2355', 'INVOCATION_ID': 'e345590a299a451da04fa5520e75bdac', 'XDG_MENU_PREFIX': 'gnome-', 'GNOME_SETUP_DISPLAY': ':1', 'XDG_RUNTIME_DIR': '/run/user/1001', 'DISPLAY': ':0', 'TERMINATOR_DBUS_PATH': '/net/tenshu/Terminator2', 'LANG': 'en_US.UTF-8', 'XDG_CURRENT_DESKTOP': 'ubuntu:GNOME', 'XMODIFIERS': '@im=ibus', 'XDG_SESSION_DESKTOP': 'ubuntu', 'XAUTHORITY': '/run/user/1001/.mutter-Xwaylandauth.C2D0D3', 'LS_COLORS': 'rs=0:di=01;34:ln=01;36:mh=00:pi=40;33:so=01;35:do=01;35:bd=40;33;01:cd=40;33;01:or=40;31;01:mi=00:su=37;41:sg=30;43:ca=30;41:tw=30;42:ow=34;42:st=37;44:ex=01;32:*.tar=01;31:*.tgz=01;31:*.arc=01;31:*.arj=01;31:*.taz=01;31:*.lha=01;31:*.lz4=01;31:*.lzh=01;31:*.lzma=01;31:*.tlz=01;31:*.txz=01;31:*.tzo=01;31:*.t7z=01;31:*.zip=01;31:*.z=01;31:*.dz=01;31:*.gz=01;31:*.lrz=01;31:*.lz=01;31:*.lzo=01;31:*.xz=01;31:*.zst=01;31:*.tzst=01;31:*.bz2=01;31:*.bz=01;31:*.tbz=01;31:*.tbz2=01;31:*.tz=01;31:*.deb=01;31:*.rpm=01;31:*.jar=01;31:*.war=01;31:*.ear=01;31:*.sar=01;31:*.rar=01;31:*.alz=01;31:*.ace=01;31:*.zoo=01;31:*.cpio=01;31:*.7z=01;31:*.rz=01;31:*.cab=01;31:*.wim=01;31:*.swm=01;31:*.dwm=01;31:*.esd=01;31:*.jpg=01;35:*.jpeg=01;35:*.mjpg=01;35:*.mjpeg=01;35:*.gif=01;35:*.bmp=01;35:*.pbm=01;35:*.pgm=01;35:*.ppm=01;35:*.tga=01;35:*.xbm=01;35:*.xpm=01;35:*.tif=01;35:*.tiff=01;35:*.png=01;35:*.svg=01;35:*.svgz=01;35:*.mng=01;35:*.pcx=01;35:*.mov=01;35:*.mpg=01;35:*.mpeg=01;35:*.m2v=01;35:*.mkv=01;35:*.webm=01;35:*.webp=01;35:*.ogm=01;35:*.mp4=01;35:*.m4v=01;35:*.mp4v=01;35:*.vob=01;35:*.qt=01;35:*.nuv=01;35:*.wmv=01;35:*.asf=01;35:*.rm=01;35:*.rmvb=01;35:*.flc=01;35:*.avi=01;35:*.fli=01;35:*.flv=01;35:*.gl=01;35:*.dl=01;35:*.xcf=01;35:*.xwd=01;35:*.yuv=01;35:*.cgm=01;35:*.emf=01;35:*.ogv=01;35:*.ogx=01;35:*.aac=00;36:*.au=00;36:*.flac=00;36:*.m4a=00;36:*.mid=00;36:*.midi=00;36:*.mka=00;36:*.mp3=00;36:*.mpc=00;36:*.ogg=00;36:*.ra=00;36:*.wav=00;36:*.oga=00;36:*.opus=00;36:*.spx=00;36:*.xspf=00;36:', 'SSH_AGENT_LAUNCHER': 'gnome-keyring', 'SSH_AUTH_SOCK': '/run/user/1001/keyring/ssh', 'AMENT_PREFIX_PATH': '/home/robotics/ros2_cobot/install/mycobot_description:/opt/ros/humble', 'SHELL': '/bin/bash', 'TERMINATOR_UUID': 'urn:uuid:f2f89f62-91b9-4d3d-9090-78fd66b7b1db', 'QT_ACCESSIBILITY': '1', 'GDMSESSION': 'ubuntu', 'LESSCLOSE': '/usr/bin/lesspipe %s %s', 'GJS_DEBUG_OUTPUT': 'stderr', 'QT_IM_MODULE': 'ibus', 'PWD': '/home/robotics/ros2_cobot/build/mycobot_320pi', 'LC_ALL': 'en_US.UTF-8', 'XDG_CONFIG_DIRS': '/etc/xdg/xdg-ubuntu:/etc/xdg', 'XDG_DATA_DIRS': '/usr/share/ubuntu:/usr/local/share/:/usr/share/:/var/lib/snapd/desktop', 'PYTHONPATH': '/home/robotics/ros2_cobot/build/mycobot_320pi/prefix_override:/usr/lib/python3/dist-packages/colcon_core/task/python/colcon_distutils_commands:/home/robotics/ros2_cobot/install/mycobot_320pi/lib/python3.10/site-packages:/home/robotics/ros2_cobot/install/mycobot_description/lib/python3.10/site-packages:/opt/ros/humble/lib/python3.10/site-packages:/opt/ros/humble/local/lib/python3.10/dist-packages', 'COLCON': '1', 'VTE_VERSION': '6800'}, 'shell': False}
[7.853227] (mycobot_320) Command: {'cmd': ['/usr/bin/python3', '-W', 'ignore:setup.py install is deprecated', '-W', 'ignore:easy_install command is deprecated', 'setup.py', 'egg_info', '--egg-base', '../../../../build/mycobot_320', 'build', '--build-base', '/home/robotics/ros2_cobot/build/mycobot_320/build', 'install', '--record', '/home/robotics/ros2_cobot/build/mycobot_320/install.log', '--single-version-externally-managed', 'install_data'], 'cwd': '/home/robotics/ros2_cobot/src/mycobot_ros2/mycobot_320/mycobot_320', 'env': {'GJS_DEBUG_TOPICS': 'JS ERROR;JS LOG', 'LESSOPEN': '| /usr/bin/lesspipe %s', 'LANGUAGE': 'en_CA:en', 'USER': 'robotics', 'XDG_SESSION_TYPE': 'wayland', 'SHLVL': '1', 'LD_LIBRARY_PATH': '/opt/ros/humble/opt/rviz_ogre_vendor/lib:/opt/ros/humble/lib/x86_64-linux-gnu:/opt/ros/humble/lib', 'HOME': '/home/robotics', 'OLDPWD': '/home/robotics', 'DESKTOP_SESSION': 'ubuntu', 'GIO_LAUNCHED_DESKTOP_FILE': '/usr/share/applications/terminator.desktop', 'ROS_PYTHON_VERSION': '3', 'GNOME_SHELL_SESSION_MODE': 'ubuntu', 'GTK_MODULES': 'gail:atk-bridge', 'MANAGERPID': '2208', 'SYSTEMD_EXEC_PID': '2385', 'DBUS_SESSION_BUS_ADDRESS': 'unix:path=/run/user/1001/bus', 'COLORTERM': 'truecolor', 'TERMINATOR_DBUS_NAME': 'net.tenshu.Terminator25ef4b219e3b005583550f2b0f9f990c3', 'LIBVIRT_DEFAULT_URI': 'qemu:///system', 'GIO_LAUNCHED_DESKTOP_FILE_PID': '5985', 'IM_CONFIG_PHASE': '1', 'WAYLAND_DISPLAY': 'wayland-0', 'ROS_DISTRO': 'humble', 'LOGNAME': 'robotics', 'JOURNAL_STREAM': '8:11736', '_': '/usr/bin/colcon', 'ROS_VERSION': '2', 'XDG_SESSION_CLASS': 'user', 'USERNAME': 'robotics', 'TERM': 'xterm-256color', 'GNOME_DESKTOP_SESSION_ID': 'this-is-deprecated', 'ROS_LOCALHOST_ONLY': '0', 'PATH': '/opt/ros/humble/bin:/home/robotics/.local/bin:/usr/local/sbin:/usr/local/bin:/usr/sbin:/usr/bin:/sbin:/bin:/usr/games:/usr/local/games:/snap/bin:/snap/bin', 'SESSION_MANAGER': 'local/scapula:@/tmp/.ICE-unix/2355,unix/scapula:/tmp/.ICE-unix/2355', 'INVOCATION_ID': 'e345590a299a451da04fa5520e75bdac', 'XDG_MENU_PREFIX': 'gnome-', 'GNOME_SETUP_DISPLAY': ':1', 'XDG_RUNTIME_DIR': '/run/user/1001', 'DISPLAY': ':0', 'TERMINATOR_DBUS_PATH': '/net/tenshu/Terminator2', 'LANG': 'en_US.UTF-8', 'XDG_CURRENT_DESKTOP': 'ubuntu:GNOME', 'XMODIFIERS': '@im=ibus', 'XDG_SESSION_DESKTOP': 'ubuntu', 'XAUTHORITY': '/run/user/1001/.mutter-Xwaylandauth.C2D0D3', 'LS_COLORS': 'rs=0:di=01;34:ln=01;36:mh=00:pi=40;33:so=01;35:do=01;35:bd=40;33;01:cd=40;33;01:or=40;31;01:mi=00:su=37;41:sg=30;43:ca=30;41:tw=30;42:ow=34;42:st=37;44:ex=01;32:*.tar=01;31:*.tgz=01;31:*.arc=01;31:*.arj=01;31:*.taz=01;31:*.lha=01;31:*.lz4=01;31:*.lzh=01;31:*.lzma=01;31:*.tlz=01;31:*.txz=01;31:*.tzo=01;31:*.t7z=01;31:*.zip=01;31:*.z=01;31:*.dz=01;31:*.gz=01;31:*.lrz=01;31:*.lz=01;31:*.lzo=01;31:*.xz=01;31:*.zst=01;31:*.tzst=01;31:*.bz2=01;31:*.bz=01;31:*.tbz=01;31:*.tbz2=01;31:*.tz=01;31:*.deb=01;31:*.rpm=01;31:*.jar=01;31:*.war=01;31:*.ear=01;31:*.sar=01;31:*.rar=01;31:*.alz=01;31:*.ace=01;31:*.zoo=01;31:*.cpio=01;31:*.7z=01;31:*.rz=01;31:*.cab=01;31:*.wim=01;31:*.swm=01;31:*.dwm=01;31:*.esd=01;31:*.jpg=01;35:*.jpeg=01;35:*.mjpg=01;35:*.mjpeg=01;35:*.gif=01;35:*.bmp=01;35:*.pbm=01;35:*.pgm=01;35:*.ppm=01;35:*.tga=01;35:*.xbm=01;35:*.xpm=01;35:*.tif=01;35:*.tiff=01;35:*.png=01;35:*.svg=01;35:*.svgz=01;35:*.mng=01;35:*.pcx=01;35:*.mov=01;35:*.mpg=01;35:*.mpeg=01;35:*.m2v=01;35:*.mkv=01;35:*.webm=01;35:*.webp=01;35:*.ogm=01;35:*.mp4=01;35:*.m4v=01;35:*.mp4v=01;35:*.vob=01;35:*.qt=01;35:*.nuv=01;35:*.wmv=01;35:*.asf=01;35:*.rm=01;35:*.rmvb=01;35:*.flc=01;35:*.avi=01;35:*.fli=01;35:*.flv=01;35:*.gl=01;35:*.dl=01;35:*.xcf=01;35:*.xwd=01;35:*.yuv=01;35:*.cgm=01;35:*.emf=01;35:*.ogv=01;35:*.ogx=01;35:*.aac=00;36:*.au=00;36:*.flac=00;36:*.m4a=00;36:*.mid=00;36:*.midi=00;36:*.mka=00;36:*.mp3=00;36:*.mpc=00;36:*.ogg=00;36:*.ra=00;36:*.wav=00;36:*.oga=00;36:*.opus=00;36:*.spx=00;36:*.xspf=00;36:', 'SSH_AGENT_LAUNCHER': 'gnome-keyring', 'SSH_AUTH_SOCK': '/run/user/1001/keyring/ssh', 'AMENT_PREFIX_PATH': '/home/robotics/ros2_cobot/install/mycobot_description:/opt/ros/humble', 'SHELL': '/bin/bash', 'TERMINATOR_UUID': 'urn:uuid:f2f89f62-91b9-4d3d-9090-78fd66b7b1db', 'QT_ACCESSIBILITY': '1', 'GDMSESSION': 'ubuntu', 'LESSCLOSE': '/usr/bin/lesspipe %s %s', 'GJS_DEBUG_OUTPUT': 'stderr', 'QT_IM_MODULE': 'ibus', 'PWD': '/home/robotics/ros2_cobot/build/mycobot_320', 'LC_ALL': 'en_US.UTF-8', 'XDG_CONFIG_DIRS': '/etc/xdg/xdg-ubuntu:/etc/xdg', 'XDG_DATA_DIRS': '/usr/share/ubuntu:/usr/local/share/:/usr/share/:/var/lib/snapd/desktop', 'PYTHONPATH': '/home/robotics/ros2_cobot/build/mycobot_320/prefix_override:/usr/lib/python3/dist-packages/colcon_core/task/python/colcon_distutils_commands:/home/robotics/ros2_cobot/install/mycobot_320/lib/python3.10/site-packages:/home/robotics/ros2_cobot/install/mycobot_description/lib/python3.10/site-packages:/opt/ros/humble/lib/python3.10/site-packages:/opt/ros/humble/local/lib/python3.10/dist-packages', 'COLCON': '1', 'VTE_VERSION': '6800'}, 'shell': False}
[7.855452] (mycobot_320_riscv) Command: {'cmd': ['/usr/bin/python3', '-W', 'ignore:setup.py install is deprecated', '-W', 'ignore:easy_install command is deprecated', 'setup.py', 'egg_info', '--egg-base', '../../../../build/mycobot_320_riscv', 'build', '--build-base', '/home/robotics/ros2_cobot/build/mycobot_320_riscv/build', 'install', '--record', '/home/robotics/ros2_cobot/build/mycobot_320_riscv/install.log', '--single-version-externally-managed', 'install_data'], 'cwd': '/home/robotics/ros2_cobot/src/mycobot_ros2/mycobot_320/mycobot_320_riscv', 'env': {'GJS_DEBUG_TOPICS': 'JS ERROR;JS LOG', 'LESSOPEN': '| /usr/bin/lesspipe %s', 'LANGUAGE': 'en_CA:en', 'USER': 'robotics', 'XDG_SESSION_TYPE': 'wayland', 'SHLVL': '1', 'LD_LIBRARY_PATH': '/opt/ros/humble/opt/rviz_ogre_vendor/lib:/opt/ros/humble/lib/x86_64-linux-gnu:/opt/ros/humble/lib', 'HOME': '/home/robotics', 'OLDPWD': '/home/robotics', 'DESKTOP_SESSION': 'ubuntu', 'GIO_LAUNCHED_DESKTOP_FILE': '/usr/share/applications/terminator.desktop', 'ROS_PYTHON_VERSION': '3', 'GNOME_SHELL_SESSION_MODE': 'ubuntu', 'GTK_MODULES': 'gail:atk-bridge', 'MANAGERPID': '2208', 'SYSTEMD_EXEC_PID': '2385', 'DBUS_SESSION_BUS_ADDRESS': 'unix:path=/run/user/1001/bus', 'COLORTERM': 'truecolor', 'TERMINATOR_DBUS_NAME': 'net.tenshu.Terminator25ef4b219e3b005583550f2b0f9f990c3', 'LIBVIRT_DEFAULT_URI': 'qemu:///system', 'GIO_LAUNCHED_DESKTOP_FILE_PID': '5985', 'IM_CONFIG_PHASE': '1', 'WAYLAND_DISPLAY': 'wayland-0', 'ROS_DISTRO': 'humble', 'LOGNAME': 'robotics', 'JOURNAL_STREAM': '8:11736', '_': '/usr/bin/colcon', 'ROS_VERSION': '2', 'XDG_SESSION_CLASS': 'user', 'USERNAME': 'robotics', 'TERM': 'xterm-256color', 'GNOME_DESKTOP_SESSION_ID': 'this-is-deprecated', 'ROS_LOCALHOST_ONLY': '0', 'PATH': '/opt/ros/humble/bin:/home/robotics/.local/bin:/usr/local/sbin:/usr/local/bin:/usr/sbin:/usr/bin:/sbin:/bin:/usr/games:/usr/local/games:/snap/bin:/snap/bin', 'SESSION_MANAGER': 'local/scapula:@/tmp/.ICE-unix/2355,unix/scapula:/tmp/.ICE-unix/2355', 'INVOCATION_ID': 'e345590a299a451da04fa5520e75bdac', 'XDG_MENU_PREFIX': 'gnome-', 'GNOME_SETUP_DISPLAY': ':1', 'XDG_RUNTIME_DIR': '/run/user/1001', 'DISPLAY': ':0', 'TERMINATOR_DBUS_PATH': '/net/tenshu/Terminator2', 'LANG': 'en_US.UTF-8', 'XDG_CURRENT_DESKTOP': 'ubuntu:GNOME', 'XMODIFIERS': '@im=ibus', 'XDG_SESSION_DESKTOP': 'ubuntu', 'XAUTHORITY': '/run/user/1001/.mutter-Xwaylandauth.C2D0D3', 'LS_COLORS': 'rs=0:di=01;34:ln=01;36:mh=00:pi=40;33:so=01;35:do=01;35:bd=40;33;01:cd=40;33;01:or=40;31;01:mi=00:su=37;41:sg=30;43:ca=30;41:tw=30;42:ow=34;42:st=37;44:ex=01;32:*.tar=01;31:*.tgz=01;31:*.arc=01;31:*.arj=01;31:*.taz=01;31:*.lha=01;31:*.lz4=01;31:*.lzh=01;31:*.lzma=01;31:*.tlz=01;31:*.txz=01;31:*.tzo=01;31:*.t7z=01;31:*.zip=01;31:*.z=01;31:*.dz=01;31:*.gz=01;31:*.lrz=01;31:*.lz=01;31:*.lzo=01;31:*.xz=01;31:*.zst=01;31:*.tzst=01;31:*.bz2=01;31:*.bz=01;31:*.tbz=01;31:*.tbz2=01;31:*.tz=01;31:*.deb=01;31:*.rpm=01;31:*.jar=01;31:*.war=01;31:*.ear=01;31:*.sar=01;31:*.rar=01;31:*.alz=01;31:*.ace=01;31:*.zoo=01;31:*.cpio=01;31:*.7z=01;31:*.rz=01;31:*.cab=01;31:*.wim=01;31:*.swm=01;31:*.dwm=01;31:*.esd=01;31:*.jpg=01;35:*.jpeg=01;35:*.mjpg=01;35:*.mjpeg=01;35:*.gif=01;35:*.bmp=01;35:*.pbm=01;35:*.pgm=01;35:*.ppm=01;35:*.tga=01;35:*.xbm=01;35:*.xpm=01;35:*.tif=01;35:*.tiff=01;35:*.png=01;35:*.svg=01;35:*.svgz=01;35:*.mng=01;35:*.pcx=01;35:*.mov=01;35:*.mpg=01;35:*.mpeg=01;35:*.m2v=01;35:*.mkv=01;35:*.webm=01;35:*.webp=01;35:*.ogm=01;35:*.mp4=01;35:*.m4v=01;35:*.mp4v=01;35:*.vob=01;35:*.qt=01;35:*.nuv=01;35:*.wmv=01;35:*.asf=01;35:*.rm=01;35:*.rmvb=01;35:*.flc=01;35:*.avi=01;35:*.fli=01;35:*.flv=01;35:*.gl=01;35:*.dl=01;35:*.xcf=01;35:*.xwd=01;35:*.yuv=01;35:*.cgm=01;35:*.emf=01;35:*.ogv=01;35:*.ogx=01;35:*.aac=00;36:*.au=00;36:*.flac=00;36:*.m4a=00;36:*.mid=00;36:*.midi=00;36:*.mka=00;36:*.mp3=00;36:*.mpc=00;36:*.ogg=00;36:*.ra=00;36:*.wav=00;36:*.oga=00;36:*.opus=00;36:*.spx=00;36:*.xspf=00;36:', 'SSH_AGENT_LAUNCHER': 'gnome-keyring', 'SSH_AUTH_SOCK': '/run/user/1001/keyring/ssh', 'AMENT_PREFIX_PATH': '/home/robotics/ros2_cobot/install/mycobot_description:/opt/ros/humble', 'SHELL': '/bin/bash', 'TERMINATOR_UUID': 'urn:uuid:f2f89f62-91b9-4d3d-9090-78fd66b7b1db', 'QT_ACCESSIBILITY': '1', 'GDMSESSION': 'ubuntu', 'LESSCLOSE': '/usr/bin/lesspipe %s %s', 'GJS_DEBUG_OUTPUT': 'stderr', 'QT_IM_MODULE': 'ibus', 'PWD': '/home/robotics/ros2_cobot/build/mycobot_320_riscv', 'LC_ALL': 'en_US.UTF-8', 'XDG_CONFIG_DIRS': '/etc/xdg/xdg-ubuntu:/etc/xdg', 'XDG_DATA_DIRS': '/usr/share/ubuntu:/usr/local/share/:/usr/share/:/var/lib/snapd/desktop', 'PYTHONPATH': '/home/robotics/ros2_cobot/build/mycobot_320_riscv/prefix_override:/usr/lib/python3/dist-packages/colcon_core/task/python/colcon_distutils_commands:/home/robotics/ros2_cobot/install/mycobot_320_riscv/lib/python3.10/site-packages:/home/robotics/ros2_cobot/install/mycobot_description/lib/python3.10/site-packages:/opt/ros/humble/lib/python3.10/site-packages:/opt/ros/humble/local/lib/python3.10/dist-packages', 'COLCON': '1', 'VTE_VERSION': '6800'}, 'shell': False}
[7.859967] (mycobot_280pi) CommandEnded: {'returncode': 0}
[7.866329] (mycobot_280pi) JobEnded: {'identifier': 'mycobot_280pi', 'rc': 0}
[7.937886] (-) TimerEvent: {}
[8.039692] (-) TimerEvent: {}
[8.135466] (mycobot_320) StdoutLine: {'line': b'running egg_info\n'}
[8.135720] (mycobot_320pi) StdoutLine: {'line': b'running egg_info\n'}
[8.135851] (mycobot_320_riscv) StdoutLine: {'line': b'running egg_info\n'}
[8.136270] (mycobot_320) StdoutLine: {'line': b'writing ../../../../build/mycobot_320/mycobot_320.egg-info/PKG-INFO\n'}
[8.136367] (mycobot_320pi) StdoutLine: {'line': b'writing ../../../../build/mycobot_320pi/mycobot_320pi.egg-info/PKG-INFO\n'}
[8.136505] (mycobot_320_riscv) StdoutLine: {'line': b'writing ../../../../build/mycobot_320_riscv/mycobot_320_riscv.egg-info/PKG-INFO\n'}
[8.137468] (mycobot_320pi) StdoutLine: {'line': b'writing dependency_links to ../../../../build/mycobot_320pi/mycobot_320pi.egg-info/dependency_links.txt\n'}
[8.137583] (mycobot_320pi) StdoutLine: {'line': b'writing entry points to ../../../../build/mycobot_320pi/mycobot_320pi.egg-info/entry_points.txt\n'}
[8.137646] (mycobot_320pi) StdoutLine: {'line': b'writing requirements to ../../../../build/mycobot_320pi/mycobot_320pi.egg-info/requires.txt\n'}
[8.137699] (mycobot_320pi) StdoutLine: {'line': b'writing top-level names to ../../../../build/mycobot_320pi/mycobot_320pi.egg-info/top_level.txt\n'}
[8.137751] (mycobot_320) StdoutLine: {'line': b'writing dependency_links to ../../../../build/mycobot_320/mycobot_320.egg-info/dependency_links.txt\n'}
[8.137815] (mycobot_320) StdoutLine: {'line': b'writing entry points to ../../../../build/mycobot_320/mycobot_320.egg-info/entry_points.txt\n'}
[8.137869] (mycobot_320) StdoutLine: {'line': b'writing requirements to ../../../../build/mycobot_320/mycobot_320.egg-info/requires.txt\n'}
[8.137936] (mycobot_320) StdoutLine: {'line': b'writing top-level names to ../../../../build/mycobot_320/mycobot_320.egg-info/top_level.txt\n'}
[8.137989] (mycobot_320_riscv) StdoutLine: {'line': b'writing dependency_links to ../../../../build/mycobot_320_riscv/mycobot_320_riscv.egg-info/dependency_links.txt\n'}
[8.138058] (mycobot_320_riscv) StdoutLine: {'line': b'writing entry points to ../../../../build/mycobot_320_riscv/mycobot_320_riscv.egg-info/entry_points.txt\n'}
[8.138111] (mycobot_320_riscv) StdoutLine: {'line': b'writing requirements to ../../../../build/mycobot_320_riscv/mycobot_320_riscv.egg-info/requires.txt\n'}
[8.138152] (mycobot_320_riscv) StdoutLine: {'line': b'writing top-level names to ../../../../build/mycobot_320_riscv/mycobot_320_riscv.egg-info/top_level.txt\n'}
[8.139366] (mycobot_320pi) StdoutLine: {'line': b"reading manifest file '../../../../build/mycobot_320pi/mycobot_320pi.egg-info/SOURCES.txt'\n"}
[8.139551] (mycobot_320) StdoutLine: {'line': b"reading manifest file '../../../../build/mycobot_320/mycobot_320.egg-info/SOURCES.txt'\n"}
[8.139664] (mycobot_320) StdoutLine: {'line': b"adding license file 'LICENSE'\n"}
[8.139721] (-) TimerEvent: {}
[8.139893] (mycobot_320pi) StdoutLine: {'line': b"adding license file 'LICENSE'\n"}
[8.140090] (mycobot_320_riscv) StdoutLine: {'line': b"reading manifest file '../../../../build/mycobot_320_riscv/mycobot_320_riscv.egg-info/SOURCES.txt'\n"}
[8.140194] (mycobot_320_riscv) StdoutLine: {'line': b"adding license file 'LICENSE'\n"}
[8.140504] (mycobot_320) StdoutLine: {'line': b"writing manifest file '../../../../build/mycobot_320/mycobot_320.egg-info/SOURCES.txt'\n"}
[8.140692] (mycobot_320pi) StdoutLine: {'line': b"writing manifest file '../../../../build/mycobot_320pi/mycobot_320pi.egg-info/SOURCES.txt'\n"}
[8.140917] (mycobot_320_riscv) StdoutLine: {'line': b"writing manifest file '../../../../build/mycobot_320_riscv/mycobot_320_riscv.egg-info/SOURCES.txt'\n"}
[8.140976] (mycobot_320pi) StdoutLine: {'line': b'running build\n'}
[8.141033] (mycobot_320_riscv) StdoutLine: {'line': b'running build\n'}
[8.141091] (mycobot_320_riscv) StdoutLine: {'line': b'running build_py\n'}
[8.141142] (mycobot_320) StdoutLine: {'line': b'running build\n'}
[8.141185] (mycobot_320) StdoutLine: {'line': b'running build_py\n'}
[8.141232] (mycobot_320pi) StdoutLine: {'line': b'running build_py\n'}
[8.141759] (mycobot_320_riscv) StdoutLine: {'line': b'running install\n'}
[8.141897] (mycobot_320) StdoutLine: {'line': b'running install\n'}
[8.141963] (mycobot_320pi) StdoutLine: {'line': b'running install\n'}
[8.142946] (mycobot_320) StdoutLine: {'line': b'running install_lib\n'}
[8.143087] (mycobot_320pi) StdoutLine: {'line': b'running install_lib\n'}
[8.143202] (mycobot_320_riscv) StdoutLine: {'line': b'running install_lib\n'}
[8.144389] (mycobot_320pi) StdoutLine: {'line': b'running install_data\n'}
[8.144492] (mycobot_320) StdoutLine: {'line': b'running install_data\n'}
[8.144596] (mycobot_320_riscv) StdoutLine: {'line': b'running install_data\n'}
[8.144651] (mycobot_320pi) StdoutLine: {'line': b'running install_egg_info\n'}
[8.144756] (mycobot_320_riscv) StdoutLine: {'line': b'running install_egg_info\n'}
[8.144798] (mycobot_320) StdoutLine: {'line': b'running install_egg_info\n'}
[8.146612] (mycobot_320_riscv) StdoutLine: {'line': b"removing '/home/robotics/ros2_cobot/install/mycobot_320_riscv/lib/python3.10/site-packages/mycobot_320_riscv-0.0.0-py3.10.egg-info' (and everything under it)\n"}
[8.146763] (mycobot_320) StdoutLine: {'line': b"removing '/home/robotics/ros2_cobot/install/mycobot_320/lib/python3.10/site-packages/mycobot_320-0.0.0-py3.10.egg-info' (and everything under it)\n"}
[8.146865] (mycobot_320pi) StdoutLine: {'line': b"removing '/home/robotics/ros2_cobot/install/mycobot_320pi/lib/python3.10/site-packages/mycobot_320pi-0.0.0-py3.10.egg-info' (and everything under it)\n"}
[8.147012] (mycobot_320) StdoutLine: {'line': b'Copying ../../../../build/mycobot_320/mycobot_320.egg-info to /home/robotics/ros2_cobot/install/mycobot_320/lib/python3.10/site-packages/mycobot_320-0.0.0-py3.10.egg-info\n'}
[8.147077] (mycobot_320_riscv) StdoutLine: {'line': b'Copying ../../../../build/mycobot_320_riscv/mycobot_320_riscv.egg-info to /home/robotics/ros2_cobot/install/mycobot_320_riscv/lib/python3.10/site-packages/mycobot_320_riscv-0.0.0-py3.10.egg-info\n'}
[8.147125] (mycobot_320pi) StdoutLine: {'line': b'Copying ../../../../build/mycobot_320pi/mycobot_320pi.egg-info to /home/robotics/ros2_cobot/install/mycobot_320pi/lib/python3.10/site-packages/mycobot_320pi-0.0.0-py3.10.egg-info\n'}
[8.148067] (mycobot_320_riscv) StdoutLine: {'line': b'running install_scripts\n'}
[8.148178] (mycobot_320) StdoutLine: {'line': b'running install_scripts\n'}
[8.148238] (mycobot_320pi) StdoutLine: {'line': b'running install_scripts\n'}
[8.171405] (mycobot_320pi) StdoutLine: {'line': b'Installing follow_display script to /home/robotics/ros2_cobot/install/mycobot_320pi/lib/mycobot_320pi\n'}
[8.171668] (mycobot_320_riscv) StdoutLine: {'line': b'Installing follow_display script to /home/robotics/ros2_cobot/install/mycobot_320_riscv/lib/mycobot_320_riscv\n'}
[8.171791] (mycobot_320_riscv) StdoutLine: {'line': b'Installing listen_real script to /home/robotics/ros2_cobot/install/mycobot_320_riscv/lib/mycobot_320_riscv\n'}
[8.171852] (mycobot_320) StdoutLine: {'line': b'Installing follow_display script to /home/robotics/ros2_cobot/install/mycobot_320/lib/mycobot_320\n'}
[8.171903] (mycobot_320) StdoutLine: {'line': b'Installing listen_real script to /home/robotics/ros2_cobot/install/mycobot_320/lib/mycobot_320\n'}
[8.171953] (mycobot_320) StdoutLine: {'line': b'Installing listen_real_of_topic script to /home/robotics/ros2_cobot/install/mycobot_320/lib/mycobot_320\n'}
[8.172034] (mycobot_320pi) StdoutLine: {'line': b'Installing listen_real script to /home/robotics/ros2_cobot/install/mycobot_320pi/lib/mycobot_320pi\n'}
[8.172074] (mycobot_320pi) StdoutLine: {'line': b'Installing listen_real_of_topic script to /home/robotics/ros2_cobot/install/mycobot_320pi/lib/mycobot_320pi\n'}
[8.172113] (mycobot_320_riscv) StdoutLine: {'line': b'Installing listen_real_of_topic script to /home/robotics/ros2_cobot/install/mycobot_320_riscv/lib/mycobot_320_riscv\n'}
[8.172152] (mycobot_320) StdoutLine: {'line': b'Installing simple_gui script to /home/robotics/ros2_cobot/install/mycobot_320/lib/mycobot_320\n'}
[8.172189] (mycobot_320pi) StdoutLine: {'line': b'Installing simple_gui script to /home/robotics/ros2_cobot/install/mycobot_320pi/lib/mycobot_320pi\n'}
[8.172230] (mycobot_320_riscv) StdoutLine: {'line': b'Installing simple_gui script to /home/robotics/ros2_cobot/install/mycobot_320_riscv/lib/mycobot_320_riscv\n'}
[8.172269] (mycobot_320pi) StdoutLine: {'line': b'Installing slider_control script to /home/robotics/ros2_cobot/install/mycobot_320pi/lib/mycobot_320pi\n'}
[8.172320] (mycobot_320pi) StdoutLine: {'line': b'Installing teleop_keyboard script to /home/robotics/ros2_cobot/install/mycobot_320pi/lib/mycobot_320pi\n'}
[8.172380] (mycobot_320_riscv) StdoutLine: {'line': b'Installing slider_control script to /home/robotics/ros2_cobot/install/mycobot_320_riscv/lib/mycobot_320_riscv\n'}
[8.172500] (mycobot_320_riscv) StdoutLine: {'line': b'Installing teleop_keyboard script to /home/robotics/ros2_cobot/install/mycobot_320_riscv/lib/mycobot_320_riscv\n'}
[8.172555] (mycobot_320) StdoutLine: {'line': b'Installing slider_control script to /home/robotics/ros2_cobot/install/mycobot_320/lib/mycobot_320\n'}
[8.172607] (mycobot_320) StdoutLine: {'line': b'Installing teleop_keyboard script to /home/robotics/ros2_cobot/install/mycobot_320/lib/mycobot_320\n'}
[8.172663] (mycobot_320) StdoutLine: {'line': b"writing list of installed files to '/home/robotics/ros2_cobot/build/mycobot_320/install.log'\n"}
[8.172754] (mycobot_320_riscv) StdoutLine: {'line': b"writing list of installed files to '/home/robotics/ros2_cobot/build/mycobot_320_riscv/install.log'\n"}
[8.172819] (mycobot_320pi) StdoutLine: {'line': b"writing list of installed files to '/home/robotics/ros2_cobot/build/mycobot_320pi/install.log'\n"}
[8.224056] (mycobot_600) Command: {'cmd': ['/usr/bin/python3', '-W', 'ignore:setup.py install is deprecated', '-W', 'ignore:easy_install command is deprecated', 'setup.py', 'egg_info', '--egg-base', '../../../../build/mycobot_600', 'build', '--build-base', '/home/robotics/ros2_cobot/build/mycobot_600/build', 'install', '--record', '/home/robotics/ros2_cobot/build/mycobot_600/install.log', '--single-version-externally-managed', 'install_data'], 'cwd': '/home/robotics/ros2_cobot/src/mycobot_ros2/mycobot_pro/mycobot_600', 'env': {'GJS_DEBUG_TOPICS': 'JS ERROR;JS LOG', 'LESSOPEN': '| /usr/bin/lesspipe %s', 'LANGUAGE': 'en_CA:en', 'USER': 'robotics', 'XDG_SESSION_TYPE': 'wayland', 'SHLVL': '1', 'LD_LIBRARY_PATH': '/opt/ros/humble/opt/rviz_ogre_vendor/lib:/opt/ros/humble/lib/x86_64-linux-gnu:/opt/ros/humble/lib', 'HOME': '/home/robotics', 'OLDPWD': '/home/robotics', 'DESKTOP_SESSION': 'ubuntu', 'GIO_LAUNCHED_DESKTOP_FILE': '/usr/share/applications/terminator.desktop', 'ROS_PYTHON_VERSION': '3', 'GNOME_SHELL_SESSION_MODE': 'ubuntu', 'GTK_MODULES': 'gail:atk-bridge', 'MANAGERPID': '2208', 'SYSTEMD_EXEC_PID': '2385', 'DBUS_SESSION_BUS_ADDRESS': 'unix:path=/run/user/1001/bus', 'COLORTERM': 'truecolor', 'TERMINATOR_DBUS_NAME': 'net.tenshu.Terminator25ef4b219e3b005583550f2b0f9f990c3', 'LIBVIRT_DEFAULT_URI': 'qemu:///system', 'GIO_LAUNCHED_DESKTOP_FILE_PID': '5985', 'IM_CONFIG_PHASE': '1', 'WAYLAND_DISPLAY': 'wayland-0', 'ROS_DISTRO': 'humble', 'LOGNAME': 'robotics', 'JOURNAL_STREAM': '8:11736', '_': '/usr/bin/colcon', 'ROS_VERSION': '2', 'XDG_SESSION_CLASS': 'user', 'USERNAME': 'robotics', 'TERM': 'xterm-256color', 'GNOME_DESKTOP_SESSION_ID': 'this-is-deprecated', 'ROS_LOCALHOST_ONLY': '0', 'PATH': '/opt/ros/humble/bin:/home/robotics/.local/bin:/usr/local/sbin:/usr/local/bin:/usr/sbin:/usr/bin:/sbin:/bin:/usr/games:/usr/local/games:/snap/bin:/snap/bin', 'SESSION_MANAGER': 'local/scapula:@/tmp/.ICE-unix/2355,unix/scapula:/tmp/.ICE-unix/2355', 'INVOCATION_ID': 'e345590a299a451da04fa5520e75bdac', 'XDG_MENU_PREFIX': 'gnome-', 'GNOME_SETUP_DISPLAY': ':1', 'XDG_RUNTIME_DIR': '/run/user/1001', 'DISPLAY': ':0', 'TERMINATOR_DBUS_PATH': '/net/tenshu/Terminator2', 'LANG': 'en_US.UTF-8', 'XDG_CURRENT_DESKTOP': 'ubuntu:GNOME', 'XMODIFIERS': '@im=ibus', 'XDG_SESSION_DESKTOP': 'ubuntu', 'XAUTHORITY': '/run/user/1001/.mutter-Xwaylandauth.C2D0D3', 'LS_COLORS': 'rs=0:di=01;34:ln=01;36:mh=00:pi=40;33:so=01;35:do=01;35:bd=40;33;01:cd=40;33;01:or=40;31;01:mi=00:su=37;41:sg=30;43:ca=30;41:tw=30;42:ow=34;42:st=37;44:ex=01;32:*.tar=01;31:*.tgz=01;31:*.arc=01;31:*.arj=01;31:*.taz=01;31:*.lha=01;31:*.lz4=01;31:*.lzh=01;31:*.lzma=01;31:*.tlz=01;31:*.txz=01;31:*.tzo=01;31:*.t7z=01;31:*.zip=01;31:*.z=01;31:*.dz=01;31:*.gz=01;31:*.lrz=01;31:*.lz=01;31:*.lzo=01;31:*.xz=01;31:*.zst=01;31:*.tzst=01;31:*.bz2=01;31:*.bz=01;31:*.tbz=01;31:*.tbz2=01;31:*.tz=01;31:*.deb=01;31:*.rpm=01;31:*.jar=01;31:*.war=01;31:*.ear=01;31:*.sar=01;31:*.rar=01;31:*.alz=01;31:*.ace=01;31:*.zoo=01;31:*.cpio=01;31:*.7z=01;31:*.rz=01;31:*.cab=01;31:*.wim=01;31:*.swm=01;31:*.dwm=01;31:*.esd=01;31:*.jpg=01;35:*.jpeg=01;35:*.mjpg=01;35:*.mjpeg=01;35:*.gif=01;35:*.bmp=01;35:*.pbm=01;35:*.pgm=01;35:*.ppm=01;35:*.tga=01;35:*.xbm=01;35:*.xpm=01;35:*.tif=01;35:*.tiff=01;35:*.png=01;35:*.svg=01;35:*.svgz=01;35:*.mng=01;35:*.pcx=01;35:*.mov=01;35:*.mpg=01;35:*.mpeg=01;35:*.m2v=01;35:*.mkv=01;35:*.webm=01;35:*.webp=01;35:*.ogm=01;35:*.mp4=01;35:*.m4v=01;35:*.mp4v=01;35:*.vob=01;35:*.qt=01;35:*.nuv=01;35:*.wmv=01;35:*.asf=01;35:*.rm=01;35:*.rmvb=01;35:*.flc=01;35:*.avi=01;35:*.fli=01;35:*.flv=01;35:*.gl=01;35:*.dl=01;35:*.xcf=01;35:*.xwd=01;35:*.yuv=01;35:*.cgm=01;35:*.emf=01;35:*.ogv=01;35:*.ogx=01;35:*.aac=00;36:*.au=00;36:*.flac=00;36:*.m4a=00;36:*.mid=00;36:*.midi=00;36:*.mka=00;36:*.mp3=00;36:*.mpc=00;36:*.ogg=00;36:*.ra=00;36:*.wav=00;36:*.oga=00;36:*.opus=00;36:*.spx=00;36:*.xspf=00;36:', 'SSH_AGENT_LAUNCHER': 'gnome-keyring', 'SSH_AUTH_SOCK': '/run/user/1001/keyring/ssh', 'AMENT_PREFIX_PATH': '/home/robotics/ros2_cobot/install/mycobot_description:/opt/ros/humble', 'SHELL': '/bin/bash', 'TERMINATOR_UUID': 'urn:uuid:f2f89f62-91b9-4d3d-9090-78fd66b7b1db', 'QT_ACCESSIBILITY': '1', 'GDMSESSION': 'ubuntu', 'LESSCLOSE': '/usr/bin/lesspipe %s %s', 'GJS_DEBUG_OUTPUT': 'stderr', 'QT_IM_MODULE': 'ibus', 'PWD': '/home/robotics/ros2_cobot/build/mycobot_600', 'LC_ALL': 'en_US.UTF-8', 'XDG_CONFIG_DIRS': '/etc/xdg/xdg-ubuntu:/etc/xdg', 'XDG_DATA_DIRS': '/usr/share/ubuntu:/usr/local/share/:/usr/share/:/var/lib/snapd/desktop', 'PYTHONPATH': '/home/robotics/ros2_cobot/build/mycobot_600/prefix_override:/usr/lib/python3/dist-packages/colcon_core/task/python/colcon_distutils_commands:/home/robotics/ros2_cobot/install/mycobot_600/lib/python3.10/site-packages:/home/robotics/ros2_cobot/install/mycobot_description/lib/python3.10/site-packages:/opt/ros/humble/lib/python3.10/site-packages:/opt/ros/humble/local/lib/python3.10/dist-packages', 'COLCON': '1', 'VTE_VERSION': '6800'}, 'shell': False}
[8.240123] (-) TimerEvent: {}
[8.243986] (mycobot_320) CommandEnded: {'returncode': 0}
[8.248983] (mycobot_320) JobEnded: {'identifier': 'mycobot_320', 'rc': 0}
[8.250230] (mycobot_320_riscv) CommandEnded: {'returncode': 0}
[8.256063] (mycobot_320_riscv) JobEnded: {'identifier': 'mycobot_320_riscv', 'rc': 0}
[8.258921] (mycobot_320pi) CommandEnded: {'returncode': 0}
[8.267732] (mycobot_320pi) JobEnded: {'identifier': 'mycobot_320pi', 'rc': 0}
[8.338901] (myarm_c650) Command: {'cmd': ['/usr/bin/python3', '-W', 'ignore:setup.py install is deprecated', '-W', 'ignore:easy_install command is deprecated', 'setup.py', 'egg_info', '--egg-base', '../../../../build/myarm_c650', 'build', '--build-base', '/home/robotics/ros2_cobot/build/myarm_c650/build', 'install', '--record', '/home/robotics/ros2_cobot/build/myarm_c650/install.log', '--single-version-externally-managed', 'install_data'], 'cwd': '/home/robotics/ros2_cobot/src/mycobot_ros2/myArm/myarm_c650', 'env': {'GJS_DEBUG_TOPICS': 'JS ERROR;JS LOG', 'LESSOPEN': '| /usr/bin/lesspipe %s', 'LANGUAGE': 'en_CA:en', 'USER': 'robotics', 'XDG_SESSION_TYPE': 'wayland', 'SHLVL': '1', 'LD_LIBRARY_PATH': '/home/robotics/ros2_cobot/install/mycobot_interfaces/lib:/opt/ros/humble/opt/rviz_ogre_vendor/lib:/opt/ros/humble/lib/x86_64-linux-gnu:/opt/ros/humble/lib', 'HOME': '/home/robotics', 'OLDPWD': '/home/robotics', 'DESKTOP_SESSION': 'ubuntu', 'GIO_LAUNCHED_DESKTOP_FILE': '/usr/share/applications/terminator.desktop', 'ROS_PYTHON_VERSION': '3', 'GNOME_SHELL_SESSION_MODE': 'ubuntu', 'GTK_MODULES': 'gail:atk-bridge', 'MANAGERPID': '2208', 'SYSTEMD_EXEC_PID': '2385', 'DBUS_SESSION_BUS_ADDRESS': 'unix:path=/run/user/1001/bus', 'COLORTERM': 'truecolor', 'TERMINATOR_DBUS_NAME': 'net.tenshu.Terminator25ef4b219e3b005583550f2b0f9f990c3', 'LIBVIRT_DEFAULT_URI': 'qemu:///system', 'GIO_LAUNCHED_DESKTOP_FILE_PID': '5985', 'IM_CONFIG_PHASE': '1', 'WAYLAND_DISPLAY': 'wayland-0', 'ROS_DISTRO': 'humble', 'LOGNAME': 'robotics', 'JOURNAL_STREAM': '8:11736', '_': '/usr/bin/colcon', 'ROS_VERSION': '2', 'XDG_SESSION_CLASS': 'user', 'USERNAME': 'robotics', 'TERM': 'xterm-256color', 'GNOME_DESKTOP_SESSION_ID': 'this-is-deprecated', 'ROS_LOCALHOST_ONLY': '0', 'PATH': '/opt/ros/humble/bin:/home/robotics/.local/bin:/usr/local/sbin:/usr/local/bin:/usr/sbin:/usr/bin:/sbin:/bin:/usr/games:/usr/local/games:/snap/bin:/snap/bin', 'SESSION_MANAGER': 'local/scapula:@/tmp/.ICE-unix/2355,unix/scapula:/tmp/.ICE-unix/2355', 'INVOCATION_ID': 'e345590a299a451da04fa5520e75bdac', 'XDG_MENU_PREFIX': 'gnome-', 'GNOME_SETUP_DISPLAY': ':1', 'XDG_RUNTIME_DIR': '/run/user/1001', 'DISPLAY': ':0', 'TERMINATOR_DBUS_PATH': '/net/tenshu/Terminator2', 'LANG': 'en_US.UTF-8', 'XDG_CURRENT_DESKTOP': 'ubuntu:GNOME', 'XMODIFIERS': '@im=ibus', 'XDG_SESSION_DESKTOP': 'ubuntu', 'XAUTHORITY': '/run/user/1001/.mutter-Xwaylandauth.C2D0D3', 'LS_COLORS': 'rs=0:di=01;34:ln=01;36:mh=00:pi=40;33:so=01;35:do=01;35:bd=40;33;01:cd=40;33;01:or=40;31;01:mi=00:su=37;41:sg=30;43:ca=30;41:tw=30;42:ow=34;42:st=37;44:ex=01;32:*.tar=01;31:*.tgz=01;31:*.arc=01;31:*.arj=01;31:*.taz=01;31:*.lha=01;31:*.lz4=01;31:*.lzh=01;31:*.lzma=01;31:*.tlz=01;31:*.txz=01;31:*.tzo=01;31:*.t7z=01;31:*.zip=01;31:*.z=01;31:*.dz=01;31:*.gz=01;31:*.lrz=01;31:*.lz=01;31:*.lzo=01;31:*.xz=01;31:*.zst=01;31:*.tzst=01;31:*.bz2=01;31:*.bz=01;31:*.tbz=01;31:*.tbz2=01;31:*.tz=01;31:*.deb=01;31:*.rpm=01;31:*.jar=01;31:*.war=01;31:*.ear=01;31:*.sar=01;31:*.rar=01;31:*.alz=01;31:*.ace=01;31:*.zoo=01;31:*.cpio=01;31:*.7z=01;31:*.rz=01;31:*.cab=01;31:*.wim=01;31:*.swm=01;31:*.dwm=01;31:*.esd=01;31:*.jpg=01;35:*.jpeg=01;35:*.mjpg=01;35:*.mjpeg=01;35:*.gif=01;35:*.bmp=01;35:*.pbm=01;35:*.pgm=01;35:*.ppm=01;35:*.tga=01;35:*.xbm=01;35:*.xpm=01;35:*.tif=01;35:*.tiff=01;35:*.png=01;35:*.svg=01;35:*.svgz=01;35:*.mng=01;35:*.pcx=01;35:*.mov=01;35:*.mpg=01;35:*.mpeg=01;35:*.m2v=01;35:*.mkv=01;35:*.webm=01;35:*.webp=01;35:*.ogm=01;35:*.mp4=01;35:*.m4v=01;35:*.mp4v=01;35:*.vob=01;35:*.qt=01;35:*.nuv=01;35:*.wmv=01;35:*.asf=01;35:*.rm=01;35:*.rmvb=01;35:*.flc=01;35:*.avi=01;35:*.fli=01;35:*.flv=01;35:*.gl=01;35:*.dl=01;35:*.xcf=01;35:*.xwd=01;35:*.yuv=01;35:*.cgm=01;35:*.emf=01;35:*.ogv=01;35:*.ogx=01;35:*.aac=00;36:*.au=00;36:*.flac=00;36:*.m4a=00;36:*.mid=00;36:*.midi=00;36:*.mka=00;36:*.mp3=00;36:*.mpc=00;36:*.ogg=00;36:*.ra=00;36:*.wav=00;36:*.oga=00;36:*.opus=00;36:*.spx=00;36:*.xspf=00;36:', 'SSH_AGENT_LAUNCHER': 'gnome-keyring', 'SSH_AUTH_SOCK': '/run/user/1001/keyring/ssh', 'AMENT_PREFIX_PATH': '/home/robotics/ros2_cobot/install/mycobot_communication:/home/robotics/ros2_cobot/install/mycobot_interfaces:/home/robotics/ros2_cobot/install/mycobot_description:/opt/ros/humble', 'SHELL': '/bin/bash', 'TERMINATOR_UUID': 'urn:uuid:f2f89f62-91b9-4d3d-9090-78fd66b7b1db', 'QT_ACCESSIBILITY': '1', 'GDMSESSION': 'ubuntu', 'LESSCLOSE': '/usr/bin/lesspipe %s %s', 'GJS_DEBUG_OUTPUT': 'stderr', 'QT_IM_MODULE': 'ibus', 'PWD': '/home/robotics/ros2_cobot/build/myarm_c650', 'LC_ALL': 'en_US.UTF-8', 'XDG_CONFIG_DIRS': '/etc/xdg/xdg-ubuntu:/etc/xdg', 'XDG_DATA_DIRS': '/usr/share/ubuntu:/usr/local/share/:/usr/share/:/var/lib/snapd/desktop', 'PYTHONPATH': '/home/robotics/ros2_cobot/build/myarm_c650/prefix_override:/usr/lib/python3/dist-packages/colcon_core/task/python/colcon_distutils_commands:/home/robotics/ros2_cobot/install/myarm_c650/lib/python3.10/site-packages:/home/robotics/ros2_cobot/install/mycobot_communication/lib/python3.10/site-packages:/home/robotics/ros2_cobot/install/mycobot_interfaces/local/lib/python3.10/dist-packages:/home/robotics/ros2_cobot/install/mycobot_description/lib/python3.10/site-packages:/opt/ros/humble/lib/python3.10/site-packages:/opt/ros/humble/local/lib/python3.10/dist-packages', 'COLCON': '1', 'VTE_VERSION': '6800', 'CMAKE_PREFIX_PATH': '/home/robotics/ros2_cobot/install/mycobot_interfaces'}, 'shell': False}
[8.340733] (-) TimerEvent: {}
[8.348505] (mypalletizer_260) Command: {'cmd': ['/usr/bin/python3', '-W', 'ignore:setup.py install is deprecated', '-W', 'ignore:easy_install command is deprecated', 'setup.py', 'egg_info', '--egg-base', '../../../../build/mypalletizer_260', 'build', '--build-base', '/home/robotics/ros2_cobot/build/mypalletizer_260/build', 'install', '--record', '/home/robotics/ros2_cobot/build/mypalletizer_260/install.log', '--single-version-externally-managed', 'install_data'], 'cwd': '/home/robotics/ros2_cobot/src/mycobot_ros2/mypalletizer_260/mypalletizer_260', 'env': {'GJS_DEBUG_TOPICS': 'JS ERROR;JS LOG', 'LESSOPEN': '| /usr/bin/lesspipe %s', 'LANGUAGE': 'en_CA:en', 'USER': 'robotics', 'XDG_SESSION_TYPE': 'wayland', 'SHLVL': '1', 'LD_LIBRARY_PATH': '/opt/ros/humble/opt/rviz_ogre_vendor/lib:/opt/ros/humble/lib/x86_64-linux-gnu:/opt/ros/humble/lib', 'HOME': '/home/robotics', 'OLDPWD': '/home/robotics', 'DESKTOP_SESSION': 'ubuntu', 'GIO_LAUNCHED_DESKTOP_FILE': '/usr/share/applications/terminator.desktop', 'ROS_PYTHON_VERSION': '3', 'GNOME_SHELL_SESSION_MODE': 'ubuntu', 'GTK_MODULES': 'gail:atk-bridge', 'MANAGERPID': '2208', 'SYSTEMD_EXEC_PID': '2385', 'DBUS_SESSION_BUS_ADDRESS': 'unix:path=/run/user/1001/bus', 'COLORTERM': 'truecolor', 'TERMINATOR_DBUS_NAME': 'net.tenshu.Terminator25ef4b219e3b005583550f2b0f9f990c3', 'LIBVIRT_DEFAULT_URI': 'qemu:///system', 'GIO_LAUNCHED_DESKTOP_FILE_PID': '5985', 'IM_CONFIG_PHASE': '1', 'WAYLAND_DISPLAY': 'wayland-0', 'ROS_DISTRO': 'humble', 'LOGNAME': 'robotics', 'JOURNAL_STREAM': '8:11736', '_': '/usr/bin/colcon', 'ROS_VERSION': '2', 'XDG_SESSION_CLASS': 'user', 'USERNAME': 'robotics', 'TERM': 'xterm-256color', 'GNOME_DESKTOP_SESSION_ID': 'this-is-deprecated', 'ROS_LOCALHOST_ONLY': '0', 'PATH': '/opt/ros/humble/bin:/home/robotics/.local/bin:/usr/local/sbin:/usr/local/bin:/usr/sbin:/usr/bin:/sbin:/bin:/usr/games:/usr/local/games:/snap/bin:/snap/bin', 'SESSION_MANAGER': 'local/scapula:@/tmp/.ICE-unix/2355,unix/scapula:/tmp/.ICE-unix/2355', 'INVOCATION_ID': 'e345590a299a451da04fa5520e75bdac', 'XDG_MENU_PREFIX': 'gnome-', 'GNOME_SETUP_DISPLAY': ':1', 'XDG_RUNTIME_DIR': '/run/user/1001', 'DISPLAY': ':0', 'TERMINATOR_DBUS_PATH': '/net/tenshu/Terminator2', 'LANG': 'en_US.UTF-8', 'XDG_CURRENT_DESKTOP': 'ubuntu:GNOME', 'XMODIFIERS': '@im=ibus', 'XDG_SESSION_DESKTOP': 'ubuntu', 'XAUTHORITY': '/run/user/1001/.mutter-Xwaylandauth.C2D0D3', 'LS_COLORS': 'rs=0:di=01;34:ln=01;36:mh=00:pi=40;33:so=01;35:do=01;35:bd=40;33;01:cd=40;33;01:or=40;31;01:mi=00:su=37;41:sg=30;43:ca=30;41:tw=30;42:ow=34;42:st=37;44:ex=01;32:*.tar=01;31:*.tgz=01;31:*.arc=01;31:*.arj=01;31:*.taz=01;31:*.lha=01;31:*.lz4=01;31:*.lzh=01;31:*.lzma=01;31:*.tlz=01;31:*.txz=01;31:*.tzo=01;31:*.t7z=01;31:*.zip=01;31:*.z=01;31:*.dz=01;31:*.gz=01;31:*.lrz=01;31:*.lz=01;31:*.lzo=01;31:*.xz=01;31:*.zst=01;31:*.tzst=01;31:*.bz2=01;31:*.bz=01;31:*.tbz=01;31:*.tbz2=01;31:*.tz=01;31:*.deb=01;31:*.rpm=01;31:*.jar=01;31:*.war=01;31:*.ear=01;31:*.sar=01;31:*.rar=01;31:*.alz=01;31:*.ace=01;31:*.zoo=01;31:*.cpio=01;31:*.7z=01;31:*.rz=01;31:*.cab=01;31:*.wim=01;31:*.swm=01;31:*.dwm=01;31:*.esd=01;31:*.jpg=01;35:*.jpeg=01;35:*.mjpg=01;35:*.mjpeg=01;35:*.gif=01;35:*.bmp=01;35:*.pbm=01;35:*.pgm=01;35:*.ppm=01;35:*.tga=01;35:*.xbm=01;35:*.xpm=01;35:*.tif=01;35:*.tiff=01;35:*.png=01;35:*.svg=01;35:*.svgz=01;35:*.mng=01;35:*.pcx=01;35:*.mov=01;35:*.mpg=01;35:*.mpeg=01;35:*.m2v=01;35:*.mkv=01;35:*.webm=01;35:*.webp=01;35:*.ogm=01;35:*.mp4=01;35:*.m4v=01;35:*.mp4v=01;35:*.vob=01;35:*.qt=01;35:*.nuv=01;35:*.wmv=01;35:*.asf=01;35:*.rm=01;35:*.rmvb=01;35:*.flc=01;35:*.avi=01;35:*.fli=01;35:*.flv=01;35:*.gl=01;35:*.dl=01;35:*.xcf=01;35:*.xwd=01;35:*.yuv=01;35:*.cgm=01;35:*.emf=01;35:*.ogv=01;35:*.ogx=01;35:*.aac=00;36:*.au=00;36:*.flac=00;36:*.m4a=00;36:*.mid=00;36:*.midi=00;36:*.mka=00;36:*.mp3=00;36:*.mpc=00;36:*.ogg=00;36:*.ra=00;36:*.wav=00;36:*.oga=00;36:*.opus=00;36:*.spx=00;36:*.xspf=00;36:', 'SSH_AGENT_LAUNCHER': 'gnome-keyring', 'SSH_AUTH_SOCK': '/run/user/1001/keyring/ssh', 'AMENT_PREFIX_PATH': '/home/robotics/ros2_cobot/install/mycobot_description:/opt/ros/humble', 'SHELL': '/bin/bash', 'TERMINATOR_UUID': 'urn:uuid:f2f89f62-91b9-4d3d-9090-78fd66b7b1db', 'QT_ACCESSIBILITY': '1', 'GDMSESSION': 'ubuntu', 'LESSCLOSE': '/usr/bin/lesspipe %s %s', 'GJS_DEBUG_OUTPUT': 'stderr', 'QT_IM_MODULE': 'ibus', 'PWD': '/home/robotics/ros2_cobot/build/mypalletizer_260', 'LC_ALL': 'en_US.UTF-8', 'XDG_CONFIG_DIRS': '/etc/xdg/xdg-ubuntu:/etc/xdg', 'XDG_DATA_DIRS': '/usr/share/ubuntu:/usr/local/share/:/usr/share/:/var/lib/snapd/desktop', 'PYTHONPATH': '/home/robotics/ros2_cobot/build/mypalletizer_260/prefix_override:/usr/lib/python3/dist-packages/colcon_core/task/python/colcon_distutils_commands:/home/robotics/ros2_cobot/install/mypalletizer_260/lib/python3.10/site-packages:/home/robotics/ros2_cobot/install/mycobot_description/lib/python3.10/site-packages:/opt/ros/humble/lib/python3.10/site-packages:/opt/ros/humble/local/lib/python3.10/dist-packages', 'COLCON': '1', 'VTE_VERSION': '6800'}, 'shell': False}
[8.351783] (mypalletizer_260_pi) Command: {'cmd': ['/usr/bin/python3', '-W', 'ignore:setup.py install is deprecated', '-W', 'ignore:easy_install command is deprecated', 'setup.py', 'egg_info', '--egg-base', '../../../../build/mypalletizer_260_pi', 'build', '--build-base', '/home/robotics/ros2_cobot/build/mypalletizer_260_pi/build', 'install', '--record', '/home/robotics/ros2_cobot/build/mypalletizer_260_pi/install.log', '--single-version-externally-managed', 'install_data'], 'cwd': '/home/robotics/ros2_cobot/src/mycobot_ros2/mypalletizer_260/mypalletizer_260_pi', 'env': {'GJS_DEBUG_TOPICS': 'JS ERROR;JS LOG', 'LESSOPEN': '| /usr/bin/lesspipe %s', 'LANGUAGE': 'en_CA:en', 'USER': 'robotics', 'XDG_SESSION_TYPE': 'wayland', 'SHLVL': '1', 'LD_LIBRARY_PATH': '/opt/ros/humble/opt/rviz_ogre_vendor/lib:/opt/ros/humble/lib/x86_64-linux-gnu:/opt/ros/humble/lib', 'HOME': '/home/robotics', 'OLDPWD': '/home/robotics', 'DESKTOP_SESSION': 'ubuntu', 'GIO_LAUNCHED_DESKTOP_FILE': '/usr/share/applications/terminator.desktop', 'ROS_PYTHON_VERSION': '3', 'GNOME_SHELL_SESSION_MODE': 'ubuntu', 'GTK_MODULES': 'gail:atk-bridge', 'MANAGERPID': '2208', 'SYSTEMD_EXEC_PID': '2385', 'DBUS_SESSION_BUS_ADDRESS': 'unix:path=/run/user/1001/bus', 'COLORTERM': 'truecolor', 'TERMINATOR_DBUS_NAME': 'net.tenshu.Terminator25ef4b219e3b005583550f2b0f9f990c3', 'LIBVIRT_DEFAULT_URI': 'qemu:///system', 'GIO_LAUNCHED_DESKTOP_FILE_PID': '5985', 'IM_CONFIG_PHASE': '1', 'WAYLAND_DISPLAY': 'wayland-0', 'ROS_DISTRO': 'humble', 'LOGNAME': 'robotics', 'JOURNAL_STREAM': '8:11736', '_': '/usr/bin/colcon', 'ROS_VERSION': '2', 'XDG_SESSION_CLASS': 'user', 'USERNAME': 'robotics', 'TERM': 'xterm-256color', 'GNOME_DESKTOP_SESSION_ID': 'this-is-deprecated', 'ROS_LOCALHOST_ONLY': '0', 'PATH': '/opt/ros/humble/bin:/home/robotics/.local/bin:/usr/local/sbin:/usr/local/bin:/usr/sbin:/usr/bin:/sbin:/bin:/usr/games:/usr/local/games:/snap/bin:/snap/bin', 'SESSION_MANAGER': 'local/scapula:@/tmp/.ICE-unix/2355,unix/scapula:/tmp/.ICE-unix/2355', 'INVOCATION_ID': 'e345590a299a451da04fa5520e75bdac', 'XDG_MENU_PREFIX': 'gnome-', 'GNOME_SETUP_DISPLAY': ':1', 'XDG_RUNTIME_DIR': '/run/user/1001', 'DISPLAY': ':0', 'TERMINATOR_DBUS_PATH': '/net/tenshu/Terminator2', 'LANG': 'en_US.UTF-8', 'XDG_CURRENT_DESKTOP': 'ubuntu:GNOME', 'XMODIFIERS': '@im=ibus', 'XDG_SESSION_DESKTOP': 'ubuntu', 'XAUTHORITY': '/run/user/1001/.mutter-Xwaylandauth.C2D0D3', 'LS_COLORS': 'rs=0:di=01;34:ln=01;36:mh=00:pi=40;33:so=01;35:do=01;35:bd=40;33;01:cd=40;33;01:or=40;31;01:mi=00:su=37;41:sg=30;43:ca=30;41:tw=30;42:ow=34;42:st=37;44:ex=01;32:*.tar=01;31:*.tgz=01;31:*.arc=01;31:*.arj=01;31:*.taz=01;31:*.lha=01;31:*.lz4=01;31:*.lzh=01;31:*.lzma=01;31:*.tlz=01;31:*.txz=01;31:*.tzo=01;31:*.t7z=01;31:*.zip=01;31:*.z=01;31:*.dz=01;31:*.gz=01;31:*.lrz=01;31:*.lz=01;31:*.lzo=01;31:*.xz=01;31:*.zst=01;31:*.tzst=01;31:*.bz2=01;31:*.bz=01;31:*.tbz=01;31:*.tbz2=01;31:*.tz=01;31:*.deb=01;31:*.rpm=01;31:*.jar=01;31:*.war=01;31:*.ear=01;31:*.sar=01;31:*.rar=01;31:*.alz=01;31:*.ace=01;31:*.zoo=01;31:*.cpio=01;31:*.7z=01;31:*.rz=01;31:*.cab=01;31:*.wim=01;31:*.swm=01;31:*.dwm=01;31:*.esd=01;31:*.jpg=01;35:*.jpeg=01;35:*.mjpg=01;35:*.mjpeg=01;35:*.gif=01;35:*.bmp=01;35:*.pbm=01;35:*.pgm=01;35:*.ppm=01;35:*.tga=01;35:*.xbm=01;35:*.xpm=01;35:*.tif=01;35:*.tiff=01;35:*.png=01;35:*.svg=01;35:*.svgz=01;35:*.mng=01;35:*.pcx=01;35:*.mov=01;35:*.mpg=01;35:*.mpeg=01;35:*.m2v=01;35:*.mkv=01;35:*.webm=01;35:*.webp=01;35:*.ogm=01;35:*.mp4=01;35:*.m4v=01;35:*.mp4v=01;35:*.vob=01;35:*.qt=01;35:*.nuv=01;35:*.wmv=01;35:*.asf=01;35:*.rm=01;35:*.rmvb=01;35:*.flc=01;35:*.avi=01;35:*.fli=01;35:*.flv=01;35:*.gl=01;35:*.dl=01;35:*.xcf=01;35:*.xwd=01;35:*.yuv=01;35:*.cgm=01;35:*.emf=01;35:*.ogv=01;35:*.ogx=01;35:*.aac=00;36:*.au=00;36:*.flac=00;36:*.m4a=00;36:*.mid=00;36:*.midi=00;36:*.mka=00;36:*.mp3=00;36:*.mpc=00;36:*.ogg=00;36:*.ra=00;36:*.wav=00;36:*.oga=00;36:*.opus=00;36:*.spx=00;36:*.xspf=00;36:', 'SSH_AGENT_LAUNCHER': 'gnome-keyring', 'SSH_AUTH_SOCK': '/run/user/1001/keyring/ssh', 'AMENT_PREFIX_PATH': '/home/robotics/ros2_cobot/install/mycobot_description:/opt/ros/humble', 'SHELL': '/bin/bash', 'TERMINATOR_UUID': 'urn:uuid:f2f89f62-91b9-4d3d-9090-78fd66b7b1db', 'QT_ACCESSIBILITY': '1', 'GDMSESSION': 'ubuntu', 'LESSCLOSE': '/usr/bin/lesspipe %s %s', 'GJS_DEBUG_OUTPUT': 'stderr', 'QT_IM_MODULE': 'ibus', 'PWD': '/home/robotics/ros2_cobot/build/mypalletizer_260_pi', 'LC_ALL': 'en_US.UTF-8', 'XDG_CONFIG_DIRS': '/etc/xdg/xdg-ubuntu:/etc/xdg', 'XDG_DATA_DIRS': '/usr/share/ubuntu:/usr/local/share/:/usr/share/:/var/lib/snapd/desktop', 'PYTHONPATH': '/home/robotics/ros2_cobot/build/mypalletizer_260_pi/prefix_override:/usr/lib/python3/dist-packages/colcon_core/task/python/colcon_distutils_commands:/home/robotics/ros2_cobot/install/mypalletizer_260_pi/lib/python3.10/site-packages:/home/robotics/ros2_cobot/install/mycobot_description/lib/python3.10/site-packages:/opt/ros/humble/lib/python3.10/site-packages:/opt/ros/humble/local/lib/python3.10/dist-packages', 'COLCON': '1', 'VTE_VERSION': '6800'}, 'shell': False}
[8.353876] (myarm_m750) Command: {'cmd': ['/usr/bin/python3', '-W', 'ignore:setup.py install is deprecated', '-W', 'ignore:easy_install command is deprecated', 'setup.py', 'egg_info', '--egg-base', '../../../../build/myarm_m750', 'build', '--build-base', '/home/robotics/ros2_cobot/build/myarm_m750/build', 'install', '--record', '/home/robotics/ros2_cobot/build/myarm_m750/install.log', '--single-version-externally-managed', 'install_data'], 'cwd': '/home/robotics/ros2_cobot/src/mycobot_ros2/myArm/myarm_m750', 'env': {'GJS_DEBUG_TOPICS': 'JS ERROR;JS LOG', 'LESSOPEN': '| /usr/bin/lesspipe %s', 'LANGUAGE': 'en_CA:en', 'USER': 'robotics', 'XDG_SESSION_TYPE': 'wayland', 'SHLVL': '1', 'LD_LIBRARY_PATH': '/home/robotics/ros2_cobot/install/mycobot_interfaces/lib:/opt/ros/humble/opt/rviz_ogre_vendor/lib:/opt/ros/humble/lib/x86_64-linux-gnu:/opt/ros/humble/lib', 'HOME': '/home/robotics', 'OLDPWD': '/home/robotics', 'DESKTOP_SESSION': 'ubuntu', 'GIO_LAUNCHED_DESKTOP_FILE': '/usr/share/applications/terminator.desktop', 'ROS_PYTHON_VERSION': '3', 'GNOME_SHELL_SESSION_MODE': 'ubuntu', 'GTK_MODULES': 'gail:atk-bridge', 'MANAGERPID': '2208', 'SYSTEMD_EXEC_PID': '2385', 'DBUS_SESSION_BUS_ADDRESS': 'unix:path=/run/user/1001/bus', 'COLORTERM': 'truecolor', 'TERMINATOR_DBUS_NAME': 'net.tenshu.Terminator25ef4b219e3b005583550f2b0f9f990c3', 'LIBVIRT_DEFAULT_URI': 'qemu:///system', 'GIO_LAUNCHED_DESKTOP_FILE_PID': '5985', 'IM_CONFIG_PHASE': '1', 'WAYLAND_DISPLAY': 'wayland-0', 'ROS_DISTRO': 'humble', 'LOGNAME': 'robotics', 'JOURNAL_STREAM': '8:11736', '_': '/usr/bin/colcon', 'ROS_VERSION': '2', 'XDG_SESSION_CLASS': 'user', 'USERNAME': 'robotics', 'TERM': 'xterm-256color', 'GNOME_DESKTOP_SESSION_ID': 'this-is-deprecated', 'ROS_LOCALHOST_ONLY': '0', 'PATH': '/opt/ros/humble/bin:/home/robotics/.local/bin:/usr/local/sbin:/usr/local/bin:/usr/sbin:/usr/bin:/sbin:/bin:/usr/games:/usr/local/games:/snap/bin:/snap/bin', 'SESSION_MANAGER': 'local/scapula:@/tmp/.ICE-unix/2355,unix/scapula:/tmp/.ICE-unix/2355', 'INVOCATION_ID': 'e345590a299a451da04fa5520e75bdac', 'XDG_MENU_PREFIX': 'gnome-', 'GNOME_SETUP_DISPLAY': ':1', 'XDG_RUNTIME_DIR': '/run/user/1001', 'DISPLAY': ':0', 'TERMINATOR_DBUS_PATH': '/net/tenshu/Terminator2', 'LANG': 'en_US.UTF-8', 'XDG_CURRENT_DESKTOP': 'ubuntu:GNOME', 'XMODIFIERS': '@im=ibus', 'XDG_SESSION_DESKTOP': 'ubuntu', 'XAUTHORITY': '/run/user/1001/.mutter-Xwaylandauth.C2D0D3', 'LS_COLORS': 'rs=0:di=01;34:ln=01;36:mh=00:pi=40;33:so=01;35:do=01;35:bd=40;33;01:cd=40;33;01:or=40;31;01:mi=00:su=37;41:sg=30;43:ca=30;41:tw=30;42:ow=34;42:st=37;44:ex=01;32:*.tar=01;31:*.tgz=01;31:*.arc=01;31:*.arj=01;31:*.taz=01;31:*.lha=01;31:*.lz4=01;31:*.lzh=01;31:*.lzma=01;31:*.tlz=01;31:*.txz=01;31:*.tzo=01;31:*.t7z=01;31:*.zip=01;31:*.z=01;31:*.dz=01;31:*.gz=01;31:*.lrz=01;31:*.lz=01;31:*.lzo=01;31:*.xz=01;31:*.zst=01;31:*.tzst=01;31:*.bz2=01;31:*.bz=01;31:*.tbz=01;31:*.tbz2=01;31:*.tz=01;31:*.deb=01;31:*.rpm=01;31:*.jar=01;31:*.war=01;31:*.ear=01;31:*.sar=01;31:*.rar=01;31:*.alz=01;31:*.ace=01;31:*.zoo=01;31:*.cpio=01;31:*.7z=01;31:*.rz=01;31:*.cab=01;31:*.wim=01;31:*.swm=01;31:*.dwm=01;31:*.esd=01;31:*.jpg=01;35:*.jpeg=01;35:*.mjpg=01;35:*.mjpeg=01;35:*.gif=01;35:*.bmp=01;35:*.pbm=01;35:*.pgm=01;35:*.ppm=01;35:*.tga=01;35:*.xbm=01;35:*.xpm=01;35:*.tif=01;35:*.tiff=01;35:*.png=01;35:*.svg=01;35:*.svgz=01;35:*.mng=01;35:*.pcx=01;35:*.mov=01;35:*.mpg=01;35:*.mpeg=01;35:*.m2v=01;35:*.mkv=01;35:*.webm=01;35:*.webp=01;35:*.ogm=01;35:*.mp4=01;35:*.m4v=01;35:*.mp4v=01;35:*.vob=01;35:*.qt=01;35:*.nuv=01;35:*.wmv=01;35:*.asf=01;35:*.rm=01;35:*.rmvb=01;35:*.flc=01;35:*.avi=01;35:*.fli=01;35:*.flv=01;35:*.gl=01;35:*.dl=01;35:*.xcf=01;35:*.xwd=01;35:*.yuv=01;35:*.cgm=01;35:*.emf=01;35:*.ogv=01;35:*.ogx=01;35:*.aac=00;36:*.au=00;36:*.flac=00;36:*.m4a=00;36:*.mid=00;36:*.midi=00;36:*.mka=00;36:*.mp3=00;36:*.mpc=00;36:*.ogg=00;36:*.ra=00;36:*.wav=00;36:*.oga=00;36:*.opus=00;36:*.spx=00;36:*.xspf=00;36:', 'SSH_AGENT_LAUNCHER': 'gnome-keyring', 'SSH_AUTH_SOCK': '/run/user/1001/keyring/ssh', 'AMENT_PREFIX_PATH': '/home/robotics/ros2_cobot/install/mycobot_communication:/home/robotics/ros2_cobot/install/mycobot_interfaces:/home/robotics/ros2_cobot/install/mycobot_description:/opt/ros/humble', 'SHELL': '/bin/bash', 'TERMINATOR_UUID': 'urn:uuid:f2f89f62-91b9-4d3d-9090-78fd66b7b1db', 'QT_ACCESSIBILITY': '1', 'GDMSESSION': 'ubuntu', 'LESSCLOSE': '/usr/bin/lesspipe %s %s', 'GJS_DEBUG_OUTPUT': 'stderr', 'QT_IM_MODULE': 'ibus', 'PWD': '/home/robotics/ros2_cobot/build/myarm_m750', 'LC_ALL': 'en_US.UTF-8', 'XDG_CONFIG_DIRS': '/etc/xdg/xdg-ubuntu:/etc/xdg', 'XDG_DATA_DIRS': '/usr/share/ubuntu:/usr/local/share/:/usr/share/:/var/lib/snapd/desktop', 'PYTHONPATH': '/home/robotics/ros2_cobot/build/myarm_m750/prefix_override:/usr/lib/python3/dist-packages/colcon_core/task/python/colcon_distutils_commands:/home/robotics/ros2_cobot/install/myarm_m750/lib/python3.10/site-packages:/home/robotics/ros2_cobot/install/mycobot_communication/lib/python3.10/site-packages:/home/robotics/ros2_cobot/install/mycobot_interfaces/local/lib/python3.10/dist-packages:/home/robotics/ros2_cobot/install/mycobot_description/lib/python3.10/site-packages:/opt/ros/humble/lib/python3.10/site-packages:/opt/ros/humble/local/lib/python3.10/dist-packages', 'COLCON': '1', 'VTE_VERSION': '6800', 'CMAKE_PREFIX_PATH': '/home/robotics/ros2_cobot/install/mycobot_interfaces'}, 'shell': False}
[8.356585] (mycobot_280_rdkx5) Command: {'cmd': ['/usr/bin/python3', '-W', 'ignore:setup.py install is deprecated', '-W', 'ignore:easy_install command is deprecated', 'setup.py', 'egg_info', '--egg-base', '../../../../build/mycobot_280_rdkx5', 'build', '--build-base', '/home/robotics/ros2_cobot/build/mycobot_280_rdkx5/build', 'install', '--record', '/home/robotics/ros2_cobot/build/mycobot_280_rdkx5/install.log', '--single-version-externally-managed', 'install_data'], 'cwd': '/home/robotics/ros2_cobot/src/mycobot_ros2/mycobot_280/mycobot_280_rdkx5', 'env': {'GJS_DEBUG_TOPICS': 'JS ERROR;JS LOG', 'LESSOPEN': '| /usr/bin/lesspipe %s', 'LANGUAGE': 'en_CA:en', 'USER': 'robotics', 'XDG_SESSION_TYPE': 'wayland', 'SHLVL': '1', 'LD_LIBRARY_PATH': '/home/robotics/ros2_cobot/install/mycobot_interfaces/lib:/opt/ros/humble/opt/rviz_ogre_vendor/lib:/opt/ros/humble/lib/x86_64-linux-gnu:/opt/ros/humble/lib', 'HOME': '/home/robotics', 'OLDPWD': '/home/robotics', 'DESKTOP_SESSION': 'ubuntu', 'GIO_LAUNCHED_DESKTOP_FILE': '/usr/share/applications/terminator.desktop', 'ROS_PYTHON_VERSION': '3', 'GNOME_SHELL_SESSION_MODE': 'ubuntu', 'GTK_MODULES': 'gail:atk-bridge', 'MANAGERPID': '2208', 'SYSTEMD_EXEC_PID': '2385', 'DBUS_SESSION_BUS_ADDRESS': 'unix:path=/run/user/1001/bus', 'COLORTERM': 'truecolor', 'TERMINATOR_DBUS_NAME': 'net.tenshu.Terminator25ef4b219e3b005583550f2b0f9f990c3', 'LIBVIRT_DEFAULT_URI': 'qemu:///system', 'GIO_LAUNCHED_DESKTOP_FILE_PID': '5985', 'IM_CONFIG_PHASE': '1', 'WAYLAND_DISPLAY': 'wayland-0', 'ROS_DISTRO': 'humble', 'LOGNAME': 'robotics', 'JOURNAL_STREAM': '8:11736', '_': '/usr/bin/colcon', 'ROS_VERSION': '2', 'XDG_SESSION_CLASS': 'user', 'USERNAME': 'robotics', 'TERM': 'xterm-256color', 'GNOME_DESKTOP_SESSION_ID': 'this-is-deprecated', 'ROS_LOCALHOST_ONLY': '0', 'PATH': '/opt/ros/humble/bin:/home/robotics/.local/bin:/usr/local/sbin:/usr/local/bin:/usr/sbin:/usr/bin:/sbin:/bin:/usr/games:/usr/local/games:/snap/bin:/snap/bin', 'SESSION_MANAGER': 'local/scapula:@/tmp/.ICE-unix/2355,unix/scapula:/tmp/.ICE-unix/2355', 'INVOCATION_ID': 'e345590a299a451da04fa5520e75bdac', 'XDG_MENU_PREFIX': 'gnome-', 'GNOME_SETUP_DISPLAY': ':1', 'XDG_RUNTIME_DIR': '/run/user/1001', 'DISPLAY': ':0', 'TERMINATOR_DBUS_PATH': '/net/tenshu/Terminator2', 'LANG': 'en_US.UTF-8', 'XDG_CURRENT_DESKTOP': 'ubuntu:GNOME', 'XMODIFIERS': '@im=ibus', 'XDG_SESSION_DESKTOP': 'ubuntu', 'XAUTHORITY': '/run/user/1001/.mutter-Xwaylandauth.C2D0D3', 'LS_COLORS': 'rs=0:di=01;34:ln=01;36:mh=00:pi=40;33:so=01;35:do=01;35:bd=40;33;01:cd=40;33;01:or=40;31;01:mi=00:su=37;41:sg=30;43:ca=30;41:tw=30;42:ow=34;42:st=37;44:ex=01;32:*.tar=01;31:*.tgz=01;31:*.arc=01;31:*.arj=01;31:*.taz=01;31:*.lha=01;31:*.lz4=01;31:*.lzh=01;31:*.lzma=01;31:*.tlz=01;31:*.txz=01;31:*.tzo=01;31:*.t7z=01;31:*.zip=01;31:*.z=01;31:*.dz=01;31:*.gz=01;31:*.lrz=01;31:*.lz=01;31:*.lzo=01;31:*.xz=01;31:*.zst=01;31:*.tzst=01;31:*.bz2=01;31:*.bz=01;31:*.tbz=01;31:*.tbz2=01;31:*.tz=01;31:*.deb=01;31:*.rpm=01;31:*.jar=01;31:*.war=01;31:*.ear=01;31:*.sar=01;31:*.rar=01;31:*.alz=01;31:*.ace=01;31:*.zoo=01;31:*.cpio=01;31:*.7z=01;31:*.rz=01;31:*.cab=01;31:*.wim=01;31:*.swm=01;31:*.dwm=01;31:*.esd=01;31:*.jpg=01;35:*.jpeg=01;35:*.mjpg=01;35:*.mjpeg=01;35:*.gif=01;35:*.bmp=01;35:*.pbm=01;35:*.pgm=01;35:*.ppm=01;35:*.tga=01;35:*.xbm=01;35:*.xpm=01;35:*.tif=01;35:*.tiff=01;35:*.png=01;35:*.svg=01;35:*.svgz=01;35:*.mng=01;35:*.pcx=01;35:*.mov=01;35:*.mpg=01;35:*.mpeg=01;35:*.m2v=01;35:*.mkv=01;35:*.webm=01;35:*.webp=01;35:*.ogm=01;35:*.mp4=01;35:*.m4v=01;35:*.mp4v=01;35:*.vob=01;35:*.qt=01;35:*.nuv=01;35:*.wmv=01;35:*.asf=01;35:*.rm=01;35:*.rmvb=01;35:*.flc=01;35:*.avi=01;35:*.fli=01;35:*.flv=01;35:*.gl=01;35:*.dl=01;35:*.xcf=01;35:*.xwd=01;35:*.yuv=01;35:*.cgm=01;35:*.emf=01;35:*.ogv=01;35:*.ogx=01;35:*.aac=00;36:*.au=00;36:*.flac=00;36:*.m4a=00;36:*.mid=00;36:*.midi=00;36:*.mka=00;36:*.mp3=00;36:*.mpc=00;36:*.ogg=00;36:*.ra=00;36:*.wav=00;36:*.oga=00;36:*.opus=00;36:*.spx=00;36:*.xspf=00;36:', 'SSH_AGENT_LAUNCHER': 'gnome-keyring', 'SSH_AUTH_SOCK': '/run/user/1001/keyring/ssh', 'AMENT_PREFIX_PATH': '/home/robotics/ros2_cobot/install/mycobot_communication:/home/robotics/ros2_cobot/install/mycobot_interfaces:/home/robotics/ros2_cobot/install/mycobot_description:/opt/ros/humble', 'SHELL': '/bin/bash', 'TERMINATOR_UUID': 'urn:uuid:f2f89f62-91b9-4d3d-9090-78fd66b7b1db', 'QT_ACCESSIBILITY': '1', 'GDMSESSION': 'ubuntu', 'LESSCLOSE': '/usr/bin/lesspipe %s %s', 'GJS_DEBUG_OUTPUT': 'stderr', 'QT_IM_MODULE': 'ibus', 'PWD': '/home/robotics/ros2_cobot/build/mycobot_280_rdkx5', 'LC_ALL': 'en_US.UTF-8', 'XDG_CONFIG_DIRS': '/etc/xdg/xdg-ubuntu:/etc/xdg', 'XDG_DATA_DIRS': '/usr/share/ubuntu:/usr/local/share/:/usr/share/:/var/lib/snapd/desktop', 'PYTHONPATH': '/home/robotics/ros2_cobot/build/mycobot_280_rdkx5/prefix_override:/usr/lib/python3/dist-packages/colcon_core/task/python/colcon_distutils_commands:/home/robotics/ros2_cobot/install/mycobot_280_rdkx5/lib/python3.10/site-packages:/home/robotics/ros2_cobot/install/mycobot_communication/lib/python3.10/site-packages:/home/robotics/ros2_cobot/install/mycobot_interfaces/local/lib/python3.10/dist-packages:/home/robotics/ros2_cobot/install/mycobot_description/lib/python3.10/site-packages:/opt/ros/humble/lib/python3.10/site-packages:/opt/ros/humble/local/lib/python3.10/dist-packages', 'COLCON': '1', 'VTE_VERSION': '6800', 'CMAKE_PREFIX_PATH': '/home/robotics/ros2_cobot/install/mycobot_interfaces'}, 'shell': False}
[8.361703] (mycobot_630) Command: {'cmd': ['/usr/bin/python3', '-W', 'ignore:setup.py install is deprecated', '-W', 'ignore:easy_install command is deprecated', 'setup.py', 'egg_info', '--egg-base', '../../../../build/mycobot_630', 'build', '--build-base', '/home/robotics/ros2_cobot/build/mycobot_630/build', 'install', '--record', '/home/robotics/ros2_cobot/build/mycobot_630/install.log', '--single-version-externally-managed', 'install_data'], 'cwd': '/home/robotics/ros2_cobot/src/mycobot_ros2/mycobot_pro/mycobot_630', 'env': {'GJS_DEBUG_TOPICS': 'JS ERROR;JS LOG', 'LESSOPEN': '| /usr/bin/lesspipe %s', 'LANGUAGE': 'en_CA:en', 'USER': 'robotics', 'XDG_SESSION_TYPE': 'wayland', 'SHLVL': '1', 'LD_LIBRARY_PATH': '/opt/ros/humble/opt/rviz_ogre_vendor/lib:/opt/ros/humble/lib/x86_64-linux-gnu:/opt/ros/humble/lib', 'HOME': '/home/robotics', 'OLDPWD': '/home/robotics', 'DESKTOP_SESSION': 'ubuntu', 'GIO_LAUNCHED_DESKTOP_FILE': '/usr/share/applications/terminator.desktop', 'ROS_PYTHON_VERSION': '3', 'GNOME_SHELL_SESSION_MODE': 'ubuntu', 'GTK_MODULES': 'gail:atk-bridge', 'MANAGERPID': '2208', 'SYSTEMD_EXEC_PID': '2385', 'DBUS_SESSION_BUS_ADDRESS': 'unix:path=/run/user/1001/bus', 'COLORTERM': 'truecolor', 'TERMINATOR_DBUS_NAME': 'net.tenshu.Terminator25ef4b219e3b005583550f2b0f9f990c3', 'LIBVIRT_DEFAULT_URI': 'qemu:///system', 'GIO_LAUNCHED_DESKTOP_FILE_PID': '5985', 'IM_CONFIG_PHASE': '1', 'WAYLAND_DISPLAY': 'wayland-0', 'ROS_DISTRO': 'humble', 'LOGNAME': 'robotics', 'JOURNAL_STREAM': '8:11736', '_': '/usr/bin/colcon', 'ROS_VERSION': '2', 'XDG_SESSION_CLASS': 'user', 'USERNAME': 'robotics', 'TERM': 'xterm-256color', 'GNOME_DESKTOP_SESSION_ID': 'this-is-deprecated', 'ROS_LOCALHOST_ONLY': '0', 'PATH': '/opt/ros/humble/bin:/home/robotics/.local/bin:/usr/local/sbin:/usr/local/bin:/usr/sbin:/usr/bin:/sbin:/bin:/usr/games:/usr/local/games:/snap/bin:/snap/bin', 'SESSION_MANAGER': 'local/scapula:@/tmp/.ICE-unix/2355,unix/scapula:/tmp/.ICE-unix/2355', 'INVOCATION_ID': 'e345590a299a451da04fa5520e75bdac', 'XDG_MENU_PREFIX': 'gnome-', 'GNOME_SETUP_DISPLAY': ':1', 'XDG_RUNTIME_DIR': '/run/user/1001', 'DISPLAY': ':0', 'TERMINATOR_DBUS_PATH': '/net/tenshu/Terminator2', 'LANG': 'en_US.UTF-8', 'XDG_CURRENT_DESKTOP': 'ubuntu:GNOME', 'XMODIFIERS': '@im=ibus', 'XDG_SESSION_DESKTOP': 'ubuntu', 'XAUTHORITY': '/run/user/1001/.mutter-Xwaylandauth.C2D0D3', 'LS_COLORS': 'rs=0:di=01;34:ln=01;36:mh=00:pi=40;33:so=01;35:do=01;35:bd=40;33;01:cd=40;33;01:or=40;31;01:mi=00:su=37;41:sg=30;43:ca=30;41:tw=30;42:ow=34;42:st=37;44:ex=01;32:*.tar=01;31:*.tgz=01;31:*.arc=01;31:*.arj=01;31:*.taz=01;31:*.lha=01;31:*.lz4=01;31:*.lzh=01;31:*.lzma=01;31:*.tlz=01;31:*.txz=01;31:*.tzo=01;31:*.t7z=01;31:*.zip=01;31:*.z=01;31:*.dz=01;31:*.gz=01;31:*.lrz=01;31:*.lz=01;31:*.lzo=01;31:*.xz=01;31:*.zst=01;31:*.tzst=01;31:*.bz2=01;31:*.bz=01;31:*.tbz=01;31:*.tbz2=01;31:*.tz=01;31:*.deb=01;31:*.rpm=01;31:*.jar=01;31:*.war=01;31:*.ear=01;31:*.sar=01;31:*.rar=01;31:*.alz=01;31:*.ace=01;31:*.zoo=01;31:*.cpio=01;31:*.7z=01;31:*.rz=01;31:*.cab=01;31:*.wim=01;31:*.swm=01;31:*.dwm=01;31:*.esd=01;31:*.jpg=01;35:*.jpeg=01;35:*.mjpg=01;35:*.mjpeg=01;35:*.gif=01;35:*.bmp=01;35:*.pbm=01;35:*.pgm=01;35:*.ppm=01;35:*.tga=01;35:*.xbm=01;35:*.xpm=01;35:*.tif=01;35:*.tiff=01;35:*.png=01;35:*.svg=01;35:*.svgz=01;35:*.mng=01;35:*.pcx=01;35:*.mov=01;35:*.mpg=01;35:*.mpeg=01;35:*.m2v=01;35:*.mkv=01;35:*.webm=01;35:*.webp=01;35:*.ogm=01;35:*.mp4=01;35:*.m4v=01;35:*.mp4v=01;35:*.vob=01;35:*.qt=01;35:*.nuv=01;35:*.wmv=01;35:*.asf=01;35:*.rm=01;35:*.rmvb=01;35:*.flc=01;35:*.avi=01;35:*.fli=01;35:*.flv=01;35:*.gl=01;35:*.dl=01;35:*.xcf=01;35:*.xwd=01;35:*.yuv=01;35:*.cgm=01;35:*.emf=01;35:*.ogv=01;35:*.ogx=01;35:*.aac=00;36:*.au=00;36:*.flac=00;36:*.m4a=00;36:*.mid=00;36:*.midi=00;36:*.mka=00;36:*.mp3=00;36:*.mpc=00;36:*.ogg=00;36:*.ra=00;36:*.wav=00;36:*.oga=00;36:*.opus=00;36:*.spx=00;36:*.xspf=00;36:', 'SSH_AGENT_LAUNCHER': 'gnome-keyring', 'SSH_AUTH_SOCK': '/run/user/1001/keyring/ssh', 'AMENT_PREFIX_PATH': '/home/robotics/ros2_cobot/install/mycobot_description:/opt/ros/humble', 'SHELL': '/bin/bash', 'TERMINATOR_UUID': 'urn:uuid:f2f89f62-91b9-4d3d-9090-78fd66b7b1db', 'QT_ACCESSIBILITY': '1', 'GDMSESSION': 'ubuntu', 'LESSCLOSE': '/usr/bin/lesspipe %s %s', 'GJS_DEBUG_OUTPUT': 'stderr', 'QT_IM_MODULE': 'ibus', 'PWD': '/home/robotics/ros2_cobot/build/mycobot_630', 'LC_ALL': 'en_US.UTF-8', 'XDG_CONFIG_DIRS': '/etc/xdg/xdg-ubuntu:/etc/xdg', 'XDG_DATA_DIRS': '/usr/share/ubuntu:/usr/local/share/:/usr/share/:/var/lib/snapd/desktop', 'PYTHONPATH': '/home/robotics/ros2_cobot/build/mycobot_630/prefix_override:/usr/lib/python3/dist-packages/colcon_core/task/python/colcon_distutils_commands:/home/robotics/ros2_cobot/install/mycobot_630/lib/python3.10/site-packages:/home/robotics/ros2_cobot/install/mycobot_description/lib/python3.10/site-packages:/opt/ros/humble/lib/python3.10/site-packages:/opt/ros/humble/local/lib/python3.10/dist-packages', 'COLCON': '1', 'VTE_VERSION': '6800'}, 'shell': False}
[8.363234] (ultraarm) Command: {'cmd': ['/usr/bin/python3', '-W', 'ignore:setup.py install is deprecated', '-W', 'ignore:easy_install command is deprecated', 'setup.py', 'egg_info', '--egg-base', '../../../../build/ultraarm', 'build', '--build-base', '/home/robotics/ros2_cobot/build/ultraarm/build', 'install', '--record', '/home/robotics/ros2_cobot/build/ultraarm/install.log', '--single-version-externally-managed', 'install_data'], 'cwd': '/home/robotics/ros2_cobot/src/mycobot_ros2/ultraArm/ultraarm', 'env': {'GJS_DEBUG_TOPICS': 'JS ERROR;JS LOG', 'LESSOPEN': '| /usr/bin/lesspipe %s', 'LANGUAGE': 'en_CA:en', 'USER': 'robotics', 'XDG_SESSION_TYPE': 'wayland', 'SHLVL': '1', 'LD_LIBRARY_PATH': '/opt/ros/humble/opt/rviz_ogre_vendor/lib:/opt/ros/humble/lib/x86_64-linux-gnu:/opt/ros/humble/lib', 'HOME': '/home/robotics', 'OLDPWD': '/home/robotics', 'DESKTOP_SESSION': 'ubuntu', 'GIO_LAUNCHED_DESKTOP_FILE': '/usr/share/applications/terminator.desktop', 'ROS_PYTHON_VERSION': '3', 'GNOME_SHELL_SESSION_MODE': 'ubuntu', 'GTK_MODULES': 'gail:atk-bridge', 'MANAGERPID': '2208', 'SYSTEMD_EXEC_PID': '2385', 'DBUS_SESSION_BUS_ADDRESS': 'unix:path=/run/user/1001/bus', 'COLORTERM': 'truecolor', 'TERMINATOR_DBUS_NAME': 'net.tenshu.Terminator25ef4b219e3b005583550f2b0f9f990c3', 'LIBVIRT_DEFAULT_URI': 'qemu:///system', 'GIO_LAUNCHED_DESKTOP_FILE_PID': '5985', 'IM_CONFIG_PHASE': '1', 'WAYLAND_DISPLAY': 'wayland-0', 'ROS_DISTRO': 'humble', 'LOGNAME': 'robotics', 'JOURNAL_STREAM': '8:11736', '_': '/usr/bin/colcon', 'ROS_VERSION': '2', 'XDG_SESSION_CLASS': 'user', 'USERNAME': 'robotics', 'TERM': 'xterm-256color', 'GNOME_DESKTOP_SESSION_ID': 'this-is-deprecated', 'ROS_LOCALHOST_ONLY': '0', 'PATH': '/opt/ros/humble/bin:/home/robotics/.local/bin:/usr/local/sbin:/usr/local/bin:/usr/sbin:/usr/bin:/sbin:/bin:/usr/games:/usr/local/games:/snap/bin:/snap/bin', 'SESSION_MANAGER': 'local/scapula:@/tmp/.ICE-unix/2355,unix/scapula:/tmp/.ICE-unix/2355', 'INVOCATION_ID': 'e345590a299a451da04fa5520e75bdac', 'XDG_MENU_PREFIX': 'gnome-', 'GNOME_SETUP_DISPLAY': ':1', 'XDG_RUNTIME_DIR': '/run/user/1001', 'DISPLAY': ':0', 'TERMINATOR_DBUS_PATH': '/net/tenshu/Terminator2', 'LANG': 'en_US.UTF-8', 'XDG_CURRENT_DESKTOP': 'ubuntu:GNOME', 'XMODIFIERS': '@im=ibus', 'XDG_SESSION_DESKTOP': 'ubuntu', 'XAUTHORITY': '/run/user/1001/.mutter-Xwaylandauth.C2D0D3', 'LS_COLORS': 'rs=0:di=01;34:ln=01;36:mh=00:pi=40;33:so=01;35:do=01;35:bd=40;33;01:cd=40;33;01:or=40;31;01:mi=00:su=37;41:sg=30;43:ca=30;41:tw=30;42:ow=34;42:st=37;44:ex=01;32:*.tar=01;31:*.tgz=01;31:*.arc=01;31:*.arj=01;31:*.taz=01;31:*.lha=01;31:*.lz4=01;31:*.lzh=01;31:*.lzma=01;31:*.tlz=01;31:*.txz=01;31:*.tzo=01;31:*.t7z=01;31:*.zip=01;31:*.z=01;31:*.dz=01;31:*.gz=01;31:*.lrz=01;31:*.lz=01;31:*.lzo=01;31:*.xz=01;31:*.zst=01;31:*.tzst=01;31:*.bz2=01;31:*.bz=01;31:*.tbz=01;31:*.tbz2=01;31:*.tz=01;31:*.deb=01;31:*.rpm=01;31:*.jar=01;31:*.war=01;31:*.ear=01;31:*.sar=01;31:*.rar=01;31:*.alz=01;31:*.ace=01;31:*.zoo=01;31:*.cpio=01;31:*.7z=01;31:*.rz=01;31:*.cab=01;31:*.wim=01;31:*.swm=01;31:*.dwm=01;31:*.esd=01;31:*.jpg=01;35:*.jpeg=01;35:*.mjpg=01;35:*.mjpeg=01;35:*.gif=01;35:*.bmp=01;35:*.pbm=01;35:*.pgm=01;35:*.ppm=01;35:*.tga=01;35:*.xbm=01;35:*.xpm=01;35:*.tif=01;35:*.tiff=01;35:*.png=01;35:*.svg=01;35:*.svgz=01;35:*.mng=01;35:*.pcx=01;35:*.mov=01;35:*.mpg=01;35:*.mpeg=01;35:*.m2v=01;35:*.mkv=01;35:*.webm=01;35:*.webp=01;35:*.ogm=01;35:*.mp4=01;35:*.m4v=01;35:*.mp4v=01;35:*.vob=01;35:*.qt=01;35:*.nuv=01;35:*.wmv=01;35:*.asf=01;35:*.rm=01;35:*.rmvb=01;35:*.flc=01;35:*.avi=01;35:*.fli=01;35:*.flv=01;35:*.gl=01;35:*.dl=01;35:*.xcf=01;35:*.xwd=01;35:*.yuv=01;35:*.cgm=01;35:*.emf=01;35:*.ogv=01;35:*.ogx=01;35:*.aac=00;36:*.au=00;36:*.flac=00;36:*.m4a=00;36:*.mid=00;36:*.midi=00;36:*.mka=00;36:*.mp3=00;36:*.mpc=00;36:*.ogg=00;36:*.ra=00;36:*.wav=00;36:*.oga=00;36:*.opus=00;36:*.spx=00;36:*.xspf=00;36:', 'SSH_AGENT_LAUNCHER': 'gnome-keyring', 'SSH_AUTH_SOCK': '/run/user/1001/keyring/ssh', 'AMENT_PREFIX_PATH': '/home/robotics/ros2_cobot/install/mycobot_description:/opt/ros/humble', 'SHELL': '/bin/bash', 'TERMINATOR_UUID': 'urn:uuid:f2f89f62-91b9-4d3d-9090-78fd66b7b1db', 'QT_ACCESSIBILITY': '1', 'GDMSESSION': 'ubuntu', 'LESSCLOSE': '/usr/bin/lesspipe %s %s', 'GJS_DEBUG_OUTPUT': 'stderr', 'QT_IM_MODULE': 'ibus', 'PWD': '/home/robotics/ros2_cobot/build/ultraarm', 'LC_ALL': 'en_US.UTF-8', 'XDG_CONFIG_DIRS': '/etc/xdg/xdg-ubuntu:/etc/xdg', 'XDG_DATA_DIRS': '/usr/share/ubuntu:/usr/local/share/:/usr/share/:/var/lib/snapd/desktop', 'PYTHONPATH': '/home/robotics/ros2_cobot/build/ultraarm/prefix_override:/usr/lib/python3/dist-packages/colcon_core/task/python/colcon_distutils_commands:/home/robotics/ros2_cobot/install/ultraarm/lib/python3.10/site-packages:/home/robotics/ros2_cobot/install/mycobot_description/lib/python3.10/site-packages:/opt/ros/humble/lib/python3.10/site-packages:/opt/ros/humble/local/lib/python3.10/dist-packages', 'COLCON': '1', 'VTE_VERSION': '6800'}, 'shell': False}
[8.440928] (-) TimerEvent: {}
[8.462054] (mycobot_600) StdoutLine: {'line': b'running egg_info\n'}
[8.462552] (mycobot_600) StdoutLine: {'line': b'writing ../../../../build/mycobot_600/mycobot_600.egg-info/PKG-INFO\n'}
[8.462754] (mycobot_600) StdoutLine: {'line': b'writing dependency_links to ../../../../build/mycobot_600/mycobot_600.egg-info/dependency_links.txt\n'}
[8.462860] (mycobot_600) StdoutLine: {'line': b'writing entry points to ../../../../build/mycobot_600/mycobot_600.egg-info/entry_points.txt\n'}
[8.462941] (mycobot_600) StdoutLine: {'line': b'writing requirements to ../../../../build/mycobot_600/mycobot_600.egg-info/requires.txt\n'}
[8.463010] (mycobot_600) StdoutLine: {'line': b'writing top-level names to ../../../../build/mycobot_600/mycobot_600.egg-info/top_level.txt\n'}
[8.464292] (mycobot_600) StdoutLine: {'line': b"reading manifest file '../../../../build/mycobot_600/mycobot_600.egg-info/SOURCES.txt'\n"}
[8.464435] (mycobot_600) StdoutLine: {'line': b"adding license file 'LICENSE'\n"}
[8.464813] (mycobot_600) StdoutLine: {'line': b"writing manifest file '../../../../build/mycobot_600/mycobot_600.egg-info/SOURCES.txt'\n"}
[8.464916] (mycobot_600) StdoutLine: {'line': b'running build\n'}
[8.464975] (mycobot_600) StdoutLine: {'line': b'running build_py\n'}
[8.465079] (mycobot_600) StdoutLine: {'line': b'running install\n'}
[8.465287] (mycobot_600) StdoutLine: {'line': b'running install_lib\n'}
[8.466229] (mycobot_600) StdoutLine: {'line': b'running install_data\n'}
[8.466367] (mycobot_600) StdoutLine: {'line': b'running install_egg_info\n'}
[8.467648] (mycobot_600) StdoutLine: {'line': b"removing '/home/robotics/ros2_cobot/install/mycobot_600/lib/python3.10/site-packages/mycobot_600-0.0.0-py3.10.egg-info' (and everything under it)\n"}
[8.467909] (mycobot_600) StdoutLine: {'line': b'Copying ../../../../build/mycobot_600/mycobot_600.egg-info to /home/robotics/ros2_cobot/install/mycobot_600/lib/python3.10/site-packages/mycobot_600-0.0.0-py3.10.egg-info\n'}
[8.468843] (mycobot_600) StdoutLine: {'line': b'running install_scripts\n'}
[8.484130] (mycobot_600) StdoutLine: {'line': b'Installing slider_control script to /home/robotics/ros2_cobot/install/mycobot_600/lib/mycobot_600\n'}
[8.484428] (mycobot_600) StdoutLine: {'line': b"writing list of installed files to '/home/robotics/ros2_cobot/build/mycobot_600/install.log'\n"}
[8.515903] (mycobot_600) CommandEnded: {'returncode': 0}
[8.521249] (mycobot_600) JobEnded: {'identifier': 'mycobot_600', 'rc': 0}
[8.540315] (myarm_c650) StdoutLine: {'line': b'running egg_info\n'}
[8.540960] (-) TimerEvent: {}
[8.541272] (myarm_c650) StdoutLine: {'line': b'writing ../../../../build/myarm_c650/myarm_c650.egg-info/PKG-INFO\n'}
[8.541504] (myarm_c650) StdoutLine: {'line': b'writing dependency_links to ../../../../build/myarm_c650/myarm_c650.egg-info/dependency_links.txt\n'}
[8.541742] (myarm_c650) StdoutLine: {'line': b'writing entry points to ../../../../build/myarm_c650/myarm_c650.egg-info/entry_points.txt\n'}
[8.541869] (myarm_c650) StdoutLine: {'line': b'writing requirements to ../../../../build/myarm_c650/myarm_c650.egg-info/requires.txt\n'}
[8.541980] (myarm_c650) StdoutLine: {'line': b'writing top-level names to ../../../../build/myarm_c650/myarm_c650.egg-info/top_level.txt\n'}
[8.544866] (myarm_c650) StdoutLine: {'line': b"reading manifest file '../../../../build/myarm_c650/myarm_c650.egg-info/SOURCES.txt'\n"}
[8.545046] (mycobot_280_rdkx5) StdoutLine: {'line': b'running egg_info\n'}
[8.545141] (myarm_c650) StdoutLine: {'line': b"adding license file 'LICENSE'\n"}
[8.545728] (myarm_c650) StdoutLine: {'line': b"writing manifest file '../../../../build/myarm_c650/myarm_c650.egg-info/SOURCES.txt'\n"}
[8.545860] (mycobot_280_rdkx5) StdoutLine: {'line': b'writing ../../../../build/mycobot_280_rdkx5/mycobot_280_rdkx5.egg-info/PKG-INFO\n'}
[8.545918] (myarm_c650) StdoutLine: {'line': b'running build\n'}
[8.545981] (myarm_c650) StdoutLine: {'line': b'running build_py\n'}
[8.546026] (mycobot_280_rdkx5) StdoutLine: {'line': b'writing dependency_links to ../../../../build/mycobot_280_rdkx5/mycobot_280_rdkx5.egg-info/dependency_links.txt\n'}
[8.546101] (mycobot_280_rdkx5) StdoutLine: {'line': b'writing entry points to ../../../../build/mycobot_280_rdkx5/mycobot_280_rdkx5.egg-info/entry_points.txt\n'}
[8.546217] (mycobot_280_rdkx5) StdoutLine: {'line': b'writing requirements to ../../../../build/mycobot_280_rdkx5/mycobot_280_rdkx5.egg-info/requires.txt\n'}
[8.546292] (mycobot_280_rdkx5) StdoutLine: {'line': b'writing top-level names to ../../../../build/mycobot_280_rdkx5/mycobot_280_rdkx5.egg-info/top_level.txt\n'}
[8.546469] (myarm_c650) StdoutLine: {'line': b'running install\n'}
[8.546713] (myarm_c650) StdoutLine: {'line': b'running install_lib\n'}
[8.547898] (myarm_c650) StdoutLine: {'line': b'running install_data\n'}
[8.548065] (mycobot_280_rdkx5) StdoutLine: {'line': b"reading manifest file '../../../../build/mycobot_280_rdkx5/mycobot_280_rdkx5.egg-info/SOURCES.txt'\n"}
[8.548160] (myarm_c650) StdoutLine: {'line': b'running install_egg_info\n'}
[8.548244] (mycobot_280_rdkx5) StdoutLine: {'line': b"adding license file 'LICENSE'\n"}
[8.548737] (mycobot_280_rdkx5) StdoutLine: {'line': b"writing manifest file '../../../../build/mycobot_280_rdkx5/mycobot_280_rdkx5.egg-info/SOURCES.txt'\n"}
[8.548877] (mycobot_280_rdkx5) StdoutLine: {'line': b'running build\n'}
[8.548935] (mycobot_280_rdkx5) StdoutLine: {'line': b'running build_py\n'}
[8.548978] (myarm_m750) StdoutLine: {'line': b'running egg_info\n'}
[8.549181] (mycobot_280_rdkx5) StdoutLine: {'line': b'running install\n'}
[8.549407] (myarm_m750) StdoutLine: {'line': b'writing ../../../../build/myarm_m750/myarm_m750.egg-info/PKG-INFO\n'}
[8.549506] (mycobot_280_rdkx5) StdoutLine: {'line': b'running install_lib\n'}
[8.549593] (myarm_m750) StdoutLine: {'line': b'writing dependency_links to ../../../../build/myarm_m750/myarm_m750.egg-info/dependency_links.txt\n'}
[8.549675] (myarm_c650) StdoutLine: {'line': b"removing '/home/robotics/ros2_cobot/install/myarm_c650/lib/python3.10/site-packages/myarm_c650-0.0.0-py3.10.egg-info' (and everything under it)\n"}
[8.549746] (myarm_m750) StdoutLine: {'line': b'writing entry points to ../../../../build/myarm_m750/myarm_m750.egg-info/entry_points.txt\n'}
[8.549810] (myarm_m750) StdoutLine: {'line': b'writing requirements to ../../../../build/myarm_m750/myarm_m750.egg-info/requires.txt\n'}
[8.549869] (myarm_m750) StdoutLine: {'line': b'writing top-level names to ../../../../build/myarm_m750/myarm_m750.egg-info/top_level.txt\n'}
[8.549992] (myarm_c650) StdoutLine: {'line': b'Copying ../../../../build/myarm_c650/myarm_c650.egg-info to /home/robotics/ros2_cobot/install/myarm_c650/lib/python3.10/site-packages/myarm_c650-0.0.0-py3.10.egg-info\n'}
[8.550386] (mycobot_280_rdkx5) StdoutLine: {'line': b'running install_data\n'}
[8.550588] (mycobot_280_rdkx5) StdoutLine: {'line': b'running install_egg_info\n'}
[8.550979] (myarm_c650) StdoutLine: {'line': b'running install_scripts\n'}
[8.551280] (myarm_m750) StdoutLine: {'line': b"reading manifest file '../../../../build/myarm_m750/myarm_m750.egg-info/SOURCES.txt'\n"}
[8.551476] (myarm_m750) StdoutLine: {'line': b"adding license file 'LICENSE'\n"}
[8.551895] (mycobot_280_rdkx5) StdoutLine: {'line': b"removing '/home/robotics/ros2_cobot/install/mycobot_280_rdkx5/lib/python3.10/site-packages/mycobot_280_rdkx5-0.0.0-py3.10.egg-info' (and everything under it)\n"}
[8.552015] (myarm_m750) StdoutLine: {'line': b"writing manifest file '../../../../build/myarm_m750/myarm_m750.egg-info/SOURCES.txt'\n"}
[8.552071] (myarm_m750) StdoutLine: {'line': b'running build\n'}
[8.552116] (myarm_m750) StdoutLine: {'line': b'running build_py\n'}
[8.552191] (mycobot_280_rdkx5) StdoutLine: {'line': b'Copying ../../../../build/mycobot_280_rdkx5/mycobot_280_rdkx5.egg-info to /home/robotics/ros2_cobot/install/mycobot_280_rdkx5/lib/python3.10/site-packages/mycobot_280_rdkx5-0.0.0-py3.10.egg-info\n'}
[8.552342] (myarm_m750) StdoutLine: {'line': b'running install\n'}
[8.552561] (myarm_m750) StdoutLine: {'line': b'running install_lib\n'}
[8.553256] (mycobot_280_rdkx5) StdoutLine: {'line': b'running install_scripts\n'}
[8.553573] (myarm_m750) StdoutLine: {'line': b'running install_data\n'}
[8.553808] (myarm_m750) StdoutLine: {'line': b'running install_egg_info\n'}
[8.555129] (myarm_m750) StdoutLine: {'line': b"removing '/home/robotics/ros2_cobot/install/myarm_m750/lib/python3.10/site-packages/myarm_m750-0.0.0-py3.10.egg-info' (and everything under it)\n"}
[8.555385] (myarm_m750) StdoutLine: {'line': b'Copying ../../../../build/myarm_m750/myarm_m750.egg-info to /home/robotics/ros2_cobot/install/myarm_m750/lib/python3.10/site-packages/myarm_m750-0.0.0-py3.10.egg-info\n'}
[8.556061] (myarm_m750) StdoutLine: {'line': b'running install_scripts\n'}
[8.567615] (myarm_c650) StdoutLine: {'line': b'Installing debug script to /home/robotics/ros2_cobot/install/myarm_c650/lib/myarm_c650\n'}
[8.567785] (myarm_c650) StdoutLine: {'line': b'Installing follow_display script to /home/robotics/ros2_cobot/install/myarm_c650/lib/myarm_c650\n'}
[8.567868] (myarm_c650) StdoutLine: {'line': b'Installing simple_gui script to /home/robotics/ros2_cobot/install/myarm_c650/lib/myarm_c650\n'}
[8.567917] (myarm_c650) StdoutLine: {'line': b'Installing slider_control script to /home/robotics/ros2_cobot/install/myarm_c650/lib/myarm_c650\n'}
[8.567984] (myarm_c650) StdoutLine: {'line': b'Installing teleop_keyboard script to /home/robotics/ros2_cobot/install/myarm_c650/lib/myarm_c650\n'}
[8.568052] (myarm_c650) StdoutLine: {'line': b'Installing test script to /home/robotics/ros2_cobot/install/myarm_c650/lib/myarm_c650\n'}
[8.568266] (myarm_c650) StdoutLine: {'line': b"writing list of installed files to '/home/robotics/ros2_cobot/build/myarm_c650/install.log'\n"}
[8.570121] (mycobot_280_rdkx5) StdoutLine: {'line': b'Installing follow_display script to /home/robotics/ros2_cobot/install/mycobot_280_rdkx5/lib/mycobot_280_rdkx5\n'}
[8.570294] (mycobot_280_rdkx5) StdoutLine: {'line': b'Installing listen_real script to /home/robotics/ros2_cobot/install/mycobot_280_rdkx5/lib/mycobot_280_rdkx5\n'}
[8.570409] (mycobot_280_rdkx5) StdoutLine: {'line': b'Installing simple_gui script to /home/robotics/ros2_cobot/install/mycobot_280_rdkx5/lib/mycobot_280_rdkx5\n'}
[8.570521] (mycobot_280_rdkx5) StdoutLine: {'line': b'Installing slider_control script to /home/robotics/ros2_cobot/install/mycobot_280_rdkx5/lib/mycobot_280_rdkx5\n'}
[8.570647] (mycobot_280_rdkx5) StdoutLine: {'line': b'Installing teleop_keyboard script to /home/robotics/ros2_cobot/install/mycobot_280_rdkx5/lib/mycobot_280_rdkx5\n'}
[8.571019] (mycobot_280_rdkx5) StdoutLine: {'line': b"writing list of installed files to '/home/robotics/ros2_cobot/build/mycobot_280_rdkx5/install.log'\n"}
[8.572638] (myarm_m750) StdoutLine: {'line': b'Installing combined_control script to /home/robotics/ros2_cobot/install/myarm_m750/lib/myarm_m750\n'}
[8.572846] (myarm_m750) StdoutLine: {'line': b'Installing follow_display script to /home/robotics/ros2_cobot/install/myarm_m750/lib/myarm_m750\n'}
[8.572922] (myarm_m750) StdoutLine: {'line': b'Installing read_control script to /home/robotics/ros2_cobot/install/myarm_m750/lib/myarm_m750\n'}
[8.572989] (myarm_m750) StdoutLine: {'line': b'Installing simple_gui script to /home/robotics/ros2_cobot/install/myarm_m750/lib/myarm_m750\n'}
[8.573056] (myarm_m750) StdoutLine: {'line': b'Installing slider_control script to /home/robotics/ros2_cobot/install/myarm_m750/lib/myarm_m750\n'}
[8.573130] (myarm_m750) StdoutLine: {'line': b'Installing teleop_keyboard script to /home/robotics/ros2_cobot/install/myarm_m750/lib/myarm_m750\n'}
[8.573526] (myarm_m750) StdoutLine: {'line': b"writing list of installed files to '/home/robotics/ros2_cobot/build/myarm_m750/install.log'\n"}
[8.611883] (myarm_c650) CommandEnded: {'returncode': 0}
[8.616968] (myarm_c650) JobEnded: {'identifier': 'myarm_c650', 'rc': 0}
[8.618629] (mycobot_280_rdkx5) CommandEnded: {'returncode': 0}
[8.619527] (mypalletizer_260) StdoutLine: {'line': b'running egg_info\n'}
[8.620320] (mypalletizer_260) StdoutLine: {'line': b'writing ../../../../build/mypalletizer_260/mypalletizer_260.egg-info/PKG-INFO\n'}
[8.620401] (mypalletizer_260_pi) StdoutLine: {'line': b'running egg_info\n'}
[8.620578] (mypalletizer_260) StdoutLine: {'line': b'writing dependency_links to ../../../../build/mypalletizer_260/mypalletizer_260.egg-info/dependency_links.txt\n'}
[8.620727] (mypalletizer_260) StdoutLine: {'line': b'writing entry points to ../../../../build/mypalletizer_260/mypalletizer_260.egg-info/entry_points.txt\n'}
[8.620955] (mypalletizer_260) StdoutLine: {'line': b'writing requirements to ../../../../build/mypalletizer_260/mypalletizer_260.egg-info/requires.txt\n'}
[8.621005] (mypalletizer_260) StdoutLine: {'line': b'writing top-level names to ../../../../build/mypalletizer_260/mypalletizer_260.egg-info/top_level.txt\n'}
[8.621195] (mypalletizer_260_pi) StdoutLine: {'line': b'writing ../../../../build/mypalletizer_260_pi/mypalletizer_260_pi.egg-info/PKG-INFO\n'}
[8.621513] (mypalletizer_260_pi) StdoutLine: {'line': b'writing dependency_links to ../../../../build/mypalletizer_260_pi/mypalletizer_260_pi.egg-info/dependency_links.txt\n'}
[8.621647] (mypalletizer_260_pi) StdoutLine: {'line': b'writing entry points to ../../../../build/mypalletizer_260_pi/mypalletizer_260_pi.egg-info/entry_points.txt\n'}
[8.622312] (mypalletizer_260_pi) StdoutLine: {'line': b'writing requirements to ../../../../build/mypalletizer_260_pi/mypalletizer_260_pi.egg-info/requires.txt\n'}
[8.622379] (mypalletizer_260_pi) StdoutLine: {'line': b'writing top-level names to ../../../../build/mypalletizer_260_pi/mypalletizer_260_pi.egg-info/top_level.txt\n'}
[8.622778] (mypalletizer_260) StdoutLine: {'line': b"reading manifest file '../../../../build/mypalletizer_260/mypalletizer_260.egg-info/SOURCES.txt'\n"}
[8.623061] (mypalletizer_260) StdoutLine: {'line': b"adding license file 'LICENSE'\n"}
[8.623684] (mypalletizer_260) StdoutLine: {'line': b"writing manifest file '../../../../build/mypalletizer_260/mypalletizer_260.egg-info/SOURCES.txt'\n"}
[8.623811] (mypalletizer_260_pi) StdoutLine: {'line': b"reading manifest file '../../../../build/mypalletizer_260_pi/mypalletizer_260_pi.egg-info/SOURCES.txt'\n"}
[8.623846] (mypalletizer_260) StdoutLine: {'line': b'running build\n'}
[8.623874] (mypalletizer_260) StdoutLine: {'line': b'running build_py\n'}
[8.623948] (mypalletizer_260_pi) StdoutLine: {'line': b"adding license file 'LICENSE'\n"}
[8.624451] (mypalletizer_260) StdoutLine: {'line': b'running install\n'}
[8.625384] (mycobot_280_rdkx5) JobEnded: {'identifier': 'mycobot_280_rdkx5', 'rc': 0}
[8.626334] (myarm_m750) CommandEnded: {'returncode': 0}
[8.626928] (mypalletizer_260_pi) StdoutLine: {'line': b"writing manifest file '../../../../build/mypalletizer_260_pi/mypalletizer_260_pi.egg-info/SOURCES.txt'\n"}
[8.627015] (mypalletizer_260_pi) StdoutLine: {'line': b'running build\n'}
[8.627056] (mypalletizer_260_pi) StdoutLine: {'line': b'running build_py\n'}
[8.627089] (mypalletizer_260) StdoutLine: {'line': b'running install_lib\n'}
[8.627158] (mypalletizer_260_pi) StdoutLine: {'line': b'running install\n'}
[8.627190] (mypalletizer_260_pi) StdoutLine: {'line': b'running install_lib\n'}
[8.627479] (mypalletizer_260) StdoutLine: {'line': b'running install_data\n'}
[8.627774] (mypalletizer_260) StdoutLine: {'line': b'running install_egg_info\n'}
[8.628825] (mypalletizer_260_pi) StdoutLine: {'line': b'running install_data\n'}
[8.629172] (mypalletizer_260_pi) StdoutLine: {'line': b'running install_egg_info\n'}
[8.629795] (mypalletizer_260) StdoutLine: {'line': b"removing '/home/robotics/ros2_cobot/install/mypalletizer_260/lib/python3.10/site-packages/mypalletizer_260-0.0.0-py3.10.egg-info' (and everything under it)\n"}
[8.630653] (ultraarm) StdoutLine: {'line': b'running egg_info\n'}
[8.631126] (mycobot_630) StdoutLine: {'line': b'running egg_info\n'}
[8.631449] (mypalletizer_260) StdoutLine: {'line': b'Copying ../../../../build/mypalletizer_260/mypalletizer_260.egg-info to /home/robotics/ros2_cobot/install/mypalletizer_260/lib/python3.10/site-packages/mypalletizer_260-0.0.0-py3.10.egg-info\n'}
[8.631771] (mypalletizer_260_pi) StdoutLine: {'line': b"removing '/home/robotics/ros2_cobot/install/mypalletizer_260_pi/lib/python3.10/site-packages/mypalletizer_260_pi-0.0.0-py3.10.egg-info' (and everything under it)\n"}
[8.631851] (mycobot_630) StdoutLine: {'line': b'writing ../../../../build/mycobot_630/mycobot_630.egg-info/PKG-INFO\n'}
[8.631967] (mypalletizer_260) StdoutLine: {'line': b'running install_scripts\n'}
[8.632002] (mycobot_630) StdoutLine: {'line': b'writing dependency_links to ../../../../build/mycobot_630/mycobot_630.egg-info/dependency_links.txt\n'}
[8.632033] (ultraarm) StdoutLine: {'line': b'writing ../../../../build/ultraarm/ultraarm.egg-info/PKG-INFO\n'}
[8.632198] (ultraarm) StdoutLine: {'line': b'writing dependency_links to ../../../../build/ultraarm/ultraarm.egg-info/dependency_links.txt\n'}
[8.632243] (mypalletizer_260_pi) StdoutLine: {'line': b'Copying ../../../../build/mypalletizer_260_pi/mypalletizer_260_pi.egg-info to /home/robotics/ros2_cobot/install/mypalletizer_260_pi/lib/python3.10/site-packages/mypalletizer_260_pi-0.0.0-py3.10.egg-info\n'}
[8.632282] (mycobot_630) StdoutLine: {'line': b'writing entry points to ../../../../build/mycobot_630/mycobot_630.egg-info/entry_points.txt\n'}
[8.632315] (mycobot_630) StdoutLine: {'line': b'writing requirements to ../../../../build/mycobot_630/mycobot_630.egg-info/requires.txt\n'}
[8.632363] (mycobot_630) StdoutLine: {'line': b'writing top-level names to ../../../../build/mycobot_630/mycobot_630.egg-info/top_level.txt\n'}
[8.632393] (ultraarm) StdoutLine: {'line': b'writing entry points to ../../../../build/ultraarm/ultraarm.egg-info/entry_points.txt\n'}
[8.632425] (ultraarm) StdoutLine: {'line': b'writing requirements to ../../../../build/ultraarm/ultraarm.egg-info/requires.txt\n'}
[8.632452] (ultraarm) StdoutLine: {'line': b'writing top-level names to ../../../../build/ultraarm/ultraarm.egg-info/top_level.txt\n'}
[8.632677] (mypalletizer_260_pi) StdoutLine: {'line': b'running install_scripts\n'}
[8.633725] (myarm_m750) JobEnded: {'identifier': 'myarm_m750', 'rc': 0}
[8.633976] (mycobot_630) StdoutLine: {'line': b"reading manifest file '../../../../build/mycobot_630/mycobot_630.egg-info/SOURCES.txt'\n"}
[8.634031] (mycobot_630) StdoutLine: {'line': b"adding license file 'LICENSE'\n"}
[8.634099] (ultraarm) StdoutLine: {'line': b"reading manifest file '../../../../build/ultraarm/ultraarm.egg-info/SOURCES.txt'\n"}
[8.634517] (mycobot_630) StdoutLine: {'line': b"writing manifest file '../../../../build/mycobot_630/mycobot_630.egg-info/SOURCES.txt'\n"}
[8.634631] (mycobot_630) StdoutLine: {'line': b'running build\n'}
[8.634693] (mycobot_630) StdoutLine: {'line': b'running build_py\n'}
[8.634819] (ultraarm) StdoutLine: {'line': b"writing manifest file '../../../../build/ultraarm/ultraarm.egg-info/SOURCES.txt'\n"}
[8.634910] (ultraarm) StdoutLine: {'line': b'running build\n'}
[8.635000] (mycobot_630) StdoutLine: {'line': b'running install\n'}
[8.635088] (ultraarm) StdoutLine: {'line': b'running build_py\n'}
[8.635168] (ultraarm) StdoutLine: {'line': b'running install\n'}
[8.635254] (mycobot_630) StdoutLine: {'line': b'running install_lib\n'}
[8.635456] (ultraarm) StdoutLine: {'line': b'running install_lib\n'}
[8.636457] (mycobot_630) StdoutLine: {'line': b'running install_data\n'}
[8.636587] (mycobot_630) StdoutLine: {'line': b'running install_egg_info\n'}
[8.636745] (ultraarm) StdoutLine: {'line': b'running install_data\n'}
[8.636865] (ultraarm) StdoutLine: {'line': b'running install_egg_info\n'}
[8.638238] (mycobot_630) StdoutLine: {'line': b"removing '/home/robotics/ros2_cobot/install/mycobot_630/lib/python3.10/site-packages/mycobot_630-0.0.0-py3.10.egg-info' (and everything under it)\n"}
[8.638547] (ultraarm) StdoutLine: {'line': b"removing '/home/robotics/ros2_cobot/install/ultraarm/lib/python3.10/site-packages/ultraarm-0.0.0-py3.10.egg-info' (and everything under it)\n"}
[8.638622] (mycobot_630) StdoutLine: {'line': b'Copying ../../../../build/mycobot_630/mycobot_630.egg-info to /home/robotics/ros2_cobot/install/mycobot_630/lib/python3.10/site-packages/mycobot_630-0.0.0-py3.10.egg-info\n'}
[8.638848] (ultraarm) StdoutLine: {'line': b'Copying ../../../../build/ultraarm/ultraarm.egg-info to /home/robotics/ros2_cobot/install/ultraarm/lib/python3.10/site-packages/ultraarm-0.0.0-py3.10.egg-info\n'}
[8.639693] (mycobot_630) StdoutLine: {'line': b'running install_scripts\n'}
[8.639818] (ultraarm) StdoutLine: {'line': b'running install_scripts\n'}
[8.641036] (-) TimerEvent: {}
[8.652523] (mypalletizer_260) StdoutLine: {'line': b'Installing detect_marker script to /home/robotics/ros2_cobot/install/mypalletizer_260/lib/mypalletizer_260\n'}
[8.652884] (mypalletizer_260) StdoutLine: {'line': b'Installing follow_display script to /home/robotics/ros2_cobot/install/mypalletizer_260/lib/mypalletizer_260\n'}
[8.653029] (mypalletizer_260) StdoutLine: {'line': b'Installing following_marker script to /home/robotics/ros2_cobot/install/mypalletizer_260/lib/mypalletizer_260\n'}
[8.653123] (mypalletizer_260) StdoutLine: {'line': b'Installing listen_real script to /home/robotics/ros2_cobot/install/mypalletizer_260/lib/mypalletizer_260\n'}
[8.653281] (mypalletizer_260) StdoutLine: {'line': b'Installing listen_real_of_topic script to /home/robotics/ros2_cobot/install/mypalletizer_260/lib/mypalletizer_260\n'}
[8.653382] (mypalletizer_260) StdoutLine: {'line': b'Installing simple_gui script to /home/robotics/ros2_cobot/install/mypalletizer_260/lib/mypalletizer_260\n'}
[8.653450] (mypalletizer_260) StdoutLine: {'line': b'Installing slider_control script to /home/robotics/ros2_cobot/install/mypalletizer_260/lib/mypalletizer_260\n'}
[8.653505] (mypalletizer_260) StdoutLine: {'line': b'Installing teleop_keyboard script to /home/robotics/ros2_cobot/install/mypalletizer_260/lib/mypalletizer_260\n'}
[8.653698] (mypalletizer_260) StdoutLine: {'line': b"writing list of installed files to '/home/robotics/ros2_cobot/build/mypalletizer_260/install.log'\n"}
[8.653866] (mypalletizer_260_pi) StdoutLine: {'line': b'Installing detect_marker script to /home/robotics/ros2_cobot/install/mypalletizer_260_pi/lib/mypalletizer_260_pi\n'}
[8.654003] (mypalletizer_260_pi) StdoutLine: {'line': b'Installing follow_display script to /home/robotics/ros2_cobot/install/mypalletizer_260_pi/lib/mypalletizer_260_pi\n'}
[8.654109] (mypalletizer_260_pi) StdoutLine: {'line': b'Installing following_marker script to /home/robotics/ros2_cobot/install/mypalletizer_260_pi/lib/mypalletizer_260_pi\n'}
[8.654210] (mypalletizer_260_pi) StdoutLine: {'line': b'Installing listen_real script to /home/robotics/ros2_cobot/install/mypalletizer_260_pi/lib/mypalletizer_260_pi\n'}
[8.654313] (mypalletizer_260_pi) StdoutLine: {'line': b'Installing listen_real_of_topic script to /home/robotics/ros2_cobot/install/mypalletizer_260_pi/lib/mypalletizer_260_pi\n'}
[8.654440] (mypalletizer_260_pi) StdoutLine: {'line': b'Installing simple_gui script to /home/robotics/ros2_cobot/install/mypalletizer_260_pi/lib/mypalletizer_260_pi\n'}
[8.654540] (mypalletizer_260_pi) StdoutLine: {'line': b'Installing slider_control script to /home/robotics/ros2_cobot/install/mypalletizer_260_pi/lib/mypalletizer_260_pi\n'}
[8.654651] (mypalletizer_260_pi) StdoutLine: {'line': b'Installing teleop_keyboard script to /home/robotics/ros2_cobot/install/mypalletizer_260_pi/lib/mypalletizer_260_pi\n'}
[8.655105] (mypalletizer_260_pi) StdoutLine: {'line': b"writing list of installed files to '/home/robotics/ros2_cobot/build/mypalletizer_260_pi/install.log'\n"}
[8.662167] (mycobot_630) StdoutLine: {'line': b'Installing slider_control script to /home/robotics/ros2_cobot/install/mycobot_630/lib/mycobot_630\n'}
[8.662568] (mycobot_630) StdoutLine: {'line': b"writing list of installed files to '/home/robotics/ros2_cobot/build/mycobot_630/install.log'\n"}
[8.662761] (ultraarm) StdoutLine: {'line': b'Installing slider_control script to /home/robotics/ros2_cobot/install/ultraarm/lib/ultraarm\n'}
[8.662987] (ultraarm) StdoutLine: {'line': b"writing list of installed files to '/home/robotics/ros2_cobot/build/ultraarm/install.log'\n"}
[8.700243] (mypalletizer_260) CommandEnded: {'returncode': 0}
[8.705689] (mypalletizer_260) JobEnded: {'identifier': 'mypalletizer_260', 'rc': 0}
[8.707095] (mycobot_630) CommandEnded: {'returncode': 0}
[8.712854] (mycobot_630) JobEnded: {'identifier': 'mycobot_630', 'rc': 0}
[8.713852] (mypalletizer_260_pi) CommandEnded: {'returncode': 0}
[8.718660] (mypalletizer_260_pi) JobEnded: {'identifier': 'mypalletizer_260_pi', 'rc': 0}
[8.719299] (ultraarm) CommandEnded: {'returncode': 0}
[8.723489] (ultraarm) JobEnded: {'identifier': 'ultraarm', 'rc': 0}
[8.741203] (-) TimerEvent: {}
[8.841829] (-) TimerEvent: {}
[8.942553] (-) TimerEvent: {}
[9.043261] (-) TimerEvent: {}
[9.143929] (-) TimerEvent: {}
[9.244319] (-) TimerEvent: {}
[9.344663] (-) TimerEvent: {}
[9.349901] (traj_scripts) StdoutLine: {'line': b'[100%] \x1b[32m\x1b[1mLinking CXX executable traj_runner_node\x1b[0m\n'}
[9.444791] (-) TimerEvent: {}
[9.545378] (-) TimerEvent: {}
[9.630826] (traj_scripts) StdoutLine: {'line': b'[100%] Built target traj_runner_node\n'}
[9.640280] (traj_scripts) CommandEnded: {'returncode': 0}
[9.641128] (traj_scripts) JobProgress: {'identifier': 'traj_scripts', 'progress': 'install'}
[9.641500] (traj_scripts) Command: {'cmd': ['/usr/bin/cmake', '--install', '/home/robotics/ros2_cobot/build/traj_scripts'], 'cwd': '/home/robotics/ros2_cobot/build/traj_scripts', 'env': OrderedDict([('GJS_DEBUG_TOPICS', 'JS ERROR;JS LOG'), ('LESSOPEN', '| /usr/bin/lesspipe %s'), ('LANGUAGE', 'en_CA:en'), ('USER', 'robotics'), ('XDG_SESSION_TYPE', 'wayland'), ('SHLVL', '1'), ('LD_LIBRARY_PATH', '/opt/ros/humble/opt/rviz_ogre_vendor/lib:/opt/ros/humble/lib/x86_64-linux-gnu:/opt/ros/humble/lib'), ('HOME', '/home/robotics'), ('OLDPWD', '/home/robotics'), ('DESKTOP_SESSION', 'ubuntu'), ('GIO_LAUNCHED_DESKTOP_FILE', '/usr/share/applications/terminator.desktop'), ('ROS_PYTHON_VERSION', '3'), ('GNOME_SHELL_SESSION_MODE', 'ubuntu'), ('GTK_MODULES', 'gail:atk-bridge'), ('MANAGERPID', '2208'), ('SYSTEMD_EXEC_PID', '2385'), ('DBUS_SESSION_BUS_ADDRESS', 'unix:path=/run/user/1001/bus'), ('COLORTERM', 'truecolor'), ('TERMINATOR_DBUS_NAME', 'net.tenshu.Terminator25ef4b219e3b005583550f2b0f9f990c3'), ('LIBVIRT_DEFAULT_URI', 'qemu:///system'), ('GIO_LAUNCHED_DESKTOP_FILE_PID', '5985'), ('IM_CONFIG_PHASE', '1'), ('WAYLAND_DISPLAY', 'wayland-0'), ('ROS_DISTRO', 'humble'), ('LOGNAME', 'robotics'), ('JOURNAL_STREAM', '8:11736'), ('_', '/usr/bin/colcon'), ('ROS_VERSION', '2'), ('XDG_SESSION_CLASS', 'user'), ('USERNAME', 'robotics'), ('TERM', 'xterm-256color'), ('GNOME_DESKTOP_SESSION_ID', 'this-is-deprecated'), ('ROS_LOCALHOST_ONLY', '0'), ('PATH', '/opt/ros/humble/bin:/home/robotics/.local/bin:/usr/local/sbin:/usr/local/bin:/usr/sbin:/usr/bin:/sbin:/bin:/usr/games:/usr/local/games:/snap/bin:/snap/bin'), ('SESSION_MANAGER', 'local/scapula:@/tmp/.ICE-unix/2355,unix/scapula:/tmp/.ICE-unix/2355'), ('INVOCATION_ID', 'e345590a299a451da04fa5520e75bdac'), ('XDG_MENU_PREFIX', 'gnome-'), ('GNOME_SETUP_DISPLAY', ':1'), ('XDG_RUNTIME_DIR', '/run/user/1001'), ('DISPLAY', ':0'), ('TERMINATOR_DBUS_PATH', '/net/tenshu/Terminator2'), ('LANG', 'en_US.UTF-8'), ('XDG_CURRENT_DESKTOP', 'ubuntu:GNOME'), ('XMODIFIERS', '@im=ibus'), ('XDG_SESSION_DESKTOP', 'ubuntu'), ('XAUTHORITY', '/run/user/1001/.mutter-Xwaylandauth.C2D0D3'), ('LS_COLORS', 'rs=0:di=01;34:ln=01;36:mh=00:pi=40;33:so=01;35:do=01;35:bd=40;33;01:cd=40;33;01:or=40;31;01:mi=00:su=37;41:sg=30;43:ca=30;41:tw=30;42:ow=34;42:st=37;44:ex=01;32:*.tar=01;31:*.tgz=01;31:*.arc=01;31:*.arj=01;31:*.taz=01;31:*.lha=01;31:*.lz4=01;31:*.lzh=01;31:*.lzma=01;31:*.tlz=01;31:*.txz=01;31:*.tzo=01;31:*.t7z=01;31:*.zip=01;31:*.z=01;31:*.dz=01;31:*.gz=01;31:*.lrz=01;31:*.lz=01;31:*.lzo=01;31:*.xz=01;31:*.zst=01;31:*.tzst=01;31:*.bz2=01;31:*.bz=01;31:*.tbz=01;31:*.tbz2=01;31:*.tz=01;31:*.deb=01;31:*.rpm=01;31:*.jar=01;31:*.war=01;31:*.ear=01;31:*.sar=01;31:*.rar=01;31:*.alz=01;31:*.ace=01;31:*.zoo=01;31:*.cpio=01;31:*.7z=01;31:*.rz=01;31:*.cab=01;31:*.wim=01;31:*.swm=01;31:*.dwm=01;31:*.esd=01;31:*.jpg=01;35:*.jpeg=01;35:*.mjpg=01;35:*.mjpeg=01;35:*.gif=01;35:*.bmp=01;35:*.pbm=01;35:*.pgm=01;35:*.ppm=01;35:*.tga=01;35:*.xbm=01;35:*.xpm=01;35:*.tif=01;35:*.tiff=01;35:*.png=01;35:*.svg=01;35:*.svgz=01;35:*.mng=01;35:*.pcx=01;35:*.mov=01;35:*.mpg=01;35:*.mpeg=01;35:*.m2v=01;35:*.mkv=01;35:*.webm=01;35:*.webp=01;35:*.ogm=01;35:*.mp4=01;35:*.m4v=01;35:*.mp4v=01;35:*.vob=01;35:*.qt=01;35:*.nuv=01;35:*.wmv=01;35:*.asf=01;35:*.rm=01;35:*.rmvb=01;35:*.flc=01;35:*.avi=01;35:*.fli=01;35:*.flv=01;35:*.gl=01;35:*.dl=01;35:*.xcf=01;35:*.xwd=01;35:*.yuv=01;35:*.cgm=01;35:*.emf=01;35:*.ogv=01;35:*.ogx=01;35:*.aac=00;36:*.au=00;36:*.flac=00;36:*.m4a=00;36:*.mid=00;36:*.midi=00;36:*.mka=00;36:*.mp3=00;36:*.mpc=00;36:*.ogg=00;36:*.ra=00;36:*.wav=00;36:*.oga=00;36:*.opus=00;36:*.spx=00;36:*.xspf=00;36:'), ('SSH_AGENT_LAUNCHER', 'gnome-keyring'), ('SSH_AUTH_SOCK', '/run/user/1001/keyring/ssh'), ('AMENT_PREFIX_PATH', '/opt/ros/humble'), ('SHELL', '/bin/bash'), ('TERMINATOR_UUID', 'urn:uuid:f2f89f62-91b9-4d3d-9090-78fd66b7b1db'), ('QT_ACCESSIBILITY', '1'), ('GDMSESSION', 'ubuntu'), ('LESSCLOSE', '/usr/bin/lesspipe %s %s'), ('GJS_DEBUG_OUTPUT', 'stderr'), ('QT_IM_MODULE', 'ibus'), ('PWD', '/home/robotics/ros2_cobot/build/traj_scripts'), ('LC_ALL', 'en_US.UTF-8'), ('XDG_CONFIG_DIRS', '/etc/xdg/xdg-ubuntu:/etc/xdg'), ('XDG_DATA_DIRS', '/usr/share/ubuntu:/usr/local/share/:/usr/share/:/var/lib/snapd/desktop'), ('PYTHONPATH', '/opt/ros/humble/lib/python3.10/site-packages:/opt/ros/humble/local/lib/python3.10/dist-packages'), ('COLCON', '1'), ('VTE_VERSION', '6800'), ('CMAKE_PREFIX_PATH', '/opt/ros/humble')]), 'shell': False}
[9.645443] (-) TimerEvent: {}
[9.648957] (traj_scripts) StdoutLine: {'line': b'-- Install configuration: ""\n'}
[9.649561] (traj_scripts) StdoutLine: {'line': b'-- Installing: /home/robotics/ros2_cobot/install/traj_scripts/lib/traj_scripts/traj_runner_node\n'}
[9.650161] (traj_scripts) StdoutLine: {'line': b'-- Set runtime path of "/home/robotics/ros2_cobot/install/traj_scripts/lib/traj_scripts/traj_runner_node" to ""\n'}
[9.650273] (traj_scripts) StdoutLine: {'line': b'-- Up-to-date: /home/robotics/ros2_cobot/install/traj_scripts/lib/traj_scripts/plan_node\n'}
[9.650364] (traj_scripts) StdoutLine: {'line': b'-- Up-to-date: /home/robotics/ros2_cobot/install/traj_scripts/share/traj_scripts/launch\n'}
[9.650446] (traj_scripts) StdoutLine: {'line': b'-- Up-to-date: /home/robotics/ros2_cobot/install/traj_scripts/share/traj_scripts/launch/traj_scripts.launch.py\n'}
[9.650513] (traj_scripts) StdoutLine: {'line': b'-- Up-to-date: /home/robotics/ros2_cobot/install/traj_scripts/share/traj_scripts/launch/__pycache__\n'}
[9.650557] (traj_scripts) StdoutLine: {'line': b'-- Installing: /home/robotics/ros2_cobot/install/traj_scripts/share/traj_scripts/launch/__pycache__/traj_scripts.launch.cpython-310.pyc\n'}
[9.650689] (traj_scripts) StdoutLine: {'line': b'-- Up-to-date: /home/robotics/ros2_cobot/install/traj_scripts/share/traj_scripts/environment/pythonpath.sh\n'}
[9.650773] (traj_scripts) StdoutLine: {'line': b'-- Installing: /home/robotics/ros2_cobot/install/traj_scripts/share/traj_scripts/environment/pythonpath.dsv\n'}
[9.650842] (traj_scripts) StdoutLine: {'line': b'-- Up-to-date: /home/robotics/ros2_cobot/install/traj_scripts/local/lib/python3.10/dist-packages/traj_scripts-0.1.0-py3.10.egg-info\n'}
[9.650909] (traj_scripts) StdoutLine: {'line': b'-- Installing: /home/robotics/ros2_cobot/install/traj_scripts/local/lib/python3.10/dist-packages/traj_scripts-0.1.0-py3.10.egg-info/dependency_links.txt\n'}
[9.650982] (traj_scripts) StdoutLine: {'line': b'-- Installing: /home/robotics/ros2_cobot/install/traj_scripts/local/lib/python3.10/dist-packages/traj_scripts-0.1.0-py3.10.egg-info/top_level.txt\n'}
[9.651112] (traj_scripts) StdoutLine: {'line': b'-- Installing: /home/robotics/ros2_cobot/install/traj_scripts/local/lib/python3.10/dist-packages/traj_scripts-0.1.0-py3.10.egg-info/SOURCES.txt\n'}
[9.651186] (traj_scripts) StdoutLine: {'line': b'-- Installing: /home/robotics/ros2_cobot/install/traj_scripts/local/lib/python3.10/dist-packages/traj_scripts-0.1.0-py3.10.egg-info/PKG-INFO\n'}
[9.651307] (traj_scripts) StdoutLine: {'line': b'-- Up-to-date: /home/robotics/ros2_cobot/install/traj_scripts/local/lib/python3.10/dist-packages/traj_scripts\n'}
[9.651390] (traj_scripts) StdoutLine: {'line': b'-- Up-to-date: /home/robotics/ros2_cobot/install/traj_scripts/local/lib/python3.10/dist-packages/traj_scripts/__init__.py\n'}
[9.672371] (traj_scripts) StdoutLine: {'line': b"Listing '/home/robotics/ros2_cobot/install/traj_scripts/local/lib/python3.10/dist-packages/traj_scripts'...\n"}
[9.680584] (traj_scripts) StdoutLine: {'line': b'-- Up-to-date: /home/robotics/ros2_cobot/install/traj_scripts/lib/traj_scripts/ghost.py\n'}
[9.680847] (traj_scripts) StdoutLine: {'line': b'-- Up-to-date: /home/robotics/ros2_cobot/install/traj_scripts/share/ament_index/resource_index/package_run_dependencies/traj_scripts\n'}
[9.680984] (traj_scripts) StdoutLine: {'line': b'-- Installing: /home/robotics/ros2_cobot/install/traj_scripts/share/ament_index/resource_index/parent_prefix_path/traj_scripts\n'}
[9.681079] (traj_scripts) StdoutLine: {'line': b'-- Up-to-date: /home/robotics/ros2_cobot/install/traj_scripts/share/traj_scripts/environment/ament_prefix_path.sh\n'}
[9.681181] (traj_scripts) StdoutLine: {'line': b'-- Installing: /home/robotics/ros2_cobot/install/traj_scripts/share/traj_scripts/environment/ament_prefix_path.dsv\n'}
[9.681264] (traj_scripts) StdoutLine: {'line': b'-- Up-to-date: /home/robotics/ros2_cobot/install/traj_scripts/share/traj_scripts/environment/path.sh\n'}
[9.681359] (traj_scripts) StdoutLine: {'line': b'-- Installing: /home/robotics/ros2_cobot/install/traj_scripts/share/traj_scripts/environment/path.dsv\n'}
[9.681450] (traj_scripts) StdoutLine: {'line': b'-- Up-to-date: /home/robotics/ros2_cobot/install/traj_scripts/share/traj_scripts/local_setup.bash\n'}
[9.681529] (traj_scripts) StdoutLine: {'line': b'-- Up-to-date: /home/robotics/ros2_cobot/install/traj_scripts/share/traj_scripts/local_setup.sh\n'}
[9.681622] (traj_scripts) StdoutLine: {'line': b'-- Up-to-date: /home/robotics/ros2_cobot/install/traj_scripts/share/traj_scripts/local_setup.zsh\n'}
[9.681711] (traj_scripts) StdoutLine: {'line': b'-- Installing: /home/robotics/ros2_cobot/install/traj_scripts/share/traj_scripts/local_setup.dsv\n'}
[9.681805] (traj_scripts) StdoutLine: {'line': b'-- Installing: /home/robotics/ros2_cobot/install/traj_scripts/share/traj_scripts/package.dsv\n'}
[9.681882] (traj_scripts) StdoutLine: {'line': b'-- Up-to-date: /home/robotics/ros2_cobot/install/traj_scripts/share/ament_index/resource_index/packages/traj_scripts\n'}
[9.681960] (traj_scripts) StdoutLine: {'line': b'-- Up-to-date: /home/robotics/ros2_cobot/install/traj_scripts/share/traj_scripts/cmake/traj_scriptsConfig.cmake\n'}
[9.682038] (traj_scripts) StdoutLine: {'line': b'-- Up-to-date: /home/robotics/ros2_cobot/install/traj_scripts/share/traj_scripts/cmake/traj_scriptsConfig-version.cmake\n'}
[9.682116] (traj_scripts) StdoutLine: {'line': b'-- Up-to-date: /home/robotics/ros2_cobot/install/traj_scripts/share/traj_scripts/package.xml\n'}
[9.684040] (traj_scripts) CommandEnded: {'returncode': 0}
[9.704238] (traj_scripts) JobEnded: {'identifier': 'traj_scripts', 'rc': 0}
[9.704912] (-) EventReactorShutdown: {}
