[0.000000] (-) TimerEvent: {}
[0.000152] (mecharm_interfaces) JobQueued: {'identifier': 'mecharm_interfaces', 'dependencies': OrderedDict()}
[0.000198] (mycobot_description) JobQueued: {'identifier': 'mycobot_description', 'dependencies': OrderedDict()}
[0.000222] (mycobot_interfaces) JobQueued: {'identifier': 'mycobot_interfaces', 'dependencies': OrderedDict()}
[0.000244] (mypalletizer_interfaces) JobQueued: {'identifier': 'mypalletizer_interfaces', 'dependencies': OrderedDict()}
[0.000262] (traj_scripts) JobQueued: {'identifier': 'traj_scripts', 'dependencies': OrderedDict()}
[0.000283] (mecharm) JobQueued: {'identifier': 'mecharm', 'dependencies': OrderedDict([('mycobot_description', '/home/robotics/ros2_cobot/install/mycobot_description')])}
[0.000309] (mecharm_communication) JobQueued: {'identifier': 'mecharm_communication', 'dependencies': OrderedDict([('mycobot_interfaces', '/home/robotics/ros2_cobot/install/mycobot_interfaces')])}
[0.000330] (mecharm_pi) JobQueued: {'identifier': 'mecharm_pi', 'dependencies': OrderedDict([('mycobot_description', '/home/robotics/ros2_cobot/install/mycobot_description')])}
[0.000349] (myarm_300) JobQueued: {'identifier': 'myarm_300', 'dependencies': OrderedDict([('mycobot_description', '/home/robotics/ros2_cobot/install/mycobot_description')])}
[0.000367] (mybuddy) JobQueued: {'identifier': 'mybuddy', 'dependencies': OrderedDict([('mycobot_description', '/home/robotics/ros2_cobot/install/mycobot_description')])}
[0.000400] (mycobot_280) JobQueued: {'identifier': 'mycobot_280', 'dependencies': OrderedDict([('mycobot_description', '/home/robotics/ros2_cobot/install/mycobot_description')])}
[0.000418] (mycobot_280_arduino) JobQueued: {'identifier': 'mycobot_280_arduino', 'dependencies': OrderedDict([('mycobot_description', '/home/robotics/ros2_cobot/install/mycobot_description')])}
[0.000436] (mycobot_280_moveit2) JobQueued: {'identifier': 'mycobot_280_moveit2', 'dependencies': OrderedDict([('mycobot_description', '/home/robotics/ros2_cobot/install/mycobot_description')])}
[0.000453] (mycobot_280_moveit2_control) JobQueued: {'identifier': 'mycobot_280_moveit2_control', 'dependencies': OrderedDict([('mycobot_description', '/home/robotics/ros2_cobot/install/mycobot_description')])}
[0.000470] (mycobot_280_riscv) JobQueued: {'identifier': 'mycobot_280_riscv', 'dependencies': OrderedDict([('mycobot_description', '/home/robotics/ros2_cobot/install/mycobot_description')])}
[0.000487] (mycobot_280_x3pi) JobQueued: {'identifier': 'mycobot_280_x3pi', 'dependencies': OrderedDict([('mycobot_description', '/home/robotics/ros2_cobot/install/mycobot_description')])}
[0.000504] (mycobot_280arduino_moveit2) JobQueued: {'identifier': 'mycobot_280arduino_moveit2', 'dependencies': OrderedDict([('mycobot_description', '/home/robotics/ros2_cobot/install/mycobot_description')])}
[0.000521] (mycobot_280jn) JobQueued: {'identifier': 'mycobot_280jn', 'dependencies': OrderedDict([('mycobot_description', '/home/robotics/ros2_cobot/install/mycobot_description')])}
[0.000538] (mycobot_280pi) JobQueued: {'identifier': 'mycobot_280pi', 'dependencies': OrderedDict([('mycobot_description', '/home/robotics/ros2_cobot/install/mycobot_description')])}
[0.000560] (mycobot_280rdkx5_moveit2) JobQueued: {'identifier': 'mycobot_280rdkx5_moveit2', 'dependencies': OrderedDict([('mycobot_description', '/home/robotics/ros2_cobot/install/mycobot_description')])}
[0.000577] (mycobot_320) JobQueued: {'identifier': 'mycobot_320', 'dependencies': OrderedDict([('mycobot_description', '/home/robotics/ros2_cobot/install/mycobot_description')])}
[0.000593] (mycobot_320_riscv) JobQueued: {'identifier': 'mycobot_320_riscv', 'dependencies': OrderedDict([('mycobot_description', '/home/robotics/ros2_cobot/install/mycobot_description')])}
[0.000610] (mycobot_320pi) JobQueued: {'identifier': 'mycobot_320pi', 'dependencies': OrderedDict([('mycobot_description', '/home/robotics/ros2_cobot/install/mycobot_description')])}
[0.000627] (mycobot_600) JobQueued: {'identifier': 'mycobot_600', 'dependencies': OrderedDict([('mycobot_description', '/home/robotics/ros2_cobot/install/mycobot_description')])}
[0.000651] (mycobot_630) JobQueued: {'identifier': 'mycobot_630', 'dependencies': OrderedDict([('mycobot_description', '/home/robotics/ros2_cobot/install/mycobot_description')])}
[0.000668] (mycobot_communication) JobQueued: {'identifier': 'mycobot_communication', 'dependencies': OrderedDict([('mycobot_interfaces', '/home/robotics/ros2_cobot/install/mycobot_interfaces')])}
[0.000685] (mypalletizer_260) JobQueued: {'identifier': 'mypalletizer_260', 'dependencies': OrderedDict([('mycobot_description', '/home/robotics/ros2_cobot/install/mycobot_description')])}
[0.000702] (mypalletizer_260_pi) JobQueued: {'identifier': 'mypalletizer_260_pi', 'dependencies': OrderedDict([('mycobot_description', '/home/robotics/ros2_cobot/install/mycobot_description')])}
[0.000719] (mypalletizer_communication) JobQueued: {'identifier': 'mypalletizer_communication', 'dependencies': OrderedDict([('mypalletizer_interfaces', '/home/robotics/ros2_cobot/install/mypalletizer_interfaces')])}
[0.000736] (ultraarm) JobQueued: {'identifier': 'ultraarm', 'dependencies': OrderedDict([('mycobot_description', '/home/robotics/ros2_cobot/install/mycobot_description')])}
[0.000753] (myarm_c650) JobQueued: {'identifier': 'myarm_c650', 'dependencies': OrderedDict([('mycobot_description', '/home/robotics/ros2_cobot/install/mycobot_description'), ('mycobot_interfaces', '/home/robotics/ros2_cobot/install/mycobot_interfaces'), ('mycobot_communication', '/home/robotics/ros2_cobot/install/mycobot_communication')])}
[0.000772] (myarm_m750) JobQueued: {'identifier': 'myarm_m750', 'dependencies': OrderedDict([('mycobot_description', '/home/robotics/ros2_cobot/install/mycobot_description'), ('mycobot_interfaces', '/home/robotics/ros2_cobot/install/mycobot_interfaces'), ('mycobot_communication', '/home/robotics/ros2_cobot/install/mycobot_communication')])}
[0.000791] (mycobot_280_rdkx5) JobQueued: {'identifier': 'mycobot_280_rdkx5', 'dependencies': OrderedDict([('mycobot_description', '/home/robotics/ros2_cobot/install/mycobot_description'), ('mycobot_interfaces', '/home/robotics/ros2_cobot/install/mycobot_interfaces'), ('mycobot_communication', '/home/robotics/ros2_cobot/install/mycobot_communication')])}
[0.000815] (mycobot_description) JobStarted: {'identifier': 'mycobot_description'}
[0.007612] (mycobot_interfaces) JobStarted: {'identifier': 'mycobot_interfaces'}
[0.010289] (mypalletizer_interfaces) JobStarted: {'identifier': 'mypalletizer_interfaces'}
[0.012391] (mecharm_interfaces) JobStarted: {'identifier': 'mecharm_interfaces'}
[0.016952] (traj_scripts) JobStarted: {'identifier': 'traj_scripts'}
[0.099416] (-) TimerEvent: {}
[0.183179] (mycobot_interfaces) JobProgress: {'identifier': 'mycobot_interfaces', 'progress': 'cmake'}
[0.184714] (mycobot_interfaces) JobProgress: {'identifier': 'mycobot_interfaces', 'progress': 'build'}
[0.184926] (mycobot_interfaces) Command: {'cmd': ['/usr/bin/cmake', '--build', '/home/robotics/ros2_cobot/build/mycobot_interfaces', '--', '-j16', '-l16'], 'cwd': '/home/robotics/ros2_cobot/build/mycobot_interfaces', 'env': OrderedDict([('GJS_DEBUG_TOPICS', 'JS ERROR;JS LOG'), ('LESSOPEN', '| /usr/bin/lesspipe %s'), ('LANGUAGE', 'en_CA:en'), ('USER', 'robotics'), ('XDG_SESSION_TYPE', 'x11'), ('SHLVL', '1'), ('LD_LIBRARY_PATH', '/opt/ros/humble/opt/rviz_ogre_vendor/lib:/opt/ros/humble/lib/x86_64-linux-gnu:/opt/ros/humble/lib'), ('HOME', '/home/robotics'), ('OLDPWD', '/home/robotics'), ('DESKTOP_SESSION', 'ubuntu'), ('GIO_LAUNCHED_DESKTOP_FILE', '/usr/share/applications/terminator.desktop'), ('ROS_PYTHON_VERSION', '3'), ('GNOME_SHELL_SESSION_MODE', 'ubuntu'), ('GTK_MODULES', 'gail:atk-bridge'), ('MANAGERPID', '1791'), ('SYSTEMD_EXEC_PID', '2064'), ('DBUS_SESSION_BUS_ADDRESS', 'unix:path=/run/user/1001/bus'), ('COLORTERM', 'truecolor'), ('TERMINATOR_DBUS_NAME', 'net.tenshu.Terminator23558193cd9818af7fe4d2c2f5bd9d00f'), ('GIO_LAUNCHED_DESKTOP_FILE_PID', '2911'), ('ROS_DISTRO', 'humble'), ('GTK_IM_MODULE', 'ibus'), ('LOGNAME', 'robotics'), ('JOURNAL_STREAM', '8:12679'), ('_', '/usr/bin/colcon'), ('ROS_VERSION', '2'), ('XDG_SESSION_CLASS', 'user'), ('USERNAME', 'robotics'), ('TERM', 'xterm-256color'), ('GNOME_DESKTOP_SESSION_ID', 'this-is-deprecated'), ('ROS_LOCALHOST_ONLY', '0'), ('WINDOWPATH', '2'), ('PATH', '/opt/ros/humble/bin:/home/robotics/.local/bin:/usr/local/sbin:/usr/local/bin:/usr/sbin:/usr/bin:/sbin:/bin:/usr/games:/usr/local/games:/snap/bin:/snap/bin'), ('SESSION_MANAGER', 'local/scapula:@/tmp/.ICE-unix/2041,unix/scapula:/tmp/.ICE-unix/2041'), ('INVOCATION_ID', 'fa4d4892373d46828ff3f5eecdfb64d7'), ('XDG_MENU_PREFIX', 'gnome-'), ('XDG_RUNTIME_DIR', '/run/user/1001'), ('DISPLAY', ':1'), ('TERMINATOR_DBUS_PATH', '/net/tenshu/Terminator2'), ('LANG', 'en_US.UTF-8'), ('XDG_CURRENT_DESKTOP', 'ubuntu:GNOME'), ('XMODIFIERS', '@im=ibus'), ('XDG_SESSION_DESKTOP', 'ubuntu'), ('XAUTHORITY', '/run/user/1001/gdm/Xauthority'), ('LS_COLORS', 'rs=0:di=01;34:ln=01;36:mh=00:pi=40;33:so=01;35:do=01;35:bd=40;33;01:cd=40;33;01:or=40;31;01:mi=00:su=37;41:sg=30;43:ca=30;41:tw=30;42:ow=34;42:st=37;44:ex=01;32:*.tar=01;31:*.tgz=01;31:*.arc=01;31:*.arj=01;31:*.taz=01;31:*.lha=01;31:*.lz4=01;31:*.lzh=01;31:*.lzma=01;31:*.tlz=01;31:*.txz=01;31:*.tzo=01;31:*.t7z=01;31:*.zip=01;31:*.z=01;31:*.dz=01;31:*.gz=01;31:*.lrz=01;31:*.lz=01;31:*.lzo=01;31:*.xz=01;31:*.zst=01;31:*.tzst=01;31:*.bz2=01;31:*.bz=01;31:*.tbz=01;31:*.tbz2=01;31:*.tz=01;31:*.deb=01;31:*.rpm=01;31:*.jar=01;31:*.war=01;31:*.ear=01;31:*.sar=01;31:*.rar=01;31:*.alz=01;31:*.ace=01;31:*.zoo=01;31:*.cpio=01;31:*.7z=01;31:*.rz=01;31:*.cab=01;31:*.wim=01;31:*.swm=01;31:*.dwm=01;31:*.esd=01;31:*.jpg=01;35:*.jpeg=01;35:*.mjpg=01;35:*.mjpeg=01;35:*.gif=01;35:*.bmp=01;35:*.pbm=01;35:*.pgm=01;35:*.ppm=01;35:*.tga=01;35:*.xbm=01;35:*.xpm=01;35:*.tif=01;35:*.tiff=01;35:*.png=01;35:*.svg=01;35:*.svgz=01;35:*.mng=01;35:*.pcx=01;35:*.mov=01;35:*.mpg=01;35:*.mpeg=01;35:*.m2v=01;35:*.mkv=01;35:*.webm=01;35:*.webp=01;35:*.ogm=01;35:*.mp4=01;35:*.m4v=01;35:*.mp4v=01;35:*.vob=01;35:*.qt=01;35:*.nuv=01;35:*.wmv=01;35:*.asf=01;35:*.rm=01;35:*.rmvb=01;35:*.flc=01;35:*.avi=01;35:*.fli=01;35:*.flv=01;35:*.gl=01;35:*.dl=01;35:*.xcf=01;35:*.xwd=01;35:*.yuv=01;35:*.cgm=01;35:*.emf=01;35:*.ogv=01;35:*.ogx=01;35:*.aac=00;36:*.au=00;36:*.flac=00;36:*.m4a=00;36:*.mid=00;36:*.midi=00;36:*.mka=00;36:*.mp3=00;36:*.mpc=00;36:*.ogg=00;36:*.ra=00;36:*.wav=00;36:*.oga=00;36:*.opus=00;36:*.spx=00;36:*.xspf=00;36:'), ('SSH_AGENT_LAUNCHER', 'gnome-keyring'), ('SSH_AUTH_SOCK', '/run/user/1001/keyring/ssh'), ('AMENT_PREFIX_PATH', '/opt/ros/humble'), ('SHELL', '/bin/bash'), ('TERMINATOR_UUID', 'urn:uuid:9f62500e-929f-4887-8849-f4dd46e1c38d'), ('QT_ACCESSIBILITY', '1'), ('GDMSESSION', 'ubuntu'), ('LESSCLOSE', '/usr/bin/lesspipe %s %s'), ('GPG_AGENT_INFO', '/run/user/1001/gnupg/S.gpg-agent:0:1'), ('GJS_DEBUG_OUTPUT', 'stderr'), ('QT_IM_MODULE', 'ibus'), ('PWD', '/home/robotics/ros2_cobot/build/mycobot_interfaces'), ('LC_ALL', 'en_US.UTF-8'), ('XDG_CONFIG_DIRS', '/etc/xdg/xdg-ubuntu:/etc/xdg'), ('XDG_DATA_DIRS', '/usr/share/ubuntu:/usr/share/gnome:/usr/local/share/:/usr/share/:/var/lib/snapd/desktop'), ('PYTHONPATH', '/opt/ros/humble/lib/python3.10/site-packages:/opt/ros/humble/local/lib/python3.10/dist-packages'), ('COLCON', '1'), ('VTE_VERSION', '6800'), ('CMAKE_PREFIX_PATH', '/opt/ros/humble')]), 'shell': False}
[0.187288] (mypalletizer_interfaces) JobProgress: {'identifier': 'mypalletizer_interfaces', 'progress': 'cmake'}
[0.188342] (mypalletizer_interfaces) JobProgress: {'identifier': 'mypalletizer_interfaces', 'progress': 'build'}
[0.188880] (mypalletizer_interfaces) Command: {'cmd': ['/usr/bin/cmake', '--build', '/home/robotics/ros2_cobot/build/mypalletizer_interfaces', '--', '-j16', '-l16'], 'cwd': '/home/robotics/ros2_cobot/build/mypalletizer_interfaces', 'env': OrderedDict([('GJS_DEBUG_TOPICS', 'JS ERROR;JS LOG'), ('LESSOPEN', '| /usr/bin/lesspipe %s'), ('LANGUAGE', 'en_CA:en'), ('USER', 'robotics'), ('XDG_SESSION_TYPE', 'x11'), ('SHLVL', '1'), ('LD_LIBRARY_PATH', '/opt/ros/humble/opt/rviz_ogre_vendor/lib:/opt/ros/humble/lib/x86_64-linux-gnu:/opt/ros/humble/lib'), ('HOME', '/home/robotics'), ('OLDPWD', '/home/robotics'), ('DESKTOP_SESSION', 'ubuntu'), ('GIO_LAUNCHED_DESKTOP_FILE', '/usr/share/applications/terminator.desktop'), ('ROS_PYTHON_VERSION', '3'), ('GNOME_SHELL_SESSION_MODE', 'ubuntu'), ('GTK_MODULES', 'gail:atk-bridge'), ('MANAGERPID', '1791'), ('SYSTEMD_EXEC_PID', '2064'), ('DBUS_SESSION_BUS_ADDRESS', 'unix:path=/run/user/1001/bus'), ('COLORTERM', 'truecolor'), ('TERMINATOR_DBUS_NAME', 'net.tenshu.Terminator23558193cd9818af7fe4d2c2f5bd9d00f'), ('GIO_LAUNCHED_DESKTOP_FILE_PID', '2911'), ('ROS_DISTRO', 'humble'), ('GTK_IM_MODULE', 'ibus'), ('LOGNAME', 'robotics'), ('JOURNAL_STREAM', '8:12679'), ('_', '/usr/bin/colcon'), ('ROS_VERSION', '2'), ('XDG_SESSION_CLASS', 'user'), ('USERNAME', 'robotics'), ('TERM', 'xterm-256color'), ('GNOME_DESKTOP_SESSION_ID', 'this-is-deprecated'), ('ROS_LOCALHOST_ONLY', '0'), ('WINDOWPATH', '2'), ('PATH', '/opt/ros/humble/bin:/home/robotics/.local/bin:/usr/local/sbin:/usr/local/bin:/usr/sbin:/usr/bin:/sbin:/bin:/usr/games:/usr/local/games:/snap/bin:/snap/bin'), ('SESSION_MANAGER', 'local/scapula:@/tmp/.ICE-unix/2041,unix/scapula:/tmp/.ICE-unix/2041'), ('INVOCATION_ID', 'fa4d4892373d46828ff3f5eecdfb64d7'), ('XDG_MENU_PREFIX', 'gnome-'), ('XDG_RUNTIME_DIR', '/run/user/1001'), ('DISPLAY', ':1'), ('TERMINATOR_DBUS_PATH', '/net/tenshu/Terminator2'), ('LANG', 'en_US.UTF-8'), ('XDG_CURRENT_DESKTOP', 'ubuntu:GNOME'), ('XMODIFIERS', '@im=ibus'), ('XDG_SESSION_DESKTOP', 'ubuntu'), ('XAUTHORITY', '/run/user/1001/gdm/Xauthority'), ('LS_COLORS', 'rs=0:di=01;34:ln=01;36:mh=00:pi=40;33:so=01;35:do=01;35:bd=40;33;01:cd=40;33;01:or=40;31;01:mi=00:su=37;41:sg=30;43:ca=30;41:tw=30;42:ow=34;42:st=37;44:ex=01;32:*.tar=01;31:*.tgz=01;31:*.arc=01;31:*.arj=01;31:*.taz=01;31:*.lha=01;31:*.lz4=01;31:*.lzh=01;31:*.lzma=01;31:*.tlz=01;31:*.txz=01;31:*.tzo=01;31:*.t7z=01;31:*.zip=01;31:*.z=01;31:*.dz=01;31:*.gz=01;31:*.lrz=01;31:*.lz=01;31:*.lzo=01;31:*.xz=01;31:*.zst=01;31:*.tzst=01;31:*.bz2=01;31:*.bz=01;31:*.tbz=01;31:*.tbz2=01;31:*.tz=01;31:*.deb=01;31:*.rpm=01;31:*.jar=01;31:*.war=01;31:*.ear=01;31:*.sar=01;31:*.rar=01;31:*.alz=01;31:*.ace=01;31:*.zoo=01;31:*.cpio=01;31:*.7z=01;31:*.rz=01;31:*.cab=01;31:*.wim=01;31:*.swm=01;31:*.dwm=01;31:*.esd=01;31:*.jpg=01;35:*.jpeg=01;35:*.mjpg=01;35:*.mjpeg=01;35:*.gif=01;35:*.bmp=01;35:*.pbm=01;35:*.pgm=01;35:*.ppm=01;35:*.tga=01;35:*.xbm=01;35:*.xpm=01;35:*.tif=01;35:*.tiff=01;35:*.png=01;35:*.svg=01;35:*.svgz=01;35:*.mng=01;35:*.pcx=01;35:*.mov=01;35:*.mpg=01;35:*.mpeg=01;35:*.m2v=01;35:*.mkv=01;35:*.webm=01;35:*.webp=01;35:*.ogm=01;35:*.mp4=01;35:*.m4v=01;35:*.mp4v=01;35:*.vob=01;35:*.qt=01;35:*.nuv=01;35:*.wmv=01;35:*.asf=01;35:*.rm=01;35:*.rmvb=01;35:*.flc=01;35:*.avi=01;35:*.fli=01;35:*.flv=01;35:*.gl=01;35:*.dl=01;35:*.xcf=01;35:*.xwd=01;35:*.yuv=01;35:*.cgm=01;35:*.emf=01;35:*.ogv=01;35:*.ogx=01;35:*.aac=00;36:*.au=00;36:*.flac=00;36:*.m4a=00;36:*.mid=00;36:*.midi=00;36:*.mka=00;36:*.mp3=00;36:*.mpc=00;36:*.ogg=00;36:*.ra=00;36:*.wav=00;36:*.oga=00;36:*.opus=00;36:*.spx=00;36:*.xspf=00;36:'), ('SSH_AGENT_LAUNCHER', 'gnome-keyring'), ('SSH_AUTH_SOCK', '/run/user/1001/keyring/ssh'), ('AMENT_PREFIX_PATH', '/opt/ros/humble'), ('SHELL', '/bin/bash'), ('TERMINATOR_UUID', 'urn:uuid:9f62500e-929f-4887-8849-f4dd46e1c38d'), ('QT_ACCESSIBILITY', '1'), ('GDMSESSION', 'ubuntu'), ('LESSCLOSE', '/usr/bin/lesspipe %s %s'), ('GPG_AGENT_INFO', '/run/user/1001/gnupg/S.gpg-agent:0:1'), ('GJS_DEBUG_OUTPUT', 'stderr'), ('QT_IM_MODULE', 'ibus'), ('PWD', '/home/robotics/ros2_cobot/build/mypalletizer_interfaces'), ('LC_ALL', 'en_US.UTF-8'), ('XDG_CONFIG_DIRS', '/etc/xdg/xdg-ubuntu:/etc/xdg'), ('XDG_DATA_DIRS', '/usr/share/ubuntu:/usr/share/gnome:/usr/local/share/:/usr/share/:/var/lib/snapd/desktop'), ('PYTHONPATH', '/opt/ros/humble/lib/python3.10/site-packages:/opt/ros/humble/local/lib/python3.10/dist-packages'), ('COLCON', '1'), ('VTE_VERSION', '6800'), ('CMAKE_PREFIX_PATH', '/opt/ros/humble')]), 'shell': False}
[0.189701] (mecharm_interfaces) JobProgress: {'identifier': 'mecharm_interfaces', 'progress': 'cmake'}
[0.190383] (mecharm_interfaces) JobProgress: {'identifier': 'mecharm_interfaces', 'progress': 'build'}
[0.190945] (mecharm_interfaces) Command: {'cmd': ['/usr/bin/cmake', '--build', '/home/robotics/ros2_cobot/build/mecharm_interfaces', '--', '-j16', '-l16'], 'cwd': '/home/robotics/ros2_cobot/build/mecharm_interfaces', 'env': OrderedDict([('GJS_DEBUG_TOPICS', 'JS ERROR;JS LOG'), ('LESSOPEN', '| /usr/bin/lesspipe %s'), ('LANGUAGE', 'en_CA:en'), ('USER', 'robotics'), ('XDG_SESSION_TYPE', 'x11'), ('SHLVL', '1'), ('LD_LIBRARY_PATH', '/opt/ros/humble/opt/rviz_ogre_vendor/lib:/opt/ros/humble/lib/x86_64-linux-gnu:/opt/ros/humble/lib'), ('HOME', '/home/robotics'), ('OLDPWD', '/home/robotics'), ('DESKTOP_SESSION', 'ubuntu'), ('GIO_LAUNCHED_DESKTOP_FILE', '/usr/share/applications/terminator.desktop'), ('ROS_PYTHON_VERSION', '3'), ('GNOME_SHELL_SESSION_MODE', 'ubuntu'), ('GTK_MODULES', 'gail:atk-bridge'), ('MANAGERPID', '1791'), ('SYSTEMD_EXEC_PID', '2064'), ('DBUS_SESSION_BUS_ADDRESS', 'unix:path=/run/user/1001/bus'), ('COLORTERM', 'truecolor'), ('TERMINATOR_DBUS_NAME', 'net.tenshu.Terminator23558193cd9818af7fe4d2c2f5bd9d00f'), ('GIO_LAUNCHED_DESKTOP_FILE_PID', '2911'), ('ROS_DISTRO', 'humble'), ('GTK_IM_MODULE', 'ibus'), ('LOGNAME', 'robotics'), ('JOURNAL_STREAM', '8:12679'), ('_', '/usr/bin/colcon'), ('ROS_VERSION', '2'), ('XDG_SESSION_CLASS', 'user'), ('USERNAME', 'robotics'), ('TERM', 'xterm-256color'), ('GNOME_DESKTOP_SESSION_ID', 'this-is-deprecated'), ('ROS_LOCALHOST_ONLY', '0'), ('WINDOWPATH', '2'), ('PATH', '/opt/ros/humble/bin:/home/robotics/.local/bin:/usr/local/sbin:/usr/local/bin:/usr/sbin:/usr/bin:/sbin:/bin:/usr/games:/usr/local/games:/snap/bin:/snap/bin'), ('SESSION_MANAGER', 'local/scapula:@/tmp/.ICE-unix/2041,unix/scapula:/tmp/.ICE-unix/2041'), ('INVOCATION_ID', 'fa4d4892373d46828ff3f5eecdfb64d7'), ('XDG_MENU_PREFIX', 'gnome-'), ('XDG_RUNTIME_DIR', '/run/user/1001'), ('DISPLAY', ':1'), ('TERMINATOR_DBUS_PATH', '/net/tenshu/Terminator2'), ('LANG', 'en_US.UTF-8'), ('XDG_CURRENT_DESKTOP', 'ubuntu:GNOME'), ('XMODIFIERS', '@im=ibus'), ('XDG_SESSION_DESKTOP', 'ubuntu'), ('XAUTHORITY', '/run/user/1001/gdm/Xauthority'), ('LS_COLORS', 'rs=0:di=01;34:ln=01;36:mh=00:pi=40;33:so=01;35:do=01;35:bd=40;33;01:cd=40;33;01:or=40;31;01:mi=00:su=37;41:sg=30;43:ca=30;41:tw=30;42:ow=34;42:st=37;44:ex=01;32:*.tar=01;31:*.tgz=01;31:*.arc=01;31:*.arj=01;31:*.taz=01;31:*.lha=01;31:*.lz4=01;31:*.lzh=01;31:*.lzma=01;31:*.tlz=01;31:*.txz=01;31:*.tzo=01;31:*.t7z=01;31:*.zip=01;31:*.z=01;31:*.dz=01;31:*.gz=01;31:*.lrz=01;31:*.lz=01;31:*.lzo=01;31:*.xz=01;31:*.zst=01;31:*.tzst=01;31:*.bz2=01;31:*.bz=01;31:*.tbz=01;31:*.tbz2=01;31:*.tz=01;31:*.deb=01;31:*.rpm=01;31:*.jar=01;31:*.war=01;31:*.ear=01;31:*.sar=01;31:*.rar=01;31:*.alz=01;31:*.ace=01;31:*.zoo=01;31:*.cpio=01;31:*.7z=01;31:*.rz=01;31:*.cab=01;31:*.wim=01;31:*.swm=01;31:*.dwm=01;31:*.esd=01;31:*.jpg=01;35:*.jpeg=01;35:*.mjpg=01;35:*.mjpeg=01;35:*.gif=01;35:*.bmp=01;35:*.pbm=01;35:*.pgm=01;35:*.ppm=01;35:*.tga=01;35:*.xbm=01;35:*.xpm=01;35:*.tif=01;35:*.tiff=01;35:*.png=01;35:*.svg=01;35:*.svgz=01;35:*.mng=01;35:*.pcx=01;35:*.mov=01;35:*.mpg=01;35:*.mpeg=01;35:*.m2v=01;35:*.mkv=01;35:*.webm=01;35:*.webp=01;35:*.ogm=01;35:*.mp4=01;35:*.m4v=01;35:*.mp4v=01;35:*.vob=01;35:*.qt=01;35:*.nuv=01;35:*.wmv=01;35:*.asf=01;35:*.rm=01;35:*.rmvb=01;35:*.flc=01;35:*.avi=01;35:*.fli=01;35:*.flv=01;35:*.gl=01;35:*.dl=01;35:*.xcf=01;35:*.xwd=01;35:*.yuv=01;35:*.cgm=01;35:*.emf=01;35:*.ogv=01;35:*.ogx=01;35:*.aac=00;36:*.au=00;36:*.flac=00;36:*.m4a=00;36:*.mid=00;36:*.midi=00;36:*.mka=00;36:*.mp3=00;36:*.mpc=00;36:*.ogg=00;36:*.ra=00;36:*.wav=00;36:*.oga=00;36:*.opus=00;36:*.spx=00;36:*.xspf=00;36:'), ('SSH_AGENT_LAUNCHER', 'gnome-keyring'), ('SSH_AUTH_SOCK', '/run/user/1001/keyring/ssh'), ('AMENT_PREFIX_PATH', '/opt/ros/humble'), ('SHELL', '/bin/bash'), ('TERMINATOR_UUID', 'urn:uuid:9f62500e-929f-4887-8849-f4dd46e1c38d'), ('QT_ACCESSIBILITY', '1'), ('GDMSESSION', 'ubuntu'), ('LESSCLOSE', '/usr/bin/lesspipe %s %s'), ('GPG_AGENT_INFO', '/run/user/1001/gnupg/S.gpg-agent:0:1'), ('GJS_DEBUG_OUTPUT', 'stderr'), ('QT_IM_MODULE', 'ibus'), ('PWD', '/home/robotics/ros2_cobot/build/mecharm_interfaces'), ('LC_ALL', 'en_US.UTF-8'), ('XDG_CONFIG_DIRS', '/etc/xdg/xdg-ubuntu:/etc/xdg'), ('XDG_DATA_DIRS', '/usr/share/ubuntu:/usr/share/gnome:/usr/local/share/:/usr/share/:/var/lib/snapd/desktop'), ('PYTHONPATH', '/opt/ros/humble/lib/python3.10/site-packages:/opt/ros/humble/local/lib/python3.10/dist-packages'), ('COLCON', '1'), ('VTE_VERSION', '6800'), ('CMAKE_PREFIX_PATH', '/opt/ros/humble')]), 'shell': False}
[0.193063] (traj_scripts) JobProgress: {'identifier': 'traj_scripts', 'progress': 'cmake'}
[0.194151] (traj_scripts) JobProgress: {'identifier': 'traj_scripts', 'progress': 'build'}
[0.194723] (traj_scripts) Command: {'cmd': ['/usr/bin/cmake', '--build', '/home/robotics/ros2_cobot/build/traj_scripts', '--', '-j16', '-l16'], 'cwd': '/home/robotics/ros2_cobot/build/traj_scripts', 'env': OrderedDict([('GJS_DEBUG_TOPICS', 'JS ERROR;JS LOG'), ('LESSOPEN', '| /usr/bin/lesspipe %s'), ('LANGUAGE', 'en_CA:en'), ('USER', 'robotics'), ('XDG_SESSION_TYPE', 'x11'), ('SHLVL', '1'), ('LD_LIBRARY_PATH', '/opt/ros/humble/opt/rviz_ogre_vendor/lib:/opt/ros/humble/lib/x86_64-linux-gnu:/opt/ros/humble/lib'), ('HOME', '/home/robotics'), ('OLDPWD', '/home/robotics'), ('DESKTOP_SESSION', 'ubuntu'), ('GIO_LAUNCHED_DESKTOP_FILE', '/usr/share/applications/terminator.desktop'), ('ROS_PYTHON_VERSION', '3'), ('GNOME_SHELL_SESSION_MODE', 'ubuntu'), ('GTK_MODULES', 'gail:atk-bridge'), ('MANAGERPID', '1791'), ('SYSTEMD_EXEC_PID', '2064'), ('DBUS_SESSION_BUS_ADDRESS', 'unix:path=/run/user/1001/bus'), ('COLORTERM', 'truecolor'), ('TERMINATOR_DBUS_NAME', 'net.tenshu.Terminator23558193cd9818af7fe4d2c2f5bd9d00f'), ('GIO_LAUNCHED_DESKTOP_FILE_PID', '2911'), ('ROS_DISTRO', 'humble'), ('GTK_IM_MODULE', 'ibus'), ('LOGNAME', 'robotics'), ('JOURNAL_STREAM', '8:12679'), ('_', '/usr/bin/colcon'), ('ROS_VERSION', '2'), ('XDG_SESSION_CLASS', 'user'), ('USERNAME', 'robotics'), ('TERM', 'xterm-256color'), ('GNOME_DESKTOP_SESSION_ID', 'this-is-deprecated'), ('ROS_LOCALHOST_ONLY', '0'), ('WINDOWPATH', '2'), ('PATH', '/opt/ros/humble/bin:/home/robotics/.local/bin:/usr/local/sbin:/usr/local/bin:/usr/sbin:/usr/bin:/sbin:/bin:/usr/games:/usr/local/games:/snap/bin:/snap/bin'), ('SESSION_MANAGER', 'local/scapula:@/tmp/.ICE-unix/2041,unix/scapula:/tmp/.ICE-unix/2041'), ('INVOCATION_ID', 'fa4d4892373d46828ff3f5eecdfb64d7'), ('XDG_MENU_PREFIX', 'gnome-'), ('XDG_RUNTIME_DIR', '/run/user/1001'), ('DISPLAY', ':1'), ('TERMINATOR_DBUS_PATH', '/net/tenshu/Terminator2'), ('LANG', 'en_US.UTF-8'), ('XDG_CURRENT_DESKTOP', 'ubuntu:GNOME'), ('XMODIFIERS', '@im=ibus'), ('XDG_SESSION_DESKTOP', 'ubuntu'), ('XAUTHORITY', '/run/user/1001/gdm/Xauthority'), ('LS_COLORS', 'rs=0:di=01;34:ln=01;36:mh=00:pi=40;33:so=01;35:do=01;35:bd=40;33;01:cd=40;33;01:or=40;31;01:mi=00:su=37;41:sg=30;43:ca=30;41:tw=30;42:ow=34;42:st=37;44:ex=01;32:*.tar=01;31:*.tgz=01;31:*.arc=01;31:*.arj=01;31:*.taz=01;31:*.lha=01;31:*.lz4=01;31:*.lzh=01;31:*.lzma=01;31:*.tlz=01;31:*.txz=01;31:*.tzo=01;31:*.t7z=01;31:*.zip=01;31:*.z=01;31:*.dz=01;31:*.gz=01;31:*.lrz=01;31:*.lz=01;31:*.lzo=01;31:*.xz=01;31:*.zst=01;31:*.tzst=01;31:*.bz2=01;31:*.bz=01;31:*.tbz=01;31:*.tbz2=01;31:*.tz=01;31:*.deb=01;31:*.rpm=01;31:*.jar=01;31:*.war=01;31:*.ear=01;31:*.sar=01;31:*.rar=01;31:*.alz=01;31:*.ace=01;31:*.zoo=01;31:*.cpio=01;31:*.7z=01;31:*.rz=01;31:*.cab=01;31:*.wim=01;31:*.swm=01;31:*.dwm=01;31:*.esd=01;31:*.jpg=01;35:*.jpeg=01;35:*.mjpg=01;35:*.mjpeg=01;35:*.gif=01;35:*.bmp=01;35:*.pbm=01;35:*.pgm=01;35:*.ppm=01;35:*.tga=01;35:*.xbm=01;35:*.xpm=01;35:*.tif=01;35:*.tiff=01;35:*.png=01;35:*.svg=01;35:*.svgz=01;35:*.mng=01;35:*.pcx=01;35:*.mov=01;35:*.mpg=01;35:*.mpeg=01;35:*.m2v=01;35:*.mkv=01;35:*.webm=01;35:*.webp=01;35:*.ogm=01;35:*.mp4=01;35:*.m4v=01;35:*.mp4v=01;35:*.vob=01;35:*.qt=01;35:*.nuv=01;35:*.wmv=01;35:*.asf=01;35:*.rm=01;35:*.rmvb=01;35:*.flc=01;35:*.avi=01;35:*.fli=01;35:*.flv=01;35:*.gl=01;35:*.dl=01;35:*.xcf=01;35:*.xwd=01;35:*.yuv=01;35:*.cgm=01;35:*.emf=01;35:*.ogv=01;35:*.ogx=01;35:*.aac=00;36:*.au=00;36:*.flac=00;36:*.m4a=00;36:*.mid=00;36:*.midi=00;36:*.mka=00;36:*.mp3=00;36:*.mpc=00;36:*.ogg=00;36:*.ra=00;36:*.wav=00;36:*.oga=00;36:*.opus=00;36:*.spx=00;36:*.xspf=00;36:'), ('SSH_AGENT_LAUNCHER', 'gnome-keyring'), ('SSH_AUTH_SOCK', '/run/user/1001/keyring/ssh'), ('AMENT_PREFIX_PATH', '/opt/ros/humble'), ('SHELL', '/bin/bash'), ('TERMINATOR_UUID', 'urn:uuid:9f62500e-929f-4887-8849-f4dd46e1c38d'), ('QT_ACCESSIBILITY', '1'), ('GDMSESSION', 'ubuntu'), ('LESSCLOSE', '/usr/bin/lesspipe %s %s'), ('GPG_AGENT_INFO', '/run/user/1001/gnupg/S.gpg-agent:0:1'), ('GJS_DEBUG_OUTPUT', 'stderr'), ('QT_IM_MODULE', 'ibus'), ('PWD', '/home/robotics/ros2_cobot/build/traj_scripts'), ('LC_ALL', 'en_US.UTF-8'), ('XDG_CONFIG_DIRS', '/etc/xdg/xdg-ubuntu:/etc/xdg'), ('XDG_DATA_DIRS', '/usr/share/ubuntu:/usr/share/gnome:/usr/local/share/:/usr/share/:/var/lib/snapd/desktop'), ('PYTHONPATH', '/opt/ros/humble/lib/python3.10/site-packages:/opt/ros/humble/local/lib/python3.10/dist-packages'), ('COLCON', '1'), ('VTE_VERSION', '6800'), ('CMAKE_PREFIX_PATH', '/opt/ros/humble')]), 'shell': False}
[0.199484] (-) TimerEvent: {}
[0.253370] (mycobot_interfaces) StdoutLine: {'line': b'\x1b[35m\x1b[1mConsolidate compiler generated dependencies of target mycobot_interfaces__rosidl_generator_c\x1b[0m\n'}
[0.253596] (mypalletizer_interfaces) StdoutLine: {'line': b'\x1b[35m\x1b[1mConsolidate compiler generated dependencies of target mypalletizer_interfaces__rosidl_generator_c\x1b[0m\n'}
[0.254274] (mecharm_interfaces) StdoutLine: {'line': b'\x1b[35m\x1b[1mConsolidate compiler generated dependencies of target mecharm_interfaces__rosidl_generator_c\x1b[0m\n'}
[0.255743] (mycobot_interfaces) StdoutLine: {'line': b'[  0%] Built target mycobot_interfaces__cpp\n'}
[0.256082] (mypalletizer_interfaces) StdoutLine: {'line': b'[  0%] Built target mypalletizer_interfaces__cpp\n'}
[0.256260] (mecharm_interfaces) StdoutLine: {'line': b'[  0%] Built target mecharm_interfaces__cpp\n'}
[0.266704] (traj_scripts) StdoutLine: {'line': b'\x1b[35m\x1b[1mConsolidate compiler generated dependencies of target traj_runner_node\x1b[0m\n'}
[0.267064] (traj_scripts) StdoutLine: {'line': b'\x1b[35m\x1b[1mConsolidate compiler generated dependencies of target plan_node\x1b[0m\n'}
[0.276531] (mecharm_interfaces) StdoutLine: {'line': b'[ 12%] Built target mecharm_interfaces__rosidl_generator_c\n'}
[0.277542] (traj_scripts) StdoutLine: {'line': b'[  0%] Built target ament_cmake_python_copy_traj_scripts\n'}
[0.277656] (mypalletizer_interfaces) StdoutLine: {'line': b'[ 12%] Built target mypalletizer_interfaces__rosidl_generator_c\n'}
[0.278108] (mecharm_interfaces) StdoutLine: {'line': b'\x1b[35m\x1b[1mConsolidate compiler generated dependencies of target mecharm_interfaces__rosidl_typesupport_cpp\x1b[0m\n'}
[0.279012] (mypalletizer_interfaces) StdoutLine: {'line': b'[ 12%] Built target ament_cmake_python_copy_mypalletizer_interfaces\n'}
[0.279158] (mypalletizer_interfaces) StdoutLine: {'line': b'\x1b[35m\x1b[1mConsolidate compiler generated dependencies of target mypalletizer_interfaces__rosidl_typesupport_cpp\x1b[0m\n'}
[0.279231] (mypalletizer_interfaces) StdoutLine: {'line': b'\x1b[35m\x1b[1mConsolidate compiler generated dependencies of target mypalletizer_interfaces__rosidl_typesupport_introspection_cpp\x1b[0m\n'}
[0.279282] (mycobot_interfaces) StdoutLine: {'line': b'[ 12%] Built target mycobot_interfaces__rosidl_generator_c\n'}
[0.279339] (mycobot_interfaces) StdoutLine: {'line': b'\x1b[35m\x1b[1mConsolidate compiler generated dependencies of target mycobot_interfaces__rosidl_typesupport_introspection_cpp\x1b[0m\n'}
[0.279382] (mycobot_interfaces) StdoutLine: {'line': b'\x1b[35m\x1b[1mConsolidate compiler generated dependencies of target mycobot_interfaces__rosidl_typesupport_cpp\x1b[0m\n'}
[0.279421] (mecharm_interfaces) StdoutLine: {'line': b'\x1b[35m\x1b[1mConsolidate compiler generated dependencies of target mecharm_interfaces__rosidl_typesupport_introspection_cpp\x1b[0m\n'}
[0.279466] (mecharm_interfaces) StdoutLine: {'line': b'\x1b[35m\x1b[1mConsolidate compiler generated dependencies of target mecharm_interfaces__rosidl_typesupport_fastrtps_cpp\x1b[0m\n'}
[0.279808] (mycobot_interfaces) StdoutLine: {'line': b'[ 12%] Built target ament_cmake_python_copy_mycobot_interfaces\n'}
[0.280067] (mycobot_interfaces) StdoutLine: {'line': b'\x1b[35m\x1b[1mConsolidate compiler generated dependencies of target mycobot_interfaces__rosidl_typesupport_fastrtps_cpp\x1b[0m\n'}
[0.284110] (mypalletizer_interfaces) StdoutLine: {'line': b'\x1b[35m\x1b[1mConsolidate compiler generated dependencies of target mypalletizer_interfaces__rosidl_typesupport_fastrtps_cpp\x1b[0m\n'}
[0.284661] (mecharm_interfaces) StdoutLine: {'line': b'[ 12%] Built target ament_cmake_python_copy_mecharm_interfaces\n'}
[0.299943] (-) TimerEvent: {}
[0.300322] (mypalletizer_interfaces) StdoutLine: {'line': b'\x1b[35m\x1b[1mConsolidate compiler generated dependencies of target mypalletizer_interfaces__rosidl_typesupport_introspection_c\x1b[0m\n'}
[0.300534] (mecharm_interfaces) StdoutLine: {'line': b'\x1b[35m\x1b[1mConsolidate compiler generated dependencies of target mecharm_interfaces__rosidl_typesupport_c\x1b[0m\n'}
[0.303301] (mypalletizer_interfaces) StdoutLine: {'line': b'\x1b[35m\x1b[1mConsolidate compiler generated dependencies of target mypalletizer_interfaces__rosidl_typesupport_fastrtps_c\x1b[0m\n'}
[0.303480] (mypalletizer_interfaces) StdoutLine: {'line': b'\x1b[35m\x1b[1mConsolidate compiler generated dependencies of target mypalletizer_interfaces__rosidl_typesupport_c\x1b[0m\n'}
[0.303728] (mecharm_interfaces) StdoutLine: {'line': b'\x1b[35m\x1b[1mConsolidate compiler generated dependencies of target mecharm_interfaces__rosidl_typesupport_introspection_c\x1b[0m\n'}
[0.303828] (mypalletizer_interfaces) StdoutLine: {'line': b'[ 24%] Built target mypalletizer_interfaces__rosidl_typesupport_introspection_cpp\n'}
[0.303882] (mecharm_interfaces) StdoutLine: {'line': b'[ 23%] Built target mecharm_interfaces__rosidl_typesupport_fastrtps_cpp\n'}
[0.304126] (mycobot_interfaces) StdoutLine: {'line': b'[ 27%] Built target mycobot_interfaces__rosidl_typesupport_introspection_cpp\n'}
[0.304366] (mycobot_interfaces) StdoutLine: {'line': b'[ 44%] Built target mycobot_interfaces__rosidl_typesupport_cpp\n'}
[0.304472] (mycobot_interfaces) StdoutLine: {'line': b'[ 47%] Built target mycobot_interfaces__rosidl_typesupport_fastrtps_cpp\n'}
[0.304962] (mycobot_interfaces) StdoutLine: {'line': b'\x1b[35m\x1b[1mConsolidate compiler generated dependencies of target mycobot_interfaces__rosidl_typesupport_introspection_c\x1b[0m\n'}
[0.305785] (mecharm_interfaces) StdoutLine: {'line': b'\x1b[35m\x1b[1mConsolidate compiler generated dependencies of target mecharm_interfaces__rosidl_typesupport_fastrtps_c\x1b[0m\n'}
[0.306746] (mypalletizer_interfaces) StdoutLine: {'line': b'[ 35%] Built target mypalletizer_interfaces__rosidl_typesupport_fastrtps_cpp\n'}
[0.307137] (mycobot_interfaces) StdoutLine: {'line': b'\x1b[35m\x1b[1mConsolidate compiler generated dependencies of target mycobot_interfaces__rosidl_typesupport_fastrtps_c\x1b[0m\n'}
[0.307883] (mycobot_interfaces) StdoutLine: {'line': b'\x1b[35m\x1b[1mConsolidate compiler generated dependencies of target mycobot_interfaces__rosidl_typesupport_c\x1b[0m\n'}
[0.309939] (mecharm_interfaces) StdoutLine: {'line': b'[ 39%] Built target mecharm_interfaces__rosidl_typesupport_introspection_cpp\n'}
[0.310172] (mecharm_interfaces) StdoutLine: {'line': b'[ 47%] Built target mecharm_interfaces__rosidl_typesupport_cpp\n'}
[0.310259] (mypalletizer_interfaces) StdoutLine: {'line': b'[ 47%] Built target mypalletizer_interfaces__rosidl_typesupport_cpp\n'}
[0.316414] (mecharm_interfaces) StdoutLine: {'line': b'[ 59%] Built target mecharm_interfaces__rosidl_typesupport_c\n'}
[0.316915] (mypalletizer_interfaces) StdoutLine: {'line': b'[ 59%] Built target mypalletizer_interfaces__rosidl_typesupport_introspection_c\n'}
[0.317352] (mypalletizer_interfaces) StdoutLine: {'line': b'[ 71%] Built target mypalletizer_interfaces__rosidl_typesupport_c\n'}
[0.318290] (mecharm_interfaces) StdoutLine: {'line': b'[ 71%] Built target mecharm_interfaces__rosidl_typesupport_introspection_c\n'}
[0.321669] (mycobot_interfaces) StdoutLine: {'line': b'[ 69%] Built target mycobot_interfaces__rosidl_typesupport_introspection_c\n'}
[0.321831] (mycobot_interfaces) StdoutLine: {'line': b'[ 71%] Built target mycobot_interfaces__rosidl_typesupport_c\n'}
[0.322493] (mypalletizer_interfaces) StdoutLine: {'line': b'[ 83%] Built target mypalletizer_interfaces__rosidl_typesupport_fastrtps_c\n'}
[0.324520] (mycobot_interfaces) StdoutLine: {'line': b'[ 83%] Built target mycobot_interfaces__rosidl_typesupport_fastrtps_c\n'}
[0.324682] (mecharm_interfaces) StdoutLine: {'line': b'[ 83%] Built target mecharm_interfaces__rosidl_typesupport_fastrtps_c\n'}
[0.341265] (mecharm_interfaces) StdoutLine: {'line': b'[ 83%] Built target mecharm_interfaces\n'}
[0.341419] (mypalletizer_interfaces) StdoutLine: {'line': b'[ 83%] Built target mypalletizer_interfaces\n'}
[0.341474] (mycobot_interfaces) StdoutLine: {'line': b'[ 83%] Built target mycobot_interfaces\n'}
[0.348089] (traj_scripts) StdoutLine: {'line': b'[100%] Built target plan_node\n'}
[0.348261] (traj_scripts) StdoutLine: {'line': b'[100%] Built target traj_runner_node\n'}
[0.356806] (mypalletizer_interfaces) StdoutLine: {'line': b'[ 84%] Built target mypalletizer_interfaces__py\n'}
[0.357004] (mycobot_interfaces) StdoutLine: {'line': b'[ 84%] Built target mycobot_interfaces__py\n'}
[0.360872] (mecharm_interfaces) StdoutLine: {'line': b'[ 84%] Built target mecharm_interfaces__py\n'}
[0.369870] (mypalletizer_interfaces) StdoutLine: {'line': b'\x1b[35m\x1b[1mConsolidate compiler generated dependencies of target mypalletizer_interfaces__rosidl_generator_py\x1b[0m\n'}
[0.370440] (mycobot_interfaces) StdoutLine: {'line': b'\x1b[35m\x1b[1mConsolidate compiler generated dependencies of target mycobot_interfaces__rosidl_generator_py\x1b[0m\n'}
[0.373085] (mecharm_interfaces) StdoutLine: {'line': b'\x1b[35m\x1b[1mConsolidate compiler generated dependencies of target mecharm_interfaces__rosidl_generator_py\x1b[0m\n'}
[0.385883] (mypalletizer_interfaces) StdoutLine: {'line': b'[ 95%] Built target mypalletizer_interfaces__rosidl_generator_py\n'}
[0.386060] (mycobot_interfaces) StdoutLine: {'line': b'[ 95%] Built target mycobot_interfaces__rosidl_generator_py\n'}
[0.386160] (mecharm_interfaces) StdoutLine: {'line': b'[ 95%] Built target mecharm_interfaces__rosidl_generator_py\n'}
[0.396426] (mypalletizer_interfaces) StdoutLine: {'line': b'\x1b[35m\x1b[1mConsolidate compiler generated dependencies of target mypalletizer_interfaces__rosidl_typesupport_fastrtps_c__pyext\x1b[0m\n'}
[0.398791] (mecharm_interfaces) StdoutLine: {'line': b'\x1b[35m\x1b[1mConsolidate compiler generated dependencies of target mecharm_interfaces__rosidl_typesupport_introspection_c__pyext\x1b[0m\n'}
[0.398938] (mecharm_interfaces) StdoutLine: {'line': b'\x1b[35m\x1b[1mConsolidate compiler generated dependencies of target mecharm_interfaces__rosidl_typesupport_c__pyext\x1b[0m\n'}
[0.399001] (mycobot_interfaces) StdoutLine: {'line': b'\x1b[35m\x1b[1mConsolidate compiler generated dependencies of target mycobot_interfaces__rosidl_typesupport_introspection_c__pyext\x1b[0m\n'}
[0.399091] (mycobot_interfaces) StdoutLine: {'line': b'\x1b[35m\x1b[1mConsolidate compiler generated dependencies of target mycobot_interfaces__rosidl_typesupport_c__pyext\x1b[0m\n'}
[0.399142] (mycobot_interfaces) StdoutLine: {'line': b'\x1b[35m\x1b[1mConsolidate compiler generated dependencies of target mycobot_interfaces__rosidl_typesupport_fastrtps_c__pyext\x1b[0m\n'}
[0.399179] (mypalletizer_interfaces) StdoutLine: {'line': b'\x1b[35m\x1b[1mConsolidate compiler generated dependencies of target mypalletizer_interfaces__rosidl_typesupport_introspection_c__pyext\x1b[0m\n'}
[0.399219] (mypalletizer_interfaces) StdoutLine: {'line': b'\x1b[35m\x1b[1mConsolidate compiler generated dependencies of target mypalletizer_interfaces__rosidl_typesupport_c__pyext\x1b[0m\n'}
[0.399247] (mecharm_interfaces) StdoutLine: {'line': b'\x1b[35m\x1b[1mConsolidate compiler generated dependencies of target mecharm_interfaces__rosidl_typesupport_fastrtps_c__pyext\x1b[0m\n'}
[0.401289] (-) TimerEvent: {}
[0.407481] (mycobot_interfaces) StdoutLine: {'line': b'[ 98%] Built target mycobot_interfaces__rosidl_typesupport_c__pyext\n'}
[0.407673] (mycobot_interfaces) StdoutLine: {'line': b'[100%] Built target mycobot_interfaces__rosidl_typesupport_introspection_c__pyext\n'}
[0.407722] (mycobot_interfaces) StdoutLine: {'line': b'[100%] Built target mycobot_interfaces__rosidl_typesupport_fastrtps_c__pyext\n'}
[0.407761] (mecharm_interfaces) StdoutLine: {'line': b'[100%] Built target mecharm_interfaces__rosidl_typesupport_c__pyext\n'}
[0.407810] (mecharm_interfaces) StdoutLine: {'line': b'[100%] Built target mecharm_interfaces__rosidl_typesupport_introspection_c__pyext\n'}
[0.407846] (mypalletizer_interfaces) StdoutLine: {'line': b'[ 97%] Built target mypalletizer_interfaces__rosidl_typesupport_fastrtps_c__pyext\n'}
[0.407891] (mypalletizer_interfaces) StdoutLine: {'line': b'[ 99%] Built target mypalletizer_interfaces__rosidl_typesupport_introspection_c__pyext\n'}
[0.407925] (mypalletizer_interfaces) StdoutLine: {'line': b'[100%] Built target mypalletizer_interfaces__rosidl_typesupport_c__pyext\n'}
[0.408385] (mecharm_interfaces) StdoutLine: {'line': b'[100%] Built target mecharm_interfaces__rosidl_typesupport_fastrtps_c__pyext\n'}
[0.457293] (traj_scripts) StdoutLine: {'line': b'running egg_info\n'}
[0.457784] (traj_scripts) StdoutLine: {'line': b'writing traj_scripts.egg-info/PKG-INFO\n'}
[0.457969] (traj_scripts) StdoutLine: {'line': b'writing dependency_links to traj_scripts.egg-info/dependency_links.txt\n'}
[0.458114] (mypalletizer_interfaces) StdoutLine: {'line': b'running egg_info\n'}
[0.458308] (traj_scripts) StdoutLine: {'line': b'writing top-level names to traj_scripts.egg-info/top_level.txt\n'}
[0.458592] (mypalletizer_interfaces) StdoutLine: {'line': b'writing mypalletizer_interfaces.egg-info/PKG-INFO\n'}
[0.458677] (mypalletizer_interfaces) StdoutLine: {'line': b'writing dependency_links to mypalletizer_interfaces.egg-info/dependency_links.txt\n'}
[0.458774] (mypalletizer_interfaces) StdoutLine: {'line': b'writing top-level names to mypalletizer_interfaces.egg-info/top_level.txt\n'}
[0.459544] (traj_scripts) StdoutLine: {'line': b"reading manifest file 'traj_scripts.egg-info/SOURCES.txt'\n"}
[0.459933] (traj_scripts) StdoutLine: {'line': b"writing manifest file 'traj_scripts.egg-info/SOURCES.txt'\n"}
[0.460120] (mypalletizer_interfaces) StdoutLine: {'line': b"reading manifest file 'mypalletizer_interfaces.egg-info/SOURCES.txt'\n"}
[0.460831] (mypalletizer_interfaces) StdoutLine: {'line': b"writing manifest file 'mypalletizer_interfaces.egg-info/SOURCES.txt'\n"}
[0.484662] (traj_scripts) StdoutLine: {'line': b'[100%] Built target ament_cmake_python_build_traj_scripts_egg\n'}
[0.485007] (mypalletizer_interfaces) StdoutLine: {'line': b'[100%] Built target ament_cmake_python_build_mypalletizer_interfaces_egg\n'}
[0.494093] (traj_scripts) CommandEnded: {'returncode': 0}
[0.494833] (traj_scripts) JobProgress: {'identifier': 'traj_scripts', 'progress': 'install'}
[0.501394] (-) TimerEvent: {}
[0.502346] (traj_scripts) Command: {'cmd': ['/usr/bin/cmake', '--install', '/home/robotics/ros2_cobot/build/traj_scripts'], 'cwd': '/home/robotics/ros2_cobot/build/traj_scripts', 'env': OrderedDict([('GJS_DEBUG_TOPICS', 'JS ERROR;JS LOG'), ('LESSOPEN', '| /usr/bin/lesspipe %s'), ('LANGUAGE', 'en_CA:en'), ('USER', 'robotics'), ('XDG_SESSION_TYPE', 'x11'), ('SHLVL', '1'), ('LD_LIBRARY_PATH', '/opt/ros/humble/opt/rviz_ogre_vendor/lib:/opt/ros/humble/lib/x86_64-linux-gnu:/opt/ros/humble/lib'), ('HOME', '/home/robotics'), ('OLDPWD', '/home/robotics'), ('DESKTOP_SESSION', 'ubuntu'), ('GIO_LAUNCHED_DESKTOP_FILE', '/usr/share/applications/terminator.desktop'), ('ROS_PYTHON_VERSION', '3'), ('GNOME_SHELL_SESSION_MODE', 'ubuntu'), ('GTK_MODULES', 'gail:atk-bridge'), ('MANAGERPID', '1791'), ('SYSTEMD_EXEC_PID', '2064'), ('DBUS_SESSION_BUS_ADDRESS', 'unix:path=/run/user/1001/bus'), ('COLORTERM', 'truecolor'), ('TERMINATOR_DBUS_NAME', 'net.tenshu.Terminator23558193cd9818af7fe4d2c2f5bd9d00f'), ('GIO_LAUNCHED_DESKTOP_FILE_PID', '2911'), ('ROS_DISTRO', 'humble'), ('GTK_IM_MODULE', 'ibus'), ('LOGNAME', 'robotics'), ('JOURNAL_STREAM', '8:12679'), ('_', '/usr/bin/colcon'), ('ROS_VERSION', '2'), ('XDG_SESSION_CLASS', 'user'), ('USERNAME', 'robotics'), ('TERM', 'xterm-256color'), ('GNOME_DESKTOP_SESSION_ID', 'this-is-deprecated'), ('ROS_LOCALHOST_ONLY', '0'), ('WINDOWPATH', '2'), ('PATH', '/opt/ros/humble/bin:/home/robotics/.local/bin:/usr/local/sbin:/usr/local/bin:/usr/sbin:/usr/bin:/sbin:/bin:/usr/games:/usr/local/games:/snap/bin:/snap/bin'), ('SESSION_MANAGER', 'local/scapula:@/tmp/.ICE-unix/2041,unix/scapula:/tmp/.ICE-unix/2041'), ('INVOCATION_ID', 'fa4d4892373d46828ff3f5eecdfb64d7'), ('XDG_MENU_PREFIX', 'gnome-'), ('XDG_RUNTIME_DIR', '/run/user/1001'), ('DISPLAY', ':1'), ('TERMINATOR_DBUS_PATH', '/net/tenshu/Terminator2'), ('LANG', 'en_US.UTF-8'), ('XDG_CURRENT_DESKTOP', 'ubuntu:GNOME'), ('XMODIFIERS', '@im=ibus'), ('XDG_SESSION_DESKTOP', 'ubuntu'), ('XAUTHORITY', '/run/user/1001/gdm/Xauthority'), ('LS_COLORS', 'rs=0:di=01;34:ln=01;36:mh=00:pi=40;33:so=01;35:do=01;35:bd=40;33;01:cd=40;33;01:or=40;31;01:mi=00:su=37;41:sg=30;43:ca=30;41:tw=30;42:ow=34;42:st=37;44:ex=01;32:*.tar=01;31:*.tgz=01;31:*.arc=01;31:*.arj=01;31:*.taz=01;31:*.lha=01;31:*.lz4=01;31:*.lzh=01;31:*.lzma=01;31:*.tlz=01;31:*.txz=01;31:*.tzo=01;31:*.t7z=01;31:*.zip=01;31:*.z=01;31:*.dz=01;31:*.gz=01;31:*.lrz=01;31:*.lz=01;31:*.lzo=01;31:*.xz=01;31:*.zst=01;31:*.tzst=01;31:*.bz2=01;31:*.bz=01;31:*.tbz=01;31:*.tbz2=01;31:*.tz=01;31:*.deb=01;31:*.rpm=01;31:*.jar=01;31:*.war=01;31:*.ear=01;31:*.sar=01;31:*.rar=01;31:*.alz=01;31:*.ace=01;31:*.zoo=01;31:*.cpio=01;31:*.7z=01;31:*.rz=01;31:*.cab=01;31:*.wim=01;31:*.swm=01;31:*.dwm=01;31:*.esd=01;31:*.jpg=01;35:*.jpeg=01;35:*.mjpg=01;35:*.mjpeg=01;35:*.gif=01;35:*.bmp=01;35:*.pbm=01;35:*.pgm=01;35:*.ppm=01;35:*.tga=01;35:*.xbm=01;35:*.xpm=01;35:*.tif=01;35:*.tiff=01;35:*.png=01;35:*.svg=01;35:*.svgz=01;35:*.mng=01;35:*.pcx=01;35:*.mov=01;35:*.mpg=01;35:*.mpeg=01;35:*.m2v=01;35:*.mkv=01;35:*.webm=01;35:*.webp=01;35:*.ogm=01;35:*.mp4=01;35:*.m4v=01;35:*.mp4v=01;35:*.vob=01;35:*.qt=01;35:*.nuv=01;35:*.wmv=01;35:*.asf=01;35:*.rm=01;35:*.rmvb=01;35:*.flc=01;35:*.avi=01;35:*.fli=01;35:*.flv=01;35:*.gl=01;35:*.dl=01;35:*.xcf=01;35:*.xwd=01;35:*.yuv=01;35:*.cgm=01;35:*.emf=01;35:*.ogv=01;35:*.ogx=01;35:*.aac=00;36:*.au=00;36:*.flac=00;36:*.m4a=00;36:*.mid=00;36:*.midi=00;36:*.mka=00;36:*.mp3=00;36:*.mpc=00;36:*.ogg=00;36:*.ra=00;36:*.wav=00;36:*.oga=00;36:*.opus=00;36:*.spx=00;36:*.xspf=00;36:'), ('SSH_AGENT_LAUNCHER', 'gnome-keyring'), ('SSH_AUTH_SOCK', '/run/user/1001/keyring/ssh'), ('AMENT_PREFIX_PATH', '/opt/ros/humble'), ('SHELL', '/bin/bash'), ('TERMINATOR_UUID', 'urn:uuid:9f62500e-929f-4887-8849-f4dd46e1c38d'), ('QT_ACCESSIBILITY', '1'), ('GDMSESSION', 'ubuntu'), ('LESSCLOSE', '/usr/bin/lesspipe %s %s'), ('GPG_AGENT_INFO', '/run/user/1001/gnupg/S.gpg-agent:0:1'), ('GJS_DEBUG_OUTPUT', 'stderr'), ('QT_IM_MODULE', 'ibus'), ('PWD', '/home/robotics/ros2_cobot/build/traj_scripts'), ('LC_ALL', 'en_US.UTF-8'), ('XDG_CONFIG_DIRS', '/etc/xdg/xdg-ubuntu:/etc/xdg'), ('XDG_DATA_DIRS', '/usr/share/ubuntu:/usr/share/gnome:/usr/local/share/:/usr/share/:/var/lib/snapd/desktop'), ('PYTHONPATH', '/opt/ros/humble/lib/python3.10/site-packages:/opt/ros/humble/local/lib/python3.10/dist-packages'), ('COLCON', '1'), ('VTE_VERSION', '6800'), ('CMAKE_PREFIX_PATH', '/opt/ros/humble')]), 'shell': False}
[0.503239] (mypalletizer_interfaces) CommandEnded: {'returncode': 0}
[0.504030] (mypalletizer_interfaces) JobProgress: {'identifier': 'mypalletizer_interfaces', 'progress': 'install'}
[0.504163] (mypalletizer_interfaces) Command: {'cmd': ['/usr/bin/cmake', '--install', '/home/robotics/ros2_cobot/build/mypalletizer_interfaces'], 'cwd': '/home/robotics/ros2_cobot/build/mypalletizer_interfaces', 'env': OrderedDict([('GJS_DEBUG_TOPICS', 'JS ERROR;JS LOG'), ('LESSOPEN', '| /usr/bin/lesspipe %s'), ('LANGUAGE', 'en_CA:en'), ('USER', 'robotics'), ('XDG_SESSION_TYPE', 'x11'), ('SHLVL', '1'), ('LD_LIBRARY_PATH', '/opt/ros/humble/opt/rviz_ogre_vendor/lib:/opt/ros/humble/lib/x86_64-linux-gnu:/opt/ros/humble/lib'), ('HOME', '/home/robotics'), ('OLDPWD', '/home/robotics'), ('DESKTOP_SESSION', 'ubuntu'), ('GIO_LAUNCHED_DESKTOP_FILE', '/usr/share/applications/terminator.desktop'), ('ROS_PYTHON_VERSION', '3'), ('GNOME_SHELL_SESSION_MODE', 'ubuntu'), ('GTK_MODULES', 'gail:atk-bridge'), ('MANAGERPID', '1791'), ('SYSTEMD_EXEC_PID', '2064'), ('DBUS_SESSION_BUS_ADDRESS', 'unix:path=/run/user/1001/bus'), ('COLORTERM', 'truecolor'), ('TERMINATOR_DBUS_NAME', 'net.tenshu.Terminator23558193cd9818af7fe4d2c2f5bd9d00f'), ('GIO_LAUNCHED_DESKTOP_FILE_PID', '2911'), ('ROS_DISTRO', 'humble'), ('GTK_IM_MODULE', 'ibus'), ('LOGNAME', 'robotics'), ('JOURNAL_STREAM', '8:12679'), ('_', '/usr/bin/colcon'), ('ROS_VERSION', '2'), ('XDG_SESSION_CLASS', 'user'), ('USERNAME', 'robotics'), ('TERM', 'xterm-256color'), ('GNOME_DESKTOP_SESSION_ID', 'this-is-deprecated'), ('ROS_LOCALHOST_ONLY', '0'), ('WINDOWPATH', '2'), ('PATH', '/opt/ros/humble/bin:/home/robotics/.local/bin:/usr/local/sbin:/usr/local/bin:/usr/sbin:/usr/bin:/sbin:/bin:/usr/games:/usr/local/games:/snap/bin:/snap/bin'), ('SESSION_MANAGER', 'local/scapula:@/tmp/.ICE-unix/2041,unix/scapula:/tmp/.ICE-unix/2041'), ('INVOCATION_ID', 'fa4d4892373d46828ff3f5eecdfb64d7'), ('XDG_MENU_PREFIX', 'gnome-'), ('XDG_RUNTIME_DIR', '/run/user/1001'), ('DISPLAY', ':1'), ('TERMINATOR_DBUS_PATH', '/net/tenshu/Terminator2'), ('LANG', 'en_US.UTF-8'), ('XDG_CURRENT_DESKTOP', 'ubuntu:GNOME'), ('XMODIFIERS', '@im=ibus'), ('XDG_SESSION_DESKTOP', 'ubuntu'), ('XAUTHORITY', '/run/user/1001/gdm/Xauthority'), ('LS_COLORS', 'rs=0:di=01;34:ln=01;36:mh=00:pi=40;33:so=01;35:do=01;35:bd=40;33;01:cd=40;33;01:or=40;31;01:mi=00:su=37;41:sg=30;43:ca=30;41:tw=30;42:ow=34;42:st=37;44:ex=01;32:*.tar=01;31:*.tgz=01;31:*.arc=01;31:*.arj=01;31:*.taz=01;31:*.lha=01;31:*.lz4=01;31:*.lzh=01;31:*.lzma=01;31:*.tlz=01;31:*.txz=01;31:*.tzo=01;31:*.t7z=01;31:*.zip=01;31:*.z=01;31:*.dz=01;31:*.gz=01;31:*.lrz=01;31:*.lz=01;31:*.lzo=01;31:*.xz=01;31:*.zst=01;31:*.tzst=01;31:*.bz2=01;31:*.bz=01;31:*.tbz=01;31:*.tbz2=01;31:*.tz=01;31:*.deb=01;31:*.rpm=01;31:*.jar=01;31:*.war=01;31:*.ear=01;31:*.sar=01;31:*.rar=01;31:*.alz=01;31:*.ace=01;31:*.zoo=01;31:*.cpio=01;31:*.7z=01;31:*.rz=01;31:*.cab=01;31:*.wim=01;31:*.swm=01;31:*.dwm=01;31:*.esd=01;31:*.jpg=01;35:*.jpeg=01;35:*.mjpg=01;35:*.mjpeg=01;35:*.gif=01;35:*.bmp=01;35:*.pbm=01;35:*.pgm=01;35:*.ppm=01;35:*.tga=01;35:*.xbm=01;35:*.xpm=01;35:*.tif=01;35:*.tiff=01;35:*.png=01;35:*.svg=01;35:*.svgz=01;35:*.mng=01;35:*.pcx=01;35:*.mov=01;35:*.mpg=01;35:*.mpeg=01;35:*.m2v=01;35:*.mkv=01;35:*.webm=01;35:*.webp=01;35:*.ogm=01;35:*.mp4=01;35:*.m4v=01;35:*.mp4v=01;35:*.vob=01;35:*.qt=01;35:*.nuv=01;35:*.wmv=01;35:*.asf=01;35:*.rm=01;35:*.rmvb=01;35:*.flc=01;35:*.avi=01;35:*.fli=01;35:*.flv=01;35:*.gl=01;35:*.dl=01;35:*.xcf=01;35:*.xwd=01;35:*.yuv=01;35:*.cgm=01;35:*.emf=01;35:*.ogv=01;35:*.ogx=01;35:*.aac=00;36:*.au=00;36:*.flac=00;36:*.m4a=00;36:*.mid=00;36:*.midi=00;36:*.mka=00;36:*.mp3=00;36:*.mpc=00;36:*.ogg=00;36:*.ra=00;36:*.wav=00;36:*.oga=00;36:*.opus=00;36:*.spx=00;36:*.xspf=00;36:'), ('SSH_AGENT_LAUNCHER', 'gnome-keyring'), ('SSH_AUTH_SOCK', '/run/user/1001/keyring/ssh'), ('AMENT_PREFIX_PATH', '/opt/ros/humble'), ('SHELL', '/bin/bash'), ('TERMINATOR_UUID', 'urn:uuid:9f62500e-929f-4887-8849-f4dd46e1c38d'), ('QT_ACCESSIBILITY', '1'), ('GDMSESSION', 'ubuntu'), ('LESSCLOSE', '/usr/bin/lesspipe %s %s'), ('GPG_AGENT_INFO', '/run/user/1001/gnupg/S.gpg-agent:0:1'), ('GJS_DEBUG_OUTPUT', 'stderr'), ('QT_IM_MODULE', 'ibus'), ('PWD', '/home/robotics/ros2_cobot/build/mypalletizer_interfaces'), ('LC_ALL', 'en_US.UTF-8'), ('XDG_CONFIG_DIRS', '/etc/xdg/xdg-ubuntu:/etc/xdg'), ('XDG_DATA_DIRS', '/usr/share/ubuntu:/usr/share/gnome:/usr/local/share/:/usr/share/:/var/lib/snapd/desktop'), ('PYTHONPATH', '/opt/ros/humble/lib/python3.10/site-packages:/opt/ros/humble/local/lib/python3.10/dist-packages'), ('COLCON', '1'), ('VTE_VERSION', '6800'), ('CMAKE_PREFIX_PATH', '/opt/ros/humble')]), 'shell': False}
[0.505176] (mecharm_interfaces) StdoutLine: {'line': b'running egg_info\n'}
[0.505381] (mycobot_interfaces) StdoutLine: {'line': b'running egg_info\n'}
[0.505449] (mecharm_interfaces) StdoutLine: {'line': b'writing mecharm_interfaces.egg-info/PKG-INFO\n'}
[0.505522] (mycobot_interfaces) StdoutLine: {'line': b'writing mycobot_interfaces.egg-info/PKG-INFO\n'}
[0.505588] (mecharm_interfaces) StdoutLine: {'line': b'writing dependency_links to mecharm_interfaces.egg-info/dependency_links.txt\n'}
[0.505646] (mycobot_interfaces) StdoutLine: {'line': b'writing dependency_links to mycobot_interfaces.egg-info/dependency_links.txt\n'}
[0.505736] (mecharm_interfaces) StdoutLine: {'line': b'writing top-level names to mecharm_interfaces.egg-info/top_level.txt\n'}
[0.505809] (mycobot_interfaces) StdoutLine: {'line': b'writing top-level names to mycobot_interfaces.egg-info/top_level.txt\n'}
[0.507667] (mecharm_interfaces) StdoutLine: {'line': b"reading manifest file 'mecharm_interfaces.egg-info/SOURCES.txt'\n"}
[0.507798] (mycobot_interfaces) StdoutLine: {'line': b"reading manifest file 'mycobot_interfaces.egg-info/SOURCES.txt'\n"}
[0.508551] (mecharm_interfaces) StdoutLine: {'line': b"writing manifest file 'mecharm_interfaces.egg-info/SOURCES.txt'\n"}
[0.508624] (traj_scripts) StdoutLine: {'line': b'-- Install configuration: ""\n'}
[0.508677] (mycobot_interfaces) StdoutLine: {'line': b"writing manifest file 'mycobot_interfaces.egg-info/SOURCES.txt'\n"}
[0.509758] (traj_scripts) StdoutLine: {'line': b'-- Up-to-date: /home/robotics/ros2_cobot/install/traj_scripts/lib/traj_scripts/traj_runner_node\n'}
[0.510384] (traj_scripts) StdoutLine: {'line': b'-- Up-to-date: /home/robotics/ros2_cobot/install/traj_scripts/lib/traj_scripts/plan_node\n'}
[0.510596] (traj_scripts) StdoutLine: {'line': b'-- Up-to-date: /home/robotics/ros2_cobot/install/traj_scripts/share/traj_scripts/launch\n'}
[0.510821] (traj_scripts) StdoutLine: {'line': b'-- Up-to-date: /home/robotics/ros2_cobot/install/traj_scripts/share/traj_scripts/launch/traj_scripts.launch.py\n'}
[0.510907] (traj_scripts) StdoutLine: {'line': b'-- Up-to-date: /home/robotics/ros2_cobot/install/traj_scripts/share/traj_scripts/launch/__pycache__\n'}
[0.511015] (traj_scripts) StdoutLine: {'line': b'-- Installing: /home/robotics/ros2_cobot/install/traj_scripts/share/traj_scripts/launch/__pycache__/traj_scripts.launch.cpython-310.pyc\n'}
[0.511126] (mypalletizer_interfaces) StdoutLine: {'line': b'-- Install configuration: ""\n'}
[0.511442] (traj_scripts) StdoutLine: {'line': b'-- Up-to-date: /home/robotics/ros2_cobot/install/traj_scripts/share/traj_scripts/environment/pythonpath.sh\n'}
[0.511549] (mypalletizer_interfaces) StdoutLine: {'line': b'-- Up-to-date: /home/robotics/ros2_cobot/install/mypalletizer_interfaces/share/ament_index/resource_index/rosidl_interfaces/mypalletizer_interfaces\n'}
[0.511612] (mypalletizer_interfaces) StdoutLine: {'line': b'-- Up-to-date: /home/robotics/ros2_cobot/install/mypalletizer_interfaces/include/mypalletizer_interfaces/mypalletizer_interfaces\n'}
[0.511676] (traj_scripts) StdoutLine: {'line': b'-- Up-to-date: /home/robotics/ros2_cobot/install/traj_scripts/share/traj_scripts/environment/pythonpath.dsv\n'}
[0.511732] (mypalletizer_interfaces) StdoutLine: {'line': b'-- Up-to-date: /home/robotics/ros2_cobot/install/mypalletizer_interfaces/include/mypalletizer_interfaces/mypalletizer_interfaces/srv\n'}
[0.511828] (traj_scripts) StdoutLine: {'line': b'-- Up-to-date: /home/robotics/ros2_cobot/install/traj_scripts/local/lib/python3.10/dist-packages/traj_scripts-0.1.0-py3.10.egg-info\n'}
[0.511895] (mypalletizer_interfaces) StdoutLine: {'line': b'-- Up-to-date: /home/robotics/ros2_cobot/install/mypalletizer_interfaces/include/mypalletizer_interfaces/mypalletizer_interfaces/srv/get_coords.h\n'}
[0.512001] (traj_scripts) StdoutLine: {'line': b'-- Installing: /home/robotics/ros2_cobot/install/traj_scripts/local/lib/python3.10/dist-packages/traj_scripts-0.1.0-py3.10.egg-info/dependency_links.txt\n'}
[0.512062] (mypalletizer_interfaces) StdoutLine: {'line': b'-- Up-to-date: /home/robotics/ros2_cobot/install/mypalletizer_interfaces/include/mypalletizer_interfaces/mypalletizer_interfaces/srv/get_angles.h\n'}
[0.512170] (mypalletizer_interfaces) StdoutLine: {'line': b'-- Up-to-date: /home/robotics/ros2_cobot/install/mypalletizer_interfaces/include/mypalletizer_interfaces/mypalletizer_interfaces/srv/set_coords.h\n'}
[0.512297] (mypalletizer_interfaces) StdoutLine: {'line': b'-- Up-to-date: /home/robotics/ros2_cobot/install/mypalletizer_interfaces/include/mypalletizer_interfaces/mypalletizer_interfaces/srv/set_angles.h\n'}
[0.512360] (mypalletizer_interfaces) StdoutLine: {'line': b'-- Up-to-date: /home/robotics/ros2_cobot/install/mypalletizer_interfaces/include/mypalletizer_interfaces/mypalletizer_interfaces/srv/detail\n'}
[0.512414] (mypalletizer_interfaces) StdoutLine: {'line': b'-- Up-to-date: /home/robotics/ros2_cobot/install/mypalletizer_interfaces/include/mypalletizer_interfaces/mypalletizer_interfaces/srv/detail/set_coords__functions.h\n'}
[0.512518] (traj_scripts) StdoutLine: {'line': b'-- Installing: /home/robotics/ros2_cobot/install/traj_scripts/local/lib/python3.10/dist-packages/traj_scripts-0.1.0-py3.10.egg-info/top_level.txt\n'}
[0.512571] (mypalletizer_interfaces) StdoutLine: {'line': b'-- Up-to-date: /home/robotics/ros2_cobot/install/mypalletizer_interfaces/include/mypalletizer_interfaces/mypalletizer_interfaces/srv/detail/set_angles__functions.h\n'}
[0.512608] (mypalletizer_interfaces) StdoutLine: {'line': b'-- Up-to-date: /home/robotics/ros2_cobot/install/mypalletizer_interfaces/include/mypalletizer_interfaces/mypalletizer_interfaces/srv/detail/pump_status__functions.h\n'}
[0.512652] (mypalletizer_interfaces) StdoutLine: {'line': b'-- Up-to-date: /home/robotics/ros2_cobot/install/mypalletizer_interfaces/include/mypalletizer_interfaces/mypalletizer_interfaces/srv/detail/get_coords__functions.h\n'}
[0.512696] (mypalletizer_interfaces) StdoutLine: {'line': b'-- Up-to-date: /home/robotics/ros2_cobot/install/mypalletizer_interfaces/include/mypalletizer_interfaces/mypalletizer_interfaces/srv/detail/pump_status__struct.h\n'}
[0.512740] (mypalletizer_interfaces) StdoutLine: {'line': b'-- Up-to-date: /home/robotics/ros2_cobot/install/mypalletizer_interfaces/include/mypalletizer_interfaces/mypalletizer_interfaces/srv/detail/gripper_status__type_support.h\n'}
[0.512782] (mypalletizer_interfaces) StdoutLine: {'line': b'-- Up-to-date: /home/robotics/ros2_cobot/install/mypalletizer_interfaces/include/mypalletizer_interfaces/mypalletizer_interfaces/srv/detail/get_coords__functions.c\n'}
[0.512822] (mypalletizer_interfaces) StdoutLine: {'line': b'-- Up-to-date: /home/robotics/ros2_cobot/install/mypalletizer_interfaces/include/mypalletizer_interfaces/mypalletizer_interfaces/srv/detail/pump_status__functions.c\n'}
[0.512865] (traj_scripts) StdoutLine: {'line': b'-- Installing: /home/robotics/ros2_cobot/install/traj_scripts/local/lib/python3.10/dist-packages/traj_scripts-0.1.0-py3.10.egg-info/SOURCES.txt\n'}
[0.512906] (mypalletizer_interfaces) StdoutLine: {'line': b'-- Up-to-date: /home/robotics/ros2_cobot/install/mypalletizer_interfaces/include/mypalletizer_interfaces/mypalletizer_interfaces/srv/detail/set_angles__functions.c\n'}
[0.512947] (mypalletizer_interfaces) StdoutLine: {'line': b'-- Up-to-date: /home/robotics/ros2_cobot/install/mypalletizer_interfaces/include/mypalletizer_interfaces/mypalletizer_interfaces/srv/detail/set_angles__type_support.h\n'}
[0.512987] (traj_scripts) StdoutLine: {'line': b'-- Installing: /home/robotics/ros2_cobot/install/traj_scripts/local/lib/python3.10/dist-packages/traj_scripts-0.1.0-py3.10.egg-info/PKG-INFO\n'}
[0.513029] (mypalletizer_interfaces) StdoutLine: {'line': b'-- Up-to-date: /home/robotics/ros2_cobot/install/mypalletizer_interfaces/include/mypalletizer_interfaces/mypalletizer_interfaces/srv/detail/set_coords__struct.h\n'}
[0.513072] (mypalletizer_interfaces) StdoutLine: {'line': b'-- Up-to-date: /home/robotics/ros2_cobot/install/mypalletizer_interfaces/include/mypalletizer_interfaces/mypalletizer_interfaces/srv/detail/get_coords__type_support.h\n'}
[0.513111] (mypalletizer_interfaces) StdoutLine: {'line': b'-- Up-to-date: /home/robotics/ros2_cobot/install/mypalletizer_interfaces/include/mypalletizer_interfaces/mypalletizer_interfaces/srv/detail/gripper_status__functions.h\n'}
[0.513270] (mypalletizer_interfaces) StdoutLine: {'line': b'-- Up-to-date: /home/robotics/ros2_cobot/install/mypalletizer_interfaces/include/mypalletizer_interfaces/mypalletizer_interfaces/srv/detail/get_angles__functions.c\n'}
[0.513311] (mypalletizer_interfaces) StdoutLine: {'line': b'-- Up-to-date: /home/robotics/ros2_cobot/install/mypalletizer_interfaces/include/mypalletizer_interfaces/mypalletizer_interfaces/srv/detail/get_angles__functions.h\n'}
[0.513343] (mypalletizer_interfaces) StdoutLine: {'line': b'-- Up-to-date: /home/robotics/ros2_cobot/install/mypalletizer_interfaces/include/mypalletizer_interfaces/mypalletizer_interfaces/srv/detail/gripper_status__functions.c\n'}
[0.513371] (mypalletizer_interfaces) StdoutLine: {'line': b'-- Up-to-date: /home/robotics/ros2_cobot/install/mypalletizer_interfaces/include/mypalletizer_interfaces/mypalletizer_interfaces/srv/detail/get_angles__type_support.h\n'}
[0.513399] (mypalletizer_interfaces) StdoutLine: {'line': b'-- Up-to-date: /home/robotics/ros2_cobot/install/mypalletizer_interfaces/include/mypalletizer_interfaces/mypalletizer_interfaces/srv/detail/set_coords__functions.c\n'}
[0.513429] (mypalletizer_interfaces) StdoutLine: {'line': b'-- Up-to-date: /home/robotics/ros2_cobot/install/mypalletizer_interfaces/include/mypalletizer_interfaces/mypalletizer_interfaces/srv/detail/set_angles__struct.h\n'}
[0.513472] (mypalletizer_interfaces) StdoutLine: {'line': b'-- Up-to-date: /home/robotics/ros2_cobot/install/mypalletizer_interfaces/include/mypalletizer_interfaces/mypalletizer_interfaces/srv/detail/gripper_status__struct.h\n'}
[0.513503] (mypalletizer_interfaces) StdoutLine: {'line': b'-- Up-to-date: /home/robotics/ros2_cobot/install/mypalletizer_interfaces/include/mypalletizer_interfaces/mypalletizer_interfaces/srv/detail/get_angles__struct.h\n'}
[0.513534] (mypalletizer_interfaces) StdoutLine: {'line': b'-- Up-to-date: /home/robotics/ros2_cobot/install/mypalletizer_interfaces/include/mypalletizer_interfaces/mypalletizer_interfaces/srv/detail/set_coords__type_support.h\n'}
[0.513564] (mypalletizer_interfaces) StdoutLine: {'line': b'-- Up-to-date: /home/robotics/ros2_cobot/install/mypalletizer_interfaces/include/mypalletizer_interfaces/mypalletizer_interfaces/srv/detail/pump_status__type_support.h\n'}
[0.513592] (traj_scripts) StdoutLine: {'line': b'-- Up-to-date: /home/robotics/ros2_cobot/install/traj_scripts/local/lib/python3.10/dist-packages/traj_scripts\n'}
[0.513655] (traj_scripts) StdoutLine: {'line': b'-- Up-to-date: /home/robotics/ros2_cobot/install/traj_scripts/local/lib/python3.10/dist-packages/traj_scripts/__init__.py\n'}
[0.513682] (mypalletizer_interfaces) StdoutLine: {'line': b'-- Up-to-date: /home/robotics/ros2_cobot/install/mypalletizer_interfaces/include/mypalletizer_interfaces/mypalletizer_interfaces/srv/detail/get_coords__struct.h\n'}
[0.513716] (mypalletizer_interfaces) StdoutLine: {'line': b'-- Up-to-date: /home/robotics/ros2_cobot/install/mypalletizer_interfaces/include/mypalletizer_interfaces/mypalletizer_interfaces/srv/pump_status.h\n'}
[0.513740] (mypalletizer_interfaces) StdoutLine: {'line': b'-- Up-to-date: /home/robotics/ros2_cobot/install/mypalletizer_interfaces/include/mypalletizer_interfaces/mypalletizer_interfaces/srv/gripper_status.h\n'}
[0.513773] (mypalletizer_interfaces) StdoutLine: {'line': b'-- Up-to-date: /home/robotics/ros2_cobot/install/mypalletizer_interfaces/include/mypalletizer_interfaces/mypalletizer_interfaces/msg\n'}
[0.513799] (mypalletizer_interfaces) StdoutLine: {'line': b'-- Up-to-date: /home/robotics/ros2_cobot/install/mypalletizer_interfaces/include/mypalletizer_interfaces/mypalletizer_interfaces/msg/mypal_gripper_status.h\n'}
[0.513824] (mypalletizer_interfaces) StdoutLine: {'line': b'-- Up-to-date: /home/robotics/ros2_cobot/install/mypalletizer_interfaces/include/mypalletizer_interfaces/mypalletizer_interfaces/msg/mypal_set_angles.h\n'}
[0.513849] (mypalletizer_interfaces) StdoutLine: {'line': b'-- Up-to-date: /home/robotics/ros2_cobot/install/mypalletizer_interfaces/include/mypalletizer_interfaces/mypalletizer_interfaces/msg/detail\n'}
[0.513877] (mypalletizer_interfaces) StdoutLine: {'line': b'-- Up-to-date: /home/robotics/ros2_cobot/install/mypalletizer_interfaces/include/mypalletizer_interfaces/mypalletizer_interfaces/msg/detail/mypal_pump_status__functions.h\n'}
[0.513903] (mypalletizer_interfaces) StdoutLine: {'line': b'-- Up-to-date: /home/robotics/ros2_cobot/install/mypalletizer_interfaces/include/mypalletizer_interfaces/mypalletizer_interfaces/msg/detail/mypal_set_coords__type_support.h\n'}
[0.513927] (mypalletizer_interfaces) StdoutLine: {'line': b'-- Up-to-date: /home/robotics/ros2_cobot/install/mypalletizer_interfaces/include/mypalletizer_interfaces/mypalletizer_interfaces/msg/detail/mypal_coords__struct.h\n'}
[0.513954] (mypalletizer_interfaces) StdoutLine: {'line': b'-- Up-to-date: /home/robotics/ros2_cobot/install/mypalletizer_interfaces/include/mypalletizer_interfaces/mypalletizer_interfaces/msg/detail/mypal_set_coords__functions.h\n'}
[0.513980] (mypalletizer_interfaces) StdoutLine: {'line': b'-- Up-to-date: /home/robotics/ros2_cobot/install/mypalletizer_interfaces/include/mypalletizer_interfaces/mypalletizer_interfaces/msg/detail/mypal_set_angles__functions.c\n'}
[0.514006] (mypalletizer_interfaces) StdoutLine: {'line': b'-- Up-to-date: /home/robotics/ros2_cobot/install/mypalletizer_interfaces/include/mypalletizer_interfaces/mypalletizer_interfaces/msg/detail/mypal_gripper_status__functions.c\n'}
[0.514031] (mypalletizer_interfaces) StdoutLine: {'line': b'-- Up-to-date: /home/robotics/ros2_cobot/install/mypalletizer_interfaces/include/mypalletizer_interfaces/mypalletizer_interfaces/msg/detail/mypal_set_coords__struct.h\n'}
[0.514064] (mypalletizer_interfaces) StdoutLine: {'line': b'-- Up-to-date: /home/robotics/ros2_cobot/install/mypalletizer_interfaces/include/mypalletizer_interfaces/mypalletizer_interfaces/msg/detail/mypal_set_angles__type_support.h\n'}
[0.514095] (mypalletizer_interfaces) StdoutLine: {'line': b'-- Up-to-date: /home/robotics/ros2_cobot/install/mypalletizer_interfaces/include/mypalletizer_interfaces/mypalletizer_interfaces/msg/detail/mypal_angles__type_support.h\n'}
[0.514122] (mypalletizer_interfaces) StdoutLine: {'line': b'-- Up-to-date: /home/robotics/ros2_cobot/install/mypalletizer_interfaces/include/mypalletizer_interfaces/mypalletizer_interfaces/msg/detail/mypal_coords__functions.c\n'}
[0.514164] (mypalletizer_interfaces) StdoutLine: {'line': b'-- Up-to-date: /home/robotics/ros2_cobot/install/mypalletizer_interfaces/include/mypalletizer_interfaces/mypalletizer_interfaces/msg/detail/mypal_angles__functions.c\n'}
[0.514191] (mypalletizer_interfaces) StdoutLine: {'line': b'-- Up-to-date: /home/robotics/ros2_cobot/install/mypalletizer_interfaces/include/mypalletizer_interfaces/mypalletizer_interfaces/msg/detail/mypal_angles__struct.h\n'}
[0.514217] (mypalletizer_interfaces) StdoutLine: {'line': b'-- Up-to-date: /home/robotics/ros2_cobot/install/mypalletizer_interfaces/include/mypalletizer_interfaces/mypalletizer_interfaces/msg/detail/mypal_coords__functions.h\n'}
[0.514247] (mypalletizer_interfaces) StdoutLine: {'line': b'-- Up-to-date: /home/robotics/ros2_cobot/install/mypalletizer_interfaces/include/mypalletizer_interfaces/mypalletizer_interfaces/msg/detail/mypal_coords__type_support.h\n'}
[0.514275] (mypalletizer_interfaces) StdoutLine: {'line': b'-- Up-to-date: /home/robotics/ros2_cobot/install/mypalletizer_interfaces/include/mypalletizer_interfaces/mypalletizer_interfaces/msg/detail/mypal_pump_status__type_support.h\n'}
[0.514321] (mypalletizer_interfaces) StdoutLine: {'line': b'-- Up-to-date: /home/robotics/ros2_cobot/install/mypalletizer_interfaces/include/mypalletizer_interfaces/mypalletizer_interfaces/msg/detail/mypal_pump_status__struct.h\n'}
[0.514347] (mypalletizer_interfaces) StdoutLine: {'line': b'-- Up-to-date: /home/robotics/ros2_cobot/install/mypalletizer_interfaces/include/mypalletizer_interfaces/mypalletizer_interfaces/msg/detail/mypal_gripper_status__struct.h\n'}
[0.514372] (mypalletizer_interfaces) StdoutLine: {'line': b'-- Up-to-date: /home/robotics/ros2_cobot/install/mypalletizer_interfaces/include/mypalletizer_interfaces/mypalletizer_interfaces/msg/detail/mypal_angles__functions.h\n'}
[0.514401] (mypalletizer_interfaces) StdoutLine: {'line': b'-- Up-to-date: /home/robotics/ros2_cobot/install/mypalletizer_interfaces/include/mypalletizer_interfaces/mypalletizer_interfaces/msg/detail/mypal_set_angles__struct.h\n'}
[0.514432] (mypalletizer_interfaces) StdoutLine: {'line': b'-- Up-to-date: /home/robotics/ros2_cobot/install/mypalletizer_interfaces/include/mypalletizer_interfaces/mypalletizer_interfaces/msg/detail/mypal_set_angles__functions.h\n'}
[0.514460] (mypalletizer_interfaces) StdoutLine: {'line': b'-- Up-to-date: /home/robotics/ros2_cobot/install/mypalletizer_interfaces/include/mypalletizer_interfaces/mypalletizer_interfaces/msg/detail/mypal_set_coords__functions.c\n'}
[0.514515] (mypalletizer_interfaces) StdoutLine: {'line': b'-- Up-to-date: /home/robotics/ros2_cobot/install/mypalletizer_interfaces/include/mypalletizer_interfaces/mypalletizer_interfaces/msg/detail/mypal_gripper_status__functions.h\n'}
[0.514544] (mypalletizer_interfaces) StdoutLine: {'line': b'-- Up-to-date: /home/robotics/ros2_cobot/install/mypalletizer_interfaces/include/mypalletizer_interfaces/mypalletizer_interfaces/msg/detail/mypal_gripper_status__type_support.h\n'}
[0.514570] (mypalletizer_interfaces) StdoutLine: {'line': b'-- Up-to-date: /home/robotics/ros2_cobot/install/mypalletizer_interfaces/include/mypalletizer_interfaces/mypalletizer_interfaces/msg/detail/mypal_pump_status__functions.c\n'}
[0.514622] (mypalletizer_interfaces) StdoutLine: {'line': b'-- Up-to-date: /home/robotics/ros2_cobot/install/mypalletizer_interfaces/include/mypalletizer_interfaces/mypalletizer_interfaces/msg/mypal_coords.h\n'}
[0.514650] (mypalletizer_interfaces) StdoutLine: {'line': b'-- Up-to-date: /home/robotics/ros2_cobot/install/mypalletizer_interfaces/include/mypalletizer_interfaces/mypalletizer_interfaces/msg/rosidl_generator_c__visibility_control.h\n'}
[0.514678] (mypalletizer_interfaces) StdoutLine: {'line': b'-- Up-to-date: /home/robotics/ros2_cobot/install/mypalletizer_interfaces/include/mypalletizer_interfaces/mypalletizer_interfaces/msg/mypal_set_coords.h\n'}
[0.514706] (mypalletizer_interfaces) StdoutLine: {'line': b'-- Up-to-date: /home/robotics/ros2_cobot/install/mypalletizer_interfaces/include/mypalletizer_interfaces/mypalletizer_interfaces/msg/mypal_pump_status.h\n'}
[0.514732] (mypalletizer_interfaces) StdoutLine: {'line': b'-- Up-to-date: /home/robotics/ros2_cobot/install/mypalletizer_interfaces/include/mypalletizer_interfaces/mypalletizer_interfaces/msg/mypal_angles.h\n'}
[0.514759] (mypalletizer_interfaces) StdoutLine: {'line': b'-- Up-to-date: /home/robotics/ros2_cobot/install/mypalletizer_interfaces/share/mypalletizer_interfaces/environment/library_path.sh\n'}
[0.514787] (mypalletizer_interfaces) StdoutLine: {'line': b'-- Up-to-date: /home/robotics/ros2_cobot/install/mypalletizer_interfaces/share/mypalletizer_interfaces/environment/library_path.dsv\n'}
[0.514813] (mypalletizer_interfaces) StdoutLine: {'line': b'-- Up-to-date: /home/robotics/ros2_cobot/install/mypalletizer_interfaces/lib/libmypalletizer_interfaces__rosidl_generator_c.so\n'}
[0.514840] (mypalletizer_interfaces) StdoutLine: {'line': b'-- Up-to-date: /home/robotics/ros2_cobot/install/mypalletizer_interfaces/include/mypalletizer_interfaces/mypalletizer_interfaces\n'}
[0.514868] (mypalletizer_interfaces) StdoutLine: {'line': b'-- Up-to-date: /home/robotics/ros2_cobot/install/mypalletizer_interfaces/include/mypalletizer_interfaces/mypalletizer_interfaces/srv\n'}
[0.514895] (mypalletizer_interfaces) StdoutLine: {'line': b'-- Up-to-date: /home/robotics/ros2_cobot/install/mypalletizer_interfaces/include/mypalletizer_interfaces/mypalletizer_interfaces/srv/detail\n'}
[0.514922] (mypalletizer_interfaces) StdoutLine: {'line': b'-- Up-to-date: /home/robotics/ros2_cobot/install/mypalletizer_interfaces/include/mypalletizer_interfaces/mypalletizer_interfaces/srv/detail/get_angles__rosidl_typesupport_fastrtps_c.h\n'}
[0.514970] (mypalletizer_interfaces) StdoutLine: {'line': b'-- Up-to-date: /home/robotics/ros2_cobot/install/mypalletizer_interfaces/include/mypalletizer_interfaces/mypalletizer_interfaces/srv/detail/set_coords__rosidl_typesupport_fastrtps_c.h\n'}
[0.515018] (mypalletizer_interfaces) StdoutLine: {'line': b'-- Up-to-date: /home/robotics/ros2_cobot/install/mypalletizer_interfaces/include/mypalletizer_interfaces/mypalletizer_interfaces/srv/detail/get_coords__rosidl_typesupport_fastrtps_c.h\n'}
[0.515043] (mypalletizer_interfaces) StdoutLine: {'line': b'-- Up-to-date: /home/robotics/ros2_cobot/install/mypalletizer_interfaces/include/mypalletizer_interfaces/mypalletizer_interfaces/srv/detail/set_angles__rosidl_typesupport_fastrtps_c.h\n'}
[0.515067] (mypalletizer_interfaces) StdoutLine: {'line': b'-- Up-to-date: /home/robotics/ros2_cobot/install/mypalletizer_interfaces/include/mypalletizer_interfaces/mypalletizer_interfaces/srv/detail/pump_status__rosidl_typesupport_fastrtps_c.h\n'}
[0.515090] (mypalletizer_interfaces) StdoutLine: {'line': b'-- Up-to-date: /home/robotics/ros2_cobot/install/mypalletizer_interfaces/include/mypalletizer_interfaces/mypalletizer_interfaces/srv/detail/gripper_status__rosidl_typesupport_fastrtps_c.h\n'}
[0.515114] (mypalletizer_interfaces) StdoutLine: {'line': b'-- Up-to-date: /home/robotics/ros2_cobot/install/mypalletizer_interfaces/include/mypalletizer_interfaces/mypalletizer_interfaces/msg\n'}
[0.515151] (mypalletizer_interfaces) StdoutLine: {'line': b'-- Up-to-date: /home/robotics/ros2_cobot/install/mypalletizer_interfaces/include/mypalletizer_interfaces/mypalletizer_interfaces/msg/detail\n'}
[0.515178] (mypalletizer_interfaces) StdoutLine: {'line': b'-- Up-to-date: /home/robotics/ros2_cobot/install/mypalletizer_interfaces/include/mypalletizer_interfaces/mypalletizer_interfaces/msg/detail/mypal_set_angles__rosidl_typesupport_fastrtps_c.h\n'}
[0.515205] (mypalletizer_interfaces) StdoutLine: {'line': b'-- Up-to-date: /home/robotics/ros2_cobot/install/mypalletizer_interfaces/include/mypalletizer_interfaces/mypalletizer_interfaces/msg/detail/mypal_angles__rosidl_typesupport_fastrtps_c.h\n'}
[0.515235] (mypalletizer_interfaces) StdoutLine: {'line': b'-- Up-to-date: /home/robotics/ros2_cobot/install/mypalletizer_interfaces/include/mypalletizer_interfaces/mypalletizer_interfaces/msg/detail/mypal_pump_status__rosidl_typesupport_fastrtps_c.h\n'}
[0.515277] (mypalletizer_interfaces) StdoutLine: {'line': b'-- Up-to-date: /home/robotics/ros2_cobot/install/mypalletizer_interfaces/include/mypalletizer_interfaces/mypalletizer_interfaces/msg/detail/mypal_gripper_status__rosidl_typesupport_fastrtps_c.h\n'}
[0.515331] (mypalletizer_interfaces) StdoutLine: {'line': b'-- Up-to-date: /home/robotics/ros2_cobot/install/mypalletizer_interfaces/include/mypalletizer_interfaces/mypalletizer_interfaces/msg/detail/mypal_coords__rosidl_typesupport_fastrtps_c.h\n'}
[0.515359] (mypalletizer_interfaces) StdoutLine: {'line': b'-- Up-to-date: /home/robotics/ros2_cobot/install/mypalletizer_interfaces/include/mypalletizer_interfaces/mypalletizer_interfaces/msg/detail/mypal_set_coords__rosidl_typesupport_fastrtps_c.h\n'}
[0.515384] (mypalletizer_interfaces) StdoutLine: {'line': b'-- Up-to-date: /home/robotics/ros2_cobot/install/mypalletizer_interfaces/include/mypalletizer_interfaces/mypalletizer_interfaces/msg/rosidl_typesupport_fastrtps_c__visibility_control.h\n'}
[0.515413] (mypalletizer_interfaces) StdoutLine: {'line': b'-- Up-to-date: /home/robotics/ros2_cobot/install/mypalletizer_interfaces/lib/libmypalletizer_interfaces__rosidl_typesupport_fastrtps_c.so\n'}
[0.515462] (mypalletizer_interfaces) StdoutLine: {'line': b'-- Up-to-date: /home/robotics/ros2_cobot/install/mypalletizer_interfaces/include/mypalletizer_interfaces/mypalletizer_interfaces\n'}
[0.515507] (mypalletizer_interfaces) StdoutLine: {'line': b'-- Up-to-date: /home/robotics/ros2_cobot/install/mypalletizer_interfaces/include/mypalletizer_interfaces/mypalletizer_interfaces/srv\n'}
[0.515539] (mypalletizer_interfaces) StdoutLine: {'line': b'-- Up-to-date: /home/robotics/ros2_cobot/install/mypalletizer_interfaces/include/mypalletizer_interfaces/mypalletizer_interfaces/srv/detail\n'}
[0.515602] (mypalletizer_interfaces) StdoutLine: {'line': b'-- Up-to-date: /home/robotics/ros2_cobot/install/mypalletizer_interfaces/include/mypalletizer_interfaces/mypalletizer_interfaces/srv/detail/gripper_status__type_support.c\n'}
[0.515631] (mypalletizer_interfaces) StdoutLine: {'line': b'-- Up-to-date: /home/robotics/ros2_cobot/install/mypalletizer_interfaces/include/mypalletizer_interfaces/mypalletizer_interfaces/srv/detail/gripper_status__rosidl_typesupport_introspection_c.h\n'}
[0.515658] (mypalletizer_interfaces) StdoutLine: {'line': b'-- Up-to-date: /home/robotics/ros2_cobot/install/mypalletizer_interfaces/include/mypalletizer_interfaces/mypalletizer_interfaces/srv/detail/set_coords__rosidl_typesupport_introspection_c.h\n'}
[0.515687] (mypalletizer_interfaces) StdoutLine: {'line': b'-- Up-to-date: /home/robotics/ros2_cobot/install/mypalletizer_interfaces/include/mypalletizer_interfaces/mypalletizer_interfaces/srv/detail/get_angles__rosidl_typesupport_introspection_c.h\n'}
[0.515713] (mypalletizer_interfaces) StdoutLine: {'line': b'-- Up-to-date: /home/robotics/ros2_cobot/install/mypalletizer_interfaces/include/mypalletizer_interfaces/mypalletizer_interfaces/srv/detail/get_coords__rosidl_typesupport_introspection_c.h\n'}
[0.515756] (mypalletizer_interfaces) StdoutLine: {'line': b'-- Up-to-date: /home/robotics/ros2_cobot/install/mypalletizer_interfaces/include/mypalletizer_interfaces/mypalletizer_interfaces/srv/detail/set_angles__rosidl_typesupport_introspection_c.h\n'}
[0.515814] (mypalletizer_interfaces) StdoutLine: {'line': b'-- Up-to-date: /home/robotics/ros2_cobot/install/mypalletizer_interfaces/include/mypalletizer_interfaces/mypalletizer_interfaces/srv/detail/get_angles__type_support.c\n'}
[0.515843] (mypalletizer_interfaces) StdoutLine: {'line': b'-- Up-to-date: /home/robotics/ros2_cobot/install/mypalletizer_interfaces/include/mypalletizer_interfaces/mypalletizer_interfaces/srv/detail/pump_status__rosidl_typesupport_introspection_c.h\n'}
[0.515871] (mypalletizer_interfaces) StdoutLine: {'line': b'-- Up-to-date: /home/robotics/ros2_cobot/install/mypalletizer_interfaces/include/mypalletizer_interfaces/mypalletizer_interfaces/srv/detail/get_coords__type_support.c\n'}
[0.515897] (mypalletizer_interfaces) StdoutLine: {'line': b'-- Up-to-date: /home/robotics/ros2_cobot/install/mypalletizer_interfaces/include/mypalletizer_interfaces/mypalletizer_interfaces/srv/detail/set_angles__type_support.c\n'}
[0.515927] (mypalletizer_interfaces) StdoutLine: {'line': b'-- Up-to-date: /home/robotics/ros2_cobot/install/mypalletizer_interfaces/include/mypalletizer_interfaces/mypalletizer_interfaces/srv/detail/set_coords__type_support.c\n'}
[0.515956] (mypalletizer_interfaces) StdoutLine: {'line': b'-- Up-to-date: /home/robotics/ros2_cobot/install/mypalletizer_interfaces/include/mypalletizer_interfaces/mypalletizer_interfaces/srv/detail/pump_status__type_support.c\n'}
[0.515984] (mypalletizer_interfaces) StdoutLine: {'line': b'-- Up-to-date: /home/robotics/ros2_cobot/install/mypalletizer_interfaces/include/mypalletizer_interfaces/mypalletizer_interfaces/msg\n'}
[0.516011] (mypalletizer_interfaces) StdoutLine: {'line': b'-- Up-to-date: /home/robotics/ros2_cobot/install/mypalletizer_interfaces/include/mypalletizer_interfaces/mypalletizer_interfaces/msg/detail\n'}
[0.516039] (mypalletizer_interfaces) StdoutLine: {'line': b'-- Up-to-date: /home/robotics/ros2_cobot/install/mypalletizer_interfaces/include/mypalletizer_interfaces/mypalletizer_interfaces/msg/detail/mypal_coords__rosidl_typesupport_introspection_c.h\n'}
[0.516067] (mypalletizer_interfaces) StdoutLine: {'line': b'-- Up-to-date: /home/robotics/ros2_cobot/install/mypalletizer_interfaces/include/mypalletizer_interfaces/mypalletizer_interfaces/msg/detail/mypal_set_coords__type_support.c\n'}
[0.516111] (mypalletizer_interfaces) StdoutLine: {'line': b'-- Up-to-date: /home/robotics/ros2_cobot/install/mypalletizer_interfaces/include/mypalletizer_interfaces/mypalletizer_interfaces/msg/detail/mypal_set_angles__type_support.c\n'}
[0.516180] (mypalletizer_interfaces) StdoutLine: {'line': b'-- Up-to-date: /home/robotics/ros2_cobot/install/mypalletizer_interfaces/include/mypalletizer_interfaces/mypalletizer_interfaces/msg/detail/mypal_gripper_status__rosidl_typesupport_introspection_c.h\n'}
[0.516207] (mypalletizer_interfaces) StdoutLine: {'line': b'-- Up-to-date: /home/robotics/ros2_cobot/install/mypalletizer_interfaces/include/mypalletizer_interfaces/mypalletizer_interfaces/msg/detail/mypal_gripper_status__type_support.c\n'}
[0.516232] (mypalletizer_interfaces) StdoutLine: {'line': b'-- Up-to-date: /home/robotics/ros2_cobot/install/mypalletizer_interfaces/include/mypalletizer_interfaces/mypalletizer_interfaces/msg/detail/mypal_angles__type_support.c\n'}
[0.516256] (mypalletizer_interfaces) StdoutLine: {'line': b'-- Up-to-date: /home/robotics/ros2_cobot/install/mypalletizer_interfaces/include/mypalletizer_interfaces/mypalletizer_interfaces/msg/detail/mypal_set_coords__rosidl_typesupport_introspection_c.h\n'}
[0.516286] (mypalletizer_interfaces) StdoutLine: {'line': b'-- Up-to-date: /home/robotics/ros2_cobot/install/mypalletizer_interfaces/include/mypalletizer_interfaces/mypalletizer_interfaces/msg/detail/mypal_angles__rosidl_typesupport_introspection_c.h\n'}
[0.516315] (mypalletizer_interfaces) StdoutLine: {'line': b'-- Up-to-date: /home/robotics/ros2_cobot/install/mypalletizer_interfaces/include/mypalletizer_interfaces/mypalletizer_interfaces/msg/detail/mypal_pump_status__rosidl_typesupport_introspection_c.h\n'}
[0.516346] (mypalletizer_interfaces) StdoutLine: {'line': b'-- Up-to-date: /home/robotics/ros2_cobot/install/mypalletizer_interfaces/include/mypalletizer_interfaces/mypalletizer_interfaces/msg/detail/mypal_set_angles__rosidl_typesupport_introspection_c.h\n'}
[0.516378] (mypalletizer_interfaces) StdoutLine: {'line': b'-- Up-to-date: /home/robotics/ros2_cobot/install/mypalletizer_interfaces/include/mypalletizer_interfaces/mypalletizer_interfaces/msg/detail/mypal_pump_status__type_support.c\n'}
[0.516427] (mypalletizer_interfaces) StdoutLine: {'line': b'-- Up-to-date: /home/robotics/ros2_cobot/install/mypalletizer_interfaces/include/mypalletizer_interfaces/mypalletizer_interfaces/msg/detail/mypal_coords__type_support.c\n'}
[0.516456] (mypalletizer_interfaces) StdoutLine: {'line': b'-- Up-to-date: /home/robotics/ros2_cobot/install/mypalletizer_interfaces/include/mypalletizer_interfaces/mypalletizer_interfaces/msg/rosidl_typesupport_introspection_c__visibility_control.h\n'}
[0.516484] (mypalletizer_interfaces) StdoutLine: {'line': b'-- Up-to-date: /home/robotics/ros2_cobot/install/mypalletizer_interfaces/lib/libmypalletizer_interfaces__rosidl_typesupport_introspection_c.so\n'}
[0.516776] (mypalletizer_interfaces) StdoutLine: {'line': b'-- Up-to-date: /home/robotics/ros2_cobot/install/mypalletizer_interfaces/lib/libmypalletizer_interfaces__rosidl_typesupport_c.so\n'}
[0.516883] (mypalletizer_interfaces) StdoutLine: {'line': b'-- Up-to-date: /home/robotics/ros2_cobot/install/mypalletizer_interfaces/include/mypalletizer_interfaces/mypalletizer_interfaces\n'}
[0.516932] (mypalletizer_interfaces) StdoutLine: {'line': b'-- Up-to-date: /home/robotics/ros2_cobot/install/mypalletizer_interfaces/include/mypalletizer_interfaces/mypalletizer_interfaces/srv\n'}
[0.516975] (mypalletizer_interfaces) StdoutLine: {'line': b'-- Up-to-date: /home/robotics/ros2_cobot/install/mypalletizer_interfaces/include/mypalletizer_interfaces/mypalletizer_interfaces/srv/get_angles.hpp\n'}
[0.517021] (mypalletizer_interfaces) StdoutLine: {'line': b'-- Up-to-date: /home/robotics/ros2_cobot/install/mypalletizer_interfaces/include/mypalletizer_interfaces/mypalletizer_interfaces/srv/set_coords.hpp\n'}
[0.517082] (mypalletizer_interfaces) StdoutLine: {'line': b'-- Up-to-date: /home/robotics/ros2_cobot/install/mypalletizer_interfaces/include/mypalletizer_interfaces/mypalletizer_interfaces/srv/set_angles.hpp\n'}
[0.517117] (mypalletizer_interfaces) StdoutLine: {'line': b'-- Up-to-date: /home/robotics/ros2_cobot/install/mypalletizer_interfaces/include/mypalletizer_interfaces/mypalletizer_interfaces/srv/detail\n'}
[0.517220] (mypalletizer_interfaces) StdoutLine: {'line': b'-- Up-to-date: /home/robotics/ros2_cobot/install/mypalletizer_interfaces/include/mypalletizer_interfaces/mypalletizer_interfaces/srv/detail/get_angles__traits.hpp\n'}
[0.517254] (mypalletizer_interfaces) StdoutLine: {'line': b'-- Up-to-date: /home/robotics/ros2_cobot/install/mypalletizer_interfaces/include/mypalletizer_interfaces/mypalletizer_interfaces/srv/detail/get_coords__struct.hpp\n'}
[0.517283] (mypalletizer_interfaces) StdoutLine: {'line': b'-- Up-to-date: /home/robotics/ros2_cobot/install/mypalletizer_interfaces/include/mypalletizer_interfaces/mypalletizer_interfaces/srv/detail/set_angles__type_support.hpp\n'}
[0.517312] (mypalletizer_interfaces) StdoutLine: {'line': b'-- Up-to-date: /home/robotics/ros2_cobot/install/mypalletizer_interfaces/include/mypalletizer_interfaces/mypalletizer_interfaces/srv/detail/set_coords__type_support.hpp\n'}
[0.517355] (mypalletizer_interfaces) StdoutLine: {'line': b'-- Up-to-date: /home/robotics/ros2_cobot/install/mypalletizer_interfaces/include/mypalletizer_interfaces/mypalletizer_interfaces/srv/detail/set_angles__traits.hpp\n'}
[0.517416] (mypalletizer_interfaces) StdoutLine: {'line': b'-- Up-to-date: /home/robotics/ros2_cobot/install/mypalletizer_interfaces/include/mypalletizer_interfaces/mypalletizer_interfaces/srv/detail/get_angles__struct.hpp\n'}
[0.517464] (mypalletizer_interfaces) StdoutLine: {'line': b'-- Up-to-date: /home/robotics/ros2_cobot/install/mypalletizer_interfaces/include/mypalletizer_interfaces/mypalletizer_interfaces/srv/detail/get_angles__type_support.hpp\n'}
[0.517496] (mypalletizer_interfaces) StdoutLine: {'line': b'-- Up-to-date: /home/robotics/ros2_cobot/install/mypalletizer_interfaces/include/mypalletizer_interfaces/mypalletizer_interfaces/srv/detail/gripper_status__struct.hpp\n'}
[0.517560] (mypalletizer_interfaces) StdoutLine: {'line': b'-- Up-to-date: /home/robotics/ros2_cobot/install/mypalletizer_interfaces/include/mypalletizer_interfaces/mypalletizer_interfaces/srv/detail/gripper_status__type_support.hpp\n'}
[0.517592] (mypalletizer_interfaces) StdoutLine: {'line': b'-- Up-to-date: /home/robotics/ros2_cobot/install/mypalletizer_interfaces/include/mypalletizer_interfaces/mypalletizer_interfaces/srv/detail/get_coords__traits.hpp\n'}
[0.517622] (mypalletizer_interfaces) StdoutLine: {'line': b'-- Up-to-date: /home/robotics/ros2_cobot/install/mypalletizer_interfaces/include/mypalletizer_interfaces/mypalletizer_interfaces/srv/detail/gripper_status__builder.hpp\n'}
[0.517653] (mypalletizer_interfaces) StdoutLine: {'line': b'-- Up-to-date: /home/robotics/ros2_cobot/install/mypalletizer_interfaces/include/mypalletizer_interfaces/mypalletizer_interfaces/srv/detail/pump_status__struct.hpp\n'}
[0.517686] (mypalletizer_interfaces) StdoutLine: {'line': b'-- Up-to-date: /home/robotics/ros2_cobot/install/mypalletizer_interfaces/include/mypalletizer_interfaces/mypalletizer_interfaces/srv/detail/set_coords__struct.hpp\n'}
[0.517715] (mypalletizer_interfaces) StdoutLine: {'line': b'-- Up-to-date: /home/robotics/ros2_cobot/install/mypalletizer_interfaces/include/mypalletizer_interfaces/mypalletizer_interfaces/srv/detail/pump_status__traits.hpp\n'}
[0.517748] (mypalletizer_interfaces) StdoutLine: {'line': b'-- Up-to-date: /home/robotics/ros2_cobot/install/mypalletizer_interfaces/include/mypalletizer_interfaces/mypalletizer_interfaces/srv/detail/pump_status__type_support.hpp\n'}
[0.517779] (mypalletizer_interfaces) StdoutLine: {'line': b'-- Up-to-date: /home/robotics/ros2_cobot/install/mypalletizer_interfaces/include/mypalletizer_interfaces/mypalletizer_interfaces/srv/detail/get_coords__builder.hpp\n'}
[0.517810] (mypalletizer_interfaces) StdoutLine: {'line': b'-- Up-to-date: /home/robotics/ros2_cobot/install/mypalletizer_interfaces/include/mypalletizer_interfaces/mypalletizer_interfaces/srv/detail/set_coords__traits.hpp\n'}
[0.517842] (mypalletizer_interfaces) StdoutLine: {'line': b'-- Up-to-date: /home/robotics/ros2_cobot/install/mypalletizer_interfaces/include/mypalletizer_interfaces/mypalletizer_interfaces/srv/detail/set_angles__builder.hpp\n'}
[0.517942] (mypalletizer_interfaces) StdoutLine: {'line': b'-- Up-to-date: /home/robotics/ros2_cobot/install/mypalletizer_interfaces/include/mypalletizer_interfaces/mypalletizer_interfaces/srv/detail/set_angles__struct.hpp\n'}
[0.517971] (mypalletizer_interfaces) StdoutLine: {'line': b'-- Up-to-date: /home/robotics/ros2_cobot/install/mypalletizer_interfaces/include/mypalletizer_interfaces/mypalletizer_interfaces/srv/detail/set_coords__builder.hpp\n'}
[0.517999] (mypalletizer_interfaces) StdoutLine: {'line': b'-- Up-to-date: /home/robotics/ros2_cobot/install/mypalletizer_interfaces/include/mypalletizer_interfaces/mypalletizer_interfaces/srv/detail/pump_status__builder.hpp\n'}
[0.518026] (mypalletizer_interfaces) StdoutLine: {'line': b'-- Up-to-date: /home/robotics/ros2_cobot/install/mypalletizer_interfaces/include/mypalletizer_interfaces/mypalletizer_interfaces/srv/detail/gripper_status__traits.hpp\n'}
[0.518052] (mypalletizer_interfaces) StdoutLine: {'line': b'-- Up-to-date: /home/robotics/ros2_cobot/install/mypalletizer_interfaces/include/mypalletizer_interfaces/mypalletizer_interfaces/srv/detail/get_coords__type_support.hpp\n'}
[0.518078] (mypalletizer_interfaces) StdoutLine: {'line': b'-- Up-to-date: /home/robotics/ros2_cobot/install/mypalletizer_interfaces/include/mypalletizer_interfaces/mypalletizer_interfaces/srv/detail/get_angles__builder.hpp\n'}
[0.518107] (mypalletizer_interfaces) StdoutLine: {'line': b'-- Up-to-date: /home/robotics/ros2_cobot/install/mypalletizer_interfaces/include/mypalletizer_interfaces/mypalletizer_interfaces/srv/pump_status.hpp\n'}
[0.518146] (mypalletizer_interfaces) StdoutLine: {'line': b'-- Up-to-date: /home/robotics/ros2_cobot/install/mypalletizer_interfaces/include/mypalletizer_interfaces/mypalletizer_interfaces/srv/gripper_status.hpp\n'}
[0.518182] (mypalletizer_interfaces) StdoutLine: {'line': b'-- Up-to-date: /home/robotics/ros2_cobot/install/mypalletizer_interfaces/include/mypalletizer_interfaces/mypalletizer_interfaces/srv/get_coords.hpp\n'}
[0.518213] (mypalletizer_interfaces) StdoutLine: {'line': b'-- Up-to-date: /home/robotics/ros2_cobot/install/mypalletizer_interfaces/include/mypalletizer_interfaces/mypalletizer_interfaces/msg\n'}
[0.518244] (mypalletizer_interfaces) StdoutLine: {'line': b'-- Up-to-date: /home/robotics/ros2_cobot/install/mypalletizer_interfaces/include/mypalletizer_interfaces/mypalletizer_interfaces/msg/mypal_pump_status.hpp\n'}
[0.518275] (mypalletizer_interfaces) StdoutLine: {'line': b'-- Up-to-date: /home/robotics/ros2_cobot/install/mypalletizer_interfaces/include/mypalletizer_interfaces/mypalletizer_interfaces/msg/rosidl_generator_cpp__visibility_control.hpp\n'}
[0.518304] (mypalletizer_interfaces) StdoutLine: {'line': b'-- Up-to-date: /home/robotics/ros2_cobot/install/mypalletizer_interfaces/include/mypalletizer_interfaces/mypalletizer_interfaces/msg/detail\n'}
[0.518331] (mypalletizer_interfaces) StdoutLine: {'line': b'-- Up-to-date: /home/robotics/ros2_cobot/install/mypalletizer_interfaces/include/mypalletizer_interfaces/mypalletizer_interfaces/msg/detail/mypal_gripper_status__type_support.hpp\n'}
[0.518428] (mypalletizer_interfaces) StdoutLine: {'line': b'-- Up-to-date: /home/robotics/ros2_cobot/install/mypalletizer_interfaces/include/mypalletizer_interfaces/mypalletizer_interfaces/msg/detail/mypal_set_angles__builder.hpp\n'}
[0.518458] (mypalletizer_interfaces) StdoutLine: {'line': b'-- Up-to-date: /home/robotics/ros2_cobot/install/mypalletizer_interfaces/include/mypalletizer_interfaces/mypalletizer_interfaces/msg/detail/mypal_pump_status__traits.hpp\n'}
[0.518485] (mypalletizer_interfaces) StdoutLine: {'line': b'-- Up-to-date: /home/robotics/ros2_cobot/install/mypalletizer_interfaces/include/mypalletizer_interfaces/mypalletizer_interfaces/msg/detail/mypal_set_coords__builder.hpp\n'}
[0.518512] (mypalletizer_interfaces) StdoutLine: {'line': b'-- Up-to-date: /home/robotics/ros2_cobot/install/mypalletizer_interfaces/include/mypalletizer_interfaces/mypalletizer_interfaces/msg/detail/mypal_set_coords__type_support.hpp\n'}
[0.518558] (mypalletizer_interfaces) StdoutLine: {'line': b'-- Up-to-date: /home/robotics/ros2_cobot/install/mypalletizer_interfaces/include/mypalletizer_interfaces/mypalletizer_interfaces/msg/detail/mypal_gripper_status__traits.hpp\n'}
[0.518585] (mypalletizer_interfaces) StdoutLine: {'line': b'-- Up-to-date: /home/robotics/ros2_cobot/install/mypalletizer_interfaces/include/mypalletizer_interfaces/mypalletizer_interfaces/msg/detail/mypal_angles__traits.hpp\n'}
[0.518611] (mypalletizer_interfaces) StdoutLine: {'line': b'-- Up-to-date: /home/robotics/ros2_cobot/install/mypalletizer_interfaces/include/mypalletizer_interfaces/mypalletizer_interfaces/msg/detail/mypal_angles__builder.hpp\n'}
[0.518638] (mypalletizer_interfaces) StdoutLine: {'line': b'-- Up-to-date: /home/robotics/ros2_cobot/install/mypalletizer_interfaces/include/mypalletizer_interfaces/mypalletizer_interfaces/msg/detail/mypal_pump_status__type_support.hpp\n'}
[0.518664] (mypalletizer_interfaces) StdoutLine: {'line': b'-- Up-to-date: /home/robotics/ros2_cobot/install/mypalletizer_interfaces/include/mypalletizer_interfaces/mypalletizer_interfaces/msg/detail/mypal_coords__type_support.hpp\n'}
[0.518703] (mypalletizer_interfaces) StdoutLine: {'line': b'-- Up-to-date: /home/robotics/ros2_cobot/install/mypalletizer_interfaces/include/mypalletizer_interfaces/mypalletizer_interfaces/msg/detail/mypal_coords__builder.hpp\n'}
[0.518732] (mypalletizer_interfaces) StdoutLine: {'line': b'-- Up-to-date: /home/robotics/ros2_cobot/install/mypalletizer_interfaces/include/mypalletizer_interfaces/mypalletizer_interfaces/msg/detail/mypal_set_coords__struct.hpp\n'}
[0.518758] (mypalletizer_interfaces) StdoutLine: {'line': b'-- Up-to-date: /home/robotics/ros2_cobot/install/mypalletizer_interfaces/include/mypalletizer_interfaces/mypalletizer_interfaces/msg/detail/mypal_set_angles__type_support.hpp\n'}
[0.518783] (mypalletizer_interfaces) StdoutLine: {'line': b'-- Up-to-date: /home/robotics/ros2_cobot/install/mypalletizer_interfaces/include/mypalletizer_interfaces/mypalletizer_interfaces/msg/detail/mypal_angles__type_support.hpp\n'}
[0.518808] (mypalletizer_interfaces) StdoutLine: {'line': b'-- Up-to-date: /home/robotics/ros2_cobot/install/mypalletizer_interfaces/include/mypalletizer_interfaces/mypalletizer_interfaces/msg/detail/mypal_angles__struct.hpp\n'}
[0.518835] (mypalletizer_interfaces) StdoutLine: {'line': b'-- Up-to-date: /home/robotics/ros2_cobot/install/mypalletizer_interfaces/include/mypalletizer_interfaces/mypalletizer_interfaces/msg/detail/mypal_coords__struct.hpp\n'}
[0.518861] (mypalletizer_interfaces) StdoutLine: {'line': b'-- Up-to-date: /home/robotics/ros2_cobot/install/mypalletizer_interfaces/include/mypalletizer_interfaces/mypalletizer_interfaces/msg/detail/mypal_set_coords__traits.hpp\n'}
[0.518888] (mypalletizer_interfaces) StdoutLine: {'line': b'-- Up-to-date: /home/robotics/ros2_cobot/install/mypalletizer_interfaces/include/mypalletizer_interfaces/mypalletizer_interfaces/msg/detail/mypal_set_angles__struct.hpp\n'}
[0.518917] (mypalletizer_interfaces) StdoutLine: {'line': b'-- Up-to-date: /home/robotics/ros2_cobot/install/mypalletizer_interfaces/include/mypalletizer_interfaces/mypalletizer_interfaces/msg/detail/mypal_set_angles__traits.hpp\n'}
[0.518947] (mypalletizer_interfaces) StdoutLine: {'line': b'-- Up-to-date: /home/robotics/ros2_cobot/install/mypalletizer_interfaces/include/mypalletizer_interfaces/mypalletizer_interfaces/msg/detail/mypal_coords__traits.hpp\n'}
[0.518978] (mypalletizer_interfaces) StdoutLine: {'line': b'-- Up-to-date: /home/robotics/ros2_cobot/install/mypalletizer_interfaces/include/mypalletizer_interfaces/mypalletizer_interfaces/msg/detail/mypal_gripper_status__struct.hpp\n'}
[0.519010] (mypalletizer_interfaces) StdoutLine: {'line': b'-- Up-to-date: /home/robotics/ros2_cobot/install/mypalletizer_interfaces/include/mypalletizer_interfaces/mypalletizer_interfaces/msg/detail/mypal_pump_status__struct.hpp\n'}
[0.519039] (mypalletizer_interfaces) StdoutLine: {'line': b'-- Up-to-date: /home/robotics/ros2_cobot/install/mypalletizer_interfaces/include/mypalletizer_interfaces/mypalletizer_interfaces/msg/detail/mypal_gripper_status__builder.hpp\n'}
[0.519099] (mypalletizer_interfaces) StdoutLine: {'line': b'-- Up-to-date: /home/robotics/ros2_cobot/install/mypalletizer_interfaces/include/mypalletizer_interfaces/mypalletizer_interfaces/msg/detail/mypal_pump_status__builder.hpp\n'}
[0.519348] (mypalletizer_interfaces) StdoutLine: {'line': b'-- Up-to-date: /home/robotics/ros2_cobot/install/mypalletizer_interfaces/include/mypalletizer_interfaces/mypalletizer_interfaces/msg/mypal_coords.hpp\n'}
[0.519459] (mypalletizer_interfaces) StdoutLine: {'line': b'-- Up-to-date: /home/robotics/ros2_cobot/install/mypalletizer_interfaces/include/mypalletizer_interfaces/mypalletizer_interfaces/msg/mypal_set_angles.hpp\n'}
[0.519490] (mypalletizer_interfaces) StdoutLine: {'line': b'-- Up-to-date: /home/robotics/ros2_cobot/install/mypalletizer_interfaces/include/mypalletizer_interfaces/mypalletizer_interfaces/msg/mypal_gripper_status.hpp\n'}
[0.519522] (mypalletizer_interfaces) StdoutLine: {'line': b'-- Up-to-date: /home/robotics/ros2_cobot/install/mypalletizer_interfaces/include/mypalletizer_interfaces/mypalletizer_interfaces/msg/mypal_angles.hpp\n'}
[0.519550] (mypalletizer_interfaces) StdoutLine: {'line': b'-- Up-to-date: /home/robotics/ros2_cobot/install/mypalletizer_interfaces/include/mypalletizer_interfaces/mypalletizer_interfaces/msg/mypal_set_coords.hpp\n'}
[0.519576] (mypalletizer_interfaces) StdoutLine: {'line': b'-- Up-to-date: /home/robotics/ros2_cobot/install/mypalletizer_interfaces/include/mypalletizer_interfaces/mypalletizer_interfaces\n'}
[0.519602] (mypalletizer_interfaces) StdoutLine: {'line': b'-- Up-to-date: /home/robotics/ros2_cobot/install/mypalletizer_interfaces/include/mypalletizer_interfaces/mypalletizer_interfaces/srv\n'}
[0.519629] (mypalletizer_interfaces) StdoutLine: {'line': b'-- Up-to-date: /home/robotics/ros2_cobot/install/mypalletizer_interfaces/include/mypalletizer_interfaces/mypalletizer_interfaces/srv/detail\n'}
[0.519657] (mypalletizer_interfaces) StdoutLine: {'line': b'-- Up-to-date: /home/robotics/ros2_cobot/install/mypalletizer_interfaces/include/mypalletizer_interfaces/mypalletizer_interfaces/srv/detail/dds_fastrtps\n'}
[0.519683] (mypalletizer_interfaces) StdoutLine: {'line': b'-- Up-to-date: /home/robotics/ros2_cobot/install/mypalletizer_interfaces/include/mypalletizer_interfaces/mypalletizer_interfaces/srv/detail/pump_status__rosidl_typesupport_fastrtps_cpp.hpp\n'}
[0.519737] (mypalletizer_interfaces) StdoutLine: {'line': b'-- Up-to-date: /home/robotics/ros2_cobot/install/mypalletizer_interfaces/include/mypalletizer_interfaces/mypalletizer_interfaces/srv/detail/gripper_status__rosidl_typesupport_fastrtps_cpp.hpp\n'}
[0.519768] (mypalletizer_interfaces) StdoutLine: {'line': b'-- Up-to-date: /home/robotics/ros2_cobot/install/mypalletizer_interfaces/include/mypalletizer_interfaces/mypalletizer_interfaces/srv/detail/set_coords__rosidl_typesupport_fastrtps_cpp.hpp\n'}
[0.519797] (mypalletizer_interfaces) StdoutLine: {'line': b'-- Up-to-date: /home/robotics/ros2_cobot/install/mypalletizer_interfaces/include/mypalletizer_interfaces/mypalletizer_interfaces/srv/detail/get_coords__rosidl_typesupport_fastrtps_cpp.hpp\n'}
[0.519826] (mypalletizer_interfaces) StdoutLine: {'line': b'-- Up-to-date: /home/robotics/ros2_cobot/install/mypalletizer_interfaces/include/mypalletizer_interfaces/mypalletizer_interfaces/srv/detail/set_angles__rosidl_typesupport_fastrtps_cpp.hpp\n'}
[0.519884] (mypalletizer_interfaces) StdoutLine: {'line': b'-- Up-to-date: /home/robotics/ros2_cobot/install/mypalletizer_interfaces/include/mypalletizer_interfaces/mypalletizer_interfaces/srv/detail/get_angles__rosidl_typesupport_fastrtps_cpp.hpp\n'}
[0.519914] (mypalletizer_interfaces) StdoutLine: {'line': b'-- Up-to-date: /home/robotics/ros2_cobot/install/mypalletizer_interfaces/include/mypalletizer_interfaces/mypalletizer_interfaces/msg\n'}
[0.519959] (mypalletizer_interfaces) StdoutLine: {'line': b'-- Up-to-date: /home/robotics/ros2_cobot/install/mypalletizer_interfaces/include/mypalletizer_interfaces/mypalletizer_interfaces/msg/detail\n'}
[0.519999] (mypalletizer_interfaces) StdoutLine: {'line': b'-- Up-to-date: /home/robotics/ros2_cobot/install/mypalletizer_interfaces/include/mypalletizer_interfaces/mypalletizer_interfaces/msg/detail/dds_fastrtps\n'}
[0.520027] (mypalletizer_interfaces) StdoutLine: {'line': b'-- Up-to-date: /home/robotics/ros2_cobot/install/mypalletizer_interfaces/include/mypalletizer_interfaces/mypalletizer_interfaces/msg/detail/mypal_pump_status__rosidl_typesupport_fastrtps_cpp.hpp\n'}
[0.520054] (mypalletizer_interfaces) StdoutLine: {'line': b'-- Up-to-date: /home/robotics/ros2_cobot/install/mypalletizer_interfaces/include/mypalletizer_interfaces/mypalletizer_interfaces/msg/detail/mypal_set_coords__rosidl_typesupport_fastrtps_cpp.hpp\n'}
[0.520084] (mypalletizer_interfaces) StdoutLine: {'line': b'-- Up-to-date: /home/robotics/ros2_cobot/install/mypalletizer_interfaces/include/mypalletizer_interfaces/mypalletizer_interfaces/msg/detail/mypal_coords__rosidl_typesupport_fastrtps_cpp.hpp\n'}
[0.520112] (mypalletizer_interfaces) StdoutLine: {'line': b'-- Up-to-date: /home/robotics/ros2_cobot/install/mypalletizer_interfaces/include/mypalletizer_interfaces/mypalletizer_interfaces/msg/detail/mypal_set_angles__rosidl_typesupport_fastrtps_cpp.hpp\n'}
[0.520185] (mypalletizer_interfaces) StdoutLine: {'line': b'-- Up-to-date: /home/robotics/ros2_cobot/install/mypalletizer_interfaces/include/mypalletizer_interfaces/mypalletizer_interfaces/msg/detail/mypal_angles__rosidl_typesupport_fastrtps_cpp.hpp\n'}
[0.520218] (mypalletizer_interfaces) StdoutLine: {'line': b'-- Up-to-date: /home/robotics/ros2_cobot/install/mypalletizer_interfaces/include/mypalletizer_interfaces/mypalletizer_interfaces/msg/detail/mypal_gripper_status__rosidl_typesupport_fastrtps_cpp.hpp\n'}
[0.520245] (mypalletizer_interfaces) StdoutLine: {'line': b'-- Up-to-date: /home/robotics/ros2_cobot/install/mypalletizer_interfaces/include/mypalletizer_interfaces/mypalletizer_interfaces/msg/rosidl_typesupport_fastrtps_cpp__visibility_control.h\n'}
[0.520302] (mypalletizer_interfaces) StdoutLine: {'line': b'-- Up-to-date: /home/robotics/ros2_cobot/install/mypalletizer_interfaces/lib/libmypalletizer_interfaces__rosidl_typesupport_fastrtps_cpp.so\n'}
[0.520332] (mypalletizer_interfaces) StdoutLine: {'line': b'-- Up-to-date: /home/robotics/ros2_cobot/install/mypalletizer_interfaces/include/mypalletizer_interfaces/mypalletizer_interfaces\n'}
[0.520359] (mypalletizer_interfaces) StdoutLine: {'line': b'-- Up-to-date: /home/robotics/ros2_cobot/install/mypalletizer_interfaces/include/mypalletizer_interfaces/mypalletizer_interfaces/srv\n'}
[0.520387] (mypalletizer_interfaces) StdoutLine: {'line': b'-- Up-to-date: /home/robotics/ros2_cobot/install/mypalletizer_interfaces/include/mypalletizer_interfaces/mypalletizer_interfaces/srv/detail\n'}
[0.520414] (mypalletizer_interfaces) StdoutLine: {'line': b'-- Up-to-date: /home/robotics/ros2_cobot/install/mypalletizer_interfaces/include/mypalletizer_interfaces/mypalletizer_interfaces/srv/detail/get_coords__rosidl_typesupport_introspection_cpp.hpp\n'}
[0.520444] (mypalletizer_interfaces) StdoutLine: {'line': b'-- Up-to-date: /home/robotics/ros2_cobot/install/mypalletizer_interfaces/include/mypalletizer_interfaces/mypalletizer_interfaces/srv/detail/get_coords__type_support.cpp\n'}
[0.520472] (mypalletizer_interfaces) StdoutLine: {'line': b'-- Up-to-date: /home/robotics/ros2_cobot/install/mypalletizer_interfaces/include/mypalletizer_interfaces/mypalletizer_interfaces/srv/detail/set_angles__rosidl_typesupport_introspection_cpp.hpp\n'}
[0.520499] (mypalletizer_interfaces) StdoutLine: {'line': b'-- Up-to-date: /home/robotics/ros2_cobot/install/mypalletizer_interfaces/include/mypalletizer_interfaces/mypalletizer_interfaces/srv/detail/pump_status__type_support.cpp\n'}
[0.520541] (mypalletizer_interfaces) StdoutLine: {'line': b'-- Up-to-date: /home/robotics/ros2_cobot/install/mypalletizer_interfaces/include/mypalletizer_interfaces/mypalletizer_interfaces/srv/detail/pump_status__rosidl_typesupport_introspection_cpp.hpp\n'}
[0.520589] (mypalletizer_interfaces) StdoutLine: {'line': b'-- Up-to-date: /home/robotics/ros2_cobot/install/mypalletizer_interfaces/include/mypalletizer_interfaces/mypalletizer_interfaces/srv/detail/gripper_status__rosidl_typesupport_introspection_cpp.hpp\n'}
[0.520614] (mypalletizer_interfaces) StdoutLine: {'line': b'-- Up-to-date: /home/robotics/ros2_cobot/install/mypalletizer_interfaces/include/mypalletizer_interfaces/mypalletizer_interfaces/srv/detail/get_angles__rosidl_typesupport_introspection_cpp.hpp\n'}
[0.520638] (mypalletizer_interfaces) StdoutLine: {'line': b'-- Up-to-date: /home/robotics/ros2_cobot/install/mypalletizer_interfaces/include/mypalletizer_interfaces/mypalletizer_interfaces/srv/detail/get_angles__type_support.cpp\n'}
[0.520662] (mypalletizer_interfaces) StdoutLine: {'line': b'-- Up-to-date: /home/robotics/ros2_cobot/install/mypalletizer_interfaces/include/mypalletizer_interfaces/mypalletizer_interfaces/srv/detail/set_angles__type_support.cpp\n'}
[0.520686] (mypalletizer_interfaces) StdoutLine: {'line': b'-- Up-to-date: /home/robotics/ros2_cobot/install/mypalletizer_interfaces/include/mypalletizer_interfaces/mypalletizer_interfaces/srv/detail/set_coords__rosidl_typesupport_introspection_cpp.hpp\n'}
[0.520712] (mypalletizer_interfaces) StdoutLine: {'line': b'-- Up-to-date: /home/robotics/ros2_cobot/install/mypalletizer_interfaces/include/mypalletizer_interfaces/mypalletizer_interfaces/srv/detail/gripper_status__type_support.cpp\n'}
[0.520737] (mypalletizer_interfaces) StdoutLine: {'line': b'-- Up-to-date: /home/robotics/ros2_cobot/install/mypalletizer_interfaces/include/mypalletizer_interfaces/mypalletizer_interfaces/srv/detail/set_coords__type_support.cpp\n'}
[0.520762] (mypalletizer_interfaces) StdoutLine: {'line': b'-- Up-to-date: /home/robotics/ros2_cobot/install/mypalletizer_interfaces/include/mypalletizer_interfaces/mypalletizer_interfaces/msg\n'}
[0.520790] (mypalletizer_interfaces) StdoutLine: {'line': b'-- Up-to-date: /home/robotics/ros2_cobot/install/mypalletizer_interfaces/include/mypalletizer_interfaces/mypalletizer_interfaces/msg/detail\n'}
[0.520816] (mypalletizer_interfaces) StdoutLine: {'line': b'-- Up-to-date: /home/robotics/ros2_cobot/install/mypalletizer_interfaces/include/mypalletizer_interfaces/mypalletizer_interfaces/msg/detail/mypal_set_angles__rosidl_typesupport_introspection_cpp.hpp\n'}
[0.520844] (mypalletizer_interfaces) StdoutLine: {'line': b'-- Up-to-date: /home/robotics/ros2_cobot/install/mypalletizer_interfaces/include/mypalletizer_interfaces/mypalletizer_interfaces/msg/detail/mypal_pump_status__rosidl_typesupport_introspection_cpp.hpp\n'}
[0.520872] (mypalletizer_interfaces) StdoutLine: {'line': b'-- Up-to-date: /home/robotics/ros2_cobot/install/mypalletizer_interfaces/include/mypalletizer_interfaces/mypalletizer_interfaces/msg/detail/mypal_set_coords__rosidl_typesupport_introspection_cpp.hpp\n'}
[0.520900] (mypalletizer_interfaces) StdoutLine: {'line': b'-- Up-to-date: /home/robotics/ros2_cobot/install/mypalletizer_interfaces/include/mypalletizer_interfaces/mypalletizer_interfaces/msg/detail/mypal_angles__type_support.cpp\n'}
[0.520947] (mypalletizer_interfaces) StdoutLine: {'line': b'-- Up-to-date: /home/robotics/ros2_cobot/install/mypalletizer_interfaces/include/mypalletizer_interfaces/mypalletizer_interfaces/msg/detail/mypal_set_coords__type_support.cpp\n'}
[0.520973] (mypalletizer_interfaces) StdoutLine: {'line': b'-- Up-to-date: /home/robotics/ros2_cobot/install/mypalletizer_interfaces/include/mypalletizer_interfaces/mypalletizer_interfaces/msg/detail/mypal_coords__type_support.cpp\n'}
[0.521007] (mypalletizer_interfaces) StdoutLine: {'line': b'-- Up-to-date: /home/robotics/ros2_cobot/install/mypalletizer_interfaces/include/mypalletizer_interfaces/mypalletizer_interfaces/msg/detail/mypal_coords__rosidl_typesupport_introspection_cpp.hpp\n'}
[0.521033] (mypalletizer_interfaces) StdoutLine: {'line': b'-- Up-to-date: /home/robotics/ros2_cobot/install/mypalletizer_interfaces/include/mypalletizer_interfaces/mypalletizer_interfaces/msg/detail/mypal_gripper_status__rosidl_typesupport_introspection_cpp.hpp\n'}
[0.521064] (mypalletizer_interfaces) StdoutLine: {'line': b'-- Up-to-date: /home/robotics/ros2_cobot/install/mypalletizer_interfaces/include/mypalletizer_interfaces/mypalletizer_interfaces/msg/detail/mypal_set_angles__type_support.cpp\n'}
[0.521089] (mypalletizer_interfaces) StdoutLine: {'line': b'-- Up-to-date: /home/robotics/ros2_cobot/install/mypalletizer_interfaces/include/mypalletizer_interfaces/mypalletizer_interfaces/msg/detail/mypal_gripper_status__type_support.cpp\n'}
[0.521114] (mypalletizer_interfaces) StdoutLine: {'line': b'-- Up-to-date: /home/robotics/ros2_cobot/install/mypalletizer_interfaces/include/mypalletizer_interfaces/mypalletizer_interfaces/msg/detail/mypal_angles__rosidl_typesupport_introspection_cpp.hpp\n'}
[0.521158] (mypalletizer_interfaces) StdoutLine: {'line': b'-- Up-to-date: /home/robotics/ros2_cobot/install/mypalletizer_interfaces/include/mypalletizer_interfaces/mypalletizer_interfaces/msg/detail/mypal_pump_status__type_support.cpp\n'}
[0.521208] (mypalletizer_interfaces) StdoutLine: {'line': b'-- Up-to-date: /home/robotics/ros2_cobot/install/mypalletizer_interfaces/lib/libmypalletizer_interfaces__rosidl_typesupport_introspection_cpp.so\n'}
[0.521236] (mypalletizer_interfaces) StdoutLine: {'line': b'-- Up-to-date: /home/robotics/ros2_cobot/install/mypalletizer_interfaces/lib/libmypalletizer_interfaces__rosidl_typesupport_cpp.so\n'}
[0.521301] (mypalletizer_interfaces) StdoutLine: {'line': b'-- Up-to-date: /home/robotics/ros2_cobot/install/mypalletizer_interfaces/share/mypalletizer_interfaces/environment/pythonpath.sh\n'}
[0.521353] (mypalletizer_interfaces) StdoutLine: {'line': b'-- Up-to-date: /home/robotics/ros2_cobot/install/mypalletizer_interfaces/share/mypalletizer_interfaces/environment/pythonpath.dsv\n'}
[0.521590] (mypalletizer_interfaces) StdoutLine: {'line': b'-- Up-to-date: /home/robotics/ros2_cobot/install/mypalletizer_interfaces/local/lib/python3.10/dist-packages/mypalletizer_interfaces-0.0.0-py3.10.egg-info\n'}
[0.521701] (mypalletizer_interfaces) StdoutLine: {'line': b'-- Installing: /home/robotics/ros2_cobot/install/mypalletizer_interfaces/local/lib/python3.10/dist-packages/mypalletizer_interfaces-0.0.0-py3.10.egg-info/dependency_links.txt\n'}
[0.521871] (mypalletizer_interfaces) StdoutLine: {'line': b'-- Installing: /home/robotics/ros2_cobot/install/mypalletizer_interfaces/local/lib/python3.10/dist-packages/mypalletizer_interfaces-0.0.0-py3.10.egg-info/top_level.txt\n'}
[0.521966] (mypalletizer_interfaces) StdoutLine: {'line': b'-- Installing: /home/robotics/ros2_cobot/install/mypalletizer_interfaces/local/lib/python3.10/dist-packages/mypalletizer_interfaces-0.0.0-py3.10.egg-info/SOURCES.txt\n'}
[0.522054] (mypalletizer_interfaces) StdoutLine: {'line': b'-- Installing: /home/robotics/ros2_cobot/install/mypalletizer_interfaces/local/lib/python3.10/dist-packages/mypalletizer_interfaces-0.0.0-py3.10.egg-info/PKG-INFO\n'}
[0.522220] (mypalletizer_interfaces) StdoutLine: {'line': b'-- Up-to-date: /home/robotics/ros2_cobot/install/mypalletizer_interfaces/local/lib/python3.10/dist-packages/mypalletizer_interfaces\n'}
[0.522294] (mypalletizer_interfaces) StdoutLine: {'line': b'-- Up-to-date: /home/robotics/ros2_cobot/install/mypalletizer_interfaces/local/lib/python3.10/dist-packages/mypalletizer_interfaces/mypalletizer_interfaces_s__rosidl_typesupport_c.cpython-310-x86_64-linux-gnu.so\n'}
[0.522344] (mypalletizer_interfaces) StdoutLine: {'line': b'-- Up-to-date: /home/robotics/ros2_cobot/install/mypalletizer_interfaces/local/lib/python3.10/dist-packages/mypalletizer_interfaces/mypalletizer_interfaces_s__rosidl_typesupport_introspection_c.cpython-310-x86_64-linux-gnu.so\n'}
[0.522372] (mypalletizer_interfaces) StdoutLine: {'line': b'-- Up-to-date: /home/robotics/ros2_cobot/install/mypalletizer_interfaces/local/lib/python3.10/dist-packages/mypalletizer_interfaces/srv\n'}
[0.522425] (mypalletizer_interfaces) StdoutLine: {'line': b'-- Up-to-date: /home/robotics/ros2_cobot/install/mypalletizer_interfaces/local/lib/python3.10/dist-packages/mypalletizer_interfaces/srv/_set_coords.py\n'}
[0.522458] (mypalletizer_interfaces) StdoutLine: {'line': b'-- Up-to-date: /home/robotics/ros2_cobot/install/mypalletizer_interfaces/local/lib/python3.10/dist-packages/mypalletizer_interfaces/srv/_get_angles_s.c\n'}
[0.522486] (mypalletizer_interfaces) StdoutLine: {'line': b'-- Up-to-date: /home/robotics/ros2_cobot/install/mypalletizer_interfaces/local/lib/python3.10/dist-packages/mypalletizer_interfaces/srv/_pump_status_s.c\n'}
[0.522528] (mypalletizer_interfaces) StdoutLine: {'line': b'-- Up-to-date: /home/robotics/ros2_cobot/install/mypalletizer_interfaces/local/lib/python3.10/dist-packages/mypalletizer_interfaces/srv/_gripper_status.py\n'}
[0.522593] (mypalletizer_interfaces) StdoutLine: {'line': b'-- Up-to-date: /home/robotics/ros2_cobot/install/mypalletizer_interfaces/local/lib/python3.10/dist-packages/mypalletizer_interfaces/srv/_get_angles.py\n'}
[0.522629] (mypalletizer_interfaces) StdoutLine: {'line': b'-- Up-to-date: /home/robotics/ros2_cobot/install/mypalletizer_interfaces/local/lib/python3.10/dist-packages/mypalletizer_interfaces/srv/_set_angles_s.c\n'}
[0.522687] (mypalletizer_interfaces) StdoutLine: {'line': b'-- Up-to-date: /home/robotics/ros2_cobot/install/mypalletizer_interfaces/local/lib/python3.10/dist-packages/mypalletizer_interfaces/srv/_get_coords.py\n'}
[0.522714] (mypalletizer_interfaces) StdoutLine: {'line': b'-- Up-to-date: /home/robotics/ros2_cobot/install/mypalletizer_interfaces/local/lib/python3.10/dist-packages/mypalletizer_interfaces/srv/_gripper_status_s.c\n'}
[0.522739] (mypalletizer_interfaces) StdoutLine: {'line': b'-- Up-to-date: /home/robotics/ros2_cobot/install/mypalletizer_interfaces/local/lib/python3.10/dist-packages/mypalletizer_interfaces/srv/_set_angles.py\n'}
[0.522766] (mypalletizer_interfaces) StdoutLine: {'line': b'-- Up-to-date: /home/robotics/ros2_cobot/install/mypalletizer_interfaces/local/lib/python3.10/dist-packages/mypalletizer_interfaces/srv/_get_coords_s.c\n'}
[0.522794] (mypalletizer_interfaces) StdoutLine: {'line': b'-- Up-to-date: /home/robotics/ros2_cobot/install/mypalletizer_interfaces/local/lib/python3.10/dist-packages/mypalletizer_interfaces/srv/_set_coords_s.c\n'}
[0.522853] (mypalletizer_interfaces) StdoutLine: {'line': b'-- Up-to-date: /home/robotics/ros2_cobot/install/mypalletizer_interfaces/local/lib/python3.10/dist-packages/mypalletizer_interfaces/srv/_pump_status.py\n'}
[0.522883] (mypalletizer_interfaces) StdoutLine: {'line': b'-- Up-to-date: /home/robotics/ros2_cobot/install/mypalletizer_interfaces/local/lib/python3.10/dist-packages/mypalletizer_interfaces/srv/__init__.py\n'}
[0.522910] (mypalletizer_interfaces) StdoutLine: {'line': b'-- Up-to-date: /home/robotics/ros2_cobot/install/mypalletizer_interfaces/local/lib/python3.10/dist-packages/mypalletizer_interfaces/_mypalletizer_interfaces_s.ep.rosidl_typesupport_introspection_c.c\n'}
[0.522938] (mypalletizer_interfaces) StdoutLine: {'line': b'-- Up-to-date: /home/robotics/ros2_cobot/install/mypalletizer_interfaces/local/lib/python3.10/dist-packages/mypalletizer_interfaces/msg\n'}
[0.522964] (mypalletizer_interfaces) StdoutLine: {'line': b'-- Up-to-date: /home/robotics/ros2_cobot/install/mypalletizer_interfaces/local/lib/python3.10/dist-packages/mypalletizer_interfaces/msg/_mypal_gripper_status.py\n'}
[0.523021] (mypalletizer_interfaces) StdoutLine: {'line': b'-- Up-to-date: /home/robotics/ros2_cobot/install/mypalletizer_interfaces/local/lib/python3.10/dist-packages/mypalletizer_interfaces/msg/_mypal_angles_s.c\n'}
[0.523047] (mypalletizer_interfaces) StdoutLine: {'line': b'-- Up-to-date: /home/robotics/ros2_cobot/install/mypalletizer_interfaces/local/lib/python3.10/dist-packages/mypalletizer_interfaces/msg/_mypal_coords_s.c\n'}
[0.523074] (mypalletizer_interfaces) StdoutLine: {'line': b'-- Up-to-date: /home/robotics/ros2_cobot/install/mypalletizer_interfaces/local/lib/python3.10/dist-packages/mypalletizer_interfaces/msg/_mypal_set_coords_s.c\n'}
[0.523136] (mypalletizer_interfaces) StdoutLine: {'line': b'-- Up-to-date: /home/robotics/ros2_cobot/install/mypalletizer_interfaces/local/lib/python3.10/dist-packages/mypalletizer_interfaces/msg/_mypal_coords.py\n'}
[0.523168] (mypalletizer_interfaces) StdoutLine: {'line': b'-- Up-to-date: /home/robotics/ros2_cobot/install/mypalletizer_interfaces/local/lib/python3.10/dist-packages/mypalletizer_interfaces/msg/_mypal_set_coords.py\n'}
[0.523193] (mypalletizer_interfaces) StdoutLine: {'line': b'-- Up-to-date: /home/robotics/ros2_cobot/install/mypalletizer_interfaces/local/lib/python3.10/dist-packages/mypalletizer_interfaces/msg/_mypal_set_angles.py\n'}
[0.523218] (mypalletizer_interfaces) StdoutLine: {'line': b'-- Up-to-date: /home/robotics/ros2_cobot/install/mypalletizer_interfaces/local/lib/python3.10/dist-packages/mypalletizer_interfaces/msg/_mypal_pump_status_s.c\n'}
[0.523243] (mypalletizer_interfaces) StdoutLine: {'line': b'-- Up-to-date: /home/robotics/ros2_cobot/install/mypalletizer_interfaces/local/lib/python3.10/dist-packages/mypalletizer_interfaces/msg/_mypal_gripper_status_s.c\n'}
[0.523267] (mypalletizer_interfaces) StdoutLine: {'line': b'-- Up-to-date: /home/robotics/ros2_cobot/install/mypalletizer_interfaces/local/lib/python3.10/dist-packages/mypalletizer_interfaces/msg/_mypal_set_angles_s.c\n'}
[0.523290] (mypalletizer_interfaces) StdoutLine: {'line': b'-- Up-to-date: /home/robotics/ros2_cobot/install/mypalletizer_interfaces/local/lib/python3.10/dist-packages/mypalletizer_interfaces/msg/_mypal_pump_status.py\n'}
[0.523315] (mypalletizer_interfaces) StdoutLine: {'line': b'-- Up-to-date: /home/robotics/ros2_cobot/install/mypalletizer_interfaces/local/lib/python3.10/dist-packages/mypalletizer_interfaces/msg/_mypal_angles.py\n'}
[0.523337] (mypalletizer_interfaces) StdoutLine: {'line': b'-- Up-to-date: /home/robotics/ros2_cobot/install/mypalletizer_interfaces/local/lib/python3.10/dist-packages/mypalletizer_interfaces/msg/__init__.py\n'}
[0.523361] (mypalletizer_interfaces) StdoutLine: {'line': b'-- Up-to-date: /home/robotics/ros2_cobot/install/mypalletizer_interfaces/local/lib/python3.10/dist-packages/mypalletizer_interfaces/libmypalletizer_interfaces__rosidl_generator_py.so\n'}
[0.523384] (mypalletizer_interfaces) StdoutLine: {'line': b'-- Up-to-date: /home/robotics/ros2_cobot/install/mypalletizer_interfaces/local/lib/python3.10/dist-packages/mypalletizer_interfaces/_mypalletizer_interfaces_s.ep.rosidl_typesupport_c.c\n'}
[0.523408] (mypalletizer_interfaces) StdoutLine: {'line': b'-- Up-to-date: /home/robotics/ros2_cobot/install/mypalletizer_interfaces/local/lib/python3.10/dist-packages/mypalletizer_interfaces/mypalletizer_interfaces_s__rosidl_typesupport_fastrtps_c.cpython-310-x86_64-linux-gnu.so\n'}
[0.523439] (mypalletizer_interfaces) StdoutLine: {'line': b'-- Up-to-date: /home/robotics/ros2_cobot/install/mypalletizer_interfaces/local/lib/python3.10/dist-packages/mypalletizer_interfaces/_mypalletizer_interfaces_s.ep.rosidl_typesupport_fastrtps_c.c\n'}
[0.523463] (mypalletizer_interfaces) StdoutLine: {'line': b'-- Up-to-date: /home/robotics/ros2_cobot/install/mypalletizer_interfaces/local/lib/python3.10/dist-packages/mypalletizer_interfaces/__init__.py\n'}
[0.534065] (mycobot_description) Command: {'cmd': ['/usr/bin/python3', '-W', 'ignore:setup.py install is deprecated', '-W', 'ignore:easy_install command is deprecated', 'setup.py', 'egg_info', '--egg-base', '../../../build/mycobot_description', 'build', '--build-base', '/home/robotics/ros2_cobot/build/mycobot_description/build', 'install', '--record', '/home/robotics/ros2_cobot/build/mycobot_description/install.log', '--single-version-externally-managed', 'install_data'], 'cwd': '/home/robotics/ros2_cobot/src/mycobot_ros2/mycobot_description', 'env': {'GJS_DEBUG_TOPICS': 'JS ERROR;JS LOG', 'LESSOPEN': '| /usr/bin/lesspipe %s', 'LANGUAGE': 'en_CA:en', 'USER': 'robotics', 'XDG_SESSION_TYPE': 'x11', 'SHLVL': '1', 'LD_LIBRARY_PATH': '/opt/ros/humble/opt/rviz_ogre_vendor/lib:/opt/ros/humble/lib/x86_64-linux-gnu:/opt/ros/humble/lib', 'HOME': '/home/robotics', 'OLDPWD': '/home/robotics', 'DESKTOP_SESSION': 'ubuntu', 'GIO_LAUNCHED_DESKTOP_FILE': '/usr/share/applications/terminator.desktop', 'ROS_PYTHON_VERSION': '3', 'GNOME_SHELL_SESSION_MODE': 'ubuntu', 'GTK_MODULES': 'gail:atk-bridge', 'MANAGERPID': '1791', 'SYSTEMD_EXEC_PID': '2064', 'DBUS_SESSION_BUS_ADDRESS': 'unix:path=/run/user/1001/bus', 'COLORTERM': 'truecolor', 'TERMINATOR_DBUS_NAME': 'net.tenshu.Terminator23558193cd9818af7fe4d2c2f5bd9d00f', 'GIO_LAUNCHED_DESKTOP_FILE_PID': '2911', 'ROS_DISTRO': 'humble', 'GTK_IM_MODULE': 'ibus', 'LOGNAME': 'robotics', 'JOURNAL_STREAM': '8:12679', '_': '/usr/bin/colcon', 'ROS_VERSION': '2', 'XDG_SESSION_CLASS': 'user', 'USERNAME': 'robotics', 'TERM': 'xterm-256color', 'GNOME_DESKTOP_SESSION_ID': 'this-is-deprecated', 'ROS_LOCALHOST_ONLY': '0', 'WINDOWPATH': '2', 'PATH': '/opt/ros/humble/bin:/home/robotics/.local/bin:/usr/local/sbin:/usr/local/bin:/usr/sbin:/usr/bin:/sbin:/bin:/usr/games:/usr/local/games:/snap/bin:/snap/bin', 'SESSION_MANAGER': 'local/scapula:@/tmp/.ICE-unix/2041,unix/scapula:/tmp/.ICE-unix/2041', 'INVOCATION_ID': 'fa4d4892373d46828ff3f5eecdfb64d7', 'XDG_MENU_PREFIX': 'gnome-', 'XDG_RUNTIME_DIR': '/run/user/1001', 'DISPLAY': ':1', 'TERMINATOR_DBUS_PATH': '/net/tenshu/Terminator2', 'LANG': 'en_US.UTF-8', 'XDG_CURRENT_DESKTOP': 'ubuntu:GNOME', 'XMODIFIERS': '@im=ibus', 'XDG_SESSION_DESKTOP': 'ubuntu', 'XAUTHORITY': '/run/user/1001/gdm/Xauthority', 'LS_COLORS': 'rs=0:di=01;34:ln=01;36:mh=00:pi=40;33:so=01;35:do=01;35:bd=40;33;01:cd=40;33;01:or=40;31;01:mi=00:su=37;41:sg=30;43:ca=30;41:tw=30;42:ow=34;42:st=37;44:ex=01;32:*.tar=01;31:*.tgz=01;31:*.arc=01;31:*.arj=01;31:*.taz=01;31:*.lha=01;31:*.lz4=01;31:*.lzh=01;31:*.lzma=01;31:*.tlz=01;31:*.txz=01;31:*.tzo=01;31:*.t7z=01;31:*.zip=01;31:*.z=01;31:*.dz=01;31:*.gz=01;31:*.lrz=01;31:*.lz=01;31:*.lzo=01;31:*.xz=01;31:*.zst=01;31:*.tzst=01;31:*.bz2=01;31:*.bz=01;31:*.tbz=01;31:*.tbz2=01;31:*.tz=01;31:*.deb=01;31:*.rpm=01;31:*.jar=01;31:*.war=01;31:*.ear=01;31:*.sar=01;31:*.rar=01;31:*.alz=01;31:*.ace=01;31:*.zoo=01;31:*.cpio=01;31:*.7z=01;31:*.rz=01;31:*.cab=01;31:*.wim=01;31:*.swm=01;31:*.dwm=01;31:*.esd=01;31:*.jpg=01;35:*.jpeg=01;35:*.mjpg=01;35:*.mjpeg=01;35:*.gif=01;35:*.bmp=01;35:*.pbm=01;35:*.pgm=01;35:*.ppm=01;35:*.tga=01;35:*.xbm=01;35:*.xpm=01;35:*.tif=01;35:*.tiff=01;35:*.png=01;35:*.svg=01;35:*.svgz=01;35:*.mng=01;35:*.pcx=01;35:*.mov=01;35:*.mpg=01;35:*.mpeg=01;35:*.m2v=01;35:*.mkv=01;35:*.webm=01;35:*.webp=01;35:*.ogm=01;35:*.mp4=01;35:*.m4v=01;35:*.mp4v=01;35:*.vob=01;35:*.qt=01;35:*.nuv=01;35:*.wmv=01;35:*.asf=01;35:*.rm=01;35:*.rmvb=01;35:*.flc=01;35:*.avi=01;35:*.fli=01;35:*.flv=01;35:*.gl=01;35:*.dl=01;35:*.xcf=01;35:*.xwd=01;35:*.yuv=01;35:*.cgm=01;35:*.emf=01;35:*.ogv=01;35:*.ogx=01;35:*.aac=00;36:*.au=00;36:*.flac=00;36:*.m4a=00;36:*.mid=00;36:*.midi=00;36:*.mka=00;36:*.mp3=00;36:*.mpc=00;36:*.ogg=00;36:*.ra=00;36:*.wav=00;36:*.oga=00;36:*.opus=00;36:*.spx=00;36:*.xspf=00;36:', 'SSH_AGENT_LAUNCHER': 'gnome-keyring', 'SSH_AUTH_SOCK': '/run/user/1001/keyring/ssh', 'AMENT_PREFIX_PATH': '/opt/ros/humble', 'SHELL': '/bin/bash', 'TERMINATOR_UUID': 'urn:uuid:9f62500e-929f-4887-8849-f4dd46e1c38d', 'QT_ACCESSIBILITY': '1', 'GDMSESSION': 'ubuntu', 'LESSCLOSE': '/usr/bin/lesspipe %s %s', 'GPG_AGENT_INFO': '/run/user/1001/gnupg/S.gpg-agent:0:1', 'GJS_DEBUG_OUTPUT': 'stderr', 'QT_IM_MODULE': 'ibus', 'PWD': '/home/robotics/ros2_cobot/build/mycobot_description', 'LC_ALL': 'en_US.UTF-8', 'XDG_CONFIG_DIRS': '/etc/xdg/xdg-ubuntu:/etc/xdg', 'XDG_DATA_DIRS': '/usr/share/ubuntu:/usr/share/gnome:/usr/local/share/:/usr/share/:/var/lib/snapd/desktop', 'PYTHONPATH': '/home/robotics/ros2_cobot/build/mycobot_description/prefix_override:/usr/lib/python3/dist-packages/colcon_core/task/python/colcon_distutils_commands:/home/robotics/ros2_cobot/install/mycobot_description/lib/python3.10/site-packages:/opt/ros/humble/lib/python3.10/site-packages:/opt/ros/humble/local/lib/python3.10/dist-packages', 'COLCON': '1', 'VTE_VERSION': '6800'}, 'shell': False}
[0.537407] (traj_scripts) StdoutLine: {'line': b"Listing '/home/robotics/ros2_cobot/install/traj_scripts/local/lib/python3.10/dist-packages/traj_scripts'...\n"}
[0.540036] (mycobot_interfaces) StdoutLine: {'line': b'[100%] Built target ament_cmake_python_build_mycobot_interfaces_egg\n'}
[0.540214] (mecharm_interfaces) StdoutLine: {'line': b'[100%] Built target ament_cmake_python_build_mecharm_interfaces_egg\n'}
[0.540975] (traj_scripts) StdoutLine: {'line': b'-- Up-to-date: /home/robotics/ros2_cobot/install/traj_scripts/lib/traj_scripts/ghost.py\n'}
[0.541210] (traj_scripts) StdoutLine: {'line': b'-- Up-to-date: /home/robotics/ros2_cobot/install/traj_scripts/share/ament_index/resource_index/package_run_dependencies/traj_scripts\n'}
[0.541375] (traj_scripts) StdoutLine: {'line': b'-- Up-to-date: /home/robotics/ros2_cobot/install/traj_scripts/share/ament_index/resource_index/parent_prefix_path/traj_scripts\n'}
[0.541413] (traj_scripts) StdoutLine: {'line': b'-- Up-to-date: /home/robotics/ros2_cobot/install/traj_scripts/share/traj_scripts/environment/ament_prefix_path.sh\n'}
[0.541441] (traj_scripts) StdoutLine: {'line': b'-- Up-to-date: /home/robotics/ros2_cobot/install/traj_scripts/share/traj_scripts/environment/ament_prefix_path.dsv\n'}
[0.541487] (traj_scripts) StdoutLine: {'line': b'-- Up-to-date: /home/robotics/ros2_cobot/install/traj_scripts/share/traj_scripts/environment/path.sh\n'}
[0.541526] (traj_scripts) StdoutLine: {'line': b'-- Up-to-date: /home/robotics/ros2_cobot/install/traj_scripts/share/traj_scripts/environment/path.dsv\n'}
[0.541552] (traj_scripts) StdoutLine: {'line': b'-- Up-to-date: /home/robotics/ros2_cobot/install/traj_scripts/share/traj_scripts/local_setup.bash\n'}
[0.541579] (traj_scripts) StdoutLine: {'line': b'-- Up-to-date: /home/robotics/ros2_cobot/install/traj_scripts/share/traj_scripts/local_setup.sh\n'}
[0.541604] (traj_scripts) StdoutLine: {'line': b'-- Up-to-date: /home/robotics/ros2_cobot/install/traj_scripts/share/traj_scripts/local_setup.zsh\n'}
[0.541651] (traj_scripts) StdoutLine: {'line': b'-- Up-to-date: /home/robotics/ros2_cobot/install/traj_scripts/share/traj_scripts/local_setup.dsv\n'}
[0.541680] (traj_scripts) StdoutLine: {'line': b'-- Installing: /home/robotics/ros2_cobot/install/traj_scripts/share/traj_scripts/package.dsv\n'}
[0.541829] (traj_scripts) StdoutLine: {'line': b'-- Up-to-date: /home/robotics/ros2_cobot/install/traj_scripts/share/ament_index/resource_index/packages/traj_scripts\n'}
[0.541881] (traj_scripts) StdoutLine: {'line': b'-- Up-to-date: /home/robotics/ros2_cobot/install/traj_scripts/share/traj_scripts/cmake/traj_scriptsConfig.cmake\n'}
[0.541919] (traj_scripts) StdoutLine: {'line': b'-- Up-to-date: /home/robotics/ros2_cobot/install/traj_scripts/share/traj_scripts/cmake/traj_scriptsConfig-version.cmake\n'}
[0.541956] (traj_scripts) StdoutLine: {'line': b'-- Up-to-date: /home/robotics/ros2_cobot/install/traj_scripts/share/traj_scripts/package.xml\n'}
[0.543427] (traj_scripts) CommandEnded: {'returncode': 0}
[0.547274] (mypalletizer_interfaces) StdoutLine: {'line': b"Listing '/home/robotics/ros2_cobot/install/mypalletizer_interfaces/local/lib/python3.10/dist-packages/mypalletizer_interfaces'...\n"}
[0.547414] (mypalletizer_interfaces) StdoutLine: {'line': b"Listing '/home/robotics/ros2_cobot/install/mypalletizer_interfaces/local/lib/python3.10/dist-packages/mypalletizer_interfaces/msg'...\n"}
[0.547498] (mypalletizer_interfaces) StdoutLine: {'line': b"Listing '/home/robotics/ros2_cobot/install/mypalletizer_interfaces/local/lib/python3.10/dist-packages/mypalletizer_interfaces/srv'...\n"}
[0.551465] (mypalletizer_interfaces) StdoutLine: {'line': b'-- Up-to-date: /home/robotics/ros2_cobot/install/mypalletizer_interfaces/local/lib/python3.10/dist-packages/mypalletizer_interfaces/mypalletizer_interfaces_s__rosidl_typesupport_fastrtps_c.cpython-310-x86_64-linux-gnu.so\n'}
[0.552078] (mypalletizer_interfaces) StdoutLine: {'line': b'-- Up-to-date: /home/robotics/ros2_cobot/install/mypalletizer_interfaces/local/lib/python3.10/dist-packages/mypalletizer_interfaces/mypalletizer_interfaces_s__rosidl_typesupport_introspection_c.cpython-310-x86_64-linux-gnu.so\n'}
[0.552752] (mypalletizer_interfaces) StdoutLine: {'line': b'-- Up-to-date: /home/robotics/ros2_cobot/install/mypalletizer_interfaces/local/lib/python3.10/dist-packages/mypalletizer_interfaces/mypalletizer_interfaces_s__rosidl_typesupport_c.cpython-310-x86_64-linux-gnu.so\n'}
[0.552971] (mypalletizer_interfaces) StdoutLine: {'line': b'-- Up-to-date: /home/robotics/ros2_cobot/install/mypalletizer_interfaces/lib/libmypalletizer_interfaces__rosidl_generator_py.so\n'}
[0.553328] (mypalletizer_interfaces) StdoutLine: {'line': b'-- Up-to-date: /home/robotics/ros2_cobot/install/mypalletizer_interfaces/share/mypalletizer_interfaces/msg/MypalAngles.idl\n'}
[0.553692] (mypalletizer_interfaces) StdoutLine: {'line': b'-- Up-to-date: /home/robotics/ros2_cobot/install/mypalletizer_interfaces/share/mypalletizer_interfaces/msg/MypalCoords.idl\n'}
[0.553752] (mypalletizer_interfaces) StdoutLine: {'line': b'-- Up-to-date: /home/robotics/ros2_cobot/install/mypalletizer_interfaces/share/mypalletizer_interfaces/msg/MypalSetAngles.idl\n'}
[0.553810] (mypalletizer_interfaces) StdoutLine: {'line': b'-- Up-to-date: /home/robotics/ros2_cobot/install/mypalletizer_interfaces/share/mypalletizer_interfaces/msg/MypalSetCoords.idl\n'}
[0.553867] (mypalletizer_interfaces) StdoutLine: {'line': b'-- Up-to-date: /home/robotics/ros2_cobot/install/mypalletizer_interfaces/share/mypalletizer_interfaces/msg/MypalGripperStatus.idl\n'}
[0.553926] (mypalletizer_interfaces) StdoutLine: {'line': b'-- Up-to-date: /home/robotics/ros2_cobot/install/mypalletizer_interfaces/share/mypalletizer_interfaces/msg/MypalPumpStatus.idl\n'}
[0.553982] (mypalletizer_interfaces) StdoutLine: {'line': b'-- Up-to-date: /home/robotics/ros2_cobot/install/mypalletizer_interfaces/share/mypalletizer_interfaces/srv/GetAngles.idl\n'}
[0.554036] (mypalletizer_interfaces) StdoutLine: {'line': b'-- Up-to-date: /home/robotics/ros2_cobot/install/mypalletizer_interfaces/share/mypalletizer_interfaces/srv/SetAngles.idl\n'}
[0.554231] (mypalletizer_interfaces) StdoutLine: {'line': b'-- Up-to-date: /home/robotics/ros2_cobot/install/mypalletizer_interfaces/share/mypalletizer_interfaces/srv/GetCoords.idl\n'}
[0.554358] (mypalletizer_interfaces) StdoutLine: {'line': b'-- Up-to-date: /home/robotics/ros2_cobot/install/mypalletizer_interfaces/share/mypalletizer_interfaces/srv/SetCoords.idl\n'}
[0.554415] (mypalletizer_interfaces) StdoutLine: {'line': b'-- Up-to-date: /home/robotics/ros2_cobot/install/mypalletizer_interfaces/share/mypalletizer_interfaces/srv/GripperStatus.idl\n'}
[0.554470] (mypalletizer_interfaces) StdoutLine: {'line': b'-- Up-to-date: /home/robotics/ros2_cobot/install/mypalletizer_interfaces/share/mypalletizer_interfaces/srv/PumpStatus.idl\n'}
[0.554526] (mypalletizer_interfaces) StdoutLine: {'line': b'-- Up-to-date: /home/robotics/ros2_cobot/install/mypalletizer_interfaces/share/mypalletizer_interfaces/msg/MypalAngles.msg\n'}
[0.554582] (mypalletizer_interfaces) StdoutLine: {'line': b'-- Up-to-date: /home/robotics/ros2_cobot/install/mypalletizer_interfaces/share/mypalletizer_interfaces/msg/MypalCoords.msg\n'}
[0.554614] (mypalletizer_interfaces) StdoutLine: {'line': b'-- Up-to-date: /home/robotics/ros2_cobot/install/mypalletizer_interfaces/share/mypalletizer_interfaces/msg/MypalSetAngles.msg\n'}
[0.554638] (mypalletizer_interfaces) StdoutLine: {'line': b'-- Up-to-date: /home/robotics/ros2_cobot/install/mypalletizer_interfaces/share/mypalletizer_interfaces/msg/MypalSetCoords.msg\n'}
[0.554662] (mypalletizer_interfaces) StdoutLine: {'line': b'-- Up-to-date: /home/robotics/ros2_cobot/install/mypalletizer_interfaces/share/mypalletizer_interfaces/msg/MypalGripperStatus.msg\n'}
[0.554687] (mypalletizer_interfaces) StdoutLine: {'line': b'-- Up-to-date: /home/robotics/ros2_cobot/install/mypalletizer_interfaces/share/mypalletizer_interfaces/msg/MypalPumpStatus.msg\n'}
[0.554712] (mypalletizer_interfaces) StdoutLine: {'line': b'-- Up-to-date: /home/robotics/ros2_cobot/install/mypalletizer_interfaces/share/mypalletizer_interfaces/srv/GetAngles.srv\n'}
[0.554736] (mypalletizer_interfaces) StdoutLine: {'line': b'-- Up-to-date: /home/robotics/ros2_cobot/install/mypalletizer_interfaces/share/mypalletizer_interfaces/srv/GetAngles_Request.msg\n'}
[0.554817] (mypalletizer_interfaces) StdoutLine: {'line': b'-- Up-to-date: /home/robotics/ros2_cobot/install/mypalletizer_interfaces/share/mypalletizer_interfaces/srv/GetAngles_Response.msg\n'}
[0.554889] (mypalletizer_interfaces) StdoutLine: {'line': b'-- Up-to-date: /home/robotics/ros2_cobot/install/mypalletizer_interfaces/share/mypalletizer_interfaces/srv/SetAngles.srv\n'}
[0.554916] (mypalletizer_interfaces) StdoutLine: {'line': b'-- Up-to-date: /home/robotics/ros2_cobot/install/mypalletizer_interfaces/share/mypalletizer_interfaces/srv/SetAngles_Request.msg\n'}
[0.554941] (mypalletizer_interfaces) StdoutLine: {'line': b'-- Up-to-date: /home/robotics/ros2_cobot/install/mypalletizer_interfaces/share/mypalletizer_interfaces/srv/SetAngles_Response.msg\n'}
[0.554974] (mypalletizer_interfaces) StdoutLine: {'line': b'-- Up-to-date: /home/robotics/ros2_cobot/install/mypalletizer_interfaces/share/mypalletizer_interfaces/srv/GetCoords.srv\n'}
[0.555000] (mypalletizer_interfaces) StdoutLine: {'line': b'-- Up-to-date: /home/robotics/ros2_cobot/install/mypalletizer_interfaces/share/mypalletizer_interfaces/srv/GetCoords_Request.msg\n'}
[0.555025] (mypalletizer_interfaces) StdoutLine: {'line': b'-- Up-to-date: /home/robotics/ros2_cobot/install/mypalletizer_interfaces/share/mypalletizer_interfaces/srv/GetCoords_Response.msg\n'}
[0.555050] (mypalletizer_interfaces) StdoutLine: {'line': b'-- Up-to-date: /home/robotics/ros2_cobot/install/mypalletizer_interfaces/share/mypalletizer_interfaces/srv/SetCoords.srv\n'}
[0.555074] (mypalletizer_interfaces) StdoutLine: {'line': b'-- Up-to-date: /home/robotics/ros2_cobot/install/mypalletizer_interfaces/share/mypalletizer_interfaces/srv/SetCoords_Request.msg\n'}
[0.555098] (mypalletizer_interfaces) StdoutLine: {'line': b'-- Up-to-date: /home/robotics/ros2_cobot/install/mypalletizer_interfaces/share/mypalletizer_interfaces/srv/SetCoords_Response.msg\n'}
[0.555122] (mypalletizer_interfaces) StdoutLine: {'line': b'-- Up-to-date: /home/robotics/ros2_cobot/install/mypalletizer_interfaces/share/mypalletizer_interfaces/srv/GripperStatus.srv\n'}
[0.555164] (mypalletizer_interfaces) StdoutLine: {'line': b'-- Up-to-date: /home/robotics/ros2_cobot/install/mypalletizer_interfaces/share/mypalletizer_interfaces/srv/GripperStatus_Request.msg\n'}
[0.555192] (mypalletizer_interfaces) StdoutLine: {'line': b'-- Up-to-date: /home/robotics/ros2_cobot/install/mypalletizer_interfaces/share/mypalletizer_interfaces/srv/GripperStatus_Response.msg\n'}
[0.555228] (mypalletizer_interfaces) StdoutLine: {'line': b'-- Up-to-date: /home/robotics/ros2_cobot/install/mypalletizer_interfaces/share/mypalletizer_interfaces/srv/PumpStatus.srv\n'}
[0.555252] (mypalletizer_interfaces) StdoutLine: {'line': b'-- Up-to-date: /home/robotics/ros2_cobot/install/mypalletizer_interfaces/share/mypalletizer_interfaces/srv/PumpStatus_Request.msg\n'}
[0.555276] (mypalletizer_interfaces) StdoutLine: {'line': b'-- Up-to-date: /home/robotics/ros2_cobot/install/mypalletizer_interfaces/share/mypalletizer_interfaces/srv/PumpStatus_Response.msg\n'}
[0.555301] (mypalletizer_interfaces) StdoutLine: {'line': b'-- Up-to-date: /home/robotics/ros2_cobot/install/mypalletizer_interfaces/share/ament_index/resource_index/package_run_dependencies/mypalletizer_interfaces\n'}
[0.555343] (mypalletizer_interfaces) StdoutLine: {'line': b'-- Up-to-date: /home/robotics/ros2_cobot/install/mypalletizer_interfaces/share/ament_index/resource_index/parent_prefix_path/mypalletizer_interfaces\n'}
[0.555381] (mypalletizer_interfaces) StdoutLine: {'line': b'-- Up-to-date: /home/robotics/ros2_cobot/install/mypalletizer_interfaces/share/mypalletizer_interfaces/environment/ament_prefix_path.sh\n'}
[0.555415] (mypalletizer_interfaces) StdoutLine: {'line': b'-- Up-to-date: /home/robotics/ros2_cobot/install/mypalletizer_interfaces/share/mypalletizer_interfaces/environment/ament_prefix_path.dsv\n'}
[0.555452] (mypalletizer_interfaces) StdoutLine: {'line': b'-- Up-to-date: /home/robotics/ros2_cobot/install/mypalletizer_interfaces/share/mypalletizer_interfaces/environment/path.sh\n'}
[0.555510] (mypalletizer_interfaces) StdoutLine: {'line': b'-- Up-to-date: /home/robotics/ros2_cobot/install/mypalletizer_interfaces/share/mypalletizer_interfaces/environment/path.dsv\n'}
[0.555547] (mypalletizer_interfaces) StdoutLine: {'line': b'-- Up-to-date: /home/robotics/ros2_cobot/install/mypalletizer_interfaces/share/mypalletizer_interfaces/local_setup.bash\n'}
[0.555583] (mypalletizer_interfaces) StdoutLine: {'line': b'-- Up-to-date: /home/robotics/ros2_cobot/install/mypalletizer_interfaces/share/mypalletizer_interfaces/local_setup.sh\n'}
[0.555620] (mypalletizer_interfaces) StdoutLine: {'line': b'-- Up-to-date: /home/robotics/ros2_cobot/install/mypalletizer_interfaces/share/mypalletizer_interfaces/local_setup.zsh\n'}
[0.555658] (mypalletizer_interfaces) StdoutLine: {'line': b'-- Up-to-date: /home/robotics/ros2_cobot/install/mypalletizer_interfaces/share/mypalletizer_interfaces/local_setup.dsv\n'}
[0.555699] (mypalletizer_interfaces) StdoutLine: {'line': b'-- Installing: /home/robotics/ros2_cobot/install/mypalletizer_interfaces/share/mypalletizer_interfaces/package.dsv\n'}
[0.556177] (mypalletizer_interfaces) StdoutLine: {'line': b'-- Up-to-date: /home/robotics/ros2_cobot/install/mypalletizer_interfaces/share/ament_index/resource_index/packages/mypalletizer_interfaces\n'}
[0.556680] (mypalletizer_interfaces) StdoutLine: {'line': b'-- Up-to-date: /home/robotics/ros2_cobot/install/mypalletizer_interfaces/share/mypalletizer_interfaces/cmake/export_mypalletizer_interfaces__rosidl_generator_cExport.cmake\n'}
[0.556710] (mypalletizer_interfaces) StdoutLine: {'line': b'-- Up-to-date: /home/robotics/ros2_cobot/install/mypalletizer_interfaces/share/mypalletizer_interfaces/cmake/export_mypalletizer_interfaces__rosidl_generator_cExport-noconfig.cmake\n'}
[0.556841] (mypalletizer_interfaces) StdoutLine: {'line': b'-- Up-to-date: /home/robotics/ros2_cobot/install/mypalletizer_interfaces/share/mypalletizer_interfaces/cmake/export_mypalletizer_interfaces__rosidl_typesupport_fastrtps_cExport.cmake\n'}
[0.556891] (mypalletizer_interfaces) StdoutLine: {'line': b'-- Up-to-date: /home/robotics/ros2_cobot/install/mypalletizer_interfaces/share/mypalletizer_interfaces/cmake/export_mypalletizer_interfaces__rosidl_typesupport_fastrtps_cExport-noconfig.cmake\n'}
[0.557429] (mypalletizer_interfaces) StdoutLine: {'line': b'-- Up-to-date: /home/robotics/ros2_cobot/install/mypalletizer_interfaces/share/mypalletizer_interfaces/cmake/mypalletizer_interfaces__rosidl_typesupport_introspection_cExport.cmake\n'}
[0.557476] (mypalletizer_interfaces) StdoutLine: {'line': b'-- Up-to-date: /home/robotics/ros2_cobot/install/mypalletizer_interfaces/share/mypalletizer_interfaces/cmake/mypalletizer_interfaces__rosidl_typesupport_introspection_cExport-noconfig.cmake\n'}
[0.558007] (mypalletizer_interfaces) StdoutLine: {'line': b'-- Up-to-date: /home/robotics/ros2_cobot/install/mypalletizer_interfaces/share/mypalletizer_interfaces/cmake/mypalletizer_interfaces__rosidl_typesupport_cExport.cmake\n'}
[0.558036] (mypalletizer_interfaces) StdoutLine: {'line': b'-- Up-to-date: /home/robotics/ros2_cobot/install/mypalletizer_interfaces/share/mypalletizer_interfaces/cmake/mypalletizer_interfaces__rosidl_typesupport_cExport-noconfig.cmake\n'}
[0.558213] (mypalletizer_interfaces) StdoutLine: {'line': b'-- Up-to-date: /home/robotics/ros2_cobot/install/mypalletizer_interfaces/share/mypalletizer_interfaces/cmake/export_mypalletizer_interfaces__rosidl_generator_cppExport.cmake\n'}
[0.558263] (mypalletizer_interfaces) StdoutLine: {'line': b'-- Up-to-date: /home/robotics/ros2_cobot/install/mypalletizer_interfaces/share/mypalletizer_interfaces/cmake/export_mypalletizer_interfaces__rosidl_typesupport_fastrtps_cppExport.cmake\n'}
[0.558311] (mypalletizer_interfaces) StdoutLine: {'line': b'-- Up-to-date: /home/robotics/ros2_cobot/install/mypalletizer_interfaces/share/mypalletizer_interfaces/cmake/export_mypalletizer_interfaces__rosidl_typesupport_fastrtps_cppExport-noconfig.cmake\n'}
[0.558774] (mypalletizer_interfaces) StdoutLine: {'line': b'-- Up-to-date: /home/robotics/ros2_cobot/install/mypalletizer_interfaces/share/mypalletizer_interfaces/cmake/mypalletizer_interfaces__rosidl_typesupport_introspection_cppExport.cmake\n'}
[0.558819] (mypalletizer_interfaces) StdoutLine: {'line': b'-- Up-to-date: /home/robotics/ros2_cobot/install/mypalletizer_interfaces/share/mypalletizer_interfaces/cmake/mypalletizer_interfaces__rosidl_typesupport_introspection_cppExport-noconfig.cmake\n'}
[0.559426] (traj_scripts) JobEnded: {'identifier': 'traj_scripts', 'rc': 0}
[0.560326] (mypalletizer_interfaces) StdoutLine: {'line': b'-- Up-to-date: /home/robotics/ros2_cobot/install/mypalletizer_interfaces/share/mypalletizer_interfaces/cmake/mypalletizer_interfaces__rosidl_typesupport_cppExport.cmake\n'}
[0.560483] (mypalletizer_interfaces) StdoutLine: {'line': b'-- Up-to-date: /home/robotics/ros2_cobot/install/mypalletizer_interfaces/share/mypalletizer_interfaces/cmake/mypalletizer_interfaces__rosidl_typesupport_cppExport-noconfig.cmake\n'}
[0.560563] (mycobot_interfaces) CommandEnded: {'returncode': 0}
[0.560720] (mypalletizer_interfaces) StdoutLine: {'line': b'-- Up-to-date: /home/robotics/ros2_cobot/install/mypalletizer_interfaces/share/mypalletizer_interfaces/cmake/export_mypalletizer_interfaces__rosidl_generator_pyExport.cmake\n'}
[0.560757] (mypalletizer_interfaces) StdoutLine: {'line': b'-- Up-to-date: /home/robotics/ros2_cobot/install/mypalletizer_interfaces/share/mypalletizer_interfaces/cmake/export_mypalletizer_interfaces__rosidl_generator_pyExport-noconfig.cmake\n'}
[0.560786] (mypalletizer_interfaces) StdoutLine: {'line': b'-- Up-to-date: /home/robotics/ros2_cobot/install/mypalletizer_interfaces/share/mypalletizer_interfaces/cmake/rosidl_cmake-extras.cmake\n'}
[0.560812] (mypalletizer_interfaces) StdoutLine: {'line': b'-- Up-to-date: /home/robotics/ros2_cobot/install/mypalletizer_interfaces/share/mypalletizer_interfaces/cmake/ament_cmake_export_dependencies-extras.cmake\n'}
[0.560839] (mypalletizer_interfaces) StdoutLine: {'line': b'-- Up-to-date: /home/robotics/ros2_cobot/install/mypalletizer_interfaces/share/mypalletizer_interfaces/cmake/ament_cmake_export_include_directories-extras.cmake\n'}
[0.560893] (mypalletizer_interfaces) StdoutLine: {'line': b'-- Up-to-date: /home/robotics/ros2_cobot/install/mypalletizer_interfaces/share/mypalletizer_interfaces/cmake/ament_cmake_export_libraries-extras.cmake\n'}
[0.560952] (mypalletizer_interfaces) StdoutLine: {'line': b'-- Up-to-date: /home/robotics/ros2_cobot/install/mypalletizer_interfaces/share/mypalletizer_interfaces/cmake/ament_cmake_export_targets-extras.cmake\n'}
[0.560983] (mypalletizer_interfaces) StdoutLine: {'line': b'-- Up-to-date: /home/robotics/ros2_cobot/install/mypalletizer_interfaces/share/mypalletizer_interfaces/cmake/rosidl_cmake_export_typesupport_targets-extras.cmake\n'}
[0.561011] (mypalletizer_interfaces) StdoutLine: {'line': b'-- Up-to-date: /home/robotics/ros2_cobot/install/mypalletizer_interfaces/share/mypalletizer_interfaces/cmake/rosidl_cmake_export_typesupport_libraries-extras.cmake\n'}
[0.561039] (mypalletizer_interfaces) StdoutLine: {'line': b'-- Up-to-date: /home/robotics/ros2_cobot/install/mypalletizer_interfaces/share/mypalletizer_interfaces/cmake/mypalletizer_interfacesConfig.cmake\n'}
[0.561066] (mypalletizer_interfaces) StdoutLine: {'line': b'-- Up-to-date: /home/robotics/ros2_cobot/install/mypalletizer_interfaces/share/mypalletizer_interfaces/cmake/mypalletizer_interfacesConfig-version.cmake\n'}
[0.561098] (mypalletizer_interfaces) StdoutLine: {'line': b'-- Up-to-date: /home/robotics/ros2_cobot/install/mypalletizer_interfaces/share/mypalletizer_interfaces/package.xml\n'}
[0.561923] (mycobot_interfaces) JobProgress: {'identifier': 'mycobot_interfaces', 'progress': 'install'}
[0.562220] (mycobot_interfaces) Command: {'cmd': ['/usr/bin/cmake', '--install', '/home/robotics/ros2_cobot/build/mycobot_interfaces'], 'cwd': '/home/robotics/ros2_cobot/build/mycobot_interfaces', 'env': OrderedDict([('GJS_DEBUG_TOPICS', 'JS ERROR;JS LOG'), ('LESSOPEN', '| /usr/bin/lesspipe %s'), ('LANGUAGE', 'en_CA:en'), ('USER', 'robotics'), ('XDG_SESSION_TYPE', 'x11'), ('SHLVL', '1'), ('LD_LIBRARY_PATH', '/opt/ros/humble/opt/rviz_ogre_vendor/lib:/opt/ros/humble/lib/x86_64-linux-gnu:/opt/ros/humble/lib'), ('HOME', '/home/robotics'), ('OLDPWD', '/home/robotics'), ('DESKTOP_SESSION', 'ubuntu'), ('GIO_LAUNCHED_DESKTOP_FILE', '/usr/share/applications/terminator.desktop'), ('ROS_PYTHON_VERSION', '3'), ('GNOME_SHELL_SESSION_MODE', 'ubuntu'), ('GTK_MODULES', 'gail:atk-bridge'), ('MANAGERPID', '1791'), ('SYSTEMD_EXEC_PID', '2064'), ('DBUS_SESSION_BUS_ADDRESS', 'unix:path=/run/user/1001/bus'), ('COLORTERM', 'truecolor'), ('TERMINATOR_DBUS_NAME', 'net.tenshu.Terminator23558193cd9818af7fe4d2c2f5bd9d00f'), ('GIO_LAUNCHED_DESKTOP_FILE_PID', '2911'), ('ROS_DISTRO', 'humble'), ('GTK_IM_MODULE', 'ibus'), ('LOGNAME', 'robotics'), ('JOURNAL_STREAM', '8:12679'), ('_', '/usr/bin/colcon'), ('ROS_VERSION', '2'), ('XDG_SESSION_CLASS', 'user'), ('USERNAME', 'robotics'), ('TERM', 'xterm-256color'), ('GNOME_DESKTOP_SESSION_ID', 'this-is-deprecated'), ('ROS_LOCALHOST_ONLY', '0'), ('WINDOWPATH', '2'), ('PATH', '/opt/ros/humble/bin:/home/robotics/.local/bin:/usr/local/sbin:/usr/local/bin:/usr/sbin:/usr/bin:/sbin:/bin:/usr/games:/usr/local/games:/snap/bin:/snap/bin'), ('SESSION_MANAGER', 'local/scapula:@/tmp/.ICE-unix/2041,unix/scapula:/tmp/.ICE-unix/2041'), ('INVOCATION_ID', 'fa4d4892373d46828ff3f5eecdfb64d7'), ('XDG_MENU_PREFIX', 'gnome-'), ('XDG_RUNTIME_DIR', '/run/user/1001'), ('DISPLAY', ':1'), ('TERMINATOR_DBUS_PATH', '/net/tenshu/Terminator2'), ('LANG', 'en_US.UTF-8'), ('XDG_CURRENT_DESKTOP', 'ubuntu:GNOME'), ('XMODIFIERS', '@im=ibus'), ('XDG_SESSION_DESKTOP', 'ubuntu'), ('XAUTHORITY', '/run/user/1001/gdm/Xauthority'), ('LS_COLORS', 'rs=0:di=01;34:ln=01;36:mh=00:pi=40;33:so=01;35:do=01;35:bd=40;33;01:cd=40;33;01:or=40;31;01:mi=00:su=37;41:sg=30;43:ca=30;41:tw=30;42:ow=34;42:st=37;44:ex=01;32:*.tar=01;31:*.tgz=01;31:*.arc=01;31:*.arj=01;31:*.taz=01;31:*.lha=01;31:*.lz4=01;31:*.lzh=01;31:*.lzma=01;31:*.tlz=01;31:*.txz=01;31:*.tzo=01;31:*.t7z=01;31:*.zip=01;31:*.z=01;31:*.dz=01;31:*.gz=01;31:*.lrz=01;31:*.lz=01;31:*.lzo=01;31:*.xz=01;31:*.zst=01;31:*.tzst=01;31:*.bz2=01;31:*.bz=01;31:*.tbz=01;31:*.tbz2=01;31:*.tz=01;31:*.deb=01;31:*.rpm=01;31:*.jar=01;31:*.war=01;31:*.ear=01;31:*.sar=01;31:*.rar=01;31:*.alz=01;31:*.ace=01;31:*.zoo=01;31:*.cpio=01;31:*.7z=01;31:*.rz=01;31:*.cab=01;31:*.wim=01;31:*.swm=01;31:*.dwm=01;31:*.esd=01;31:*.jpg=01;35:*.jpeg=01;35:*.mjpg=01;35:*.mjpeg=01;35:*.gif=01;35:*.bmp=01;35:*.pbm=01;35:*.pgm=01;35:*.ppm=01;35:*.tga=01;35:*.xbm=01;35:*.xpm=01;35:*.tif=01;35:*.tiff=01;35:*.png=01;35:*.svg=01;35:*.svgz=01;35:*.mng=01;35:*.pcx=01;35:*.mov=01;35:*.mpg=01;35:*.mpeg=01;35:*.m2v=01;35:*.mkv=01;35:*.webm=01;35:*.webp=01;35:*.ogm=01;35:*.mp4=01;35:*.m4v=01;35:*.mp4v=01;35:*.vob=01;35:*.qt=01;35:*.nuv=01;35:*.wmv=01;35:*.asf=01;35:*.rm=01;35:*.rmvb=01;35:*.flc=01;35:*.avi=01;35:*.fli=01;35:*.flv=01;35:*.gl=01;35:*.dl=01;35:*.xcf=01;35:*.xwd=01;35:*.yuv=01;35:*.cgm=01;35:*.emf=01;35:*.ogv=01;35:*.ogx=01;35:*.aac=00;36:*.au=00;36:*.flac=00;36:*.m4a=00;36:*.mid=00;36:*.midi=00;36:*.mka=00;36:*.mp3=00;36:*.mpc=00;36:*.ogg=00;36:*.ra=00;36:*.wav=00;36:*.oga=00;36:*.opus=00;36:*.spx=00;36:*.xspf=00;36:'), ('SSH_AGENT_LAUNCHER', 'gnome-keyring'), ('SSH_AUTH_SOCK', '/run/user/1001/keyring/ssh'), ('AMENT_PREFIX_PATH', '/opt/ros/humble'), ('SHELL', '/bin/bash'), ('TERMINATOR_UUID', 'urn:uuid:9f62500e-929f-4887-8849-f4dd46e1c38d'), ('QT_ACCESSIBILITY', '1'), ('GDMSESSION', 'ubuntu'), ('LESSCLOSE', '/usr/bin/lesspipe %s %s'), ('GPG_AGENT_INFO', '/run/user/1001/gnupg/S.gpg-agent:0:1'), ('GJS_DEBUG_OUTPUT', 'stderr'), ('QT_IM_MODULE', 'ibus'), ('PWD', '/home/robotics/ros2_cobot/build/mycobot_interfaces'), ('LC_ALL', 'en_US.UTF-8'), ('XDG_CONFIG_DIRS', '/etc/xdg/xdg-ubuntu:/etc/xdg'), ('XDG_DATA_DIRS', '/usr/share/ubuntu:/usr/share/gnome:/usr/local/share/:/usr/share/:/var/lib/snapd/desktop'), ('PYTHONPATH', '/opt/ros/humble/lib/python3.10/site-packages:/opt/ros/humble/local/lib/python3.10/dist-packages'), ('COLCON', '1'), ('VTE_VERSION', '6800'), ('CMAKE_PREFIX_PATH', '/opt/ros/humble')]), 'shell': False}
[0.563241] (mecharm_interfaces) CommandEnded: {'returncode': 0}
[0.563936] (mecharm_interfaces) JobProgress: {'identifier': 'mecharm_interfaces', 'progress': 'install'}
[0.564037] (mecharm_interfaces) Command: {'cmd': ['/usr/bin/cmake', '--install', '/home/robotics/ros2_cobot/build/mecharm_interfaces'], 'cwd': '/home/robotics/ros2_cobot/build/mecharm_interfaces', 'env': OrderedDict([('GJS_DEBUG_TOPICS', 'JS ERROR;JS LOG'), ('LESSOPEN', '| /usr/bin/lesspipe %s'), ('LANGUAGE', 'en_CA:en'), ('USER', 'robotics'), ('XDG_SESSION_TYPE', 'x11'), ('SHLVL', '1'), ('LD_LIBRARY_PATH', '/opt/ros/humble/opt/rviz_ogre_vendor/lib:/opt/ros/humble/lib/x86_64-linux-gnu:/opt/ros/humble/lib'), ('HOME', '/home/robotics'), ('OLDPWD', '/home/robotics'), ('DESKTOP_SESSION', 'ubuntu'), ('GIO_LAUNCHED_DESKTOP_FILE', '/usr/share/applications/terminator.desktop'), ('ROS_PYTHON_VERSION', '3'), ('GNOME_SHELL_SESSION_MODE', 'ubuntu'), ('GTK_MODULES', 'gail:atk-bridge'), ('MANAGERPID', '1791'), ('SYSTEMD_EXEC_PID', '2064'), ('DBUS_SESSION_BUS_ADDRESS', 'unix:path=/run/user/1001/bus'), ('COLORTERM', 'truecolor'), ('TERMINATOR_DBUS_NAME', 'net.tenshu.Terminator23558193cd9818af7fe4d2c2f5bd9d00f'), ('GIO_LAUNCHED_DESKTOP_FILE_PID', '2911'), ('ROS_DISTRO', 'humble'), ('GTK_IM_MODULE', 'ibus'), ('LOGNAME', 'robotics'), ('JOURNAL_STREAM', '8:12679'), ('_', '/usr/bin/colcon'), ('ROS_VERSION', '2'), ('XDG_SESSION_CLASS', 'user'), ('USERNAME', 'robotics'), ('TERM', 'xterm-256color'), ('GNOME_DESKTOP_SESSION_ID', 'this-is-deprecated'), ('ROS_LOCALHOST_ONLY', '0'), ('WINDOWPATH', '2'), ('PATH', '/opt/ros/humble/bin:/home/robotics/.local/bin:/usr/local/sbin:/usr/local/bin:/usr/sbin:/usr/bin:/sbin:/bin:/usr/games:/usr/local/games:/snap/bin:/snap/bin'), ('SESSION_MANAGER', 'local/scapula:@/tmp/.ICE-unix/2041,unix/scapula:/tmp/.ICE-unix/2041'), ('INVOCATION_ID', 'fa4d4892373d46828ff3f5eecdfb64d7'), ('XDG_MENU_PREFIX', 'gnome-'), ('XDG_RUNTIME_DIR', '/run/user/1001'), ('DISPLAY', ':1'), ('TERMINATOR_DBUS_PATH', '/net/tenshu/Terminator2'), ('LANG', 'en_US.UTF-8'), ('XDG_CURRENT_DESKTOP', 'ubuntu:GNOME'), ('XMODIFIERS', '@im=ibus'), ('XDG_SESSION_DESKTOP', 'ubuntu'), ('XAUTHORITY', '/run/user/1001/gdm/Xauthority'), ('LS_COLORS', 'rs=0:di=01;34:ln=01;36:mh=00:pi=40;33:so=01;35:do=01;35:bd=40;33;01:cd=40;33;01:or=40;31;01:mi=00:su=37;41:sg=30;43:ca=30;41:tw=30;42:ow=34;42:st=37;44:ex=01;32:*.tar=01;31:*.tgz=01;31:*.arc=01;31:*.arj=01;31:*.taz=01;31:*.lha=01;31:*.lz4=01;31:*.lzh=01;31:*.lzma=01;31:*.tlz=01;31:*.txz=01;31:*.tzo=01;31:*.t7z=01;31:*.zip=01;31:*.z=01;31:*.dz=01;31:*.gz=01;31:*.lrz=01;31:*.lz=01;31:*.lzo=01;31:*.xz=01;31:*.zst=01;31:*.tzst=01;31:*.bz2=01;31:*.bz=01;31:*.tbz=01;31:*.tbz2=01;31:*.tz=01;31:*.deb=01;31:*.rpm=01;31:*.jar=01;31:*.war=01;31:*.ear=01;31:*.sar=01;31:*.rar=01;31:*.alz=01;31:*.ace=01;31:*.zoo=01;31:*.cpio=01;31:*.7z=01;31:*.rz=01;31:*.cab=01;31:*.wim=01;31:*.swm=01;31:*.dwm=01;31:*.esd=01;31:*.jpg=01;35:*.jpeg=01;35:*.mjpg=01;35:*.mjpeg=01;35:*.gif=01;35:*.bmp=01;35:*.pbm=01;35:*.pgm=01;35:*.ppm=01;35:*.tga=01;35:*.xbm=01;35:*.xpm=01;35:*.tif=01;35:*.tiff=01;35:*.png=01;35:*.svg=01;35:*.svgz=01;35:*.mng=01;35:*.pcx=01;35:*.mov=01;35:*.mpg=01;35:*.mpeg=01;35:*.m2v=01;35:*.mkv=01;35:*.webm=01;35:*.webp=01;35:*.ogm=01;35:*.mp4=01;35:*.m4v=01;35:*.mp4v=01;35:*.vob=01;35:*.qt=01;35:*.nuv=01;35:*.wmv=01;35:*.asf=01;35:*.rm=01;35:*.rmvb=01;35:*.flc=01;35:*.avi=01;35:*.fli=01;35:*.flv=01;35:*.gl=01;35:*.dl=01;35:*.xcf=01;35:*.xwd=01;35:*.yuv=01;35:*.cgm=01;35:*.emf=01;35:*.ogv=01;35:*.ogx=01;35:*.aac=00;36:*.au=00;36:*.flac=00;36:*.m4a=00;36:*.mid=00;36:*.midi=00;36:*.mka=00;36:*.mp3=00;36:*.mpc=00;36:*.ogg=00;36:*.ra=00;36:*.wav=00;36:*.oga=00;36:*.opus=00;36:*.spx=00;36:*.xspf=00;36:'), ('SSH_AGENT_LAUNCHER', 'gnome-keyring'), ('SSH_AUTH_SOCK', '/run/user/1001/keyring/ssh'), ('AMENT_PREFIX_PATH', '/opt/ros/humble'), ('SHELL', '/bin/bash'), ('TERMINATOR_UUID', 'urn:uuid:9f62500e-929f-4887-8849-f4dd46e1c38d'), ('QT_ACCESSIBILITY', '1'), ('GDMSESSION', 'ubuntu'), ('LESSCLOSE', '/usr/bin/lesspipe %s %s'), ('GPG_AGENT_INFO', '/run/user/1001/gnupg/S.gpg-agent:0:1'), ('GJS_DEBUG_OUTPUT', 'stderr'), ('QT_IM_MODULE', 'ibus'), ('PWD', '/home/robotics/ros2_cobot/build/mecharm_interfaces'), ('LC_ALL', 'en_US.UTF-8'), ('XDG_CONFIG_DIRS', '/etc/xdg/xdg-ubuntu:/etc/xdg'), ('XDG_DATA_DIRS', '/usr/share/ubuntu:/usr/share/gnome:/usr/local/share/:/usr/share/:/var/lib/snapd/desktop'), ('PYTHONPATH', '/opt/ros/humble/lib/python3.10/site-packages:/opt/ros/humble/local/lib/python3.10/dist-packages'), ('COLCON', '1'), ('VTE_VERSION', '6800'), ('CMAKE_PREFIX_PATH', '/opt/ros/humble')]), 'shell': False}
[0.565216] (mypalletizer_interfaces) CommandEnded: {'returncode': 0}
[0.569773] (mycobot_interfaces) StdoutLine: {'line': b'-- Install configuration: ""\n'}
[0.570155] (mecharm_interfaces) StdoutLine: {'line': b'-- Install configuration: ""\n'}
[0.570764] (mycobot_interfaces) StdoutLine: {'line': b'-- Up-to-date: /home/robotics/ros2_cobot/install/mycobot_interfaces/share/ament_index/resource_index/rosidl_interfaces/mycobot_interfaces\n'}
[0.571405] (mycobot_interfaces) StdoutLine: {'line': b'-- Up-to-date: /home/robotics/ros2_cobot/install/mycobot_interfaces/include/mycobot_interfaces/mycobot_interfaces\n'}
[0.571668] (mycobot_interfaces) StdoutLine: {'line': b'-- Up-to-date: /home/robotics/ros2_cobot/install/mycobot_interfaces/include/mycobot_interfaces/mycobot_interfaces/srv\n'}
[0.571735] (mecharm_interfaces) StdoutLine: {'line': b'-- Up-to-date: /home/robotics/ros2_cobot/install/mecharm_interfaces/share/ament_index/resource_index/rosidl_interfaces/mecharm_interfaces\n'}
[0.572311] (mecharm_interfaces) StdoutLine: {'line': b'-- Up-to-date: /home/robotics/ros2_cobot/install/mecharm_interfaces/include/mecharm_interfaces/mecharm_interfaces\n'}
[0.572387] (mecharm_interfaces) StdoutLine: {'line': b'-- Up-to-date: /home/robotics/ros2_cobot/install/mecharm_interfaces/include/mecharm_interfaces/mecharm_interfaces/srv\n'}
[0.572421] (mecharm_interfaces) StdoutLine: {'line': b'-- Up-to-date: /home/robotics/ros2_cobot/install/mecharm_interfaces/include/mecharm_interfaces/mecharm_interfaces/srv/get_coords.h\n'}
[0.572490] (mecharm_interfaces) StdoutLine: {'line': b'-- Up-to-date: /home/robotics/ros2_cobot/install/mecharm_interfaces/include/mecharm_interfaces/mecharm_interfaces/srv/get_angles.h\n'}
[0.572570] (mecharm_interfaces) StdoutLine: {'line': b'-- Up-to-date: /home/robotics/ros2_cobot/install/mecharm_interfaces/include/mecharm_interfaces/mecharm_interfaces/srv/set_coords.h\n'}
[0.572603] (mecharm_interfaces) StdoutLine: {'line': b'-- Up-to-date: /home/robotics/ros2_cobot/install/mecharm_interfaces/include/mecharm_interfaces/mecharm_interfaces/srv/set_angles.h\n'}
[0.572654] (mecharm_interfaces) StdoutLine: {'line': b'-- Up-to-date: /home/robotics/ros2_cobot/install/mecharm_interfaces/include/mecharm_interfaces/mecharm_interfaces/srv/detail\n'}
[0.572681] (mecharm_interfaces) StdoutLine: {'line': b'-- Up-to-date: /home/robotics/ros2_cobot/install/mecharm_interfaces/include/mecharm_interfaces/mecharm_interfaces/srv/detail/set_coords__functions.h\n'}
[0.572726] (mecharm_interfaces) StdoutLine: {'line': b'-- Up-to-date: /home/robotics/ros2_cobot/install/mecharm_interfaces/include/mecharm_interfaces/mecharm_interfaces/srv/detail/set_angles__functions.h\n'}
[0.572814] (mecharm_interfaces) StdoutLine: {'line': b'-- Up-to-date: /home/robotics/ros2_cobot/install/mecharm_interfaces/include/mecharm_interfaces/mecharm_interfaces/srv/detail/pump_status__functions.h\n'}
[0.572850] (mecharm_interfaces) StdoutLine: {'line': b'-- Up-to-date: /home/robotics/ros2_cobot/install/mecharm_interfaces/include/mecharm_interfaces/mecharm_interfaces/srv/detail/get_coords__functions.h\n'}
[0.572915] (mecharm_interfaces) StdoutLine: {'line': b'-- Up-to-date: /home/robotics/ros2_cobot/install/mecharm_interfaces/include/mecharm_interfaces/mecharm_interfaces/srv/detail/pump_status__struct.h\n'}
[0.573096] (mecharm_interfaces) StdoutLine: {'line': b'-- Up-to-date: /home/robotics/ros2_cobot/install/mecharm_interfaces/include/mecharm_interfaces/mecharm_interfaces/srv/detail/gripper_status__type_support.h\n'}
[0.573227] (mycobot_interfaces) StdoutLine: {'line': b'-- Up-to-date: /home/robotics/ros2_cobot/install/mycobot_interfaces/include/mycobot_interfaces/mycobot_interfaces/srv/get_coords.h\n'}
[0.573261] (mycobot_interfaces) StdoutLine: {'line': b'-- Up-to-date: /home/robotics/ros2_cobot/install/mycobot_interfaces/include/mycobot_interfaces/mycobot_interfaces/srv/get_angles.h\n'}
[0.573291] (mycobot_interfaces) StdoutLine: {'line': b'-- Up-to-date: /home/robotics/ros2_cobot/install/mycobot_interfaces/include/mycobot_interfaces/mycobot_interfaces/srv/set_coords.h\n'}
[0.573322] (mycobot_interfaces) StdoutLine: {'line': b'-- Up-to-date: /home/robotics/ros2_cobot/install/mycobot_interfaces/include/mycobot_interfaces/mycobot_interfaces/srv/set_angles.h\n'}
[0.573562] (mycobot_interfaces) StdoutLine: {'line': b'-- Up-to-date: /home/robotics/ros2_cobot/install/mycobot_interfaces/include/mycobot_interfaces/mycobot_interfaces/srv/detail\n'}
[0.573615] (mycobot_interfaces) StdoutLine: {'line': b'-- Up-to-date: /home/robotics/ros2_cobot/install/mycobot_interfaces/include/mycobot_interfaces/mycobot_interfaces/srv/detail/set_coords__functions.h\n'}
[0.573651] (mycobot_interfaces) StdoutLine: {'line': b'-- Up-to-date: /home/robotics/ros2_cobot/install/mycobot_interfaces/include/mycobot_interfaces/mycobot_interfaces/srv/detail/set_angles__functions.h\n'}
[0.573999] (mycobot_interfaces) StdoutLine: {'line': b'-- Up-to-date: /home/robotics/ros2_cobot/install/mycobot_interfaces/include/mycobot_interfaces/mycobot_interfaces/srv/detail/pump_status__functions.h\n'}
[0.574044] (mycobot_interfaces) StdoutLine: {'line': b'-- Up-to-date: /home/robotics/ros2_cobot/install/mycobot_interfaces/include/mycobot_interfaces/mycobot_interfaces/srv/detail/get_coords__functions.h\n'}
[0.574071] (mycobot_interfaces) StdoutLine: {'line': b'-- Up-to-date: /home/robotics/ros2_cobot/install/mycobot_interfaces/include/mycobot_interfaces/mycobot_interfaces/srv/detail/pump_status__struct.h\n'}
[0.574097] (mycobot_interfaces) StdoutLine: {'line': b'-- Up-to-date: /home/robotics/ros2_cobot/install/mycobot_interfaces/include/mycobot_interfaces/mycobot_interfaces/srv/detail/gripper_status__type_support.h\n'}
[0.574122] (mycobot_interfaces) StdoutLine: {'line': b'-- Up-to-date: /home/robotics/ros2_cobot/install/mycobot_interfaces/include/mycobot_interfaces/mycobot_interfaces/srv/detail/get_coords__functions.c\n'}
[0.574168] (mycobot_interfaces) StdoutLine: {'line': b'-- Up-to-date: /home/robotics/ros2_cobot/install/mycobot_interfaces/include/mycobot_interfaces/mycobot_interfaces/srv/detail/pump_status__functions.c\n'}
[0.574196] (mycobot_interfaces) StdoutLine: {'line': b'-- Up-to-date: /home/robotics/ros2_cobot/install/mycobot_interfaces/include/mycobot_interfaces/mycobot_interfaces/srv/detail/set_angles__functions.c\n'}
[0.574221] (mycobot_interfaces) StdoutLine: {'line': b'-- Up-to-date: /home/robotics/ros2_cobot/install/mycobot_interfaces/include/mycobot_interfaces/mycobot_interfaces/srv/detail/set_angles__type_support.h\n'}
[0.574247] (mecharm_interfaces) StdoutLine: {'line': b'-- Up-to-date: /home/robotics/ros2_cobot/install/mecharm_interfaces/include/mecharm_interfaces/mecharm_interfaces/srv/detail/get_coords__functions.c\n'}
[0.574275] (mecharm_interfaces) StdoutLine: {'line': b'-- Up-to-date: /home/robotics/ros2_cobot/install/mecharm_interfaces/include/mecharm_interfaces/mecharm_interfaces/srv/detail/pump_status__functions.c\n'}
[0.574300] (mycobot_interfaces) StdoutLine: {'line': b'-- Up-to-date: /home/robotics/ros2_cobot/install/mycobot_interfaces/include/mycobot_interfaces/mycobot_interfaces/srv/detail/set_coords__struct.h\n'}
[0.574326] (mycobot_interfaces) StdoutLine: {'line': b'-- Up-to-date: /home/robotics/ros2_cobot/install/mycobot_interfaces/include/mycobot_interfaces/mycobot_interfaces/srv/detail/get_coords__type_support.h\n'}
[0.574350] (mycobot_interfaces) StdoutLine: {'line': b'-- Up-to-date: /home/robotics/ros2_cobot/install/mycobot_interfaces/include/mycobot_interfaces/mycobot_interfaces/srv/detail/gripper_status__functions.h\n'}
[0.574389] (mycobot_interfaces) StdoutLine: {'line': b'-- Up-to-date: /home/robotics/ros2_cobot/install/mycobot_interfaces/include/mycobot_interfaces/mycobot_interfaces/srv/detail/get_angles__functions.c\n'}
[0.574414] (mycobot_interfaces) StdoutLine: {'line': b'-- Up-to-date: /home/robotics/ros2_cobot/install/mycobot_interfaces/include/mycobot_interfaces/mycobot_interfaces/srv/detail/get_angles__functions.h\n'}
[0.574439] (mycobot_interfaces) StdoutLine: {'line': b'-- Up-to-date: /home/robotics/ros2_cobot/install/mycobot_interfaces/include/mycobot_interfaces/mycobot_interfaces/srv/detail/gripper_status__functions.c\n'}
[0.574463] (mycobot_interfaces) StdoutLine: {'line': b'-- Up-to-date: /home/robotics/ros2_cobot/install/mycobot_interfaces/include/mycobot_interfaces/mycobot_interfaces/srv/detail/get_angles__type_support.h\n'}
[0.574488] (mycobot_interfaces) StdoutLine: {'line': b'-- Up-to-date: /home/robotics/ros2_cobot/install/mycobot_interfaces/include/mycobot_interfaces/mycobot_interfaces/srv/detail/set_coords__functions.c\n'}
[0.574512] (mycobot_interfaces) StdoutLine: {'line': b'-- Up-to-date: /home/robotics/ros2_cobot/install/mycobot_interfaces/include/mycobot_interfaces/mycobot_interfaces/srv/detail/set_angles__struct.h\n'}
[0.574536] (mycobot_interfaces) StdoutLine: {'line': b'-- Up-to-date: /home/robotics/ros2_cobot/install/mycobot_interfaces/include/mycobot_interfaces/mycobot_interfaces/srv/detail/gripper_status__struct.h\n'}
[0.574561] (mycobot_interfaces) StdoutLine: {'line': b'-- Up-to-date: /home/robotics/ros2_cobot/install/mycobot_interfaces/include/mycobot_interfaces/mycobot_interfaces/srv/detail/get_angles__struct.h\n'}
[0.574585] (mycobot_interfaces) StdoutLine: {'line': b'-- Up-to-date: /home/robotics/ros2_cobot/install/mycobot_interfaces/include/mycobot_interfaces/mycobot_interfaces/srv/detail/set_coords__type_support.h\n'}
[0.574610] (mycobot_interfaces) StdoutLine: {'line': b'-- Up-to-date: /home/robotics/ros2_cobot/install/mycobot_interfaces/include/mycobot_interfaces/mycobot_interfaces/srv/detail/pump_status__type_support.h\n'}
[0.574657] (mycobot_interfaces) StdoutLine: {'line': b'-- Up-to-date: /home/robotics/ros2_cobot/install/mycobot_interfaces/include/mycobot_interfaces/mycobot_interfaces/srv/detail/get_coords__struct.h\n'}
[0.574683] (mycobot_interfaces) StdoutLine: {'line': b'-- Up-to-date: /home/robotics/ros2_cobot/install/mycobot_interfaces/include/mycobot_interfaces/mycobot_interfaces/srv/pump_status.h\n'}
[0.574708] (mecharm_interfaces) StdoutLine: {'line': b'-- Up-to-date: /home/robotics/ros2_cobot/install/mecharm_interfaces/include/mecharm_interfaces/mecharm_interfaces/srv/detail/set_angles__functions.c\n'}
[0.574735] (mecharm_interfaces) StdoutLine: {'line': b'-- Up-to-date: /home/robotics/ros2_cobot/install/mecharm_interfaces/include/mecharm_interfaces/mecharm_interfaces/srv/detail/set_angles__type_support.h\n'}
[0.574762] (mecharm_interfaces) StdoutLine: {'line': b'-- Up-to-date: /home/robotics/ros2_cobot/install/mecharm_interfaces/include/mecharm_interfaces/mecharm_interfaces/srv/detail/set_coords__struct.h\n'}
[0.574789] (mecharm_interfaces) StdoutLine: {'line': b'-- Up-to-date: /home/robotics/ros2_cobot/install/mecharm_interfaces/include/mecharm_interfaces/mecharm_interfaces/srv/detail/get_coords__type_support.h\n'}
[0.574815] (mecharm_interfaces) StdoutLine: {'line': b'-- Up-to-date: /home/robotics/ros2_cobot/install/mecharm_interfaces/include/mecharm_interfaces/mecharm_interfaces/srv/detail/gripper_status__functions.h\n'}
[0.574841] (mecharm_interfaces) StdoutLine: {'line': b'-- Up-to-date: /home/robotics/ros2_cobot/install/mecharm_interfaces/include/mecharm_interfaces/mecharm_interfaces/srv/detail/get_angles__functions.c\n'}
[0.574867] (mecharm_interfaces) StdoutLine: {'line': b'-- Up-to-date: /home/robotics/ros2_cobot/install/mecharm_interfaces/include/mecharm_interfaces/mecharm_interfaces/srv/detail/get_angles__functions.h\n'}
[0.574894] (mecharm_interfaces) StdoutLine: {'line': b'-- Up-to-date: /home/robotics/ros2_cobot/install/mecharm_interfaces/include/mecharm_interfaces/mecharm_interfaces/srv/detail/gripper_status__functions.c\n'}
[0.574975] (mecharm_interfaces) StdoutLine: {'line': b'-- Up-to-date: /home/robotics/ros2_cobot/install/mecharm_interfaces/include/mecharm_interfaces/mecharm_interfaces/srv/detail/get_angles__type_support.h\n'}
[0.575001] (mecharm_interfaces) StdoutLine: {'line': b'-- Up-to-date: /home/robotics/ros2_cobot/install/mecharm_interfaces/include/mecharm_interfaces/mecharm_interfaces/srv/detail/set_coords__functions.c\n'}
[0.575025] (mecharm_interfaces) StdoutLine: {'line': b'-- Up-to-date: /home/robotics/ros2_cobot/install/mecharm_interfaces/include/mecharm_interfaces/mecharm_interfaces/srv/detail/set_angles__struct.h\n'}
[0.575049] (mecharm_interfaces) StdoutLine: {'line': b'-- Up-to-date: /home/robotics/ros2_cobot/install/mecharm_interfaces/include/mecharm_interfaces/mecharm_interfaces/srv/detail/gripper_status__struct.h\n'}
[0.575075] (mecharm_interfaces) StdoutLine: {'line': b'-- Up-to-date: /home/robotics/ros2_cobot/install/mecharm_interfaces/include/mecharm_interfaces/mecharm_interfaces/srv/detail/get_angles__struct.h\n'}
[0.575099] (mecharm_interfaces) StdoutLine: {'line': b'-- Up-to-date: /home/robotics/ros2_cobot/install/mecharm_interfaces/include/mecharm_interfaces/mecharm_interfaces/srv/detail/set_coords__type_support.h\n'}
[0.575123] (mycobot_interfaces) StdoutLine: {'line': b'-- Up-to-date: /home/robotics/ros2_cobot/install/mycobot_interfaces/include/mycobot_interfaces/mycobot_interfaces/srv/gripper_status.h\n'}
[0.575161] (mycobot_interfaces) StdoutLine: {'line': b'-- Up-to-date: /home/robotics/ros2_cobot/install/mycobot_interfaces/include/mycobot_interfaces/mycobot_interfaces/msg\n'}
[0.575190] (mycobot_interfaces) StdoutLine: {'line': b'-- Up-to-date: /home/robotics/ros2_cobot/install/mycobot_interfaces/include/mycobot_interfaces/mycobot_interfaces/msg/detail\n'}
[0.575216] (mecharm_interfaces) StdoutLine: {'line': b'-- Up-to-date: /home/robotics/ros2_cobot/install/mecharm_interfaces/include/mecharm_interfaces/mecharm_interfaces/srv/detail/pump_status__type_support.h\n'}
[0.575314] (mecharm_interfaces) StdoutLine: {'line': b'-- Up-to-date: /home/robotics/ros2_cobot/install/mecharm_interfaces/include/mecharm_interfaces/mecharm_interfaces/srv/detail/get_coords__struct.h\n'}
[0.575341] (mecharm_interfaces) StdoutLine: {'line': b'-- Up-to-date: /home/robotics/ros2_cobot/install/mecharm_interfaces/include/mecharm_interfaces/mecharm_interfaces/srv/pump_status.h\n'}
[0.575366] (mecharm_interfaces) StdoutLine: {'line': b'-- Up-to-date: /home/robotics/ros2_cobot/install/mecharm_interfaces/include/mecharm_interfaces/mecharm_interfaces/srv/gripper_status.h\n'}
[0.575390] (mecharm_interfaces) StdoutLine: {'line': b'-- Up-to-date: /home/robotics/ros2_cobot/install/mecharm_interfaces/include/mecharm_interfaces/mecharm_interfaces/msg\n'}
[0.575415] (mecharm_interfaces) StdoutLine: {'line': b'-- Up-to-date: /home/robotics/ros2_cobot/install/mecharm_interfaces/include/mecharm_interfaces/mecharm_interfaces/msg/mecharm_pump_status.h\n'}
[0.575439] (mecharm_interfaces) StdoutLine: {'line': b'-- Up-to-date: /home/robotics/ros2_cobot/install/mecharm_interfaces/include/mecharm_interfaces/mecharm_interfaces/msg/mecharm_set_coords.h\n'}
[0.575466] (mecharm_interfaces) StdoutLine: {'line': b'-- Up-to-date: /home/robotics/ros2_cobot/install/mecharm_interfaces/include/mecharm_interfaces/mecharm_interfaces/msg/mecharm_coords.h\n'}
[0.575492] (mecharm_interfaces) StdoutLine: {'line': b'-- Up-to-date: /home/robotics/ros2_cobot/install/mecharm_interfaces/include/mecharm_interfaces/mecharm_interfaces/msg/mecharm_set_angles.h\n'}
[0.575612] (mecharm_interfaces) StdoutLine: {'line': b'-- Up-to-date: /home/robotics/ros2_cobot/install/mecharm_interfaces/include/mecharm_interfaces/mecharm_interfaces/msg/detail\n'}
[0.575640] (mycobot_interfaces) StdoutLine: {'line': b'-- Up-to-date: /home/robotics/ros2_cobot/install/mycobot_interfaces/include/mycobot_interfaces/mycobot_interfaces/msg/detail/mycobot_angles__functions.c\n'}
[0.575739] (mecharm_interfaces) StdoutLine: {'line': b'-- Up-to-date: /home/robotics/ros2_cobot/install/mecharm_interfaces/include/mecharm_interfaces/mecharm_interfaces/msg/detail/mecharm_angles__functions.h\n'}
[0.575764] (mecharm_interfaces) StdoutLine: {'line': b'-- Up-to-date: /home/robotics/ros2_cobot/install/mecharm_interfaces/include/mecharm_interfaces/mecharm_interfaces/msg/detail/mecharm_pump_status__functions.h\n'}
[0.575789] (mecharm_interfaces) StdoutLine: {'line': b'-- Up-to-date: /home/robotics/ros2_cobot/install/mecharm_interfaces/include/mecharm_interfaces/mecharm_interfaces/msg/detail/mecharm_pump_status__functions.c\n'}
[0.575813] (mecharm_interfaces) StdoutLine: {'line': b'-- Up-to-date: /home/robotics/ros2_cobot/install/mecharm_interfaces/include/mecharm_interfaces/mecharm_interfaces/msg/detail/mecharm_set_angles__functions.h\n'}
[0.575838] (mecharm_interfaces) StdoutLine: {'line': b'-- Up-to-date: /home/robotics/ros2_cobot/install/mecharm_interfaces/include/mecharm_interfaces/mecharm_interfaces/msg/detail/mecharm_coords__type_support.h\n'}
[0.575863] (mecharm_interfaces) StdoutLine: {'line': b'-- Up-to-date: /home/robotics/ros2_cobot/install/mecharm_interfaces/include/mecharm_interfaces/mecharm_interfaces/msg/detail/mecharm_gripper_status__functions.c\n'}
[0.575887] (mecharm_interfaces) StdoutLine: {'line': b'-- Up-to-date: /home/robotics/ros2_cobot/install/mecharm_interfaces/include/mecharm_interfaces/mecharm_interfaces/msg/detail/mecharm_coords__struct.h\n'}
[0.575911] (mecharm_interfaces) StdoutLine: {'line': b'-- Up-to-date: /home/robotics/ros2_cobot/install/mecharm_interfaces/include/mecharm_interfaces/mecharm_interfaces/msg/detail/mecharm_set_coords__type_support.h\n'}
[0.575935] (mecharm_interfaces) StdoutLine: {'line': b'-- Up-to-date: /home/robotics/ros2_cobot/install/mecharm_interfaces/include/mecharm_interfaces/mecharm_interfaces/msg/detail/mecharm_set_angles__functions.c\n'}
[0.575959] (mecharm_interfaces) StdoutLine: {'line': b'-- Up-to-date: /home/robotics/ros2_cobot/install/mecharm_interfaces/include/mecharm_interfaces/mecharm_interfaces/msg/detail/mecharm_set_angles__struct.h\n'}
[0.575983] (mecharm_interfaces) StdoutLine: {'line': b'-- Up-to-date: /home/robotics/ros2_cobot/install/mecharm_interfaces/include/mecharm_interfaces/mecharm_interfaces/msg/detail/mecharm_set_coords__struct.h\n'}
[0.576006] (mecharm_interfaces) StdoutLine: {'line': b'-- Up-to-date: /home/robotics/ros2_cobot/install/mecharm_interfaces/include/mecharm_interfaces/mecharm_interfaces/msg/detail/mecharm_angles__type_support.h\n'}
[0.576030] (mecharm_interfaces) StdoutLine: {'line': b'-- Up-to-date: /home/robotics/ros2_cobot/install/mecharm_interfaces/include/mecharm_interfaces/mecharm_interfaces/msg/detail/mecharm_angles__functions.c\n'}
[0.576055] (mecharm_interfaces) StdoutLine: {'line': b'-- Up-to-date: /home/robotics/ros2_cobot/install/mecharm_interfaces/include/mecharm_interfaces/mecharm_interfaces/msg/detail/mecharm_set_coords__functions.c\n'}
[0.576079] (mecharm_interfaces) StdoutLine: {'line': b'-- Up-to-date: /home/robotics/ros2_cobot/install/mecharm_interfaces/include/mecharm_interfaces/mecharm_interfaces/msg/detail/mecharm_gripper_status__struct.h\n'}
[0.576104] (mecharm_interfaces) StdoutLine: {'line': b'-- Up-to-date: /home/robotics/ros2_cobot/install/mecharm_interfaces/include/mecharm_interfaces/mecharm_interfaces/msg/detail/mecharm_coords__functions.c\n'}
[0.576129] (mecharm_interfaces) StdoutLine: {'line': b'-- Up-to-date: /home/robotics/ros2_cobot/install/mecharm_interfaces/include/mecharm_interfaces/mecharm_interfaces/msg/detail/mecharm_gripper_status__type_support.h\n'}
[0.576183] (mecharm_interfaces) StdoutLine: {'line': b'-- Up-to-date: /home/robotics/ros2_cobot/install/mecharm_interfaces/include/mecharm_interfaces/mecharm_interfaces/msg/detail/mecharm_coords__functions.h\n'}
[0.576210] (mecharm_interfaces) StdoutLine: {'line': b'-- Up-to-date: /home/robotics/ros2_cobot/install/mecharm_interfaces/include/mecharm_interfaces/mecharm_interfaces/msg/detail/mecharm_set_coords__functions.h\n'}
[0.576262] (mecharm_interfaces) StdoutLine: {'line': b'-- Up-to-date: /home/robotics/ros2_cobot/install/mecharm_interfaces/include/mecharm_interfaces/mecharm_interfaces/msg/detail/mecharm_pump_status__struct.h\n'}
[0.576287] (mecharm_interfaces) StdoutLine: {'line': b'-- Up-to-date: /home/robotics/ros2_cobot/install/mecharm_interfaces/include/mecharm_interfaces/mecharm_interfaces/msg/detail/mecharm_set_angles__type_support.h\n'}
[0.576311] (mecharm_interfaces) StdoutLine: {'line': b'-- Up-to-date: /home/robotics/ros2_cobot/install/mecharm_interfaces/include/mecharm_interfaces/mecharm_interfaces/msg/detail/mecharm_gripper_status__functions.h\n'}
[0.576336] (mecharm_interfaces) StdoutLine: {'line': b'-- Up-to-date: /home/robotics/ros2_cobot/install/mecharm_interfaces/include/mecharm_interfaces/mecharm_interfaces/msg/detail/mecharm_pump_status__type_support.h\n'}
[0.576360] (mecharm_interfaces) StdoutLine: {'line': b'-- Up-to-date: /home/robotics/ros2_cobot/install/mecharm_interfaces/include/mecharm_interfaces/mecharm_interfaces/msg/detail/mecharm_angles__struct.h\n'}
[0.576402] (mecharm_interfaces) StdoutLine: {'line': b'-- Up-to-date: /home/robotics/ros2_cobot/install/mecharm_interfaces/include/mecharm_interfaces/mecharm_interfaces/msg/mecharm_gripper_status.h\n'}
[0.576427] (mecharm_interfaces) StdoutLine: {'line': b'-- Up-to-date: /home/robotics/ros2_cobot/install/mecharm_interfaces/include/mecharm_interfaces/mecharm_interfaces/msg/rosidl_generator_c__visibility_control.h\n'}
[0.576485] (mecharm_interfaces) StdoutLine: {'line': b'-- Up-to-date: /home/robotics/ros2_cobot/install/mecharm_interfaces/include/mecharm_interfaces/mecharm_interfaces/msg/mecharm_angles.h\n'}
[0.576510] (mycobot_interfaces) StdoutLine: {'line': b'-- Up-to-date: /home/robotics/ros2_cobot/install/mycobot_interfaces/include/mycobot_interfaces/mycobot_interfaces/msg/detail/mycobot_pump_status__struct.h\n'}
[0.576538] (mycobot_interfaces) StdoutLine: {'line': b'-- Up-to-date: /home/robotics/ros2_cobot/install/mycobot_interfaces/include/mycobot_interfaces/mycobot_interfaces/msg/detail/mycobot_pump_status__functions.h\n'}
[0.576595] (mycobot_interfaces) StdoutLine: {'line': b'-- Up-to-date: /home/robotics/ros2_cobot/install/mycobot_interfaces/include/mycobot_interfaces/mycobot_interfaces/msg/detail/mycobot_set_coords__struct.h\n'}
[0.576621] (mycobot_interfaces) StdoutLine: {'line': b'-- Up-to-date: /home/robotics/ros2_cobot/install/mycobot_interfaces/include/mycobot_interfaces/mycobot_interfaces/msg/detail/mycobot_angles__struct.h\n'}
[0.576645] (mycobot_interfaces) StdoutLine: {'line': b'-- Up-to-date: /home/robotics/ros2_cobot/install/mycobot_interfaces/include/mycobot_interfaces/mycobot_interfaces/msg/detail/mycobot_set_coords__functions.c\n'}
[0.576669] (mycobot_interfaces) StdoutLine: {'line': b'-- Up-to-date: /home/robotics/ros2_cobot/install/mycobot_interfaces/include/mycobot_interfaces/mycobot_interfaces/msg/detail/mycobot_set_angles__type_support.h\n'}
[0.576694] (mycobot_interfaces) StdoutLine: {'line': b'-- Up-to-date: /home/robotics/ros2_cobot/install/mycobot_interfaces/include/mycobot_interfaces/mycobot_interfaces/msg/detail/mycobot_coords__type_support.h\n'}
[0.576718] (mycobot_interfaces) StdoutLine: {'line': b'-- Up-to-date: /home/robotics/ros2_cobot/install/mycobot_interfaces/include/mycobot_interfaces/mycobot_interfaces/msg/detail/mycobot_gripper_status__functions.c\n'}
[0.576743] (mycobot_interfaces) StdoutLine: {'line': b'-- Up-to-date: /home/robotics/ros2_cobot/install/mycobot_interfaces/include/mycobot_interfaces/mycobot_interfaces/msg/detail/mycobot_set_angles__functions.h\n'}
[0.576767] (mycobot_interfaces) StdoutLine: {'line': b'-- Up-to-date: /home/robotics/ros2_cobot/install/mycobot_interfaces/include/mycobot_interfaces/mycobot_interfaces/msg/detail/mycobot_set_coords__type_support.h\n'}
[0.576798] (mycobot_interfaces) StdoutLine: {'line': b'-- Up-to-date: /home/robotics/ros2_cobot/install/mycobot_interfaces/include/mycobot_interfaces/mycobot_interfaces/msg/detail/mycobot_gripper_status__struct.h\n'}
[0.576915] (mycobot_interfaces) StdoutLine: {'line': b'-- Up-to-date: /home/robotics/ros2_cobot/install/mycobot_interfaces/include/mycobot_interfaces/mycobot_interfaces/msg/detail/mycobot_set_coords__functions.h\n'}
[0.576943] (mycobot_interfaces) StdoutLine: {'line': b'-- Up-to-date: /home/robotics/ros2_cobot/install/mycobot_interfaces/include/mycobot_interfaces/mycobot_interfaces/msg/detail/mycobot_set_angles__struct.h\n'}
[0.576968] (mycobot_interfaces) StdoutLine: {'line': b'-- Up-to-date: /home/robotics/ros2_cobot/install/mycobot_interfaces/include/mycobot_interfaces/mycobot_interfaces/msg/detail/mycobot_coords__functions.h\n'}
[0.576993] (mycobot_interfaces) StdoutLine: {'line': b'-- Up-to-date: /home/robotics/ros2_cobot/install/mycobot_interfaces/include/mycobot_interfaces/mycobot_interfaces/msg/detail/mycobot_angles__type_support.h\n'}
[0.577018] (mycobot_interfaces) StdoutLine: {'line': b'-- Up-to-date: /home/robotics/ros2_cobot/install/mycobot_interfaces/include/mycobot_interfaces/mycobot_interfaces/msg/detail/mycobot_pump_status__type_support.h\n'}
[0.577042] (mycobot_interfaces) StdoutLine: {'line': b'-- Up-to-date: /home/robotics/ros2_cobot/install/mycobot_interfaces/include/mycobot_interfaces/mycobot_interfaces/msg/detail/mycobot_angles__functions.h\n'}
[0.577068] (mycobot_interfaces) StdoutLine: {'line': b'-- Up-to-date: /home/robotics/ros2_cobot/install/mycobot_interfaces/include/mycobot_interfaces/mycobot_interfaces/msg/detail/mycobot_gripper_status__functions.h\n'}
[0.577094] (mycobot_interfaces) StdoutLine: {'line': b'-- Up-to-date: /home/robotics/ros2_cobot/install/mycobot_interfaces/include/mycobot_interfaces/mycobot_interfaces/msg/detail/mycobot_coords__struct.h\n'}
[0.577133] (mycobot_interfaces) StdoutLine: {'line': b'-- Up-to-date: /home/robotics/ros2_cobot/install/mycobot_interfaces/include/mycobot_interfaces/mycobot_interfaces/msg/detail/mycobot_coords__functions.c\n'}
[0.577166] (mycobot_interfaces) StdoutLine: {'line': b'-- Up-to-date: /home/robotics/ros2_cobot/install/mycobot_interfaces/include/mycobot_interfaces/mycobot_interfaces/msg/detail/mycobot_gripper_status__type_support.h\n'}
[0.577192] (mycobot_interfaces) StdoutLine: {'line': b'-- Up-to-date: /home/robotics/ros2_cobot/install/mycobot_interfaces/include/mycobot_interfaces/mycobot_interfaces/msg/detail/mycobot_pump_status__functions.c\n'}
[0.577216] (mycobot_interfaces) StdoutLine: {'line': b'-- Up-to-date: /home/robotics/ros2_cobot/install/mycobot_interfaces/include/mycobot_interfaces/mycobot_interfaces/msg/detail/mycobot_set_angles__functions.c\n'}
[0.577240] (mycobot_interfaces) StdoutLine: {'line': b'-- Up-to-date: /home/robotics/ros2_cobot/install/mycobot_interfaces/include/mycobot_interfaces/mycobot_interfaces/msg/mycobot_gripper_status.h\n'}
[0.577265] (mycobot_interfaces) StdoutLine: {'line': b'-- Up-to-date: /home/robotics/ros2_cobot/install/mycobot_interfaces/include/mycobot_interfaces/mycobot_interfaces/msg/mycobot_pump_status.h\n'}
[0.577290] (mycobot_interfaces) StdoutLine: {'line': b'-- Up-to-date: /home/robotics/ros2_cobot/install/mycobot_interfaces/include/mycobot_interfaces/mycobot_interfaces/msg/mycobot_set_angles.h\n'}
[0.577314] (mycobot_interfaces) StdoutLine: {'line': b'-- Up-to-date: /home/robotics/ros2_cobot/install/mycobot_interfaces/include/mycobot_interfaces/mycobot_interfaces/msg/rosidl_generator_c__visibility_control.h\n'}
[0.577339] (mycobot_interfaces) StdoutLine: {'line': b'-- Up-to-date: /home/robotics/ros2_cobot/install/mycobot_interfaces/include/mycobot_interfaces/mycobot_interfaces/msg/mycobot_angles.h\n'}
[0.577366] (mycobot_interfaces) StdoutLine: {'line': b'-- Up-to-date: /home/robotics/ros2_cobot/install/mycobot_interfaces/include/mycobot_interfaces/mycobot_interfaces/msg/mycobot_set_coords.h\n'}
[0.577595] (mycobot_interfaces) StdoutLine: {'line': b'-- Up-to-date: /home/robotics/ros2_cobot/install/mycobot_interfaces/include/mycobot_interfaces/mycobot_interfaces/msg/mycobot_coords.h\n'}
[0.577627] (mecharm_interfaces) StdoutLine: {'line': b'-- Up-to-date: /home/robotics/ros2_cobot/install/mecharm_interfaces/share/mecharm_interfaces/environment/library_path.sh\n'}
[0.577702] (mecharm_interfaces) StdoutLine: {'line': b'-- Up-to-date: /home/robotics/ros2_cobot/install/mecharm_interfaces/share/mecharm_interfaces/environment/library_path.dsv\n'}
[0.577732] (mycobot_interfaces) StdoutLine: {'line': b'-- Up-to-date: /home/robotics/ros2_cobot/install/mycobot_interfaces/share/mycobot_interfaces/environment/library_path.sh\n'}
[0.577761] (mycobot_interfaces) StdoutLine: {'line': b'-- Up-to-date: /home/robotics/ros2_cobot/install/mycobot_interfaces/share/mycobot_interfaces/environment/library_path.dsv\n'}
[0.577788] (mecharm_interfaces) StdoutLine: {'line': b'-- Up-to-date: /home/robotics/ros2_cobot/install/mecharm_interfaces/lib/libmecharm_interfaces__rosidl_generator_c.so\n'}
[0.577815] (mecharm_interfaces) StdoutLine: {'line': b'-- Up-to-date: /home/robotics/ros2_cobot/install/mecharm_interfaces/include/mecharm_interfaces/mecharm_interfaces\n'}
[0.577843] (mecharm_interfaces) StdoutLine: {'line': b'-- Up-to-date: /home/robotics/ros2_cobot/install/mecharm_interfaces/include/mecharm_interfaces/mecharm_interfaces/srv\n'}
[0.577868] (mycobot_interfaces) StdoutLine: {'line': b'-- Up-to-date: /home/robotics/ros2_cobot/install/mycobot_interfaces/lib/libmycobot_interfaces__rosidl_generator_c.so\n'}
[0.577911] (mycobot_interfaces) StdoutLine: {'line': b'-- Up-to-date: /home/robotics/ros2_cobot/install/mycobot_interfaces/include/mycobot_interfaces/mycobot_interfaces\n'}
[0.577936] (mycobot_interfaces) StdoutLine: {'line': b'-- Up-to-date: /home/robotics/ros2_cobot/install/mycobot_interfaces/include/mycobot_interfaces/mycobot_interfaces/srv\n'}
[0.577961] (mycobot_interfaces) StdoutLine: {'line': b'-- Up-to-date: /home/robotics/ros2_cobot/install/mycobot_interfaces/include/mycobot_interfaces/mycobot_interfaces/srv/detail\n'}
[0.577985] (mycobot_interfaces) StdoutLine: {'line': b'-- Up-to-date: /home/robotics/ros2_cobot/install/mycobot_interfaces/include/mycobot_interfaces/mycobot_interfaces/srv/detail/get_angles__rosidl_typesupport_fastrtps_c.h\n'}
[0.578010] (mycobot_interfaces) StdoutLine: {'line': b'-- Up-to-date: /home/robotics/ros2_cobot/install/mycobot_interfaces/include/mycobot_interfaces/mycobot_interfaces/srv/detail/set_coords__rosidl_typesupport_fastrtps_c.h\n'}
[0.578038] (mycobot_interfaces) StdoutLine: {'line': b'-- Up-to-date: /home/robotics/ros2_cobot/install/mycobot_interfaces/include/mycobot_interfaces/mycobot_interfaces/srv/detail/get_coords__rosidl_typesupport_fastrtps_c.h\n'}
[0.578064] (mycobot_interfaces) StdoutLine: {'line': b'-- Up-to-date: /home/robotics/ros2_cobot/install/mycobot_interfaces/include/mycobot_interfaces/mycobot_interfaces/srv/detail/set_angles__rosidl_typesupport_fastrtps_c.h\n'}
[0.578088] (mycobot_interfaces) StdoutLine: {'line': b'-- Up-to-date: /home/robotics/ros2_cobot/install/mycobot_interfaces/include/mycobot_interfaces/mycobot_interfaces/srv/detail/pump_status__rosidl_typesupport_fastrtps_c.h\n'}
[0.578113] (mycobot_interfaces) StdoutLine: {'line': b'-- Up-to-date: /home/robotics/ros2_cobot/install/mycobot_interfaces/include/mycobot_interfaces/mycobot_interfaces/srv/detail/gripper_status__rosidl_typesupport_fastrtps_c.h\n'}
[0.578143] (mycobot_interfaces) StdoutLine: {'line': b'-- Up-to-date: /home/robotics/ros2_cobot/install/mycobot_interfaces/include/mycobot_interfaces/mycobot_interfaces/msg\n'}
[0.578173] (mycobot_interfaces) StdoutLine: {'line': b'-- Up-to-date: /home/robotics/ros2_cobot/install/mycobot_interfaces/include/mycobot_interfaces/mycobot_interfaces/msg/detail\n'}
[0.578202] (mycobot_interfaces) StdoutLine: {'line': b'-- Up-to-date: /home/robotics/ros2_cobot/install/mycobot_interfaces/include/mycobot_interfaces/mycobot_interfaces/msg/detail/mycobot_gripper_status__rosidl_typesupport_fastrtps_c.h\n'}
[0.578230] (mycobot_interfaces) StdoutLine: {'line': b'-- Up-to-date: /home/robotics/ros2_cobot/install/mycobot_interfaces/include/mycobot_interfaces/mycobot_interfaces/msg/detail/mycobot_pump_status__rosidl_typesupport_fastrtps_c.h\n'}
[0.578287] (mycobot_interfaces) StdoutLine: {'line': b'-- Up-to-date: /home/robotics/ros2_cobot/install/mycobot_interfaces/include/mycobot_interfaces/mycobot_interfaces/msg/detail/mycobot_set_coords__rosidl_typesupport_fastrtps_c.h\n'}
[0.578314] (mycobot_interfaces) StdoutLine: {'line': b'-- Up-to-date: /home/robotics/ros2_cobot/install/mycobot_interfaces/include/mycobot_interfaces/mycobot_interfaces/msg/detail/mycobot_angles__rosidl_typesupport_fastrtps_c.h\n'}
[0.578342] (mycobot_interfaces) StdoutLine: {'line': b'-- Up-to-date: /home/robotics/ros2_cobot/install/mycobot_interfaces/include/mycobot_interfaces/mycobot_interfaces/msg/detail/mycobot_set_angles__rosidl_typesupport_fastrtps_c.h\n'}
[0.578369] (mecharm_interfaces) StdoutLine: {'line': b'-- Up-to-date: /home/robotics/ros2_cobot/install/mecharm_interfaces/include/mecharm_interfaces/mecharm_interfaces/srv/detail\n'}
[0.578495] (mecharm_interfaces) StdoutLine: {'line': b'-- Up-to-date: /home/robotics/ros2_cobot/install/mecharm_interfaces/include/mecharm_interfaces/mecharm_interfaces/srv/detail/get_angles__rosidl_typesupport_fastrtps_c.h\n'}
[0.578524] (mecharm_interfaces) StdoutLine: {'line': b'-- Up-to-date: /home/robotics/ros2_cobot/install/mecharm_interfaces/include/mecharm_interfaces/mecharm_interfaces/srv/detail/set_coords__rosidl_typesupport_fastrtps_c.h\n'}
[0.578550] (mecharm_interfaces) StdoutLine: {'line': b'-- Up-to-date: /home/robotics/ros2_cobot/install/mecharm_interfaces/include/mecharm_interfaces/mecharm_interfaces/srv/detail/get_coords__rosidl_typesupport_fastrtps_c.h\n'}
[0.578576] (mecharm_interfaces) StdoutLine: {'line': b'-- Up-to-date: /home/robotics/ros2_cobot/install/mecharm_interfaces/include/mecharm_interfaces/mecharm_interfaces/srv/detail/set_angles__rosidl_typesupport_fastrtps_c.h\n'}
[0.578603] (mecharm_interfaces) StdoutLine: {'line': b'-- Up-to-date: /home/robotics/ros2_cobot/install/mecharm_interfaces/include/mecharm_interfaces/mecharm_interfaces/srv/detail/pump_status__rosidl_typesupport_fastrtps_c.h\n'}
[0.578628] (mecharm_interfaces) StdoutLine: {'line': b'-- Up-to-date: /home/robotics/ros2_cobot/install/mecharm_interfaces/include/mecharm_interfaces/mecharm_interfaces/srv/detail/gripper_status__rosidl_typesupport_fastrtps_c.h\n'}
[0.578653] (mecharm_interfaces) StdoutLine: {'line': b'-- Up-to-date: /home/robotics/ros2_cobot/install/mecharm_interfaces/include/mecharm_interfaces/mecharm_interfaces/msg\n'}
[0.578693] (mecharm_interfaces) StdoutLine: {'line': b'-- Up-to-date: /home/robotics/ros2_cobot/install/mecharm_interfaces/include/mecharm_interfaces/mecharm_interfaces/msg/detail\n'}
[0.578718] (mecharm_interfaces) StdoutLine: {'line': b'-- Up-to-date: /home/robotics/ros2_cobot/install/mecharm_interfaces/include/mecharm_interfaces/mecharm_interfaces/msg/detail/mecharm_set_angles__rosidl_typesupport_fastrtps_c.h\n'}
[0.578743] (mecharm_interfaces) StdoutLine: {'line': b'-- Up-to-date: /home/robotics/ros2_cobot/install/mecharm_interfaces/include/mecharm_interfaces/mecharm_interfaces/msg/detail/mecharm_angles__rosidl_typesupport_fastrtps_c.h\n'}
[0.578793] (mecharm_interfaces) StdoutLine: {'line': b'-- Up-to-date: /home/robotics/ros2_cobot/install/mecharm_interfaces/include/mecharm_interfaces/mecharm_interfaces/msg/detail/mecharm_gripper_status__rosidl_typesupport_fastrtps_c.h\n'}
[0.578820] (mecharm_interfaces) StdoutLine: {'line': b'-- Up-to-date: /home/robotics/ros2_cobot/install/mecharm_interfaces/include/mecharm_interfaces/mecharm_interfaces/msg/detail/mecharm_set_coords__rosidl_typesupport_fastrtps_c.h\n'}
[0.578845] (mecharm_interfaces) StdoutLine: {'line': b'-- Up-to-date: /home/robotics/ros2_cobot/install/mecharm_interfaces/include/mecharm_interfaces/mecharm_interfaces/msg/detail/mecharm_pump_status__rosidl_typesupport_fastrtps_c.h\n'}
[0.578869] (mecharm_interfaces) StdoutLine: {'line': b'-- Up-to-date: /home/robotics/ros2_cobot/install/mecharm_interfaces/include/mecharm_interfaces/mecharm_interfaces/msg/detail/mecharm_coords__rosidl_typesupport_fastrtps_c.h\n'}
[0.578894] (mecharm_interfaces) StdoutLine: {'line': b'-- Up-to-date: /home/robotics/ros2_cobot/install/mecharm_interfaces/include/mecharm_interfaces/mecharm_interfaces/msg/rosidl_typesupport_fastrtps_c__visibility_control.h\n'}
[0.578982] (mecharm_interfaces) StdoutLine: {'line': b'-- Up-to-date: /home/robotics/ros2_cobot/install/mecharm_interfaces/lib/libmecharm_interfaces__rosidl_typesupport_fastrtps_c.so\n'}
[0.579009] (mecharm_interfaces) StdoutLine: {'line': b'-- Up-to-date: /home/robotics/ros2_cobot/install/mecharm_interfaces/include/mecharm_interfaces/mecharm_interfaces\n'}
[0.579035] (mecharm_interfaces) StdoutLine: {'line': b'-- Up-to-date: /home/robotics/ros2_cobot/install/mecharm_interfaces/include/mecharm_interfaces/mecharm_interfaces/srv\n'}
[0.579061] (mecharm_interfaces) StdoutLine: {'line': b'-- Up-to-date: /home/robotics/ros2_cobot/install/mecharm_interfaces/include/mecharm_interfaces/mecharm_interfaces/srv/detail\n'}
[0.579086] (mecharm_interfaces) StdoutLine: {'line': b'-- Up-to-date: /home/robotics/ros2_cobot/install/mecharm_interfaces/include/mecharm_interfaces/mecharm_interfaces/srv/detail/gripper_status__type_support.c\n'}
[0.579217] (mecharm_interfaces) StdoutLine: {'line': b'-- Up-to-date: /home/robotics/ros2_cobot/install/mecharm_interfaces/include/mecharm_interfaces/mecharm_interfaces/srv/detail/gripper_status__rosidl_typesupport_introspection_c.h\n'}
[0.579250] (mecharm_interfaces) StdoutLine: {'line': b'-- Up-to-date: /home/robotics/ros2_cobot/install/mecharm_interfaces/include/mecharm_interfaces/mecharm_interfaces/srv/detail/set_coords__rosidl_typesupport_introspection_c.h\n'}
[0.579280] (mecharm_interfaces) StdoutLine: {'line': b'-- Up-to-date: /home/robotics/ros2_cobot/install/mecharm_interfaces/include/mecharm_interfaces/mecharm_interfaces/srv/detail/get_angles__rosidl_typesupport_introspection_c.h\n'}
[0.579307] (mycobot_interfaces) StdoutLine: {'line': b'-- Up-to-date: /home/robotics/ros2_cobot/install/mycobot_interfaces/include/mycobot_interfaces/mycobot_interfaces/msg/detail/mycobot_coords__rosidl_typesupport_fastrtps_c.h\n'}
[0.579338] (mycobot_interfaces) StdoutLine: {'line': b'-- Up-to-date: /home/robotics/ros2_cobot/install/mycobot_interfaces/include/mycobot_interfaces/mycobot_interfaces/msg/rosidl_typesupport_fastrtps_c__visibility_control.h\n'}
[0.579366] (mycobot_interfaces) StdoutLine: {'line': b'-- Up-to-date: /home/robotics/ros2_cobot/install/mycobot_interfaces/lib/libmycobot_interfaces__rosidl_typesupport_fastrtps_c.so\n'}
[0.579397] (mycobot_interfaces) StdoutLine: {'line': b'-- Up-to-date: /home/robotics/ros2_cobot/install/mycobot_interfaces/include/mycobot_interfaces/mycobot_interfaces\n'}
[0.579424] (mycobot_interfaces) StdoutLine: {'line': b'-- Up-to-date: /home/robotics/ros2_cobot/install/mycobot_interfaces/include/mycobot_interfaces/mycobot_interfaces/srv\n'}
[0.579450] (mycobot_interfaces) StdoutLine: {'line': b'-- Up-to-date: /home/robotics/ros2_cobot/install/mycobot_interfaces/include/mycobot_interfaces/mycobot_interfaces/srv/detail\n'}
[0.579476] (mycobot_interfaces) StdoutLine: {'line': b'-- Up-to-date: /home/robotics/ros2_cobot/install/mycobot_interfaces/include/mycobot_interfaces/mycobot_interfaces/srv/detail/gripper_status__type_support.c\n'}
[0.579569] (mycobot_interfaces) StdoutLine: {'line': b'-- Up-to-date: /home/robotics/ros2_cobot/install/mycobot_interfaces/include/mycobot_interfaces/mycobot_interfaces/srv/detail/gripper_status__rosidl_typesupport_introspection_c.h\n'}
[0.579597] (mecharm_interfaces) StdoutLine: {'line': b'-- Up-to-date: /home/robotics/ros2_cobot/install/mecharm_interfaces/include/mecharm_interfaces/mecharm_interfaces/srv/detail/get_coords__rosidl_typesupport_introspection_c.h\n'}
[0.579622] (mycobot_interfaces) StdoutLine: {'line': b'-- Up-to-date: /home/robotics/ros2_cobot/install/mycobot_interfaces/include/mycobot_interfaces/mycobot_interfaces/srv/detail/set_coords__rosidl_typesupport_introspection_c.h\n'}
[0.579647] (mycobot_interfaces) StdoutLine: {'line': b'-- Up-to-date: /home/robotics/ros2_cobot/install/mycobot_interfaces/include/mycobot_interfaces/mycobot_interfaces/srv/detail/get_angles__rosidl_typesupport_introspection_c.h\n'}
[0.579675] (mecharm_interfaces) StdoutLine: {'line': b'-- Up-to-date: /home/robotics/ros2_cobot/install/mecharm_interfaces/include/mecharm_interfaces/mecharm_interfaces/srv/detail/set_angles__rosidl_typesupport_introspection_c.h\n'}
[0.579701] (mecharm_interfaces) StdoutLine: {'line': b'-- Up-to-date: /home/robotics/ros2_cobot/install/mecharm_interfaces/include/mecharm_interfaces/mecharm_interfaces/srv/detail/get_angles__type_support.c\n'}
[0.579725] (mecharm_interfaces) StdoutLine: {'line': b'-- Up-to-date: /home/robotics/ros2_cobot/install/mecharm_interfaces/include/mecharm_interfaces/mecharm_interfaces/srv/detail/pump_status__rosidl_typesupport_introspection_c.h\n'}
[0.579750] (mecharm_interfaces) StdoutLine: {'line': b'-- Up-to-date: /home/robotics/ros2_cobot/install/mecharm_interfaces/include/mecharm_interfaces/mecharm_interfaces/srv/detail/get_coords__type_support.c\n'}
[0.579774] (mecharm_interfaces) StdoutLine: {'line': b'-- Up-to-date: /home/robotics/ros2_cobot/install/mecharm_interfaces/include/mecharm_interfaces/mecharm_interfaces/srv/detail/set_angles__type_support.c\n'}
[0.579798] (mecharm_interfaces) StdoutLine: {'line': b'-- Up-to-date: /home/robotics/ros2_cobot/install/mecharm_interfaces/include/mecharm_interfaces/mecharm_interfaces/srv/detail/set_coords__type_support.c\n'}
[0.579823] (mecharm_interfaces) StdoutLine: {'line': b'-- Up-to-date: /home/robotics/ros2_cobot/install/mecharm_interfaces/include/mecharm_interfaces/mecharm_interfaces/srv/detail/pump_status__type_support.c\n'}
[0.579849] (mecharm_interfaces) StdoutLine: {'line': b'-- Up-to-date: /home/robotics/ros2_cobot/install/mecharm_interfaces/include/mecharm_interfaces/mecharm_interfaces/msg\n'}
[0.579875] (mecharm_interfaces) StdoutLine: {'line': b'-- Up-to-date: /home/robotics/ros2_cobot/install/mecharm_interfaces/include/mecharm_interfaces/mecharm_interfaces/msg/detail\n'}
[0.579901] (mecharm_interfaces) StdoutLine: {'line': b'-- Up-to-date: /home/robotics/ros2_cobot/install/mecharm_interfaces/include/mecharm_interfaces/mecharm_interfaces/msg/detail/mecharm_coords__rosidl_typesupport_introspection_c.h\n'}
[0.579960] (mecharm_interfaces) StdoutLine: {'line': b'-- Up-to-date: /home/robotics/ros2_cobot/install/mecharm_interfaces/include/mecharm_interfaces/mecharm_interfaces/msg/detail/mecharm_set_coords__type_support.c\n'}
[0.579985] (mecharm_interfaces) StdoutLine: {'line': b'-- Up-to-date: /home/robotics/ros2_cobot/install/mecharm_interfaces/include/mecharm_interfaces/mecharm_interfaces/msg/detail/mecharm_gripper_status__rosidl_typesupport_introspection_c.h\n'}
[0.580010] (mecharm_interfaces) StdoutLine: {'line': b'-- Up-to-date: /home/robotics/ros2_cobot/install/mecharm_interfaces/include/mecharm_interfaces/mecharm_interfaces/msg/detail/mecharm_coords__type_support.c\n'}
[0.580034] (mecharm_interfaces) StdoutLine: {'line': b'-- Up-to-date: /home/robotics/ros2_cobot/install/mecharm_interfaces/include/mecharm_interfaces/mecharm_interfaces/msg/detail/mecharm_set_coords__rosidl_typesupport_introspection_c.h\n'}
[0.580059] (mecharm_interfaces) StdoutLine: {'line': b'-- Up-to-date: /home/robotics/ros2_cobot/install/mecharm_interfaces/include/mecharm_interfaces/mecharm_interfaces/msg/detail/mecharm_angles__type_support.c\n'}
[0.580084] (mecharm_interfaces) StdoutLine: {'line': b'-- Up-to-date: /home/robotics/ros2_cobot/install/mecharm_interfaces/include/mecharm_interfaces/mecharm_interfaces/msg/detail/mecharm_gripper_status__type_support.c\n'}
[0.580109] (mycobot_interfaces) StdoutLine: {'line': b'-- Up-to-date: /home/robotics/ros2_cobot/install/mycobot_interfaces/include/mycobot_interfaces/mycobot_interfaces/srv/detail/get_coords__rosidl_typesupport_introspection_c.h\n'}
[0.580135] (mecharm_interfaces) StdoutLine: {'line': b'-- Up-to-date: /home/robotics/ros2_cobot/install/mecharm_interfaces/include/mecharm_interfaces/mecharm_interfaces/msg/detail/mecharm_pump_status__rosidl_typesupport_introspection_c.h\n'}
[0.580168] (mycobot_interfaces) StdoutLine: {'line': b'-- Up-to-date: /home/robotics/ros2_cobot/install/mycobot_interfaces/include/mycobot_interfaces/mycobot_interfaces/srv/detail/set_angles__rosidl_typesupport_introspection_c.h\n'}
[0.580206] (mycobot_interfaces) StdoutLine: {'line': b'-- Up-to-date: /home/robotics/ros2_cobot/install/mycobot_interfaces/include/mycobot_interfaces/mycobot_interfaces/srv/detail/get_angles__type_support.c\n'}
[0.580230] (mycobot_interfaces) StdoutLine: {'line': b'-- Up-to-date: /home/robotics/ros2_cobot/install/mycobot_interfaces/include/mycobot_interfaces/mycobot_interfaces/srv/detail/pump_status__rosidl_typesupport_introspection_c.h\n'}
[0.580255] (mycobot_interfaces) StdoutLine: {'line': b'-- Up-to-date: /home/robotics/ros2_cobot/install/mycobot_interfaces/include/mycobot_interfaces/mycobot_interfaces/srv/detail/get_coords__type_support.c\n'}
[0.580280] (mycobot_interfaces) StdoutLine: {'line': b'-- Up-to-date: /home/robotics/ros2_cobot/install/mycobot_interfaces/include/mycobot_interfaces/mycobot_interfaces/srv/detail/set_angles__type_support.c\n'}
[0.580305] (mecharm_interfaces) StdoutLine: {'line': b'-- Up-to-date: /home/robotics/ros2_cobot/install/mecharm_interfaces/include/mecharm_interfaces/mecharm_interfaces/msg/detail/mecharm_set_angles__rosidl_typesupport_introspection_c.h\n'}
[0.580330] (mecharm_interfaces) StdoutLine: {'line': b'-- Up-to-date: /home/robotics/ros2_cobot/install/mecharm_interfaces/include/mecharm_interfaces/mecharm_interfaces/msg/detail/mecharm_angles__rosidl_typesupport_introspection_c.h\n'}
[0.580355] (mycobot_interfaces) StdoutLine: {'line': b'-- Up-to-date: /home/robotics/ros2_cobot/install/mycobot_interfaces/include/mycobot_interfaces/mycobot_interfaces/srv/detail/set_coords__type_support.c\n'}
[0.580380] (mecharm_interfaces) StdoutLine: {'line': b'-- Up-to-date: /home/robotics/ros2_cobot/install/mecharm_interfaces/include/mecharm_interfaces/mecharm_interfaces/msg/detail/mecharm_pump_status__type_support.c\n'}
[0.580405] (mecharm_interfaces) StdoutLine: {'line': b'-- Up-to-date: /home/robotics/ros2_cobot/install/mecharm_interfaces/include/mecharm_interfaces/mecharm_interfaces/msg/detail/mecharm_set_angles__type_support.c\n'}
[0.580495] (mecharm_interfaces) StdoutLine: {'line': b'-- Up-to-date: /home/robotics/ros2_cobot/install/mecharm_interfaces/include/mecharm_interfaces/mecharm_interfaces/msg/rosidl_typesupport_introspection_c__visibility_control.h\n'}
[0.580528] (mecharm_interfaces) StdoutLine: {'line': b'-- Up-to-date: /home/robotics/ros2_cobot/install/mecharm_interfaces/lib/libmecharm_interfaces__rosidl_typesupport_introspection_c.so\n'}
[0.580554] (mycobot_interfaces) StdoutLine: {'line': b'-- Up-to-date: /home/robotics/ros2_cobot/install/mycobot_interfaces/include/mycobot_interfaces/mycobot_interfaces/srv/detail/pump_status__type_support.c\n'}
[0.580586] (mycobot_interfaces) StdoutLine: {'line': b'-- Up-to-date: /home/robotics/ros2_cobot/install/mycobot_interfaces/include/mycobot_interfaces/mycobot_interfaces/msg\n'}
[0.580611] (mycobot_interfaces) StdoutLine: {'line': b'-- Up-to-date: /home/robotics/ros2_cobot/install/mycobot_interfaces/include/mycobot_interfaces/mycobot_interfaces/msg/detail\n'}
[0.580641] (mycobot_interfaces) StdoutLine: {'line': b'-- Up-to-date: /home/robotics/ros2_cobot/install/mycobot_interfaces/include/mycobot_interfaces/mycobot_interfaces/msg/detail/mycobot_coords__type_support.c\n'}
[0.580667] (mycobot_interfaces) StdoutLine: {'line': b'-- Up-to-date: /home/robotics/ros2_cobot/install/mycobot_interfaces/include/mycobot_interfaces/mycobot_interfaces/msg/detail/mycobot_gripper_status__type_support.c\n'}
[0.580728] (mycobot_interfaces) StdoutLine: {'line': b'-- Up-to-date: /home/robotics/ros2_cobot/install/mycobot_interfaces/include/mycobot_interfaces/mycobot_interfaces/msg/detail/mycobot_set_coords__type_support.c\n'}
[0.580775] (mycobot_interfaces) StdoutLine: {'line': b'-- Up-to-date: /home/robotics/ros2_cobot/install/mycobot_interfaces/include/mycobot_interfaces/mycobot_interfaces/msg/detail/mycobot_set_coords__rosidl_typesupport_introspection_c.h\n'}
[0.580806] (mycobot_interfaces) StdoutLine: {'line': b'-- Up-to-date: /home/robotics/ros2_cobot/install/mycobot_interfaces/include/mycobot_interfaces/mycobot_interfaces/msg/detail/mycobot_angles__type_support.c\n'}
[0.580873] (mycobot_interfaces) StdoutLine: {'line': b'-- Up-to-date: /home/robotics/ros2_cobot/install/mycobot_interfaces/include/mycobot_interfaces/mycobot_interfaces/msg/detail/mycobot_gripper_status__rosidl_typesupport_introspection_c.h\n'}
[0.580911] (mycobot_interfaces) StdoutLine: {'line': b'-- Up-to-date: /home/robotics/ros2_cobot/install/mycobot_interfaces/include/mycobot_interfaces/mycobot_interfaces/msg/detail/mycobot_pump_status__rosidl_typesupport_introspection_c.h\n'}
[0.580938] (mycobot_interfaces) StdoutLine: {'line': b'-- Up-to-date: /home/robotics/ros2_cobot/install/mycobot_interfaces/include/mycobot_interfaces/mycobot_interfaces/msg/detail/mycobot_set_angles__rosidl_typesupport_introspection_c.h\n'}
[0.580964] (mycobot_interfaces) StdoutLine: {'line': b'-- Up-to-date: /home/robotics/ros2_cobot/install/mycobot_interfaces/include/mycobot_interfaces/mycobot_interfaces/msg/detail/mycobot_set_angles__type_support.c\n'}
[0.580989] (mycobot_interfaces) StdoutLine: {'line': b'-- Up-to-date: /home/robotics/ros2_cobot/install/mycobot_interfaces/include/mycobot_interfaces/mycobot_interfaces/msg/detail/mycobot_angles__rosidl_typesupport_introspection_c.h\n'}
[0.581031] (mycobot_interfaces) StdoutLine: {'line': b'-- Up-to-date: /home/robotics/ros2_cobot/install/mycobot_interfaces/include/mycobot_interfaces/mycobot_interfaces/msg/detail/mycobot_coords__rosidl_typesupport_introspection_c.h\n'}
[0.581055] (mycobot_interfaces) StdoutLine: {'line': b'-- Up-to-date: /home/robotics/ros2_cobot/install/mycobot_interfaces/include/mycobot_interfaces/mycobot_interfaces/msg/detail/mycobot_pump_status__type_support.c\n'}
[0.581121] (mycobot_interfaces) StdoutLine: {'line': b'-- Up-to-date: /home/robotics/ros2_cobot/install/mycobot_interfaces/include/mycobot_interfaces/mycobot_interfaces/msg/rosidl_typesupport_introspection_c__visibility_control.h\n'}
[0.581159] (mecharm_interfaces) StdoutLine: {'line': b'-- Up-to-date: /home/robotics/ros2_cobot/install/mecharm_interfaces/lib/libmecharm_interfaces__rosidl_typesupport_c.so\n'}
[0.581189] (mycobot_interfaces) StdoutLine: {'line': b'-- Up-to-date: /home/robotics/ros2_cobot/install/mycobot_interfaces/lib/libmycobot_interfaces__rosidl_typesupport_introspection_c.so\n'}
[0.581217] (mecharm_interfaces) StdoutLine: {'line': b'-- Up-to-date: /home/robotics/ros2_cobot/install/mecharm_interfaces/include/mecharm_interfaces/mecharm_interfaces\n'}
[0.581249] (mecharm_interfaces) StdoutLine: {'line': b'-- Up-to-date: /home/robotics/ros2_cobot/install/mecharm_interfaces/include/mecharm_interfaces/mecharm_interfaces/srv\n'}
[0.581310] (mycobot_interfaces) StdoutLine: {'line': b'-- Up-to-date: /home/robotics/ros2_cobot/install/mycobot_interfaces/lib/libmycobot_interfaces__rosidl_typesupport_c.so\n'}
[0.581337] (mycobot_interfaces) StdoutLine: {'line': b'-- Up-to-date: /home/robotics/ros2_cobot/install/mycobot_interfaces/include/mycobot_interfaces/mycobot_interfaces\n'}
[0.581361] (mycobot_interfaces) StdoutLine: {'line': b'-- Up-to-date: /home/robotics/ros2_cobot/install/mycobot_interfaces/include/mycobot_interfaces/mycobot_interfaces/srv\n'}
[0.581387] (mycobot_interfaces) StdoutLine: {'line': b'-- Up-to-date: /home/robotics/ros2_cobot/install/mycobot_interfaces/include/mycobot_interfaces/mycobot_interfaces/srv/get_angles.hpp\n'}
[0.581414] (mecharm_interfaces) StdoutLine: {'line': b'-- Up-to-date: /home/robotics/ros2_cobot/install/mecharm_interfaces/include/mecharm_interfaces/mecharm_interfaces/srv/get_angles.hpp\n'}
[0.581440] (mecharm_interfaces) StdoutLine: {'line': b'-- Up-to-date: /home/robotics/ros2_cobot/install/mecharm_interfaces/include/mecharm_interfaces/mecharm_interfaces/srv/set_coords.hpp\n'}
[0.581465] (mecharm_interfaces) StdoutLine: {'line': b'-- Up-to-date: /home/robotics/ros2_cobot/install/mecharm_interfaces/include/mecharm_interfaces/mecharm_interfaces/srv/set_angles.hpp\n'}
[0.581490] (mecharm_interfaces) StdoutLine: {'line': b'-- Up-to-date: /home/robotics/ros2_cobot/install/mecharm_interfaces/include/mecharm_interfaces/mecharm_interfaces/srv/detail\n'}
[0.581544] (mycobot_interfaces) StdoutLine: {'line': b'-- Up-to-date: /home/robotics/ros2_cobot/install/mycobot_interfaces/include/mycobot_interfaces/mycobot_interfaces/srv/set_coords.hpp\n'}
[0.581629] (mecharm_interfaces) StdoutLine: {'line': b'-- Up-to-date: /home/robotics/ros2_cobot/install/mecharm_interfaces/include/mecharm_interfaces/mecharm_interfaces/srv/detail/get_angles__traits.hpp\n'}
[0.581660] (mecharm_interfaces) StdoutLine: {'line': b'-- Up-to-date: /home/robotics/ros2_cobot/install/mecharm_interfaces/include/mecharm_interfaces/mecharm_interfaces/srv/detail/get_coords__struct.hpp\n'}
[0.581772] (mecharm_interfaces) StdoutLine: {'line': b'-- Up-to-date: /home/robotics/ros2_cobot/install/mecharm_interfaces/include/mecharm_interfaces/mecharm_interfaces/srv/detail/set_angles__type_support.hpp\n'}
[0.581817] (mecharm_interfaces) StdoutLine: {'line': b'-- Up-to-date: /home/robotics/ros2_cobot/install/mecharm_interfaces/include/mecharm_interfaces/mecharm_interfaces/srv/detail/set_coords__type_support.hpp\n'}
[0.581843] (mecharm_interfaces) StdoutLine: {'line': b'-- Up-to-date: /home/robotics/ros2_cobot/install/mecharm_interfaces/include/mecharm_interfaces/mecharm_interfaces/srv/detail/set_angles__traits.hpp\n'}
[0.581874] (mecharm_interfaces) StdoutLine: {'line': b'-- Up-to-date: /home/robotics/ros2_cobot/install/mecharm_interfaces/include/mecharm_interfaces/mecharm_interfaces/srv/detail/get_angles__struct.hpp\n'}
[0.581939] (mecharm_interfaces) StdoutLine: {'line': b'-- Up-to-date: /home/robotics/ros2_cobot/install/mecharm_interfaces/include/mecharm_interfaces/mecharm_interfaces/srv/detail/get_angles__type_support.hpp\n'}
[0.581972] (mecharm_interfaces) StdoutLine: {'line': b'-- Up-to-date: /home/robotics/ros2_cobot/install/mecharm_interfaces/include/mecharm_interfaces/mecharm_interfaces/srv/detail/gripper_status__struct.hpp\n'}
[0.582090] (mecharm_interfaces) StdoutLine: {'line': b'-- Up-to-date: /home/robotics/ros2_cobot/install/mecharm_interfaces/include/mecharm_interfaces/mecharm_interfaces/srv/detail/gripper_status__type_support.hpp\n'}
[0.582127] (mecharm_interfaces) StdoutLine: {'line': b'-- Up-to-date: /home/robotics/ros2_cobot/install/mecharm_interfaces/include/mecharm_interfaces/mecharm_interfaces/srv/detail/get_coords__traits.hpp\n'}
[0.582356] (mecharm_interfaces) StdoutLine: {'line': b'-- Up-to-date: /home/robotics/ros2_cobot/install/mecharm_interfaces/include/mecharm_interfaces/mecharm_interfaces/srv/detail/gripper_status__builder.hpp\n'}
[0.582392] (mecharm_interfaces) StdoutLine: {'line': b'-- Up-to-date: /home/robotics/ros2_cobot/install/mecharm_interfaces/include/mecharm_interfaces/mecharm_interfaces/srv/detail/pump_status__struct.hpp\n'}
[0.582435] (mecharm_interfaces) StdoutLine: {'line': b'-- Up-to-date: /home/robotics/ros2_cobot/install/mecharm_interfaces/include/mecharm_interfaces/mecharm_interfaces/srv/detail/set_coords__struct.hpp\n'}
[0.582519] (mecharm_interfaces) StdoutLine: {'line': b'-- Up-to-date: /home/robotics/ros2_cobot/install/mecharm_interfaces/include/mecharm_interfaces/mecharm_interfaces/srv/detail/pump_status__traits.hpp\n'}
[0.582553] (mycobot_interfaces) StdoutLine: {'line': b'-- Up-to-date: /home/robotics/ros2_cobot/install/mycobot_interfaces/include/mycobot_interfaces/mycobot_interfaces/srv/set_angles.hpp\n'}
[0.582603] (mycobot_interfaces) StdoutLine: {'line': b'-- Up-to-date: /home/robotics/ros2_cobot/install/mycobot_interfaces/include/mycobot_interfaces/mycobot_interfaces/srv/detail\n'}
[0.582643] (mecharm_interfaces) StdoutLine: {'line': b'-- Up-to-date: /home/robotics/ros2_cobot/install/mecharm_interfaces/include/mecharm_interfaces/mecharm_interfaces/srv/detail/pump_status__type_support.hpp\n'}
[0.582670] (mycobot_interfaces) StdoutLine: {'line': b'-- Up-to-date: /home/robotics/ros2_cobot/install/mycobot_interfaces/include/mycobot_interfaces/mycobot_interfaces/srv/detail/get_angles__traits.hpp\n'}
[0.582704] (mycobot_interfaces) StdoutLine: {'line': b'-- Up-to-date: /home/robotics/ros2_cobot/install/mycobot_interfaces/include/mycobot_interfaces/mycobot_interfaces/srv/detail/get_coords__struct.hpp\n'}
[0.582745] (mycobot_interfaces) StdoutLine: {'line': b'-- Up-to-date: /home/robotics/ros2_cobot/install/mycobot_interfaces/include/mycobot_interfaces/mycobot_interfaces/srv/detail/set_angles__type_support.hpp\n'}
[0.582785] (mycobot_interfaces) StdoutLine: {'line': b'-- Up-to-date: /home/robotics/ros2_cobot/install/mycobot_interfaces/include/mycobot_interfaces/mycobot_interfaces/srv/detail/set_coords__type_support.hpp\n'}
[0.582855] (mycobot_interfaces) StdoutLine: {'line': b'-- Up-to-date: /home/robotics/ros2_cobot/install/mycobot_interfaces/include/mycobot_interfaces/mycobot_interfaces/srv/detail/set_angles__traits.hpp\n'}
[0.582882] (mycobot_interfaces) StdoutLine: {'line': b'-- Up-to-date: /home/robotics/ros2_cobot/install/mycobot_interfaces/include/mycobot_interfaces/mycobot_interfaces/srv/detail/get_angles__struct.hpp\n'}
[0.582909] (mycobot_interfaces) StdoutLine: {'line': b'-- Up-to-date: /home/robotics/ros2_cobot/install/mycobot_interfaces/include/mycobot_interfaces/mycobot_interfaces/srv/detail/get_angles__type_support.hpp\n'}
[0.582936] (mycobot_interfaces) StdoutLine: {'line': b'-- Up-to-date: /home/robotics/ros2_cobot/install/mycobot_interfaces/include/mycobot_interfaces/mycobot_interfaces/srv/detail/gripper_status__struct.hpp\n'}
[0.582960] (mycobot_interfaces) StdoutLine: {'line': b'-- Up-to-date: /home/robotics/ros2_cobot/install/mycobot_interfaces/include/mycobot_interfaces/mycobot_interfaces/srv/detail/gripper_status__type_support.hpp\n'}
[0.582992] (mycobot_interfaces) StdoutLine: {'line': b'-- Up-to-date: /home/robotics/ros2_cobot/install/mycobot_interfaces/include/mycobot_interfaces/mycobot_interfaces/srv/detail/get_coords__traits.hpp\n'}
[0.583017] (mycobot_interfaces) StdoutLine: {'line': b'-- Up-to-date: /home/robotics/ros2_cobot/install/mycobot_interfaces/include/mycobot_interfaces/mycobot_interfaces/srv/detail/gripper_status__builder.hpp\n'}
[0.583434] (mycobot_interfaces) StdoutLine: {'line': b'-- Up-to-date: /home/robotics/ros2_cobot/install/mycobot_interfaces/include/mycobot_interfaces/mycobot_interfaces/srv/detail/pump_status__struct.hpp\n'}
[0.583468] (mycobot_interfaces) StdoutLine: {'line': b'-- Up-to-date: /home/robotics/ros2_cobot/install/mycobot_interfaces/include/mycobot_interfaces/mycobot_interfaces/srv/detail/set_coords__struct.hpp\n'}
[0.583547] (mycobot_interfaces) StdoutLine: {'line': b'-- Up-to-date: /home/robotics/ros2_cobot/install/mycobot_interfaces/include/mycobot_interfaces/mycobot_interfaces/srv/detail/pump_status__traits.hpp\n'}
[0.583573] (mycobot_interfaces) StdoutLine: {'line': b'-- Up-to-date: /home/robotics/ros2_cobot/install/mycobot_interfaces/include/mycobot_interfaces/mycobot_interfaces/srv/detail/pump_status__type_support.hpp\n'}
[0.583598] (mycobot_interfaces) StdoutLine: {'line': b'-- Up-to-date: /home/robotics/ros2_cobot/install/mycobot_interfaces/include/mycobot_interfaces/mycobot_interfaces/srv/detail/get_coords__builder.hpp\n'}
[0.583625] (mycobot_interfaces) StdoutLine: {'line': b'-- Up-to-date: /home/robotics/ros2_cobot/install/mycobot_interfaces/include/mycobot_interfaces/mycobot_interfaces/srv/detail/set_coords__traits.hpp\n'}
[0.583650] (mycobot_interfaces) StdoutLine: {'line': b'-- Up-to-date: /home/robotics/ros2_cobot/install/mycobot_interfaces/include/mycobot_interfaces/mycobot_interfaces/srv/detail/set_angles__builder.hpp\n'}
[0.583677] (mycobot_interfaces) StdoutLine: {'line': b'-- Up-to-date: /home/robotics/ros2_cobot/install/mycobot_interfaces/include/mycobot_interfaces/mycobot_interfaces/srv/detail/set_angles__struct.hpp\n'}
[0.583704] (mycobot_interfaces) StdoutLine: {'line': b'-- Up-to-date: /home/robotics/ros2_cobot/install/mycobot_interfaces/include/mycobot_interfaces/mycobot_interfaces/srv/detail/set_coords__builder.hpp\n'}
[0.583896] (mycobot_interfaces) StdoutLine: {'line': b'-- Up-to-date: /home/robotics/ros2_cobot/install/mycobot_interfaces/include/mycobot_interfaces/mycobot_interfaces/srv/detail/pump_status__builder.hpp\n'}
[0.583932] (mycobot_interfaces) StdoutLine: {'line': b'-- Up-to-date: /home/robotics/ros2_cobot/install/mycobot_interfaces/include/mycobot_interfaces/mycobot_interfaces/srv/detail/gripper_status__traits.hpp\n'}
[0.583957] (mycobot_interfaces) StdoutLine: {'line': b'-- Up-to-date: /home/robotics/ros2_cobot/install/mycobot_interfaces/include/mycobot_interfaces/mycobot_interfaces/srv/detail/get_coords__type_support.hpp\n'}
[0.583982] (mycobot_interfaces) StdoutLine: {'line': b'-- Up-to-date: /home/robotics/ros2_cobot/install/mycobot_interfaces/include/mycobot_interfaces/mycobot_interfaces/srv/detail/get_angles__builder.hpp\n'}
[0.584007] (mycobot_interfaces) StdoutLine: {'line': b'-- Up-to-date: /home/robotics/ros2_cobot/install/mycobot_interfaces/include/mycobot_interfaces/mycobot_interfaces/srv/pump_status.hpp\n'}
[0.584032] (mycobot_interfaces) StdoutLine: {'line': b'-- Up-to-date: /home/robotics/ros2_cobot/install/mycobot_interfaces/include/mycobot_interfaces/mycobot_interfaces/srv/gripper_status.hpp\n'}
[0.584057] (mecharm_interfaces) StdoutLine: {'line': b'-- Up-to-date: /home/robotics/ros2_cobot/install/mecharm_interfaces/include/mecharm_interfaces/mecharm_interfaces/srv/detail/get_coords__builder.hpp\n'}
[0.584112] (mecharm_interfaces) StdoutLine: {'line': b'-- Up-to-date: /home/robotics/ros2_cobot/install/mecharm_interfaces/include/mecharm_interfaces/mecharm_interfaces/srv/detail/set_coords__traits.hpp\n'}
[0.584146] (mecharm_interfaces) StdoutLine: {'line': b'-- Up-to-date: /home/robotics/ros2_cobot/install/mecharm_interfaces/include/mecharm_interfaces/mecharm_interfaces/srv/detail/set_angles__builder.hpp\n'}
[0.584174] (mecharm_interfaces) StdoutLine: {'line': b'-- Up-to-date: /home/robotics/ros2_cobot/install/mecharm_interfaces/include/mecharm_interfaces/mecharm_interfaces/srv/detail/set_angles__struct.hpp\n'}
[0.584199] (mecharm_interfaces) StdoutLine: {'line': b'-- Up-to-date: /home/robotics/ros2_cobot/install/mecharm_interfaces/include/mecharm_interfaces/mecharm_interfaces/srv/detail/set_coords__builder.hpp\n'}
[0.584246] (mecharm_interfaces) StdoutLine: {'line': b'-- Up-to-date: /home/robotics/ros2_cobot/install/mecharm_interfaces/include/mecharm_interfaces/mecharm_interfaces/srv/detail/pump_status__builder.hpp\n'}
[0.584274] (mecharm_interfaces) StdoutLine: {'line': b'-- Up-to-date: /home/robotics/ros2_cobot/install/mecharm_interfaces/include/mecharm_interfaces/mecharm_interfaces/srv/detail/gripper_status__traits.hpp\n'}
[0.584300] (mecharm_interfaces) StdoutLine: {'line': b'-- Up-to-date: /home/robotics/ros2_cobot/install/mecharm_interfaces/include/mecharm_interfaces/mecharm_interfaces/srv/detail/get_coords__type_support.hpp\n'}
[0.584326] (mecharm_interfaces) StdoutLine: {'line': b'-- Up-to-date: /home/robotics/ros2_cobot/install/mecharm_interfaces/include/mecharm_interfaces/mecharm_interfaces/srv/detail/get_angles__builder.hpp\n'}
[0.584351] (mecharm_interfaces) StdoutLine: {'line': b'-- Up-to-date: /home/robotics/ros2_cobot/install/mecharm_interfaces/include/mecharm_interfaces/mecharm_interfaces/srv/pump_status.hpp\n'}
[0.584376] (mecharm_interfaces) StdoutLine: {'line': b'-- Up-to-date: /home/robotics/ros2_cobot/install/mecharm_interfaces/include/mecharm_interfaces/mecharm_interfaces/srv/gripper_status.hpp\n'}
[0.584401] (mecharm_interfaces) StdoutLine: {'line': b'-- Up-to-date: /home/robotics/ros2_cobot/install/mecharm_interfaces/include/mecharm_interfaces/mecharm_interfaces/srv/get_coords.hpp\n'}
[0.584426] (mecharm_interfaces) StdoutLine: {'line': b'-- Up-to-date: /home/robotics/ros2_cobot/install/mecharm_interfaces/include/mecharm_interfaces/mecharm_interfaces/msg\n'}
[0.584451] (mecharm_interfaces) StdoutLine: {'line': b'-- Up-to-date: /home/robotics/ros2_cobot/install/mecharm_interfaces/include/mecharm_interfaces/mecharm_interfaces/msg/rosidl_generator_cpp__visibility_control.hpp\n'}
[0.584476] (mecharm_interfaces) StdoutLine: {'line': b'-- Up-to-date: /home/robotics/ros2_cobot/install/mecharm_interfaces/include/mecharm_interfaces/mecharm_interfaces/msg/detail\n'}
[0.584509] (mecharm_interfaces) StdoutLine: {'line': b'-- Up-to-date: /home/robotics/ros2_cobot/install/mecharm_interfaces/include/mecharm_interfaces/mecharm_interfaces/msg/detail/mecharm_angles__struct.hpp\n'}
[0.584536] (mecharm_interfaces) StdoutLine: {'line': b'-- Up-to-date: /home/robotics/ros2_cobot/install/mecharm_interfaces/include/mecharm_interfaces/mecharm_interfaces/msg/detail/mecharm_angles__builder.hpp\n'}
[0.584617] (mecharm_interfaces) StdoutLine: {'line': b'-- Up-to-date: /home/robotics/ros2_cobot/install/mecharm_interfaces/include/mecharm_interfaces/mecharm_interfaces/msg/detail/mecharm_gripper_status__traits.hpp\n'}
[0.584645] (mecharm_interfaces) StdoutLine: {'line': b'-- Up-to-date: /home/robotics/ros2_cobot/install/mecharm_interfaces/include/mecharm_interfaces/mecharm_interfaces/msg/detail/mecharm_pump_status__traits.hpp\n'}
[0.584670] (mecharm_interfaces) StdoutLine: {'line': b'-- Up-to-date: /home/robotics/ros2_cobot/install/mecharm_interfaces/include/mecharm_interfaces/mecharm_interfaces/msg/detail/mecharm_set_coords__type_support.hpp\n'}
[0.584696] (mecharm_interfaces) StdoutLine: {'line': b'-- Up-to-date: /home/robotics/ros2_cobot/install/mecharm_interfaces/include/mecharm_interfaces/mecharm_interfaces/msg/detail/mecharm_pump_status__builder.hpp\n'}
[0.584721] (mecharm_interfaces) StdoutLine: {'line': b'-- Up-to-date: /home/robotics/ros2_cobot/install/mecharm_interfaces/include/mecharm_interfaces/mecharm_interfaces/msg/detail/mecharm_gripper_status__type_support.hpp\n'}
[0.584746] (mecharm_interfaces) StdoutLine: {'line': b'-- Up-to-date: /home/robotics/ros2_cobot/install/mecharm_interfaces/include/mecharm_interfaces/mecharm_interfaces/msg/detail/mecharm_set_angles__builder.hpp\n'}
[0.584771] (mecharm_interfaces) StdoutLine: {'line': b'-- Up-to-date: /home/robotics/ros2_cobot/install/mecharm_interfaces/include/mecharm_interfaces/mecharm_interfaces/msg/detail/mecharm_gripper_status__builder.hpp\n'}
[0.584796] (mecharm_interfaces) StdoutLine: {'line': b'-- Up-to-date: /home/robotics/ros2_cobot/install/mecharm_interfaces/include/mecharm_interfaces/mecharm_interfaces/msg/detail/mecharm_set_angles__traits.hpp\n'}
[0.584821] (mecharm_interfaces) StdoutLine: {'line': b'-- Up-to-date: /home/robotics/ros2_cobot/install/mecharm_interfaces/include/mecharm_interfaces/mecharm_interfaces/msg/detail/mecharm_pump_status__struct.hpp\n'}
[0.584847] (mecharm_interfaces) StdoutLine: {'line': b'-- Up-to-date: /home/robotics/ros2_cobot/install/mecharm_interfaces/include/mecharm_interfaces/mecharm_interfaces/msg/detail/mecharm_set_coords__builder.hpp\n'}
[0.584871] (mecharm_interfaces) StdoutLine: {'line': b'-- Up-to-date: /home/robotics/ros2_cobot/install/mecharm_interfaces/include/mecharm_interfaces/mecharm_interfaces/msg/detail/mecharm_set_coords__traits.hpp\n'}
[0.584896] (mecharm_interfaces) StdoutLine: {'line': b'-- Up-to-date: /home/robotics/ros2_cobot/install/mecharm_interfaces/include/mecharm_interfaces/mecharm_interfaces/msg/detail/mecharm_coords__struct.hpp\n'}
[0.584920] (mecharm_interfaces) StdoutLine: {'line': b'-- Up-to-date: /home/robotics/ros2_cobot/install/mecharm_interfaces/include/mecharm_interfaces/mecharm_interfaces/msg/detail/mecharm_coords__type_support.hpp\n'}
[0.584945] (mecharm_interfaces) StdoutLine: {'line': b'-- Up-to-date: /home/robotics/ros2_cobot/install/mecharm_interfaces/include/mecharm_interfaces/mecharm_interfaces/msg/detail/mecharm_set_coords__struct.hpp\n'}
[0.584970] (mycobot_interfaces) StdoutLine: {'line': b'-- Up-to-date: /home/robotics/ros2_cobot/install/mycobot_interfaces/include/mycobot_interfaces/mycobot_interfaces/srv/get_coords.hpp\n'}
[0.585040] (mycobot_interfaces) StdoutLine: {'line': b'-- Up-to-date: /home/robotics/ros2_cobot/install/mycobot_interfaces/include/mycobot_interfaces/mycobot_interfaces/msg\n'}
[0.585065] (mycobot_interfaces) StdoutLine: {'line': b'-- Up-to-date: /home/robotics/ros2_cobot/install/mycobot_interfaces/include/mycobot_interfaces/mycobot_interfaces/msg/mycobot_coords.hpp\n'}
[0.585090] (mecharm_interfaces) StdoutLine: {'line': b'-- Up-to-date: /home/robotics/ros2_cobot/install/mecharm_interfaces/include/mecharm_interfaces/mecharm_interfaces/msg/detail/mecharm_coords__builder.hpp\n'}
[0.585283] (mycobot_interfaces) StdoutLine: {'line': b'-- Up-to-date: /home/robotics/ros2_cobot/install/mycobot_interfaces/include/mycobot_interfaces/mycobot_interfaces/msg/rosidl_generator_cpp__visibility_control.hpp\n'}
[0.585359] (mycobot_interfaces) StdoutLine: {'line': b'-- Up-to-date: /home/robotics/ros2_cobot/install/mycobot_interfaces/include/mycobot_interfaces/mycobot_interfaces/msg/detail\n'}
[0.585404] (mecharm_interfaces) StdoutLine: {'line': b'-- Up-to-date: /home/robotics/ros2_cobot/install/mecharm_interfaces/include/mecharm_interfaces/mecharm_interfaces/msg/detail/mecharm_angles__type_support.hpp\n'}
[0.585452] (mecharm_interfaces) StdoutLine: {'line': b'-- Up-to-date: /home/robotics/ros2_cobot/install/mecharm_interfaces/include/mecharm_interfaces/mecharm_interfaces/msg/detail/mecharm_pump_status__type_support.hpp\n'}
[0.585492] (mecharm_interfaces) StdoutLine: {'line': b'-- Up-to-date: /home/robotics/ros2_cobot/install/mecharm_interfaces/include/mecharm_interfaces/mecharm_interfaces/msg/detail/mecharm_angles__traits.hpp\n'}
[0.585530] (mecharm_interfaces) StdoutLine: {'line': b'-- Up-to-date: /home/robotics/ros2_cobot/install/mecharm_interfaces/include/mecharm_interfaces/mecharm_interfaces/msg/detail/mecharm_set_angles__struct.hpp\n'}
[0.585559] (mecharm_interfaces) StdoutLine: {'line': b'-- Up-to-date: /home/robotics/ros2_cobot/install/mecharm_interfaces/include/mecharm_interfaces/mecharm_interfaces/msg/detail/mecharm_set_angles__type_support.hpp\n'}
[0.585586] (mecharm_interfaces) StdoutLine: {'line': b'-- Up-to-date: /home/robotics/ros2_cobot/install/mecharm_interfaces/include/mecharm_interfaces/mecharm_interfaces/msg/detail/mecharm_coords__traits.hpp\n'}
[0.585613] (mecharm_interfaces) StdoutLine: {'line': b'-- Up-to-date: /home/robotics/ros2_cobot/install/mecharm_interfaces/include/mecharm_interfaces/mecharm_interfaces/msg/detail/mecharm_gripper_status__struct.hpp\n'}
[0.585639] (mecharm_interfaces) StdoutLine: {'line': b'-- Up-to-date: /home/robotics/ros2_cobot/install/mecharm_interfaces/include/mecharm_interfaces/mecharm_interfaces/msg/mecharm_coords.hpp\n'}
[0.585664] (mecharm_interfaces) StdoutLine: {'line': b'-- Up-to-date: /home/robotics/ros2_cobot/install/mecharm_interfaces/include/mecharm_interfaces/mecharm_interfaces/msg/mecharm_gripper_status.hpp\n'}
[0.585689] (mecharm_interfaces) StdoutLine: {'line': b'-- Up-to-date: /home/robotics/ros2_cobot/install/mecharm_interfaces/include/mecharm_interfaces/mecharm_interfaces/msg/mecharm_pump_status.hpp\n'}
[0.585795] (mecharm_interfaces) StdoutLine: {'line': b'-- Up-to-date: /home/robotics/ros2_cobot/install/mecharm_interfaces/include/mecharm_interfaces/mecharm_interfaces/msg/mecharm_set_coords.hpp\n'}
[0.585826] (mecharm_interfaces) StdoutLine: {'line': b'-- Up-to-date: /home/robotics/ros2_cobot/install/mecharm_interfaces/include/mecharm_interfaces/mecharm_interfaces/msg/mecharm_angles.hpp\n'}
[0.585853] (mecharm_interfaces) StdoutLine: {'line': b'-- Up-to-date: /home/robotics/ros2_cobot/install/mecharm_interfaces/include/mecharm_interfaces/mecharm_interfaces/msg/mecharm_set_angles.hpp\n'}
[0.585879] (mecharm_interfaces) StdoutLine: {'line': b'-- Up-to-date: /home/robotics/ros2_cobot/install/mecharm_interfaces/include/mecharm_interfaces/mecharm_interfaces\n'}
[0.585905] (mecharm_interfaces) StdoutLine: {'line': b'-- Up-to-date: /home/robotics/ros2_cobot/install/mecharm_interfaces/include/mecharm_interfaces/mecharm_interfaces/srv\n'}
[0.585931] (mecharm_interfaces) StdoutLine: {'line': b'-- Up-to-date: /home/robotics/ros2_cobot/install/mecharm_interfaces/include/mecharm_interfaces/mecharm_interfaces/srv/detail\n'}
[0.585956] (mecharm_interfaces) StdoutLine: {'line': b'-- Up-to-date: /home/robotics/ros2_cobot/install/mecharm_interfaces/include/mecharm_interfaces/mecharm_interfaces/srv/detail/dds_fastrtps\n'}
[0.585982] (mecharm_interfaces) StdoutLine: {'line': b'-- Up-to-date: /home/robotics/ros2_cobot/install/mecharm_interfaces/include/mecharm_interfaces/mecharm_interfaces/srv/detail/pump_status__rosidl_typesupport_fastrtps_cpp.hpp\n'}
[0.586011] (mecharm_interfaces) StdoutLine: {'line': b'-- Up-to-date: /home/robotics/ros2_cobot/install/mecharm_interfaces/include/mecharm_interfaces/mecharm_interfaces/srv/detail/gripper_status__rosidl_typesupport_fastrtps_cpp.hpp\n'}
[0.586037] (mecharm_interfaces) StdoutLine: {'line': b'-- Up-to-date: /home/robotics/ros2_cobot/install/mecharm_interfaces/include/mecharm_interfaces/mecharm_interfaces/srv/detail/set_coords__rosidl_typesupport_fastrtps_cpp.hpp\n'}
[0.586216] (mecharm_interfaces) StdoutLine: {'line': b'-- Up-to-date: /home/robotics/ros2_cobot/install/mecharm_interfaces/include/mecharm_interfaces/mecharm_interfaces/srv/detail/get_coords__rosidl_typesupport_fastrtps_cpp.hpp\n'}
[0.586249] (mecharm_interfaces) StdoutLine: {'line': b'-- Up-to-date: /home/robotics/ros2_cobot/install/mecharm_interfaces/include/mecharm_interfaces/mecharm_interfaces/srv/detail/set_angles__rosidl_typesupport_fastrtps_cpp.hpp\n'}
[0.586275] (mecharm_interfaces) StdoutLine: {'line': b'-- Up-to-date: /home/robotics/ros2_cobot/install/mecharm_interfaces/include/mecharm_interfaces/mecharm_interfaces/srv/detail/get_angles__rosidl_typesupport_fastrtps_cpp.hpp\n'}
[0.586299] (mecharm_interfaces) StdoutLine: {'line': b'-- Up-to-date: /home/robotics/ros2_cobot/install/mecharm_interfaces/include/mecharm_interfaces/mecharm_interfaces/msg\n'}
[0.586324] (mecharm_interfaces) StdoutLine: {'line': b'-- Up-to-date: /home/robotics/ros2_cobot/install/mecharm_interfaces/include/mecharm_interfaces/mecharm_interfaces/msg/detail\n'}
[0.586349] (mecharm_interfaces) StdoutLine: {'line': b'-- Up-to-date: /home/robotics/ros2_cobot/install/mecharm_interfaces/include/mecharm_interfaces/mecharm_interfaces/msg/detail/dds_fastrtps\n'}
[0.586373] (mecharm_interfaces) StdoutLine: {'line': b'-- Up-to-date: /home/robotics/ros2_cobot/install/mecharm_interfaces/include/mecharm_interfaces/mecharm_interfaces/msg/detail/mecharm_pump_status__rosidl_typesupport_fastrtps_cpp.hpp\n'}
[0.586419] (mecharm_interfaces) StdoutLine: {'line': b'-- Up-to-date: /home/robotics/ros2_cobot/install/mecharm_interfaces/include/mecharm_interfaces/mecharm_interfaces/msg/detail/mecharm_angles__rosidl_typesupport_fastrtps_cpp.hpp\n'}
[0.586444] (mecharm_interfaces) StdoutLine: {'line': b'-- Up-to-date: /home/robotics/ros2_cobot/install/mecharm_interfaces/include/mecharm_interfaces/mecharm_interfaces/msg/detail/mecharm_set_coords__rosidl_typesupport_fastrtps_cpp.hpp\n'}
[0.586469] (mecharm_interfaces) StdoutLine: {'line': b'-- Up-to-date: /home/robotics/ros2_cobot/install/mecharm_interfaces/include/mecharm_interfaces/mecharm_interfaces/msg/detail/mecharm_set_angles__rosidl_typesupport_fastrtps_cpp.hpp\n'}
[0.586493] (mecharm_interfaces) StdoutLine: {'line': b'-- Up-to-date: /home/robotics/ros2_cobot/install/mecharm_interfaces/include/mecharm_interfaces/mecharm_interfaces/msg/detail/mecharm_coords__rosidl_typesupport_fastrtps_cpp.hpp\n'}
[0.586518] (mecharm_interfaces) StdoutLine: {'line': b'-- Up-to-date: /home/robotics/ros2_cobot/install/mecharm_interfaces/include/mecharm_interfaces/mecharm_interfaces/msg/detail/mecharm_gripper_status__rosidl_typesupport_fastrtps_cpp.hpp\n'}
[0.586543] (mecharm_interfaces) StdoutLine: {'line': b'-- Up-to-date: /home/robotics/ros2_cobot/install/mecharm_interfaces/include/mecharm_interfaces/mecharm_interfaces/msg/rosidl_typesupport_fastrtps_cpp__visibility_control.h\n'}
[0.586569] (mycobot_interfaces) StdoutLine: {'line': b'-- Up-to-date: /home/robotics/ros2_cobot/install/mycobot_interfaces/include/mycobot_interfaces/mycobot_interfaces/msg/detail/mycobot_gripper_status__builder.hpp\n'}
[0.586603] (mycobot_interfaces) StdoutLine: {'line': b'-- Up-to-date: /home/robotics/ros2_cobot/install/mycobot_interfaces/include/mycobot_interfaces/mycobot_interfaces/msg/detail/mycobot_coords__type_support.hpp\n'}
[0.586629] (mycobot_interfaces) StdoutLine: {'line': b'-- Up-to-date: /home/robotics/ros2_cobot/install/mycobot_interfaces/include/mycobot_interfaces/mycobot_interfaces/msg/detail/mycobot_gripper_status__struct.hpp\n'}
[0.586754] (mycobot_interfaces) StdoutLine: {'line': b'-- Up-to-date: /home/robotics/ros2_cobot/install/mycobot_interfaces/include/mycobot_interfaces/mycobot_interfaces/msg/detail/mycobot_set_angles__type_support.hpp\n'}
[0.586780] (mycobot_interfaces) StdoutLine: {'line': b'-- Up-to-date: /home/robotics/ros2_cobot/install/mycobot_interfaces/include/mycobot_interfaces/mycobot_interfaces/msg/detail/mycobot_coords__struct.hpp\n'}
[0.586805] (mycobot_interfaces) StdoutLine: {'line': b'-- Up-to-date: /home/robotics/ros2_cobot/install/mycobot_interfaces/include/mycobot_interfaces/mycobot_interfaces/msg/detail/mycobot_gripper_status__type_support.hpp\n'}
[0.586830] (mycobot_interfaces) StdoutLine: {'line': b'-- Up-to-date: /home/robotics/ros2_cobot/install/mycobot_interfaces/include/mycobot_interfaces/mycobot_interfaces/msg/detail/mycobot_pump_status__type_support.hpp\n'}
[0.586854] (mycobot_interfaces) StdoutLine: {'line': b'-- Up-to-date: /home/robotics/ros2_cobot/install/mycobot_interfaces/include/mycobot_interfaces/mycobot_interfaces/msg/detail/mycobot_angles__struct.hpp\n'}
[0.586880] (mycobot_interfaces) StdoutLine: {'line': b'-- Up-to-date: /home/robotics/ros2_cobot/install/mycobot_interfaces/include/mycobot_interfaces/mycobot_interfaces/msg/detail/mycobot_set_coords__struct.hpp\n'}
[0.586905] (mycobot_interfaces) StdoutLine: {'line': b'-- Up-to-date: /home/robotics/ros2_cobot/install/mycobot_interfaces/include/mycobot_interfaces/mycobot_interfaces/msg/detail/mycobot_set_coords__builder.hpp\n'}
[0.586931] (mycobot_interfaces) StdoutLine: {'line': b'-- Up-to-date: /home/robotics/ros2_cobot/install/mycobot_interfaces/include/mycobot_interfaces/mycobot_interfaces/msg/detail/mycobot_gripper_status__traits.hpp\n'}
[0.586955] (mycobot_interfaces) StdoutLine: {'line': b'-- Up-to-date: /home/robotics/ros2_cobot/install/mycobot_interfaces/include/mycobot_interfaces/mycobot_interfaces/msg/detail/mycobot_set_coords__traits.hpp\n'}
[0.586980] (mycobot_interfaces) StdoutLine: {'line': b'-- Up-to-date: /home/robotics/ros2_cobot/install/mycobot_interfaces/include/mycobot_interfaces/mycobot_interfaces/msg/detail/mycobot_set_angles__builder.hpp\n'}
[0.587004] (mycobot_interfaces) StdoutLine: {'line': b'-- Up-to-date: /home/robotics/ros2_cobot/install/mycobot_interfaces/include/mycobot_interfaces/mycobot_interfaces/msg/detail/mycobot_coords__builder.hpp\n'}
[0.587029] (mycobot_interfaces) StdoutLine: {'line': b'-- Up-to-date: /home/robotics/ros2_cobot/install/mycobot_interfaces/include/mycobot_interfaces/mycobot_interfaces/msg/detail/mycobot_set_angles__struct.hpp\n'}
[0.587053] (mycobot_interfaces) StdoutLine: {'line': b'-- Up-to-date: /home/robotics/ros2_cobot/install/mycobot_interfaces/include/mycobot_interfaces/mycobot_interfaces/msg/detail/mycobot_angles__traits.hpp\n'}
[0.587089] (mycobot_interfaces) StdoutLine: {'line': b'-- Up-to-date: /home/robotics/ros2_cobot/install/mycobot_interfaces/include/mycobot_interfaces/mycobot_interfaces/msg/detail/mycobot_set_angles__traits.hpp\n'}
[0.587114] (mycobot_interfaces) StdoutLine: {'line': b'-- Up-to-date: /home/robotics/ros2_cobot/install/mycobot_interfaces/include/mycobot_interfaces/mycobot_interfaces/msg/detail/mycobot_set_coords__type_support.hpp\n'}
[0.587157] (mycobot_interfaces) StdoutLine: {'line': b'-- Up-to-date: /home/robotics/ros2_cobot/install/mycobot_interfaces/include/mycobot_interfaces/mycobot_interfaces/msg/detail/mycobot_pump_status__builder.hpp\n'}
[0.587186] (mycobot_interfaces) StdoutLine: {'line': b'-- Up-to-date: /home/robotics/ros2_cobot/install/mycobot_interfaces/include/mycobot_interfaces/mycobot_interfaces/msg/detail/mycobot_angles__type_support.hpp\n'}
[0.587210] (mycobot_interfaces) StdoutLine: {'line': b'-- Up-to-date: /home/robotics/ros2_cobot/install/mycobot_interfaces/include/mycobot_interfaces/mycobot_interfaces/msg/detail/mycobot_pump_status__struct.hpp\n'}
[0.587235] (mycobot_interfaces) StdoutLine: {'line': b'-- Up-to-date: /home/robotics/ros2_cobot/install/mycobot_interfaces/include/mycobot_interfaces/mycobot_interfaces/msg/detail/mycobot_coords__traits.hpp\n'}
[0.587315] (mycobot_interfaces) StdoutLine: {'line': b'-- Up-to-date: /home/robotics/ros2_cobot/install/mycobot_interfaces/include/mycobot_interfaces/mycobot_interfaces/msg/detail/mycobot_angles__builder.hpp\n'}
[0.587340] (mycobot_interfaces) StdoutLine: {'line': b'-- Up-to-date: /home/robotics/ros2_cobot/install/mycobot_interfaces/include/mycobot_interfaces/mycobot_interfaces/msg/detail/mycobot_pump_status__traits.hpp\n'}
[0.587367] (mycobot_interfaces) StdoutLine: {'line': b'-- Up-to-date: /home/robotics/ros2_cobot/install/mycobot_interfaces/include/mycobot_interfaces/mycobot_interfaces/msg/mycobot_pump_status.hpp\n'}
[0.587393] (mycobot_interfaces) StdoutLine: {'line': b'-- Up-to-date: /home/robotics/ros2_cobot/install/mycobot_interfaces/include/mycobot_interfaces/mycobot_interfaces/msg/mycobot_set_coords.hpp\n'}
[0.587434] (mycobot_interfaces) StdoutLine: {'line': b'-- Up-to-date: /home/robotics/ros2_cobot/install/mycobot_interfaces/include/mycobot_interfaces/mycobot_interfaces/msg/mycobot_set_angles.hpp\n'}
[0.587461] (mecharm_interfaces) StdoutLine: {'line': b'-- Up-to-date: /home/robotics/ros2_cobot/install/mecharm_interfaces/lib/libmecharm_interfaces__rosidl_typesupport_fastrtps_cpp.so\n'}
[0.587495] (mecharm_interfaces) StdoutLine: {'line': b'-- Up-to-date: /home/robotics/ros2_cobot/install/mecharm_interfaces/include/mecharm_interfaces/mecharm_interfaces\n'}
[0.587523] (mecharm_interfaces) StdoutLine: {'line': b'-- Up-to-date: /home/robotics/ros2_cobot/install/mecharm_interfaces/include/mecharm_interfaces/mecharm_interfaces/srv\n'}
[0.587549] (mecharm_interfaces) StdoutLine: {'line': b'-- Up-to-date: /home/robotics/ros2_cobot/install/mecharm_interfaces/include/mecharm_interfaces/mecharm_interfaces/srv/detail\n'}
[0.587574] (mycobot_interfaces) StdoutLine: {'line': b'-- Up-to-date: /home/robotics/ros2_cobot/install/mycobot_interfaces/include/mycobot_interfaces/mycobot_interfaces/msg/mycobot_angles.hpp\n'}
[0.587600] (mycobot_interfaces) StdoutLine: {'line': b'-- Up-to-date: /home/robotics/ros2_cobot/install/mycobot_interfaces/include/mycobot_interfaces/mycobot_interfaces/msg/mycobot_gripper_status.hpp\n'}
[0.587627] (mycobot_interfaces) StdoutLine: {'line': b'-- Up-to-date: /home/robotics/ros2_cobot/install/mycobot_interfaces/include/mycobot_interfaces/mycobot_interfaces\n'}
[0.587654] (mycobot_interfaces) StdoutLine: {'line': b'-- Up-to-date: /home/robotics/ros2_cobot/install/mycobot_interfaces/include/mycobot_interfaces/mycobot_interfaces/srv\n'}
[0.587679] (mycobot_interfaces) StdoutLine: {'line': b'-- Up-to-date: /home/robotics/ros2_cobot/install/mycobot_interfaces/include/mycobot_interfaces/mycobot_interfaces/srv/detail\n'}
[0.587704] (mycobot_interfaces) StdoutLine: {'line': b'-- Up-to-date: /home/robotics/ros2_cobot/install/mycobot_interfaces/include/mycobot_interfaces/mycobot_interfaces/srv/detail/dds_fastrtps\n'}
[0.587728] (mycobot_interfaces) StdoutLine: {'line': b'-- Up-to-date: /home/robotics/ros2_cobot/install/mycobot_interfaces/include/mycobot_interfaces/mycobot_interfaces/srv/detail/pump_status__rosidl_typesupport_fastrtps_cpp.hpp\n'}
[0.587753] (mycobot_interfaces) StdoutLine: {'line': b'-- Up-to-date: /home/robotics/ros2_cobot/install/mycobot_interfaces/include/mycobot_interfaces/mycobot_interfaces/srv/detail/gripper_status__rosidl_typesupport_fastrtps_cpp.hpp\n'}
[0.587778] (mycobot_interfaces) StdoutLine: {'line': b'-- Up-to-date: /home/robotics/ros2_cobot/install/mycobot_interfaces/include/mycobot_interfaces/mycobot_interfaces/srv/detail/set_coords__rosidl_typesupport_fastrtps_cpp.hpp\n'}
[0.587803] (mycobot_interfaces) StdoutLine: {'line': b'-- Up-to-date: /home/robotics/ros2_cobot/install/mycobot_interfaces/include/mycobot_interfaces/mycobot_interfaces/srv/detail/get_coords__rosidl_typesupport_fastrtps_cpp.hpp\n'}
[0.587828] (mycobot_interfaces) StdoutLine: {'line': b'-- Up-to-date: /home/robotics/ros2_cobot/install/mycobot_interfaces/include/mycobot_interfaces/mycobot_interfaces/srv/detail/set_angles__rosidl_typesupport_fastrtps_cpp.hpp\n'}
[0.587857] (mycobot_interfaces) StdoutLine: {'line': b'-- Up-to-date: /home/robotics/ros2_cobot/install/mycobot_interfaces/include/mycobot_interfaces/mycobot_interfaces/srv/detail/get_angles__rosidl_typesupport_fastrtps_cpp.hpp\n'}
[0.587882] (mycobot_interfaces) StdoutLine: {'line': b'-- Up-to-date: /home/robotics/ros2_cobot/install/mycobot_interfaces/include/mycobot_interfaces/mycobot_interfaces/msg\n'}
[0.587906] (mycobot_interfaces) StdoutLine: {'line': b'-- Up-to-date: /home/robotics/ros2_cobot/install/mycobot_interfaces/include/mycobot_interfaces/mycobot_interfaces/msg/detail\n'}
[0.587931] (mycobot_interfaces) StdoutLine: {'line': b'-- Up-to-date: /home/robotics/ros2_cobot/install/mycobot_interfaces/include/mycobot_interfaces/mycobot_interfaces/msg/detail/dds_fastrtps\n'}
[0.587955] (mycobot_interfaces) StdoutLine: {'line': b'-- Up-to-date: /home/robotics/ros2_cobot/install/mycobot_interfaces/include/mycobot_interfaces/mycobot_interfaces/msg/detail/mycobot_gripper_status__rosidl_typesupport_fastrtps_cpp.hpp\n'}
[0.587987] (mycobot_interfaces) StdoutLine: {'line': b'-- Up-to-date: /home/robotics/ros2_cobot/install/mycobot_interfaces/include/mycobot_interfaces/mycobot_interfaces/msg/detail/mycobot_coords__rosidl_typesupport_fastrtps_cpp.hpp\n'}
[0.588012] (mycobot_interfaces) StdoutLine: {'line': b'-- Up-to-date: /home/robotics/ros2_cobot/install/mycobot_interfaces/include/mycobot_interfaces/mycobot_interfaces/msg/detail/mycobot_pump_status__rosidl_typesupport_fastrtps_cpp.hpp\n'}
[0.588037] (mycobot_interfaces) StdoutLine: {'line': b'-- Up-to-date: /home/robotics/ros2_cobot/install/mycobot_interfaces/include/mycobot_interfaces/mycobot_interfaces/msg/detail/mycobot_set_coords__rosidl_typesupport_fastrtps_cpp.hpp\n'}
[0.588062] (mycobot_interfaces) StdoutLine: {'line': b'-- Up-to-date: /home/robotics/ros2_cobot/install/mycobot_interfaces/include/mycobot_interfaces/mycobot_interfaces/msg/detail/mycobot_set_angles__rosidl_typesupport_fastrtps_cpp.hpp\n'}
[0.588088] (mycobot_interfaces) StdoutLine: {'line': b'-- Up-to-date: /home/robotics/ros2_cobot/install/mycobot_interfaces/include/mycobot_interfaces/mycobot_interfaces/msg/detail/mycobot_angles__rosidl_typesupport_fastrtps_cpp.hpp\n'}
[0.588112] (mycobot_interfaces) StdoutLine: {'line': b'-- Up-to-date: /home/robotics/ros2_cobot/install/mycobot_interfaces/include/mycobot_interfaces/mycobot_interfaces/msg/rosidl_typesupport_fastrtps_cpp__visibility_control.h\n'}
[0.588187] (mecharm_interfaces) StdoutLine: {'line': b'-- Up-to-date: /home/robotics/ros2_cobot/install/mecharm_interfaces/include/mecharm_interfaces/mecharm_interfaces/srv/detail/get_coords__rosidl_typesupport_introspection_cpp.hpp\n'}
[0.588219] (mecharm_interfaces) StdoutLine: {'line': b'-- Up-to-date: /home/robotics/ros2_cobot/install/mecharm_interfaces/include/mecharm_interfaces/mecharm_interfaces/srv/detail/get_coords__type_support.cpp\n'}
[0.588245] (mecharm_interfaces) StdoutLine: {'line': b'-- Up-to-date: /home/robotics/ros2_cobot/install/mecharm_interfaces/include/mecharm_interfaces/mecharm_interfaces/srv/detail/set_angles__rosidl_typesupport_introspection_cpp.hpp\n'}
[0.588271] (mecharm_interfaces) StdoutLine: {'line': b'-- Up-to-date: /home/robotics/ros2_cobot/install/mecharm_interfaces/include/mecharm_interfaces/mecharm_interfaces/srv/detail/pump_status__type_support.cpp\n'}
[0.588298] (mecharm_interfaces) StdoutLine: {'line': b'-- Up-to-date: /home/robotics/ros2_cobot/install/mecharm_interfaces/include/mecharm_interfaces/mecharm_interfaces/srv/detail/pump_status__rosidl_typesupport_introspection_cpp.hpp\n'}
[0.588323] (mecharm_interfaces) StdoutLine: {'line': b'-- Up-to-date: /home/robotics/ros2_cobot/install/mecharm_interfaces/include/mecharm_interfaces/mecharm_interfaces/srv/detail/gripper_status__rosidl_typesupport_introspection_cpp.hpp\n'}
[0.588348] (mecharm_interfaces) StdoutLine: {'line': b'-- Up-to-date: /home/robotics/ros2_cobot/install/mecharm_interfaces/include/mecharm_interfaces/mecharm_interfaces/srv/detail/get_angles__rosidl_typesupport_introspection_cpp.hpp\n'}
[0.588676] (mecharm_interfaces) StdoutLine: {'line': b'-- Up-to-date: /home/robotics/ros2_cobot/install/mecharm_interfaces/include/mecharm_interfaces/mecharm_interfaces/srv/detail/get_angles__type_support.cpp\n'}
[0.588704] (mecharm_interfaces) StdoutLine: {'line': b'-- Up-to-date: /home/robotics/ros2_cobot/install/mecharm_interfaces/include/mecharm_interfaces/mecharm_interfaces/srv/detail/set_angles__type_support.cpp\n'}
[0.588731] (mecharm_interfaces) StdoutLine: {'line': b'-- Up-to-date: /home/robotics/ros2_cobot/install/mecharm_interfaces/include/mecharm_interfaces/mecharm_interfaces/srv/detail/set_coords__rosidl_typesupport_introspection_cpp.hpp\n'}
[0.588757] (mecharm_interfaces) StdoutLine: {'line': b'-- Up-to-date: /home/robotics/ros2_cobot/install/mecharm_interfaces/include/mecharm_interfaces/mecharm_interfaces/srv/detail/gripper_status__type_support.cpp\n'}
[0.588783] (mecharm_interfaces) StdoutLine: {'line': b'-- Up-to-date: /home/robotics/ros2_cobot/install/mecharm_interfaces/include/mecharm_interfaces/mecharm_interfaces/srv/detail/set_coords__type_support.cpp\n'}
[0.588809] (mecharm_interfaces) StdoutLine: {'line': b'-- Up-to-date: /home/robotics/ros2_cobot/install/mecharm_interfaces/include/mecharm_interfaces/mecharm_interfaces/msg\n'}
[0.588834] (mecharm_interfaces) StdoutLine: {'line': b'-- Up-to-date: /home/robotics/ros2_cobot/install/mecharm_interfaces/include/mecharm_interfaces/mecharm_interfaces/msg/detail\n'}
[0.588857] (mecharm_interfaces) StdoutLine: {'line': b'-- Up-to-date: /home/robotics/ros2_cobot/install/mecharm_interfaces/include/mecharm_interfaces/mecharm_interfaces/msg/detail/mecharm_set_coords__type_support.cpp\n'}
[0.588883] (mecharm_interfaces) StdoutLine: {'line': b'-- Up-to-date: /home/robotics/ros2_cobot/install/mecharm_interfaces/include/mecharm_interfaces/mecharm_interfaces/msg/detail/mecharm_angles__rosidl_typesupport_introspection_cpp.hpp\n'}
[0.588920] (mecharm_interfaces) StdoutLine: {'line': b'-- Up-to-date: /home/robotics/ros2_cobot/install/mecharm_interfaces/include/mecharm_interfaces/mecharm_interfaces/msg/detail/mecharm_gripper_status__type_support.cpp\n'}
[0.588952] (mycobot_interfaces) StdoutLine: {'line': b'-- Up-to-date: /home/robotics/ros2_cobot/install/mycobot_interfaces/lib/libmycobot_interfaces__rosidl_typesupport_fastrtps_cpp.so\n'}
[0.588997] (mycobot_interfaces) StdoutLine: {'line': b'-- Up-to-date: /home/robotics/ros2_cobot/install/mycobot_interfaces/include/mycobot_interfaces/mycobot_interfaces\n'}
[0.589120] (mecharm_interfaces) StdoutLine: {'line': b'-- Up-to-date: /home/robotics/ros2_cobot/install/mecharm_interfaces/include/mecharm_interfaces/mecharm_interfaces/msg/detail/mecharm_coords__rosidl_typesupport_introspection_cpp.hpp\n'}
[0.589183] (mecharm_interfaces) StdoutLine: {'line': b'-- Up-to-date: /home/robotics/ros2_cobot/install/mecharm_interfaces/include/mecharm_interfaces/mecharm_interfaces/msg/detail/mecharm_set_coords__rosidl_typesupport_introspection_cpp.hpp\n'}
[0.589213] (mycobot_interfaces) StdoutLine: {'line': b'-- Up-to-date: /home/robotics/ros2_cobot/install/mycobot_interfaces/include/mycobot_interfaces/mycobot_interfaces/srv\n'}
[0.589250] (mecharm_interfaces) StdoutLine: {'line': b'-- Up-to-date: /home/robotics/ros2_cobot/install/mecharm_interfaces/include/mecharm_interfaces/mecharm_interfaces/msg/detail/mecharm_set_angles__type_support.cpp\n'}
[0.589276] (mecharm_interfaces) StdoutLine: {'line': b'-- Up-to-date: /home/robotics/ros2_cobot/install/mecharm_interfaces/include/mecharm_interfaces/mecharm_interfaces/msg/detail/mecharm_gripper_status__rosidl_typesupport_introspection_cpp.hpp\n'}
[0.589301] (mecharm_interfaces) StdoutLine: {'line': b'-- Up-to-date: /home/robotics/ros2_cobot/install/mecharm_interfaces/include/mecharm_interfaces/mecharm_interfaces/msg/detail/mecharm_coords__type_support.cpp\n'}
[0.589329] (mecharm_interfaces) StdoutLine: {'line': b'-- Up-to-date: /home/robotics/ros2_cobot/install/mecharm_interfaces/include/mecharm_interfaces/mecharm_interfaces/msg/detail/mecharm_pump_status__rosidl_typesupport_introspection_cpp.hpp\n'}
[0.589373] (mecharm_interfaces) StdoutLine: {'line': b'-- Up-to-date: /home/robotics/ros2_cobot/install/mecharm_interfaces/include/mecharm_interfaces/mecharm_interfaces/msg/detail/mecharm_pump_status__type_support.cpp\n'}
[0.589426] (mecharm_interfaces) StdoutLine: {'line': b'-- Up-to-date: /home/robotics/ros2_cobot/install/mecharm_interfaces/include/mecharm_interfaces/mecharm_interfaces/msg/detail/mecharm_set_angles__rosidl_typesupport_introspection_cpp.hpp\n'}
[0.589489] (mecharm_interfaces) StdoutLine: {'line': b'-- Up-to-date: /home/robotics/ros2_cobot/install/mecharm_interfaces/include/mecharm_interfaces/mecharm_interfaces/msg/detail/mecharm_angles__type_support.cpp\n'}
[0.589633] (mycobot_interfaces) StdoutLine: {'line': b'-- Up-to-date: /home/robotics/ros2_cobot/install/mycobot_interfaces/include/mycobot_interfaces/mycobot_interfaces/srv/detail\n'}
[0.589697] (mycobot_interfaces) StdoutLine: {'line': b'-- Up-to-date: /home/robotics/ros2_cobot/install/mycobot_interfaces/include/mycobot_interfaces/mycobot_interfaces/srv/detail/get_coords__rosidl_typesupport_introspection_cpp.hpp\n'}
[0.589772] (mycobot_interfaces) StdoutLine: {'line': b'-- Up-to-date: /home/robotics/ros2_cobot/install/mycobot_interfaces/include/mycobot_interfaces/mycobot_interfaces/srv/detail/get_coords__type_support.cpp\n'}
[0.589913] (mycobot_interfaces) StdoutLine: {'line': b'-- Up-to-date: /home/robotics/ros2_cobot/install/mycobot_interfaces/include/mycobot_interfaces/mycobot_interfaces/srv/detail/set_angles__rosidl_typesupport_introspection_cpp.hpp\n'}
[0.589974] (mycobot_interfaces) StdoutLine: {'line': b'-- Up-to-date: /home/robotics/ros2_cobot/install/mycobot_interfaces/include/mycobot_interfaces/mycobot_interfaces/srv/detail/pump_status__type_support.cpp\n'}
[0.590038] (mycobot_interfaces) StdoutLine: {'line': b'-- Up-to-date: /home/robotics/ros2_cobot/install/mycobot_interfaces/include/mycobot_interfaces/mycobot_interfaces/srv/detail/pump_status__rosidl_typesupport_introspection_cpp.hpp\n'}
[0.590125] (mycobot_interfaces) StdoutLine: {'line': b'-- Up-to-date: /home/robotics/ros2_cobot/install/mycobot_interfaces/include/mycobot_interfaces/mycobot_interfaces/srv/detail/gripper_status__rosidl_typesupport_introspection_cpp.hpp\n'}
[0.590380] (mycobot_interfaces) StdoutLine: {'line': b'-- Up-to-date: /home/robotics/ros2_cobot/install/mycobot_interfaces/include/mycobot_interfaces/mycobot_interfaces/srv/detail/get_angles__rosidl_typesupport_introspection_cpp.hpp\n'}
[0.590453] (mycobot_interfaces) StdoutLine: {'line': b'-- Up-to-date: /home/robotics/ros2_cobot/install/mycobot_interfaces/include/mycobot_interfaces/mycobot_interfaces/srv/detail/get_angles__type_support.cpp\n'}
[0.590516] (mycobot_interfaces) StdoutLine: {'line': b'-- Up-to-date: /home/robotics/ros2_cobot/install/mycobot_interfaces/include/mycobot_interfaces/mycobot_interfaces/srv/detail/set_angles__type_support.cpp\n'}
[0.590595] (mycobot_interfaces) StdoutLine: {'line': b'-- Up-to-date: /home/robotics/ros2_cobot/install/mycobot_interfaces/include/mycobot_interfaces/mycobot_interfaces/srv/detail/set_coords__rosidl_typesupport_introspection_cpp.hpp\n'}
[0.590739] (mycobot_interfaces) StdoutLine: {'line': b'-- Up-to-date: /home/robotics/ros2_cobot/install/mycobot_interfaces/include/mycobot_interfaces/mycobot_interfaces/srv/detail/gripper_status__type_support.cpp\n'}
[0.590935] (mycobot_interfaces) StdoutLine: {'line': b'-- Up-to-date: /home/robotics/ros2_cobot/install/mycobot_interfaces/include/mycobot_interfaces/mycobot_interfaces/srv/detail/set_coords__type_support.cpp\n'}
[0.591345] (mycobot_interfaces) StdoutLine: {'line': b'-- Up-to-date: /home/robotics/ros2_cobot/install/mycobot_interfaces/include/mycobot_interfaces/mycobot_interfaces/msg\n'}
[0.591593] (mycobot_interfaces) StdoutLine: {'line': b'-- Up-to-date: /home/robotics/ros2_cobot/install/mycobot_interfaces/include/mycobot_interfaces/mycobot_interfaces/msg/detail\n'}
[0.591656] (mycobot_interfaces) StdoutLine: {'line': b'-- Up-to-date: /home/robotics/ros2_cobot/install/mycobot_interfaces/include/mycobot_interfaces/mycobot_interfaces/msg/detail/mycobot_coords__rosidl_typesupport_introspection_cpp.hpp\n'}
[0.591738] (mecharm_interfaces) StdoutLine: {'line': b'-- Up-to-date: /home/robotics/ros2_cobot/install/mecharm_interfaces/lib/libmecharm_interfaces__rosidl_typesupport_introspection_cpp.so\n'}
[0.592027] (mycobot_interfaces) StdoutLine: {'line': b'-- Up-to-date: /home/robotics/ros2_cobot/install/mycobot_interfaces/include/mycobot_interfaces/mycobot_interfaces/msg/detail/mycobot_angles__rosidl_typesupport_introspection_cpp.hpp\n'}
[0.592101] (mycobot_interfaces) StdoutLine: {'line': b'-- Up-to-date: /home/robotics/ros2_cobot/install/mycobot_interfaces/include/mycobot_interfaces/mycobot_interfaces/msg/detail/mycobot_angles__type_support.cpp\n'}
[0.592240] (mycobot_interfaces) StdoutLine: {'line': b'-- Up-to-date: /home/robotics/ros2_cobot/install/mycobot_interfaces/include/mycobot_interfaces/mycobot_interfaces/msg/detail/mycobot_set_angles__rosidl_typesupport_introspection_cpp.hpp\n'}
[0.592428] (mycobot_interfaces) StdoutLine: {'line': b'-- Up-to-date: /home/robotics/ros2_cobot/install/mycobot_interfaces/include/mycobot_interfaces/mycobot_interfaces/msg/detail/mycobot_pump_status__type_support.cpp\n'}
[0.592483] (mycobot_interfaces) StdoutLine: {'line': b'-- Up-to-date: /home/robotics/ros2_cobot/install/mycobot_interfaces/include/mycobot_interfaces/mycobot_interfaces/msg/detail/mycobot_coords__type_support.cpp\n'}
[0.592537] (mycobot_interfaces) StdoutLine: {'line': b'-- Up-to-date: /home/robotics/ros2_cobot/install/mycobot_interfaces/include/mycobot_interfaces/mycobot_interfaces/msg/detail/mycobot_set_coords__rosidl_typesupport_introspection_cpp.hpp\n'}
[0.592589] (mycobot_interfaces) StdoutLine: {'line': b'-- Up-to-date: /home/robotics/ros2_cobot/install/mycobot_interfaces/include/mycobot_interfaces/mycobot_interfaces/msg/detail/mycobot_pump_status__rosidl_typesupport_introspection_cpp.hpp\n'}
[0.592647] (mycobot_interfaces) StdoutLine: {'line': b'-- Up-to-date: /home/robotics/ros2_cobot/install/mycobot_interfaces/include/mycobot_interfaces/mycobot_interfaces/msg/detail/mycobot_gripper_status__type_support.cpp\n'}
[0.592699] (mycobot_interfaces) StdoutLine: {'line': b'-- Up-to-date: /home/robotics/ros2_cobot/install/mycobot_interfaces/include/mycobot_interfaces/mycobot_interfaces/msg/detail/mycobot_set_angles__type_support.cpp\n'}
[0.592752] (mycobot_interfaces) StdoutLine: {'line': b'-- Up-to-date: /home/robotics/ros2_cobot/install/mycobot_interfaces/include/mycobot_interfaces/mycobot_interfaces/msg/detail/mycobot_gripper_status__rosidl_typesupport_introspection_cpp.hpp\n'}
[0.592805] (mycobot_interfaces) StdoutLine: {'line': b'-- Up-to-date: /home/robotics/ros2_cobot/install/mycobot_interfaces/include/mycobot_interfaces/mycobot_interfaces/msg/detail/mycobot_set_coords__type_support.cpp\n'}
[0.592859] (mycobot_interfaces) StdoutLine: {'line': b'-- Up-to-date: /home/robotics/ros2_cobot/install/mycobot_interfaces/lib/libmycobot_interfaces__rosidl_typesupport_introspection_cpp.so\n'}
[0.592912] (mecharm_interfaces) StdoutLine: {'line': b'-- Up-to-date: /home/robotics/ros2_cobot/install/mecharm_interfaces/lib/libmecharm_interfaces__rosidl_typesupport_cpp.so\n'}
[0.592985] (mecharm_interfaces) StdoutLine: {'line': b'-- Up-to-date: /home/robotics/ros2_cobot/install/mecharm_interfaces/share/mecharm_interfaces/environment/pythonpath.sh\n'}
[0.593040] (mecharm_interfaces) StdoutLine: {'line': b'-- Up-to-date: /home/robotics/ros2_cobot/install/mecharm_interfaces/share/mecharm_interfaces/environment/pythonpath.dsv\n'}
[0.593094] (mecharm_interfaces) StdoutLine: {'line': b'-- Up-to-date: /home/robotics/ros2_cobot/install/mecharm_interfaces/local/lib/python3.10/dist-packages/mecharm_interfaces-0.0.0-py3.10.egg-info\n'}
[0.593225] (mycobot_interfaces) StdoutLine: {'line': b'-- Up-to-date: /home/robotics/ros2_cobot/install/mycobot_interfaces/lib/libmycobot_interfaces__rosidl_typesupport_cpp.so\n'}
[0.593413] (mycobot_interfaces) StdoutLine: {'line': b'-- Up-to-date: /home/robotics/ros2_cobot/install/mycobot_interfaces/share/mycobot_interfaces/environment/pythonpath.sh\n'}
[0.593482] (mycobot_interfaces) StdoutLine: {'line': b'-- Up-to-date: /home/robotics/ros2_cobot/install/mycobot_interfaces/share/mycobot_interfaces/environment/pythonpath.dsv\n'}
[0.593537] (mecharm_interfaces) StdoutLine: {'line': b'-- Installing: /home/robotics/ros2_cobot/install/mecharm_interfaces/local/lib/python3.10/dist-packages/mecharm_interfaces-0.0.0-py3.10.egg-info/dependency_links.txt\n'}
[0.593668] (mecharm_interfaces) StdoutLine: {'line': b'-- Installing: /home/robotics/ros2_cobot/install/mecharm_interfaces/local/lib/python3.10/dist-packages/mecharm_interfaces-0.0.0-py3.10.egg-info/top_level.txt\n'}
[0.593723] (mecharm_interfaces) StdoutLine: {'line': b'-- Installing: /home/robotics/ros2_cobot/install/mecharm_interfaces/local/lib/python3.10/dist-packages/mecharm_interfaces-0.0.0-py3.10.egg-info/SOURCES.txt\n'}
[0.593777] (mycobot_interfaces) StdoutLine: {'line': b'-- Up-to-date: /home/robotics/ros2_cobot/install/mycobot_interfaces/local/lib/python3.10/dist-packages/mycobot_interfaces-0.0.0-py3.10.egg-info\n'}
[0.593842] (mycobot_interfaces) StdoutLine: {'line': b'-- Installing: /home/robotics/ros2_cobot/install/mycobot_interfaces/local/lib/python3.10/dist-packages/mycobot_interfaces-0.0.0-py3.10.egg-info/dependency_links.txt\n'}
[0.593898] (mecharm_interfaces) StdoutLine: {'line': b'-- Installing: /home/robotics/ros2_cobot/install/mecharm_interfaces/local/lib/python3.10/dist-packages/mecharm_interfaces-0.0.0-py3.10.egg-info/PKG-INFO\n'}
[0.593953] (mycobot_interfaces) StdoutLine: {'line': b'-- Installing: /home/robotics/ros2_cobot/install/mycobot_interfaces/local/lib/python3.10/dist-packages/mycobot_interfaces-0.0.0-py3.10.egg-info/top_level.txt\n'}
[0.594007] (mecharm_interfaces) StdoutLine: {'line': b'-- Up-to-date: /home/robotics/ros2_cobot/install/mecharm_interfaces/local/lib/python3.10/dist-packages/mecharm_interfaces\n'}
[0.594061] (mecharm_interfaces) StdoutLine: {'line': b'-- Up-to-date: /home/robotics/ros2_cobot/install/mecharm_interfaces/local/lib/python3.10/dist-packages/mecharm_interfaces/srv\n'}
[0.594114] (mycobot_interfaces) StdoutLine: {'line': b'-- Installing: /home/robotics/ros2_cobot/install/mycobot_interfaces/local/lib/python3.10/dist-packages/mycobot_interfaces-0.0.0-py3.10.egg-info/SOURCES.txt\n'}
[0.594290] (mycobot_interfaces) StdoutLine: {'line': b'-- Installing: /home/robotics/ros2_cobot/install/mycobot_interfaces/local/lib/python3.10/dist-packages/mycobot_interfaces-0.0.0-py3.10.egg-info/PKG-INFO\n'}
[0.594347] (mecharm_interfaces) StdoutLine: {'line': b'-- Up-to-date: /home/robotics/ros2_cobot/install/mecharm_interfaces/local/lib/python3.10/dist-packages/mecharm_interfaces/srv/_set_coords.py\n'}
[0.594417] (mecharm_interfaces) StdoutLine: {'line': b'-- Up-to-date: /home/robotics/ros2_cobot/install/mecharm_interfaces/local/lib/python3.10/dist-packages/mecharm_interfaces/srv/_get_angles_s.c\n'}
[0.594469] (mecharm_interfaces) StdoutLine: {'line': b'-- Up-to-date: /home/robotics/ros2_cobot/install/mecharm_interfaces/local/lib/python3.10/dist-packages/mecharm_interfaces/srv/_pump_status_s.c\n'}
[0.594589] (mecharm_interfaces) StdoutLine: {'line': b'-- Up-to-date: /home/robotics/ros2_cobot/install/mecharm_interfaces/local/lib/python3.10/dist-packages/mecharm_interfaces/srv/_gripper_status.py\n'}
[0.594645] (mecharm_interfaces) StdoutLine: {'line': b'-- Up-to-date: /home/robotics/ros2_cobot/install/mecharm_interfaces/local/lib/python3.10/dist-packages/mecharm_interfaces/srv/_get_angles.py\n'}
[0.594716] (mecharm_interfaces) StdoutLine: {'line': b'-- Up-to-date: /home/robotics/ros2_cobot/install/mecharm_interfaces/local/lib/python3.10/dist-packages/mecharm_interfaces/srv/_set_angles_s.c\n'}
[0.594791] (mecharm_interfaces) StdoutLine: {'line': b'-- Up-to-date: /home/robotics/ros2_cobot/install/mecharm_interfaces/local/lib/python3.10/dist-packages/mecharm_interfaces/srv/_get_coords.py\n'}
[0.594847] (mecharm_interfaces) StdoutLine: {'line': b'-- Up-to-date: /home/robotics/ros2_cobot/install/mecharm_interfaces/local/lib/python3.10/dist-packages/mecharm_interfaces/srv/_gripper_status_s.c\n'}
[0.595454] (mecharm_interfaces) StdoutLine: {'line': b'-- Up-to-date: /home/robotics/ros2_cobot/install/mecharm_interfaces/local/lib/python3.10/dist-packages/mecharm_interfaces/srv/_set_angles.py\n'}
[0.595508] (mecharm_interfaces) StdoutLine: {'line': b'-- Up-to-date: /home/robotics/ros2_cobot/install/mecharm_interfaces/local/lib/python3.10/dist-packages/mecharm_interfaces/srv/_get_coords_s.c\n'}
[0.595558] (mecharm_interfaces) StdoutLine: {'line': b'-- Up-to-date: /home/robotics/ros2_cobot/install/mecharm_interfaces/local/lib/python3.10/dist-packages/mecharm_interfaces/srv/_set_coords_s.c\n'}
[0.595607] (mycobot_interfaces) StdoutLine: {'line': b'-- Up-to-date: /home/robotics/ros2_cobot/install/mycobot_interfaces/local/lib/python3.10/dist-packages/mycobot_interfaces\n'}
[0.595664] (mycobot_interfaces) StdoutLine: {'line': b'-- Up-to-date: /home/robotics/ros2_cobot/install/mycobot_interfaces/local/lib/python3.10/dist-packages/mycobot_interfaces/_mycobot_interfaces_s.ep.rosidl_typesupport_fastrtps_c.c\n'}
[0.595713] (mycobot_interfaces) StdoutLine: {'line': b'-- Up-to-date: /home/robotics/ros2_cobot/install/mycobot_interfaces/local/lib/python3.10/dist-packages/mycobot_interfaces/srv\n'}
[0.595764] (mecharm_interfaces) StdoutLine: {'line': b'-- Up-to-date: /home/robotics/ros2_cobot/install/mecharm_interfaces/local/lib/python3.10/dist-packages/mecharm_interfaces/srv/_pump_status.py\n'}
[0.595821] (mecharm_interfaces) StdoutLine: {'line': b'-- Up-to-date: /home/robotics/ros2_cobot/install/mecharm_interfaces/local/lib/python3.10/dist-packages/mecharm_interfaces/srv/__init__.py\n'}
[0.595873] (mecharm_interfaces) StdoutLine: {'line': b'-- Up-to-date: /home/robotics/ros2_cobot/install/mecharm_interfaces/local/lib/python3.10/dist-packages/mecharm_interfaces/mecharm_interfaces_s__rosidl_typesupport_fastrtps_c.cpython-310-x86_64-linux-gnu.so\n'}
[0.595931] (mecharm_interfaces) StdoutLine: {'line': b'-- Up-to-date: /home/robotics/ros2_cobot/install/mecharm_interfaces/local/lib/python3.10/dist-packages/mecharm_interfaces/msg\n'}
[0.595985] (mecharm_interfaces) StdoutLine: {'line': b'-- Up-to-date: /home/robotics/ros2_cobot/install/mecharm_interfaces/local/lib/python3.10/dist-packages/mecharm_interfaces/msg/_mecharm_angles_s.c\n'}
[0.596038] (mecharm_interfaces) StdoutLine: {'line': b'-- Up-to-date: /home/robotics/ros2_cobot/install/mecharm_interfaces/local/lib/python3.10/dist-packages/mecharm_interfaces/msg/_mecharm_pump_status_s.c\n'}
[0.596092] (mecharm_interfaces) StdoutLine: {'line': b'-- Up-to-date: /home/robotics/ros2_cobot/install/mecharm_interfaces/local/lib/python3.10/dist-packages/mecharm_interfaces/msg/_mecharm_set_angles.py\n'}
[0.596162] (mecharm_interfaces) StdoutLine: {'line': b'-- Up-to-date: /home/robotics/ros2_cobot/install/mecharm_interfaces/local/lib/python3.10/dist-packages/mecharm_interfaces/msg/_mecharm_gripper_status.py\n'}
[0.596222] (mycobot_interfaces) StdoutLine: {'line': b'-- Up-to-date: /home/robotics/ros2_cobot/install/mycobot_interfaces/local/lib/python3.10/dist-packages/mycobot_interfaces/srv/_set_coords.py\n'}
[0.596287] (mecharm_interfaces) StdoutLine: {'line': b'-- Up-to-date: /home/robotics/ros2_cobot/install/mecharm_interfaces/local/lib/python3.10/dist-packages/mecharm_interfaces/msg/_mecharm_set_angles_s.c\n'}
[0.596340] (mecharm_interfaces) StdoutLine: {'line': b'-- Up-to-date: /home/robotics/ros2_cobot/install/mecharm_interfaces/local/lib/python3.10/dist-packages/mecharm_interfaces/msg/_mecharm_angles.py\n'}
[0.596393] (mecharm_interfaces) StdoutLine: {'line': b'-- Up-to-date: /home/robotics/ros2_cobot/install/mecharm_interfaces/local/lib/python3.10/dist-packages/mecharm_interfaces/msg/_mecharm_coords_s.c\n'}
[0.596445] (mecharm_interfaces) StdoutLine: {'line': b'-- Up-to-date: /home/robotics/ros2_cobot/install/mecharm_interfaces/local/lib/python3.10/dist-packages/mecharm_interfaces/msg/_mecharm_set_coords.py\n'}
[0.596498] (mecharm_interfaces) StdoutLine: {'line': b'-- Up-to-date: /home/robotics/ros2_cobot/install/mecharm_interfaces/local/lib/python3.10/dist-packages/mecharm_interfaces/msg/_mecharm_pump_status.py\n'}
[0.596571] (mecharm_interfaces) StdoutLine: {'line': b'-- Up-to-date: /home/robotics/ros2_cobot/install/mecharm_interfaces/local/lib/python3.10/dist-packages/mecharm_interfaces/msg/_mecharm_gripper_status_s.c\n'}
[0.596625] (mecharm_interfaces) StdoutLine: {'line': b'-- Up-to-date: /home/robotics/ros2_cobot/install/mecharm_interfaces/local/lib/python3.10/dist-packages/mecharm_interfaces/msg/_mecharm_coords.py\n'}
[0.596678] (mecharm_interfaces) StdoutLine: {'line': b'-- Up-to-date: /home/robotics/ros2_cobot/install/mecharm_interfaces/local/lib/python3.10/dist-packages/mecharm_interfaces/msg/_mecharm_set_coords_s.c\n'}
[0.596731] (mecharm_interfaces) StdoutLine: {'line': b'-- Up-to-date: /home/robotics/ros2_cobot/install/mecharm_interfaces/local/lib/python3.10/dist-packages/mecharm_interfaces/msg/__init__.py\n'}
[0.596784] (mecharm_interfaces) StdoutLine: {'line': b'-- Up-to-date: /home/robotics/ros2_cobot/install/mecharm_interfaces/local/lib/python3.10/dist-packages/mecharm_interfaces/mecharm_interfaces_s__rosidl_typesupport_c.cpython-310-x86_64-linux-gnu.so\n'}
[0.596840] (mecharm_interfaces) StdoutLine: {'line': b'-- Up-to-date: /home/robotics/ros2_cobot/install/mecharm_interfaces/local/lib/python3.10/dist-packages/mecharm_interfaces/libmecharm_interfaces__rosidl_generator_py.so\n'}
[0.596908] (mycobot_interfaces) StdoutLine: {'line': b'-- Up-to-date: /home/robotics/ros2_cobot/install/mycobot_interfaces/local/lib/python3.10/dist-packages/mycobot_interfaces/srv/_get_angles_s.c\n'}
[0.596965] (mycobot_interfaces) StdoutLine: {'line': b'-- Up-to-date: /home/robotics/ros2_cobot/install/mycobot_interfaces/local/lib/python3.10/dist-packages/mycobot_interfaces/srv/_pump_status_s.c\n'}
[0.597018] (mycobot_interfaces) StdoutLine: {'line': b'-- Up-to-date: /home/robotics/ros2_cobot/install/mycobot_interfaces/local/lib/python3.10/dist-packages/mycobot_interfaces/srv/_gripper_status.py\n'}
[0.597080] (mycobot_interfaces) StdoutLine: {'line': b'-- Up-to-date: /home/robotics/ros2_cobot/install/mycobot_interfaces/local/lib/python3.10/dist-packages/mycobot_interfaces/srv/_get_angles.py\n'}
[0.597139] (mycobot_interfaces) StdoutLine: {'line': b'-- Up-to-date: /home/robotics/ros2_cobot/install/mycobot_interfaces/local/lib/python3.10/dist-packages/mycobot_interfaces/srv/_set_angles_s.c\n'}
[0.597362] (mycobot_interfaces) StdoutLine: {'line': b'-- Up-to-date: /home/robotics/ros2_cobot/install/mycobot_interfaces/local/lib/python3.10/dist-packages/mycobot_interfaces/srv/_get_coords.py\n'}
[0.597417] (mycobot_interfaces) StdoutLine: {'line': b'-- Up-to-date: /home/robotics/ros2_cobot/install/mycobot_interfaces/local/lib/python3.10/dist-packages/mycobot_interfaces/srv/_gripper_status_s.c\n'}
[0.597470] (mycobot_interfaces) StdoutLine: {'line': b'-- Up-to-date: /home/robotics/ros2_cobot/install/mycobot_interfaces/local/lib/python3.10/dist-packages/mycobot_interfaces/srv/_set_angles.py\n'}
[0.597523] (mycobot_interfaces) StdoutLine: {'line': b'-- Up-to-date: /home/robotics/ros2_cobot/install/mycobot_interfaces/local/lib/python3.10/dist-packages/mycobot_interfaces/srv/_get_coords_s.c\n'}
[0.597580] (mycobot_interfaces) StdoutLine: {'line': b'-- Up-to-date: /home/robotics/ros2_cobot/install/mycobot_interfaces/local/lib/python3.10/dist-packages/mycobot_interfaces/srv/_set_coords_s.c\n'}
[0.597633] (mycobot_interfaces) StdoutLine: {'line': b'-- Up-to-date: /home/robotics/ros2_cobot/install/mycobot_interfaces/local/lib/python3.10/dist-packages/mycobot_interfaces/srv/_pump_status.py\n'}
[0.597684] (mycobot_interfaces) StdoutLine: {'line': b'-- Up-to-date: /home/robotics/ros2_cobot/install/mycobot_interfaces/local/lib/python3.10/dist-packages/mycobot_interfaces/srv/__init__.py\n'}
[0.597736] (mycobot_interfaces) StdoutLine: {'line': b'-- Up-to-date: /home/robotics/ros2_cobot/install/mycobot_interfaces/local/lib/python3.10/dist-packages/mycobot_interfaces/_mycobot_interfaces_s.ep.rosidl_typesupport_c.c\n'}
[0.597789] (mycobot_interfaces) StdoutLine: {'line': b'-- Up-to-date: /home/robotics/ros2_cobot/install/mycobot_interfaces/local/lib/python3.10/dist-packages/mycobot_interfaces/msg\n'}
[0.597848] (mycobot_interfaces) StdoutLine: {'line': b'-- Up-to-date: /home/robotics/ros2_cobot/install/mycobot_interfaces/local/lib/python3.10/dist-packages/mycobot_interfaces/msg/_mycobot_coords.py\n'}
[0.597901] (mycobot_interfaces) StdoutLine: {'line': b'-- Up-to-date: /home/robotics/ros2_cobot/install/mycobot_interfaces/local/lib/python3.10/dist-packages/mycobot_interfaces/msg/_mycobot_gripper_status.py\n'}
[0.597954] (mecharm_interfaces) StdoutLine: {'line': b'-- Up-to-date: /home/robotics/ros2_cobot/install/mecharm_interfaces/local/lib/python3.10/dist-packages/mecharm_interfaces/_mecharm_interfaces_s.ep.rosidl_typesupport_introspection_c.c\n'}
[0.598032] (mecharm_interfaces) StdoutLine: {'line': b'-- Up-to-date: /home/robotics/ros2_cobot/install/mecharm_interfaces/local/lib/python3.10/dist-packages/mecharm_interfaces/mecharm_interfaces_s__rosidl_typesupport_introspection_c.cpython-310-x86_64-linux-gnu.so\n'}
[0.598096] (mecharm_interfaces) StdoutLine: {'line': b'-- Up-to-date: /home/robotics/ros2_cobot/install/mecharm_interfaces/local/lib/python3.10/dist-packages/mecharm_interfaces/_mecharm_interfaces_s.ep.rosidl_typesupport_fastrtps_c.c\n'}
[0.598241] (mecharm_interfaces) StdoutLine: {'line': b'-- Up-to-date: /home/robotics/ros2_cobot/install/mecharm_interfaces/local/lib/python3.10/dist-packages/mecharm_interfaces/_mecharm_interfaces_s.ep.rosidl_typesupport_c.c\n'}
[0.598398] (mecharm_interfaces) StdoutLine: {'line': b'-- Up-to-date: /home/robotics/ros2_cobot/install/mecharm_interfaces/local/lib/python3.10/dist-packages/mecharm_interfaces/__init__.py\n'}
[0.598451] (mycobot_interfaces) StdoutLine: {'line': b'-- Up-to-date: /home/robotics/ros2_cobot/install/mycobot_interfaces/local/lib/python3.10/dist-packages/mycobot_interfaces/msg/_mycobot_angles.py\n'}
[0.598524] (mycobot_interfaces) StdoutLine: {'line': b'-- Up-to-date: /home/robotics/ros2_cobot/install/mycobot_interfaces/local/lib/python3.10/dist-packages/mycobot_interfaces/msg/_mycobot_pump_status.py\n'}
[0.598579] (mycobot_interfaces) StdoutLine: {'line': b'-- Up-to-date: /home/robotics/ros2_cobot/install/mycobot_interfaces/local/lib/python3.10/dist-packages/mycobot_interfaces/msg/_mycobot_coords_s.c\n'}
[0.598946] (mycobot_interfaces) StdoutLine: {'line': b'-- Up-to-date: /home/robotics/ros2_cobot/install/mycobot_interfaces/local/lib/python3.10/dist-packages/mycobot_interfaces/msg/_mycobot_pump_status_s.c\n'}
[0.599008] (mycobot_interfaces) StdoutLine: {'line': b'-- Up-to-date: /home/robotics/ros2_cobot/install/mycobot_interfaces/local/lib/python3.10/dist-packages/mycobot_interfaces/msg/_mycobot_set_angles_s.c\n'}
[0.599069] (mycobot_interfaces) StdoutLine: {'line': b'-- Up-to-date: /home/robotics/ros2_cobot/install/mycobot_interfaces/local/lib/python3.10/dist-packages/mycobot_interfaces/msg/_mycobot_set_coords_s.c\n'}
[0.599134] (mycobot_interfaces) StdoutLine: {'line': b'-- Up-to-date: /home/robotics/ros2_cobot/install/mycobot_interfaces/local/lib/python3.10/dist-packages/mycobot_interfaces/msg/_mycobot_set_coords.py\n'}
[0.599311] (mycobot_interfaces) StdoutLine: {'line': b'-- Up-to-date: /home/robotics/ros2_cobot/install/mycobot_interfaces/local/lib/python3.10/dist-packages/mycobot_interfaces/msg/_mycobot_set_angles.py\n'}
[0.599362] (mycobot_interfaces) StdoutLine: {'line': b'-- Up-to-date: /home/robotics/ros2_cobot/install/mycobot_interfaces/local/lib/python3.10/dist-packages/mycobot_interfaces/msg/_mycobot_gripper_status_s.c\n'}
[0.599415] (mycobot_interfaces) StdoutLine: {'line': b'-- Up-to-date: /home/robotics/ros2_cobot/install/mycobot_interfaces/local/lib/python3.10/dist-packages/mycobot_interfaces/msg/_mycobot_angles_s.c\n'}
[0.599484] (mycobot_interfaces) StdoutLine: {'line': b'-- Up-to-date: /home/robotics/ros2_cobot/install/mycobot_interfaces/local/lib/python3.10/dist-packages/mycobot_interfaces/msg/__init__.py\n'}
[0.599555] (mycobot_interfaces) StdoutLine: {'line': b'-- Up-to-date: /home/robotics/ros2_cobot/install/mycobot_interfaces/local/lib/python3.10/dist-packages/mycobot_interfaces/mycobot_interfaces_s__rosidl_typesupport_c.cpython-310-x86_64-linux-gnu.so\n'}
[0.599684] (mycobot_interfaces) StdoutLine: {'line': b'-- Up-to-date: /home/robotics/ros2_cobot/install/mycobot_interfaces/local/lib/python3.10/dist-packages/mycobot_interfaces/libmycobot_interfaces__rosidl_generator_py.so\n'}
[0.599774] (mycobot_interfaces) StdoutLine: {'line': b'-- Up-to-date: /home/robotics/ros2_cobot/install/mycobot_interfaces/local/lib/python3.10/dist-packages/mycobot_interfaces/_mycobot_interfaces_s.ep.rosidl_typesupport_introspection_c.c\n'}
[0.599853] (mycobot_interfaces) StdoutLine: {'line': b'-- Up-to-date: /home/robotics/ros2_cobot/install/mycobot_interfaces/local/lib/python3.10/dist-packages/mycobot_interfaces/mycobot_interfaces_s__rosidl_typesupport_introspection_c.cpython-310-x86_64-linux-gnu.so\n'}
[0.599951] (mycobot_interfaces) StdoutLine: {'line': b'-- Up-to-date: /home/robotics/ros2_cobot/install/mycobot_interfaces/local/lib/python3.10/dist-packages/mycobot_interfaces/mycobot_interfaces_s__rosidl_typesupport_fastrtps_c.cpython-310-x86_64-linux-gnu.so\n'}
[0.600027] (mycobot_interfaces) StdoutLine: {'line': b'-- Up-to-date: /home/robotics/ros2_cobot/install/mycobot_interfaces/local/lib/python3.10/dist-packages/mycobot_interfaces/__init__.py\n'}
[0.600105] (mypalletizer_interfaces) JobEnded: {'identifier': 'mypalletizer_interfaces', 'rc': 0}
[0.600725] (mypalletizer_communication) JobStarted: {'identifier': 'mypalletizer_communication'}
[0.601459] (-) TimerEvent: {}
[0.602620] (mycobot_interfaces) StdoutLine: {'line': b"Listing '/home/robotics/ros2_cobot/install/mycobot_interfaces/local/lib/python3.10/dist-packages/mycobot_interfaces'...\n"}
[0.602735] (mycobot_interfaces) StdoutLine: {'line': b"Listing '/home/robotics/ros2_cobot/install/mycobot_interfaces/local/lib/python3.10/dist-packages/mycobot_interfaces/msg'...\n"}
[0.602796] (mycobot_interfaces) StdoutLine: {'line': b"Listing '/home/robotics/ros2_cobot/install/mycobot_interfaces/local/lib/python3.10/dist-packages/mycobot_interfaces/srv'...\n"}
[0.602971] (mecharm_interfaces) StdoutLine: {'line': b"Listing '/home/robotics/ros2_cobot/install/mecharm_interfaces/local/lib/python3.10/dist-packages/mecharm_interfaces'...\n"}
[0.603052] (mecharm_interfaces) StdoutLine: {'line': b"Listing '/home/robotics/ros2_cobot/install/mecharm_interfaces/local/lib/python3.10/dist-packages/mecharm_interfaces/msg'...\n"}
[0.603104] (mecharm_interfaces) StdoutLine: {'line': b"Listing '/home/robotics/ros2_cobot/install/mecharm_interfaces/local/lib/python3.10/dist-packages/mecharm_interfaces/srv'...\n"}
[0.605857] (mycobot_interfaces) StdoutLine: {'line': b'-- Up-to-date: /home/robotics/ros2_cobot/install/mycobot_interfaces/local/lib/python3.10/dist-packages/mycobot_interfaces/mycobot_interfaces_s__rosidl_typesupport_fastrtps_c.cpython-310-x86_64-linux-gnu.so\n'}
[0.606219] (mycobot_interfaces) StdoutLine: {'line': b'-- Up-to-date: /home/robotics/ros2_cobot/install/mycobot_interfaces/local/lib/python3.10/dist-packages/mycobot_interfaces/mycobot_interfaces_s__rosidl_typesupport_introspection_c.cpython-310-x86_64-linux-gnu.so\n'}
[0.606531] (mycobot_interfaces) StdoutLine: {'line': b'-- Up-to-date: /home/robotics/ros2_cobot/install/mycobot_interfaces/local/lib/python3.10/dist-packages/mycobot_interfaces/mycobot_interfaces_s__rosidl_typesupport_c.cpython-310-x86_64-linux-gnu.so\n'}
[0.606651] (mecharm_interfaces) StdoutLine: {'line': b'-- Up-to-date: /home/robotics/ros2_cobot/install/mecharm_interfaces/local/lib/python3.10/dist-packages/mecharm_interfaces/mecharm_interfaces_s__rosidl_typesupport_fastrtps_c.cpython-310-x86_64-linux-gnu.so\n'}
[0.607217] (mycobot_interfaces) StdoutLine: {'line': b'-- Up-to-date: /home/robotics/ros2_cobot/install/mycobot_interfaces/lib/libmycobot_interfaces__rosidl_generator_py.so\n'}
[0.607361] (mycobot_interfaces) StdoutLine: {'line': b'-- Up-to-date: /home/robotics/ros2_cobot/install/mycobot_interfaces/share/mycobot_interfaces/msg/MycobotAngles.idl\n'}
[0.607436] (mecharm_interfaces) StdoutLine: {'line': b'-- Up-to-date: /home/robotics/ros2_cobot/install/mecharm_interfaces/local/lib/python3.10/dist-packages/mecharm_interfaces/mecharm_interfaces_s__rosidl_typesupport_introspection_c.cpython-310-x86_64-linux-gnu.so\n'}
[0.607472] (mycobot_interfaces) StdoutLine: {'line': b'-- Up-to-date: /home/robotics/ros2_cobot/install/mycobot_interfaces/share/mycobot_interfaces/msg/MycobotCoords.idl\n'}
[0.607499] (mycobot_interfaces) StdoutLine: {'line': b'-- Up-to-date: /home/robotics/ros2_cobot/install/mycobot_interfaces/share/mycobot_interfaces/msg/MycobotSetAngles.idl\n'}
[0.607541] (mycobot_interfaces) StdoutLine: {'line': b'-- Up-to-date: /home/robotics/ros2_cobot/install/mycobot_interfaces/share/mycobot_interfaces/msg/MycobotSetCoords.idl\n'}
[0.607564] (mycobot_interfaces) StdoutLine: {'line': b'-- Up-to-date: /home/robotics/ros2_cobot/install/mycobot_interfaces/share/mycobot_interfaces/msg/MycobotGripperStatus.idl\n'}
[0.607586] (mycobot_interfaces) StdoutLine: {'line': b'-- Up-to-date: /home/robotics/ros2_cobot/install/mycobot_interfaces/share/mycobot_interfaces/msg/MycobotPumpStatus.idl\n'}
[0.607632] (mycobot_interfaces) StdoutLine: {'line': b'-- Up-to-date: /home/robotics/ros2_cobot/install/mycobot_interfaces/share/mycobot_interfaces/srv/GetAngles.idl\n'}
[0.607678] (mycobot_interfaces) StdoutLine: {'line': b'-- Up-to-date: /home/robotics/ros2_cobot/install/mycobot_interfaces/share/mycobot_interfaces/srv/SetAngles.idl\n'}
[0.607715] (mycobot_interfaces) StdoutLine: {'line': b'-- Up-to-date: /home/robotics/ros2_cobot/install/mycobot_interfaces/share/mycobot_interfaces/srv/GetCoords.idl\n'}
[0.607756] (mycobot_interfaces) StdoutLine: {'line': b'-- Up-to-date: /home/robotics/ros2_cobot/install/mycobot_interfaces/share/mycobot_interfaces/srv/SetCoords.idl\n'}
[0.607792] (mecharm_interfaces) StdoutLine: {'line': b'-- Up-to-date: /home/robotics/ros2_cobot/install/mecharm_interfaces/local/lib/python3.10/dist-packages/mecharm_interfaces/mecharm_interfaces_s__rosidl_typesupport_c.cpython-310-x86_64-linux-gnu.so\n'}
[0.607828] (mycobot_interfaces) StdoutLine: {'line': b'-- Up-to-date: /home/robotics/ros2_cobot/install/mycobot_interfaces/share/mycobot_interfaces/srv/GripperStatus.idl\n'}
[0.607861] (mycobot_interfaces) StdoutLine: {'line': b'-- Up-to-date: /home/robotics/ros2_cobot/install/mycobot_interfaces/share/mycobot_interfaces/srv/PumpStatus.idl\n'}
[0.607894] (mycobot_interfaces) StdoutLine: {'line': b'-- Up-to-date: /home/robotics/ros2_cobot/install/mycobot_interfaces/share/mycobot_interfaces/msg/MycobotAngles.msg\n'}
[0.607926] (mycobot_interfaces) StdoutLine: {'line': b'-- Up-to-date: /home/robotics/ros2_cobot/install/mycobot_interfaces/share/mycobot_interfaces/msg/MycobotCoords.msg\n'}
[0.607958] (mycobot_interfaces) StdoutLine: {'line': b'-- Up-to-date: /home/robotics/ros2_cobot/install/mycobot_interfaces/share/mycobot_interfaces/msg/MycobotSetAngles.msg\n'}
[0.607999] (mycobot_interfaces) StdoutLine: {'line': b'-- Up-to-date: /home/robotics/ros2_cobot/install/mycobot_interfaces/share/mycobot_interfaces/msg/MycobotSetCoords.msg\n'}
[0.608036] (mycobot_interfaces) StdoutLine: {'line': b'-- Up-to-date: /home/robotics/ros2_cobot/install/mycobot_interfaces/share/mycobot_interfaces/msg/MycobotGripperStatus.msg\n'}
[0.608075] (mycobot_interfaces) StdoutLine: {'line': b'-- Up-to-date: /home/robotics/ros2_cobot/install/mycobot_interfaces/share/mycobot_interfaces/msg/MycobotPumpStatus.msg\n'}
[0.608112] (mycobot_interfaces) StdoutLine: {'line': b'-- Up-to-date: /home/robotics/ros2_cobot/install/mycobot_interfaces/share/mycobot_interfaces/srv/GetAngles.srv\n'}
[0.608154] (mecharm_interfaces) StdoutLine: {'line': b'-- Up-to-date: /home/robotics/ros2_cobot/install/mecharm_interfaces/lib/libmecharm_interfaces__rosidl_generator_py.so\n'}
[0.608197] (mycobot_interfaces) StdoutLine: {'line': b'-- Up-to-date: /home/robotics/ros2_cobot/install/mycobot_interfaces/share/mycobot_interfaces/srv/GetAngles_Request.msg\n'}
[0.608235] (mycobot_interfaces) StdoutLine: {'line': b'-- Up-to-date: /home/robotics/ros2_cobot/install/mycobot_interfaces/share/mycobot_interfaces/srv/GetAngles_Response.msg\n'}
[0.608267] (mycobot_interfaces) StdoutLine: {'line': b'-- Up-to-date: /home/robotics/ros2_cobot/install/mycobot_interfaces/share/mycobot_interfaces/srv/SetAngles.srv\n'}
[0.608297] (mycobot_interfaces) StdoutLine: {'line': b'-- Up-to-date: /home/robotics/ros2_cobot/install/mycobot_interfaces/share/mycobot_interfaces/srv/SetAngles_Request.msg\n'}
[0.608343] (mecharm_interfaces) StdoutLine: {'line': b'-- Up-to-date: /home/robotics/ros2_cobot/install/mecharm_interfaces/share/mecharm_interfaces/msg/MecharmAngles.idl\n'}
[0.608370] (mycobot_interfaces) StdoutLine: {'line': b'-- Up-to-date: /home/robotics/ros2_cobot/install/mycobot_interfaces/share/mycobot_interfaces/srv/SetAngles_Response.msg\n'}
[0.608406] (mycobot_interfaces) StdoutLine: {'line': b'-- Up-to-date: /home/robotics/ros2_cobot/install/mycobot_interfaces/share/mycobot_interfaces/srv/GetCoords.srv\n'}
[0.608458] (mycobot_interfaces) StdoutLine: {'line': b'-- Up-to-date: /home/robotics/ros2_cobot/install/mycobot_interfaces/share/mycobot_interfaces/srv/GetCoords_Request.msg\n'}
[0.608486] (mecharm_interfaces) StdoutLine: {'line': b'-- Up-to-date: /home/robotics/ros2_cobot/install/mecharm_interfaces/share/mecharm_interfaces/msg/MecharmCoords.idl\n'}
[0.608511] (mecharm_interfaces) StdoutLine: {'line': b'-- Up-to-date: /home/robotics/ros2_cobot/install/mecharm_interfaces/share/mecharm_interfaces/msg/MecharmSetAngles.idl\n'}
[0.608536] (mecharm_interfaces) StdoutLine: {'line': b'-- Up-to-date: /home/robotics/ros2_cobot/install/mecharm_interfaces/share/mecharm_interfaces/msg/MecharmSetCoords.idl\n'}
[0.608588] (mecharm_interfaces) StdoutLine: {'line': b'-- Up-to-date: /home/robotics/ros2_cobot/install/mecharm_interfaces/share/mecharm_interfaces/msg/MecharmGripperStatus.idl\n'}
[0.608615] (mycobot_interfaces) StdoutLine: {'line': b'-- Up-to-date: /home/robotics/ros2_cobot/install/mycobot_interfaces/share/mycobot_interfaces/srv/GetCoords_Response.msg\n'}
[0.608649] (mycobot_interfaces) StdoutLine: {'line': b'-- Up-to-date: /home/robotics/ros2_cobot/install/mycobot_interfaces/share/mycobot_interfaces/srv/SetCoords.srv\n'}
[0.608676] (mycobot_interfaces) StdoutLine: {'line': b'-- Up-to-date: /home/robotics/ros2_cobot/install/mycobot_interfaces/share/mycobot_interfaces/srv/SetCoords_Request.msg\n'}
[0.608702] (mycobot_interfaces) StdoutLine: {'line': b'-- Up-to-date: /home/robotics/ros2_cobot/install/mycobot_interfaces/share/mycobot_interfaces/srv/SetCoords_Response.msg\n'}
[0.608742] (mecharm_interfaces) StdoutLine: {'line': b'-- Up-to-date: /home/robotics/ros2_cobot/install/mecharm_interfaces/share/mecharm_interfaces/msg/MecharmPumpStatus.idl\n'}
[0.608793] (mecharm_interfaces) StdoutLine: {'line': b'-- Up-to-date: /home/robotics/ros2_cobot/install/mecharm_interfaces/share/mecharm_interfaces/srv/GetAngles.idl\n'}
[0.608820] (mecharm_interfaces) StdoutLine: {'line': b'-- Up-to-date: /home/robotics/ros2_cobot/install/mecharm_interfaces/share/mecharm_interfaces/srv/SetAngles.idl\n'}
[0.608847] (mecharm_interfaces) StdoutLine: {'line': b'-- Up-to-date: /home/robotics/ros2_cobot/install/mecharm_interfaces/share/mecharm_interfaces/srv/GetCoords.idl\n'}
[0.608873] (mecharm_interfaces) StdoutLine: {'line': b'-- Up-to-date: /home/robotics/ros2_cobot/install/mecharm_interfaces/share/mecharm_interfaces/srv/SetCoords.idl\n'}
[0.608898] (mecharm_interfaces) StdoutLine: {'line': b'-- Up-to-date: /home/robotics/ros2_cobot/install/mecharm_interfaces/share/mecharm_interfaces/srv/GripperStatus.idl\n'}
[0.608935] (mycobot_interfaces) StdoutLine: {'line': b'-- Up-to-date: /home/robotics/ros2_cobot/install/mycobot_interfaces/share/mycobot_interfaces/srv/GripperStatus.srv\n'}
[0.608999] (mycobot_interfaces) StdoutLine: {'line': b'-- Up-to-date: /home/robotics/ros2_cobot/install/mycobot_interfaces/share/mycobot_interfaces/srv/GripperStatus_Request.msg\n'}
[0.609022] (mycobot_interfaces) StdoutLine: {'line': b'-- Up-to-date: /home/robotics/ros2_cobot/install/mycobot_interfaces/share/mycobot_interfaces/srv/GripperStatus_Response.msg\n'}
[0.609051] (mycobot_interfaces) StdoutLine: {'line': b'-- Up-to-date: /home/robotics/ros2_cobot/install/mycobot_interfaces/share/mycobot_interfaces/srv/PumpStatus.srv\n'}
[0.609077] (mycobot_interfaces) StdoutLine: {'line': b'-- Up-to-date: /home/robotics/ros2_cobot/install/mycobot_interfaces/share/mycobot_interfaces/srv/PumpStatus_Request.msg\n'}
[0.609102] (mycobot_interfaces) StdoutLine: {'line': b'-- Up-to-date: /home/robotics/ros2_cobot/install/mycobot_interfaces/share/mycobot_interfaces/srv/PumpStatus_Response.msg\n'}
[0.609127] (mecharm_interfaces) StdoutLine: {'line': b'-- Up-to-date: /home/robotics/ros2_cobot/install/mecharm_interfaces/share/mecharm_interfaces/srv/PumpStatus.idl\n'}
[0.609166] (mecharm_interfaces) StdoutLine: {'line': b'-- Up-to-date: /home/robotics/ros2_cobot/install/mecharm_interfaces/share/mecharm_interfaces/msg/MecharmAngles.msg\n'}
[0.609191] (mecharm_interfaces) StdoutLine: {'line': b'-- Up-to-date: /home/robotics/ros2_cobot/install/mecharm_interfaces/share/mecharm_interfaces/msg/MecharmCoords.msg\n'}
[0.609216] (mecharm_interfaces) StdoutLine: {'line': b'-- Up-to-date: /home/robotics/ros2_cobot/install/mecharm_interfaces/share/mecharm_interfaces/msg/MecharmSetAngles.msg\n'}
[0.609241] (mecharm_interfaces) StdoutLine: {'line': b'-- Up-to-date: /home/robotics/ros2_cobot/install/mecharm_interfaces/share/mecharm_interfaces/msg/MecharmSetCoords.msg\n'}
[0.609267] (mecharm_interfaces) StdoutLine: {'line': b'-- Up-to-date: /home/robotics/ros2_cobot/install/mecharm_interfaces/share/mecharm_interfaces/msg/MecharmGripperStatus.msg\n'}
[0.609312] (mycobot_interfaces) StdoutLine: {'line': b'-- Up-to-date: /home/robotics/ros2_cobot/install/mycobot_interfaces/share/ament_index/resource_index/package_run_dependencies/mycobot_interfaces\n'}
[0.609344] (mycobot_interfaces) StdoutLine: {'line': b'-- Up-to-date: /home/robotics/ros2_cobot/install/mycobot_interfaces/share/ament_index/resource_index/parent_prefix_path/mycobot_interfaces\n'}
[0.609369] (mycobot_interfaces) StdoutLine: {'line': b'-- Up-to-date: /home/robotics/ros2_cobot/install/mycobot_interfaces/share/mycobot_interfaces/environment/ament_prefix_path.sh\n'}
[0.609393] (mycobot_interfaces) StdoutLine: {'line': b'-- Up-to-date: /home/robotics/ros2_cobot/install/mycobot_interfaces/share/mycobot_interfaces/environment/ament_prefix_path.dsv\n'}
[0.609485] (mecharm_interfaces) StdoutLine: {'line': b'-- Up-to-date: /home/robotics/ros2_cobot/install/mecharm_interfaces/share/mecharm_interfaces/msg/MecharmPumpStatus.msg\n'}
[0.609509] (mycobot_interfaces) StdoutLine: {'line': b'-- Up-to-date: /home/robotics/ros2_cobot/install/mycobot_interfaces/share/mycobot_interfaces/environment/path.sh\n'}
[0.609534] (mycobot_interfaces) StdoutLine: {'line': b'-- Up-to-date: /home/robotics/ros2_cobot/install/mycobot_interfaces/share/mycobot_interfaces/environment/path.dsv\n'}
[0.609557] (mycobot_interfaces) StdoutLine: {'line': b'-- Up-to-date: /home/robotics/ros2_cobot/install/mycobot_interfaces/share/mycobot_interfaces/local_setup.bash\n'}
[0.609581] (mecharm_interfaces) StdoutLine: {'line': b'-- Up-to-date: /home/robotics/ros2_cobot/install/mecharm_interfaces/share/mecharm_interfaces/srv/GetAngles.srv\n'}
[0.609605] (mecharm_interfaces) StdoutLine: {'line': b'-- Up-to-date: /home/robotics/ros2_cobot/install/mecharm_interfaces/share/mecharm_interfaces/srv/GetAngles_Request.msg\n'}
[0.609628] (mecharm_interfaces) StdoutLine: {'line': b'-- Up-to-date: /home/robotics/ros2_cobot/install/mecharm_interfaces/share/mecharm_interfaces/srv/GetAngles_Response.msg\n'}
[0.609652] (mecharm_interfaces) StdoutLine: {'line': b'-- Up-to-date: /home/robotics/ros2_cobot/install/mecharm_interfaces/share/mecharm_interfaces/srv/SetAngles.srv\n'}
[0.609716] (mecharm_interfaces) StdoutLine: {'line': b'-- Up-to-date: /home/robotics/ros2_cobot/install/mecharm_interfaces/share/mecharm_interfaces/srv/SetAngles_Request.msg\n'}
[0.609741] (mecharm_interfaces) StdoutLine: {'line': b'-- Up-to-date: /home/robotics/ros2_cobot/install/mecharm_interfaces/share/mecharm_interfaces/srv/SetAngles_Response.msg\n'}
[0.609773] (mecharm_interfaces) StdoutLine: {'line': b'-- Up-to-date: /home/robotics/ros2_cobot/install/mecharm_interfaces/share/mecharm_interfaces/srv/GetCoords.srv\n'}
[0.609796] (mecharm_interfaces) StdoutLine: {'line': b'-- Up-to-date: /home/robotics/ros2_cobot/install/mecharm_interfaces/share/mecharm_interfaces/srv/GetCoords_Request.msg\n'}
[0.609821] (mecharm_interfaces) StdoutLine: {'line': b'-- Up-to-date: /home/robotics/ros2_cobot/install/mecharm_interfaces/share/mecharm_interfaces/srv/GetCoords_Response.msg\n'}
[0.609847] (mecharm_interfaces) StdoutLine: {'line': b'-- Up-to-date: /home/robotics/ros2_cobot/install/mecharm_interfaces/share/mecharm_interfaces/srv/SetCoords.srv\n'}
[0.609870] (mecharm_interfaces) StdoutLine: {'line': b'-- Up-to-date: /home/robotics/ros2_cobot/install/mecharm_interfaces/share/mecharm_interfaces/srv/SetCoords_Request.msg\n'}
[0.609894] (mycobot_interfaces) StdoutLine: {'line': b'-- Up-to-date: /home/robotics/ros2_cobot/install/mycobot_interfaces/share/mycobot_interfaces/local_setup.sh\n'}
[0.609917] (mecharm_interfaces) StdoutLine: {'line': b'-- Up-to-date: /home/robotics/ros2_cobot/install/mecharm_interfaces/share/mecharm_interfaces/srv/SetCoords_Response.msg\n'}
[0.609941] (mecharm_interfaces) StdoutLine: {'line': b'-- Up-to-date: /home/robotics/ros2_cobot/install/mecharm_interfaces/share/mecharm_interfaces/srv/GripperStatus.srv\n'}
[0.609990] (mecharm_interfaces) StdoutLine: {'line': b'-- Up-to-date: /home/robotics/ros2_cobot/install/mecharm_interfaces/share/mecharm_interfaces/srv/GripperStatus_Request.msg\n'}
[0.610022] (mecharm_interfaces) StdoutLine: {'line': b'-- Up-to-date: /home/robotics/ros2_cobot/install/mecharm_interfaces/share/mecharm_interfaces/srv/GripperStatus_Response.msg\n'}
[0.610046] (mecharm_interfaces) StdoutLine: {'line': b'-- Up-to-date: /home/robotics/ros2_cobot/install/mecharm_interfaces/share/mecharm_interfaces/srv/PumpStatus.srv\n'}
[0.610070] (mecharm_interfaces) StdoutLine: {'line': b'-- Up-to-date: /home/robotics/ros2_cobot/install/mecharm_interfaces/share/mecharm_interfaces/srv/PumpStatus_Request.msg\n'}
[0.610096] (mycobot_interfaces) StdoutLine: {'line': b'-- Up-to-date: /home/robotics/ros2_cobot/install/mycobot_interfaces/share/mycobot_interfaces/local_setup.zsh\n'}
[0.610121] (mycobot_interfaces) StdoutLine: {'line': b'-- Up-to-date: /home/robotics/ros2_cobot/install/mycobot_interfaces/share/mycobot_interfaces/local_setup.dsv\n'}
[0.610155] (mycobot_interfaces) StdoutLine: {'line': b'-- Installing: /home/robotics/ros2_cobot/install/mycobot_interfaces/share/mycobot_interfaces/package.dsv\n'}
[0.610181] (mecharm_interfaces) StdoutLine: {'line': b'-- Up-to-date: /home/robotics/ros2_cobot/install/mecharm_interfaces/share/mecharm_interfaces/srv/PumpStatus_Response.msg\n'}
[0.610225] (mecharm_interfaces) StdoutLine: {'line': b'-- Up-to-date: /home/robotics/ros2_cobot/install/mecharm_interfaces/share/ament_index/resource_index/package_run_dependencies/mecharm_interfaces\n'}
[0.610252] (mecharm_interfaces) StdoutLine: {'line': b'-- Up-to-date: /home/robotics/ros2_cobot/install/mecharm_interfaces/share/ament_index/resource_index/parent_prefix_path/mecharm_interfaces\n'}
[0.610277] (mecharm_interfaces) StdoutLine: {'line': b'-- Up-to-date: /home/robotics/ros2_cobot/install/mecharm_interfaces/share/mecharm_interfaces/environment/ament_prefix_path.sh\n'}
[0.610312] (mycobot_interfaces) StdoutLine: {'line': b'-- Up-to-date: /home/robotics/ros2_cobot/install/mycobot_interfaces/share/ament_index/resource_index/packages/mycobot_interfaces\n'}
[0.610334] (mecharm_interfaces) StdoutLine: {'line': b'-- Up-to-date: /home/robotics/ros2_cobot/install/mecharm_interfaces/share/mecharm_interfaces/environment/ament_prefix_path.dsv\n'}
[0.610355] (mecharm_interfaces) StdoutLine: {'line': b'-- Up-to-date: /home/robotics/ros2_cobot/install/mecharm_interfaces/share/mecharm_interfaces/environment/path.sh\n'}
[0.610376] (mecharm_interfaces) StdoutLine: {'line': b'-- Up-to-date: /home/robotics/ros2_cobot/install/mecharm_interfaces/share/mecharm_interfaces/environment/path.dsv\n'}
[0.610400] (mecharm_interfaces) StdoutLine: {'line': b'-- Up-to-date: /home/robotics/ros2_cobot/install/mecharm_interfaces/share/mecharm_interfaces/local_setup.bash\n'}
[0.610421] (mecharm_interfaces) StdoutLine: {'line': b'-- Up-to-date: /home/robotics/ros2_cobot/install/mecharm_interfaces/share/mecharm_interfaces/local_setup.sh\n'}
[0.610445] (mecharm_interfaces) StdoutLine: {'line': b'-- Up-to-date: /home/robotics/ros2_cobot/install/mecharm_interfaces/share/mecharm_interfaces/local_setup.zsh\n'}
[0.610468] (mecharm_interfaces) StdoutLine: {'line': b'-- Up-to-date: /home/robotics/ros2_cobot/install/mecharm_interfaces/share/mecharm_interfaces/local_setup.dsv\n'}
[0.610493] (mecharm_interfaces) StdoutLine: {'line': b'-- Installing: /home/robotics/ros2_cobot/install/mecharm_interfaces/share/mecharm_interfaces/package.dsv\n'}
[0.610532] (mycobot_interfaces) StdoutLine: {'line': b'-- Up-to-date: /home/robotics/ros2_cobot/install/mycobot_interfaces/share/mycobot_interfaces/cmake/export_mycobot_interfaces__rosidl_generator_cExport.cmake\n'}
[0.610555] (mycobot_interfaces) StdoutLine: {'line': b'-- Up-to-date: /home/robotics/ros2_cobot/install/mycobot_interfaces/share/mycobot_interfaces/cmake/export_mycobot_interfaces__rosidl_generator_cExport-noconfig.cmake\n'}
[0.610590] (mecharm_interfaces) StdoutLine: {'line': b'-- Up-to-date: /home/robotics/ros2_cobot/install/mecharm_interfaces/share/ament_index/resource_index/packages/mecharm_interfaces\n'}
[0.610726] (mycobot_interfaces) StdoutLine: {'line': b'-- Up-to-date: /home/robotics/ros2_cobot/install/mycobot_interfaces/share/mycobot_interfaces/cmake/export_mycobot_interfaces__rosidl_typesupport_fastrtps_cExport.cmake\n'}
[0.610779] (mycobot_interfaces) StdoutLine: {'line': b'-- Up-to-date: /home/robotics/ros2_cobot/install/mycobot_interfaces/share/mycobot_interfaces/cmake/export_mycobot_interfaces__rosidl_typesupport_fastrtps_cExport-noconfig.cmake\n'}
[0.610919] (mycobot_interfaces) StdoutLine: {'line': b'-- Up-to-date: /home/robotics/ros2_cobot/install/mycobot_interfaces/share/mycobot_interfaces/cmake/mycobot_interfaces__rosidl_typesupport_introspection_cExport.cmake\n'}
[0.610969] (mycobot_interfaces) StdoutLine: {'line': b'-- Up-to-date: /home/robotics/ros2_cobot/install/mycobot_interfaces/share/mycobot_interfaces/cmake/mycobot_interfaces__rosidl_typesupport_introspection_cExport-noconfig.cmake\n'}
[0.611050] (mecharm_interfaces) StdoutLine: {'line': b'-- Up-to-date: /home/robotics/ros2_cobot/install/mecharm_interfaces/share/mecharm_interfaces/cmake/export_mecharm_interfaces__rosidl_generator_cExport.cmake\n'}
[0.611096] (mecharm_interfaces) StdoutLine: {'line': b'-- Up-to-date: /home/robotics/ros2_cobot/install/mecharm_interfaces/share/mecharm_interfaces/cmake/export_mecharm_interfaces__rosidl_generator_cExport-noconfig.cmake\n'}
[0.611189] (mycobot_interfaces) StdoutLine: {'line': b'-- Up-to-date: /home/robotics/ros2_cobot/install/mycobot_interfaces/share/mycobot_interfaces/cmake/mycobot_interfaces__rosidl_typesupport_cExport.cmake\n'}
[0.611236] (mycobot_interfaces) StdoutLine: {'line': b'-- Up-to-date: /home/robotics/ros2_cobot/install/mycobot_interfaces/share/mycobot_interfaces/cmake/mycobot_interfaces__rosidl_typesupport_cExport-noconfig.cmake\n'}
[0.611340] (mecharm_interfaces) StdoutLine: {'line': b'-- Up-to-date: /home/robotics/ros2_cobot/install/mecharm_interfaces/share/mecharm_interfaces/cmake/export_mecharm_interfaces__rosidl_typesupport_fastrtps_cExport.cmake\n'}
[0.611380] (mecharm_interfaces) StdoutLine: {'line': b'-- Up-to-date: /home/robotics/ros2_cobot/install/mecharm_interfaces/share/mecharm_interfaces/cmake/export_mecharm_interfaces__rosidl_typesupport_fastrtps_cExport-noconfig.cmake\n'}
[0.611416] (mycobot_interfaces) StdoutLine: {'line': b'-- Up-to-date: /home/robotics/ros2_cobot/install/mycobot_interfaces/share/mycobot_interfaces/cmake/export_mycobot_interfaces__rosidl_generator_cppExport.cmake\n'}
[0.611602] (mecharm_interfaces) StdoutLine: {'line': b'-- Up-to-date: /home/robotics/ros2_cobot/install/mecharm_interfaces/share/mecharm_interfaces/cmake/mecharm_interfaces__rosidl_typesupport_introspection_cExport.cmake\n'}
[0.611653] (mecharm_interfaces) StdoutLine: {'line': b'-- Up-to-date: /home/robotics/ros2_cobot/install/mecharm_interfaces/share/mecharm_interfaces/cmake/mecharm_interfaces__rosidl_typesupport_introspection_cExport-noconfig.cmake\n'}
[0.611689] (mycobot_interfaces) StdoutLine: {'line': b'-- Up-to-date: /home/robotics/ros2_cobot/install/mycobot_interfaces/share/mycobot_interfaces/cmake/export_mycobot_interfaces__rosidl_typesupport_fastrtps_cppExport.cmake\n'}
[0.611724] (mycobot_interfaces) StdoutLine: {'line': b'-- Up-to-date: /home/robotics/ros2_cobot/install/mycobot_interfaces/share/mycobot_interfaces/cmake/export_mycobot_interfaces__rosidl_typesupport_fastrtps_cppExport-noconfig.cmake\n'}
[0.611868] (mecharm_interfaces) StdoutLine: {'line': b'-- Up-to-date: /home/robotics/ros2_cobot/install/mecharm_interfaces/share/mecharm_interfaces/cmake/mecharm_interfaces__rosidl_typesupport_cExport.cmake\n'}
[0.611909] (mecharm_interfaces) StdoutLine: {'line': b'-- Up-to-date: /home/robotics/ros2_cobot/install/mecharm_interfaces/share/mecharm_interfaces/cmake/mecharm_interfaces__rosidl_typesupport_cExport-noconfig.cmake\n'}
[0.611942] (mycobot_interfaces) StdoutLine: {'line': b'-- Up-to-date: /home/robotics/ros2_cobot/install/mycobot_interfaces/share/mycobot_interfaces/cmake/mycobot_interfaces__rosidl_typesupport_introspection_cppExport.cmake\n'}
[0.611977] (mycobot_interfaces) StdoutLine: {'line': b'-- Up-to-date: /home/robotics/ros2_cobot/install/mycobot_interfaces/share/mycobot_interfaces/cmake/mycobot_interfaces__rosidl_typesupport_introspection_cppExport-noconfig.cmake\n'}
[0.612113] (mecharm_interfaces) StdoutLine: {'line': b'-- Up-to-date: /home/robotics/ros2_cobot/install/mecharm_interfaces/share/mecharm_interfaces/cmake/export_mecharm_interfaces__rosidl_generator_cppExport.cmake\n'}
[0.612169] (mycobot_interfaces) StdoutLine: {'line': b'-- Up-to-date: /home/robotics/ros2_cobot/install/mycobot_interfaces/share/mycobot_interfaces/cmake/mycobot_interfaces__rosidl_typesupport_cppExport.cmake\n'}
[0.612208] (mycobot_interfaces) StdoutLine: {'line': b'-- Up-to-date: /home/robotics/ros2_cobot/install/mycobot_interfaces/share/mycobot_interfaces/cmake/mycobot_interfaces__rosidl_typesupport_cppExport-noconfig.cmake\n'}
[0.612301] (mecharm_interfaces) StdoutLine: {'line': b'-- Up-to-date: /home/robotics/ros2_cobot/install/mecharm_interfaces/share/mecharm_interfaces/cmake/export_mecharm_interfaces__rosidl_typesupport_fastrtps_cppExport.cmake\n'}
[0.612352] (mecharm_interfaces) StdoutLine: {'line': b'-- Up-to-date: /home/robotics/ros2_cobot/install/mecharm_interfaces/share/mecharm_interfaces/cmake/export_mecharm_interfaces__rosidl_typesupport_fastrtps_cppExport-noconfig.cmake\n'}
[0.612388] (mycobot_interfaces) StdoutLine: {'line': b'-- Up-to-date: /home/robotics/ros2_cobot/install/mycobot_interfaces/share/mycobot_interfaces/cmake/export_mycobot_interfaces__rosidl_generator_pyExport.cmake\n'}
[0.612445] (mycobot_interfaces) StdoutLine: {'line': b'-- Up-to-date: /home/robotics/ros2_cobot/install/mycobot_interfaces/share/mycobot_interfaces/cmake/export_mycobot_interfaces__rosidl_generator_pyExport-noconfig.cmake\n'}
[0.612489] (mycobot_interfaces) StdoutLine: {'line': b'-- Up-to-date: /home/robotics/ros2_cobot/install/mycobot_interfaces/share/mycobot_interfaces/cmake/rosidl_cmake-extras.cmake\n'}
[0.612525] (mecharm_interfaces) StdoutLine: {'line': b'-- Up-to-date: /home/robotics/ros2_cobot/install/mecharm_interfaces/share/mecharm_interfaces/cmake/mecharm_interfaces__rosidl_typesupport_introspection_cppExport.cmake\n'}
[0.612570] (mecharm_interfaces) StdoutLine: {'line': b'-- Up-to-date: /home/robotics/ros2_cobot/install/mecharm_interfaces/share/mecharm_interfaces/cmake/mecharm_interfaces__rosidl_typesupport_introspection_cppExport-noconfig.cmake\n'}
[0.612789] (mycobot_interfaces) StdoutLine: {'line': b'-- Up-to-date: /home/robotics/ros2_cobot/install/mycobot_interfaces/share/mycobot_interfaces/cmake/ament_cmake_export_dependencies-extras.cmake\n'}
[0.612845] (mycobot_interfaces) StdoutLine: {'line': b'-- Up-to-date: /home/robotics/ros2_cobot/install/mycobot_interfaces/share/mycobot_interfaces/cmake/ament_cmake_export_include_directories-extras.cmake\n'}
[0.612892] (mycobot_interfaces) StdoutLine: {'line': b'-- Up-to-date: /home/robotics/ros2_cobot/install/mycobot_interfaces/share/mycobot_interfaces/cmake/ament_cmake_export_libraries-extras.cmake\n'}
[0.612931] (mecharm_interfaces) StdoutLine: {'line': b'-- Up-to-date: /home/robotics/ros2_cobot/install/mecharm_interfaces/share/mecharm_interfaces/cmake/mecharm_interfaces__rosidl_typesupport_cppExport.cmake\n'}
[0.612967] (mycobot_interfaces) StdoutLine: {'line': b'-- Up-to-date: /home/robotics/ros2_cobot/install/mycobot_interfaces/share/mycobot_interfaces/cmake/ament_cmake_export_targets-extras.cmake\n'}
[0.613007] (mecharm_interfaces) StdoutLine: {'line': b'-- Up-to-date: /home/robotics/ros2_cobot/install/mecharm_interfaces/share/mecharm_interfaces/cmake/mecharm_interfaces__rosidl_typesupport_cppExport-noconfig.cmake\n'}
[0.613041] (mycobot_interfaces) StdoutLine: {'line': b'-- Up-to-date: /home/robotics/ros2_cobot/install/mycobot_interfaces/share/mycobot_interfaces/cmake/rosidl_cmake_export_typesupport_targets-extras.cmake\n'}
[0.613075] (mycobot_interfaces) StdoutLine: {'line': b'-- Up-to-date: /home/robotics/ros2_cobot/install/mycobot_interfaces/share/mycobot_interfaces/cmake/rosidl_cmake_export_typesupport_libraries-extras.cmake\n'}
[0.613115] (mecharm_interfaces) StdoutLine: {'line': b'-- Up-to-date: /home/robotics/ros2_cobot/install/mecharm_interfaces/share/mecharm_interfaces/cmake/export_mecharm_interfaces__rosidl_generator_pyExport.cmake\n'}
[0.613192] (mycobot_interfaces) StdoutLine: {'line': b'-- Up-to-date: /home/robotics/ros2_cobot/install/mycobot_interfaces/share/mycobot_interfaces/cmake/mycobot_interfacesConfig.cmake\n'}
[0.613221] (mycobot_interfaces) StdoutLine: {'line': b'-- Up-to-date: /home/robotics/ros2_cobot/install/mycobot_interfaces/share/mycobot_interfaces/cmake/mycobot_interfacesConfig-version.cmake\n'}
[0.613247] (mecharm_interfaces) StdoutLine: {'line': b'-- Up-to-date: /home/robotics/ros2_cobot/install/mecharm_interfaces/share/mecharm_interfaces/cmake/export_mecharm_interfaces__rosidl_generator_pyExport-noconfig.cmake\n'}
[0.613272] (mycobot_interfaces) StdoutLine: {'line': b'-- Up-to-date: /home/robotics/ros2_cobot/install/mycobot_interfaces/share/mycobot_interfaces/package.xml\n'}
[0.613312] (mecharm_interfaces) StdoutLine: {'line': b'-- Up-to-date: /home/robotics/ros2_cobot/install/mecharm_interfaces/share/mecharm_interfaces/cmake/rosidl_cmake-extras.cmake\n'}
[0.613354] (mecharm_interfaces) StdoutLine: {'line': b'-- Up-to-date: /home/robotics/ros2_cobot/install/mecharm_interfaces/share/mecharm_interfaces/cmake/ament_cmake_export_dependencies-extras.cmake\n'}
[0.613379] (mecharm_interfaces) StdoutLine: {'line': b'-- Up-to-date: /home/robotics/ros2_cobot/install/mecharm_interfaces/share/mecharm_interfaces/cmake/ament_cmake_export_include_directories-extras.cmake\n'}
[0.613405] (mecharm_interfaces) StdoutLine: {'line': b'-- Up-to-date: /home/robotics/ros2_cobot/install/mecharm_interfaces/share/mecharm_interfaces/cmake/ament_cmake_export_libraries-extras.cmake\n'}
[0.613444] (mecharm_interfaces) StdoutLine: {'line': b'-- Up-to-date: /home/robotics/ros2_cobot/install/mecharm_interfaces/share/mecharm_interfaces/cmake/ament_cmake_export_targets-extras.cmake\n'}
[0.613482] (mecharm_interfaces) StdoutLine: {'line': b'-- Up-to-date: /home/robotics/ros2_cobot/install/mecharm_interfaces/share/mecharm_interfaces/cmake/rosidl_cmake_export_typesupport_targets-extras.cmake\n'}
[0.613508] (mecharm_interfaces) StdoutLine: {'line': b'-- Up-to-date: /home/robotics/ros2_cobot/install/mecharm_interfaces/share/mecharm_interfaces/cmake/rosidl_cmake_export_typesupport_libraries-extras.cmake\n'}
[0.613550] (mecharm_interfaces) StdoutLine: {'line': b'-- Up-to-date: /home/robotics/ros2_cobot/install/mecharm_interfaces/share/mecharm_interfaces/cmake/mecharm_interfacesConfig.cmake\n'}
[0.613573] (mecharm_interfaces) StdoutLine: {'line': b'-- Up-to-date: /home/robotics/ros2_cobot/install/mecharm_interfaces/share/mecharm_interfaces/cmake/mecharm_interfacesConfig-version.cmake\n'}
[0.613598] (mecharm_interfaces) StdoutLine: {'line': b'-- Up-to-date: /home/robotics/ros2_cobot/install/mecharm_interfaces/share/mecharm_interfaces/package.xml\n'}
[0.677516] (mycobot_description) StdoutLine: {'line': b'running egg_info\n'}
[0.677861] (mycobot_description) StdoutLine: {'line': b'writing ../../../build/mycobot_description/mycobot_description.egg-info/PKG-INFO\n'}
[0.678307] (mycobot_description) StdoutLine: {'line': b'writing dependency_links to ../../../build/mycobot_description/mycobot_description.egg-info/dependency_links.txt\n'}
[0.678555] (mycobot_description) StdoutLine: {'line': b'writing entry points to ../../../build/mycobot_description/mycobot_description.egg-info/entry_points.txt\n'}
[0.678638] (mycobot_description) StdoutLine: {'line': b'writing requirements to ../../../build/mycobot_description/mycobot_description.egg-info/requires.txt\n'}
[0.678704] (mycobot_description) StdoutLine: {'line': b'writing top-level names to ../../../build/mycobot_description/mycobot_description.egg-info/top_level.txt\n'}
[0.681706] (mycobot_description) StdoutLine: {'line': b"reading manifest file '../../../build/mycobot_description/mycobot_description.egg-info/SOURCES.txt'\n"}
[0.682528] (mycobot_description) StdoutLine: {'line': b"adding license file 'LICENSE'\n"}
[0.684095] (mycobot_description) StdoutLine: {'line': b"writing manifest file '../../../build/mycobot_description/mycobot_description.egg-info/SOURCES.txt'\n"}
[0.684312] (mycobot_description) StdoutLine: {'line': b'running build\n'}
[0.684402] (mycobot_description) StdoutLine: {'line': b'running build_py\n'}
[0.684590] (mycobot_description) StdoutLine: {'line': b'running install\n'}
[0.684750] (mycobot_description) StdoutLine: {'line': b'running install_lib\n'}
[0.685417] (mycobot_description) StdoutLine: {'line': b'running install_data\n'}
[0.690674] (mycobot_description) StdoutLine: {'line': b'running install_egg_info\n'}
[0.691651] (mycobot_description) StdoutLine: {'line': b"removing '/home/robotics/ros2_cobot/install/mycobot_description/lib/python3.10/site-packages/mycobot_description-0.0.0-py3.10.egg-info' (and everything under it)\n"}
[0.691829] (mycobot_description) StdoutLine: {'line': b'Copying ../../../build/mycobot_description/mycobot_description.egg-info to /home/robotics/ros2_cobot/install/mycobot_description/lib/python3.10/site-packages/mycobot_description-0.0.0-py3.10.egg-info\n'}
[0.692491] (mycobot_description) StdoutLine: {'line': b'running install_scripts\n'}
[0.701572] (-) TimerEvent: {}
[0.703782] (mycobot_description) StdoutLine: {'line': b"writing list of installed files to '/home/robotics/ros2_cobot/build/mycobot_description/install.log'\n"}
[0.766321] (mecharm_interfaces) CommandEnded: {'returncode': 0}
[0.791269] (mecharm_interfaces) JobEnded: {'identifier': 'mecharm_interfaces', 'rc': 0}
[0.793143] (mycobot_description) CommandEnded: {'returncode': 0}
[0.801798] (-) TimerEvent: {}
[0.803524] (mycobot_description) JobEnded: {'identifier': 'mycobot_description', 'rc': 0}
[0.804451] (mycobot_interfaces) CommandEnded: {'returncode': 0}
[0.829874] (mycobot_interfaces) JobEnded: {'identifier': 'mycobot_interfaces', 'rc': 0}
[0.831336] (mycobot_communication) JobStarted: {'identifier': 'mycobot_communication'}
[0.840121] (mecharm) JobStarted: {'identifier': 'mecharm'}
[0.844986] (mecharm_communication) JobStarted: {'identifier': 'mecharm_communication'}
[0.848839] (mecharm_pi) JobStarted: {'identifier': 'mecharm_pi'}
[0.852311] (myarm_300) JobStarted: {'identifier': 'myarm_300'}
[0.856767] (mybuddy) JobStarted: {'identifier': 'mybuddy'}
[0.860680] (mycobot_280) JobStarted: {'identifier': 'mycobot_280'}
[0.864275] (mycobot_280_arduino) JobStarted: {'identifier': 'mycobot_280_arduino'}
[0.868075] (mycobot_280_moveit2) JobStarted: {'identifier': 'mycobot_280_moveit2'}
[0.870561] (mycobot_280_moveit2_control) JobStarted: {'identifier': 'mycobot_280_moveit2_control'}
[0.874326] (mycobot_280_riscv) JobStarted: {'identifier': 'mycobot_280_riscv'}
[0.877687] (mycobot_280_x3pi) JobStarted: {'identifier': 'mycobot_280_x3pi'}
[0.880729] (mycobot_280arduino_moveit2) JobStarted: {'identifier': 'mycobot_280arduino_moveit2'}
[0.883773] (mycobot_280jn) JobStarted: {'identifier': 'mycobot_280jn'}
[0.887749] (mycobot_280pi) JobStarted: {'identifier': 'mycobot_280pi'}
[0.901878] (-) TimerEvent: {}
[1.002114] (-) TimerEvent: {}
[1.102455] (-) TimerEvent: {}
[1.202840] (-) TimerEvent: {}
[1.303184] (-) TimerEvent: {}
[1.403515] (-) TimerEvent: {}
[1.503853] (-) TimerEvent: {}
[1.604221] (-) TimerEvent: {}
[1.704582] (-) TimerEvent: {}
[1.804883] (-) TimerEvent: {}
[1.905252] (-) TimerEvent: {}
[2.005978] (-) TimerEvent: {}
[2.106479] (-) TimerEvent: {}
[2.169850] (mycobot_280_moveit2) JobProgress: {'identifier': 'mycobot_280_moveit2', 'progress': 'cmake'}
[2.171532] (mycobot_280_moveit2) JobProgress: {'identifier': 'mycobot_280_moveit2', 'progress': 'build'}
[2.172540] (mycobot_280_moveit2) Command: {'cmd': ['/usr/bin/cmake', '--build', '/home/robotics/ros2_cobot/build/mycobot_280_moveit2', '--', '-j16', '-l16'], 'cwd': '/home/robotics/ros2_cobot/build/mycobot_280_moveit2', 'env': OrderedDict([('GJS_DEBUG_TOPICS', 'JS ERROR;JS LOG'), ('LESSOPEN', '| /usr/bin/lesspipe %s'), ('LANGUAGE', 'en_CA:en'), ('USER', 'robotics'), ('XDG_SESSION_TYPE', 'x11'), ('SHLVL', '1'), ('LD_LIBRARY_PATH', '/opt/ros/humble/opt/rviz_ogre_vendor/lib:/opt/ros/humble/lib/x86_64-linux-gnu:/opt/ros/humble/lib'), ('HOME', '/home/robotics'), ('OLDPWD', '/home/robotics'), ('DESKTOP_SESSION', 'ubuntu'), ('GIO_LAUNCHED_DESKTOP_FILE', '/usr/share/applications/terminator.desktop'), ('ROS_PYTHON_VERSION', '3'), ('GNOME_SHELL_SESSION_MODE', 'ubuntu'), ('GTK_MODULES', 'gail:atk-bridge'), ('MANAGERPID', '1791'), ('SYSTEMD_EXEC_PID', '2064'), ('DBUS_SESSION_BUS_ADDRESS', 'unix:path=/run/user/1001/bus'), ('COLORTERM', 'truecolor'), ('TERMINATOR_DBUS_NAME', 'net.tenshu.Terminator23558193cd9818af7fe4d2c2f5bd9d00f'), ('GIO_LAUNCHED_DESKTOP_FILE_PID', '2911'), ('ROS_DISTRO', 'humble'), ('GTK_IM_MODULE', 'ibus'), ('LOGNAME', 'robotics'), ('JOURNAL_STREAM', '8:12679'), ('_', '/usr/bin/colcon'), ('ROS_VERSION', '2'), ('XDG_SESSION_CLASS', 'user'), ('USERNAME', 'robotics'), ('TERM', 'xterm-256color'), ('GNOME_DESKTOP_SESSION_ID', 'this-is-deprecated'), ('ROS_LOCALHOST_ONLY', '0'), ('WINDOWPATH', '2'), ('PATH', '/opt/ros/humble/bin:/home/robotics/.local/bin:/usr/local/sbin:/usr/local/bin:/usr/sbin:/usr/bin:/sbin:/bin:/usr/games:/usr/local/games:/snap/bin:/snap/bin'), ('SESSION_MANAGER', 'local/scapula:@/tmp/.ICE-unix/2041,unix/scapula:/tmp/.ICE-unix/2041'), ('INVOCATION_ID', 'fa4d4892373d46828ff3f5eecdfb64d7'), ('XDG_MENU_PREFIX', 'gnome-'), ('XDG_RUNTIME_DIR', '/run/user/1001'), ('DISPLAY', ':1'), ('TERMINATOR_DBUS_PATH', '/net/tenshu/Terminator2'), ('LANG', 'en_US.UTF-8'), ('XDG_CURRENT_DESKTOP', 'ubuntu:GNOME'), ('XMODIFIERS', '@im=ibus'), ('XDG_SESSION_DESKTOP', 'ubuntu'), ('XAUTHORITY', '/run/user/1001/gdm/Xauthority'), ('LS_COLORS', 'rs=0:di=01;34:ln=01;36:mh=00:pi=40;33:so=01;35:do=01;35:bd=40;33;01:cd=40;33;01:or=40;31;01:mi=00:su=37;41:sg=30;43:ca=30;41:tw=30;42:ow=34;42:st=37;44:ex=01;32:*.tar=01;31:*.tgz=01;31:*.arc=01;31:*.arj=01;31:*.taz=01;31:*.lha=01;31:*.lz4=01;31:*.lzh=01;31:*.lzma=01;31:*.tlz=01;31:*.txz=01;31:*.tzo=01;31:*.t7z=01;31:*.zip=01;31:*.z=01;31:*.dz=01;31:*.gz=01;31:*.lrz=01;31:*.lz=01;31:*.lzo=01;31:*.xz=01;31:*.zst=01;31:*.tzst=01;31:*.bz2=01;31:*.bz=01;31:*.tbz=01;31:*.tbz2=01;31:*.tz=01;31:*.deb=01;31:*.rpm=01;31:*.jar=01;31:*.war=01;31:*.ear=01;31:*.sar=01;31:*.rar=01;31:*.alz=01;31:*.ace=01;31:*.zoo=01;31:*.cpio=01;31:*.7z=01;31:*.rz=01;31:*.cab=01;31:*.wim=01;31:*.swm=01;31:*.dwm=01;31:*.esd=01;31:*.jpg=01;35:*.jpeg=01;35:*.mjpg=01;35:*.mjpeg=01;35:*.gif=01;35:*.bmp=01;35:*.pbm=01;35:*.pgm=01;35:*.ppm=01;35:*.tga=01;35:*.xbm=01;35:*.xpm=01;35:*.tif=01;35:*.tiff=01;35:*.png=01;35:*.svg=01;35:*.svgz=01;35:*.mng=01;35:*.pcx=01;35:*.mov=01;35:*.mpg=01;35:*.mpeg=01;35:*.m2v=01;35:*.mkv=01;35:*.webm=01;35:*.webp=01;35:*.ogm=01;35:*.mp4=01;35:*.m4v=01;35:*.mp4v=01;35:*.vob=01;35:*.qt=01;35:*.nuv=01;35:*.wmv=01;35:*.asf=01;35:*.rm=01;35:*.rmvb=01;35:*.flc=01;35:*.avi=01;35:*.fli=01;35:*.flv=01;35:*.gl=01;35:*.dl=01;35:*.xcf=01;35:*.xwd=01;35:*.yuv=01;35:*.cgm=01;35:*.emf=01;35:*.ogv=01;35:*.ogx=01;35:*.aac=00;36:*.au=00;36:*.flac=00;36:*.m4a=00;36:*.mid=00;36:*.midi=00;36:*.mka=00;36:*.mp3=00;36:*.mpc=00;36:*.ogg=00;36:*.ra=00;36:*.wav=00;36:*.oga=00;36:*.opus=00;36:*.spx=00;36:*.xspf=00;36:'), ('SSH_AGENT_LAUNCHER', 'gnome-keyring'), ('SSH_AUTH_SOCK', '/run/user/1001/keyring/ssh'), ('AMENT_PREFIX_PATH', '/home/robotics/ros2_cobot/install/mycobot_description:/opt/ros/humble'), ('SHELL', '/bin/bash'), ('TERMINATOR_UUID', 'urn:uuid:9f62500e-929f-4887-8849-f4dd46e1c38d'), ('QT_ACCESSIBILITY', '1'), ('GDMSESSION', 'ubuntu'), ('LESSCLOSE', '/usr/bin/lesspipe %s %s'), ('GPG_AGENT_INFO', '/run/user/1001/gnupg/S.gpg-agent:0:1'), ('GJS_DEBUG_OUTPUT', 'stderr'), ('QT_IM_MODULE', 'ibus'), ('PWD', '/home/robotics/ros2_cobot/build/mycobot_280_moveit2'), ('LC_ALL', 'en_US.UTF-8'), ('XDG_CONFIG_DIRS', '/etc/xdg/xdg-ubuntu:/etc/xdg'), ('XDG_DATA_DIRS', '/usr/share/ubuntu:/usr/share/gnome:/usr/local/share/:/usr/share/:/var/lib/snapd/desktop'), ('PYTHONPATH', '/home/robotics/ros2_cobot/install/mycobot_description/lib/python3.10/site-packages:/opt/ros/humble/lib/python3.10/site-packages:/opt/ros/humble/local/lib/python3.10/dist-packages'), ('COLCON', '1'), ('VTE_VERSION', '6800'), ('CMAKE_PREFIX_PATH', '/opt/ros/humble')]), 'shell': False}
[2.206550] (-) TimerEvent: {}
[2.306778] (-) TimerEvent: {}
[2.407141] (-) TimerEvent: {}
[2.507474] (-) TimerEvent: {}
[2.607842] (-) TimerEvent: {}
[2.649422] (mycobot_280arduino_moveit2) JobProgress: {'identifier': 'mycobot_280arduino_moveit2', 'progress': 'cmake'}
[2.650794] (mycobot_280arduino_moveit2) JobProgress: {'identifier': 'mycobot_280arduino_moveit2', 'progress': 'build'}
[2.651011] (mycobot_280arduino_moveit2) Command: {'cmd': ['/usr/bin/cmake', '--build', '/home/robotics/ros2_cobot/build/mycobot_280arduino_moveit2', '--', '-j16', '-l16'], 'cwd': '/home/robotics/ros2_cobot/build/mycobot_280arduino_moveit2', 'env': OrderedDict([('GJS_DEBUG_TOPICS', 'JS ERROR;JS LOG'), ('LESSOPEN', '| /usr/bin/lesspipe %s'), ('LANGUAGE', 'en_CA:en'), ('USER', 'robotics'), ('XDG_SESSION_TYPE', 'x11'), ('SHLVL', '1'), ('LD_LIBRARY_PATH', '/opt/ros/humble/opt/rviz_ogre_vendor/lib:/opt/ros/humble/lib/x86_64-linux-gnu:/opt/ros/humble/lib'), ('HOME', '/home/robotics'), ('OLDPWD', '/home/robotics'), ('DESKTOP_SESSION', 'ubuntu'), ('GIO_LAUNCHED_DESKTOP_FILE', '/usr/share/applications/terminator.desktop'), ('ROS_PYTHON_VERSION', '3'), ('GNOME_SHELL_SESSION_MODE', 'ubuntu'), ('GTK_MODULES', 'gail:atk-bridge'), ('MANAGERPID', '1791'), ('SYSTEMD_EXEC_PID', '2064'), ('DBUS_SESSION_BUS_ADDRESS', 'unix:path=/run/user/1001/bus'), ('COLORTERM', 'truecolor'), ('TERMINATOR_DBUS_NAME', 'net.tenshu.Terminator23558193cd9818af7fe4d2c2f5bd9d00f'), ('GIO_LAUNCHED_DESKTOP_FILE_PID', '2911'), ('ROS_DISTRO', 'humble'), ('GTK_IM_MODULE', 'ibus'), ('LOGNAME', 'robotics'), ('JOURNAL_STREAM', '8:12679'), ('_', '/usr/bin/colcon'), ('ROS_VERSION', '2'), ('XDG_SESSION_CLASS', 'user'), ('USERNAME', 'robotics'), ('TERM', 'xterm-256color'), ('GNOME_DESKTOP_SESSION_ID', 'this-is-deprecated'), ('ROS_LOCALHOST_ONLY', '0'), ('WINDOWPATH', '2'), ('PATH', '/opt/ros/humble/bin:/home/robotics/.local/bin:/usr/local/sbin:/usr/local/bin:/usr/sbin:/usr/bin:/sbin:/bin:/usr/games:/usr/local/games:/snap/bin:/snap/bin'), ('SESSION_MANAGER', 'local/scapula:@/tmp/.ICE-unix/2041,unix/scapula:/tmp/.ICE-unix/2041'), ('INVOCATION_ID', 'fa4d4892373d46828ff3f5eecdfb64d7'), ('XDG_MENU_PREFIX', 'gnome-'), ('XDG_RUNTIME_DIR', '/run/user/1001'), ('DISPLAY', ':1'), ('TERMINATOR_DBUS_PATH', '/net/tenshu/Terminator2'), ('LANG', 'en_US.UTF-8'), ('XDG_CURRENT_DESKTOP', 'ubuntu:GNOME'), ('XMODIFIERS', '@im=ibus'), ('XDG_SESSION_DESKTOP', 'ubuntu'), ('XAUTHORITY', '/run/user/1001/gdm/Xauthority'), ('LS_COLORS', 'rs=0:di=01;34:ln=01;36:mh=00:pi=40;33:so=01;35:do=01;35:bd=40;33;01:cd=40;33;01:or=40;31;01:mi=00:su=37;41:sg=30;43:ca=30;41:tw=30;42:ow=34;42:st=37;44:ex=01;32:*.tar=01;31:*.tgz=01;31:*.arc=01;31:*.arj=01;31:*.taz=01;31:*.lha=01;31:*.lz4=01;31:*.lzh=01;31:*.lzma=01;31:*.tlz=01;31:*.txz=01;31:*.tzo=01;31:*.t7z=01;31:*.zip=01;31:*.z=01;31:*.dz=01;31:*.gz=01;31:*.lrz=01;31:*.lz=01;31:*.lzo=01;31:*.xz=01;31:*.zst=01;31:*.tzst=01;31:*.bz2=01;31:*.bz=01;31:*.tbz=01;31:*.tbz2=01;31:*.tz=01;31:*.deb=01;31:*.rpm=01;31:*.jar=01;31:*.war=01;31:*.ear=01;31:*.sar=01;31:*.rar=01;31:*.alz=01;31:*.ace=01;31:*.zoo=01;31:*.cpio=01;31:*.7z=01;31:*.rz=01;31:*.cab=01;31:*.wim=01;31:*.swm=01;31:*.dwm=01;31:*.esd=01;31:*.jpg=01;35:*.jpeg=01;35:*.mjpg=01;35:*.mjpeg=01;35:*.gif=01;35:*.bmp=01;35:*.pbm=01;35:*.pgm=01;35:*.ppm=01;35:*.tga=01;35:*.xbm=01;35:*.xpm=01;35:*.tif=01;35:*.tiff=01;35:*.png=01;35:*.svg=01;35:*.svgz=01;35:*.mng=01;35:*.pcx=01;35:*.mov=01;35:*.mpg=01;35:*.mpeg=01;35:*.m2v=01;35:*.mkv=01;35:*.webm=01;35:*.webp=01;35:*.ogm=01;35:*.mp4=01;35:*.m4v=01;35:*.mp4v=01;35:*.vob=01;35:*.qt=01;35:*.nuv=01;35:*.wmv=01;35:*.asf=01;35:*.rm=01;35:*.rmvb=01;35:*.flc=01;35:*.avi=01;35:*.fli=01;35:*.flv=01;35:*.gl=01;35:*.dl=01;35:*.xcf=01;35:*.xwd=01;35:*.yuv=01;35:*.cgm=01;35:*.emf=01;35:*.ogv=01;35:*.ogx=01;35:*.aac=00;36:*.au=00;36:*.flac=00;36:*.m4a=00;36:*.mid=00;36:*.midi=00;36:*.mka=00;36:*.mp3=00;36:*.mpc=00;36:*.ogg=00;36:*.ra=00;36:*.wav=00;36:*.oga=00;36:*.opus=00;36:*.spx=00;36:*.xspf=00;36:'), ('SSH_AGENT_LAUNCHER', 'gnome-keyring'), ('SSH_AUTH_SOCK', '/run/user/1001/keyring/ssh'), ('AMENT_PREFIX_PATH', '/home/robotics/ros2_cobot/install/mycobot_description:/opt/ros/humble'), ('SHELL', '/bin/bash'), ('TERMINATOR_UUID', 'urn:uuid:9f62500e-929f-4887-8849-f4dd46e1c38d'), ('QT_ACCESSIBILITY', '1'), ('GDMSESSION', 'ubuntu'), ('LESSCLOSE', '/usr/bin/lesspipe %s %s'), ('GPG_AGENT_INFO', '/run/user/1001/gnupg/S.gpg-agent:0:1'), ('GJS_DEBUG_OUTPUT', 'stderr'), ('QT_IM_MODULE', 'ibus'), ('PWD', '/home/robotics/ros2_cobot/build/mycobot_280arduino_moveit2'), ('LC_ALL', 'en_US.UTF-8'), ('XDG_CONFIG_DIRS', '/etc/xdg/xdg-ubuntu:/etc/xdg'), ('XDG_DATA_DIRS', '/usr/share/ubuntu:/usr/share/gnome:/usr/local/share/:/usr/share/:/var/lib/snapd/desktop'), ('PYTHONPATH', '/home/robotics/ros2_cobot/install/mycobot_description/lib/python3.10/site-packages:/opt/ros/humble/lib/python3.10/site-packages:/opt/ros/humble/local/lib/python3.10/dist-packages'), ('COLCON', '1'), ('VTE_VERSION', '6800'), ('CMAKE_PREFIX_PATH', '/opt/ros/humble')]), 'shell': False}
[2.707958] (-) TimerEvent: {}
[2.808904] (-) TimerEvent: {}
[2.909286] (-) TimerEvent: {}
[2.980169] (mycobot_280_moveit2) CommandEnded: {'returncode': 0}
[2.981526] (mycobot_280_moveit2) JobProgress: {'identifier': 'mycobot_280_moveit2', 'progress': 'install'}
[2.981891] (mycobot_280_moveit2) Command: {'cmd': ['/usr/bin/cmake', '--install', '/home/robotics/ros2_cobot/build/mycobot_280_moveit2'], 'cwd': '/home/robotics/ros2_cobot/build/mycobot_280_moveit2', 'env': OrderedDict([('GJS_DEBUG_TOPICS', 'JS ERROR;JS LOG'), ('LESSOPEN', '| /usr/bin/lesspipe %s'), ('LANGUAGE', 'en_CA:en'), ('USER', 'robotics'), ('XDG_SESSION_TYPE', 'x11'), ('SHLVL', '1'), ('LD_LIBRARY_PATH', '/opt/ros/humble/opt/rviz_ogre_vendor/lib:/opt/ros/humble/lib/x86_64-linux-gnu:/opt/ros/humble/lib'), ('HOME', '/home/robotics'), ('OLDPWD', '/home/robotics'), ('DESKTOP_SESSION', 'ubuntu'), ('GIO_LAUNCHED_DESKTOP_FILE', '/usr/share/applications/terminator.desktop'), ('ROS_PYTHON_VERSION', '3'), ('GNOME_SHELL_SESSION_MODE', 'ubuntu'), ('GTK_MODULES', 'gail:atk-bridge'), ('MANAGERPID', '1791'), ('SYSTEMD_EXEC_PID', '2064'), ('DBUS_SESSION_BUS_ADDRESS', 'unix:path=/run/user/1001/bus'), ('COLORTERM', 'truecolor'), ('TERMINATOR_DBUS_NAME', 'net.tenshu.Terminator23558193cd9818af7fe4d2c2f5bd9d00f'), ('GIO_LAUNCHED_DESKTOP_FILE_PID', '2911'), ('ROS_DISTRO', 'humble'), ('GTK_IM_MODULE', 'ibus'), ('LOGNAME', 'robotics'), ('JOURNAL_STREAM', '8:12679'), ('_', '/usr/bin/colcon'), ('ROS_VERSION', '2'), ('XDG_SESSION_CLASS', 'user'), ('USERNAME', 'robotics'), ('TERM', 'xterm-256color'), ('GNOME_DESKTOP_SESSION_ID', 'this-is-deprecated'), ('ROS_LOCALHOST_ONLY', '0'), ('WINDOWPATH', '2'), ('PATH', '/opt/ros/humble/bin:/home/robotics/.local/bin:/usr/local/sbin:/usr/local/bin:/usr/sbin:/usr/bin:/sbin:/bin:/usr/games:/usr/local/games:/snap/bin:/snap/bin'), ('SESSION_MANAGER', 'local/scapula:@/tmp/.ICE-unix/2041,unix/scapula:/tmp/.ICE-unix/2041'), ('INVOCATION_ID', 'fa4d4892373d46828ff3f5eecdfb64d7'), ('XDG_MENU_PREFIX', 'gnome-'), ('XDG_RUNTIME_DIR', '/run/user/1001'), ('DISPLAY', ':1'), ('TERMINATOR_DBUS_PATH', '/net/tenshu/Terminator2'), ('LANG', 'en_US.UTF-8'), ('XDG_CURRENT_DESKTOP', 'ubuntu:GNOME'), ('XMODIFIERS', '@im=ibus'), ('XDG_SESSION_DESKTOP', 'ubuntu'), ('XAUTHORITY', '/run/user/1001/gdm/Xauthority'), ('LS_COLORS', 'rs=0:di=01;34:ln=01;36:mh=00:pi=40;33:so=01;35:do=01;35:bd=40;33;01:cd=40;33;01:or=40;31;01:mi=00:su=37;41:sg=30;43:ca=30;41:tw=30;42:ow=34;42:st=37;44:ex=01;32:*.tar=01;31:*.tgz=01;31:*.arc=01;31:*.arj=01;31:*.taz=01;31:*.lha=01;31:*.lz4=01;31:*.lzh=01;31:*.lzma=01;31:*.tlz=01;31:*.txz=01;31:*.tzo=01;31:*.t7z=01;31:*.zip=01;31:*.z=01;31:*.dz=01;31:*.gz=01;31:*.lrz=01;31:*.lz=01;31:*.lzo=01;31:*.xz=01;31:*.zst=01;31:*.tzst=01;31:*.bz2=01;31:*.bz=01;31:*.tbz=01;31:*.tbz2=01;31:*.tz=01;31:*.deb=01;31:*.rpm=01;31:*.jar=01;31:*.war=01;31:*.ear=01;31:*.sar=01;31:*.rar=01;31:*.alz=01;31:*.ace=01;31:*.zoo=01;31:*.cpio=01;31:*.7z=01;31:*.rz=01;31:*.cab=01;31:*.wim=01;31:*.swm=01;31:*.dwm=01;31:*.esd=01;31:*.jpg=01;35:*.jpeg=01;35:*.mjpg=01;35:*.mjpeg=01;35:*.gif=01;35:*.bmp=01;35:*.pbm=01;35:*.pgm=01;35:*.ppm=01;35:*.tga=01;35:*.xbm=01;35:*.xpm=01;35:*.tif=01;35:*.tiff=01;35:*.png=01;35:*.svg=01;35:*.svgz=01;35:*.mng=01;35:*.pcx=01;35:*.mov=01;35:*.mpg=01;35:*.mpeg=01;35:*.m2v=01;35:*.mkv=01;35:*.webm=01;35:*.webp=01;35:*.ogm=01;35:*.mp4=01;35:*.m4v=01;35:*.mp4v=01;35:*.vob=01;35:*.qt=01;35:*.nuv=01;35:*.wmv=01;35:*.asf=01;35:*.rm=01;35:*.rmvb=01;35:*.flc=01;35:*.avi=01;35:*.fli=01;35:*.flv=01;35:*.gl=01;35:*.dl=01;35:*.xcf=01;35:*.xwd=01;35:*.yuv=01;35:*.cgm=01;35:*.emf=01;35:*.ogv=01;35:*.ogx=01;35:*.aac=00;36:*.au=00;36:*.flac=00;36:*.m4a=00;36:*.mid=00;36:*.midi=00;36:*.mka=00;36:*.mp3=00;36:*.mpc=00;36:*.ogg=00;36:*.ra=00;36:*.wav=00;36:*.oga=00;36:*.opus=00;36:*.spx=00;36:*.xspf=00;36:'), ('SSH_AGENT_LAUNCHER', 'gnome-keyring'), ('SSH_AUTH_SOCK', '/run/user/1001/keyring/ssh'), ('AMENT_PREFIX_PATH', '/home/robotics/ros2_cobot/install/mycobot_description:/opt/ros/humble'), ('SHELL', '/bin/bash'), ('TERMINATOR_UUID', 'urn:uuid:9f62500e-929f-4887-8849-f4dd46e1c38d'), ('QT_ACCESSIBILITY', '1'), ('GDMSESSION', 'ubuntu'), ('LESSCLOSE', '/usr/bin/lesspipe %s %s'), ('GPG_AGENT_INFO', '/run/user/1001/gnupg/S.gpg-agent:0:1'), ('GJS_DEBUG_OUTPUT', 'stderr'), ('QT_IM_MODULE', 'ibus'), ('PWD', '/home/robotics/ros2_cobot/build/mycobot_280_moveit2'), ('LC_ALL', 'en_US.UTF-8'), ('XDG_CONFIG_DIRS', '/etc/xdg/xdg-ubuntu:/etc/xdg'), ('XDG_DATA_DIRS', '/usr/share/ubuntu:/usr/share/gnome:/usr/local/share/:/usr/share/:/var/lib/snapd/desktop'), ('PYTHONPATH', '/home/robotics/ros2_cobot/install/mycobot_description/lib/python3.10/site-packages:/opt/ros/humble/lib/python3.10/site-packages:/opt/ros/humble/local/lib/python3.10/dist-packages'), ('COLCON', '1'), ('VTE_VERSION', '6800'), ('CMAKE_PREFIX_PATH', '/opt/ros/humble')]), 'shell': False}
[2.983398] (mypalletizer_communication) Command: {'cmd': ['/usr/bin/python3', '-W', 'ignore:setup.py install is deprecated', '-W', 'ignore:easy_install command is deprecated', 'setup.py', 'egg_info', '--egg-base', '../../../../build/mypalletizer_communication', 'build', '--build-base', '/home/robotics/ros2_cobot/build/mypalletizer_communication/build', 'install', '--record', '/home/robotics/ros2_cobot/build/mypalletizer_communication/install.log', '--single-version-externally-managed', 'install_data'], 'cwd': '/home/robotics/ros2_cobot/src/mycobot_ros2/mypalletizer_260/mypalletizer_communication', 'env': {'GJS_DEBUG_TOPICS': 'JS ERROR;JS LOG', 'LESSOPEN': '| /usr/bin/lesspipe %s', 'LANGUAGE': 'en_CA:en', 'USER': 'robotics', 'XDG_SESSION_TYPE': 'x11', 'SHLVL': '1', 'LD_LIBRARY_PATH': '/home/robotics/ros2_cobot/install/mypalletizer_interfaces/lib:/opt/ros/humble/opt/rviz_ogre_vendor/lib:/opt/ros/humble/lib/x86_64-linux-gnu:/opt/ros/humble/lib', 'HOME': '/home/robotics', 'OLDPWD': '/home/robotics', 'DESKTOP_SESSION': 'ubuntu', 'GIO_LAUNCHED_DESKTOP_FILE': '/usr/share/applications/terminator.desktop', 'ROS_PYTHON_VERSION': '3', 'GNOME_SHELL_SESSION_MODE': 'ubuntu', 'GTK_MODULES': 'gail:atk-bridge', 'MANAGERPID': '1791', 'SYSTEMD_EXEC_PID': '2064', 'DBUS_SESSION_BUS_ADDRESS': 'unix:path=/run/user/1001/bus', 'COLORTERM': 'truecolor', 'TERMINATOR_DBUS_NAME': 'net.tenshu.Terminator23558193cd9818af7fe4d2c2f5bd9d00f', 'GIO_LAUNCHED_DESKTOP_FILE_PID': '2911', 'ROS_DISTRO': 'humble', 'GTK_IM_MODULE': 'ibus', 'LOGNAME': 'robotics', 'JOURNAL_STREAM': '8:12679', '_': '/usr/bin/colcon', 'ROS_VERSION': '2', 'XDG_SESSION_CLASS': 'user', 'USERNAME': 'robotics', 'TERM': 'xterm-256color', 'GNOME_DESKTOP_SESSION_ID': 'this-is-deprecated', 'ROS_LOCALHOST_ONLY': '0', 'WINDOWPATH': '2', 'PATH': '/opt/ros/humble/bin:/home/robotics/.local/bin:/usr/local/sbin:/usr/local/bin:/usr/sbin:/usr/bin:/sbin:/bin:/usr/games:/usr/local/games:/snap/bin:/snap/bin', 'SESSION_MANAGER': 'local/scapula:@/tmp/.ICE-unix/2041,unix/scapula:/tmp/.ICE-unix/2041', 'INVOCATION_ID': 'fa4d4892373d46828ff3f5eecdfb64d7', 'XDG_MENU_PREFIX': 'gnome-', 'XDG_RUNTIME_DIR': '/run/user/1001', 'DISPLAY': ':1', 'TERMINATOR_DBUS_PATH': '/net/tenshu/Terminator2', 'LANG': 'en_US.UTF-8', 'XDG_CURRENT_DESKTOP': 'ubuntu:GNOME', 'XMODIFIERS': '@im=ibus', 'XDG_SESSION_DESKTOP': 'ubuntu', 'XAUTHORITY': '/run/user/1001/gdm/Xauthority', 'LS_COLORS': 'rs=0:di=01;34:ln=01;36:mh=00:pi=40;33:so=01;35:do=01;35:bd=40;33;01:cd=40;33;01:or=40;31;01:mi=00:su=37;41:sg=30;43:ca=30;41:tw=30;42:ow=34;42:st=37;44:ex=01;32:*.tar=01;31:*.tgz=01;31:*.arc=01;31:*.arj=01;31:*.taz=01;31:*.lha=01;31:*.lz4=01;31:*.lzh=01;31:*.lzma=01;31:*.tlz=01;31:*.txz=01;31:*.tzo=01;31:*.t7z=01;31:*.zip=01;31:*.z=01;31:*.dz=01;31:*.gz=01;31:*.lrz=01;31:*.lz=01;31:*.lzo=01;31:*.xz=01;31:*.zst=01;31:*.tzst=01;31:*.bz2=01;31:*.bz=01;31:*.tbz=01;31:*.tbz2=01;31:*.tz=01;31:*.deb=01;31:*.rpm=01;31:*.jar=01;31:*.war=01;31:*.ear=01;31:*.sar=01;31:*.rar=01;31:*.alz=01;31:*.ace=01;31:*.zoo=01;31:*.cpio=01;31:*.7z=01;31:*.rz=01;31:*.cab=01;31:*.wim=01;31:*.swm=01;31:*.dwm=01;31:*.esd=01;31:*.jpg=01;35:*.jpeg=01;35:*.mjpg=01;35:*.mjpeg=01;35:*.gif=01;35:*.bmp=01;35:*.pbm=01;35:*.pgm=01;35:*.ppm=01;35:*.tga=01;35:*.xbm=01;35:*.xpm=01;35:*.tif=01;35:*.tiff=01;35:*.png=01;35:*.svg=01;35:*.svgz=01;35:*.mng=01;35:*.pcx=01;35:*.mov=01;35:*.mpg=01;35:*.mpeg=01;35:*.m2v=01;35:*.mkv=01;35:*.webm=01;35:*.webp=01;35:*.ogm=01;35:*.mp4=01;35:*.m4v=01;35:*.mp4v=01;35:*.vob=01;35:*.qt=01;35:*.nuv=01;35:*.wmv=01;35:*.asf=01;35:*.rm=01;35:*.rmvb=01;35:*.flc=01;35:*.avi=01;35:*.fli=01;35:*.flv=01;35:*.gl=01;35:*.dl=01;35:*.xcf=01;35:*.xwd=01;35:*.yuv=01;35:*.cgm=01;35:*.emf=01;35:*.ogv=01;35:*.ogx=01;35:*.aac=00;36:*.au=00;36:*.flac=00;36:*.m4a=00;36:*.mid=00;36:*.midi=00;36:*.mka=00;36:*.mp3=00;36:*.mpc=00;36:*.ogg=00;36:*.ra=00;36:*.wav=00;36:*.oga=00;36:*.opus=00;36:*.spx=00;36:*.xspf=00;36:', 'SSH_AGENT_LAUNCHER': 'gnome-keyring', 'SSH_AUTH_SOCK': '/run/user/1001/keyring/ssh', 'AMENT_PREFIX_PATH': '/home/robotics/ros2_cobot/install/mypalletizer_interfaces:/opt/ros/humble', 'SHELL': '/bin/bash', 'TERMINATOR_UUID': 'urn:uuid:9f62500e-929f-4887-8849-f4dd46e1c38d', 'QT_ACCESSIBILITY': '1', 'GDMSESSION': 'ubuntu', 'LESSCLOSE': '/usr/bin/lesspipe %s %s', 'GPG_AGENT_INFO': '/run/user/1001/gnupg/S.gpg-agent:0:1', 'GJS_DEBUG_OUTPUT': 'stderr', 'QT_IM_MODULE': 'ibus', 'PWD': '/home/robotics/ros2_cobot/build/mypalletizer_communication', 'LC_ALL': 'en_US.UTF-8', 'XDG_CONFIG_DIRS': '/etc/xdg/xdg-ubuntu:/etc/xdg', 'XDG_DATA_DIRS': '/usr/share/ubuntu:/usr/share/gnome:/usr/local/share/:/usr/share/:/var/lib/snapd/desktop', 'PYTHONPATH': '/home/robotics/ros2_cobot/build/mypalletizer_communication/prefix_override:/usr/lib/python3/dist-packages/colcon_core/task/python/colcon_distutils_commands:/home/robotics/ros2_cobot/install/mypalletizer_communication/lib/python3.10/site-packages:/home/robotics/ros2_cobot/install/mypalletizer_interfaces/local/lib/python3.10/dist-packages:/opt/ros/humble/lib/python3.10/site-packages:/opt/ros/humble/local/lib/python3.10/dist-packages', 'COLCON': '1', 'VTE_VERSION': '6800', 'CMAKE_PREFIX_PATH': '/home/robotics/ros2_cobot/install/mypalletizer_interfaces'}, 'shell': False}
[2.983897] (mycobot_280arduino_moveit2) CommandEnded: {'returncode': 0}
[2.984358] (mycobot_280arduino_moveit2) JobProgress: {'identifier': 'mycobot_280arduino_moveit2', 'progress': 'install'}
[2.984923] (mycobot_280arduino_moveit2) Command: {'cmd': ['/usr/bin/cmake', '--install', '/home/robotics/ros2_cobot/build/mycobot_280arduino_moveit2'], 'cwd': '/home/robotics/ros2_cobot/build/mycobot_280arduino_moveit2', 'env': OrderedDict([('GJS_DEBUG_TOPICS', 'JS ERROR;JS LOG'), ('LESSOPEN', '| /usr/bin/lesspipe %s'), ('LANGUAGE', 'en_CA:en'), ('USER', 'robotics'), ('XDG_SESSION_TYPE', 'x11'), ('SHLVL', '1'), ('LD_LIBRARY_PATH', '/opt/ros/humble/opt/rviz_ogre_vendor/lib:/opt/ros/humble/lib/x86_64-linux-gnu:/opt/ros/humble/lib'), ('HOME', '/home/robotics'), ('OLDPWD', '/home/robotics'), ('DESKTOP_SESSION', 'ubuntu'), ('GIO_LAUNCHED_DESKTOP_FILE', '/usr/share/applications/terminator.desktop'), ('ROS_PYTHON_VERSION', '3'), ('GNOME_SHELL_SESSION_MODE', 'ubuntu'), ('GTK_MODULES', 'gail:atk-bridge'), ('MANAGERPID', '1791'), ('SYSTEMD_EXEC_PID', '2064'), ('DBUS_SESSION_BUS_ADDRESS', 'unix:path=/run/user/1001/bus'), ('COLORTERM', 'truecolor'), ('TERMINATOR_DBUS_NAME', 'net.tenshu.Terminator23558193cd9818af7fe4d2c2f5bd9d00f'), ('GIO_LAUNCHED_DESKTOP_FILE_PID', '2911'), ('ROS_DISTRO', 'humble'), ('GTK_IM_MODULE', 'ibus'), ('LOGNAME', 'robotics'), ('JOURNAL_STREAM', '8:12679'), ('_', '/usr/bin/colcon'), ('ROS_VERSION', '2'), ('XDG_SESSION_CLASS', 'user'), ('USERNAME', 'robotics'), ('TERM', 'xterm-256color'), ('GNOME_DESKTOP_SESSION_ID', 'this-is-deprecated'), ('ROS_LOCALHOST_ONLY', '0'), ('WINDOWPATH', '2'), ('PATH', '/opt/ros/humble/bin:/home/robotics/.local/bin:/usr/local/sbin:/usr/local/bin:/usr/sbin:/usr/bin:/sbin:/bin:/usr/games:/usr/local/games:/snap/bin:/snap/bin'), ('SESSION_MANAGER', 'local/scapula:@/tmp/.ICE-unix/2041,unix/scapula:/tmp/.ICE-unix/2041'), ('INVOCATION_ID', 'fa4d4892373d46828ff3f5eecdfb64d7'), ('XDG_MENU_PREFIX', 'gnome-'), ('XDG_RUNTIME_DIR', '/run/user/1001'), ('DISPLAY', ':1'), ('TERMINATOR_DBUS_PATH', '/net/tenshu/Terminator2'), ('LANG', 'en_US.UTF-8'), ('XDG_CURRENT_DESKTOP', 'ubuntu:GNOME'), ('XMODIFIERS', '@im=ibus'), ('XDG_SESSION_DESKTOP', 'ubuntu'), ('XAUTHORITY', '/run/user/1001/gdm/Xauthority'), ('LS_COLORS', 'rs=0:di=01;34:ln=01;36:mh=00:pi=40;33:so=01;35:do=01;35:bd=40;33;01:cd=40;33;01:or=40;31;01:mi=00:su=37;41:sg=30;43:ca=30;41:tw=30;42:ow=34;42:st=37;44:ex=01;32:*.tar=01;31:*.tgz=01;31:*.arc=01;31:*.arj=01;31:*.taz=01;31:*.lha=01;31:*.lz4=01;31:*.lzh=01;31:*.lzma=01;31:*.tlz=01;31:*.txz=01;31:*.tzo=01;31:*.t7z=01;31:*.zip=01;31:*.z=01;31:*.dz=01;31:*.gz=01;31:*.lrz=01;31:*.lz=01;31:*.lzo=01;31:*.xz=01;31:*.zst=01;31:*.tzst=01;31:*.bz2=01;31:*.bz=01;31:*.tbz=01;31:*.tbz2=01;31:*.tz=01;31:*.deb=01;31:*.rpm=01;31:*.jar=01;31:*.war=01;31:*.ear=01;31:*.sar=01;31:*.rar=01;31:*.alz=01;31:*.ace=01;31:*.zoo=01;31:*.cpio=01;31:*.7z=01;31:*.rz=01;31:*.cab=01;31:*.wim=01;31:*.swm=01;31:*.dwm=01;31:*.esd=01;31:*.jpg=01;35:*.jpeg=01;35:*.mjpg=01;35:*.mjpeg=01;35:*.gif=01;35:*.bmp=01;35:*.pbm=01;35:*.pgm=01;35:*.ppm=01;35:*.tga=01;35:*.xbm=01;35:*.xpm=01;35:*.tif=01;35:*.tiff=01;35:*.png=01;35:*.svg=01;35:*.svgz=01;35:*.mng=01;35:*.pcx=01;35:*.mov=01;35:*.mpg=01;35:*.mpeg=01;35:*.m2v=01;35:*.mkv=01;35:*.webm=01;35:*.webp=01;35:*.ogm=01;35:*.mp4=01;35:*.m4v=01;35:*.mp4v=01;35:*.vob=01;35:*.qt=01;35:*.nuv=01;35:*.wmv=01;35:*.asf=01;35:*.rm=01;35:*.rmvb=01;35:*.flc=01;35:*.avi=01;35:*.fli=01;35:*.flv=01;35:*.gl=01;35:*.dl=01;35:*.xcf=01;35:*.xwd=01;35:*.yuv=01;35:*.cgm=01;35:*.emf=01;35:*.ogv=01;35:*.ogx=01;35:*.aac=00;36:*.au=00;36:*.flac=00;36:*.m4a=00;36:*.mid=00;36:*.midi=00;36:*.mka=00;36:*.mp3=00;36:*.mpc=00;36:*.ogg=00;36:*.ra=00;36:*.wav=00;36:*.oga=00;36:*.opus=00;36:*.spx=00;36:*.xspf=00;36:'), ('SSH_AGENT_LAUNCHER', 'gnome-keyring'), ('SSH_AUTH_SOCK', '/run/user/1001/keyring/ssh'), ('AMENT_PREFIX_PATH', '/home/robotics/ros2_cobot/install/mycobot_description:/opt/ros/humble'), ('SHELL', '/bin/bash'), ('TERMINATOR_UUID', 'urn:uuid:9f62500e-929f-4887-8849-f4dd46e1c38d'), ('QT_ACCESSIBILITY', '1'), ('GDMSESSION', 'ubuntu'), ('LESSCLOSE', '/usr/bin/lesspipe %s %s'), ('GPG_AGENT_INFO', '/run/user/1001/gnupg/S.gpg-agent:0:1'), ('GJS_DEBUG_OUTPUT', 'stderr'), ('QT_IM_MODULE', 'ibus'), ('PWD', '/home/robotics/ros2_cobot/build/mycobot_280arduino_moveit2'), ('LC_ALL', 'en_US.UTF-8'), ('XDG_CONFIG_DIRS', '/etc/xdg/xdg-ubuntu:/etc/xdg'), ('XDG_DATA_DIRS', '/usr/share/ubuntu:/usr/share/gnome:/usr/local/share/:/usr/share/:/var/lib/snapd/desktop'), ('PYTHONPATH', '/home/robotics/ros2_cobot/install/mycobot_description/lib/python3.10/site-packages:/opt/ros/humble/lib/python3.10/site-packages:/opt/ros/humble/local/lib/python3.10/dist-packages'), ('COLCON', '1'), ('VTE_VERSION', '6800'), ('CMAKE_PREFIX_PATH', '/opt/ros/humble')]), 'shell': False}
[2.988058] (mycobot_280_moveit2) StdoutLine: {'line': b'-- Install configuration: ""\n'}
[2.988977] (mycobot_280_moveit2) StdoutLine: {'line': b'-- Up-to-date: /home/robotics/ros2_cobot/install/mycobot_280_moveit2/share/ament_index/resource_index/package_run_dependencies/mycobot_280_moveit2\n'}
[2.989117] (mycobot_280_moveit2) StdoutLine: {'line': b'-- Up-to-date: /home/robotics/ros2_cobot/install/mycobot_280_moveit2/share/ament_index/resource_index/parent_prefix_path/mycobot_280_moveit2\n'}
[2.989179] (mycobot_280_moveit2) StdoutLine: {'line': b'-- Up-to-date: /home/robotics/ros2_cobot/install/mycobot_280_moveit2/share/mycobot_280_moveit2/environment/ament_prefix_path.sh\n'}
[2.989218] (mycobot_280_moveit2) StdoutLine: {'line': b'-- Up-to-date: /home/robotics/ros2_cobot/install/mycobot_280_moveit2/share/mycobot_280_moveit2/environment/ament_prefix_path.dsv\n'}
[2.989255] (mycobot_280_moveit2) StdoutLine: {'line': b'-- Up-to-date: /home/robotics/ros2_cobot/install/mycobot_280_moveit2/share/mycobot_280_moveit2/environment/path.sh\n'}
[2.989325] (mycobot_280_moveit2) StdoutLine: {'line': b'-- Up-to-date: /home/robotics/ros2_cobot/install/mycobot_280_moveit2/share/mycobot_280_moveit2/environment/path.dsv\n'}
[2.989353] (mycobot_280_moveit2) StdoutLine: {'line': b'-- Up-to-date: /home/robotics/ros2_cobot/install/mycobot_280_moveit2/share/mycobot_280_moveit2/local_setup.bash\n'}
[2.989539] (mycobot_280_moveit2) StdoutLine: {'line': b'-- Up-to-date: /home/robotics/ros2_cobot/install/mycobot_280_moveit2/share/mycobot_280_moveit2/local_setup.sh\n'}
[2.989568] (mycobot_280_moveit2) StdoutLine: {'line': b'-- Up-to-date: /home/robotics/ros2_cobot/install/mycobot_280_moveit2/share/mycobot_280_moveit2/local_setup.zsh\n'}
[2.989596] (mycobot_280_moveit2) StdoutLine: {'line': b'-- Up-to-date: /home/robotics/ros2_cobot/install/mycobot_280_moveit2/share/mycobot_280_moveit2/local_setup.dsv\n'}
[2.989623] (mycobot_280_moveit2) StdoutLine: {'line': b'-- Installing: /home/robotics/ros2_cobot/install/mycobot_280_moveit2/share/mycobot_280_moveit2/package.dsv\n'}
[2.989652] (mycobot_280_moveit2) StdoutLine: {'line': b'-- Up-to-date: /home/robotics/ros2_cobot/install/mycobot_280_moveit2/share/ament_index/resource_index/packages/mycobot_280_moveit2\n'}
[2.989690] (mycobot_280_moveit2) StdoutLine: {'line': b'-- Up-to-date: /home/robotics/ros2_cobot/install/mycobot_280_moveit2/share/mycobot_280_moveit2/cmake/mycobot_280_moveit2Config.cmake\n'}
[2.989725] (mycobot_280_moveit2) StdoutLine: {'line': b'-- Up-to-date: /home/robotics/ros2_cobot/install/mycobot_280_moveit2/share/mycobot_280_moveit2/cmake/mycobot_280_moveit2Config-version.cmake\n'}
[2.989762] (mycobot_280_moveit2) StdoutLine: {'line': b'-- Up-to-date: /home/robotics/ros2_cobot/install/mycobot_280_moveit2/share/mycobot_280_moveit2/package.xml\n'}
[2.989801] (mycobot_280_moveit2) StdoutLine: {'line': b'-- Up-to-date: /home/robotics/ros2_cobot/install/mycobot_280_moveit2/share/mycobot_280_moveit2/launch\n'}
[2.989933] (mycobot_280_moveit2) StdoutLine: {'line': b'-- Up-to-date: /home/robotics/ros2_cobot/install/mycobot_280_moveit2/share/mycobot_280_moveit2/launch/rsp.launch.py\n'}
[2.989978] (mycobot_280_moveit2) StdoutLine: {'line': b'-- Up-to-date: /home/robotics/ros2_cobot/install/mycobot_280_moveit2/share/mycobot_280_moveit2/launch/demo.launch.py\n'}
[2.990031] (mycobot_280_moveit2) StdoutLine: {'line': b'-- Up-to-date: /home/robotics/ros2_cobot/install/mycobot_280_moveit2/share/mycobot_280_moveit2/launch/static_virtual_joint_tfs.launch.py\n'}
[2.990081] (mycobot_280_moveit2) StdoutLine: {'line': b'-- Up-to-date: /home/robotics/ros2_cobot/install/mycobot_280_moveit2/share/mycobot_280_moveit2/launch/moveit_rviz.launch.py\n'}
[2.990216] (mycobot_280_moveit2) StdoutLine: {'line': b'-- Up-to-date: /home/robotics/ros2_cobot/install/mycobot_280_moveit2/share/mycobot_280_moveit2/launch/setup_assistant.launch.py\n'}
[2.990258] (mycobot_280_moveit2) StdoutLine: {'line': b'-- Up-to-date: /home/robotics/ros2_cobot/install/mycobot_280_moveit2/share/mycobot_280_moveit2/launch/warehouse_db.launch.py\n'}
[2.990334] (mycobot_280_moveit2) StdoutLine: {'line': b'-- Up-to-date: /home/robotics/ros2_cobot/install/mycobot_280_moveit2/share/mycobot_280_moveit2/launch/move_group.launch.py\n'}
[2.990368] (mycobot_280_moveit2) StdoutLine: {'line': b'-- Up-to-date: /home/robotics/ros2_cobot/install/mycobot_280_moveit2/share/mycobot_280_moveit2/launch/spawn_controllers.launch.py\n'}
[2.990400] (mycobot_280_moveit2) StdoutLine: {'line': b'-- Up-to-date: /home/robotics/ros2_cobot/install/mycobot_280_moveit2/share/mycobot_280_moveit2/config\n'}
[2.990433] (mycobot_280_moveit2) StdoutLine: {'line': b'-- Up-to-date: /home/robotics/ros2_cobot/install/mycobot_280_moveit2/share/mycobot_280_moveit2/config/joint_limits.yaml\n'}
[2.990465] (mycobot_280_moveit2) StdoutLine: {'line': b'-- Up-to-date: /home/robotics/ros2_cobot/install/mycobot_280_moveit2/share/mycobot_280_moveit2/config/firefighter.srdf\n'}
[2.990499] (mycobot_280_moveit2) StdoutLine: {'line': b'-- Up-to-date: /home/robotics/ros2_cobot/install/mycobot_280_moveit2/share/mycobot_280_moveit2/config/kinematics.yaml\n'}
[2.990532] (mycobot_280_moveit2) StdoutLine: {'line': b'-- Up-to-date: /home/robotics/ros2_cobot/install/mycobot_280_moveit2/share/mycobot_280_moveit2/config/firefighter.ros2_control.xacro\n'}
[2.990566] (mycobot_280_moveit2) StdoutLine: {'line': b'-- Up-to-date: /home/robotics/ros2_cobot/install/mycobot_280_moveit2/share/mycobot_280_moveit2/config/firefighter.urdf.xacro\n'}
[2.990600] (mycobot_280_moveit2) StdoutLine: {'line': b'-- Up-to-date: /home/robotics/ros2_cobot/install/mycobot_280_moveit2/share/mycobot_280_moveit2/config/ros2_controllers.yaml\n'}
[2.990636] (mycobot_280_moveit2) StdoutLine: {'line': b'-- Up-to-date: /home/robotics/ros2_cobot/install/mycobot_280_moveit2/share/mycobot_280_moveit2/config/initial_positions.yaml\n'}
[2.990671] (mycobot_280_moveit2) StdoutLine: {'line': b'-- Up-to-date: /home/robotics/ros2_cobot/install/mycobot_280_moveit2/share/mycobot_280_moveit2/config/pilz_cartesian_limits.yaml\n'}
[2.990703] (mycobot_280_moveit2) StdoutLine: {'line': b'-- Up-to-date: /home/robotics/ros2_cobot/install/mycobot_280_moveit2/share/mycobot_280_moveit2/config/moveit_controllers.yaml\n'}
[2.990744] (mycobot_280_moveit2) StdoutLine: {'line': b'-- Up-to-date: /home/robotics/ros2_cobot/install/mycobot_280_moveit2/share/mycobot_280_moveit2/config/moveit.rviz\n'}
[2.990780] (mycobot_280_moveit2) StdoutLine: {'line': b'-- Up-to-date: /home/robotics/ros2_cobot/install/mycobot_280_moveit2/share/mycobot_280_moveit2/.setup_assistant\n'}
[3.009366] (-) TimerEvent: {}
[3.012033] (mycobot_280arduino_moveit2) StdoutLine: {'line': b'-- Install configuration: ""\n'}
[3.012623] (mycobot_280arduino_moveit2) StdoutLine: {'line': b'-- Up-to-date: /home/robotics/ros2_cobot/install/mycobot_280arduino_moveit2/share/ament_index/resource_index/package_run_dependencies/mycobot_280arduino_moveit2\n'}
[3.012705] (mycobot_280arduino_moveit2) StdoutLine: {'line': b'-- Up-to-date: /home/robotics/ros2_cobot/install/mycobot_280arduino_moveit2/share/ament_index/resource_index/parent_prefix_path/mycobot_280arduino_moveit2\n'}
[3.012783] (mycobot_280arduino_moveit2) StdoutLine: {'line': b'-- Up-to-date: /home/robotics/ros2_cobot/install/mycobot_280arduino_moveit2/share/mycobot_280arduino_moveit2/environment/ament_prefix_path.sh\n'}
[3.012834] (mycobot_280arduino_moveit2) StdoutLine: {'line': b'-- Up-to-date: /home/robotics/ros2_cobot/install/mycobot_280arduino_moveit2/share/mycobot_280arduino_moveit2/environment/ament_prefix_path.dsv\n'}
[3.012881] (mycobot_280arduino_moveit2) StdoutLine: {'line': b'-- Up-to-date: /home/robotics/ros2_cobot/install/mycobot_280arduino_moveit2/share/mycobot_280arduino_moveit2/environment/path.sh\n'}
[3.012930] (mycobot_280arduino_moveit2) StdoutLine: {'line': b'-- Up-to-date: /home/robotics/ros2_cobot/install/mycobot_280arduino_moveit2/share/mycobot_280arduino_moveit2/environment/path.dsv\n'}
[3.012978] (mycobot_280arduino_moveit2) StdoutLine: {'line': b'-- Up-to-date: /home/robotics/ros2_cobot/install/mycobot_280arduino_moveit2/share/mycobot_280arduino_moveit2/local_setup.bash\n'}
[3.013024] (mycobot_280arduino_moveit2) StdoutLine: {'line': b'-- Up-to-date: /home/robotics/ros2_cobot/install/mycobot_280arduino_moveit2/share/mycobot_280arduino_moveit2/local_setup.sh\n'}
[3.013066] (mycobot_280arduino_moveit2) StdoutLine: {'line': b'-- Up-to-date: /home/robotics/ros2_cobot/install/mycobot_280arduino_moveit2/share/mycobot_280arduino_moveit2/local_setup.zsh\n'}
[3.013108] (mycobot_280arduino_moveit2) StdoutLine: {'line': b'-- Up-to-date: /home/robotics/ros2_cobot/install/mycobot_280arduino_moveit2/share/mycobot_280arduino_moveit2/local_setup.dsv\n'}
[3.013193] (mycobot_280arduino_moveit2) StdoutLine: {'line': b'-- Installing: /home/robotics/ros2_cobot/install/mycobot_280arduino_moveit2/share/mycobot_280arduino_moveit2/package.dsv\n'}
[3.013476] (mycobot_280arduino_moveit2) StdoutLine: {'line': b'-- Up-to-date: /home/robotics/ros2_cobot/install/mycobot_280arduino_moveit2/share/ament_index/resource_index/packages/mycobot_280arduino_moveit2\n'}
[3.013529] (mycobot_280arduino_moveit2) StdoutLine: {'line': b'-- Up-to-date: /home/robotics/ros2_cobot/install/mycobot_280arduino_moveit2/share/mycobot_280arduino_moveit2/cmake/mycobot_280arduino_moveit2Config.cmake\n'}
[3.013572] (mycobot_280arduino_moveit2) StdoutLine: {'line': b'-- Up-to-date: /home/robotics/ros2_cobot/install/mycobot_280arduino_moveit2/share/mycobot_280arduino_moveit2/cmake/mycobot_280arduino_moveit2Config-version.cmake\n'}
[3.013615] (mycobot_280arduino_moveit2) StdoutLine: {'line': b'-- Up-to-date: /home/robotics/ros2_cobot/install/mycobot_280arduino_moveit2/share/mycobot_280arduino_moveit2/package.xml\n'}
[3.013655] (mycobot_280arduino_moveit2) StdoutLine: {'line': b'-- Up-to-date: /home/robotics/ros2_cobot/install/mycobot_280arduino_moveit2/share/mycobot_280arduino_moveit2/launch\n'}
[3.013694] (mycobot_280arduino_moveit2) StdoutLine: {'line': b'-- Up-to-date: /home/robotics/ros2_cobot/install/mycobot_280arduino_moveit2/share/mycobot_280arduino_moveit2/launch/rsp.launch.py\n'}
[3.013737] (mycobot_280arduino_moveit2) StdoutLine: {'line': b'-- Up-to-date: /home/robotics/ros2_cobot/install/mycobot_280arduino_moveit2/share/mycobot_280arduino_moveit2/launch/demo.launch.py\n'}
[3.013779] (mycobot_280arduino_moveit2) StdoutLine: {'line': b'-- Up-to-date: /home/robotics/ros2_cobot/install/mycobot_280arduino_moveit2/share/mycobot_280arduino_moveit2/launch/static_virtual_joint_tfs.launch.py\n'}
[3.013819] (mycobot_280arduino_moveit2) StdoutLine: {'line': b'-- Up-to-date: /home/robotics/ros2_cobot/install/mycobot_280arduino_moveit2/share/mycobot_280arduino_moveit2/launch/moveit_rviz.launch.py\n'}
[3.013868] (mycobot_280arduino_moveit2) StdoutLine: {'line': b'-- Up-to-date: /home/robotics/ros2_cobot/install/mycobot_280arduino_moveit2/share/mycobot_280arduino_moveit2/launch/setup_assistant.launch.py\n'}
[3.013906] (mycobot_280arduino_moveit2) StdoutLine: {'line': b'-- Up-to-date: /home/robotics/ros2_cobot/install/mycobot_280arduino_moveit2/share/mycobot_280arduino_moveit2/launch/warehouse_db.launch.py\n'}
[3.013952] (mycobot_280arduino_moveit2) StdoutLine: {'line': b'-- Up-to-date: /home/robotics/ros2_cobot/install/mycobot_280arduino_moveit2/share/mycobot_280arduino_moveit2/launch/move_group.launch.py\n'}
[3.013995] (mycobot_280arduino_moveit2) StdoutLine: {'line': b'-- Up-to-date: /home/robotics/ros2_cobot/install/mycobot_280arduino_moveit2/share/mycobot_280arduino_moveit2/launch/spawn_controllers.launch.py\n'}
[3.014038] (mycobot_280arduino_moveit2) StdoutLine: {'line': b'-- Up-to-date: /home/robotics/ros2_cobot/install/mycobot_280arduino_moveit2/share/mycobot_280arduino_moveit2/config\n'}
[3.014079] (mycobot_280arduino_moveit2) StdoutLine: {'line': b'-- Up-to-date: /home/robotics/ros2_cobot/install/mycobot_280arduino_moveit2/share/mycobot_280arduino_moveit2/config/joint_limits.yaml\n'}
[3.014119] (mycobot_280arduino_moveit2) StdoutLine: {'line': b'-- Up-to-date: /home/robotics/ros2_cobot/install/mycobot_280arduino_moveit2/share/mycobot_280arduino_moveit2/config/firefighter.srdf\n'}
[3.014184] (mycobot_280arduino_moveit2) StdoutLine: {'line': b'-- Up-to-date: /home/robotics/ros2_cobot/install/mycobot_280arduino_moveit2/share/mycobot_280arduino_moveit2/config/kinematics.yaml\n'}
[3.014404] (mycobot_280arduino_moveit2) StdoutLine: {'line': b'-- Up-to-date: /home/robotics/ros2_cobot/install/mycobot_280arduino_moveit2/share/mycobot_280arduino_moveit2/config/firefighter.ros2_control.xacro\n'}
[3.014463] (mycobot_280arduino_moveit2) StdoutLine: {'line': b'-- Up-to-date: /home/robotics/ros2_cobot/install/mycobot_280arduino_moveit2/share/mycobot_280arduino_moveit2/config/firefighter.urdf.xacro\n'}
[3.014554] (mycobot_280arduino_moveit2) StdoutLine: {'line': b'-- Up-to-date: /home/robotics/ros2_cobot/install/mycobot_280arduino_moveit2/share/mycobot_280arduino_moveit2/config/ros2_controllers.yaml\n'}
[3.014602] (mycobot_280arduino_moveit2) StdoutLine: {'line': b'-- Up-to-date: /home/robotics/ros2_cobot/install/mycobot_280arduino_moveit2/share/mycobot_280arduino_moveit2/config/initial_positions.yaml\n'}
[3.014646] (mycobot_280arduino_moveit2) StdoutLine: {'line': b'-- Up-to-date: /home/robotics/ros2_cobot/install/mycobot_280arduino_moveit2/share/mycobot_280arduino_moveit2/config/pilz_cartesian_limits.yaml\n'}
[3.014695] (mycobot_280arduino_moveit2) StdoutLine: {'line': b'-- Up-to-date: /home/robotics/ros2_cobot/install/mycobot_280arduino_moveit2/share/mycobot_280arduino_moveit2/config/moveit_controllers.yaml\n'}
[3.014744] (mycobot_280arduino_moveit2) StdoutLine: {'line': b'-- Up-to-date: /home/robotics/ros2_cobot/install/mycobot_280arduino_moveit2/share/mycobot_280arduino_moveit2/config/moveit.rviz\n'}
[3.014797] (mycobot_280arduino_moveit2) StdoutLine: {'line': b'-- Up-to-date: /home/robotics/ros2_cobot/install/mycobot_280arduino_moveit2/share/mycobot_280arduino_moveit2/.setup_assistant\n'}
[3.018427] (mycobot_280arduino_moveit2) CommandEnded: {'returncode': 0}
[3.031495] (mycobot_280arduino_moveit2) JobEnded: {'identifier': 'mycobot_280arduino_moveit2', 'rc': 0}
[3.033153] (mycobot_280rdkx5_moveit2) JobStarted: {'identifier': 'mycobot_280rdkx5_moveit2'}
[3.040176] (mycobot_280_moveit2) CommandEnded: {'returncode': 0}
[3.054181] (mycobot_280_moveit2) JobEnded: {'identifier': 'mycobot_280_moveit2', 'rc': 0}
[3.055888] (mycobot_320) JobStarted: {'identifier': 'mycobot_320'}
[3.062371] (mycobot_280rdkx5_moveit2) JobProgress: {'identifier': 'mycobot_280rdkx5_moveit2', 'progress': 'cmake'}
[3.063461] (mycobot_280rdkx5_moveit2) JobProgress: {'identifier': 'mycobot_280rdkx5_moveit2', 'progress': 'build'}
[3.064508] (mycobot_280rdkx5_moveit2) Command: {'cmd': ['/usr/bin/cmake', '--build', '/home/robotics/ros2_cobot/build/mycobot_280rdkx5_moveit2', '--', '-j16', '-l16'], 'cwd': '/home/robotics/ros2_cobot/build/mycobot_280rdkx5_moveit2', 'env': OrderedDict([('GJS_DEBUG_TOPICS', 'JS ERROR;JS LOG'), ('LESSOPEN', '| /usr/bin/lesspipe %s'), ('LANGUAGE', 'en_CA:en'), ('USER', 'robotics'), ('XDG_SESSION_TYPE', 'x11'), ('SHLVL', '1'), ('LD_LIBRARY_PATH', '/opt/ros/humble/opt/rviz_ogre_vendor/lib:/opt/ros/humble/lib/x86_64-linux-gnu:/opt/ros/humble/lib'), ('HOME', '/home/robotics'), ('OLDPWD', '/home/robotics'), ('DESKTOP_SESSION', 'ubuntu'), ('GIO_LAUNCHED_DESKTOP_FILE', '/usr/share/applications/terminator.desktop'), ('ROS_PYTHON_VERSION', '3'), ('GNOME_SHELL_SESSION_MODE', 'ubuntu'), ('GTK_MODULES', 'gail:atk-bridge'), ('MANAGERPID', '1791'), ('SYSTEMD_EXEC_PID', '2064'), ('DBUS_SESSION_BUS_ADDRESS', 'unix:path=/run/user/1001/bus'), ('COLORTERM', 'truecolor'), ('TERMINATOR_DBUS_NAME', 'net.tenshu.Terminator23558193cd9818af7fe4d2c2f5bd9d00f'), ('GIO_LAUNCHED_DESKTOP_FILE_PID', '2911'), ('ROS_DISTRO', 'humble'), ('GTK_IM_MODULE', 'ibus'), ('LOGNAME', 'robotics'), ('JOURNAL_STREAM', '8:12679'), ('_', '/usr/bin/colcon'), ('ROS_VERSION', '2'), ('XDG_SESSION_CLASS', 'user'), ('USERNAME', 'robotics'), ('TERM', 'xterm-256color'), ('GNOME_DESKTOP_SESSION_ID', 'this-is-deprecated'), ('ROS_LOCALHOST_ONLY', '0'), ('WINDOWPATH', '2'), ('PATH', '/opt/ros/humble/bin:/home/robotics/.local/bin:/usr/local/sbin:/usr/local/bin:/usr/sbin:/usr/bin:/sbin:/bin:/usr/games:/usr/local/games:/snap/bin:/snap/bin'), ('SESSION_MANAGER', 'local/scapula:@/tmp/.ICE-unix/2041,unix/scapula:/tmp/.ICE-unix/2041'), ('INVOCATION_ID', 'fa4d4892373d46828ff3f5eecdfb64d7'), ('XDG_MENU_PREFIX', 'gnome-'), ('XDG_RUNTIME_DIR', '/run/user/1001'), ('DISPLAY', ':1'), ('TERMINATOR_DBUS_PATH', '/net/tenshu/Terminator2'), ('LANG', 'en_US.UTF-8'), ('XDG_CURRENT_DESKTOP', 'ubuntu:GNOME'), ('XMODIFIERS', '@im=ibus'), ('XDG_SESSION_DESKTOP', 'ubuntu'), ('XAUTHORITY', '/run/user/1001/gdm/Xauthority'), ('LS_COLORS', 'rs=0:di=01;34:ln=01;36:mh=00:pi=40;33:so=01;35:do=01;35:bd=40;33;01:cd=40;33;01:or=40;31;01:mi=00:su=37;41:sg=30;43:ca=30;41:tw=30;42:ow=34;42:st=37;44:ex=01;32:*.tar=01;31:*.tgz=01;31:*.arc=01;31:*.arj=01;31:*.taz=01;31:*.lha=01;31:*.lz4=01;31:*.lzh=01;31:*.lzma=01;31:*.tlz=01;31:*.txz=01;31:*.tzo=01;31:*.t7z=01;31:*.zip=01;31:*.z=01;31:*.dz=01;31:*.gz=01;31:*.lrz=01;31:*.lz=01;31:*.lzo=01;31:*.xz=01;31:*.zst=01;31:*.tzst=01;31:*.bz2=01;31:*.bz=01;31:*.tbz=01;31:*.tbz2=01;31:*.tz=01;31:*.deb=01;31:*.rpm=01;31:*.jar=01;31:*.war=01;31:*.ear=01;31:*.sar=01;31:*.rar=01;31:*.alz=01;31:*.ace=01;31:*.zoo=01;31:*.cpio=01;31:*.7z=01;31:*.rz=01;31:*.cab=01;31:*.wim=01;31:*.swm=01;31:*.dwm=01;31:*.esd=01;31:*.jpg=01;35:*.jpeg=01;35:*.mjpg=01;35:*.mjpeg=01;35:*.gif=01;35:*.bmp=01;35:*.pbm=01;35:*.pgm=01;35:*.ppm=01;35:*.tga=01;35:*.xbm=01;35:*.xpm=01;35:*.tif=01;35:*.tiff=01;35:*.png=01;35:*.svg=01;35:*.svgz=01;35:*.mng=01;35:*.pcx=01;35:*.mov=01;35:*.mpg=01;35:*.mpeg=01;35:*.m2v=01;35:*.mkv=01;35:*.webm=01;35:*.webp=01;35:*.ogm=01;35:*.mp4=01;35:*.m4v=01;35:*.mp4v=01;35:*.vob=01;35:*.qt=01;35:*.nuv=01;35:*.wmv=01;35:*.asf=01;35:*.rm=01;35:*.rmvb=01;35:*.flc=01;35:*.avi=01;35:*.fli=01;35:*.flv=01;35:*.gl=01;35:*.dl=01;35:*.xcf=01;35:*.xwd=01;35:*.yuv=01;35:*.cgm=01;35:*.emf=01;35:*.ogv=01;35:*.ogx=01;35:*.aac=00;36:*.au=00;36:*.flac=00;36:*.m4a=00;36:*.mid=00;36:*.midi=00;36:*.mka=00;36:*.mp3=00;36:*.mpc=00;36:*.ogg=00;36:*.ra=00;36:*.wav=00;36:*.oga=00;36:*.opus=00;36:*.spx=00;36:*.xspf=00;36:'), ('SSH_AGENT_LAUNCHER', 'gnome-keyring'), ('SSH_AUTH_SOCK', '/run/user/1001/keyring/ssh'), ('AMENT_PREFIX_PATH', '/home/robotics/ros2_cobot/install/mycobot_description:/opt/ros/humble'), ('SHELL', '/bin/bash'), ('TERMINATOR_UUID', 'urn:uuid:9f62500e-929f-4887-8849-f4dd46e1c38d'), ('QT_ACCESSIBILITY', '1'), ('GDMSESSION', 'ubuntu'), ('LESSCLOSE', '/usr/bin/lesspipe %s %s'), ('GPG_AGENT_INFO', '/run/user/1001/gnupg/S.gpg-agent:0:1'), ('GJS_DEBUG_OUTPUT', 'stderr'), ('QT_IM_MODULE', 'ibus'), ('PWD', '/home/robotics/ros2_cobot/build/mycobot_280rdkx5_moveit2'), ('LC_ALL', 'en_US.UTF-8'), ('XDG_CONFIG_DIRS', '/etc/xdg/xdg-ubuntu:/etc/xdg'), ('XDG_DATA_DIRS', '/usr/share/ubuntu:/usr/share/gnome:/usr/local/share/:/usr/share/:/var/lib/snapd/desktop'), ('PYTHONPATH', '/home/robotics/ros2_cobot/install/mycobot_description/lib/python3.10/site-packages:/opt/ros/humble/lib/python3.10/site-packages:/opt/ros/humble/local/lib/python3.10/dist-packages'), ('COLCON', '1'), ('VTE_VERSION', '6800'), ('CMAKE_PREFIX_PATH', '/opt/ros/humble')]), 'shell': False}
[3.109470] (-) TimerEvent: {}
[3.210232] (-) TimerEvent: {}
[3.239265] (mypalletizer_communication) StdoutLine: {'line': b'running egg_info\n'}
[3.239572] (mypalletizer_communication) StdoutLine: {'line': b'writing ../../../../build/mypalletizer_communication/mypalletizer_communication.egg-info/PKG-INFO\n'}
[3.240084] (mypalletizer_communication) StdoutLine: {'line': b'writing dependency_links to ../../../../build/mypalletizer_communication/mypalletizer_communication.egg-info/dependency_links.txt\n'}
[3.240240] (mypalletizer_communication) StdoutLine: {'line': b'writing entry points to ../../../../build/mypalletizer_communication/mypalletizer_communication.egg-info/entry_points.txt\n'}
[3.240431] (mypalletizer_communication) StdoutLine: {'line': b'writing requirements to ../../../../build/mypalletizer_communication/mypalletizer_communication.egg-info/requires.txt\n'}
[3.240658] (mypalletizer_communication) StdoutLine: {'line': b'writing top-level names to ../../../../build/mypalletizer_communication/mypalletizer_communication.egg-info/top_level.txt\n'}
[3.243746] (mypalletizer_communication) StdoutLine: {'line': b"reading manifest file '../../../../build/mypalletizer_communication/mypalletizer_communication.egg-info/SOURCES.txt'\n"}
[3.244748] (mypalletizer_communication) StdoutLine: {'line': b"writing manifest file '../../../../build/mypalletizer_communication/mypalletizer_communication.egg-info/SOURCES.txt'\n"}
[3.245111] (mypalletizer_communication) StdoutLine: {'line': b'running build\n'}
[3.245203] (mypalletizer_communication) StdoutLine: {'line': b'running build_py\n'}
[3.245853] (mypalletizer_communication) StdoutLine: {'line': b'running install\n'}
[3.247378] (mypalletizer_communication) StdoutLine: {'line': b'running install_lib\n'}
[3.248150] (mypalletizer_communication) StdoutLine: {'line': b'running install_data\n'}
[3.248623] (mypalletizer_communication) StdoutLine: {'line': b'running install_egg_info\n'}
[3.251066] (mypalletizer_communication) StdoutLine: {'line': b"removing '/home/robotics/ros2_cobot/install/mypalletizer_communication/lib/python3.10/site-packages/mypalletizer_communication-0.0.0-py3.10.egg-info' (and everything under it)\n"}
[3.251393] (mypalletizer_communication) StdoutLine: {'line': b'Copying ../../../../build/mypalletizer_communication/mypalletizer_communication.egg-info to /home/robotics/ros2_cobot/install/mypalletizer_communication/lib/python3.10/site-packages/mypalletizer_communication-0.0.0-py3.10.egg-info\n'}
[3.252370] (mypalletizer_communication) StdoutLine: {'line': b'running install_scripts\n'}
[3.273183] (mypalletizer_communication) StdoutLine: {'line': b'Installing mypalletizer_services script to /home/robotics/ros2_cobot/install/mypalletizer_communication/lib/mypalletizer_communication\n'}
[3.273495] (mypalletizer_communication) StdoutLine: {'line': b'Installing mypalletizer_topics script to /home/robotics/ros2_cobot/install/mypalletizer_communication/lib/mypalletizer_communication\n'}
[3.273678] (mypalletizer_communication) StdoutLine: {'line': b'Installing mypalletizer_topics_seeed script to /home/robotics/ros2_cobot/install/mypalletizer_communication/lib/mypalletizer_communication\n'}
[3.274106] (mypalletizer_communication) StdoutLine: {'line': b"writing list of installed files to '/home/robotics/ros2_cobot/build/mypalletizer_communication/install.log'\n"}
[3.310336] (-) TimerEvent: {}
[3.411072] (-) TimerEvent: {}
[3.414980] (mypalletizer_communication) CommandEnded: {'returncode': 0}
[3.423073] (mypalletizer_communication) JobEnded: {'identifier': 'mypalletizer_communication', 'rc': 0}
[3.423506] (mycobot_280rdkx5_moveit2) CommandEnded: {'returncode': 0}
[3.424597] (mycobot_280rdkx5_moveit2) JobProgress: {'identifier': 'mycobot_280rdkx5_moveit2', 'progress': 'install'}
[3.424830] (mycobot_280rdkx5_moveit2) Command: {'cmd': ['/usr/bin/cmake', '--install', '/home/robotics/ros2_cobot/build/mycobot_280rdkx5_moveit2'], 'cwd': '/home/robotics/ros2_cobot/build/mycobot_280rdkx5_moveit2', 'env': OrderedDict([('GJS_DEBUG_TOPICS', 'JS ERROR;JS LOG'), ('LESSOPEN', '| /usr/bin/lesspipe %s'), ('LANGUAGE', 'en_CA:en'), ('USER', 'robotics'), ('XDG_SESSION_TYPE', 'x11'), ('SHLVL', '1'), ('LD_LIBRARY_PATH', '/opt/ros/humble/opt/rviz_ogre_vendor/lib:/opt/ros/humble/lib/x86_64-linux-gnu:/opt/ros/humble/lib'), ('HOME', '/home/robotics'), ('OLDPWD', '/home/robotics'), ('DESKTOP_SESSION', 'ubuntu'), ('GIO_LAUNCHED_DESKTOP_FILE', '/usr/share/applications/terminator.desktop'), ('ROS_PYTHON_VERSION', '3'), ('GNOME_SHELL_SESSION_MODE', 'ubuntu'), ('GTK_MODULES', 'gail:atk-bridge'), ('MANAGERPID', '1791'), ('SYSTEMD_EXEC_PID', '2064'), ('DBUS_SESSION_BUS_ADDRESS', 'unix:path=/run/user/1001/bus'), ('COLORTERM', 'truecolor'), ('TERMINATOR_DBUS_NAME', 'net.tenshu.Terminator23558193cd9818af7fe4d2c2f5bd9d00f'), ('GIO_LAUNCHED_DESKTOP_FILE_PID', '2911'), ('ROS_DISTRO', 'humble'), ('GTK_IM_MODULE', 'ibus'), ('LOGNAME', 'robotics'), ('JOURNAL_STREAM', '8:12679'), ('_', '/usr/bin/colcon'), ('ROS_VERSION', '2'), ('XDG_SESSION_CLASS', 'user'), ('USERNAME', 'robotics'), ('TERM', 'xterm-256color'), ('GNOME_DESKTOP_SESSION_ID', 'this-is-deprecated'), ('ROS_LOCALHOST_ONLY', '0'), ('WINDOWPATH', '2'), ('PATH', '/opt/ros/humble/bin:/home/robotics/.local/bin:/usr/local/sbin:/usr/local/bin:/usr/sbin:/usr/bin:/sbin:/bin:/usr/games:/usr/local/games:/snap/bin:/snap/bin'), ('SESSION_MANAGER', 'local/scapula:@/tmp/.ICE-unix/2041,unix/scapula:/tmp/.ICE-unix/2041'), ('INVOCATION_ID', 'fa4d4892373d46828ff3f5eecdfb64d7'), ('XDG_MENU_PREFIX', 'gnome-'), ('XDG_RUNTIME_DIR', '/run/user/1001'), ('DISPLAY', ':1'), ('TERMINATOR_DBUS_PATH', '/net/tenshu/Terminator2'), ('LANG', 'en_US.UTF-8'), ('XDG_CURRENT_DESKTOP', 'ubuntu:GNOME'), ('XMODIFIERS', '@im=ibus'), ('XDG_SESSION_DESKTOP', 'ubuntu'), ('XAUTHORITY', '/run/user/1001/gdm/Xauthority'), ('LS_COLORS', 'rs=0:di=01;34:ln=01;36:mh=00:pi=40;33:so=01;35:do=01;35:bd=40;33;01:cd=40;33;01:or=40;31;01:mi=00:su=37;41:sg=30;43:ca=30;41:tw=30;42:ow=34;42:st=37;44:ex=01;32:*.tar=01;31:*.tgz=01;31:*.arc=01;31:*.arj=01;31:*.taz=01;31:*.lha=01;31:*.lz4=01;31:*.lzh=01;31:*.lzma=01;31:*.tlz=01;31:*.txz=01;31:*.tzo=01;31:*.t7z=01;31:*.zip=01;31:*.z=01;31:*.dz=01;31:*.gz=01;31:*.lrz=01;31:*.lz=01;31:*.lzo=01;31:*.xz=01;31:*.zst=01;31:*.tzst=01;31:*.bz2=01;31:*.bz=01;31:*.tbz=01;31:*.tbz2=01;31:*.tz=01;31:*.deb=01;31:*.rpm=01;31:*.jar=01;31:*.war=01;31:*.ear=01;31:*.sar=01;31:*.rar=01;31:*.alz=01;31:*.ace=01;31:*.zoo=01;31:*.cpio=01;31:*.7z=01;31:*.rz=01;31:*.cab=01;31:*.wim=01;31:*.swm=01;31:*.dwm=01;31:*.esd=01;31:*.jpg=01;35:*.jpeg=01;35:*.mjpg=01;35:*.mjpeg=01;35:*.gif=01;35:*.bmp=01;35:*.pbm=01;35:*.pgm=01;35:*.ppm=01;35:*.tga=01;35:*.xbm=01;35:*.xpm=01;35:*.tif=01;35:*.tiff=01;35:*.png=01;35:*.svg=01;35:*.svgz=01;35:*.mng=01;35:*.pcx=01;35:*.mov=01;35:*.mpg=01;35:*.mpeg=01;35:*.m2v=01;35:*.mkv=01;35:*.webm=01;35:*.webp=01;35:*.ogm=01;35:*.mp4=01;35:*.m4v=01;35:*.mp4v=01;35:*.vob=01;35:*.qt=01;35:*.nuv=01;35:*.wmv=01;35:*.asf=01;35:*.rm=01;35:*.rmvb=01;35:*.flc=01;35:*.avi=01;35:*.fli=01;35:*.flv=01;35:*.gl=01;35:*.dl=01;35:*.xcf=01;35:*.xwd=01;35:*.yuv=01;35:*.cgm=01;35:*.emf=01;35:*.ogv=01;35:*.ogx=01;35:*.aac=00;36:*.au=00;36:*.flac=00;36:*.m4a=00;36:*.mid=00;36:*.midi=00;36:*.mka=00;36:*.mp3=00;36:*.mpc=00;36:*.ogg=00;36:*.ra=00;36:*.wav=00;36:*.oga=00;36:*.opus=00;36:*.spx=00;36:*.xspf=00;36:'), ('SSH_AGENT_LAUNCHER', 'gnome-keyring'), ('SSH_AUTH_SOCK', '/run/user/1001/keyring/ssh'), ('AMENT_PREFIX_PATH', '/home/robotics/ros2_cobot/install/mycobot_description:/opt/ros/humble'), ('SHELL', '/bin/bash'), ('TERMINATOR_UUID', 'urn:uuid:9f62500e-929f-4887-8849-f4dd46e1c38d'), ('QT_ACCESSIBILITY', '1'), ('GDMSESSION', 'ubuntu'), ('LESSCLOSE', '/usr/bin/lesspipe %s %s'), ('GPG_AGENT_INFO', '/run/user/1001/gnupg/S.gpg-agent:0:1'), ('GJS_DEBUG_OUTPUT', 'stderr'), ('QT_IM_MODULE', 'ibus'), ('PWD', '/home/robotics/ros2_cobot/build/mycobot_280rdkx5_moveit2'), ('LC_ALL', 'en_US.UTF-8'), ('XDG_CONFIG_DIRS', '/etc/xdg/xdg-ubuntu:/etc/xdg'), ('XDG_DATA_DIRS', '/usr/share/ubuntu:/usr/share/gnome:/usr/local/share/:/usr/share/:/var/lib/snapd/desktop'), ('PYTHONPATH', '/home/robotics/ros2_cobot/install/mycobot_description/lib/python3.10/site-packages:/opt/ros/humble/lib/python3.10/site-packages:/opt/ros/humble/local/lib/python3.10/dist-packages'), ('COLCON', '1'), ('VTE_VERSION', '6800'), ('CMAKE_PREFIX_PATH', '/opt/ros/humble')]), 'shell': False}
[3.427657] (mycobot_280) Command: {'cmd': ['/usr/bin/python3', '-W', 'ignore:setup.py install is deprecated', '-W', 'ignore:easy_install command is deprecated', 'setup.py', 'egg_info', '--egg-base', '../../../../build/mycobot_280', 'build', '--build-base', '/home/robotics/ros2_cobot/build/mycobot_280/build', 'install', '--record', '/home/robotics/ros2_cobot/build/mycobot_280/install.log', '--single-version-externally-managed', 'install_data'], 'cwd': '/home/robotics/ros2_cobot/src/mycobot_ros2/mycobot_280/mycobot_280', 'env': {'GJS_DEBUG_TOPICS': 'JS ERROR;JS LOG', 'LESSOPEN': '| /usr/bin/lesspipe %s', 'LANGUAGE': 'en_CA:en', 'USER': 'robotics', 'XDG_SESSION_TYPE': 'x11', 'SHLVL': '1', 'LD_LIBRARY_PATH': '/opt/ros/humble/opt/rviz_ogre_vendor/lib:/opt/ros/humble/lib/x86_64-linux-gnu:/opt/ros/humble/lib', 'HOME': '/home/robotics', 'OLDPWD': '/home/robotics', 'DESKTOP_SESSION': 'ubuntu', 'GIO_LAUNCHED_DESKTOP_FILE': '/usr/share/applications/terminator.desktop', 'ROS_PYTHON_VERSION': '3', 'GNOME_SHELL_SESSION_MODE': 'ubuntu', 'GTK_MODULES': 'gail:atk-bridge', 'MANAGERPID': '1791', 'SYSTEMD_EXEC_PID': '2064', 'DBUS_SESSION_BUS_ADDRESS': 'unix:path=/run/user/1001/bus', 'COLORTERM': 'truecolor', 'TERMINATOR_DBUS_NAME': 'net.tenshu.Terminator23558193cd9818af7fe4d2c2f5bd9d00f', 'GIO_LAUNCHED_DESKTOP_FILE_PID': '2911', 'ROS_DISTRO': 'humble', 'GTK_IM_MODULE': 'ibus', 'LOGNAME': 'robotics', 'JOURNAL_STREAM': '8:12679', '_': '/usr/bin/colcon', 'ROS_VERSION': '2', 'XDG_SESSION_CLASS': 'user', 'USERNAME': 'robotics', 'TERM': 'xterm-256color', 'GNOME_DESKTOP_SESSION_ID': 'this-is-deprecated', 'ROS_LOCALHOST_ONLY': '0', 'WINDOWPATH': '2', 'PATH': '/opt/ros/humble/bin:/home/robotics/.local/bin:/usr/local/sbin:/usr/local/bin:/usr/sbin:/usr/bin:/sbin:/bin:/usr/games:/usr/local/games:/snap/bin:/snap/bin', 'SESSION_MANAGER': 'local/scapula:@/tmp/.ICE-unix/2041,unix/scapula:/tmp/.ICE-unix/2041', 'INVOCATION_ID': 'fa4d4892373d46828ff3f5eecdfb64d7', 'XDG_MENU_PREFIX': 'gnome-', 'XDG_RUNTIME_DIR': '/run/user/1001', 'DISPLAY': ':1', 'TERMINATOR_DBUS_PATH': '/net/tenshu/Terminator2', 'LANG': 'en_US.UTF-8', 'XDG_CURRENT_DESKTOP': 'ubuntu:GNOME', 'XMODIFIERS': '@im=ibus', 'XDG_SESSION_DESKTOP': 'ubuntu', 'XAUTHORITY': '/run/user/1001/gdm/Xauthority', 'LS_COLORS': 'rs=0:di=01;34:ln=01;36:mh=00:pi=40;33:so=01;35:do=01;35:bd=40;33;01:cd=40;33;01:or=40;31;01:mi=00:su=37;41:sg=30;43:ca=30;41:tw=30;42:ow=34;42:st=37;44:ex=01;32:*.tar=01;31:*.tgz=01;31:*.arc=01;31:*.arj=01;31:*.taz=01;31:*.lha=01;31:*.lz4=01;31:*.lzh=01;31:*.lzma=01;31:*.tlz=01;31:*.txz=01;31:*.tzo=01;31:*.t7z=01;31:*.zip=01;31:*.z=01;31:*.dz=01;31:*.gz=01;31:*.lrz=01;31:*.lz=01;31:*.lzo=01;31:*.xz=01;31:*.zst=01;31:*.tzst=01;31:*.bz2=01;31:*.bz=01;31:*.tbz=01;31:*.tbz2=01;31:*.tz=01;31:*.deb=01;31:*.rpm=01;31:*.jar=01;31:*.war=01;31:*.ear=01;31:*.sar=01;31:*.rar=01;31:*.alz=01;31:*.ace=01;31:*.zoo=01;31:*.cpio=01;31:*.7z=01;31:*.rz=01;31:*.cab=01;31:*.wim=01;31:*.swm=01;31:*.dwm=01;31:*.esd=01;31:*.jpg=01;35:*.jpeg=01;35:*.mjpg=01;35:*.mjpeg=01;35:*.gif=01;35:*.bmp=01;35:*.pbm=01;35:*.pgm=01;35:*.ppm=01;35:*.tga=01;35:*.xbm=01;35:*.xpm=01;35:*.tif=01;35:*.tiff=01;35:*.png=01;35:*.svg=01;35:*.svgz=01;35:*.mng=01;35:*.pcx=01;35:*.mov=01;35:*.mpg=01;35:*.mpeg=01;35:*.m2v=01;35:*.mkv=01;35:*.webm=01;35:*.webp=01;35:*.ogm=01;35:*.mp4=01;35:*.m4v=01;35:*.mp4v=01;35:*.vob=01;35:*.qt=01;35:*.nuv=01;35:*.wmv=01;35:*.asf=01;35:*.rm=01;35:*.rmvb=01;35:*.flc=01;35:*.avi=01;35:*.fli=01;35:*.flv=01;35:*.gl=01;35:*.dl=01;35:*.xcf=01;35:*.xwd=01;35:*.yuv=01;35:*.cgm=01;35:*.emf=01;35:*.ogv=01;35:*.ogx=01;35:*.aac=00;36:*.au=00;36:*.flac=00;36:*.m4a=00;36:*.mid=00;36:*.midi=00;36:*.mka=00;36:*.mp3=00;36:*.mpc=00;36:*.ogg=00;36:*.ra=00;36:*.wav=00;36:*.oga=00;36:*.opus=00;36:*.spx=00;36:*.xspf=00;36:', 'SSH_AGENT_LAUNCHER': 'gnome-keyring', 'SSH_AUTH_SOCK': '/run/user/1001/keyring/ssh', 'AMENT_PREFIX_PATH': '/home/robotics/ros2_cobot/install/mycobot_description:/opt/ros/humble', 'SHELL': '/bin/bash', 'TERMINATOR_UUID': 'urn:uuid:9f62500e-929f-4887-8849-f4dd46e1c38d', 'QT_ACCESSIBILITY': '1', 'GDMSESSION': 'ubuntu', 'LESSCLOSE': '/usr/bin/lesspipe %s %s', 'GPG_AGENT_INFO': '/run/user/1001/gnupg/S.gpg-agent:0:1', 'GJS_DEBUG_OUTPUT': 'stderr', 'QT_IM_MODULE': 'ibus', 'PWD': '/home/robotics/ros2_cobot/build/mycobot_280', 'LC_ALL': 'en_US.UTF-8', 'XDG_CONFIG_DIRS': '/etc/xdg/xdg-ubuntu:/etc/xdg', 'XDG_DATA_DIRS': '/usr/share/ubuntu:/usr/share/gnome:/usr/local/share/:/usr/share/:/var/lib/snapd/desktop', 'PYTHONPATH': '/home/robotics/ros2_cobot/build/mycobot_280/prefix_override:/usr/lib/python3/dist-packages/colcon_core/task/python/colcon_distutils_commands:/home/robotics/ros2_cobot/install/mycobot_280/lib/python3.10/site-packages:/home/robotics/ros2_cobot/install/mycobot_description/lib/python3.10/site-packages:/opt/ros/humble/lib/python3.10/site-packages:/opt/ros/humble/local/lib/python3.10/dist-packages', 'COLCON': '1', 'VTE_VERSION': '6800'}, 'shell': False}
[3.430402] (mycobot_320_riscv) JobStarted: {'identifier': 'mycobot_320_riscv'}
[3.439756] (mycobot_280rdkx5_moveit2) StdoutLine: {'line': b'-- Install configuration: ""\n'}
[3.443440] (mycobot_280rdkx5_moveit2) StdoutLine: {'line': b'-- Up-to-date: /home/robotics/ros2_cobot/install/mycobot_280rdkx5_moveit2/share/ament_index/resource_index/package_run_dependencies/mycobot_280rdkx5_moveit2\n'}
[3.443749] (mycobot_280rdkx5_moveit2) StdoutLine: {'line': b'-- Up-to-date: /home/robotics/ros2_cobot/install/mycobot_280rdkx5_moveit2/share/ament_index/resource_index/parent_prefix_path/mycobot_280rdkx5_moveit2\n'}
[3.443827] (mycobot_280rdkx5_moveit2) StdoutLine: {'line': b'-- Up-to-date: /home/robotics/ros2_cobot/install/mycobot_280rdkx5_moveit2/share/mycobot_280rdkx5_moveit2/environment/ament_prefix_path.sh\n'}
[3.443878] (mycobot_280rdkx5_moveit2) StdoutLine: {'line': b'-- Up-to-date: /home/robotics/ros2_cobot/install/mycobot_280rdkx5_moveit2/share/mycobot_280rdkx5_moveit2/environment/ament_prefix_path.dsv\n'}
[3.443927] (mycobot_280rdkx5_moveit2) StdoutLine: {'line': b'-- Up-to-date: /home/robotics/ros2_cobot/install/mycobot_280rdkx5_moveit2/share/mycobot_280rdkx5_moveit2/environment/path.sh\n'}
[3.443980] (mycobot_280rdkx5_moveit2) StdoutLine: {'line': b'-- Up-to-date: /home/robotics/ros2_cobot/install/mycobot_280rdkx5_moveit2/share/mycobot_280rdkx5_moveit2/environment/path.dsv\n'}
[3.444040] (mycobot_280rdkx5_moveit2) StdoutLine: {'line': b'-- Up-to-date: /home/robotics/ros2_cobot/install/mycobot_280rdkx5_moveit2/share/mycobot_280rdkx5_moveit2/local_setup.bash\n'}
[3.444098] (mycobot_280rdkx5_moveit2) StdoutLine: {'line': b'-- Up-to-date: /home/robotics/ros2_cobot/install/mycobot_280rdkx5_moveit2/share/mycobot_280rdkx5_moveit2/local_setup.sh\n'}
[3.444248] (mycobot_280rdkx5_moveit2) StdoutLine: {'line': b'-- Up-to-date: /home/robotics/ros2_cobot/install/mycobot_280rdkx5_moveit2/share/mycobot_280rdkx5_moveit2/local_setup.zsh\n'}
[3.444510] (mycobot_280rdkx5_moveit2) StdoutLine: {'line': b'-- Up-to-date: /home/robotics/ros2_cobot/install/mycobot_280rdkx5_moveit2/share/mycobot_280rdkx5_moveit2/local_setup.dsv\n'}
[3.444581] (mycobot_280rdkx5_moveit2) StdoutLine: {'line': b'-- Installing: /home/robotics/ros2_cobot/install/mycobot_280rdkx5_moveit2/share/mycobot_280rdkx5_moveit2/package.dsv\n'}
[3.444643] (mycobot_280rdkx5_moveit2) StdoutLine: {'line': b'-- Up-to-date: /home/robotics/ros2_cobot/install/mycobot_280rdkx5_moveit2/share/ament_index/resource_index/packages/mycobot_280rdkx5_moveit2\n'}
[3.444722] (mycobot_280rdkx5_moveit2) StdoutLine: {'line': b'-- Up-to-date: /home/robotics/ros2_cobot/install/mycobot_280rdkx5_moveit2/share/mycobot_280rdkx5_moveit2/cmake/mycobot_280rdkx5_moveit2Config.cmake\n'}
[3.444782] (mycobot_280rdkx5_moveit2) StdoutLine: {'line': b'-- Up-to-date: /home/robotics/ros2_cobot/install/mycobot_280rdkx5_moveit2/share/mycobot_280rdkx5_moveit2/cmake/mycobot_280rdkx5_moveit2Config-version.cmake\n'}
[3.446510] (mycobot_280rdkx5_moveit2) StdoutLine: {'line': b'-- Up-to-date: /home/robotics/ros2_cobot/install/mycobot_280rdkx5_moveit2/share/mycobot_280rdkx5_moveit2/package.xml\n'}
[3.446636] (mycobot_280rdkx5_moveit2) StdoutLine: {'line': b'-- Up-to-date: /home/robotics/ros2_cobot/install/mycobot_280rdkx5_moveit2/share/mycobot_280rdkx5_moveit2/launch\n'}
[3.446697] (mycobot_280rdkx5_moveit2) StdoutLine: {'line': b'-- Up-to-date: /home/robotics/ros2_cobot/install/mycobot_280rdkx5_moveit2/share/mycobot_280rdkx5_moveit2/launch/rsp.launch.py\n'}
[3.446752] (mycobot_280rdkx5_moveit2) StdoutLine: {'line': b'-- Up-to-date: /home/robotics/ros2_cobot/install/mycobot_280rdkx5_moveit2/share/mycobot_280rdkx5_moveit2/launch/demo.launch.py\n'}
[3.446801] (mycobot_280rdkx5_moveit2) StdoutLine: {'line': b'-- Up-to-date: /home/robotics/ros2_cobot/install/mycobot_280rdkx5_moveit2/share/mycobot_280rdkx5_moveit2/launch/static_virtual_joint_tfs.launch.py\n'}
[3.446848] (mycobot_280rdkx5_moveit2) StdoutLine: {'line': b'-- Up-to-date: /home/robotics/ros2_cobot/install/mycobot_280rdkx5_moveit2/share/mycobot_280rdkx5_moveit2/launch/moveit_rviz.launch.py\n'}
[3.447378] (mycobot_280rdkx5_moveit2) StdoutLine: {'line': b'-- Up-to-date: /home/robotics/ros2_cobot/install/mycobot_280rdkx5_moveit2/share/mycobot_280rdkx5_moveit2/launch/setup_assistant.launch.py\n'}
[3.447497] (mycobot_280rdkx5_moveit2) StdoutLine: {'line': b'-- Up-to-date: /home/robotics/ros2_cobot/install/mycobot_280rdkx5_moveit2/share/mycobot_280rdkx5_moveit2/launch/warehouse_db.launch.py\n'}
[3.447567] (mycobot_280rdkx5_moveit2) StdoutLine: {'line': b'-- Up-to-date: /home/robotics/ros2_cobot/install/mycobot_280rdkx5_moveit2/share/mycobot_280rdkx5_moveit2/launch/move_group.launch.py\n'}
[3.447633] (mycobot_280rdkx5_moveit2) StdoutLine: {'line': b'-- Up-to-date: /home/robotics/ros2_cobot/install/mycobot_280rdkx5_moveit2/share/mycobot_280rdkx5_moveit2/launch/spawn_controllers.launch.py\n'}
[3.447701] (mycobot_280rdkx5_moveit2) StdoutLine: {'line': b'-- Up-to-date: /home/robotics/ros2_cobot/install/mycobot_280rdkx5_moveit2/share/mycobot_280rdkx5_moveit2/config\n'}
[3.447781] (mycobot_280rdkx5_moveit2) StdoutLine: {'line': b'-- Up-to-date: /home/robotics/ros2_cobot/install/mycobot_280rdkx5_moveit2/share/mycobot_280rdkx5_moveit2/config/joint_limits.yaml\n'}
[3.447846] (mycobot_280rdkx5_moveit2) StdoutLine: {'line': b'-- Up-to-date: /home/robotics/ros2_cobot/install/mycobot_280rdkx5_moveit2/share/mycobot_280rdkx5_moveit2/config/firefighter.srdf\n'}
[3.448038] (mycobot_280rdkx5_moveit2) StdoutLine: {'line': b'-- Up-to-date: /home/robotics/ros2_cobot/install/mycobot_280rdkx5_moveit2/share/mycobot_280rdkx5_moveit2/config/kinematics.yaml\n'}
[3.448104] (mycobot_280rdkx5_moveit2) StdoutLine: {'line': b'-- Up-to-date: /home/robotics/ros2_cobot/install/mycobot_280rdkx5_moveit2/share/mycobot_280rdkx5_moveit2/config/firefighter.ros2_control.xacro\n'}
[3.448312] (mycobot_280rdkx5_moveit2) StdoutLine: {'line': b'-- Up-to-date: /home/robotics/ros2_cobot/install/mycobot_280rdkx5_moveit2/share/mycobot_280rdkx5_moveit2/config/firefighter.urdf.xacro\n'}
[3.448581] (mycobot_280rdkx5_moveit2) StdoutLine: {'line': b'-- Up-to-date: /home/robotics/ros2_cobot/install/mycobot_280rdkx5_moveit2/share/mycobot_280rdkx5_moveit2/config/ros2_controllers.yaml\n'}
[3.448936] (mycobot_280rdkx5_moveit2) StdoutLine: {'line': b'-- Up-to-date: /home/robotics/ros2_cobot/install/mycobot_280rdkx5_moveit2/share/mycobot_280rdkx5_moveit2/config/initial_positions.yaml\n'}
[3.449014] (mycobot_280rdkx5_moveit2) StdoutLine: {'line': b'-- Up-to-date: /home/robotics/ros2_cobot/install/mycobot_280rdkx5_moveit2/share/mycobot_280rdkx5_moveit2/config/pilz_cartesian_limits.yaml\n'}
[3.449075] (mycobot_280rdkx5_moveit2) StdoutLine: {'line': b'-- Up-to-date: /home/robotics/ros2_cobot/install/mycobot_280rdkx5_moveit2/share/mycobot_280rdkx5_moveit2/config/moveit_controllers.yaml\n'}
[3.449174] (mycobot_280rdkx5_moveit2) StdoutLine: {'line': b'-- Up-to-date: /home/robotics/ros2_cobot/install/mycobot_280rdkx5_moveit2/share/mycobot_280rdkx5_moveit2/config/moveit.rviz\n'}
[3.449351] (mycobot_280rdkx5_moveit2) StdoutLine: {'line': b'-- Up-to-date: /home/robotics/ros2_cobot/install/mycobot_280rdkx5_moveit2/share/mycobot_280rdkx5_moveit2/config/sensors_3d.yaml\n'}
[3.449412] (mycobot_280rdkx5_moveit2) StdoutLine: {'line': b'-- Up-to-date: /home/robotics/ros2_cobot/install/mycobot_280rdkx5_moveit2/share/mycobot_280rdkx5_moveit2/.setup_assistant\n'}
[3.449481] (mecharm) Command: {'cmd': ['/usr/bin/python3', '-W', 'ignore:setup.py install is deprecated', '-W', 'ignore:easy_install command is deprecated', 'setup.py', 'egg_info', '--egg-base', '../../../../build/mecharm', 'build', '--build-base', '/home/robotics/ros2_cobot/build/mecharm/build', 'install', '--record', '/home/robotics/ros2_cobot/build/mecharm/install.log', '--single-version-externally-managed', 'install_data'], 'cwd': '/home/robotics/ros2_cobot/src/mycobot_ros2/mecharm/mecharm', 'env': {'GJS_DEBUG_TOPICS': 'JS ERROR;JS LOG', 'LESSOPEN': '| /usr/bin/lesspipe %s', 'LANGUAGE': 'en_CA:en', 'USER': 'robotics', 'XDG_SESSION_TYPE': 'x11', 'SHLVL': '1', 'LD_LIBRARY_PATH': '/opt/ros/humble/opt/rviz_ogre_vendor/lib:/opt/ros/humble/lib/x86_64-linux-gnu:/opt/ros/humble/lib', 'HOME': '/home/robotics', 'OLDPWD': '/home/robotics', 'DESKTOP_SESSION': 'ubuntu', 'GIO_LAUNCHED_DESKTOP_FILE': '/usr/share/applications/terminator.desktop', 'ROS_PYTHON_VERSION': '3', 'GNOME_SHELL_SESSION_MODE': 'ubuntu', 'GTK_MODULES': 'gail:atk-bridge', 'MANAGERPID': '1791', 'SYSTEMD_EXEC_PID': '2064', 'DBUS_SESSION_BUS_ADDRESS': 'unix:path=/run/user/1001/bus', 'COLORTERM': 'truecolor', 'TERMINATOR_DBUS_NAME': 'net.tenshu.Terminator23558193cd9818af7fe4d2c2f5bd9d00f', 'GIO_LAUNCHED_DESKTOP_FILE_PID': '2911', 'ROS_DISTRO': 'humble', 'GTK_IM_MODULE': 'ibus', 'LOGNAME': 'robotics', 'JOURNAL_STREAM': '8:12679', '_': '/usr/bin/colcon', 'ROS_VERSION': '2', 'XDG_SESSION_CLASS': 'user', 'USERNAME': 'robotics', 'TERM': 'xterm-256color', 'GNOME_DESKTOP_SESSION_ID': 'this-is-deprecated', 'ROS_LOCALHOST_ONLY': '0', 'WINDOWPATH': '2', 'PATH': '/opt/ros/humble/bin:/home/robotics/.local/bin:/usr/local/sbin:/usr/local/bin:/usr/sbin:/usr/bin:/sbin:/bin:/usr/games:/usr/local/games:/snap/bin:/snap/bin', 'SESSION_MANAGER': 'local/scapula:@/tmp/.ICE-unix/2041,unix/scapula:/tmp/.ICE-unix/2041', 'INVOCATION_ID': 'fa4d4892373d46828ff3f5eecdfb64d7', 'XDG_MENU_PREFIX': 'gnome-', 'XDG_RUNTIME_DIR': '/run/user/1001', 'DISPLAY': ':1', 'TERMINATOR_DBUS_PATH': '/net/tenshu/Terminator2', 'LANG': 'en_US.UTF-8', 'XDG_CURRENT_DESKTOP': 'ubuntu:GNOME', 'XMODIFIERS': '@im=ibus', 'XDG_SESSION_DESKTOP': 'ubuntu', 'XAUTHORITY': '/run/user/1001/gdm/Xauthority', 'LS_COLORS': 'rs=0:di=01;34:ln=01;36:mh=00:pi=40;33:so=01;35:do=01;35:bd=40;33;01:cd=40;33;01:or=40;31;01:mi=00:su=37;41:sg=30;43:ca=30;41:tw=30;42:ow=34;42:st=37;44:ex=01;32:*.tar=01;31:*.tgz=01;31:*.arc=01;31:*.arj=01;31:*.taz=01;31:*.lha=01;31:*.lz4=01;31:*.lzh=01;31:*.lzma=01;31:*.tlz=01;31:*.txz=01;31:*.tzo=01;31:*.t7z=01;31:*.zip=01;31:*.z=01;31:*.dz=01;31:*.gz=01;31:*.lrz=01;31:*.lz=01;31:*.lzo=01;31:*.xz=01;31:*.zst=01;31:*.tzst=01;31:*.bz2=01;31:*.bz=01;31:*.tbz=01;31:*.tbz2=01;31:*.tz=01;31:*.deb=01;31:*.rpm=01;31:*.jar=01;31:*.war=01;31:*.ear=01;31:*.sar=01;31:*.rar=01;31:*.alz=01;31:*.ace=01;31:*.zoo=01;31:*.cpio=01;31:*.7z=01;31:*.rz=01;31:*.cab=01;31:*.wim=01;31:*.swm=01;31:*.dwm=01;31:*.esd=01;31:*.jpg=01;35:*.jpeg=01;35:*.mjpg=01;35:*.mjpeg=01;35:*.gif=01;35:*.bmp=01;35:*.pbm=01;35:*.pgm=01;35:*.ppm=01;35:*.tga=01;35:*.xbm=01;35:*.xpm=01;35:*.tif=01;35:*.tiff=01;35:*.png=01;35:*.svg=01;35:*.svgz=01;35:*.mng=01;35:*.pcx=01;35:*.mov=01;35:*.mpg=01;35:*.mpeg=01;35:*.m2v=01;35:*.mkv=01;35:*.webm=01;35:*.webp=01;35:*.ogm=01;35:*.mp4=01;35:*.m4v=01;35:*.mp4v=01;35:*.vob=01;35:*.qt=01;35:*.nuv=01;35:*.wmv=01;35:*.asf=01;35:*.rm=01;35:*.rmvb=01;35:*.flc=01;35:*.avi=01;35:*.fli=01;35:*.flv=01;35:*.gl=01;35:*.dl=01;35:*.xcf=01;35:*.xwd=01;35:*.yuv=01;35:*.cgm=01;35:*.emf=01;35:*.ogv=01;35:*.ogx=01;35:*.aac=00;36:*.au=00;36:*.flac=00;36:*.m4a=00;36:*.mid=00;36:*.midi=00;36:*.mka=00;36:*.mp3=00;36:*.mpc=00;36:*.ogg=00;36:*.ra=00;36:*.wav=00;36:*.oga=00;36:*.opus=00;36:*.spx=00;36:*.xspf=00;36:', 'SSH_AGENT_LAUNCHER': 'gnome-keyring', 'SSH_AUTH_SOCK': '/run/user/1001/keyring/ssh', 'AMENT_PREFIX_PATH': '/home/robotics/ros2_cobot/install/mycobot_description:/opt/ros/humble', 'SHELL': '/bin/bash', 'TERMINATOR_UUID': 'urn:uuid:9f62500e-929f-4887-8849-f4dd46e1c38d', 'QT_ACCESSIBILITY': '1', 'GDMSESSION': 'ubuntu', 'LESSCLOSE': '/usr/bin/lesspipe %s %s', 'GPG_AGENT_INFO': '/run/user/1001/gnupg/S.gpg-agent:0:1', 'GJS_DEBUG_OUTPUT': 'stderr', 'QT_IM_MODULE': 'ibus', 'PWD': '/home/robotics/ros2_cobot/build/mecharm', 'LC_ALL': 'en_US.UTF-8', 'XDG_CONFIG_DIRS': '/etc/xdg/xdg-ubuntu:/etc/xdg', 'XDG_DATA_DIRS': '/usr/share/ubuntu:/usr/share/gnome:/usr/local/share/:/usr/share/:/var/lib/snapd/desktop', 'PYTHONPATH': '/home/robotics/ros2_cobot/build/mecharm/prefix_override:/usr/lib/python3/dist-packages/colcon_core/task/python/colcon_distutils_commands:/home/robotics/ros2_cobot/install/mecharm/lib/python3.10/site-packages:/home/robotics/ros2_cobot/install/mycobot_description/lib/python3.10/site-packages:/opt/ros/humble/lib/python3.10/site-packages:/opt/ros/humble/local/lib/python3.10/dist-packages', 'COLCON': '1', 'VTE_VERSION': '6800'}, 'shell': False}
[3.453099] (mycobot_280_moveit2_control) Command: {'cmd': ['/usr/bin/python3', '-W', 'ignore:setup.py install is deprecated', '-W', 'ignore:easy_install command is deprecated', 'setup.py', 'egg_info', '--egg-base', '../../../../build/mycobot_280_moveit2_control', 'build', '--build-base', '/home/robotics/ros2_cobot/build/mycobot_280_moveit2_control/build', 'install', '--record', '/home/robotics/ros2_cobot/build/mycobot_280_moveit2_control/install.log', '--single-version-externally-managed', 'install_data'], 'cwd': '/home/robotics/ros2_cobot/src/mycobot_ros2/mycobot_280/mycobot_280_moveit2_control', 'env': {'GJS_DEBUG_TOPICS': 'JS ERROR;JS LOG', 'LESSOPEN': '| /usr/bin/lesspipe %s', 'LANGUAGE': 'en_CA:en', 'USER': 'robotics', 'XDG_SESSION_TYPE': 'x11', 'SHLVL': '1', 'LD_LIBRARY_PATH': '/opt/ros/humble/opt/rviz_ogre_vendor/lib:/opt/ros/humble/lib/x86_64-linux-gnu:/opt/ros/humble/lib', 'HOME': '/home/robotics', 'OLDPWD': '/home/robotics', 'DESKTOP_SESSION': 'ubuntu', 'GIO_LAUNCHED_DESKTOP_FILE': '/usr/share/applications/terminator.desktop', 'ROS_PYTHON_VERSION': '3', 'GNOME_SHELL_SESSION_MODE': 'ubuntu', 'GTK_MODULES': 'gail:atk-bridge', 'MANAGERPID': '1791', 'SYSTEMD_EXEC_PID': '2064', 'DBUS_SESSION_BUS_ADDRESS': 'unix:path=/run/user/1001/bus', 'COLORTERM': 'truecolor', 'TERMINATOR_DBUS_NAME': 'net.tenshu.Terminator23558193cd9818af7fe4d2c2f5bd9d00f', 'GIO_LAUNCHED_DESKTOP_FILE_PID': '2911', 'ROS_DISTRO': 'humble', 'GTK_IM_MODULE': 'ibus', 'LOGNAME': 'robotics', 'JOURNAL_STREAM': '8:12679', '_': '/usr/bin/colcon', 'ROS_VERSION': '2', 'XDG_SESSION_CLASS': 'user', 'USERNAME': 'robotics', 'TERM': 'xterm-256color', 'GNOME_DESKTOP_SESSION_ID': 'this-is-deprecated', 'ROS_LOCALHOST_ONLY': '0', 'WINDOWPATH': '2', 'PATH': '/opt/ros/humble/bin:/home/robotics/.local/bin:/usr/local/sbin:/usr/local/bin:/usr/sbin:/usr/bin:/sbin:/bin:/usr/games:/usr/local/games:/snap/bin:/snap/bin', 'SESSION_MANAGER': 'local/scapula:@/tmp/.ICE-unix/2041,unix/scapula:/tmp/.ICE-unix/2041', 'INVOCATION_ID': 'fa4d4892373d46828ff3f5eecdfb64d7', 'XDG_MENU_PREFIX': 'gnome-', 'XDG_RUNTIME_DIR': '/run/user/1001', 'DISPLAY': ':1', 'TERMINATOR_DBUS_PATH': '/net/tenshu/Terminator2', 'LANG': 'en_US.UTF-8', 'XDG_CURRENT_DESKTOP': 'ubuntu:GNOME', 'XMODIFIERS': '@im=ibus', 'XDG_SESSION_DESKTOP': 'ubuntu', 'XAUTHORITY': '/run/user/1001/gdm/Xauthority', 'LS_COLORS': 'rs=0:di=01;34:ln=01;36:mh=00:pi=40;33:so=01;35:do=01;35:bd=40;33;01:cd=40;33;01:or=40;31;01:mi=00:su=37;41:sg=30;43:ca=30;41:tw=30;42:ow=34;42:st=37;44:ex=01;32:*.tar=01;31:*.tgz=01;31:*.arc=01;31:*.arj=01;31:*.taz=01;31:*.lha=01;31:*.lz4=01;31:*.lzh=01;31:*.lzma=01;31:*.tlz=01;31:*.txz=01;31:*.tzo=01;31:*.t7z=01;31:*.zip=01;31:*.z=01;31:*.dz=01;31:*.gz=01;31:*.lrz=01;31:*.lz=01;31:*.lzo=01;31:*.xz=01;31:*.zst=01;31:*.tzst=01;31:*.bz2=01;31:*.bz=01;31:*.tbz=01;31:*.tbz2=01;31:*.tz=01;31:*.deb=01;31:*.rpm=01;31:*.jar=01;31:*.war=01;31:*.ear=01;31:*.sar=01;31:*.rar=01;31:*.alz=01;31:*.ace=01;31:*.zoo=01;31:*.cpio=01;31:*.7z=01;31:*.rz=01;31:*.cab=01;31:*.wim=01;31:*.swm=01;31:*.dwm=01;31:*.esd=01;31:*.jpg=01;35:*.jpeg=01;35:*.mjpg=01;35:*.mjpeg=01;35:*.gif=01;35:*.bmp=01;35:*.pbm=01;35:*.pgm=01;35:*.ppm=01;35:*.tga=01;35:*.xbm=01;35:*.xpm=01;35:*.tif=01;35:*.tiff=01;35:*.png=01;35:*.svg=01;35:*.svgz=01;35:*.mng=01;35:*.pcx=01;35:*.mov=01;35:*.mpg=01;35:*.mpeg=01;35:*.m2v=01;35:*.mkv=01;35:*.webm=01;35:*.webp=01;35:*.ogm=01;35:*.mp4=01;35:*.m4v=01;35:*.mp4v=01;35:*.vob=01;35:*.qt=01;35:*.nuv=01;35:*.wmv=01;35:*.asf=01;35:*.rm=01;35:*.rmvb=01;35:*.flc=01;35:*.avi=01;35:*.fli=01;35:*.flv=01;35:*.gl=01;35:*.dl=01;35:*.xcf=01;35:*.xwd=01;35:*.yuv=01;35:*.cgm=01;35:*.emf=01;35:*.ogv=01;35:*.ogx=01;35:*.aac=00;36:*.au=00;36:*.flac=00;36:*.m4a=00;36:*.mid=00;36:*.midi=00;36:*.mka=00;36:*.mp3=00;36:*.mpc=00;36:*.ogg=00;36:*.ra=00;36:*.wav=00;36:*.oga=00;36:*.opus=00;36:*.spx=00;36:*.xspf=00;36:', 'SSH_AGENT_LAUNCHER': 'gnome-keyring', 'SSH_AUTH_SOCK': '/run/user/1001/keyring/ssh', 'AMENT_PREFIX_PATH': '/home/robotics/ros2_cobot/install/mycobot_description:/opt/ros/humble', 'SHELL': '/bin/bash', 'TERMINATOR_UUID': 'urn:uuid:9f62500e-929f-4887-8849-f4dd46e1c38d', 'QT_ACCESSIBILITY': '1', 'GDMSESSION': 'ubuntu', 'LESSCLOSE': '/usr/bin/lesspipe %s %s', 'GPG_AGENT_INFO': '/run/user/1001/gnupg/S.gpg-agent:0:1', 'GJS_DEBUG_OUTPUT': 'stderr', 'QT_IM_MODULE': 'ibus', 'PWD': '/home/robotics/ros2_cobot/build/mycobot_280_moveit2_control', 'LC_ALL': 'en_US.UTF-8', 'XDG_CONFIG_DIRS': '/etc/xdg/xdg-ubuntu:/etc/xdg', 'XDG_DATA_DIRS': '/usr/share/ubuntu:/usr/share/gnome:/usr/local/share/:/usr/share/:/var/lib/snapd/desktop', 'PYTHONPATH': '/home/robotics/ros2_cobot/build/mycobot_280_moveit2_control/prefix_override:/usr/lib/python3/dist-packages/colcon_core/task/python/colcon_distutils_commands:/home/robotics/ros2_cobot/install/mycobot_280_moveit2_control/lib/python3.10/site-packages:/home/robotics/ros2_cobot/install/mycobot_description/lib/python3.10/site-packages:/opt/ros/humble/lib/python3.10/site-packages:/opt/ros/humble/local/lib/python3.10/dist-packages', 'COLCON': '1', 'VTE_VERSION': '6800'}, 'shell': False}
[3.456436] (mycobot_communication) Command: {'cmd': ['/usr/bin/python3', '-W', 'ignore:setup.py install is deprecated', '-W', 'ignore:easy_install command is deprecated', 'setup.py', 'egg_info', '--egg-base', '../../../build/mycobot_communication', 'build', '--build-base', '/home/robotics/ros2_cobot/build/mycobot_communication/build', 'install', '--record', '/home/robotics/ros2_cobot/build/mycobot_communication/install.log', '--single-version-externally-managed', 'install_data'], 'cwd': '/home/robotics/ros2_cobot/src/mycobot_ros2/mycobot_communication', 'env': {'GJS_DEBUG_TOPICS': 'JS ERROR;JS LOG', 'LESSOPEN': '| /usr/bin/lesspipe %s', 'LANGUAGE': 'en_CA:en', 'USER': 'robotics', 'XDG_SESSION_TYPE': 'x11', 'SHLVL': '1', 'LD_LIBRARY_PATH': '/home/robotics/ros2_cobot/install/mycobot_interfaces/lib:/opt/ros/humble/opt/rviz_ogre_vendor/lib:/opt/ros/humble/lib/x86_64-linux-gnu:/opt/ros/humble/lib', 'HOME': '/home/robotics', 'OLDPWD': '/home/robotics', 'DESKTOP_SESSION': 'ubuntu', 'GIO_LAUNCHED_DESKTOP_FILE': '/usr/share/applications/terminator.desktop', 'ROS_PYTHON_VERSION': '3', 'GNOME_SHELL_SESSION_MODE': 'ubuntu', 'GTK_MODULES': 'gail:atk-bridge', 'MANAGERPID': '1791', 'SYSTEMD_EXEC_PID': '2064', 'DBUS_SESSION_BUS_ADDRESS': 'unix:path=/run/user/1001/bus', 'COLORTERM': 'truecolor', 'TERMINATOR_DBUS_NAME': 'net.tenshu.Terminator23558193cd9818af7fe4d2c2f5bd9d00f', 'GIO_LAUNCHED_DESKTOP_FILE_PID': '2911', 'ROS_DISTRO': 'humble', 'GTK_IM_MODULE': 'ibus', 'LOGNAME': 'robotics', 'JOURNAL_STREAM': '8:12679', '_': '/usr/bin/colcon', 'ROS_VERSION': '2', 'XDG_SESSION_CLASS': 'user', 'USERNAME': 'robotics', 'TERM': 'xterm-256color', 'GNOME_DESKTOP_SESSION_ID': 'this-is-deprecated', 'ROS_LOCALHOST_ONLY': '0', 'WINDOWPATH': '2', 'PATH': '/opt/ros/humble/bin:/home/robotics/.local/bin:/usr/local/sbin:/usr/local/bin:/usr/sbin:/usr/bin:/sbin:/bin:/usr/games:/usr/local/games:/snap/bin:/snap/bin', 'SESSION_MANAGER': 'local/scapula:@/tmp/.ICE-unix/2041,unix/scapula:/tmp/.ICE-unix/2041', 'INVOCATION_ID': 'fa4d4892373d46828ff3f5eecdfb64d7', 'XDG_MENU_PREFIX': 'gnome-', 'XDG_RUNTIME_DIR': '/run/user/1001', 'DISPLAY': ':1', 'TERMINATOR_DBUS_PATH': '/net/tenshu/Terminator2', 'LANG': 'en_US.UTF-8', 'XDG_CURRENT_DESKTOP': 'ubuntu:GNOME', 'XMODIFIERS': '@im=ibus', 'XDG_SESSION_DESKTOP': 'ubuntu', 'XAUTHORITY': '/run/user/1001/gdm/Xauthority', 'LS_COLORS': 'rs=0:di=01;34:ln=01;36:mh=00:pi=40;33:so=01;35:do=01;35:bd=40;33;01:cd=40;33;01:or=40;31;01:mi=00:su=37;41:sg=30;43:ca=30;41:tw=30;42:ow=34;42:st=37;44:ex=01;32:*.tar=01;31:*.tgz=01;31:*.arc=01;31:*.arj=01;31:*.taz=01;31:*.lha=01;31:*.lz4=01;31:*.lzh=01;31:*.lzma=01;31:*.tlz=01;31:*.txz=01;31:*.tzo=01;31:*.t7z=01;31:*.zip=01;31:*.z=01;31:*.dz=01;31:*.gz=01;31:*.lrz=01;31:*.lz=01;31:*.lzo=01;31:*.xz=01;31:*.zst=01;31:*.tzst=01;31:*.bz2=01;31:*.bz=01;31:*.tbz=01;31:*.tbz2=01;31:*.tz=01;31:*.deb=01;31:*.rpm=01;31:*.jar=01;31:*.war=01;31:*.ear=01;31:*.sar=01;31:*.rar=01;31:*.alz=01;31:*.ace=01;31:*.zoo=01;31:*.cpio=01;31:*.7z=01;31:*.rz=01;31:*.cab=01;31:*.wim=01;31:*.swm=01;31:*.dwm=01;31:*.esd=01;31:*.jpg=01;35:*.jpeg=01;35:*.mjpg=01;35:*.mjpeg=01;35:*.gif=01;35:*.bmp=01;35:*.pbm=01;35:*.pgm=01;35:*.ppm=01;35:*.tga=01;35:*.xbm=01;35:*.xpm=01;35:*.tif=01;35:*.tiff=01;35:*.png=01;35:*.svg=01;35:*.svgz=01;35:*.mng=01;35:*.pcx=01;35:*.mov=01;35:*.mpg=01;35:*.mpeg=01;35:*.m2v=01;35:*.mkv=01;35:*.webm=01;35:*.webp=01;35:*.ogm=01;35:*.mp4=01;35:*.m4v=01;35:*.mp4v=01;35:*.vob=01;35:*.qt=01;35:*.nuv=01;35:*.wmv=01;35:*.asf=01;35:*.rm=01;35:*.rmvb=01;35:*.flc=01;35:*.avi=01;35:*.fli=01;35:*.flv=01;35:*.gl=01;35:*.dl=01;35:*.xcf=01;35:*.xwd=01;35:*.yuv=01;35:*.cgm=01;35:*.emf=01;35:*.ogv=01;35:*.ogx=01;35:*.aac=00;36:*.au=00;36:*.flac=00;36:*.m4a=00;36:*.mid=00;36:*.midi=00;36:*.mka=00;36:*.mp3=00;36:*.mpc=00;36:*.ogg=00;36:*.ra=00;36:*.wav=00;36:*.oga=00;36:*.opus=00;36:*.spx=00;36:*.xspf=00;36:', 'SSH_AGENT_LAUNCHER': 'gnome-keyring', 'SSH_AUTH_SOCK': '/run/user/1001/keyring/ssh', 'AMENT_PREFIX_PATH': '/home/robotics/ros2_cobot/install/mycobot_interfaces:/opt/ros/humble', 'SHELL': '/bin/bash', 'TERMINATOR_UUID': 'urn:uuid:9f62500e-929f-4887-8849-f4dd46e1c38d', 'QT_ACCESSIBILITY': '1', 'GDMSESSION': 'ubuntu', 'LESSCLOSE': '/usr/bin/lesspipe %s %s', 'GPG_AGENT_INFO': '/run/user/1001/gnupg/S.gpg-agent:0:1', 'GJS_DEBUG_OUTPUT': 'stderr', 'QT_IM_MODULE': 'ibus', 'PWD': '/home/robotics/ros2_cobot/build/mycobot_communication', 'LC_ALL': 'en_US.UTF-8', 'XDG_CONFIG_DIRS': '/etc/xdg/xdg-ubuntu:/etc/xdg', 'XDG_DATA_DIRS': '/usr/share/ubuntu:/usr/share/gnome:/usr/local/share/:/usr/share/:/var/lib/snapd/desktop', 'PYTHONPATH': '/home/robotics/ros2_cobot/build/mycobot_communication/prefix_override:/usr/lib/python3/dist-packages/colcon_core/task/python/colcon_distutils_commands:/home/robotics/ros2_cobot/install/mycobot_communication/lib/python3.10/site-packages:/home/robotics/ros2_cobot/install/mycobot_interfaces/local/lib/python3.10/dist-packages:/opt/ros/humble/lib/python3.10/site-packages:/opt/ros/humble/local/lib/python3.10/dist-packages', 'COLCON': '1', 'VTE_VERSION': '6800', 'CMAKE_PREFIX_PATH': '/home/robotics/ros2_cobot/install/mycobot_interfaces'}, 'shell': False}
[3.511190] (-) TimerEvent: {}
[3.610798] (mycobot_280) StdoutLine: {'line': b'running egg_info\n'}
[3.611244] (-) TimerEvent: {}
[3.611434] (mycobot_280) StdoutLine: {'line': b'writing ../../../../build/mycobot_280/mycobot_280.egg-info/PKG-INFO\n'}
[3.611774] (mycobot_280) StdoutLine: {'line': b'writing dependency_links to ../../../../build/mycobot_280/mycobot_280.egg-info/dependency_links.txt\n'}
[3.611948] (mycobot_280) StdoutLine: {'line': b'writing entry points to ../../../../build/mycobot_280/mycobot_280.egg-info/entry_points.txt\n'}
[3.612060] (mycobot_280) StdoutLine: {'line': b'writing requirements to ../../../../build/mycobot_280/mycobot_280.egg-info/requires.txt\n'}
[3.612149] (mycobot_280) StdoutLine: {'line': b'writing top-level names to ../../../../build/mycobot_280/mycobot_280.egg-info/top_level.txt\n'}
[3.614326] (mycobot_280) StdoutLine: {'line': b"reading manifest file '../../../../build/mycobot_280/mycobot_280.egg-info/SOURCES.txt'\n"}
[3.614679] (mycobot_280) StdoutLine: {'line': b"adding license file 'LICENSE'\n"}
[3.615223] (mycobot_280) StdoutLine: {'line': b"writing manifest file '../../../../build/mycobot_280/mycobot_280.egg-info/SOURCES.txt'\n"}
[3.615334] (mycobot_280) StdoutLine: {'line': b'running build\n'}
[3.615381] (mycobot_280) StdoutLine: {'line': b'running build_py\n'}
[3.616349] (mycobot_280) StdoutLine: {'line': b'running install\n'}
[3.616568] (mycobot_280) StdoutLine: {'line': b'running install_lib\n'}
[3.617958] (mycobot_280) StdoutLine: {'line': b'running install_data\n'}
[3.618553] (mycobot_280) StdoutLine: {'line': b'running install_egg_info\n'}
[3.619897] (mycobot_280) StdoutLine: {'line': b"removing '/home/robotics/ros2_cobot/install/mycobot_280/lib/python3.10/site-packages/mycobot_280-0.0.0-py3.10.egg-info' (and everything under it)\n"}
[3.620168] (mycobot_280) StdoutLine: {'line': b'Copying ../../../../build/mycobot_280/mycobot_280.egg-info to /home/robotics/ros2_cobot/install/mycobot_280/lib/python3.10/site-packages/mycobot_280-0.0.0-py3.10.egg-info\n'}
[3.620390] (mycobot_communication) StdoutLine: {'line': b'running egg_info\n'}
[3.620973] (mycobot_280) StdoutLine: {'line': b'running install_scripts\n'}
[3.621080] (mycobot_communication) StdoutLine: {'line': b'writing ../../../build/mycobot_communication/mycobot_communication.egg-info/PKG-INFO\n'}
[3.621266] (mycobot_communication) StdoutLine: {'line': b'writing dependency_links to ../../../build/mycobot_communication/mycobot_communication.egg-info/dependency_links.txt\n'}
[3.621430] (mycobot_communication) StdoutLine: {'line': b'writing entry points to ../../../build/mycobot_communication/mycobot_communication.egg-info/entry_points.txt\n'}
[3.621522] (mycobot_communication) StdoutLine: {'line': b'writing requirements to ../../../build/mycobot_communication/mycobot_communication.egg-info/requires.txt\n'}
[3.621594] (mycobot_communication) StdoutLine: {'line': b'writing top-level names to ../../../build/mycobot_communication/mycobot_communication.egg-info/top_level.txt\n'}
[3.623115] (mecharm) StdoutLine: {'line': b'running egg_info\n'}
[3.623616] (mycobot_communication) StdoutLine: {'line': b"reading manifest file '../../../build/mycobot_communication/mycobot_communication.egg-info/SOURCES.txt'\n"}
[3.623727] (mecharm) StdoutLine: {'line': b'writing ../../../../build/mecharm/mecharm.egg-info/PKG-INFO\n'}
[3.623833] (mycobot_communication) StdoutLine: {'line': b"adding license file 'LICENSE'\n"}
[3.623905] (mecharm) StdoutLine: {'line': b'writing dependency_links to ../../../../build/mecharm/mecharm.egg-info/dependency_links.txt\n'}
[3.624040] (mecharm) StdoutLine: {'line': b'writing entry points to ../../../../build/mecharm/mecharm.egg-info/entry_points.txt\n'}
[3.624112] (mecharm) StdoutLine: {'line': b'writing requirements to ../../../../build/mecharm/mecharm.egg-info/requires.txt\n'}
[3.624181] (mecharm) StdoutLine: {'line': b'writing top-level names to ../../../../build/mecharm/mecharm.egg-info/top_level.txt\n'}
[3.624283] (mycobot_communication) StdoutLine: {'line': b"writing manifest file '../../../build/mycobot_communication/mycobot_communication.egg-info/SOURCES.txt'\n"}
[3.624360] (mycobot_communication) StdoutLine: {'line': b'running build\n'}
[3.624400] (mycobot_communication) StdoutLine: {'line': b'running build_py\n'}
[3.625170] (mycobot_communication) StdoutLine: {'line': b'running install\n'}
[3.625393] (mycobot_communication) StdoutLine: {'line': b'running install_lib\n'}
[3.626335] (mecharm) StdoutLine: {'line': b"reading manifest file '../../../../build/mecharm/mecharm.egg-info/SOURCES.txt'\n"}
[3.626639] (mecharm) StdoutLine: {'line': b"adding license file 'LICENSE'\n"}
[3.626731] (mycobot_communication) StdoutLine: {'line': b'running install_data\n'}
[3.626848] (mycobot_280_moveit2_control) StdoutLine: {'line': b'running egg_info\n'}
[3.626981] (mycobot_communication) StdoutLine: {'line': b'running install_egg_info\n'}
[3.627062] (mecharm) StdoutLine: {'line': b"writing manifest file '../../../../build/mecharm/mecharm.egg-info/SOURCES.txt'\n"}
[3.627151] (mecharm) StdoutLine: {'line': b'running build\n'}
[3.627207] (mecharm) StdoutLine: {'line': b'running build_py\n'}
[3.627455] (mycobot_280_moveit2_control) StdoutLine: {'line': b'writing ../../../../build/mycobot_280_moveit2_control/mycobot_280_moveit2_control.egg-info/PKG-INFO\n'}
[3.627721] (mycobot_280_moveit2_control) StdoutLine: {'line': b'writing dependency_links to ../../../../build/mycobot_280_moveit2_control/mycobot_280_moveit2_control.egg-info/dependency_links.txt\n'}
[3.627840] (mycobot_280_moveit2_control) StdoutLine: {'line': b'writing entry points to ../../../../build/mycobot_280_moveit2_control/mycobot_280_moveit2_control.egg-info/entry_points.txt\n'}
[3.627932] (mycobot_280_moveit2_control) StdoutLine: {'line': b'writing requirements to ../../../../build/mycobot_280_moveit2_control/mycobot_280_moveit2_control.egg-info/requires.txt\n'}
[3.628005] (mycobot_280_moveit2_control) StdoutLine: {'line': b'writing top-level names to ../../../../build/mycobot_280_moveit2_control/mycobot_280_moveit2_control.egg-info/top_level.txt\n'}
[3.628067] (mecharm) StdoutLine: {'line': b'running install\n'}
[3.628262] (mycobot_communication) StdoutLine: {'line': b"removing '/home/robotics/ros2_cobot/install/mycobot_communication/lib/python3.10/site-packages/mycobot_communication-0.0.0-py3.10.egg-info' (and everything under it)\n"}
[3.628351] (mecharm) StdoutLine: {'line': b'running install_lib\n'}
[3.628507] (mycobot_communication) StdoutLine: {'line': b'Copying ../../../build/mycobot_communication/mycobot_communication.egg-info to /home/robotics/ros2_cobot/install/mycobot_communication/lib/python3.10/site-packages/mycobot_communication-0.0.0-py3.10.egg-info\n'}
[3.629174] (mycobot_communication) StdoutLine: {'line': b'running install_scripts\n'}
[3.629778] (mecharm) StdoutLine: {'line': b'running install_data\n'}
[3.629902] (mycobot_280_moveit2_control) StdoutLine: {'line': b"reading manifest file '../../../../build/mycobot_280_moveit2_control/mycobot_280_moveit2_control.egg-info/SOURCES.txt'\n"}
[3.630189] (mycobot_280_moveit2_control) StdoutLine: {'line': b"adding license file 'LICENSE'\n"}
[3.630357] (mecharm) StdoutLine: {'line': b'running install_egg_info\n'}
[3.632058] (mycobot_280_moveit2_control) StdoutLine: {'line': b"writing manifest file '../../../../build/mycobot_280_moveit2_control/mycobot_280_moveit2_control.egg-info/SOURCES.txt'\n"}
[3.632179] (mycobot_280_moveit2_control) StdoutLine: {'line': b'running build\n'}
[3.632242] (mycobot_280_moveit2_control) StdoutLine: {'line': b'running build_py\n'}
[3.632291] (mycobot_280_moveit2_control) StdoutLine: {'line': b'running install\n'}
[3.632335] (mecharm) StdoutLine: {'line': b"removing '/home/robotics/ros2_cobot/install/mecharm/lib/python3.10/site-packages/mecharm-0.0.0-py3.10.egg-info' (and everything under it)\n"}
[3.632383] (mycobot_280_moveit2_control) StdoutLine: {'line': b'running install_lib\n'}
[3.632428] (mecharm) StdoutLine: {'line': b'Copying ../../../../build/mecharm/mecharm.egg-info to /home/robotics/ros2_cobot/install/mecharm/lib/python3.10/site-packages/mecharm-0.0.0-py3.10.egg-info\n'}
[3.632718] (mecharm) StdoutLine: {'line': b'running install_scripts\n'}
[3.632978] (mycobot_280_moveit2_control) StdoutLine: {'line': b'running install_data\n'}
[3.633586] (mycobot_280_moveit2_control) StdoutLine: {'line': b'running install_egg_info\n'}
[3.634473] (mycobot_280_moveit2_control) StdoutLine: {'line': b"removing '/home/robotics/ros2_cobot/install/mycobot_280_moveit2_control/lib/python3.10/site-packages/mycobot_280_moveit2_control-0.0.0-py3.10.egg-info' (and everything under it)\n"}
[3.634710] (mycobot_280_moveit2_control) StdoutLine: {'line': b'Copying ../../../../build/mycobot_280_moveit2_control/mycobot_280_moveit2_control.egg-info to /home/robotics/ros2_cobot/install/mycobot_280_moveit2_control/lib/python3.10/site-packages/mycobot_280_moveit2_control-0.0.0-py3.10.egg-info\n'}
[3.635374] (mycobot_280_moveit2_control) StdoutLine: {'line': b'running install_scripts\n'}
[3.636060] (mycobot_280) StdoutLine: {'line': b'Installing camera_display script to /home/robotics/ros2_cobot/install/mycobot_280/lib/mycobot_280\n'}
[3.636521] (mycobot_280) StdoutLine: {'line': b'Installing detect_marker script to /home/robotics/ros2_cobot/install/mycobot_280/lib/mycobot_280\n'}
[3.636706] (mycobot_280) StdoutLine: {'line': b'Installing follow_display script to /home/robotics/ros2_cobot/install/mycobot_280/lib/mycobot_280\n'}
[3.636794] (mycobot_280) StdoutLine: {'line': b'Installing following_marker script to /home/robotics/ros2_cobot/install/mycobot_280/lib/mycobot_280\n'}
[3.636859] (mycobot_280) StdoutLine: {'line': b'Installing listen_real script to /home/robotics/ros2_cobot/install/mycobot_280/lib/mycobot_280\n'}
[3.636973] (mycobot_280) StdoutLine: {'line': b'Installing listen_real_of_topic script to /home/robotics/ros2_cobot/install/mycobot_280/lib/mycobot_280\n'}
[3.637032] (mycobot_280) StdoutLine: {'line': b'Installing opencv_camera script to /home/robotics/ros2_cobot/install/mycobot_280/lib/mycobot_280\n'}
[3.637122] (mycobot_280) StdoutLine: {'line': b'Installing simple_gui script to /home/robotics/ros2_cobot/install/mycobot_280/lib/mycobot_280\n'}
[3.637190] (mycobot_280) StdoutLine: {'line': b'Installing slider_control script to /home/robotics/ros2_cobot/install/mycobot_280/lib/mycobot_280\n'}
[3.637248] (mycobot_280) StdoutLine: {'line': b'Installing teleop_keyboard script to /home/robotics/ros2_cobot/install/mycobot_280/lib/mycobot_280\n'}
[3.637491] (mycobot_280) StdoutLine: {'line': b"writing list of installed files to '/home/robotics/ros2_cobot/build/mycobot_280/install.log'\n"}
[3.640281] (mycobot_280rdkx5_moveit2) CommandEnded: {'returncode': 0}
[3.644846] (mycobot_communication) StdoutLine: {'line': b'Installing mycobot_services script to /home/robotics/ros2_cobot/install/mycobot_communication/lib/mycobot_communication\n'}
[3.645299] (mycobot_communication) StdoutLine: {'line': b'Installing mycobot_topics script to /home/robotics/ros2_cobot/install/mycobot_communication/lib/mycobot_communication\n'}
[3.645389] (mycobot_communication) StdoutLine: {'line': b'Installing mycobot_topics_jsnn script to /home/robotics/ros2_cobot/install/mycobot_communication/lib/mycobot_communication\n'}
[3.645452] (mycobot_communication) StdoutLine: {'line': b'Installing mycobot_topics_pi script to /home/robotics/ros2_cobot/install/mycobot_communication/lib/mycobot_communication\n'}
[3.645517] (mycobot_communication) StdoutLine: {'line': b'Installing mycobot_topics_seeed script to /home/robotics/ros2_cobot/install/mycobot_communication/lib/mycobot_communication\n'}
[3.646168] (mycobot_communication) StdoutLine: {'line': b"writing list of installed files to '/home/robotics/ros2_cobot/build/mycobot_communication/install.log'\n"}
[3.648647] (mecharm) StdoutLine: {'line': b'Installing detect_marker script to /home/robotics/ros2_cobot/install/mecharm/lib/mecharm\n'}
[3.649117] (mecharm) StdoutLine: {'line': b'Installing follow_display script to /home/robotics/ros2_cobot/install/mecharm/lib/mecharm\n'}
[3.649242] (mecharm) StdoutLine: {'line': b'Installing following_marker script to /home/robotics/ros2_cobot/install/mecharm/lib/mecharm\n'}
[3.649285] (mecharm) StdoutLine: {'line': b'Installing listen_real script to /home/robotics/ros2_cobot/install/mecharm/lib/mecharm\n'}
[3.649322] (mecharm) StdoutLine: {'line': b'Installing listen_real_of_topic script to /home/robotics/ros2_cobot/install/mecharm/lib/mecharm\n'}
[3.649361] (mecharm) StdoutLine: {'line': b'Installing simple_gui script to /home/robotics/ros2_cobot/install/mecharm/lib/mecharm\n'}
[3.649427] (mecharm) StdoutLine: {'line': b'Installing slider_control script to /home/robotics/ros2_cobot/install/mecharm/lib/mecharm\n'}
[3.649481] (mecharm) StdoutLine: {'line': b'Installing teleop_keyboard script to /home/robotics/ros2_cobot/install/mecharm/lib/mecharm\n'}
[3.649893] (mecharm) StdoutLine: {'line': b"writing list of installed files to '/home/robotics/ros2_cobot/build/mecharm/install.log'\n"}
[3.651270] (mycobot_280rdkx5_moveit2) JobEnded: {'identifier': 'mycobot_280rdkx5_moveit2', 'rc': 0}
[3.651932] (mycobot_280_moveit2_control) StdoutLine: {'line': b'Installing sync_plan script to /home/robotics/ros2_cobot/install/mycobot_280_moveit2_control/lib/mycobot_280_moveit2_control\n'}
[3.653368] (mecharm_pi) Command: {'cmd': ['/usr/bin/python3', '-W', 'ignore:setup.py install is deprecated', '-W', 'ignore:easy_install command is deprecated', 'setup.py', 'egg_info', '--egg-base', '../../../../build/mecharm_pi', 'build', '--build-base', '/home/robotics/ros2_cobot/build/mecharm_pi/build', 'install', '--record', '/home/robotics/ros2_cobot/build/mecharm_pi/install.log', '--single-version-externally-managed', 'install_data'], 'cwd': '/home/robotics/ros2_cobot/src/mycobot_ros2/mecharm/mecharm_pi', 'env': {'GJS_DEBUG_TOPICS': 'JS ERROR;JS LOG', 'LESSOPEN': '| /usr/bin/lesspipe %s', 'LANGUAGE': 'en_CA:en', 'USER': 'robotics', 'XDG_SESSION_TYPE': 'x11', 'SHLVL': '1', 'LD_LIBRARY_PATH': '/opt/ros/humble/opt/rviz_ogre_vendor/lib:/opt/ros/humble/lib/x86_64-linux-gnu:/opt/ros/humble/lib', 'HOME': '/home/robotics', 'OLDPWD': '/home/robotics', 'DESKTOP_SESSION': 'ubuntu', 'GIO_LAUNCHED_DESKTOP_FILE': '/usr/share/applications/terminator.desktop', 'ROS_PYTHON_VERSION': '3', 'GNOME_SHELL_SESSION_MODE': 'ubuntu', 'GTK_MODULES': 'gail:atk-bridge', 'MANAGERPID': '1791', 'SYSTEMD_EXEC_PID': '2064', 'DBUS_SESSION_BUS_ADDRESS': 'unix:path=/run/user/1001/bus', 'COLORTERM': 'truecolor', 'TERMINATOR_DBUS_NAME': 'net.tenshu.Terminator23558193cd9818af7fe4d2c2f5bd9d00f', 'GIO_LAUNCHED_DESKTOP_FILE_PID': '2911', 'ROS_DISTRO': 'humble', 'GTK_IM_MODULE': 'ibus', 'LOGNAME': 'robotics', 'JOURNAL_STREAM': '8:12679', '_': '/usr/bin/colcon', 'ROS_VERSION': '2', 'XDG_SESSION_CLASS': 'user', 'USERNAME': 'robotics', 'TERM': 'xterm-256color', 'GNOME_DESKTOP_SESSION_ID': 'this-is-deprecated', 'ROS_LOCALHOST_ONLY': '0', 'WINDOWPATH': '2', 'PATH': '/opt/ros/humble/bin:/home/robotics/.local/bin:/usr/local/sbin:/usr/local/bin:/usr/sbin:/usr/bin:/sbin:/bin:/usr/games:/usr/local/games:/snap/bin:/snap/bin', 'SESSION_MANAGER': 'local/scapula:@/tmp/.ICE-unix/2041,unix/scapula:/tmp/.ICE-unix/2041', 'INVOCATION_ID': 'fa4d4892373d46828ff3f5eecdfb64d7', 'XDG_MENU_PREFIX': 'gnome-', 'XDG_RUNTIME_DIR': '/run/user/1001', 'DISPLAY': ':1', 'TERMINATOR_DBUS_PATH': '/net/tenshu/Terminator2', 'LANG': 'en_US.UTF-8', 'XDG_CURRENT_DESKTOP': 'ubuntu:GNOME', 'XMODIFIERS': '@im=ibus', 'XDG_SESSION_DESKTOP': 'ubuntu', 'XAUTHORITY': '/run/user/1001/gdm/Xauthority', 'LS_COLORS': 'rs=0:di=01;34:ln=01;36:mh=00:pi=40;33:so=01;35:do=01;35:bd=40;33;01:cd=40;33;01:or=40;31;01:mi=00:su=37;41:sg=30;43:ca=30;41:tw=30;42:ow=34;42:st=37;44:ex=01;32:*.tar=01;31:*.tgz=01;31:*.arc=01;31:*.arj=01;31:*.taz=01;31:*.lha=01;31:*.lz4=01;31:*.lzh=01;31:*.lzma=01;31:*.tlz=01;31:*.txz=01;31:*.tzo=01;31:*.t7z=01;31:*.zip=01;31:*.z=01;31:*.dz=01;31:*.gz=01;31:*.lrz=01;31:*.lz=01;31:*.lzo=01;31:*.xz=01;31:*.zst=01;31:*.tzst=01;31:*.bz2=01;31:*.bz=01;31:*.tbz=01;31:*.tbz2=01;31:*.tz=01;31:*.deb=01;31:*.rpm=01;31:*.jar=01;31:*.war=01;31:*.ear=01;31:*.sar=01;31:*.rar=01;31:*.alz=01;31:*.ace=01;31:*.zoo=01;31:*.cpio=01;31:*.7z=01;31:*.rz=01;31:*.cab=01;31:*.wim=01;31:*.swm=01;31:*.dwm=01;31:*.esd=01;31:*.jpg=01;35:*.jpeg=01;35:*.mjpg=01;35:*.mjpeg=01;35:*.gif=01;35:*.bmp=01;35:*.pbm=01;35:*.pgm=01;35:*.ppm=01;35:*.tga=01;35:*.xbm=01;35:*.xpm=01;35:*.tif=01;35:*.tiff=01;35:*.png=01;35:*.svg=01;35:*.svgz=01;35:*.mng=01;35:*.pcx=01;35:*.mov=01;35:*.mpg=01;35:*.mpeg=01;35:*.m2v=01;35:*.mkv=01;35:*.webm=01;35:*.webp=01;35:*.ogm=01;35:*.mp4=01;35:*.m4v=01;35:*.mp4v=01;35:*.vob=01;35:*.qt=01;35:*.nuv=01;35:*.wmv=01;35:*.asf=01;35:*.rm=01;35:*.rmvb=01;35:*.flc=01;35:*.avi=01;35:*.fli=01;35:*.flv=01;35:*.gl=01;35:*.dl=01;35:*.xcf=01;35:*.xwd=01;35:*.yuv=01;35:*.cgm=01;35:*.emf=01;35:*.ogv=01;35:*.ogx=01;35:*.aac=00;36:*.au=00;36:*.flac=00;36:*.m4a=00;36:*.mid=00;36:*.midi=00;36:*.mka=00;36:*.mp3=00;36:*.mpc=00;36:*.ogg=00;36:*.ra=00;36:*.wav=00;36:*.oga=00;36:*.opus=00;36:*.spx=00;36:*.xspf=00;36:', 'SSH_AGENT_LAUNCHER': 'gnome-keyring', 'SSH_AUTH_SOCK': '/run/user/1001/keyring/ssh', 'AMENT_PREFIX_PATH': '/home/robotics/ros2_cobot/install/mycobot_description:/opt/ros/humble', 'SHELL': '/bin/bash', 'TERMINATOR_UUID': 'urn:uuid:9f62500e-929f-4887-8849-f4dd46e1c38d', 'QT_ACCESSIBILITY': '1', 'GDMSESSION': 'ubuntu', 'LESSCLOSE': '/usr/bin/lesspipe %s %s', 'GPG_AGENT_INFO': '/run/user/1001/gnupg/S.gpg-agent:0:1', 'GJS_DEBUG_OUTPUT': 'stderr', 'QT_IM_MODULE': 'ibus', 'PWD': '/home/robotics/ros2_cobot/build/mecharm_pi', 'LC_ALL': 'en_US.UTF-8', 'XDG_CONFIG_DIRS': '/etc/xdg/xdg-ubuntu:/etc/xdg', 'XDG_DATA_DIRS': '/usr/share/ubuntu:/usr/share/gnome:/usr/local/share/:/usr/share/:/var/lib/snapd/desktop', 'PYTHONPATH': '/home/robotics/ros2_cobot/build/mecharm_pi/prefix_override:/usr/lib/python3/dist-packages/colcon_core/task/python/colcon_distutils_commands:/home/robotics/ros2_cobot/install/mecharm_pi/lib/python3.10/site-packages:/home/robotics/ros2_cobot/install/mycobot_description/lib/python3.10/site-packages:/opt/ros/humble/lib/python3.10/site-packages:/opt/ros/humble/local/lib/python3.10/dist-packages', 'COLCON': '1', 'VTE_VERSION': '6800'}, 'shell': False}
[3.654537] (mycobot_280_moveit2_control) StdoutLine: {'line': b'Installing sync_plan_arduino script to /home/robotics/ros2_cobot/install/mycobot_280_moveit2_control/lib/mycobot_280_moveit2_control\n'}
[3.654899] (mycobot_280_moveit2_control) StdoutLine: {'line': b'Installing sync_plan_rdkx5 script to /home/robotics/ros2_cobot/install/mycobot_280_moveit2_control/lib/mycobot_280_moveit2_control\n'}
[3.654968] (mycobot_280_moveit2_control) StdoutLine: {'line': b"writing list of installed files to '/home/robotics/ros2_cobot/build/mycobot_280_moveit2_control/install.log'\n"}
[3.656257] (mybuddy) Command: {'cmd': ['/usr/bin/python3', '-W', 'ignore:setup.py install is deprecated', '-W', 'ignore:easy_install command is deprecated', 'setup.py', 'egg_info', '--egg-base', '../../../../build/mybuddy', 'build', '--build-base', '/home/robotics/ros2_cobot/build/mybuddy/build', 'install', '--record', '/home/robotics/ros2_cobot/build/mybuddy/install.log', '--single-version-externally-managed', 'install_data'], 'cwd': '/home/robotics/ros2_cobot/src/mycobot_ros2/Mybuddy/mybuddy', 'env': {'GJS_DEBUG_TOPICS': 'JS ERROR;JS LOG', 'LESSOPEN': '| /usr/bin/lesspipe %s', 'LANGUAGE': 'en_CA:en', 'USER': 'robotics', 'XDG_SESSION_TYPE': 'x11', 'SHLVL': '1', 'LD_LIBRARY_PATH': '/opt/ros/humble/opt/rviz_ogre_vendor/lib:/opt/ros/humble/lib/x86_64-linux-gnu:/opt/ros/humble/lib', 'HOME': '/home/robotics', 'OLDPWD': '/home/robotics', 'DESKTOP_SESSION': 'ubuntu', 'GIO_LAUNCHED_DESKTOP_FILE': '/usr/share/applications/terminator.desktop', 'ROS_PYTHON_VERSION': '3', 'GNOME_SHELL_SESSION_MODE': 'ubuntu', 'GTK_MODULES': 'gail:atk-bridge', 'MANAGERPID': '1791', 'SYSTEMD_EXEC_PID': '2064', 'DBUS_SESSION_BUS_ADDRESS': 'unix:path=/run/user/1001/bus', 'COLORTERM': 'truecolor', 'TERMINATOR_DBUS_NAME': 'net.tenshu.Terminator23558193cd9818af7fe4d2c2f5bd9d00f', 'GIO_LAUNCHED_DESKTOP_FILE_PID': '2911', 'ROS_DISTRO': 'humble', 'GTK_IM_MODULE': 'ibus', 'LOGNAME': 'robotics', 'JOURNAL_STREAM': '8:12679', '_': '/usr/bin/colcon', 'ROS_VERSION': '2', 'XDG_SESSION_CLASS': 'user', 'USERNAME': 'robotics', 'TERM': 'xterm-256color', 'GNOME_DESKTOP_SESSION_ID': 'this-is-deprecated', 'ROS_LOCALHOST_ONLY': '0', 'WINDOWPATH': '2', 'PATH': '/opt/ros/humble/bin:/home/robotics/.local/bin:/usr/local/sbin:/usr/local/bin:/usr/sbin:/usr/bin:/sbin:/bin:/usr/games:/usr/local/games:/snap/bin:/snap/bin', 'SESSION_MANAGER': 'local/scapula:@/tmp/.ICE-unix/2041,unix/scapula:/tmp/.ICE-unix/2041', 'INVOCATION_ID': 'fa4d4892373d46828ff3f5eecdfb64d7', 'XDG_MENU_PREFIX': 'gnome-', 'XDG_RUNTIME_DIR': '/run/user/1001', 'DISPLAY': ':1', 'TERMINATOR_DBUS_PATH': '/net/tenshu/Terminator2', 'LANG': 'en_US.UTF-8', 'XDG_CURRENT_DESKTOP': 'ubuntu:GNOME', 'XMODIFIERS': '@im=ibus', 'XDG_SESSION_DESKTOP': 'ubuntu', 'XAUTHORITY': '/run/user/1001/gdm/Xauthority', 'LS_COLORS': 'rs=0:di=01;34:ln=01;36:mh=00:pi=40;33:so=01;35:do=01;35:bd=40;33;01:cd=40;33;01:or=40;31;01:mi=00:su=37;41:sg=30;43:ca=30;41:tw=30;42:ow=34;42:st=37;44:ex=01;32:*.tar=01;31:*.tgz=01;31:*.arc=01;31:*.arj=01;31:*.taz=01;31:*.lha=01;31:*.lz4=01;31:*.lzh=01;31:*.lzma=01;31:*.tlz=01;31:*.txz=01;31:*.tzo=01;31:*.t7z=01;31:*.zip=01;31:*.z=01;31:*.dz=01;31:*.gz=01;31:*.lrz=01;31:*.lz=01;31:*.lzo=01;31:*.xz=01;31:*.zst=01;31:*.tzst=01;31:*.bz2=01;31:*.bz=01;31:*.tbz=01;31:*.tbz2=01;31:*.tz=01;31:*.deb=01;31:*.rpm=01;31:*.jar=01;31:*.war=01;31:*.ear=01;31:*.sar=01;31:*.rar=01;31:*.alz=01;31:*.ace=01;31:*.zoo=01;31:*.cpio=01;31:*.7z=01;31:*.rz=01;31:*.cab=01;31:*.wim=01;31:*.swm=01;31:*.dwm=01;31:*.esd=01;31:*.jpg=01;35:*.jpeg=01;35:*.mjpg=01;35:*.mjpeg=01;35:*.gif=01;35:*.bmp=01;35:*.pbm=01;35:*.pgm=01;35:*.ppm=01;35:*.tga=01;35:*.xbm=01;35:*.xpm=01;35:*.tif=01;35:*.tiff=01;35:*.png=01;35:*.svg=01;35:*.svgz=01;35:*.mng=01;35:*.pcx=01;35:*.mov=01;35:*.mpg=01;35:*.mpeg=01;35:*.m2v=01;35:*.mkv=01;35:*.webm=01;35:*.webp=01;35:*.ogm=01;35:*.mp4=01;35:*.m4v=01;35:*.mp4v=01;35:*.vob=01;35:*.qt=01;35:*.nuv=01;35:*.wmv=01;35:*.asf=01;35:*.rm=01;35:*.rmvb=01;35:*.flc=01;35:*.avi=01;35:*.fli=01;35:*.flv=01;35:*.gl=01;35:*.dl=01;35:*.xcf=01;35:*.xwd=01;35:*.yuv=01;35:*.cgm=01;35:*.emf=01;35:*.ogv=01;35:*.ogx=01;35:*.aac=00;36:*.au=00;36:*.flac=00;36:*.m4a=00;36:*.mid=00;36:*.midi=00;36:*.mka=00;36:*.mp3=00;36:*.mpc=00;36:*.ogg=00;36:*.ra=00;36:*.wav=00;36:*.oga=00;36:*.opus=00;36:*.spx=00;36:*.xspf=00;36:', 'SSH_AGENT_LAUNCHER': 'gnome-keyring', 'SSH_AUTH_SOCK': '/run/user/1001/keyring/ssh', 'AMENT_PREFIX_PATH': '/home/robotics/ros2_cobot/install/mycobot_description:/opt/ros/humble', 'SHELL': '/bin/bash', 'TERMINATOR_UUID': 'urn:uuid:9f62500e-929f-4887-8849-f4dd46e1c38d', 'QT_ACCESSIBILITY': '1', 'GDMSESSION': 'ubuntu', 'LESSCLOSE': '/usr/bin/lesspipe %s %s', 'GPG_AGENT_INFO': '/run/user/1001/gnupg/S.gpg-agent:0:1', 'GJS_DEBUG_OUTPUT': 'stderr', 'QT_IM_MODULE': 'ibus', 'PWD': '/home/robotics/ros2_cobot/build/mybuddy', 'LC_ALL': 'en_US.UTF-8', 'XDG_CONFIG_DIRS': '/etc/xdg/xdg-ubuntu:/etc/xdg', 'XDG_DATA_DIRS': '/usr/share/ubuntu:/usr/share/gnome:/usr/local/share/:/usr/share/:/var/lib/snapd/desktop', 'PYTHONPATH': '/home/robotics/ros2_cobot/build/mybuddy/prefix_override:/usr/lib/python3/dist-packages/colcon_core/task/python/colcon_distutils_commands:/home/robotics/ros2_cobot/install/mybuddy/lib/python3.10/site-packages:/home/robotics/ros2_cobot/install/mycobot_description/lib/python3.10/site-packages:/opt/ros/humble/lib/python3.10/site-packages:/opt/ros/humble/local/lib/python3.10/dist-packages', 'COLCON': '1', 'VTE_VERSION': '6800'}, 'shell': False}
[3.657709] (mycobot_320pi) JobStarted: {'identifier': 'mycobot_320pi'}
[3.663375] (mecharm_communication) Command: {'cmd': ['/usr/bin/python3', '-W', 'ignore:setup.py install is deprecated', '-W', 'ignore:easy_install command is deprecated', 'setup.py', 'egg_info', '--egg-base', '../../../../build/mecharm_communication', 'build', '--build-base', '/home/robotics/ros2_cobot/build/mecharm_communication/build', 'install', '--record', '/home/robotics/ros2_cobot/build/mecharm_communication/install.log', '--single-version-externally-managed', 'install_data'], 'cwd': '/home/robotics/ros2_cobot/src/mycobot_ros2/mecharm/mecharm_communication', 'env': {'GJS_DEBUG_TOPICS': 'JS ERROR;JS LOG', 'LESSOPEN': '| /usr/bin/lesspipe %s', 'LANGUAGE': 'en_CA:en', 'USER': 'robotics', 'XDG_SESSION_TYPE': 'x11', 'SHLVL': '1', 'LD_LIBRARY_PATH': '/home/robotics/ros2_cobot/install/mycobot_interfaces/lib:/opt/ros/humble/opt/rviz_ogre_vendor/lib:/opt/ros/humble/lib/x86_64-linux-gnu:/opt/ros/humble/lib', 'HOME': '/home/robotics', 'OLDPWD': '/home/robotics', 'DESKTOP_SESSION': 'ubuntu', 'GIO_LAUNCHED_DESKTOP_FILE': '/usr/share/applications/terminator.desktop', 'ROS_PYTHON_VERSION': '3', 'GNOME_SHELL_SESSION_MODE': 'ubuntu', 'GTK_MODULES': 'gail:atk-bridge', 'MANAGERPID': '1791', 'SYSTEMD_EXEC_PID': '2064', 'DBUS_SESSION_BUS_ADDRESS': 'unix:path=/run/user/1001/bus', 'COLORTERM': 'truecolor', 'TERMINATOR_DBUS_NAME': 'net.tenshu.Terminator23558193cd9818af7fe4d2c2f5bd9d00f', 'GIO_LAUNCHED_DESKTOP_FILE_PID': '2911', 'ROS_DISTRO': 'humble', 'GTK_IM_MODULE': 'ibus', 'LOGNAME': 'robotics', 'JOURNAL_STREAM': '8:12679', '_': '/usr/bin/colcon', 'ROS_VERSION': '2', 'XDG_SESSION_CLASS': 'user', 'USERNAME': 'robotics', 'TERM': 'xterm-256color', 'GNOME_DESKTOP_SESSION_ID': 'this-is-deprecated', 'ROS_LOCALHOST_ONLY': '0', 'WINDOWPATH': '2', 'PATH': '/opt/ros/humble/bin:/home/robotics/.local/bin:/usr/local/sbin:/usr/local/bin:/usr/sbin:/usr/bin:/sbin:/bin:/usr/games:/usr/local/games:/snap/bin:/snap/bin', 'SESSION_MANAGER': 'local/scapula:@/tmp/.ICE-unix/2041,unix/scapula:/tmp/.ICE-unix/2041', 'INVOCATION_ID': 'fa4d4892373d46828ff3f5eecdfb64d7', 'XDG_MENU_PREFIX': 'gnome-', 'XDG_RUNTIME_DIR': '/run/user/1001', 'DISPLAY': ':1', 'TERMINATOR_DBUS_PATH': '/net/tenshu/Terminator2', 'LANG': 'en_US.UTF-8', 'XDG_CURRENT_DESKTOP': 'ubuntu:GNOME', 'XMODIFIERS': '@im=ibus', 'XDG_SESSION_DESKTOP': 'ubuntu', 'XAUTHORITY': '/run/user/1001/gdm/Xauthority', 'LS_COLORS': 'rs=0:di=01;34:ln=01;36:mh=00:pi=40;33:so=01;35:do=01;35:bd=40;33;01:cd=40;33;01:or=40;31;01:mi=00:su=37;41:sg=30;43:ca=30;41:tw=30;42:ow=34;42:st=37;44:ex=01;32:*.tar=01;31:*.tgz=01;31:*.arc=01;31:*.arj=01;31:*.taz=01;31:*.lha=01;31:*.lz4=01;31:*.lzh=01;31:*.lzma=01;31:*.tlz=01;31:*.txz=01;31:*.tzo=01;31:*.t7z=01;31:*.zip=01;31:*.z=01;31:*.dz=01;31:*.gz=01;31:*.lrz=01;31:*.lz=01;31:*.lzo=01;31:*.xz=01;31:*.zst=01;31:*.tzst=01;31:*.bz2=01;31:*.bz=01;31:*.tbz=01;31:*.tbz2=01;31:*.tz=01;31:*.deb=01;31:*.rpm=01;31:*.jar=01;31:*.war=01;31:*.ear=01;31:*.sar=01;31:*.rar=01;31:*.alz=01;31:*.ace=01;31:*.zoo=01;31:*.cpio=01;31:*.7z=01;31:*.rz=01;31:*.cab=01;31:*.wim=01;31:*.swm=01;31:*.dwm=01;31:*.esd=01;31:*.jpg=01;35:*.jpeg=01;35:*.mjpg=01;35:*.mjpeg=01;35:*.gif=01;35:*.bmp=01;35:*.pbm=01;35:*.pgm=01;35:*.ppm=01;35:*.tga=01;35:*.xbm=01;35:*.xpm=01;35:*.tif=01;35:*.tiff=01;35:*.png=01;35:*.svg=01;35:*.svgz=01;35:*.mng=01;35:*.pcx=01;35:*.mov=01;35:*.mpg=01;35:*.mpeg=01;35:*.m2v=01;35:*.mkv=01;35:*.webm=01;35:*.webp=01;35:*.ogm=01;35:*.mp4=01;35:*.m4v=01;35:*.mp4v=01;35:*.vob=01;35:*.qt=01;35:*.nuv=01;35:*.wmv=01;35:*.asf=01;35:*.rm=01;35:*.rmvb=01;35:*.flc=01;35:*.avi=01;35:*.fli=01;35:*.flv=01;35:*.gl=01;35:*.dl=01;35:*.xcf=01;35:*.xwd=01;35:*.yuv=01;35:*.cgm=01;35:*.emf=01;35:*.ogv=01;35:*.ogx=01;35:*.aac=00;36:*.au=00;36:*.flac=00;36:*.m4a=00;36:*.mid=00;36:*.midi=00;36:*.mka=00;36:*.mp3=00;36:*.mpc=00;36:*.ogg=00;36:*.ra=00;36:*.wav=00;36:*.oga=00;36:*.opus=00;36:*.spx=00;36:*.xspf=00;36:', 'SSH_AGENT_LAUNCHER': 'gnome-keyring', 'SSH_AUTH_SOCK': '/run/user/1001/keyring/ssh', 'AMENT_PREFIX_PATH': '/home/robotics/ros2_cobot/install/mycobot_interfaces:/opt/ros/humble', 'SHELL': '/bin/bash', 'TERMINATOR_UUID': 'urn:uuid:9f62500e-929f-4887-8849-f4dd46e1c38d', 'QT_ACCESSIBILITY': '1', 'GDMSESSION': 'ubuntu', 'LESSCLOSE': '/usr/bin/lesspipe %s %s', 'GPG_AGENT_INFO': '/run/user/1001/gnupg/S.gpg-agent:0:1', 'GJS_DEBUG_OUTPUT': 'stderr', 'QT_IM_MODULE': 'ibus', 'PWD': '/home/robotics/ros2_cobot/build/mecharm_communication', 'LC_ALL': 'en_US.UTF-8', 'XDG_CONFIG_DIRS': '/etc/xdg/xdg-ubuntu:/etc/xdg', 'XDG_DATA_DIRS': '/usr/share/ubuntu:/usr/share/gnome:/usr/local/share/:/usr/share/:/var/lib/snapd/desktop', 'PYTHONPATH': '/home/robotics/ros2_cobot/build/mecharm_communication/prefix_override:/usr/lib/python3/dist-packages/colcon_core/task/python/colcon_distutils_commands:/home/robotics/ros2_cobot/install/mecharm_communication/lib/python3.10/site-packages:/home/robotics/ros2_cobot/install/mycobot_interfaces/local/lib/python3.10/dist-packages:/opt/ros/humble/lib/python3.10/site-packages:/opt/ros/humble/local/lib/python3.10/dist-packages', 'COLCON': '1', 'VTE_VERSION': '6800', 'CMAKE_PREFIX_PATH': '/home/robotics/ros2_cobot/install/mycobot_interfaces'}, 'shell': False}
[3.667234] (mycobot_280jn) Command: {'cmd': ['/usr/bin/python3', '-W', 'ignore:setup.py install is deprecated', '-W', 'ignore:easy_install command is deprecated', 'setup.py', 'egg_info', '--egg-base', '../../../../build/mycobot_280jn', 'build', '--build-base', '/home/robotics/ros2_cobot/build/mycobot_280jn/build', 'install', '--record', '/home/robotics/ros2_cobot/build/mycobot_280jn/install.log', '--single-version-externally-managed', 'install_data'], 'cwd': '/home/robotics/ros2_cobot/src/mycobot_ros2/mycobot_280/mycobot_280jn', 'env': {'GJS_DEBUG_TOPICS': 'JS ERROR;JS LOG', 'LESSOPEN': '| /usr/bin/lesspipe %s', 'LANGUAGE': 'en_CA:en', 'USER': 'robotics', 'XDG_SESSION_TYPE': 'x11', 'SHLVL': '1', 'LD_LIBRARY_PATH': '/opt/ros/humble/opt/rviz_ogre_vendor/lib:/opt/ros/humble/lib/x86_64-linux-gnu:/opt/ros/humble/lib', 'HOME': '/home/robotics', 'OLDPWD': '/home/robotics', 'DESKTOP_SESSION': 'ubuntu', 'GIO_LAUNCHED_DESKTOP_FILE': '/usr/share/applications/terminator.desktop', 'ROS_PYTHON_VERSION': '3', 'GNOME_SHELL_SESSION_MODE': 'ubuntu', 'GTK_MODULES': 'gail:atk-bridge', 'MANAGERPID': '1791', 'SYSTEMD_EXEC_PID': '2064', 'DBUS_SESSION_BUS_ADDRESS': 'unix:path=/run/user/1001/bus', 'COLORTERM': 'truecolor', 'TERMINATOR_DBUS_NAME': 'net.tenshu.Terminator23558193cd9818af7fe4d2c2f5bd9d00f', 'GIO_LAUNCHED_DESKTOP_FILE_PID': '2911', 'ROS_DISTRO': 'humble', 'GTK_IM_MODULE': 'ibus', 'LOGNAME': 'robotics', 'JOURNAL_STREAM': '8:12679', '_': '/usr/bin/colcon', 'ROS_VERSION': '2', 'XDG_SESSION_CLASS': 'user', 'USERNAME': 'robotics', 'TERM': 'xterm-256color', 'GNOME_DESKTOP_SESSION_ID': 'this-is-deprecated', 'ROS_LOCALHOST_ONLY': '0', 'WINDOWPATH': '2', 'PATH': '/opt/ros/humble/bin:/home/robotics/.local/bin:/usr/local/sbin:/usr/local/bin:/usr/sbin:/usr/bin:/sbin:/bin:/usr/games:/usr/local/games:/snap/bin:/snap/bin', 'SESSION_MANAGER': 'local/scapula:@/tmp/.ICE-unix/2041,unix/scapula:/tmp/.ICE-unix/2041', 'INVOCATION_ID': 'fa4d4892373d46828ff3f5eecdfb64d7', 'XDG_MENU_PREFIX': 'gnome-', 'XDG_RUNTIME_DIR': '/run/user/1001', 'DISPLAY': ':1', 'TERMINATOR_DBUS_PATH': '/net/tenshu/Terminator2', 'LANG': 'en_US.UTF-8', 'XDG_CURRENT_DESKTOP': 'ubuntu:GNOME', 'XMODIFIERS': '@im=ibus', 'XDG_SESSION_DESKTOP': 'ubuntu', 'XAUTHORITY': '/run/user/1001/gdm/Xauthority', 'LS_COLORS': 'rs=0:di=01;34:ln=01;36:mh=00:pi=40;33:so=01;35:do=01;35:bd=40;33;01:cd=40;33;01:or=40;31;01:mi=00:su=37;41:sg=30;43:ca=30;41:tw=30;42:ow=34;42:st=37;44:ex=01;32:*.tar=01;31:*.tgz=01;31:*.arc=01;31:*.arj=01;31:*.taz=01;31:*.lha=01;31:*.lz4=01;31:*.lzh=01;31:*.lzma=01;31:*.tlz=01;31:*.txz=01;31:*.tzo=01;31:*.t7z=01;31:*.zip=01;31:*.z=01;31:*.dz=01;31:*.gz=01;31:*.lrz=01;31:*.lz=01;31:*.lzo=01;31:*.xz=01;31:*.zst=01;31:*.tzst=01;31:*.bz2=01;31:*.bz=01;31:*.tbz=01;31:*.tbz2=01;31:*.tz=01;31:*.deb=01;31:*.rpm=01;31:*.jar=01;31:*.war=01;31:*.ear=01;31:*.sar=01;31:*.rar=01;31:*.alz=01;31:*.ace=01;31:*.zoo=01;31:*.cpio=01;31:*.7z=01;31:*.rz=01;31:*.cab=01;31:*.wim=01;31:*.swm=01;31:*.dwm=01;31:*.esd=01;31:*.jpg=01;35:*.jpeg=01;35:*.mjpg=01;35:*.mjpeg=01;35:*.gif=01;35:*.bmp=01;35:*.pbm=01;35:*.pgm=01;35:*.ppm=01;35:*.tga=01;35:*.xbm=01;35:*.xpm=01;35:*.tif=01;35:*.tiff=01;35:*.png=01;35:*.svg=01;35:*.svgz=01;35:*.mng=01;35:*.pcx=01;35:*.mov=01;35:*.mpg=01;35:*.mpeg=01;35:*.m2v=01;35:*.mkv=01;35:*.webm=01;35:*.webp=01;35:*.ogm=01;35:*.mp4=01;35:*.m4v=01;35:*.mp4v=01;35:*.vob=01;35:*.qt=01;35:*.nuv=01;35:*.wmv=01;35:*.asf=01;35:*.rm=01;35:*.rmvb=01;35:*.flc=01;35:*.avi=01;35:*.fli=01;35:*.flv=01;35:*.gl=01;35:*.dl=01;35:*.xcf=01;35:*.xwd=01;35:*.yuv=01;35:*.cgm=01;35:*.emf=01;35:*.ogv=01;35:*.ogx=01;35:*.aac=00;36:*.au=00;36:*.flac=00;36:*.m4a=00;36:*.mid=00;36:*.midi=00;36:*.mka=00;36:*.mp3=00;36:*.mpc=00;36:*.ogg=00;36:*.ra=00;36:*.wav=00;36:*.oga=00;36:*.opus=00;36:*.spx=00;36:*.xspf=00;36:', 'SSH_AGENT_LAUNCHER': 'gnome-keyring', 'SSH_AUTH_SOCK': '/run/user/1001/keyring/ssh', 'AMENT_PREFIX_PATH': '/home/robotics/ros2_cobot/install/mycobot_description:/opt/ros/humble', 'SHELL': '/bin/bash', 'TERMINATOR_UUID': 'urn:uuid:9f62500e-929f-4887-8849-f4dd46e1c38d', 'QT_ACCESSIBILITY': '1', 'GDMSESSION': 'ubuntu', 'LESSCLOSE': '/usr/bin/lesspipe %s %s', 'GPG_AGENT_INFO': '/run/user/1001/gnupg/S.gpg-agent:0:1', 'GJS_DEBUG_OUTPUT': 'stderr', 'QT_IM_MODULE': 'ibus', 'PWD': '/home/robotics/ros2_cobot/build/mycobot_280jn', 'LC_ALL': 'en_US.UTF-8', 'XDG_CONFIG_DIRS': '/etc/xdg/xdg-ubuntu:/etc/xdg', 'XDG_DATA_DIRS': '/usr/share/ubuntu:/usr/share/gnome:/usr/local/share/:/usr/share/:/var/lib/snapd/desktop', 'PYTHONPATH': '/home/robotics/ros2_cobot/build/mycobot_280jn/prefix_override:/usr/lib/python3/dist-packages/colcon_core/task/python/colcon_distutils_commands:/home/robotics/ros2_cobot/install/mycobot_280jn/lib/python3.10/site-packages:/home/robotics/ros2_cobot/install/mycobot_description/lib/python3.10/site-packages:/opt/ros/humble/lib/python3.10/site-packages:/opt/ros/humble/local/lib/python3.10/dist-packages', 'COLCON': '1', 'VTE_VERSION': '6800'}, 'shell': False}
[3.671733] (mycobot_280_arduino) Command: {'cmd': ['/usr/bin/python3', '-W', 'ignore:setup.py install is deprecated', '-W', 'ignore:easy_install command is deprecated', 'setup.py', 'egg_info', '--egg-base', '../../../../build/mycobot_280_arduino', 'build', '--build-base', '/home/robotics/ros2_cobot/build/mycobot_280_arduino/build', 'install', '--record', '/home/robotics/ros2_cobot/build/mycobot_280_arduino/install.log', '--single-version-externally-managed', 'install_data'], 'cwd': '/home/robotics/ros2_cobot/src/mycobot_ros2/mycobot_280/mycobot_280_arduino', 'env': {'GJS_DEBUG_TOPICS': 'JS ERROR;JS LOG', 'LESSOPEN': '| /usr/bin/lesspipe %s', 'LANGUAGE': 'en_CA:en', 'USER': 'robotics', 'XDG_SESSION_TYPE': 'x11', 'SHLVL': '1', 'LD_LIBRARY_PATH': '/opt/ros/humble/opt/rviz_ogre_vendor/lib:/opt/ros/humble/lib/x86_64-linux-gnu:/opt/ros/humble/lib', 'HOME': '/home/robotics', 'OLDPWD': '/home/robotics', 'DESKTOP_SESSION': 'ubuntu', 'GIO_LAUNCHED_DESKTOP_FILE': '/usr/share/applications/terminator.desktop', 'ROS_PYTHON_VERSION': '3', 'GNOME_SHELL_SESSION_MODE': 'ubuntu', 'GTK_MODULES': 'gail:atk-bridge', 'MANAGERPID': '1791', 'SYSTEMD_EXEC_PID': '2064', 'DBUS_SESSION_BUS_ADDRESS': 'unix:path=/run/user/1001/bus', 'COLORTERM': 'truecolor', 'TERMINATOR_DBUS_NAME': 'net.tenshu.Terminator23558193cd9818af7fe4d2c2f5bd9d00f', 'GIO_LAUNCHED_DESKTOP_FILE_PID': '2911', 'ROS_DISTRO': 'humble', 'GTK_IM_MODULE': 'ibus', 'LOGNAME': 'robotics', 'JOURNAL_STREAM': '8:12679', '_': '/usr/bin/colcon', 'ROS_VERSION': '2', 'XDG_SESSION_CLASS': 'user', 'USERNAME': 'robotics', 'TERM': 'xterm-256color', 'GNOME_DESKTOP_SESSION_ID': 'this-is-deprecated', 'ROS_LOCALHOST_ONLY': '0', 'WINDOWPATH': '2', 'PATH': '/opt/ros/humble/bin:/home/robotics/.local/bin:/usr/local/sbin:/usr/local/bin:/usr/sbin:/usr/bin:/sbin:/bin:/usr/games:/usr/local/games:/snap/bin:/snap/bin', 'SESSION_MANAGER': 'local/scapula:@/tmp/.ICE-unix/2041,unix/scapula:/tmp/.ICE-unix/2041', 'INVOCATION_ID': 'fa4d4892373d46828ff3f5eecdfb64d7', 'XDG_MENU_PREFIX': 'gnome-', 'XDG_RUNTIME_DIR': '/run/user/1001', 'DISPLAY': ':1', 'TERMINATOR_DBUS_PATH': '/net/tenshu/Terminator2', 'LANG': 'en_US.UTF-8', 'XDG_CURRENT_DESKTOP': 'ubuntu:GNOME', 'XMODIFIERS': '@im=ibus', 'XDG_SESSION_DESKTOP': 'ubuntu', 'XAUTHORITY': '/run/user/1001/gdm/Xauthority', 'LS_COLORS': 'rs=0:di=01;34:ln=01;36:mh=00:pi=40;33:so=01;35:do=01;35:bd=40;33;01:cd=40;33;01:or=40;31;01:mi=00:su=37;41:sg=30;43:ca=30;41:tw=30;42:ow=34;42:st=37;44:ex=01;32:*.tar=01;31:*.tgz=01;31:*.arc=01;31:*.arj=01;31:*.taz=01;31:*.lha=01;31:*.lz4=01;31:*.lzh=01;31:*.lzma=01;31:*.tlz=01;31:*.txz=01;31:*.tzo=01;31:*.t7z=01;31:*.zip=01;31:*.z=01;31:*.dz=01;31:*.gz=01;31:*.lrz=01;31:*.lz=01;31:*.lzo=01;31:*.xz=01;31:*.zst=01;31:*.tzst=01;31:*.bz2=01;31:*.bz=01;31:*.tbz=01;31:*.tbz2=01;31:*.tz=01;31:*.deb=01;31:*.rpm=01;31:*.jar=01;31:*.war=01;31:*.ear=01;31:*.sar=01;31:*.rar=01;31:*.alz=01;31:*.ace=01;31:*.zoo=01;31:*.cpio=01;31:*.7z=01;31:*.rz=01;31:*.cab=01;31:*.wim=01;31:*.swm=01;31:*.dwm=01;31:*.esd=01;31:*.jpg=01;35:*.jpeg=01;35:*.mjpg=01;35:*.mjpeg=01;35:*.gif=01;35:*.bmp=01;35:*.pbm=01;35:*.pgm=01;35:*.ppm=01;35:*.tga=01;35:*.xbm=01;35:*.xpm=01;35:*.tif=01;35:*.tiff=01;35:*.png=01;35:*.svg=01;35:*.svgz=01;35:*.mng=01;35:*.pcx=01;35:*.mov=01;35:*.mpg=01;35:*.mpeg=01;35:*.m2v=01;35:*.mkv=01;35:*.webm=01;35:*.webp=01;35:*.ogm=01;35:*.mp4=01;35:*.m4v=01;35:*.mp4v=01;35:*.vob=01;35:*.qt=01;35:*.nuv=01;35:*.wmv=01;35:*.asf=01;35:*.rm=01;35:*.rmvb=01;35:*.flc=01;35:*.avi=01;35:*.fli=01;35:*.flv=01;35:*.gl=01;35:*.dl=01;35:*.xcf=01;35:*.xwd=01;35:*.yuv=01;35:*.cgm=01;35:*.emf=01;35:*.ogv=01;35:*.ogx=01;35:*.aac=00;36:*.au=00;36:*.flac=00;36:*.m4a=00;36:*.mid=00;36:*.midi=00;36:*.mka=00;36:*.mp3=00;36:*.mpc=00;36:*.ogg=00;36:*.ra=00;36:*.wav=00;36:*.oga=00;36:*.opus=00;36:*.spx=00;36:*.xspf=00;36:', 'SSH_AGENT_LAUNCHER': 'gnome-keyring', 'SSH_AUTH_SOCK': '/run/user/1001/keyring/ssh', 'AMENT_PREFIX_PATH': '/home/robotics/ros2_cobot/install/mycobot_description:/opt/ros/humble', 'SHELL': '/bin/bash', 'TERMINATOR_UUID': 'urn:uuid:9f62500e-929f-4887-8849-f4dd46e1c38d', 'QT_ACCESSIBILITY': '1', 'GDMSESSION': 'ubuntu', 'LESSCLOSE': '/usr/bin/lesspipe %s %s', 'GPG_AGENT_INFO': '/run/user/1001/gnupg/S.gpg-agent:0:1', 'GJS_DEBUG_OUTPUT': 'stderr', 'QT_IM_MODULE': 'ibus', 'PWD': '/home/robotics/ros2_cobot/build/mycobot_280_arduino', 'LC_ALL': 'en_US.UTF-8', 'XDG_CONFIG_DIRS': '/etc/xdg/xdg-ubuntu:/etc/xdg', 'XDG_DATA_DIRS': '/usr/share/ubuntu:/usr/share/gnome:/usr/local/share/:/usr/share/:/var/lib/snapd/desktop', 'PYTHONPATH': '/home/robotics/ros2_cobot/build/mycobot_280_arduino/prefix_override:/usr/lib/python3/dist-packages/colcon_core/task/python/colcon_distutils_commands:/home/robotics/ros2_cobot/install/mycobot_280_arduino/lib/python3.10/site-packages:/home/robotics/ros2_cobot/install/mycobot_description/lib/python3.10/site-packages:/opt/ros/humble/lib/python3.10/site-packages:/opt/ros/humble/local/lib/python3.10/dist-packages', 'COLCON': '1', 'VTE_VERSION': '6800'}, 'shell': False}
[3.675940] (mycobot_280_x3pi) Command: {'cmd': ['/usr/bin/python3', '-W', 'ignore:setup.py install is deprecated', '-W', 'ignore:easy_install command is deprecated', 'setup.py', 'egg_info', '--egg-base', '../../../../build/mycobot_280_x3pi', 'build', '--build-base', '/home/robotics/ros2_cobot/build/mycobot_280_x3pi/build', 'install', '--record', '/home/robotics/ros2_cobot/build/mycobot_280_x3pi/install.log', '--single-version-externally-managed', 'install_data'], 'cwd': '/home/robotics/ros2_cobot/src/mycobot_ros2/mycobot_280/mycobot_280_x3pi', 'env': {'GJS_DEBUG_TOPICS': 'JS ERROR;JS LOG', 'LESSOPEN': '| /usr/bin/lesspipe %s', 'LANGUAGE': 'en_CA:en', 'USER': 'robotics', 'XDG_SESSION_TYPE': 'x11', 'SHLVL': '1', 'LD_LIBRARY_PATH': '/opt/ros/humble/opt/rviz_ogre_vendor/lib:/opt/ros/humble/lib/x86_64-linux-gnu:/opt/ros/humble/lib', 'HOME': '/home/robotics', 'OLDPWD': '/home/robotics', 'DESKTOP_SESSION': 'ubuntu', 'GIO_LAUNCHED_DESKTOP_FILE': '/usr/share/applications/terminator.desktop', 'ROS_PYTHON_VERSION': '3', 'GNOME_SHELL_SESSION_MODE': 'ubuntu', 'GTK_MODULES': 'gail:atk-bridge', 'MANAGERPID': '1791', 'SYSTEMD_EXEC_PID': '2064', 'DBUS_SESSION_BUS_ADDRESS': 'unix:path=/run/user/1001/bus', 'COLORTERM': 'truecolor', 'TERMINATOR_DBUS_NAME': 'net.tenshu.Terminator23558193cd9818af7fe4d2c2f5bd9d00f', 'GIO_LAUNCHED_DESKTOP_FILE_PID': '2911', 'ROS_DISTRO': 'humble', 'GTK_IM_MODULE': 'ibus', 'LOGNAME': 'robotics', 'JOURNAL_STREAM': '8:12679', '_': '/usr/bin/colcon', 'ROS_VERSION': '2', 'XDG_SESSION_CLASS': 'user', 'USERNAME': 'robotics', 'TERM': 'xterm-256color', 'GNOME_DESKTOP_SESSION_ID': 'this-is-deprecated', 'ROS_LOCALHOST_ONLY': '0', 'WINDOWPATH': '2', 'PATH': '/opt/ros/humble/bin:/home/robotics/.local/bin:/usr/local/sbin:/usr/local/bin:/usr/sbin:/usr/bin:/sbin:/bin:/usr/games:/usr/local/games:/snap/bin:/snap/bin', 'SESSION_MANAGER': 'local/scapula:@/tmp/.ICE-unix/2041,unix/scapula:/tmp/.ICE-unix/2041', 'INVOCATION_ID': 'fa4d4892373d46828ff3f5eecdfb64d7', 'XDG_MENU_PREFIX': 'gnome-', 'XDG_RUNTIME_DIR': '/run/user/1001', 'DISPLAY': ':1', 'TERMINATOR_DBUS_PATH': '/net/tenshu/Terminator2', 'LANG': 'en_US.UTF-8', 'XDG_CURRENT_DESKTOP': 'ubuntu:GNOME', 'XMODIFIERS': '@im=ibus', 'XDG_SESSION_DESKTOP': 'ubuntu', 'XAUTHORITY': '/run/user/1001/gdm/Xauthority', 'LS_COLORS': 'rs=0:di=01;34:ln=01;36:mh=00:pi=40;33:so=01;35:do=01;35:bd=40;33;01:cd=40;33;01:or=40;31;01:mi=00:su=37;41:sg=30;43:ca=30;41:tw=30;42:ow=34;42:st=37;44:ex=01;32:*.tar=01;31:*.tgz=01;31:*.arc=01;31:*.arj=01;31:*.taz=01;31:*.lha=01;31:*.lz4=01;31:*.lzh=01;31:*.lzma=01;31:*.tlz=01;31:*.txz=01;31:*.tzo=01;31:*.t7z=01;31:*.zip=01;31:*.z=01;31:*.dz=01;31:*.gz=01;31:*.lrz=01;31:*.lz=01;31:*.lzo=01;31:*.xz=01;31:*.zst=01;31:*.tzst=01;31:*.bz2=01;31:*.bz=01;31:*.tbz=01;31:*.tbz2=01;31:*.tz=01;31:*.deb=01;31:*.rpm=01;31:*.jar=01;31:*.war=01;31:*.ear=01;31:*.sar=01;31:*.rar=01;31:*.alz=01;31:*.ace=01;31:*.zoo=01;31:*.cpio=01;31:*.7z=01;31:*.rz=01;31:*.cab=01;31:*.wim=01;31:*.swm=01;31:*.dwm=01;31:*.esd=01;31:*.jpg=01;35:*.jpeg=01;35:*.mjpg=01;35:*.mjpeg=01;35:*.gif=01;35:*.bmp=01;35:*.pbm=01;35:*.pgm=01;35:*.ppm=01;35:*.tga=01;35:*.xbm=01;35:*.xpm=01;35:*.tif=01;35:*.tiff=01;35:*.png=01;35:*.svg=01;35:*.svgz=01;35:*.mng=01;35:*.pcx=01;35:*.mov=01;35:*.mpg=01;35:*.mpeg=01;35:*.m2v=01;35:*.mkv=01;35:*.webm=01;35:*.webp=01;35:*.ogm=01;35:*.mp4=01;35:*.m4v=01;35:*.mp4v=01;35:*.vob=01;35:*.qt=01;35:*.nuv=01;35:*.wmv=01;35:*.asf=01;35:*.rm=01;35:*.rmvb=01;35:*.flc=01;35:*.avi=01;35:*.fli=01;35:*.flv=01;35:*.gl=01;35:*.dl=01;35:*.xcf=01;35:*.xwd=01;35:*.yuv=01;35:*.cgm=01;35:*.emf=01;35:*.ogv=01;35:*.ogx=01;35:*.aac=00;36:*.au=00;36:*.flac=00;36:*.m4a=00;36:*.mid=00;36:*.midi=00;36:*.mka=00;36:*.mp3=00;36:*.mpc=00;36:*.ogg=00;36:*.ra=00;36:*.wav=00;36:*.oga=00;36:*.opus=00;36:*.spx=00;36:*.xspf=00;36:', 'SSH_AGENT_LAUNCHER': 'gnome-keyring', 'SSH_AUTH_SOCK': '/run/user/1001/keyring/ssh', 'AMENT_PREFIX_PATH': '/home/robotics/ros2_cobot/install/mycobot_description:/opt/ros/humble', 'SHELL': '/bin/bash', 'TERMINATOR_UUID': 'urn:uuid:9f62500e-929f-4887-8849-f4dd46e1c38d', 'QT_ACCESSIBILITY': '1', 'GDMSESSION': 'ubuntu', 'LESSCLOSE': '/usr/bin/lesspipe %s %s', 'GPG_AGENT_INFO': '/run/user/1001/gnupg/S.gpg-agent:0:1', 'GJS_DEBUG_OUTPUT': 'stderr', 'QT_IM_MODULE': 'ibus', 'PWD': '/home/robotics/ros2_cobot/build/mycobot_280_x3pi', 'LC_ALL': 'en_US.UTF-8', 'XDG_CONFIG_DIRS': '/etc/xdg/xdg-ubuntu:/etc/xdg', 'XDG_DATA_DIRS': '/usr/share/ubuntu:/usr/share/gnome:/usr/local/share/:/usr/share/:/var/lib/snapd/desktop', 'PYTHONPATH': '/home/robotics/ros2_cobot/build/mycobot_280_x3pi/prefix_override:/usr/lib/python3/dist-packages/colcon_core/task/python/colcon_distutils_commands:/home/robotics/ros2_cobot/install/mycobot_280_x3pi/lib/python3.10/site-packages:/home/robotics/ros2_cobot/install/mycobot_description/lib/python3.10/site-packages:/opt/ros/humble/lib/python3.10/site-packages:/opt/ros/humble/local/lib/python3.10/dist-packages', 'COLCON': '1', 'VTE_VERSION': '6800'}, 'shell': False}
[3.678714] (myarm_300) Command: {'cmd': ['/usr/bin/python3', '-W', 'ignore:setup.py install is deprecated', '-W', 'ignore:easy_install command is deprecated', 'setup.py', 'egg_info', '--egg-base', '../../../../build/myarm_300', 'build', '--build-base', '/home/robotics/ros2_cobot/build/myarm_300/build', 'install', '--record', '/home/robotics/ros2_cobot/build/myarm_300/install.log', '--single-version-externally-managed', 'install_data'], 'cwd': '/home/robotics/ros2_cobot/src/mycobot_ros2/myArm/myarm_300', 'env': {'GJS_DEBUG_TOPICS': 'JS ERROR;JS LOG', 'LESSOPEN': '| /usr/bin/lesspipe %s', 'LANGUAGE': 'en_CA:en', 'USER': 'robotics', 'XDG_SESSION_TYPE': 'x11', 'SHLVL': '1', 'LD_LIBRARY_PATH': '/opt/ros/humble/opt/rviz_ogre_vendor/lib:/opt/ros/humble/lib/x86_64-linux-gnu:/opt/ros/humble/lib', 'HOME': '/home/robotics', 'OLDPWD': '/home/robotics', 'DESKTOP_SESSION': 'ubuntu', 'GIO_LAUNCHED_DESKTOP_FILE': '/usr/share/applications/terminator.desktop', 'ROS_PYTHON_VERSION': '3', 'GNOME_SHELL_SESSION_MODE': 'ubuntu', 'GTK_MODULES': 'gail:atk-bridge', 'MANAGERPID': '1791', 'SYSTEMD_EXEC_PID': '2064', 'DBUS_SESSION_BUS_ADDRESS': 'unix:path=/run/user/1001/bus', 'COLORTERM': 'truecolor', 'TERMINATOR_DBUS_NAME': 'net.tenshu.Terminator23558193cd9818af7fe4d2c2f5bd9d00f', 'GIO_LAUNCHED_DESKTOP_FILE_PID': '2911', 'ROS_DISTRO': 'humble', 'GTK_IM_MODULE': 'ibus', 'LOGNAME': 'robotics', 'JOURNAL_STREAM': '8:12679', '_': '/usr/bin/colcon', 'ROS_VERSION': '2', 'XDG_SESSION_CLASS': 'user', 'USERNAME': 'robotics', 'TERM': 'xterm-256color', 'GNOME_DESKTOP_SESSION_ID': 'this-is-deprecated', 'ROS_LOCALHOST_ONLY': '0', 'WINDOWPATH': '2', 'PATH': '/opt/ros/humble/bin:/home/robotics/.local/bin:/usr/local/sbin:/usr/local/bin:/usr/sbin:/usr/bin:/sbin:/bin:/usr/games:/usr/local/games:/snap/bin:/snap/bin', 'SESSION_MANAGER': 'local/scapula:@/tmp/.ICE-unix/2041,unix/scapula:/tmp/.ICE-unix/2041', 'INVOCATION_ID': 'fa4d4892373d46828ff3f5eecdfb64d7', 'XDG_MENU_PREFIX': 'gnome-', 'XDG_RUNTIME_DIR': '/run/user/1001', 'DISPLAY': ':1', 'TERMINATOR_DBUS_PATH': '/net/tenshu/Terminator2', 'LANG': 'en_US.UTF-8', 'XDG_CURRENT_DESKTOP': 'ubuntu:GNOME', 'XMODIFIERS': '@im=ibus', 'XDG_SESSION_DESKTOP': 'ubuntu', 'XAUTHORITY': '/run/user/1001/gdm/Xauthority', 'LS_COLORS': 'rs=0:di=01;34:ln=01;36:mh=00:pi=40;33:so=01;35:do=01;35:bd=40;33;01:cd=40;33;01:or=40;31;01:mi=00:su=37;41:sg=30;43:ca=30;41:tw=30;42:ow=34;42:st=37;44:ex=01;32:*.tar=01;31:*.tgz=01;31:*.arc=01;31:*.arj=01;31:*.taz=01;31:*.lha=01;31:*.lz4=01;31:*.lzh=01;31:*.lzma=01;31:*.tlz=01;31:*.txz=01;31:*.tzo=01;31:*.t7z=01;31:*.zip=01;31:*.z=01;31:*.dz=01;31:*.gz=01;31:*.lrz=01;31:*.lz=01;31:*.lzo=01;31:*.xz=01;31:*.zst=01;31:*.tzst=01;31:*.bz2=01;31:*.bz=01;31:*.tbz=01;31:*.tbz2=01;31:*.tz=01;31:*.deb=01;31:*.rpm=01;31:*.jar=01;31:*.war=01;31:*.ear=01;31:*.sar=01;31:*.rar=01;31:*.alz=01;31:*.ace=01;31:*.zoo=01;31:*.cpio=01;31:*.7z=01;31:*.rz=01;31:*.cab=01;31:*.wim=01;31:*.swm=01;31:*.dwm=01;31:*.esd=01;31:*.jpg=01;35:*.jpeg=01;35:*.mjpg=01;35:*.mjpeg=01;35:*.gif=01;35:*.bmp=01;35:*.pbm=01;35:*.pgm=01;35:*.ppm=01;35:*.tga=01;35:*.xbm=01;35:*.xpm=01;35:*.tif=01;35:*.tiff=01;35:*.png=01;35:*.svg=01;35:*.svgz=01;35:*.mng=01;35:*.pcx=01;35:*.mov=01;35:*.mpg=01;35:*.mpeg=01;35:*.m2v=01;35:*.mkv=01;35:*.webm=01;35:*.webp=01;35:*.ogm=01;35:*.mp4=01;35:*.m4v=01;35:*.mp4v=01;35:*.vob=01;35:*.qt=01;35:*.nuv=01;35:*.wmv=01;35:*.asf=01;35:*.rm=01;35:*.rmvb=01;35:*.flc=01;35:*.avi=01;35:*.fli=01;35:*.flv=01;35:*.gl=01;35:*.dl=01;35:*.xcf=01;35:*.xwd=01;35:*.yuv=01;35:*.cgm=01;35:*.emf=01;35:*.ogv=01;35:*.ogx=01;35:*.aac=00;36:*.au=00;36:*.flac=00;36:*.m4a=00;36:*.mid=00;36:*.midi=00;36:*.mka=00;36:*.mp3=00;36:*.mpc=00;36:*.ogg=00;36:*.ra=00;36:*.wav=00;36:*.oga=00;36:*.opus=00;36:*.spx=00;36:*.xspf=00;36:', 'SSH_AGENT_LAUNCHER': 'gnome-keyring', 'SSH_AUTH_SOCK': '/run/user/1001/keyring/ssh', 'AMENT_PREFIX_PATH': '/home/robotics/ros2_cobot/install/mycobot_description:/opt/ros/humble', 'SHELL': '/bin/bash', 'TERMINATOR_UUID': 'urn:uuid:9f62500e-929f-4887-8849-f4dd46e1c38d', 'QT_ACCESSIBILITY': '1', 'GDMSESSION': 'ubuntu', 'LESSCLOSE': '/usr/bin/lesspipe %s %s', 'GPG_AGENT_INFO': '/run/user/1001/gnupg/S.gpg-agent:0:1', 'GJS_DEBUG_OUTPUT': 'stderr', 'QT_IM_MODULE': 'ibus', 'PWD': '/home/robotics/ros2_cobot/build/myarm_300', 'LC_ALL': 'en_US.UTF-8', 'XDG_CONFIG_DIRS': '/etc/xdg/xdg-ubuntu:/etc/xdg', 'XDG_DATA_DIRS': '/usr/share/ubuntu:/usr/share/gnome:/usr/local/share/:/usr/share/:/var/lib/snapd/desktop', 'PYTHONPATH': '/home/robotics/ros2_cobot/build/myarm_300/prefix_override:/usr/lib/python3/dist-packages/colcon_core/task/python/colcon_distutils_commands:/home/robotics/ros2_cobot/install/myarm_300/lib/python3.10/site-packages:/home/robotics/ros2_cobot/install/mycobot_description/lib/python3.10/site-packages:/opt/ros/humble/lib/python3.10/site-packages:/opt/ros/humble/local/lib/python3.10/dist-packages', 'COLCON': '1', 'VTE_VERSION': '6800'}, 'shell': False}
[3.681439] (mycobot_280_riscv) Command: {'cmd': ['/usr/bin/python3', '-W', 'ignore:setup.py install is deprecated', '-W', 'ignore:easy_install command is deprecated', 'setup.py', 'egg_info', '--egg-base', '../../../../build/mycobot_280_riscv', 'build', '--build-base', '/home/robotics/ros2_cobot/build/mycobot_280_riscv/build', 'install', '--record', '/home/robotics/ros2_cobot/build/mycobot_280_riscv/install.log', '--single-version-externally-managed', 'install_data'], 'cwd': '/home/robotics/ros2_cobot/src/mycobot_ros2/mycobot_280/mycobot_280_riscv', 'env': {'GJS_DEBUG_TOPICS': 'JS ERROR;JS LOG', 'LESSOPEN': '| /usr/bin/lesspipe %s', 'LANGUAGE': 'en_CA:en', 'USER': 'robotics', 'XDG_SESSION_TYPE': 'x11', 'SHLVL': '1', 'LD_LIBRARY_PATH': '/opt/ros/humble/opt/rviz_ogre_vendor/lib:/opt/ros/humble/lib/x86_64-linux-gnu:/opt/ros/humble/lib', 'HOME': '/home/robotics', 'OLDPWD': '/home/robotics', 'DESKTOP_SESSION': 'ubuntu', 'GIO_LAUNCHED_DESKTOP_FILE': '/usr/share/applications/terminator.desktop', 'ROS_PYTHON_VERSION': '3', 'GNOME_SHELL_SESSION_MODE': 'ubuntu', 'GTK_MODULES': 'gail:atk-bridge', 'MANAGERPID': '1791', 'SYSTEMD_EXEC_PID': '2064', 'DBUS_SESSION_BUS_ADDRESS': 'unix:path=/run/user/1001/bus', 'COLORTERM': 'truecolor', 'TERMINATOR_DBUS_NAME': 'net.tenshu.Terminator23558193cd9818af7fe4d2c2f5bd9d00f', 'GIO_LAUNCHED_DESKTOP_FILE_PID': '2911', 'ROS_DISTRO': 'humble', 'GTK_IM_MODULE': 'ibus', 'LOGNAME': 'robotics', 'JOURNAL_STREAM': '8:12679', '_': '/usr/bin/colcon', 'ROS_VERSION': '2', 'XDG_SESSION_CLASS': 'user', 'USERNAME': 'robotics', 'TERM': 'xterm-256color', 'GNOME_DESKTOP_SESSION_ID': 'this-is-deprecated', 'ROS_LOCALHOST_ONLY': '0', 'WINDOWPATH': '2', 'PATH': '/opt/ros/humble/bin:/home/robotics/.local/bin:/usr/local/sbin:/usr/local/bin:/usr/sbin:/usr/bin:/sbin:/bin:/usr/games:/usr/local/games:/snap/bin:/snap/bin', 'SESSION_MANAGER': 'local/scapula:@/tmp/.ICE-unix/2041,unix/scapula:/tmp/.ICE-unix/2041', 'INVOCATION_ID': 'fa4d4892373d46828ff3f5eecdfb64d7', 'XDG_MENU_PREFIX': 'gnome-', 'XDG_RUNTIME_DIR': '/run/user/1001', 'DISPLAY': ':1', 'TERMINATOR_DBUS_PATH': '/net/tenshu/Terminator2', 'LANG': 'en_US.UTF-8', 'XDG_CURRENT_DESKTOP': 'ubuntu:GNOME', 'XMODIFIERS': '@im=ibus', 'XDG_SESSION_DESKTOP': 'ubuntu', 'XAUTHORITY': '/run/user/1001/gdm/Xauthority', 'LS_COLORS': 'rs=0:di=01;34:ln=01;36:mh=00:pi=40;33:so=01;35:do=01;35:bd=40;33;01:cd=40;33;01:or=40;31;01:mi=00:su=37;41:sg=30;43:ca=30;41:tw=30;42:ow=34;42:st=37;44:ex=01;32:*.tar=01;31:*.tgz=01;31:*.arc=01;31:*.arj=01;31:*.taz=01;31:*.lha=01;31:*.lz4=01;31:*.lzh=01;31:*.lzma=01;31:*.tlz=01;31:*.txz=01;31:*.tzo=01;31:*.t7z=01;31:*.zip=01;31:*.z=01;31:*.dz=01;31:*.gz=01;31:*.lrz=01;31:*.lz=01;31:*.lzo=01;31:*.xz=01;31:*.zst=01;31:*.tzst=01;31:*.bz2=01;31:*.bz=01;31:*.tbz=01;31:*.tbz2=01;31:*.tz=01;31:*.deb=01;31:*.rpm=01;31:*.jar=01;31:*.war=01;31:*.ear=01;31:*.sar=01;31:*.rar=01;31:*.alz=01;31:*.ace=01;31:*.zoo=01;31:*.cpio=01;31:*.7z=01;31:*.rz=01;31:*.cab=01;31:*.wim=01;31:*.swm=01;31:*.dwm=01;31:*.esd=01;31:*.jpg=01;35:*.jpeg=01;35:*.mjpg=01;35:*.mjpeg=01;35:*.gif=01;35:*.bmp=01;35:*.pbm=01;35:*.pgm=01;35:*.ppm=01;35:*.tga=01;35:*.xbm=01;35:*.xpm=01;35:*.tif=01;35:*.tiff=01;35:*.png=01;35:*.svg=01;35:*.svgz=01;35:*.mng=01;35:*.pcx=01;35:*.mov=01;35:*.mpg=01;35:*.mpeg=01;35:*.m2v=01;35:*.mkv=01;35:*.webm=01;35:*.webp=01;35:*.ogm=01;35:*.mp4=01;35:*.m4v=01;35:*.mp4v=01;35:*.vob=01;35:*.qt=01;35:*.nuv=01;35:*.wmv=01;35:*.asf=01;35:*.rm=01;35:*.rmvb=01;35:*.flc=01;35:*.avi=01;35:*.fli=01;35:*.flv=01;35:*.gl=01;35:*.dl=01;35:*.xcf=01;35:*.xwd=01;35:*.yuv=01;35:*.cgm=01;35:*.emf=01;35:*.ogv=01;35:*.ogx=01;35:*.aac=00;36:*.au=00;36:*.flac=00;36:*.m4a=00;36:*.mid=00;36:*.midi=00;36:*.mka=00;36:*.mp3=00;36:*.mpc=00;36:*.ogg=00;36:*.ra=00;36:*.wav=00;36:*.oga=00;36:*.opus=00;36:*.spx=00;36:*.xspf=00;36:', 'SSH_AGENT_LAUNCHER': 'gnome-keyring', 'SSH_AUTH_SOCK': '/run/user/1001/keyring/ssh', 'AMENT_PREFIX_PATH': '/home/robotics/ros2_cobot/install/mycobot_description:/opt/ros/humble', 'SHELL': '/bin/bash', 'TERMINATOR_UUID': 'urn:uuid:9f62500e-929f-4887-8849-f4dd46e1c38d', 'QT_ACCESSIBILITY': '1', 'GDMSESSION': 'ubuntu', 'LESSCLOSE': '/usr/bin/lesspipe %s %s', 'GPG_AGENT_INFO': '/run/user/1001/gnupg/S.gpg-agent:0:1', 'GJS_DEBUG_OUTPUT': 'stderr', 'QT_IM_MODULE': 'ibus', 'PWD': '/home/robotics/ros2_cobot/build/mycobot_280_riscv', 'LC_ALL': 'en_US.UTF-8', 'XDG_CONFIG_DIRS': '/etc/xdg/xdg-ubuntu:/etc/xdg', 'XDG_DATA_DIRS': '/usr/share/ubuntu:/usr/share/gnome:/usr/local/share/:/usr/share/:/var/lib/snapd/desktop', 'PYTHONPATH': '/home/robotics/ros2_cobot/build/mycobot_280_riscv/prefix_override:/usr/lib/python3/dist-packages/colcon_core/task/python/colcon_distutils_commands:/home/robotics/ros2_cobot/install/mycobot_280_riscv/lib/python3.10/site-packages:/home/robotics/ros2_cobot/install/mycobot_description/lib/python3.10/site-packages:/opt/ros/humble/lib/python3.10/site-packages:/opt/ros/humble/local/lib/python3.10/dist-packages', 'COLCON': '1', 'VTE_VERSION': '6800'}, 'shell': False}
[3.685085] (mycobot_280pi) Command: {'cmd': ['/usr/bin/python3', '-W', 'ignore:setup.py install is deprecated', '-W', 'ignore:easy_install command is deprecated', 'setup.py', 'egg_info', '--egg-base', '../../../../build/mycobot_280pi', 'build', '--build-base', '/home/robotics/ros2_cobot/build/mycobot_280pi/build', 'install', '--record', '/home/robotics/ros2_cobot/build/mycobot_280pi/install.log', '--single-version-externally-managed', 'install_data'], 'cwd': '/home/robotics/ros2_cobot/src/mycobot_ros2/mycobot_280/mycobot_280pi', 'env': {'GJS_DEBUG_TOPICS': 'JS ERROR;JS LOG', 'LESSOPEN': '| /usr/bin/lesspipe %s', 'LANGUAGE': 'en_CA:en', 'USER': 'robotics', 'XDG_SESSION_TYPE': 'x11', 'SHLVL': '1', 'LD_LIBRARY_PATH': '/opt/ros/humble/opt/rviz_ogre_vendor/lib:/opt/ros/humble/lib/x86_64-linux-gnu:/opt/ros/humble/lib', 'HOME': '/home/robotics', 'OLDPWD': '/home/robotics', 'DESKTOP_SESSION': 'ubuntu', 'GIO_LAUNCHED_DESKTOP_FILE': '/usr/share/applications/terminator.desktop', 'ROS_PYTHON_VERSION': '3', 'GNOME_SHELL_SESSION_MODE': 'ubuntu', 'GTK_MODULES': 'gail:atk-bridge', 'MANAGERPID': '1791', 'SYSTEMD_EXEC_PID': '2064', 'DBUS_SESSION_BUS_ADDRESS': 'unix:path=/run/user/1001/bus', 'COLORTERM': 'truecolor', 'TERMINATOR_DBUS_NAME': 'net.tenshu.Terminator23558193cd9818af7fe4d2c2f5bd9d00f', 'GIO_LAUNCHED_DESKTOP_FILE_PID': '2911', 'ROS_DISTRO': 'humble', 'GTK_IM_MODULE': 'ibus', 'LOGNAME': 'robotics', 'JOURNAL_STREAM': '8:12679', '_': '/usr/bin/colcon', 'ROS_VERSION': '2', 'XDG_SESSION_CLASS': 'user', 'USERNAME': 'robotics', 'TERM': 'xterm-256color', 'GNOME_DESKTOP_SESSION_ID': 'this-is-deprecated', 'ROS_LOCALHOST_ONLY': '0', 'WINDOWPATH': '2', 'PATH': '/opt/ros/humble/bin:/home/robotics/.local/bin:/usr/local/sbin:/usr/local/bin:/usr/sbin:/usr/bin:/sbin:/bin:/usr/games:/usr/local/games:/snap/bin:/snap/bin', 'SESSION_MANAGER': 'local/scapula:@/tmp/.ICE-unix/2041,unix/scapula:/tmp/.ICE-unix/2041', 'INVOCATION_ID': 'fa4d4892373d46828ff3f5eecdfb64d7', 'XDG_MENU_PREFIX': 'gnome-', 'XDG_RUNTIME_DIR': '/run/user/1001', 'DISPLAY': ':1', 'TERMINATOR_DBUS_PATH': '/net/tenshu/Terminator2', 'LANG': 'en_US.UTF-8', 'XDG_CURRENT_DESKTOP': 'ubuntu:GNOME', 'XMODIFIERS': '@im=ibus', 'XDG_SESSION_DESKTOP': 'ubuntu', 'XAUTHORITY': '/run/user/1001/gdm/Xauthority', 'LS_COLORS': 'rs=0:di=01;34:ln=01;36:mh=00:pi=40;33:so=01;35:do=01;35:bd=40;33;01:cd=40;33;01:or=40;31;01:mi=00:su=37;41:sg=30;43:ca=30;41:tw=30;42:ow=34;42:st=37;44:ex=01;32:*.tar=01;31:*.tgz=01;31:*.arc=01;31:*.arj=01;31:*.taz=01;31:*.lha=01;31:*.lz4=01;31:*.lzh=01;31:*.lzma=01;31:*.tlz=01;31:*.txz=01;31:*.tzo=01;31:*.t7z=01;31:*.zip=01;31:*.z=01;31:*.dz=01;31:*.gz=01;31:*.lrz=01;31:*.lz=01;31:*.lzo=01;31:*.xz=01;31:*.zst=01;31:*.tzst=01;31:*.bz2=01;31:*.bz=01;31:*.tbz=01;31:*.tbz2=01;31:*.tz=01;31:*.deb=01;31:*.rpm=01;31:*.jar=01;31:*.war=01;31:*.ear=01;31:*.sar=01;31:*.rar=01;31:*.alz=01;31:*.ace=01;31:*.zoo=01;31:*.cpio=01;31:*.7z=01;31:*.rz=01;31:*.cab=01;31:*.wim=01;31:*.swm=01;31:*.dwm=01;31:*.esd=01;31:*.jpg=01;35:*.jpeg=01;35:*.mjpg=01;35:*.mjpeg=01;35:*.gif=01;35:*.bmp=01;35:*.pbm=01;35:*.pgm=01;35:*.ppm=01;35:*.tga=01;35:*.xbm=01;35:*.xpm=01;35:*.tif=01;35:*.tiff=01;35:*.png=01;35:*.svg=01;35:*.svgz=01;35:*.mng=01;35:*.pcx=01;35:*.mov=01;35:*.mpg=01;35:*.mpeg=01;35:*.m2v=01;35:*.mkv=01;35:*.webm=01;35:*.webp=01;35:*.ogm=01;35:*.mp4=01;35:*.m4v=01;35:*.mp4v=01;35:*.vob=01;35:*.qt=01;35:*.nuv=01;35:*.wmv=01;35:*.asf=01;35:*.rm=01;35:*.rmvb=01;35:*.flc=01;35:*.avi=01;35:*.fli=01;35:*.flv=01;35:*.gl=01;35:*.dl=01;35:*.xcf=01;35:*.xwd=01;35:*.yuv=01;35:*.cgm=01;35:*.emf=01;35:*.ogv=01;35:*.ogx=01;35:*.aac=00;36:*.au=00;36:*.flac=00;36:*.m4a=00;36:*.mid=00;36:*.midi=00;36:*.mka=00;36:*.mp3=00;36:*.mpc=00;36:*.ogg=00;36:*.ra=00;36:*.wav=00;36:*.oga=00;36:*.opus=00;36:*.spx=00;36:*.xspf=00;36:', 'SSH_AGENT_LAUNCHER': 'gnome-keyring', 'SSH_AUTH_SOCK': '/run/user/1001/keyring/ssh', 'AMENT_PREFIX_PATH': '/home/robotics/ros2_cobot/install/mycobot_description:/opt/ros/humble', 'SHELL': '/bin/bash', 'TERMINATOR_UUID': 'urn:uuid:9f62500e-929f-4887-8849-f4dd46e1c38d', 'QT_ACCESSIBILITY': '1', 'GDMSESSION': 'ubuntu', 'LESSCLOSE': '/usr/bin/lesspipe %s %s', 'GPG_AGENT_INFO': '/run/user/1001/gnupg/S.gpg-agent:0:1', 'GJS_DEBUG_OUTPUT': 'stderr', 'QT_IM_MODULE': 'ibus', 'PWD': '/home/robotics/ros2_cobot/build/mycobot_280pi', 'LC_ALL': 'en_US.UTF-8', 'XDG_CONFIG_DIRS': '/etc/xdg/xdg-ubuntu:/etc/xdg', 'XDG_DATA_DIRS': '/usr/share/ubuntu:/usr/share/gnome:/usr/local/share/:/usr/share/:/var/lib/snapd/desktop', 'PYTHONPATH': '/home/robotics/ros2_cobot/build/mycobot_280pi/prefix_override:/usr/lib/python3/dist-packages/colcon_core/task/python/colcon_distutils_commands:/home/robotics/ros2_cobot/install/mycobot_280pi/lib/python3.10/site-packages:/home/robotics/ros2_cobot/install/mycobot_description/lib/python3.10/site-packages:/opt/ros/humble/lib/python3.10/site-packages:/opt/ros/humble/local/lib/python3.10/dist-packages', 'COLCON': '1', 'VTE_VERSION': '6800'}, 'shell': False}
[3.711364] (-) TimerEvent: {}
[3.811701] (-) TimerEvent: {}
[3.834181] (mybuddy) StdoutLine: {'line': b'running egg_info\n'}
[3.834704] (mybuddy) StdoutLine: {'line': b'writing ../../../../build/mybuddy/mybuddy.egg-info/PKG-INFO\n'}
[3.835119] (mybuddy) StdoutLine: {'line': b'writing dependency_links to ../../../../build/mybuddy/mybuddy.egg-info/dependency_links.txt\n'}
[3.835259] (mybuddy) StdoutLine: {'line': b'writing entry points to ../../../../build/mybuddy/mybuddy.egg-info/entry_points.txt\n'}
[3.835362] (mybuddy) StdoutLine: {'line': b'writing requirements to ../../../../build/mybuddy/mybuddy.egg-info/requires.txt\n'}
[3.835436] (mybuddy) StdoutLine: {'line': b'writing top-level names to ../../../../build/mybuddy/mybuddy.egg-info/top_level.txt\n'}
[3.837518] (mybuddy) StdoutLine: {'line': b"reading manifest file '../../../../build/mybuddy/mybuddy.egg-info/SOURCES.txt'\n"}
[3.838264] (mybuddy) StdoutLine: {'line': b"writing manifest file '../../../../build/mybuddy/mybuddy.egg-info/SOURCES.txt'\n"}
[3.838398] (mybuddy) StdoutLine: {'line': b'running build\n'}
[3.838452] (mybuddy) StdoutLine: {'line': b'running build_py\n'}
[3.839232] (mybuddy) StdoutLine: {'line': b'running install\n'}
[3.839493] (mybuddy) StdoutLine: {'line': b'running install_lib\n'}
[3.840733] (mybuddy) StdoutLine: {'line': b'running install_data\n'}
[3.841132] (mybuddy) StdoutLine: {'line': b'running install_egg_info\n'}
[3.842350] (mybuddy) StdoutLine: {'line': b"removing '/home/robotics/ros2_cobot/install/mybuddy/lib/python3.10/site-packages/mybuddy-0.0.0-py3.10.egg-info' (and everything under it)\n"}
[3.842617] (mybuddy) StdoutLine: {'line': b'Copying ../../../../build/mybuddy/mybuddy.egg-info to /home/robotics/ros2_cobot/install/mybuddy/lib/python3.10/site-packages/mybuddy-0.0.0-py3.10.egg-info\n'}
[3.843270] (mybuddy) StdoutLine: {'line': b'running install_scripts\n'}
[3.847946] (mycobot_280jn) StdoutLine: {'line': b'running egg_info\n'}
[3.848482] (mycobot_280jn) StdoutLine: {'line': b'writing ../../../../build/mycobot_280jn/mycobot_280jn.egg-info/PKG-INFO\n'}
[3.848742] (mycobot_280jn) StdoutLine: {'line': b'writing dependency_links to ../../../../build/mycobot_280jn/mycobot_280jn.egg-info/dependency_links.txt\n'}
[3.848904] (mycobot_280jn) StdoutLine: {'line': b'writing entry points to ../../../../build/mycobot_280jn/mycobot_280jn.egg-info/entry_points.txt\n'}
[3.849029] (mycobot_280jn) StdoutLine: {'line': b'writing requirements to ../../../../build/mycobot_280jn/mycobot_280jn.egg-info/requires.txt\n'}
[3.849142] (mycobot_280jn) StdoutLine: {'line': b'writing top-level names to ../../../../build/mycobot_280jn/mycobot_280jn.egg-info/top_level.txt\n'}
[3.849507] (myarm_300) StdoutLine: {'line': b'running egg_info\n'}
[3.850092] (myarm_300) StdoutLine: {'line': b'writing ../../../../build/myarm_300/myarm_300.egg-info/PKG-INFO\n'}
[3.850336] (myarm_300) StdoutLine: {'line': b'writing dependency_links to ../../../../build/myarm_300/myarm_300.egg-info/dependency_links.txt\n'}
[3.850445] (myarm_300) StdoutLine: {'line': b'writing entry points to ../../../../build/myarm_300/myarm_300.egg-info/entry_points.txt\n'}
[3.850517] (myarm_300) StdoutLine: {'line': b'writing requirements to ../../../../build/myarm_300/myarm_300.egg-info/requires.txt\n'}
[3.850592] (myarm_300) StdoutLine: {'line': b'writing top-level names to ../../../../build/myarm_300/myarm_300.egg-info/top_level.txt\n'}
[3.851582] (mycobot_280jn) StdoutLine: {'line': b"reading manifest file '../../../../build/mycobot_280jn/mycobot_280jn.egg-info/SOURCES.txt'\n"}
[3.851886] (mycobot_280jn) StdoutLine: {'line': b"adding license file 'LICENSE'\n"}
[3.852231] (myarm_300) StdoutLine: {'line': b"reading manifest file '../../../../build/myarm_300/myarm_300.egg-info/SOURCES.txt'\n"}
[3.852369] (mycobot_280jn) StdoutLine: {'line': b"writing manifest file '../../../../build/mycobot_280jn/mycobot_280jn.egg-info/SOURCES.txt'\n"}
[3.852459] (mycobot_280jn) StdoutLine: {'line': b'running build\n'}
[3.852506] (mycobot_280jn) StdoutLine: {'line': b'running build_py\n'}
[3.852579] (myarm_300) StdoutLine: {'line': b"adding license file 'LICENSE'\n"}
[3.852891] (myarm_300) StdoutLine: {'line': b"writing manifest file '../../../../build/myarm_300/myarm_300.egg-info/SOURCES.txt'\n"}
[3.852963] (myarm_300) StdoutLine: {'line': b'running build\n'}
[3.853025] (myarm_300) StdoutLine: {'line': b'running build_py\n'}
[3.853286] (mycobot_280_x3pi) StdoutLine: {'line': b'running egg_info\n'}
[3.853408] (mycobot_280jn) StdoutLine: {'line': b'running install\n'}
[3.853725] (myarm_300) StdoutLine: {'line': b'running install\n'}
[3.853822] (mycobot_280jn) StdoutLine: {'line': b'running install_lib\n'}
[3.853872] (mycobot_280_x3pi) StdoutLine: {'line': b'writing ../../../../build/mycobot_280_x3pi/mycobot_280_x3pi.egg-info/PKG-INFO\n'}
[3.853948] (myarm_300) StdoutLine: {'line': b'running install_lib\n'}
[3.854064] (mycobot_280_x3pi) StdoutLine: {'line': b'writing dependency_links to ../../../../build/mycobot_280_x3pi/mycobot_280_x3pi.egg-info/dependency_links.txt\n'}
[3.854222] (mycobot_280_x3pi) StdoutLine: {'line': b'writing entry points to ../../../../build/mycobot_280_x3pi/mycobot_280_x3pi.egg-info/entry_points.txt\n'}
[3.854314] (mycobot_280_x3pi) StdoutLine: {'line': b'writing requirements to ../../../../build/mycobot_280_x3pi/mycobot_280_x3pi.egg-info/requires.txt\n'}
[3.854381] (mycobot_280_x3pi) StdoutLine: {'line': b'writing top-level names to ../../../../build/mycobot_280_x3pi/mycobot_280_x3pi.egg-info/top_level.txt\n'}
[3.855390] (mycobot_280jn) StdoutLine: {'line': b'running install_data\n'}
[3.855504] (myarm_300) StdoutLine: {'line': b'running install_data\n'}
[3.855931] (mycobot_280jn) StdoutLine: {'line': b'running install_egg_info\n'}
[3.856023] (myarm_300) StdoutLine: {'line': b'running install_egg_info\n'}
[3.856236] (mycobot_280_x3pi) StdoutLine: {'line': b"reading manifest file '../../../../build/mycobot_280_x3pi/mycobot_280_x3pi.egg-info/SOURCES.txt'\n"}
[3.856494] (mycobot_280_x3pi) StdoutLine: {'line': b"adding license file 'LICENSE'\n"}
[3.856967] (mycobot_280_x3pi) StdoutLine: {'line': b"writing manifest file '../../../../build/mycobot_280_x3pi/mycobot_280_x3pi.egg-info/SOURCES.txt'\n"}
[3.857053] (mycobot_280_x3pi) StdoutLine: {'line': b'running build\n'}
[3.857123] (mycobot_280_x3pi) StdoutLine: {'line': b'running build_py\n'}
[3.857224] (mycobot_280jn) StdoutLine: {'line': b"removing '/home/robotics/ros2_cobot/install/mycobot_280jn/lib/python3.10/site-packages/mycobot_280jn-0.0.0-py3.10.egg-info' (and everything under it)\n"}
[3.857314] (myarm_300) StdoutLine: {'line': b"removing '/home/robotics/ros2_cobot/install/myarm_300/lib/python3.10/site-packages/myarm_300-0.0.0-py3.10.egg-info' (and everything under it)\n"}
[3.857366] (mybuddy) StdoutLine: {'line': b'Installing follow_display script to /home/robotics/ros2_cobot/install/mybuddy/lib/mybuddy\n'}
[3.857439] (mycobot_280jn) StdoutLine: {'line': b'Copying ../../../../build/mycobot_280jn/mycobot_280jn.egg-info to /home/robotics/ros2_cobot/install/mycobot_280jn/lib/python3.10/site-packages/mycobot_280jn-0.0.0-py3.10.egg-info\n'}
[3.857508] (myarm_300) StdoutLine: {'line': b'Copying ../../../../build/myarm_300/myarm_300.egg-info to /home/robotics/ros2_cobot/install/myarm_300/lib/python3.10/site-packages/myarm_300-0.0.0-py3.10.egg-info\n'}
[3.857607] (mybuddy) StdoutLine: {'line': b'Installing listen_real script to /home/robotics/ros2_cobot/install/mybuddy/lib/mybuddy\n'}
[3.857689] (mybuddy) StdoutLine: {'line': b'Installing listen_real_of_topic script to /home/robotics/ros2_cobot/install/mybuddy/lib/mybuddy\n'}
[3.857765] (mybuddy) StdoutLine: {'line': b'Installing slider_control script to /home/robotics/ros2_cobot/install/mybuddy/lib/mybuddy\n'}
[3.858016] (mybuddy) StdoutLine: {'line': b"writing list of installed files to '/home/robotics/ros2_cobot/build/mybuddy/install.log'\n"}
[3.858121] (mycobot_280jn) StdoutLine: {'line': b'running install_scripts\n'}
[3.858201] (myarm_300) StdoutLine: {'line': b'running install_scripts\n'}
[3.858455] (mycobot_280_x3pi) StdoutLine: {'line': b'running install\n'}
[3.858692] (mycobot_280_x3pi) StdoutLine: {'line': b'running install_lib\n'}
[3.860436] (mycobot_280_x3pi) StdoutLine: {'line': b'running install_data\n'}
[3.860858] (mycobot_280_x3pi) StdoutLine: {'line': b'running install_egg_info\n'}
[3.862518] (mycobot_280_x3pi) StdoutLine: {'line': b"removing '/home/robotics/ros2_cobot/install/mycobot_280_x3pi/lib/python3.10/site-packages/mycobot_280_x3pi-0.0.0-py3.10.egg-info' (and everything under it)\n"}
[3.862753] (mycobot_280_x3pi) StdoutLine: {'line': b'Copying ../../../../build/mycobot_280_x3pi/mycobot_280_x3pi.egg-info to /home/robotics/ros2_cobot/install/mycobot_280_x3pi/lib/python3.10/site-packages/mycobot_280_x3pi-0.0.0-py3.10.egg-info\n'}
[3.863557] (mycobot_280_x3pi) StdoutLine: {'line': b'running install_scripts\n'}
[3.873847] (mycobot_280jn) StdoutLine: {'line': b'Installing camera_display script to /home/robotics/ros2_cobot/install/mycobot_280jn/lib/mycobot_280jn\n'}
[3.874020] (myarm_300) StdoutLine: {'line': b'Installing follow_display script to /home/robotics/ros2_cobot/install/myarm_300/lib/myarm_300\n'}
[3.874115] (myarm_300) StdoutLine: {'line': b'Installing simple_gui script to /home/robotics/ros2_cobot/install/myarm_300/lib/myarm_300\n'}
[3.874169] (myarm_300) StdoutLine: {'line': b'Installing slider_control script to /home/robotics/ros2_cobot/install/myarm_300/lib/myarm_300\n'}
[3.874225] (myarm_300) StdoutLine: {'line': b'Installing teleop_keyboard script to /home/robotics/ros2_cobot/install/myarm_300/lib/myarm_300\n'}
[3.874282] (mycobot_280jn) StdoutLine: {'line': b'Installing detect_marker script to /home/robotics/ros2_cobot/install/mycobot_280jn/lib/mycobot_280jn\n'}
[3.874348] (mycobot_280jn) StdoutLine: {'line': b'Installing follow_display script to /home/robotics/ros2_cobot/install/mycobot_280jn/lib/mycobot_280jn\n'}
[3.874390] (mycobot_280jn) StdoutLine: {'line': b'Installing following_marker script to /home/robotics/ros2_cobot/install/mycobot_280jn/lib/mycobot_280jn\n'}
[3.874421] (mycobot_280jn) StdoutLine: {'line': b'Installing listen_real script to /home/robotics/ros2_cobot/install/mycobot_280jn/lib/mycobot_280jn\n'}
[3.874450] (mycobot_280jn) StdoutLine: {'line': b'Installing listen_real_of_topic script to /home/robotics/ros2_cobot/install/mycobot_280jn/lib/mycobot_280jn\n'}
[3.874501] (mycobot_280jn) StdoutLine: {'line': b'Installing opencv_camera script to /home/robotics/ros2_cobot/install/mycobot_280jn/lib/mycobot_280jn\n'}
[3.874549] (mycobot_280jn) StdoutLine: {'line': b'Installing simple_gui script to /home/robotics/ros2_cobot/install/mycobot_280jn/lib/mycobot_280jn\n'}
[3.874600] (myarm_300) StdoutLine: {'line': b"writing list of installed files to '/home/robotics/ros2_cobot/build/myarm_300/install.log'\n"}
[3.874653] (mycobot_280jn) StdoutLine: {'line': b'Installing slider_control script to /home/robotics/ros2_cobot/install/mycobot_280jn/lib/mycobot_280jn\n'}
[3.874711] (mycobot_280jn) StdoutLine: {'line': b'Installing teleop_keyboard script to /home/robotics/ros2_cobot/install/mycobot_280jn/lib/mycobot_280jn\n'}
[3.875089] (mycobot_280jn) StdoutLine: {'line': b"writing list of installed files to '/home/robotics/ros2_cobot/build/mycobot_280jn/install.log'\n"}
[3.880193] (mycobot_280_x3pi) StdoutLine: {'line': b'Installing camera_display script to /home/robotics/ros2_cobot/install/mycobot_280_x3pi/lib/mycobot_280_x3pi\n'}
[3.880558] (mycobot_280_x3pi) StdoutLine: {'line': b'Installing detect_marker script to /home/robotics/ros2_cobot/install/mycobot_280_x3pi/lib/mycobot_280_x3pi\n'}
[3.880648] (mycobot_280_x3pi) StdoutLine: {'line': b'Installing follow_display script to /home/robotics/ros2_cobot/install/mycobot_280_x3pi/lib/mycobot_280_x3pi\n'}
[3.880742] (mycobot_280_x3pi) StdoutLine: {'line': b'Installing following_marker script to /home/robotics/ros2_cobot/install/mycobot_280_x3pi/lib/mycobot_280_x3pi\n'}
[3.880824] (mycobot_280_x3pi) StdoutLine: {'line': b'Installing listen_real script to /home/robotics/ros2_cobot/install/mycobot_280_x3pi/lib/mycobot_280_x3pi\n'}
[3.880914] (mycobot_280_x3pi) StdoutLine: {'line': b'Installing listen_real_of_topic script to /home/robotics/ros2_cobot/install/mycobot_280_x3pi/lib/mycobot_280_x3pi\n'}
[3.881003] (mycobot_280_x3pi) StdoutLine: {'line': b'Installing opencv_camera script to /home/robotics/ros2_cobot/install/mycobot_280_x3pi/lib/mycobot_280_x3pi\n'}
[3.881095] (mycobot_280_x3pi) StdoutLine: {'line': b'Installing simple_gui script to /home/robotics/ros2_cobot/install/mycobot_280_x3pi/lib/mycobot_280_x3pi\n'}
[3.881205] (mycobot_280_x3pi) StdoutLine: {'line': b'Installing slider_control script to /home/robotics/ros2_cobot/install/mycobot_280_x3pi/lib/mycobot_280_x3pi\n'}
[3.881310] (mycobot_280_x3pi) StdoutLine: {'line': b'Installing teleop_keyboard script to /home/robotics/ros2_cobot/install/mycobot_280_x3pi/lib/mycobot_280_x3pi\n'}
[3.881787] (mycobot_280_x3pi) StdoutLine: {'line': b"writing list of installed files to '/home/robotics/ros2_cobot/build/mycobot_280_x3pi/install.log'\n"}
[3.895264] (mycobot_280) CommandEnded: {'returncode': 0}
[3.901564] (mycobot_280) JobEnded: {'identifier': 'mycobot_280', 'rc': 0}
[3.904222] (mycobot_600) JobStarted: {'identifier': 'mycobot_600'}
[3.911176] (mycobot_320) Command: {'cmd': ['/usr/bin/python3', '-W', 'ignore:setup.py install is deprecated', '-W', 'ignore:easy_install command is deprecated', 'setup.py', 'egg_info', '--egg-base', '../../../../build/mycobot_320', 'build', '--build-base', '/home/robotics/ros2_cobot/build/mycobot_320/build', 'install', '--record', '/home/robotics/ros2_cobot/build/mycobot_320/install.log', '--single-version-externally-managed', 'install_data'], 'cwd': '/home/robotics/ros2_cobot/src/mycobot_ros2/mycobot_320/mycobot_320', 'env': {'GJS_DEBUG_TOPICS': 'JS ERROR;JS LOG', 'LESSOPEN': '| /usr/bin/lesspipe %s', 'LANGUAGE': 'en_CA:en', 'USER': 'robotics', 'XDG_SESSION_TYPE': 'x11', 'SHLVL': '1', 'LD_LIBRARY_PATH': '/opt/ros/humble/opt/rviz_ogre_vendor/lib:/opt/ros/humble/lib/x86_64-linux-gnu:/opt/ros/humble/lib', 'HOME': '/home/robotics', 'OLDPWD': '/home/robotics', 'DESKTOP_SESSION': 'ubuntu', 'GIO_LAUNCHED_DESKTOP_FILE': '/usr/share/applications/terminator.desktop', 'ROS_PYTHON_VERSION': '3', 'GNOME_SHELL_SESSION_MODE': 'ubuntu', 'GTK_MODULES': 'gail:atk-bridge', 'MANAGERPID': '1791', 'SYSTEMD_EXEC_PID': '2064', 'DBUS_SESSION_BUS_ADDRESS': 'unix:path=/run/user/1001/bus', 'COLORTERM': 'truecolor', 'TERMINATOR_DBUS_NAME': 'net.tenshu.Terminator23558193cd9818af7fe4d2c2f5bd9d00f', 'GIO_LAUNCHED_DESKTOP_FILE_PID': '2911', 'ROS_DISTRO': 'humble', 'GTK_IM_MODULE': 'ibus', 'LOGNAME': 'robotics', 'JOURNAL_STREAM': '8:12679', '_': '/usr/bin/colcon', 'ROS_VERSION': '2', 'XDG_SESSION_CLASS': 'user', 'USERNAME': 'robotics', 'TERM': 'xterm-256color', 'GNOME_DESKTOP_SESSION_ID': 'this-is-deprecated', 'ROS_LOCALHOST_ONLY': '0', 'WINDOWPATH': '2', 'PATH': '/opt/ros/humble/bin:/home/robotics/.local/bin:/usr/local/sbin:/usr/local/bin:/usr/sbin:/usr/bin:/sbin:/bin:/usr/games:/usr/local/games:/snap/bin:/snap/bin', 'SESSION_MANAGER': 'local/scapula:@/tmp/.ICE-unix/2041,unix/scapula:/tmp/.ICE-unix/2041', 'INVOCATION_ID': 'fa4d4892373d46828ff3f5eecdfb64d7', 'XDG_MENU_PREFIX': 'gnome-', 'XDG_RUNTIME_DIR': '/run/user/1001', 'DISPLAY': ':1', 'TERMINATOR_DBUS_PATH': '/net/tenshu/Terminator2', 'LANG': 'en_US.UTF-8', 'XDG_CURRENT_DESKTOP': 'ubuntu:GNOME', 'XMODIFIERS': '@im=ibus', 'XDG_SESSION_DESKTOP': 'ubuntu', 'XAUTHORITY': '/run/user/1001/gdm/Xauthority', 'LS_COLORS': 'rs=0:di=01;34:ln=01;36:mh=00:pi=40;33:so=01;35:do=01;35:bd=40;33;01:cd=40;33;01:or=40;31;01:mi=00:su=37;41:sg=30;43:ca=30;41:tw=30;42:ow=34;42:st=37;44:ex=01;32:*.tar=01;31:*.tgz=01;31:*.arc=01;31:*.arj=01;31:*.taz=01;31:*.lha=01;31:*.lz4=01;31:*.lzh=01;31:*.lzma=01;31:*.tlz=01;31:*.txz=01;31:*.tzo=01;31:*.t7z=01;31:*.zip=01;31:*.z=01;31:*.dz=01;31:*.gz=01;31:*.lrz=01;31:*.lz=01;31:*.lzo=01;31:*.xz=01;31:*.zst=01;31:*.tzst=01;31:*.bz2=01;31:*.bz=01;31:*.tbz=01;31:*.tbz2=01;31:*.tz=01;31:*.deb=01;31:*.rpm=01;31:*.jar=01;31:*.war=01;31:*.ear=01;31:*.sar=01;31:*.rar=01;31:*.alz=01;31:*.ace=01;31:*.zoo=01;31:*.cpio=01;31:*.7z=01;31:*.rz=01;31:*.cab=01;31:*.wim=01;31:*.swm=01;31:*.dwm=01;31:*.esd=01;31:*.jpg=01;35:*.jpeg=01;35:*.mjpg=01;35:*.mjpeg=01;35:*.gif=01;35:*.bmp=01;35:*.pbm=01;35:*.pgm=01;35:*.ppm=01;35:*.tga=01;35:*.xbm=01;35:*.xpm=01;35:*.tif=01;35:*.tiff=01;35:*.png=01;35:*.svg=01;35:*.svgz=01;35:*.mng=01;35:*.pcx=01;35:*.mov=01;35:*.mpg=01;35:*.mpeg=01;35:*.m2v=01;35:*.mkv=01;35:*.webm=01;35:*.webp=01;35:*.ogm=01;35:*.mp4=01;35:*.m4v=01;35:*.mp4v=01;35:*.vob=01;35:*.qt=01;35:*.nuv=01;35:*.wmv=01;35:*.asf=01;35:*.rm=01;35:*.rmvb=01;35:*.flc=01;35:*.avi=01;35:*.fli=01;35:*.flv=01;35:*.gl=01;35:*.dl=01;35:*.xcf=01;35:*.xwd=01;35:*.yuv=01;35:*.cgm=01;35:*.emf=01;35:*.ogv=01;35:*.ogx=01;35:*.aac=00;36:*.au=00;36:*.flac=00;36:*.m4a=00;36:*.mid=00;36:*.midi=00;36:*.mka=00;36:*.mp3=00;36:*.mpc=00;36:*.ogg=00;36:*.ra=00;36:*.wav=00;36:*.oga=00;36:*.opus=00;36:*.spx=00;36:*.xspf=00;36:', 'SSH_AGENT_LAUNCHER': 'gnome-keyring', 'SSH_AUTH_SOCK': '/run/user/1001/keyring/ssh', 'AMENT_PREFIX_PATH': '/home/robotics/ros2_cobot/install/mycobot_description:/opt/ros/humble', 'SHELL': '/bin/bash', 'TERMINATOR_UUID': 'urn:uuid:9f62500e-929f-4887-8849-f4dd46e1c38d', 'QT_ACCESSIBILITY': '1', 'GDMSESSION': 'ubuntu', 'LESSCLOSE': '/usr/bin/lesspipe %s %s', 'GPG_AGENT_INFO': '/run/user/1001/gnupg/S.gpg-agent:0:1', 'GJS_DEBUG_OUTPUT': 'stderr', 'QT_IM_MODULE': 'ibus', 'PWD': '/home/robotics/ros2_cobot/build/mycobot_320', 'LC_ALL': 'en_US.UTF-8', 'XDG_CONFIG_DIRS': '/etc/xdg/xdg-ubuntu:/etc/xdg', 'XDG_DATA_DIRS': '/usr/share/ubuntu:/usr/share/gnome:/usr/local/share/:/usr/share/:/var/lib/snapd/desktop', 'PYTHONPATH': '/home/robotics/ros2_cobot/build/mycobot_320/prefix_override:/usr/lib/python3/dist-packages/colcon_core/task/python/colcon_distutils_commands:/home/robotics/ros2_cobot/install/mycobot_320/lib/python3.10/site-packages:/home/robotics/ros2_cobot/install/mycobot_description/lib/python3.10/site-packages:/opt/ros/humble/lib/python3.10/site-packages:/opt/ros/humble/local/lib/python3.10/dist-packages', 'COLCON': '1', 'VTE_VERSION': '6800'}, 'shell': False}
[3.912722] (-) TimerEvent: {}
[3.912912] (mycobot_280_moveit2_control) CommandEnded: {'returncode': 0}
[3.913295] (mecharm_pi) StdoutLine: {'line': b'running egg_info\n'}
[3.913528] (mecharm_pi) StdoutLine: {'line': b'writing ../../../../build/mecharm_pi/mecharm_pi.egg-info/PKG-INFO\n'}
[3.913865] (mecharm_pi) StdoutLine: {'line': b'writing dependency_links to ../../../../build/mecharm_pi/mecharm_pi.egg-info/dependency_links.txt\n'}
[3.914077] (mecharm_pi) StdoutLine: {'line': b'writing entry points to ../../../../build/mecharm_pi/mecharm_pi.egg-info/entry_points.txt\n'}
[3.914631] (mecharm_pi) StdoutLine: {'line': b'writing requirements to ../../../../build/mecharm_pi/mecharm_pi.egg-info/requires.txt\n'}
[3.915531] (mecharm_pi) StdoutLine: {'line': b'writing top-level names to ../../../../build/mecharm_pi/mecharm_pi.egg-info/top_level.txt\n'}
[3.919446] (mecharm_pi) StdoutLine: {'line': b"reading manifest file '../../../../build/mecharm_pi/mecharm_pi.egg-info/SOURCES.txt'\n"}
[3.919990] (mecharm_pi) StdoutLine: {'line': b"adding license file 'LICENSE'\n"}
[3.920523] (mycobot_280_moveit2_control) JobEnded: {'identifier': 'mycobot_280_moveit2_control', 'rc': 0}
[3.920887] (mycobot_communication) CommandEnded: {'returncode': 0}
[3.921145] (mecharm_pi) StdoutLine: {'line': b"writing manifest file '../../../../build/mecharm_pi/mecharm_pi.egg-info/SOURCES.txt'\n"}
[3.921207] (mecharm_pi) StdoutLine: {'line': b'running build\n'}
[3.921252] (mecharm_pi) StdoutLine: {'line': b'running build_py\n'}
[3.921836] (mecharm_pi) StdoutLine: {'line': b'running install\n'}
[3.922400] (mecharm_pi) StdoutLine: {'line': b'running install_lib\n'}
[3.924421] (mecharm_pi) StdoutLine: {'line': b'running install_data\n'}
[3.925050] (mycobot_communication) JobEnded: {'identifier': 'mycobot_communication', 'rc': 0}
[3.925390] (mecharm) CommandEnded: {'returncode': 0}
[3.925871] (mecharm_pi) StdoutLine: {'line': b'running install_egg_info\n'}
[3.927790] (mecharm_pi) StdoutLine: {'line': b"removing '/home/robotics/ros2_cobot/install/mecharm_pi/lib/python3.10/site-packages/mecharm_pi-0.0.0-py3.10.egg-info' (and everything under it)\n"}
[3.927918] (mecharm_pi) StdoutLine: {'line': b'Copying ../../../../build/mecharm_pi/mecharm_pi.egg-info to /home/robotics/ros2_cobot/install/mecharm_pi/lib/python3.10/site-packages/mecharm_pi-0.0.0-py3.10.egg-info\n'}
[3.928861] (mecharm_pi) StdoutLine: {'line': b'running install_scripts\n'}
[3.929424] (mecharm) JobEnded: {'identifier': 'mecharm', 'rc': 0}
[3.929794] (mybuddy) CommandEnded: {'returncode': 0}
[3.934238] (mybuddy) JobEnded: {'identifier': 'mybuddy', 'rc': 0}
[3.935394] (mycobot_630) JobStarted: {'identifier': 'mycobot_630'}
[3.936084] (mycobot_280_arduino) StdoutLine: {'line': b'running egg_info\n'}
[3.936783] (mycobot_280_arduino) StdoutLine: {'line': b'writing ../../../../build/mycobot_280_arduino/mycobot_280_arduino.egg-info/PKG-INFO\n'}
[3.938001] (mycobot_280_arduino) StdoutLine: {'line': b'writing dependency_links to ../../../../build/mycobot_280_arduino/mycobot_280_arduino.egg-info/dependency_links.txt\n'}
[3.938183] (mycobot_280_arduino) StdoutLine: {'line': b'writing entry points to ../../../../build/mycobot_280_arduino/mycobot_280_arduino.egg-info/entry_points.txt\n'}
[3.938294] (mycobot_280_arduino) StdoutLine: {'line': b'writing requirements to ../../../../build/mycobot_280_arduino/mycobot_280_arduino.egg-info/requires.txt\n'}
[3.938368] (mycobot_280_arduino) StdoutLine: {'line': b'writing top-level names to ../../../../build/mycobot_280_arduino/mycobot_280_arduino.egg-info/top_level.txt\n'}
[3.939643] (mycobot_280pi) StdoutLine: {'line': b'running egg_info\n'}
[3.940686] (mycobot_280_riscv) StdoutLine: {'line': b'running egg_info\n'}
[3.941443] (mycobot_280pi) StdoutLine: {'line': b'writing ../../../../build/mycobot_280pi/mycobot_280pi.egg-info/PKG-INFO\n'}
[3.941516] (mycobot_280_riscv) StdoutLine: {'line': b'writing ../../../../build/mycobot_280_riscv/mycobot_280_riscv.egg-info/PKG-INFO\n'}
[3.941570] (mecharm_communication) StdoutLine: {'line': b'running egg_info\n'}
[3.941689] (mypalletizer_260) JobStarted: {'identifier': 'mypalletizer_260'}
[3.941744] (mycobot_280pi) StdoutLine: {'line': b'writing dependency_links to ../../../../build/mycobot_280pi/mycobot_280pi.egg-info/dependency_links.txt\n'}
[3.941818] (mycobot_280_riscv) StdoutLine: {'line': b'writing dependency_links to ../../../../build/mycobot_280_riscv/mycobot_280_riscv.egg-info/dependency_links.txt\n'}
[3.941861] (mycobot_280_riscv) StdoutLine: {'line': b'writing entry points to ../../../../build/mycobot_280_riscv/mycobot_280_riscv.egg-info/entry_points.txt\n'}
[3.941900] (mycobot_280_riscv) StdoutLine: {'line': b'writing requirements to ../../../../build/mycobot_280_riscv/mycobot_280_riscv.egg-info/requires.txt\n'}
[3.941939] (mycobot_280_riscv) StdoutLine: {'line': b'writing top-level names to ../../../../build/mycobot_280_riscv/mycobot_280_riscv.egg-info/top_level.txt\n'}
[3.941978] (mycobot_280pi) StdoutLine: {'line': b'writing entry points to ../../../../build/mycobot_280pi/mycobot_280pi.egg-info/entry_points.txt\n'}
[3.942016] (mycobot_280pi) StdoutLine: {'line': b'writing requirements to ../../../../build/mycobot_280pi/mycobot_280pi.egg-info/requires.txt\n'}
[3.942060] (mycobot_280pi) StdoutLine: {'line': b'writing top-level names to ../../../../build/mycobot_280pi/mycobot_280pi.egg-info/top_level.txt\n'}
[3.942115] (mecharm_communication) StdoutLine: {'line': b'writing ../../../../build/mecharm_communication/mecharm_communication.egg-info/PKG-INFO\n'}
[3.942165] (mecharm_communication) StdoutLine: {'line': b'writing dependency_links to ../../../../build/mecharm_communication/mecharm_communication.egg-info/dependency_links.txt\n'}
[3.942205] (mecharm_communication) StdoutLine: {'line': b'writing entry points to ../../../../build/mecharm_communication/mecharm_communication.egg-info/entry_points.txt\n'}
[3.942243] (mecharm_communication) StdoutLine: {'line': b'writing requirements to ../../../../build/mecharm_communication/mecharm_communication.egg-info/requires.txt\n'}
[3.942280] (mycobot_280_arduino) StdoutLine: {'line': b"reading manifest file '../../../../build/mycobot_280_arduino/mycobot_280_arduino.egg-info/SOURCES.txt'\n"}
[3.942357] (mecharm_communication) StdoutLine: {'line': b'writing top-level names to ../../../../build/mecharm_communication/mecharm_communication.egg-info/top_level.txt\n'}
[3.942398] (mycobot_280_arduino) StdoutLine: {'line': b"adding license file 'LICENSE'\n"}
[3.942957] (mycobot_280_arduino) StdoutLine: {'line': b"writing manifest file '../../../../build/mycobot_280_arduino/mycobot_280_arduino.egg-info/SOURCES.txt'\n"}
[3.943237] (mycobot_280_arduino) StdoutLine: {'line': b'running build\n'}
[3.943639] (mycobot_280_arduino) StdoutLine: {'line': b'running build_py\n'}
[3.943913] (mycobot_280_riscv) StdoutLine: {'line': b"reading manifest file '../../../../build/mycobot_280_riscv/mycobot_280_riscv.egg-info/SOURCES.txt'\n"}
[3.944076] (mycobot_280pi) StdoutLine: {'line': b"reading manifest file '../../../../build/mycobot_280pi/mycobot_280pi.egg-info/SOURCES.txt'\n"}
[3.944175] (mecharm_communication) StdoutLine: {'line': b"reading manifest file '../../../../build/mecharm_communication/mecharm_communication.egg-info/SOURCES.txt'\n"}
[3.944283] (mycobot_280_riscv) StdoutLine: {'line': b"adding license file 'LICENSE'\n"}
[3.944543] (mycobot_280_arduino) StdoutLine: {'line': b'running install\n'}
[3.944620] (mycobot_280pi) StdoutLine: {'line': b"adding license file 'LICENSE'\n"}
[3.944690] (mycobot_280_arduino) StdoutLine: {'line': b'running install_lib\n'}
[3.944848] (mycobot_280_riscv) StdoutLine: {'line': b"writing manifest file '../../../../build/mycobot_280_riscv/mycobot_280_riscv.egg-info/SOURCES.txt'\n"}
[3.944958] (mycobot_280_riscv) StdoutLine: {'line': b'running build\n'}
[3.945012] (mycobot_280_riscv) StdoutLine: {'line': b'running build_py\n'}
[3.945113] (mecharm_communication) StdoutLine: {'line': b"writing manifest file '../../../../build/mecharm_communication/mecharm_communication.egg-info/SOURCES.txt'\n"}
[3.945183] (mecharm_communication) StdoutLine: {'line': b'running build\n'}
[3.945265] (mecharm_communication) StdoutLine: {'line': b'running build_py\n'}
[3.945300] (mycobot_280pi) StdoutLine: {'line': b"writing manifest file '../../../../build/mycobot_280pi/mycobot_280pi.egg-info/SOURCES.txt'\n"}
[3.945351] (mycobot_280pi) StdoutLine: {'line': b'running build\n'}
[3.945384] (mycobot_280pi) StdoutLine: {'line': b'running build_py\n'}
[3.945812] (mecharm_communication) StdoutLine: {'line': b'running install\n'}
[3.946153] (mycobot_280_riscv) StdoutLine: {'line': b'running install\n'}
[3.946260] (mecharm_communication) StdoutLine: {'line': b'running install_lib\n'}
[3.946563] (mycobot_280_riscv) StdoutLine: {'line': b'running install_lib\n'}
[3.946609] (mycobot_280_arduino) StdoutLine: {'line': b'running install_data\n'}
[3.946675] (mycobot_280pi) StdoutLine: {'line': b'running install\n'}
[3.946726] (mycobot_280pi) StdoutLine: {'line': b'running install_lib\n'}
[3.947477] (mycobot_280_arduino) StdoutLine: {'line': b'running install_egg_info\n'}
[3.947726] (mypalletizer_260_pi) JobStarted: {'identifier': 'mypalletizer_260_pi'}
[3.948400] (mecharm_communication) StdoutLine: {'line': b'running install_data\n'}
[3.948513] (mycobot_280_riscv) StdoutLine: {'line': b'running install_data\n'}
[3.948653] (mycobot_280pi) StdoutLine: {'line': b'running install_data\n'}
[3.948840] (mecharm_pi) StdoutLine: {'line': b'Installing detect_marker script to /home/robotics/ros2_cobot/install/mecharm_pi/lib/mecharm_pi\n'}
[3.949008] (mecharm_pi) StdoutLine: {'line': b'Installing follow_display script to /home/robotics/ros2_cobot/install/mecharm_pi/lib/mecharm_pi\n'}
[3.949290] (mycobot_280_arduino) StdoutLine: {'line': b"removing '/home/robotics/ros2_cobot/install/mycobot_280_arduino/lib/python3.10/site-packages/mycobot_280_arduino-0.0.0-py3.10.egg-info' (and everything under it)\n"}
[3.949400] (mecharm_pi) StdoutLine: {'line': b'Installing following_marker script to /home/robotics/ros2_cobot/install/mecharm_pi/lib/mecharm_pi\n'}
[3.949437] (mecharm_pi) StdoutLine: {'line': b'Installing listen_real script to /home/robotics/ros2_cobot/install/mecharm_pi/lib/mecharm_pi\n'}
[3.949467] (mycobot_280pi) StdoutLine: {'line': b'running install_egg_info\n'}
[3.949633] (mycobot_280_riscv) StdoutLine: {'line': b'running install_egg_info\n'}
[3.949666] (mycobot_280_arduino) StdoutLine: {'line': b'Copying ../../../../build/mycobot_280_arduino/mycobot_280_arduino.egg-info to /home/robotics/ros2_cobot/install/mycobot_280_arduino/lib/python3.10/site-packages/mycobot_280_arduino-0.0.0-py3.10.egg-info\n'}
[3.949695] (mecharm_pi) StdoutLine: {'line': b'Installing listen_real_of_topic script to /home/robotics/ros2_cobot/install/mecharm_pi/lib/mecharm_pi\n'}
[3.949742] (mecharm_pi) StdoutLine: {'line': b'Installing simple_gui script to /home/robotics/ros2_cobot/install/mecharm_pi/lib/mecharm_pi\n'}
[3.949771] (mecharm_communication) StdoutLine: {'line': b'running install_egg_info\n'}
[3.949803] (mecharm_pi) StdoutLine: {'line': b'Installing slider_control script to /home/robotics/ros2_cobot/install/mecharm_pi/lib/mecharm_pi\n'}
[3.949845] (mecharm_pi) StdoutLine: {'line': b'Installing teleop_keyboard script to /home/robotics/ros2_cobot/install/mecharm_pi/lib/mecharm_pi\n'}
[3.949877] (mycobot_280_arduino) StdoutLine: {'line': b'running install_scripts\n'}
[3.949968] (mecharm_pi) StdoutLine: {'line': b"writing list of installed files to '/home/robotics/ros2_cobot/build/mecharm_pi/install.log'\n"}
[3.951474] (mycobot_280pi) StdoutLine: {'line': b"removing '/home/robotics/ros2_cobot/install/mycobot_280pi/lib/python3.10/site-packages/mycobot_280pi-0.0.0-py3.10.egg-info' (and everything under it)\n"}
[3.951604] (mecharm_communication) StdoutLine: {'line': b"removing '/home/robotics/ros2_cobot/install/mecharm_communication/lib/python3.10/site-packages/mecharm_communication-0.0.0-py3.10.egg-info' (and everything under it)\n"}
[3.951686] (mycobot_280pi) StdoutLine: {'line': b'Copying ../../../../build/mycobot_280pi/mycobot_280pi.egg-info to /home/robotics/ros2_cobot/install/mycobot_280pi/lib/python3.10/site-packages/mycobot_280pi-0.0.0-py3.10.egg-info\n'}
[3.951717] (mycobot_280_riscv) StdoutLine: {'line': b"removing '/home/robotics/ros2_cobot/install/mycobot_280_riscv/lib/python3.10/site-packages/mycobot_280_riscv-0.0.0-py3.10.egg-info' (and everything under it)\n"}
[3.951767] (mycobot_280_riscv) StdoutLine: {'line': b'Copying ../../../../build/mycobot_280_riscv/mycobot_280_riscv.egg-info to /home/robotics/ros2_cobot/install/mycobot_280_riscv/lib/python3.10/site-packages/mycobot_280_riscv-0.0.0-py3.10.egg-info\n'}
[3.951818] (mecharm_communication) StdoutLine: {'line': b'Copying ../../../../build/mecharm_communication/mecharm_communication.egg-info to /home/robotics/ros2_cobot/install/mecharm_communication/lib/python3.10/site-packages/mecharm_communication-0.0.0-py3.10.egg-info\n'}
[3.952720] (mecharm_communication) StdoutLine: {'line': b'running install_scripts\n'}
[3.952806] (mycobot_280pi) StdoutLine: {'line': b'running install_scripts\n'}
[3.953106] (mycobot_280_riscv) StdoutLine: {'line': b'running install_scripts\n'}
[3.954282] (ultraarm) JobStarted: {'identifier': 'ultraarm'}
[3.963234] (myarm_300) CommandEnded: {'returncode': 0}
[3.965419] (mycobot_280_arduino) StdoutLine: {'line': b'Installing camera_display script to /home/robotics/ros2_cobot/install/mycobot_280_arduino/lib/mycobot_280_arduino\n'}
[3.965901] (mycobot_280_arduino) StdoutLine: {'line': b'Installing detect_marker script to /home/robotics/ros2_cobot/install/mycobot_280_arduino/lib/mycobot_280_arduino\n'}
[3.965978] (mycobot_280_arduino) StdoutLine: {'line': b'Installing follow_display script to /home/robotics/ros2_cobot/install/mycobot_280_arduino/lib/mycobot_280_arduino\n'}
[3.966034] (mycobot_280_arduino) StdoutLine: {'line': b'Installing following_marker script to /home/robotics/ros2_cobot/install/mycobot_280_arduino/lib/mycobot_280_arduino\n'}
[3.966085] (mycobot_280_arduino) StdoutLine: {'line': b'Installing listen_real script to /home/robotics/ros2_cobot/install/mycobot_280_arduino/lib/mycobot_280_arduino\n'}
[3.966356] (mycobot_280_arduino) StdoutLine: {'line': b'Installing listen_real_of_topic script to /home/robotics/ros2_cobot/install/mycobot_280_arduino/lib/mycobot_280_arduino\n'}
[3.966423] (mycobot_280_arduino) StdoutLine: {'line': b'Installing opencv_camera script to /home/robotics/ros2_cobot/install/mycobot_280_arduino/lib/mycobot_280_arduino\n'}
[3.966456] (mycobot_280_arduino) StdoutLine: {'line': b'Installing simple_gui script to /home/robotics/ros2_cobot/install/mycobot_280_arduino/lib/mycobot_280_arduino\n'}
[3.966519] (mycobot_280_arduino) StdoutLine: {'line': b'Installing slider_control script to /home/robotics/ros2_cobot/install/mycobot_280_arduino/lib/mycobot_280_arduino\n'}
[3.966559] (mycobot_280_arduino) StdoutLine: {'line': b'Installing teleop_keyboard script to /home/robotics/ros2_cobot/install/mycobot_280_arduino/lib/mycobot_280_arduino\n'}
[3.966885] (mycobot_280_arduino) StdoutLine: {'line': b"writing list of installed files to '/home/robotics/ros2_cobot/build/mycobot_280_arduino/install.log'\n"}
[3.968768] (mecharm_communication) StdoutLine: {'line': b'Installing mecharm_services script to /home/robotics/ros2_cobot/install/mecharm_communication/lib/mecharm_communication\n'}
[3.969111] (mecharm_communication) StdoutLine: {'line': b'Installing mycobot_topics script to /home/robotics/ros2_cobot/install/mecharm_communication/lib/mecharm_communication\n'}
[3.969235] (mecharm_communication) StdoutLine: {'line': b'Installing mycobot_topics_jsnn script to /home/robotics/ros2_cobot/install/mecharm_communication/lib/mecharm_communication\n'}
[3.969311] (mecharm_communication) StdoutLine: {'line': b'Installing mycobot_topics_pi script to /home/robotics/ros2_cobot/install/mecharm_communication/lib/mecharm_communication\n'}
[3.969371] (mecharm_communication) StdoutLine: {'line': b'Installing mycobot_topics_seeed script to /home/robotics/ros2_cobot/install/mecharm_communication/lib/mecharm_communication\n'}
[3.970288] (myarm_300) JobEnded: {'identifier': 'myarm_300', 'rc': 0}
[3.971109] (mycobot_280_x3pi) CommandEnded: {'returncode': 0}
[3.971516] (mecharm_communication) StdoutLine: {'line': b"writing list of installed files to '/home/robotics/ros2_cobot/build/mecharm_communication/install.log'\n"}
[3.973725] (mycobot_280pi) StdoutLine: {'line': b'Installing camera_display script to /home/robotics/ros2_cobot/install/mycobot_280pi/lib/mycobot_280pi\n'}
[3.973975] (mycobot_280_riscv) StdoutLine: {'line': b'Installing camera_display script to /home/robotics/ros2_cobot/install/mycobot_280_riscv/lib/mycobot_280_riscv\n'}
[3.974117] (mycobot_280_riscv) StdoutLine: {'line': b'Installing follow_display script to /home/robotics/ros2_cobot/install/mycobot_280_riscv/lib/mycobot_280_riscv\n'}
[3.974356] (mycobot_280pi) StdoutLine: {'line': b'Installing detect_marker script to /home/robotics/ros2_cobot/install/mycobot_280pi/lib/mycobot_280pi\n'}
[3.974452] (mycobot_280_riscv) StdoutLine: {'line': b'Installing listen_real script to /home/robotics/ros2_cobot/install/mycobot_280_riscv/lib/mycobot_280_riscv\n'}
[3.974558] (mycobot_280pi) StdoutLine: {'line': b'Installing follow_display script to /home/robotics/ros2_cobot/install/mycobot_280pi/lib/mycobot_280pi\n'}
[3.974621] (mycobot_280pi) StdoutLine: {'line': b'Installing following_marker script to /home/robotics/ros2_cobot/install/mycobot_280pi/lib/mycobot_280pi\n'}
[3.974682] (mycobot_280pi) StdoutLine: {'line': b'Installing listen_real script to /home/robotics/ros2_cobot/install/mycobot_280pi/lib/mycobot_280pi\n'}
[3.974766] (mycobot_280pi) StdoutLine: {'line': b'Installing listen_real_of_topic script to /home/robotics/ros2_cobot/install/mycobot_280pi/lib/mycobot_280pi\n'}
[3.974828] (mycobot_280_riscv) StdoutLine: {'line': b'Installing opencv_camera script to /home/robotics/ros2_cobot/install/mycobot_280_riscv/lib/mycobot_280_riscv\n'}
[3.974892] (mycobot_280_riscv) StdoutLine: {'line': b'Installing simple_gui script to /home/robotics/ros2_cobot/install/mycobot_280_riscv/lib/mycobot_280_riscv\n'}
[3.974927] (mycobot_280_riscv) StdoutLine: {'line': b'Installing slider_control script to /home/robotics/ros2_cobot/install/mycobot_280_riscv/lib/mycobot_280_riscv\n'}
[3.974959] (mycobot_280_riscv) StdoutLine: {'line': b'Installing teleop_keyboard script to /home/robotics/ros2_cobot/install/mycobot_280_riscv/lib/mycobot_280_riscv\n'}
[3.974992] (mycobot_280pi) StdoutLine: {'line': b'Installing opencv_camera script to /home/robotics/ros2_cobot/install/mycobot_280pi/lib/mycobot_280pi\n'}
[3.975025] (mycobot_280pi) StdoutLine: {'line': b'Installing simple_gui script to /home/robotics/ros2_cobot/install/mycobot_280pi/lib/mycobot_280pi\n'}
[3.975284] (mycobot_280pi) StdoutLine: {'line': b'Installing slider_control script to /home/robotics/ros2_cobot/install/mycobot_280pi/lib/mycobot_280pi\n'}
[3.975379] (mycobot_280pi) StdoutLine: {'line': b'Installing teleop_keyboard script to /home/robotics/ros2_cobot/install/mycobot_280pi/lib/mycobot_280pi\n'}
[3.975420] (mycobot_280_riscv) StdoutLine: {'line': b"writing list of installed files to '/home/robotics/ros2_cobot/build/mycobot_280_riscv/install.log'\n"}
[3.975479] (mycobot_280pi) StdoutLine: {'line': b"writing list of installed files to '/home/robotics/ros2_cobot/build/mycobot_280pi/install.log'\n"}
[3.978936] (mycobot_280_x3pi) JobEnded: {'identifier': 'mycobot_280_x3pi', 'rc': 0}
[3.979727] (mycobot_280jn) CommandEnded: {'returncode': 0}
[3.986435] (mycobot_280jn) JobEnded: {'identifier': 'mycobot_280jn', 'rc': 0}
[4.012822] (-) TimerEvent: {}
[4.082121] (mycobot_320) StdoutLine: {'line': b'running egg_info\n'}
[4.082490] (mycobot_320) StdoutLine: {'line': b'writing ../../../../build/mycobot_320/mycobot_320.egg-info/PKG-INFO\n'}
[4.082935] (mycobot_320) StdoutLine: {'line': b'writing dependency_links to ../../../../build/mycobot_320/mycobot_320.egg-info/dependency_links.txt\n'}
[4.083091] (mycobot_320) StdoutLine: {'line': b'writing entry points to ../../../../build/mycobot_320/mycobot_320.egg-info/entry_points.txt\n'}
[4.083207] (mycobot_320) StdoutLine: {'line': b'writing requirements to ../../../../build/mycobot_320/mycobot_320.egg-info/requires.txt\n'}
[4.083277] (mycobot_320) StdoutLine: {'line': b'writing top-level names to ../../../../build/mycobot_320/mycobot_320.egg-info/top_level.txt\n'}
[4.084756] (mycobot_320) StdoutLine: {'line': b"reading manifest file '../../../../build/mycobot_320/mycobot_320.egg-info/SOURCES.txt'\n"}
[4.084997] (mycobot_320) StdoutLine: {'line': b"adding license file 'LICENSE'\n"}
[4.085362] (mycobot_320) StdoutLine: {'line': b"writing manifest file '../../../../build/mycobot_320/mycobot_320.egg-info/SOURCES.txt'\n"}
[4.085513] (mycobot_320) StdoutLine: {'line': b'running build\n'}
[4.085592] (mycobot_320) StdoutLine: {'line': b'running build_py\n'}
[4.086139] (mycobot_320) StdoutLine: {'line': b'running install\n'}
[4.086301] (mycobot_320) StdoutLine: {'line': b'running install_lib\n'}
[4.087269] (mycobot_320) StdoutLine: {'line': b'running install_data\n'}
[4.087712] (mycobot_320) StdoutLine: {'line': b'running install_egg_info\n'}
[4.088673] (mycobot_320) StdoutLine: {'line': b"removing '/home/robotics/ros2_cobot/install/mycobot_320/lib/python3.10/site-packages/mycobot_320-0.0.0-py3.10.egg-info' (and everything under it)\n"}
[4.088856] (mycobot_320) StdoutLine: {'line': b'Copying ../../../../build/mycobot_320/mycobot_320.egg-info to /home/robotics/ros2_cobot/install/mycobot_320/lib/python3.10/site-packages/mycobot_320-0.0.0-py3.10.egg-info\n'}
[4.089518] (mycobot_320) StdoutLine: {'line': b'running install_scripts\n'}
[4.100880] (mycobot_320) StdoutLine: {'line': b'Installing follow_display script to /home/robotics/ros2_cobot/install/mycobot_320/lib/mycobot_320\n'}
[4.101062] (mycobot_320) StdoutLine: {'line': b'Installing listen_real script to /home/robotics/ros2_cobot/install/mycobot_320/lib/mycobot_320\n'}
[4.101185] (mycobot_320) StdoutLine: {'line': b'Installing listen_real_of_topic script to /home/robotics/ros2_cobot/install/mycobot_320/lib/mycobot_320\n'}
[4.101286] (mycobot_320) StdoutLine: {'line': b'Installing simple_gui script to /home/robotics/ros2_cobot/install/mycobot_320/lib/mycobot_320\n'}
[4.101351] (mycobot_320) StdoutLine: {'line': b'Installing slider_control script to /home/robotics/ros2_cobot/install/mycobot_320/lib/mycobot_320\n'}
[4.101450] (mycobot_320) StdoutLine: {'line': b'Installing teleop_keyboard script to /home/robotics/ros2_cobot/install/mycobot_320/lib/mycobot_320\n'}
[4.101629] (mycobot_320) StdoutLine: {'line': b"writing list of installed files to '/home/robotics/ros2_cobot/build/mycobot_320/install.log'\n"}
[4.112955] (-) TimerEvent: {}
[4.164125] (myarm_c650) JobStarted: {'identifier': 'myarm_c650'}
[4.167699] (myarm_m750) JobStarted: {'identifier': 'myarm_m750'}
[4.172583] (mycobot_280_rdkx5) JobStarted: {'identifier': 'mycobot_280_rdkx5'}
[4.213075] (-) TimerEvent: {}
[4.313457] (-) TimerEvent: {}
[4.413846] (-) TimerEvent: {}
[4.514198] (-) TimerEvent: {}
[4.614475] (-) TimerEvent: {}
[4.714775] (-) TimerEvent: {}
[4.815211] (-) TimerEvent: {}
[4.816884] (mecharm_pi) CommandEnded: {'returncode': 0}
[4.820823] (mecharm_pi) JobEnded: {'identifier': 'mecharm_pi', 'rc': 0}
[4.821285] (mycobot_280pi) CommandEnded: {'returncode': 0}
[4.824736] (mycobot_280pi) JobEnded: {'identifier': 'mycobot_280pi', 'rc': 0}
[4.825170] (mycobot_320) CommandEnded: {'returncode': 0}
[4.830426] (mycobot_320) JobEnded: {'identifier': 'mycobot_320', 'rc': 0}
[4.831104] (mycobot_280_riscv) CommandEnded: {'returncode': 0}
[4.834769] (mycobot_280_riscv) JobEnded: {'identifier': 'mycobot_280_riscv', 'rc': 0}
[4.835195] (mecharm_communication) CommandEnded: {'returncode': 0}
[4.838807] (mecharm_communication) JobEnded: {'identifier': 'mecharm_communication', 'rc': 0}
[4.839294] (mycobot_280_arduino) CommandEnded: {'returncode': 0}
[4.842794] (mycobot_280_arduino) JobEnded: {'identifier': 'mycobot_280_arduino', 'rc': 0}
[4.843888] (mycobot_320_riscv) Command: {'cmd': ['/usr/bin/python3', '-W', 'ignore:setup.py install is deprecated', '-W', 'ignore:easy_install command is deprecated', 'setup.py', 'egg_info', '--egg-base', '../../../../build/mycobot_320_riscv', 'build', '--build-base', '/home/robotics/ros2_cobot/build/mycobot_320_riscv/build', 'install', '--record', '/home/robotics/ros2_cobot/build/mycobot_320_riscv/install.log', '--single-version-externally-managed', 'install_data'], 'cwd': '/home/robotics/ros2_cobot/src/mycobot_ros2/mycobot_320/mycobot_320_riscv', 'env': {'GJS_DEBUG_TOPICS': 'JS ERROR;JS LOG', 'LESSOPEN': '| /usr/bin/lesspipe %s', 'LANGUAGE': 'en_CA:en', 'USER': 'robotics', 'XDG_SESSION_TYPE': 'x11', 'SHLVL': '1', 'LD_LIBRARY_PATH': '/opt/ros/humble/opt/rviz_ogre_vendor/lib:/opt/ros/humble/lib/x86_64-linux-gnu:/opt/ros/humble/lib', 'HOME': '/home/robotics', 'OLDPWD': '/home/robotics', 'DESKTOP_SESSION': 'ubuntu', 'GIO_LAUNCHED_DESKTOP_FILE': '/usr/share/applications/terminator.desktop', 'ROS_PYTHON_VERSION': '3', 'GNOME_SHELL_SESSION_MODE': 'ubuntu', 'GTK_MODULES': 'gail:atk-bridge', 'MANAGERPID': '1791', 'SYSTEMD_EXEC_PID': '2064', 'DBUS_SESSION_BUS_ADDRESS': 'unix:path=/run/user/1001/bus', 'COLORTERM': 'truecolor', 'TERMINATOR_DBUS_NAME': 'net.tenshu.Terminator23558193cd9818af7fe4d2c2f5bd9d00f', 'GIO_LAUNCHED_DESKTOP_FILE_PID': '2911', 'ROS_DISTRO': 'humble', 'GTK_IM_MODULE': 'ibus', 'LOGNAME': 'robotics', 'JOURNAL_STREAM': '8:12679', '_': '/usr/bin/colcon', 'ROS_VERSION': '2', 'XDG_SESSION_CLASS': 'user', 'USERNAME': 'robotics', 'TERM': 'xterm-256color', 'GNOME_DESKTOP_SESSION_ID': 'this-is-deprecated', 'ROS_LOCALHOST_ONLY': '0', 'WINDOWPATH': '2', 'PATH': '/opt/ros/humble/bin:/home/robotics/.local/bin:/usr/local/sbin:/usr/local/bin:/usr/sbin:/usr/bin:/sbin:/bin:/usr/games:/usr/local/games:/snap/bin:/snap/bin', 'SESSION_MANAGER': 'local/scapula:@/tmp/.ICE-unix/2041,unix/scapula:/tmp/.ICE-unix/2041', 'INVOCATION_ID': 'fa4d4892373d46828ff3f5eecdfb64d7', 'XDG_MENU_PREFIX': 'gnome-', 'XDG_RUNTIME_DIR': '/run/user/1001', 'DISPLAY': ':1', 'TERMINATOR_DBUS_PATH': '/net/tenshu/Terminator2', 'LANG': 'en_US.UTF-8', 'XDG_CURRENT_DESKTOP': 'ubuntu:GNOME', 'XMODIFIERS': '@im=ibus', 'XDG_SESSION_DESKTOP': 'ubuntu', 'XAUTHORITY': '/run/user/1001/gdm/Xauthority', 'LS_COLORS': 'rs=0:di=01;34:ln=01;36:mh=00:pi=40;33:so=01;35:do=01;35:bd=40;33;01:cd=40;33;01:or=40;31;01:mi=00:su=37;41:sg=30;43:ca=30;41:tw=30;42:ow=34;42:st=37;44:ex=01;32:*.tar=01;31:*.tgz=01;31:*.arc=01;31:*.arj=01;31:*.taz=01;31:*.lha=01;31:*.lz4=01;31:*.lzh=01;31:*.lzma=01;31:*.tlz=01;31:*.txz=01;31:*.tzo=01;31:*.t7z=01;31:*.zip=01;31:*.z=01;31:*.dz=01;31:*.gz=01;31:*.lrz=01;31:*.lz=01;31:*.lzo=01;31:*.xz=01;31:*.zst=01;31:*.tzst=01;31:*.bz2=01;31:*.bz=01;31:*.tbz=01;31:*.tbz2=01;31:*.tz=01;31:*.deb=01;31:*.rpm=01;31:*.jar=01;31:*.war=01;31:*.ear=01;31:*.sar=01;31:*.rar=01;31:*.alz=01;31:*.ace=01;31:*.zoo=01;31:*.cpio=01;31:*.7z=01;31:*.rz=01;31:*.cab=01;31:*.wim=01;31:*.swm=01;31:*.dwm=01;31:*.esd=01;31:*.jpg=01;35:*.jpeg=01;35:*.mjpg=01;35:*.mjpeg=01;35:*.gif=01;35:*.bmp=01;35:*.pbm=01;35:*.pgm=01;35:*.ppm=01;35:*.tga=01;35:*.xbm=01;35:*.xpm=01;35:*.tif=01;35:*.tiff=01;35:*.png=01;35:*.svg=01;35:*.svgz=01;35:*.mng=01;35:*.pcx=01;35:*.mov=01;35:*.mpg=01;35:*.mpeg=01;35:*.m2v=01;35:*.mkv=01;35:*.webm=01;35:*.webp=01;35:*.ogm=01;35:*.mp4=01;35:*.m4v=01;35:*.mp4v=01;35:*.vob=01;35:*.qt=01;35:*.nuv=01;35:*.wmv=01;35:*.asf=01;35:*.rm=01;35:*.rmvb=01;35:*.flc=01;35:*.avi=01;35:*.fli=01;35:*.flv=01;35:*.gl=01;35:*.dl=01;35:*.xcf=01;35:*.xwd=01;35:*.yuv=01;35:*.cgm=01;35:*.emf=01;35:*.ogv=01;35:*.ogx=01;35:*.aac=00;36:*.au=00;36:*.flac=00;36:*.m4a=00;36:*.mid=00;36:*.midi=00;36:*.mka=00;36:*.mp3=00;36:*.mpc=00;36:*.ogg=00;36:*.ra=00;36:*.wav=00;36:*.oga=00;36:*.opus=00;36:*.spx=00;36:*.xspf=00;36:', 'SSH_AGENT_LAUNCHER': 'gnome-keyring', 'SSH_AUTH_SOCK': '/run/user/1001/keyring/ssh', 'AMENT_PREFIX_PATH': '/home/robotics/ros2_cobot/install/mycobot_description:/opt/ros/humble', 'SHELL': '/bin/bash', 'TERMINATOR_UUID': 'urn:uuid:9f62500e-929f-4887-8849-f4dd46e1c38d', 'QT_ACCESSIBILITY': '1', 'GDMSESSION': 'ubuntu', 'LESSCLOSE': '/usr/bin/lesspipe %s %s', 'GPG_AGENT_INFO': '/run/user/1001/gnupg/S.gpg-agent:0:1', 'GJS_DEBUG_OUTPUT': 'stderr', 'QT_IM_MODULE': 'ibus', 'PWD': '/home/robotics/ros2_cobot/build/mycobot_320_riscv', 'LC_ALL': 'en_US.UTF-8', 'XDG_CONFIG_DIRS': '/etc/xdg/xdg-ubuntu:/etc/xdg', 'XDG_DATA_DIRS': '/usr/share/ubuntu:/usr/share/gnome:/usr/local/share/:/usr/share/:/var/lib/snapd/desktop', 'PYTHONPATH': '/home/robotics/ros2_cobot/build/mycobot_320_riscv/prefix_override:/usr/lib/python3/dist-packages/colcon_core/task/python/colcon_distutils_commands:/home/robotics/ros2_cobot/install/mycobot_320_riscv/lib/python3.10/site-packages:/home/robotics/ros2_cobot/install/mycobot_description/lib/python3.10/site-packages:/opt/ros/humble/lib/python3.10/site-packages:/opt/ros/humble/local/lib/python3.10/dist-packages', 'COLCON': '1', 'VTE_VERSION': '6800'}, 'shell': False}
[4.915311] (-) TimerEvent: {}
[4.990852] (mycobot_320_riscv) StdoutLine: {'line': b'running egg_info\n'}
[4.991232] (mycobot_320_riscv) StdoutLine: {'line': b'writing ../../../../build/mycobot_320_riscv/mycobot_320_riscv.egg-info/PKG-INFO\n'}
[4.991481] (mycobot_320_riscv) StdoutLine: {'line': b'writing dependency_links to ../../../../build/mycobot_320_riscv/mycobot_320_riscv.egg-info/dependency_links.txt\n'}
[4.991728] (mycobot_320_riscv) StdoutLine: {'line': b'writing entry points to ../../../../build/mycobot_320_riscv/mycobot_320_riscv.egg-info/entry_points.txt\n'}
[4.991858] (mycobot_320_riscv) StdoutLine: {'line': b'writing requirements to ../../../../build/mycobot_320_riscv/mycobot_320_riscv.egg-info/requires.txt\n'}
[4.991948] (mycobot_320_riscv) StdoutLine: {'line': b'writing top-level names to ../../../../build/mycobot_320_riscv/mycobot_320_riscv.egg-info/top_level.txt\n'}
[4.993603] (mycobot_320_riscv) StdoutLine: {'line': b"reading manifest file '../../../../build/mycobot_320_riscv/mycobot_320_riscv.egg-info/SOURCES.txt'\n"}
[4.993930] (mycobot_320_riscv) StdoutLine: {'line': b"adding license file 'LICENSE'\n"}
[4.994379] (mycobot_320_riscv) StdoutLine: {'line': b"writing manifest file '../../../../build/mycobot_320_riscv/mycobot_320_riscv.egg-info/SOURCES.txt'\n"}
[4.994581] (mycobot_320_riscv) StdoutLine: {'line': b'running build\n'}
[4.994666] (mycobot_320_riscv) StdoutLine: {'line': b'running build_py\n'}
[4.995337] (mycobot_320_riscv) StdoutLine: {'line': b'running install\n'}
[4.995665] (mycobot_320_riscv) StdoutLine: {'line': b'running install_lib\n'}
[4.996783] (mycobot_320_riscv) StdoutLine: {'line': b'running install_data\n'}
[4.997177] (mycobot_320_riscv) StdoutLine: {'line': b'running install_egg_info\n'}
[4.998262] (mycobot_320_riscv) StdoutLine: {'line': b"removing '/home/robotics/ros2_cobot/install/mycobot_320_riscv/lib/python3.10/site-packages/mycobot_320_riscv-0.0.0-py3.10.egg-info' (and everything under it)\n"}
[4.998453] (mycobot_320_riscv) StdoutLine: {'line': b'Copying ../../../../build/mycobot_320_riscv/mycobot_320_riscv.egg-info to /home/robotics/ros2_cobot/install/mycobot_320_riscv/lib/python3.10/site-packages/mycobot_320_riscv-0.0.0-py3.10.egg-info\n'}
[4.999162] (mycobot_320_riscv) StdoutLine: {'line': b'running install_scripts\n'}
[5.011935] (mycobot_320_riscv) StdoutLine: {'line': b'Installing follow_display script to /home/robotics/ros2_cobot/install/mycobot_320_riscv/lib/mycobot_320_riscv\n'}
[5.012362] (mycobot_320_riscv) StdoutLine: {'line': b'Installing listen_real script to /home/robotics/ros2_cobot/install/mycobot_320_riscv/lib/mycobot_320_riscv\n'}
[5.012580] (mycobot_320_riscv) StdoutLine: {'line': b'Installing listen_real_of_topic script to /home/robotics/ros2_cobot/install/mycobot_320_riscv/lib/mycobot_320_riscv\n'}
[5.012676] (mycobot_320_riscv) StdoutLine: {'line': b'Installing simple_gui script to /home/robotics/ros2_cobot/install/mycobot_320_riscv/lib/mycobot_320_riscv\n'}
[5.012752] (mycobot_320_riscv) StdoutLine: {'line': b'Installing slider_control script to /home/robotics/ros2_cobot/install/mycobot_320_riscv/lib/mycobot_320_riscv\n'}
[5.012872] (mycobot_320_riscv) StdoutLine: {'line': b'Installing teleop_keyboard script to /home/robotics/ros2_cobot/install/mycobot_320_riscv/lib/mycobot_320_riscv\n'}
[5.012955] (mycobot_320_riscv) StdoutLine: {'line': b"writing list of installed files to '/home/robotics/ros2_cobot/build/mycobot_320_riscv/install.log'\n"}
[5.015392] (-) TimerEvent: {}
[5.115685] (-) TimerEvent: {}
[5.183373] (mycobot_320pi) Command: {'cmd': ['/usr/bin/python3', '-W', 'ignore:setup.py install is deprecated', '-W', 'ignore:easy_install command is deprecated', 'setup.py', 'egg_info', '--egg-base', '../../../../build/mycobot_320pi', 'build', '--build-base', '/home/robotics/ros2_cobot/build/mycobot_320pi/build', 'install', '--record', '/home/robotics/ros2_cobot/build/mycobot_320pi/install.log', '--single-version-externally-managed', 'install_data'], 'cwd': '/home/robotics/ros2_cobot/src/mycobot_ros2/mycobot_320/mycobot_320pi', 'env': {'GJS_DEBUG_TOPICS': 'JS ERROR;JS LOG', 'LESSOPEN': '| /usr/bin/lesspipe %s', 'LANGUAGE': 'en_CA:en', 'USER': 'robotics', 'XDG_SESSION_TYPE': 'x11', 'SHLVL': '1', 'LD_LIBRARY_PATH': '/opt/ros/humble/opt/rviz_ogre_vendor/lib:/opt/ros/humble/lib/x86_64-linux-gnu:/opt/ros/humble/lib', 'HOME': '/home/robotics', 'OLDPWD': '/home/robotics', 'DESKTOP_SESSION': 'ubuntu', 'GIO_LAUNCHED_DESKTOP_FILE': '/usr/share/applications/terminator.desktop', 'ROS_PYTHON_VERSION': '3', 'GNOME_SHELL_SESSION_MODE': 'ubuntu', 'GTK_MODULES': 'gail:atk-bridge', 'MANAGERPID': '1791', 'SYSTEMD_EXEC_PID': '2064', 'DBUS_SESSION_BUS_ADDRESS': 'unix:path=/run/user/1001/bus', 'COLORTERM': 'truecolor', 'TERMINATOR_DBUS_NAME': 'net.tenshu.Terminator23558193cd9818af7fe4d2c2f5bd9d00f', 'GIO_LAUNCHED_DESKTOP_FILE_PID': '2911', 'ROS_DISTRO': 'humble', 'GTK_IM_MODULE': 'ibus', 'LOGNAME': 'robotics', 'JOURNAL_STREAM': '8:12679', '_': '/usr/bin/colcon', 'ROS_VERSION': '2', 'XDG_SESSION_CLASS': 'user', 'USERNAME': 'robotics', 'TERM': 'xterm-256color', 'GNOME_DESKTOP_SESSION_ID': 'this-is-deprecated', 'ROS_LOCALHOST_ONLY': '0', 'WINDOWPATH': '2', 'PATH': '/opt/ros/humble/bin:/home/robotics/.local/bin:/usr/local/sbin:/usr/local/bin:/usr/sbin:/usr/bin:/sbin:/bin:/usr/games:/usr/local/games:/snap/bin:/snap/bin', 'SESSION_MANAGER': 'local/scapula:@/tmp/.ICE-unix/2041,unix/scapula:/tmp/.ICE-unix/2041', 'INVOCATION_ID': 'fa4d4892373d46828ff3f5eecdfb64d7', 'XDG_MENU_PREFIX': 'gnome-', 'XDG_RUNTIME_DIR': '/run/user/1001', 'DISPLAY': ':1', 'TERMINATOR_DBUS_PATH': '/net/tenshu/Terminator2', 'LANG': 'en_US.UTF-8', 'XDG_CURRENT_DESKTOP': 'ubuntu:GNOME', 'XMODIFIERS': '@im=ibus', 'XDG_SESSION_DESKTOP': 'ubuntu', 'XAUTHORITY': '/run/user/1001/gdm/Xauthority', 'LS_COLORS': 'rs=0:di=01;34:ln=01;36:mh=00:pi=40;33:so=01;35:do=01;35:bd=40;33;01:cd=40;33;01:or=40;31;01:mi=00:su=37;41:sg=30;43:ca=30;41:tw=30;42:ow=34;42:st=37;44:ex=01;32:*.tar=01;31:*.tgz=01;31:*.arc=01;31:*.arj=01;31:*.taz=01;31:*.lha=01;31:*.lz4=01;31:*.lzh=01;31:*.lzma=01;31:*.tlz=01;31:*.txz=01;31:*.tzo=01;31:*.t7z=01;31:*.zip=01;31:*.z=01;31:*.dz=01;31:*.gz=01;31:*.lrz=01;31:*.lz=01;31:*.lzo=01;31:*.xz=01;31:*.zst=01;31:*.tzst=01;31:*.bz2=01;31:*.bz=01;31:*.tbz=01;31:*.tbz2=01;31:*.tz=01;31:*.deb=01;31:*.rpm=01;31:*.jar=01;31:*.war=01;31:*.ear=01;31:*.sar=01;31:*.rar=01;31:*.alz=01;31:*.ace=01;31:*.zoo=01;31:*.cpio=01;31:*.7z=01;31:*.rz=01;31:*.cab=01;31:*.wim=01;31:*.swm=01;31:*.dwm=01;31:*.esd=01;31:*.jpg=01;35:*.jpeg=01;35:*.mjpg=01;35:*.mjpeg=01;35:*.gif=01;35:*.bmp=01;35:*.pbm=01;35:*.pgm=01;35:*.ppm=01;35:*.tga=01;35:*.xbm=01;35:*.xpm=01;35:*.tif=01;35:*.tiff=01;35:*.png=01;35:*.svg=01;35:*.svgz=01;35:*.mng=01;35:*.pcx=01;35:*.mov=01;35:*.mpg=01;35:*.mpeg=01;35:*.m2v=01;35:*.mkv=01;35:*.webm=01;35:*.webp=01;35:*.ogm=01;35:*.mp4=01;35:*.m4v=01;35:*.mp4v=01;35:*.vob=01;35:*.qt=01;35:*.nuv=01;35:*.wmv=01;35:*.asf=01;35:*.rm=01;35:*.rmvb=01;35:*.flc=01;35:*.avi=01;35:*.fli=01;35:*.flv=01;35:*.gl=01;35:*.dl=01;35:*.xcf=01;35:*.xwd=01;35:*.yuv=01;35:*.cgm=01;35:*.emf=01;35:*.ogv=01;35:*.ogx=01;35:*.aac=00;36:*.au=00;36:*.flac=00;36:*.m4a=00;36:*.mid=00;36:*.midi=00;36:*.mka=00;36:*.mp3=00;36:*.mpc=00;36:*.ogg=00;36:*.ra=00;36:*.wav=00;36:*.oga=00;36:*.opus=00;36:*.spx=00;36:*.xspf=00;36:', 'SSH_AGENT_LAUNCHER': 'gnome-keyring', 'SSH_AUTH_SOCK': '/run/user/1001/keyring/ssh', 'AMENT_PREFIX_PATH': '/home/robotics/ros2_cobot/install/mycobot_description:/opt/ros/humble', 'SHELL': '/bin/bash', 'TERMINATOR_UUID': 'urn:uuid:9f62500e-929f-4887-8849-f4dd46e1c38d', 'QT_ACCESSIBILITY': '1', 'GDMSESSION': 'ubuntu', 'LESSCLOSE': '/usr/bin/lesspipe %s %s', 'GPG_AGENT_INFO': '/run/user/1001/gnupg/S.gpg-agent:0:1', 'GJS_DEBUG_OUTPUT': 'stderr', 'QT_IM_MODULE': 'ibus', 'PWD': '/home/robotics/ros2_cobot/build/mycobot_320pi', 'LC_ALL': 'en_US.UTF-8', 'XDG_CONFIG_DIRS': '/etc/xdg/xdg-ubuntu:/etc/xdg', 'XDG_DATA_DIRS': '/usr/share/ubuntu:/usr/share/gnome:/usr/local/share/:/usr/share/:/var/lib/snapd/desktop', 'PYTHONPATH': '/home/robotics/ros2_cobot/build/mycobot_320pi/prefix_override:/usr/lib/python3/dist-packages/colcon_core/task/python/colcon_distutils_commands:/home/robotics/ros2_cobot/install/mycobot_320pi/lib/python3.10/site-packages:/home/robotics/ros2_cobot/install/mycobot_description/lib/python3.10/site-packages:/opt/ros/humble/lib/python3.10/site-packages:/opt/ros/humble/local/lib/python3.10/dist-packages', 'COLCON': '1', 'VTE_VERSION': '6800'}, 'shell': False}
[5.215797] (-) TimerEvent: {}
[5.316159] (-) TimerEvent: {}
[5.355116] (mycobot_320pi) StdoutLine: {'line': b'running egg_info\n'}
[5.355927] (mycobot_320pi) StdoutLine: {'line': b'writing ../../../../build/mycobot_320pi/mycobot_320pi.egg-info/PKG-INFO\n'}
[5.356067] (mycobot_320pi) StdoutLine: {'line': b'writing dependency_links to ../../../../build/mycobot_320pi/mycobot_320pi.egg-info/dependency_links.txt\n'}
[5.356197] (mycobot_320pi) StdoutLine: {'line': b'writing entry points to ../../../../build/mycobot_320pi/mycobot_320pi.egg-info/entry_points.txt\n'}
[5.356296] (mycobot_320pi) StdoutLine: {'line': b'writing requirements to ../../../../build/mycobot_320pi/mycobot_320pi.egg-info/requires.txt\n'}
[5.356347] (mycobot_320pi) StdoutLine: {'line': b'writing top-level names to ../../../../build/mycobot_320pi/mycobot_320pi.egg-info/top_level.txt\n'}
[5.356375] (mycobot_320pi) StdoutLine: {'line': b"reading manifest file '../../../../build/mycobot_320pi/mycobot_320pi.egg-info/SOURCES.txt'\n"}
[5.356403] (mycobot_320pi) StdoutLine: {'line': b"adding license file 'LICENSE'\n"}
[5.356429] (mycobot_320pi) StdoutLine: {'line': b"writing manifest file '../../../../build/mycobot_320pi/mycobot_320pi.egg-info/SOURCES.txt'\n"}
[5.356456] (mycobot_320pi) StdoutLine: {'line': b'running build\n'}
[5.356483] (mycobot_320pi) StdoutLine: {'line': b'running build_py\n'}
[5.356509] (mycobot_320pi) StdoutLine: {'line': b'running install\n'}
[5.356536] (mycobot_320pi) StdoutLine: {'line': b'running install_lib\n'}
[5.356562] (mycobot_320pi) StdoutLine: {'line': b'running install_data\n'}
[5.356589] (mycobot_320pi) StdoutLine: {'line': b'running install_egg_info\n'}
[5.356614] (mycobot_320pi) StdoutLine: {'line': b"removing '/home/robotics/ros2_cobot/install/mycobot_320pi/lib/python3.10/site-packages/mycobot_320pi-0.0.0-py3.10.egg-info' (and everything under it)\n"}
[5.356640] (mycobot_320pi) StdoutLine: {'line': b'Copying ../../../../build/mycobot_320pi/mycobot_320pi.egg-info to /home/robotics/ros2_cobot/install/mycobot_320pi/lib/python3.10/site-packages/mycobot_320pi-0.0.0-py3.10.egg-info\n'}
[5.356665] (mycobot_320pi) StdoutLine: {'line': b'running install_scripts\n'}
[5.356690] (mycobot_320pi) StdoutLine: {'line': b'Installing follow_display script to /home/robotics/ros2_cobot/install/mycobot_320pi/lib/mycobot_320pi\n'}
[5.356716] (mycobot_320pi) StdoutLine: {'line': b'Installing listen_real script to /home/robotics/ros2_cobot/install/mycobot_320pi/lib/mycobot_320pi\n'}
[5.356742] (mycobot_320pi) StdoutLine: {'line': b'Installing listen_real_of_topic script to /home/robotics/ros2_cobot/install/mycobot_320pi/lib/mycobot_320pi\n'}
[5.356768] (mycobot_320pi) StdoutLine: {'line': b'Installing simple_gui script to /home/robotics/ros2_cobot/install/mycobot_320pi/lib/mycobot_320pi\n'}
[5.356792] (mycobot_320pi) StdoutLine: {'line': b'Installing slider_control script to /home/robotics/ros2_cobot/install/mycobot_320pi/lib/mycobot_320pi\n'}
[5.356816] (mycobot_320pi) StdoutLine: {'line': b'Installing teleop_keyboard script to /home/robotics/ros2_cobot/install/mycobot_320pi/lib/mycobot_320pi\n'}
[5.356840] (mycobot_320pi) StdoutLine: {'line': b"writing list of installed files to '/home/robotics/ros2_cobot/build/mycobot_320pi/install.log'\n"}
[5.356866] (mycobot_320_riscv) CommandEnded: {'returncode': 0}
[5.360971] (mycobot_320_riscv) JobEnded: {'identifier': 'mycobot_320_riscv', 'rc': 0}
[5.362531] (mycobot_600) Command: {'cmd': ['/usr/bin/python3', '-W', 'ignore:setup.py install is deprecated', '-W', 'ignore:easy_install command is deprecated', 'setup.py', 'egg_info', '--egg-base', '../../../../build/mycobot_600', 'build', '--build-base', '/home/robotics/ros2_cobot/build/mycobot_600/build', 'install', '--record', '/home/robotics/ros2_cobot/build/mycobot_600/install.log', '--single-version-externally-managed', 'install_data'], 'cwd': '/home/robotics/ros2_cobot/src/mycobot_ros2/mycobot_pro/mycobot_600', 'env': {'GJS_DEBUG_TOPICS': 'JS ERROR;JS LOG', 'LESSOPEN': '| /usr/bin/lesspipe %s', 'LANGUAGE': 'en_CA:en', 'USER': 'robotics', 'XDG_SESSION_TYPE': 'x11', 'SHLVL': '1', 'LD_LIBRARY_PATH': '/opt/ros/humble/opt/rviz_ogre_vendor/lib:/opt/ros/humble/lib/x86_64-linux-gnu:/opt/ros/humble/lib', 'HOME': '/home/robotics', 'OLDPWD': '/home/robotics', 'DESKTOP_SESSION': 'ubuntu', 'GIO_LAUNCHED_DESKTOP_FILE': '/usr/share/applications/terminator.desktop', 'ROS_PYTHON_VERSION': '3', 'GNOME_SHELL_SESSION_MODE': 'ubuntu', 'GTK_MODULES': 'gail:atk-bridge', 'MANAGERPID': '1791', 'SYSTEMD_EXEC_PID': '2064', 'DBUS_SESSION_BUS_ADDRESS': 'unix:path=/run/user/1001/bus', 'COLORTERM': 'truecolor', 'TERMINATOR_DBUS_NAME': 'net.tenshu.Terminator23558193cd9818af7fe4d2c2f5bd9d00f', 'GIO_LAUNCHED_DESKTOP_FILE_PID': '2911', 'ROS_DISTRO': 'humble', 'GTK_IM_MODULE': 'ibus', 'LOGNAME': 'robotics', 'JOURNAL_STREAM': '8:12679', '_': '/usr/bin/colcon', 'ROS_VERSION': '2', 'XDG_SESSION_CLASS': 'user', 'USERNAME': 'robotics', 'TERM': 'xterm-256color', 'GNOME_DESKTOP_SESSION_ID': 'this-is-deprecated', 'ROS_LOCALHOST_ONLY': '0', 'WINDOWPATH': '2', 'PATH': '/opt/ros/humble/bin:/home/robotics/.local/bin:/usr/local/sbin:/usr/local/bin:/usr/sbin:/usr/bin:/sbin:/bin:/usr/games:/usr/local/games:/snap/bin:/snap/bin', 'SESSION_MANAGER': 'local/scapula:@/tmp/.ICE-unix/2041,unix/scapula:/tmp/.ICE-unix/2041', 'INVOCATION_ID': 'fa4d4892373d46828ff3f5eecdfb64d7', 'XDG_MENU_PREFIX': 'gnome-', 'XDG_RUNTIME_DIR': '/run/user/1001', 'DISPLAY': ':1', 'TERMINATOR_DBUS_PATH': '/net/tenshu/Terminator2', 'LANG': 'en_US.UTF-8', 'XDG_CURRENT_DESKTOP': 'ubuntu:GNOME', 'XMODIFIERS': '@im=ibus', 'XDG_SESSION_DESKTOP': 'ubuntu', 'XAUTHORITY': '/run/user/1001/gdm/Xauthority', 'LS_COLORS': 'rs=0:di=01;34:ln=01;36:mh=00:pi=40;33:so=01;35:do=01;35:bd=40;33;01:cd=40;33;01:or=40;31;01:mi=00:su=37;41:sg=30;43:ca=30;41:tw=30;42:ow=34;42:st=37;44:ex=01;32:*.tar=01;31:*.tgz=01;31:*.arc=01;31:*.arj=01;31:*.taz=01;31:*.lha=01;31:*.lz4=01;31:*.lzh=01;31:*.lzma=01;31:*.tlz=01;31:*.txz=01;31:*.tzo=01;31:*.t7z=01;31:*.zip=01;31:*.z=01;31:*.dz=01;31:*.gz=01;31:*.lrz=01;31:*.lz=01;31:*.lzo=01;31:*.xz=01;31:*.zst=01;31:*.tzst=01;31:*.bz2=01;31:*.bz=01;31:*.tbz=01;31:*.tbz2=01;31:*.tz=01;31:*.deb=01;31:*.rpm=01;31:*.jar=01;31:*.war=01;31:*.ear=01;31:*.sar=01;31:*.rar=01;31:*.alz=01;31:*.ace=01;31:*.zoo=01;31:*.cpio=01;31:*.7z=01;31:*.rz=01;31:*.cab=01;31:*.wim=01;31:*.swm=01;31:*.dwm=01;31:*.esd=01;31:*.jpg=01;35:*.jpeg=01;35:*.mjpg=01;35:*.mjpeg=01;35:*.gif=01;35:*.bmp=01;35:*.pbm=01;35:*.pgm=01;35:*.ppm=01;35:*.tga=01;35:*.xbm=01;35:*.xpm=01;35:*.tif=01;35:*.tiff=01;35:*.png=01;35:*.svg=01;35:*.svgz=01;35:*.mng=01;35:*.pcx=01;35:*.mov=01;35:*.mpg=01;35:*.mpeg=01;35:*.m2v=01;35:*.mkv=01;35:*.webm=01;35:*.webp=01;35:*.ogm=01;35:*.mp4=01;35:*.m4v=01;35:*.mp4v=01;35:*.vob=01;35:*.qt=01;35:*.nuv=01;35:*.wmv=01;35:*.asf=01;35:*.rm=01;35:*.rmvb=01;35:*.flc=01;35:*.avi=01;35:*.fli=01;35:*.flv=01;35:*.gl=01;35:*.dl=01;35:*.xcf=01;35:*.xwd=01;35:*.yuv=01;35:*.cgm=01;35:*.emf=01;35:*.ogv=01;35:*.ogx=01;35:*.aac=00;36:*.au=00;36:*.flac=00;36:*.m4a=00;36:*.mid=00;36:*.midi=00;36:*.mka=00;36:*.mp3=00;36:*.mpc=00;36:*.ogg=00;36:*.ra=00;36:*.wav=00;36:*.oga=00;36:*.opus=00;36:*.spx=00;36:*.xspf=00;36:', 'SSH_AGENT_LAUNCHER': 'gnome-keyring', 'SSH_AUTH_SOCK': '/run/user/1001/keyring/ssh', 'AMENT_PREFIX_PATH': '/home/robotics/ros2_cobot/install/mycobot_description:/opt/ros/humble', 'SHELL': '/bin/bash', 'TERMINATOR_UUID': 'urn:uuid:9f62500e-929f-4887-8849-f4dd46e1c38d', 'QT_ACCESSIBILITY': '1', 'GDMSESSION': 'ubuntu', 'LESSCLOSE': '/usr/bin/lesspipe %s %s', 'GPG_AGENT_INFO': '/run/user/1001/gnupg/S.gpg-agent:0:1', 'GJS_DEBUG_OUTPUT': 'stderr', 'QT_IM_MODULE': 'ibus', 'PWD': '/home/robotics/ros2_cobot/build/mycobot_600', 'LC_ALL': 'en_US.UTF-8', 'XDG_CONFIG_DIRS': '/etc/xdg/xdg-ubuntu:/etc/xdg', 'XDG_DATA_DIRS': '/usr/share/ubuntu:/usr/share/gnome:/usr/local/share/:/usr/share/:/var/lib/snapd/desktop', 'PYTHONPATH': '/home/robotics/ros2_cobot/build/mycobot_600/prefix_override:/usr/lib/python3/dist-packages/colcon_core/task/python/colcon_distutils_commands:/home/robotics/ros2_cobot/install/mycobot_600/lib/python3.10/site-packages:/home/robotics/ros2_cobot/install/mycobot_description/lib/python3.10/site-packages:/opt/ros/humble/lib/python3.10/site-packages:/opt/ros/humble/local/lib/python3.10/dist-packages', 'COLCON': '1', 'VTE_VERSION': '6800'}, 'shell': False}
[5.370683] (mycobot_320pi) CommandEnded: {'returncode': 0}
[5.377392] (mycobot_320pi) JobEnded: {'identifier': 'mycobot_320pi', 'rc': 0}
[5.416309] (-) TimerEvent: {}
[5.516597] (-) TimerEvent: {}
[5.516805] (mycobot_600) StdoutLine: {'line': b'running egg_info\n'}
[5.517319] (mycobot_600) StdoutLine: {'line': b'writing ../../../../build/mycobot_600/mycobot_600.egg-info/PKG-INFO\n'}
[5.517591] (mycobot_600) StdoutLine: {'line': b'writing dependency_links to ../../../../build/mycobot_600/mycobot_600.egg-info/dependency_links.txt\n'}
[5.517725] (mycobot_600) StdoutLine: {'line': b'writing entry points to ../../../../build/mycobot_600/mycobot_600.egg-info/entry_points.txt\n'}
[5.517829] (mycobot_600) StdoutLine: {'line': b'writing requirements to ../../../../build/mycobot_600/mycobot_600.egg-info/requires.txt\n'}
[5.517907] (mycobot_600) StdoutLine: {'line': b'writing top-level names to ../../../../build/mycobot_600/mycobot_600.egg-info/top_level.txt\n'}
[5.519837] (mycobot_600) StdoutLine: {'line': b"reading manifest file '../../../../build/mycobot_600/mycobot_600.egg-info/SOURCES.txt'\n"}
[5.520102] (mycobot_600) StdoutLine: {'line': b"adding license file 'LICENSE'\n"}
[5.520548] (mycobot_600) StdoutLine: {'line': b"writing manifest file '../../../../build/mycobot_600/mycobot_600.egg-info/SOURCES.txt'\n"}
[5.520644] (mycobot_600) StdoutLine: {'line': b'running build\n'}
[5.520732] (mycobot_600) StdoutLine: {'line': b'running build_py\n'}
[5.521389] (mycobot_600) StdoutLine: {'line': b'running install\n'}
[5.521654] (mycobot_600) StdoutLine: {'line': b'running install_lib\n'}
[5.522817] (mycobot_600) StdoutLine: {'line': b'running install_data\n'}
[5.523176] (mycobot_600) StdoutLine: {'line': b'running install_egg_info\n'}
[5.524525] (mycobot_600) StdoutLine: {'line': b"removing '/home/robotics/ros2_cobot/install/mycobot_600/lib/python3.10/site-packages/mycobot_600-0.0.0-py3.10.egg-info' (and everything under it)\n"}
[5.524796] (mycobot_600) StdoutLine: {'line': b'Copying ../../../../build/mycobot_600/mycobot_600.egg-info to /home/robotics/ros2_cobot/install/mycobot_600/lib/python3.10/site-packages/mycobot_600-0.0.0-py3.10.egg-info\n'}
[5.525550] (mycobot_600) StdoutLine: {'line': b'running install_scripts\n'}
[5.538943] (mycobot_600) StdoutLine: {'line': b'Installing slider_control script to /home/robotics/ros2_cobot/install/mycobot_600/lib/mycobot_600\n'}
[5.539311] (mycobot_600) StdoutLine: {'line': b"writing list of installed files to '/home/robotics/ros2_cobot/build/mycobot_600/install.log'\n"}
[5.571437] (mycobot_600) CommandEnded: {'returncode': 0}
[5.578863] (mycobot_600) JobEnded: {'identifier': 'mycobot_600', 'rc': 0}
[5.615923] (mycobot_630) Command: {'cmd': ['/usr/bin/python3', '-W', 'ignore:setup.py install is deprecated', '-W', 'ignore:easy_install command is deprecated', 'setup.py', 'egg_info', '--egg-base', '../../../../build/mycobot_630', 'build', '--build-base', '/home/robotics/ros2_cobot/build/mycobot_630/build', 'install', '--record', '/home/robotics/ros2_cobot/build/mycobot_630/install.log', '--single-version-externally-managed', 'install_data'], 'cwd': '/home/robotics/ros2_cobot/src/mycobot_ros2/mycobot_pro/mycobot_630', 'env': {'GJS_DEBUG_TOPICS': 'JS ERROR;JS LOG', 'LESSOPEN': '| /usr/bin/lesspipe %s', 'LANGUAGE': 'en_CA:en', 'USER': 'robotics', 'XDG_SESSION_TYPE': 'x11', 'SHLVL': '1', 'LD_LIBRARY_PATH': '/opt/ros/humble/opt/rviz_ogre_vendor/lib:/opt/ros/humble/lib/x86_64-linux-gnu:/opt/ros/humble/lib', 'HOME': '/home/robotics', 'OLDPWD': '/home/robotics', 'DESKTOP_SESSION': 'ubuntu', 'GIO_LAUNCHED_DESKTOP_FILE': '/usr/share/applications/terminator.desktop', 'ROS_PYTHON_VERSION': '3', 'GNOME_SHELL_SESSION_MODE': 'ubuntu', 'GTK_MODULES': 'gail:atk-bridge', 'MANAGERPID': '1791', 'SYSTEMD_EXEC_PID': '2064', 'DBUS_SESSION_BUS_ADDRESS': 'unix:path=/run/user/1001/bus', 'COLORTERM': 'truecolor', 'TERMINATOR_DBUS_NAME': 'net.tenshu.Terminator23558193cd9818af7fe4d2c2f5bd9d00f', 'GIO_LAUNCHED_DESKTOP_FILE_PID': '2911', 'ROS_DISTRO': 'humble', 'GTK_IM_MODULE': 'ibus', 'LOGNAME': 'robotics', 'JOURNAL_STREAM': '8:12679', '_': '/usr/bin/colcon', 'ROS_VERSION': '2', 'XDG_SESSION_CLASS': 'user', 'USERNAME': 'robotics', 'TERM': 'xterm-256color', 'GNOME_DESKTOP_SESSION_ID': 'this-is-deprecated', 'ROS_LOCALHOST_ONLY': '0', 'WINDOWPATH': '2', 'PATH': '/opt/ros/humble/bin:/home/robotics/.local/bin:/usr/local/sbin:/usr/local/bin:/usr/sbin:/usr/bin:/sbin:/bin:/usr/games:/usr/local/games:/snap/bin:/snap/bin', 'SESSION_MANAGER': 'local/scapula:@/tmp/.ICE-unix/2041,unix/scapula:/tmp/.ICE-unix/2041', 'INVOCATION_ID': 'fa4d4892373d46828ff3f5eecdfb64d7', 'XDG_MENU_PREFIX': 'gnome-', 'XDG_RUNTIME_DIR': '/run/user/1001', 'DISPLAY': ':1', 'TERMINATOR_DBUS_PATH': '/net/tenshu/Terminator2', 'LANG': 'en_US.UTF-8', 'XDG_CURRENT_DESKTOP': 'ubuntu:GNOME', 'XMODIFIERS': '@im=ibus', 'XDG_SESSION_DESKTOP': 'ubuntu', 'XAUTHORITY': '/run/user/1001/gdm/Xauthority', 'LS_COLORS': 'rs=0:di=01;34:ln=01;36:mh=00:pi=40;33:so=01;35:do=01;35:bd=40;33;01:cd=40;33;01:or=40;31;01:mi=00:su=37;41:sg=30;43:ca=30;41:tw=30;42:ow=34;42:st=37;44:ex=01;32:*.tar=01;31:*.tgz=01;31:*.arc=01;31:*.arj=01;31:*.taz=01;31:*.lha=01;31:*.lz4=01;31:*.lzh=01;31:*.lzma=01;31:*.tlz=01;31:*.txz=01;31:*.tzo=01;31:*.t7z=01;31:*.zip=01;31:*.z=01;31:*.dz=01;31:*.gz=01;31:*.lrz=01;31:*.lz=01;31:*.lzo=01;31:*.xz=01;31:*.zst=01;31:*.tzst=01;31:*.bz2=01;31:*.bz=01;31:*.tbz=01;31:*.tbz2=01;31:*.tz=01;31:*.deb=01;31:*.rpm=01;31:*.jar=01;31:*.war=01;31:*.ear=01;31:*.sar=01;31:*.rar=01;31:*.alz=01;31:*.ace=01;31:*.zoo=01;31:*.cpio=01;31:*.7z=01;31:*.rz=01;31:*.cab=01;31:*.wim=01;31:*.swm=01;31:*.dwm=01;31:*.esd=01;31:*.jpg=01;35:*.jpeg=01;35:*.mjpg=01;35:*.mjpeg=01;35:*.gif=01;35:*.bmp=01;35:*.pbm=01;35:*.pgm=01;35:*.ppm=01;35:*.tga=01;35:*.xbm=01;35:*.xpm=01;35:*.tif=01;35:*.tiff=01;35:*.png=01;35:*.svg=01;35:*.svgz=01;35:*.mng=01;35:*.pcx=01;35:*.mov=01;35:*.mpg=01;35:*.mpeg=01;35:*.m2v=01;35:*.mkv=01;35:*.webm=01;35:*.webp=01;35:*.ogm=01;35:*.mp4=01;35:*.m4v=01;35:*.mp4v=01;35:*.vob=01;35:*.qt=01;35:*.nuv=01;35:*.wmv=01;35:*.asf=01;35:*.rm=01;35:*.rmvb=01;35:*.flc=01;35:*.avi=01;35:*.fli=01;35:*.flv=01;35:*.gl=01;35:*.dl=01;35:*.xcf=01;35:*.xwd=01;35:*.yuv=01;35:*.cgm=01;35:*.emf=01;35:*.ogv=01;35:*.ogx=01;35:*.aac=00;36:*.au=00;36:*.flac=00;36:*.m4a=00;36:*.mid=00;36:*.midi=00;36:*.mka=00;36:*.mp3=00;36:*.mpc=00;36:*.ogg=00;36:*.ra=00;36:*.wav=00;36:*.oga=00;36:*.opus=00;36:*.spx=00;36:*.xspf=00;36:', 'SSH_AGENT_LAUNCHER': 'gnome-keyring', 'SSH_AUTH_SOCK': '/run/user/1001/keyring/ssh', 'AMENT_PREFIX_PATH': '/home/robotics/ros2_cobot/install/mycobot_description:/opt/ros/humble', 'SHELL': '/bin/bash', 'TERMINATOR_UUID': 'urn:uuid:9f62500e-929f-4887-8849-f4dd46e1c38d', 'QT_ACCESSIBILITY': '1', 'GDMSESSION': 'ubuntu', 'LESSCLOSE': '/usr/bin/lesspipe %s %s', 'GPG_AGENT_INFO': '/run/user/1001/gnupg/S.gpg-agent:0:1', 'GJS_DEBUG_OUTPUT': 'stderr', 'QT_IM_MODULE': 'ibus', 'PWD': '/home/robotics/ros2_cobot/build/mycobot_630', 'LC_ALL': 'en_US.UTF-8', 'XDG_CONFIG_DIRS': '/etc/xdg/xdg-ubuntu:/etc/xdg', 'XDG_DATA_DIRS': '/usr/share/ubuntu:/usr/share/gnome:/usr/local/share/:/usr/share/:/var/lib/snapd/desktop', 'PYTHONPATH': '/home/robotics/ros2_cobot/build/mycobot_630/prefix_override:/usr/lib/python3/dist-packages/colcon_core/task/python/colcon_distutils_commands:/home/robotics/ros2_cobot/install/mycobot_630/lib/python3.10/site-packages:/home/robotics/ros2_cobot/install/mycobot_description/lib/python3.10/site-packages:/opt/ros/humble/lib/python3.10/site-packages:/opt/ros/humble/local/lib/python3.10/dist-packages', 'COLCON': '1', 'VTE_VERSION': '6800'}, 'shell': False}
[5.618933] (-) TimerEvent: {}
[5.619184] (mypalletizer_260) Command: {'cmd': ['/usr/bin/python3', '-W', 'ignore:setup.py install is deprecated', '-W', 'ignore:easy_install command is deprecated', 'setup.py', 'egg_info', '--egg-base', '../../../../build/mypalletizer_260', 'build', '--build-base', '/home/robotics/ros2_cobot/build/mypalletizer_260/build', 'install', '--record', '/home/robotics/ros2_cobot/build/mypalletizer_260/install.log', '--single-version-externally-managed', 'install_data'], 'cwd': '/home/robotics/ros2_cobot/src/mycobot_ros2/mypalletizer_260/mypalletizer_260', 'env': {'GJS_DEBUG_TOPICS': 'JS ERROR;JS LOG', 'LESSOPEN': '| /usr/bin/lesspipe %s', 'LANGUAGE': 'en_CA:en', 'USER': 'robotics', 'XDG_SESSION_TYPE': 'x11', 'SHLVL': '1', 'LD_LIBRARY_PATH': '/opt/ros/humble/opt/rviz_ogre_vendor/lib:/opt/ros/humble/lib/x86_64-linux-gnu:/opt/ros/humble/lib', 'HOME': '/home/robotics', 'OLDPWD': '/home/robotics', 'DESKTOP_SESSION': 'ubuntu', 'GIO_LAUNCHED_DESKTOP_FILE': '/usr/share/applications/terminator.desktop', 'ROS_PYTHON_VERSION': '3', 'GNOME_SHELL_SESSION_MODE': 'ubuntu', 'GTK_MODULES': 'gail:atk-bridge', 'MANAGERPID': '1791', 'SYSTEMD_EXEC_PID': '2064', 'DBUS_SESSION_BUS_ADDRESS': 'unix:path=/run/user/1001/bus', 'COLORTERM': 'truecolor', 'TERMINATOR_DBUS_NAME': 'net.tenshu.Terminator23558193cd9818af7fe4d2c2f5bd9d00f', 'GIO_LAUNCHED_DESKTOP_FILE_PID': '2911', 'ROS_DISTRO': 'humble', 'GTK_IM_MODULE': 'ibus', 'LOGNAME': 'robotics', 'JOURNAL_STREAM': '8:12679', '_': '/usr/bin/colcon', 'ROS_VERSION': '2', 'XDG_SESSION_CLASS': 'user', 'USERNAME': 'robotics', 'TERM': 'xterm-256color', 'GNOME_DESKTOP_SESSION_ID': 'this-is-deprecated', 'ROS_LOCALHOST_ONLY': '0', 'WINDOWPATH': '2', 'PATH': '/opt/ros/humble/bin:/home/robotics/.local/bin:/usr/local/sbin:/usr/local/bin:/usr/sbin:/usr/bin:/sbin:/bin:/usr/games:/usr/local/games:/snap/bin:/snap/bin', 'SESSION_MANAGER': 'local/scapula:@/tmp/.ICE-unix/2041,unix/scapula:/tmp/.ICE-unix/2041', 'INVOCATION_ID': 'fa4d4892373d46828ff3f5eecdfb64d7', 'XDG_MENU_PREFIX': 'gnome-', 'XDG_RUNTIME_DIR': '/run/user/1001', 'DISPLAY': ':1', 'TERMINATOR_DBUS_PATH': '/net/tenshu/Terminator2', 'LANG': 'en_US.UTF-8', 'XDG_CURRENT_DESKTOP': 'ubuntu:GNOME', 'XMODIFIERS': '@im=ibus', 'XDG_SESSION_DESKTOP': 'ubuntu', 'XAUTHORITY': '/run/user/1001/gdm/Xauthority', 'LS_COLORS': 'rs=0:di=01;34:ln=01;36:mh=00:pi=40;33:so=01;35:do=01;35:bd=40;33;01:cd=40;33;01:or=40;31;01:mi=00:su=37;41:sg=30;43:ca=30;41:tw=30;42:ow=34;42:st=37;44:ex=01;32:*.tar=01;31:*.tgz=01;31:*.arc=01;31:*.arj=01;31:*.taz=01;31:*.lha=01;31:*.lz4=01;31:*.lzh=01;31:*.lzma=01;31:*.tlz=01;31:*.txz=01;31:*.tzo=01;31:*.t7z=01;31:*.zip=01;31:*.z=01;31:*.dz=01;31:*.gz=01;31:*.lrz=01;31:*.lz=01;31:*.lzo=01;31:*.xz=01;31:*.zst=01;31:*.tzst=01;31:*.bz2=01;31:*.bz=01;31:*.tbz=01;31:*.tbz2=01;31:*.tz=01;31:*.deb=01;31:*.rpm=01;31:*.jar=01;31:*.war=01;31:*.ear=01;31:*.sar=01;31:*.rar=01;31:*.alz=01;31:*.ace=01;31:*.zoo=01;31:*.cpio=01;31:*.7z=01;31:*.rz=01;31:*.cab=01;31:*.wim=01;31:*.swm=01;31:*.dwm=01;31:*.esd=01;31:*.jpg=01;35:*.jpeg=01;35:*.mjpg=01;35:*.mjpeg=01;35:*.gif=01;35:*.bmp=01;35:*.pbm=01;35:*.pgm=01;35:*.ppm=01;35:*.tga=01;35:*.xbm=01;35:*.xpm=01;35:*.tif=01;35:*.tiff=01;35:*.png=01;35:*.svg=01;35:*.svgz=01;35:*.mng=01;35:*.pcx=01;35:*.mov=01;35:*.mpg=01;35:*.mpeg=01;35:*.m2v=01;35:*.mkv=01;35:*.webm=01;35:*.webp=01;35:*.ogm=01;35:*.mp4=01;35:*.m4v=01;35:*.mp4v=01;35:*.vob=01;35:*.qt=01;35:*.nuv=01;35:*.wmv=01;35:*.asf=01;35:*.rm=01;35:*.rmvb=01;35:*.flc=01;35:*.avi=01;35:*.fli=01;35:*.flv=01;35:*.gl=01;35:*.dl=01;35:*.xcf=01;35:*.xwd=01;35:*.yuv=01;35:*.cgm=01;35:*.emf=01;35:*.ogv=01;35:*.ogx=01;35:*.aac=00;36:*.au=00;36:*.flac=00;36:*.m4a=00;36:*.mid=00;36:*.midi=00;36:*.mka=00;36:*.mp3=00;36:*.mpc=00;36:*.ogg=00;36:*.ra=00;36:*.wav=00;36:*.oga=00;36:*.opus=00;36:*.spx=00;36:*.xspf=00;36:', 'SSH_AGENT_LAUNCHER': 'gnome-keyring', 'SSH_AUTH_SOCK': '/run/user/1001/keyring/ssh', 'AMENT_PREFIX_PATH': '/home/robotics/ros2_cobot/install/mycobot_description:/opt/ros/humble', 'SHELL': '/bin/bash', 'TERMINATOR_UUID': 'urn:uuid:9f62500e-929f-4887-8849-f4dd46e1c38d', 'QT_ACCESSIBILITY': '1', 'GDMSESSION': 'ubuntu', 'LESSCLOSE': '/usr/bin/lesspipe %s %s', 'GPG_AGENT_INFO': '/run/user/1001/gnupg/S.gpg-agent:0:1', 'GJS_DEBUG_OUTPUT': 'stderr', 'QT_IM_MODULE': 'ibus', 'PWD': '/home/robotics/ros2_cobot/build/mypalletizer_260', 'LC_ALL': 'en_US.UTF-8', 'XDG_CONFIG_DIRS': '/etc/xdg/xdg-ubuntu:/etc/xdg', 'XDG_DATA_DIRS': '/usr/share/ubuntu:/usr/share/gnome:/usr/local/share/:/usr/share/:/var/lib/snapd/desktop', 'PYTHONPATH': '/home/robotics/ros2_cobot/build/mypalletizer_260/prefix_override:/usr/lib/python3/dist-packages/colcon_core/task/python/colcon_distutils_commands:/home/robotics/ros2_cobot/install/mypalletizer_260/lib/python3.10/site-packages:/home/robotics/ros2_cobot/install/mycobot_description/lib/python3.10/site-packages:/opt/ros/humble/lib/python3.10/site-packages:/opt/ros/humble/local/lib/python3.10/dist-packages', 'COLCON': '1', 'VTE_VERSION': '6800'}, 'shell': False}
[5.621431] (mypalletizer_260_pi) Command: {'cmd': ['/usr/bin/python3', '-W', 'ignore:setup.py install is deprecated', '-W', 'ignore:easy_install command is deprecated', 'setup.py', 'egg_info', '--egg-base', '../../../../build/mypalletizer_260_pi', 'build', '--build-base', '/home/robotics/ros2_cobot/build/mypalletizer_260_pi/build', 'install', '--record', '/home/robotics/ros2_cobot/build/mypalletizer_260_pi/install.log', '--single-version-externally-managed', 'install_data'], 'cwd': '/home/robotics/ros2_cobot/src/mycobot_ros2/mypalletizer_260/mypalletizer_260_pi', 'env': {'GJS_DEBUG_TOPICS': 'JS ERROR;JS LOG', 'LESSOPEN': '| /usr/bin/lesspipe %s', 'LANGUAGE': 'en_CA:en', 'USER': 'robotics', 'XDG_SESSION_TYPE': 'x11', 'SHLVL': '1', 'LD_LIBRARY_PATH': '/opt/ros/humble/opt/rviz_ogre_vendor/lib:/opt/ros/humble/lib/x86_64-linux-gnu:/opt/ros/humble/lib', 'HOME': '/home/robotics', 'OLDPWD': '/home/robotics', 'DESKTOP_SESSION': 'ubuntu', 'GIO_LAUNCHED_DESKTOP_FILE': '/usr/share/applications/terminator.desktop', 'ROS_PYTHON_VERSION': '3', 'GNOME_SHELL_SESSION_MODE': 'ubuntu', 'GTK_MODULES': 'gail:atk-bridge', 'MANAGERPID': '1791', 'SYSTEMD_EXEC_PID': '2064', 'DBUS_SESSION_BUS_ADDRESS': 'unix:path=/run/user/1001/bus', 'COLORTERM': 'truecolor', 'TERMINATOR_DBUS_NAME': 'net.tenshu.Terminator23558193cd9818af7fe4d2c2f5bd9d00f', 'GIO_LAUNCHED_DESKTOP_FILE_PID': '2911', 'ROS_DISTRO': 'humble', 'GTK_IM_MODULE': 'ibus', 'LOGNAME': 'robotics', 'JOURNAL_STREAM': '8:12679', '_': '/usr/bin/colcon', 'ROS_VERSION': '2', 'XDG_SESSION_CLASS': 'user', 'USERNAME': 'robotics', 'TERM': 'xterm-256color', 'GNOME_DESKTOP_SESSION_ID': 'this-is-deprecated', 'ROS_LOCALHOST_ONLY': '0', 'WINDOWPATH': '2', 'PATH': '/opt/ros/humble/bin:/home/robotics/.local/bin:/usr/local/sbin:/usr/local/bin:/usr/sbin:/usr/bin:/sbin:/bin:/usr/games:/usr/local/games:/snap/bin:/snap/bin', 'SESSION_MANAGER': 'local/scapula:@/tmp/.ICE-unix/2041,unix/scapula:/tmp/.ICE-unix/2041', 'INVOCATION_ID': 'fa4d4892373d46828ff3f5eecdfb64d7', 'XDG_MENU_PREFIX': 'gnome-', 'XDG_RUNTIME_DIR': '/run/user/1001', 'DISPLAY': ':1', 'TERMINATOR_DBUS_PATH': '/net/tenshu/Terminator2', 'LANG': 'en_US.UTF-8', 'XDG_CURRENT_DESKTOP': 'ubuntu:GNOME', 'XMODIFIERS': '@im=ibus', 'XDG_SESSION_DESKTOP': 'ubuntu', 'XAUTHORITY': '/run/user/1001/gdm/Xauthority', 'LS_COLORS': 'rs=0:di=01;34:ln=01;36:mh=00:pi=40;33:so=01;35:do=01;35:bd=40;33;01:cd=40;33;01:or=40;31;01:mi=00:su=37;41:sg=30;43:ca=30;41:tw=30;42:ow=34;42:st=37;44:ex=01;32:*.tar=01;31:*.tgz=01;31:*.arc=01;31:*.arj=01;31:*.taz=01;31:*.lha=01;31:*.lz4=01;31:*.lzh=01;31:*.lzma=01;31:*.tlz=01;31:*.txz=01;31:*.tzo=01;31:*.t7z=01;31:*.zip=01;31:*.z=01;31:*.dz=01;31:*.gz=01;31:*.lrz=01;31:*.lz=01;31:*.lzo=01;31:*.xz=01;31:*.zst=01;31:*.tzst=01;31:*.bz2=01;31:*.bz=01;31:*.tbz=01;31:*.tbz2=01;31:*.tz=01;31:*.deb=01;31:*.rpm=01;31:*.jar=01;31:*.war=01;31:*.ear=01;31:*.sar=01;31:*.rar=01;31:*.alz=01;31:*.ace=01;31:*.zoo=01;31:*.cpio=01;31:*.7z=01;31:*.rz=01;31:*.cab=01;31:*.wim=01;31:*.swm=01;31:*.dwm=01;31:*.esd=01;31:*.jpg=01;35:*.jpeg=01;35:*.mjpg=01;35:*.mjpeg=01;35:*.gif=01;35:*.bmp=01;35:*.pbm=01;35:*.pgm=01;35:*.ppm=01;35:*.tga=01;35:*.xbm=01;35:*.xpm=01;35:*.tif=01;35:*.tiff=01;35:*.png=01;35:*.svg=01;35:*.svgz=01;35:*.mng=01;35:*.pcx=01;35:*.mov=01;35:*.mpg=01;35:*.mpeg=01;35:*.m2v=01;35:*.mkv=01;35:*.webm=01;35:*.webp=01;35:*.ogm=01;35:*.mp4=01;35:*.m4v=01;35:*.mp4v=01;35:*.vob=01;35:*.qt=01;35:*.nuv=01;35:*.wmv=01;35:*.asf=01;35:*.rm=01;35:*.rmvb=01;35:*.flc=01;35:*.avi=01;35:*.fli=01;35:*.flv=01;35:*.gl=01;35:*.dl=01;35:*.xcf=01;35:*.xwd=01;35:*.yuv=01;35:*.cgm=01;35:*.emf=01;35:*.ogv=01;35:*.ogx=01;35:*.aac=00;36:*.au=00;36:*.flac=00;36:*.m4a=00;36:*.mid=00;36:*.midi=00;36:*.mka=00;36:*.mp3=00;36:*.mpc=00;36:*.ogg=00;36:*.ra=00;36:*.wav=00;36:*.oga=00;36:*.opus=00;36:*.spx=00;36:*.xspf=00;36:', 'SSH_AGENT_LAUNCHER': 'gnome-keyring', 'SSH_AUTH_SOCK': '/run/user/1001/keyring/ssh', 'AMENT_PREFIX_PATH': '/home/robotics/ros2_cobot/install/mycobot_description:/opt/ros/humble', 'SHELL': '/bin/bash', 'TERMINATOR_UUID': 'urn:uuid:9f62500e-929f-4887-8849-f4dd46e1c38d', 'QT_ACCESSIBILITY': '1', 'GDMSESSION': 'ubuntu', 'LESSCLOSE': '/usr/bin/lesspipe %s %s', 'GPG_AGENT_INFO': '/run/user/1001/gnupg/S.gpg-agent:0:1', 'GJS_DEBUG_OUTPUT': 'stderr', 'QT_IM_MODULE': 'ibus', 'PWD': '/home/robotics/ros2_cobot/build/mypalletizer_260_pi', 'LC_ALL': 'en_US.UTF-8', 'XDG_CONFIG_DIRS': '/etc/xdg/xdg-ubuntu:/etc/xdg', 'XDG_DATA_DIRS': '/usr/share/ubuntu:/usr/share/gnome:/usr/local/share/:/usr/share/:/var/lib/snapd/desktop', 'PYTHONPATH': '/home/robotics/ros2_cobot/build/mypalletizer_260_pi/prefix_override:/usr/lib/python3/dist-packages/colcon_core/task/python/colcon_distutils_commands:/home/robotics/ros2_cobot/install/mypalletizer_260_pi/lib/python3.10/site-packages:/home/robotics/ros2_cobot/install/mycobot_description/lib/python3.10/site-packages:/opt/ros/humble/lib/python3.10/site-packages:/opt/ros/humble/local/lib/python3.10/dist-packages', 'COLCON': '1', 'VTE_VERSION': '6800'}, 'shell': False}
[5.623943] (ultraarm) Command: {'cmd': ['/usr/bin/python3', '-W', 'ignore:setup.py install is deprecated', '-W', 'ignore:easy_install command is deprecated', 'setup.py', 'egg_info', '--egg-base', '../../../../build/ultraarm', 'build', '--build-base', '/home/robotics/ros2_cobot/build/ultraarm/build', 'install', '--record', '/home/robotics/ros2_cobot/build/ultraarm/install.log', '--single-version-externally-managed', 'install_data'], 'cwd': '/home/robotics/ros2_cobot/src/mycobot_ros2/ultraArm/ultraarm', 'env': {'GJS_DEBUG_TOPICS': 'JS ERROR;JS LOG', 'LESSOPEN': '| /usr/bin/lesspipe %s', 'LANGUAGE': 'en_CA:en', 'USER': 'robotics', 'XDG_SESSION_TYPE': 'x11', 'SHLVL': '1', 'LD_LIBRARY_PATH': '/opt/ros/humble/opt/rviz_ogre_vendor/lib:/opt/ros/humble/lib/x86_64-linux-gnu:/opt/ros/humble/lib', 'HOME': '/home/robotics', 'OLDPWD': '/home/robotics', 'DESKTOP_SESSION': 'ubuntu', 'GIO_LAUNCHED_DESKTOP_FILE': '/usr/share/applications/terminator.desktop', 'ROS_PYTHON_VERSION': '3', 'GNOME_SHELL_SESSION_MODE': 'ubuntu', 'GTK_MODULES': 'gail:atk-bridge', 'MANAGERPID': '1791', 'SYSTEMD_EXEC_PID': '2064', 'DBUS_SESSION_BUS_ADDRESS': 'unix:path=/run/user/1001/bus', 'COLORTERM': 'truecolor', 'TERMINATOR_DBUS_NAME': 'net.tenshu.Terminator23558193cd9818af7fe4d2c2f5bd9d00f', 'GIO_LAUNCHED_DESKTOP_FILE_PID': '2911', 'ROS_DISTRO': 'humble', 'GTK_IM_MODULE': 'ibus', 'LOGNAME': 'robotics', 'JOURNAL_STREAM': '8:12679', '_': '/usr/bin/colcon', 'ROS_VERSION': '2', 'XDG_SESSION_CLASS': 'user', 'USERNAME': 'robotics', 'TERM': 'xterm-256color', 'GNOME_DESKTOP_SESSION_ID': 'this-is-deprecated', 'ROS_LOCALHOST_ONLY': '0', 'WINDOWPATH': '2', 'PATH': '/opt/ros/humble/bin:/home/robotics/.local/bin:/usr/local/sbin:/usr/local/bin:/usr/sbin:/usr/bin:/sbin:/bin:/usr/games:/usr/local/games:/snap/bin:/snap/bin', 'SESSION_MANAGER': 'local/scapula:@/tmp/.ICE-unix/2041,unix/scapula:/tmp/.ICE-unix/2041', 'INVOCATION_ID': 'fa4d4892373d46828ff3f5eecdfb64d7', 'XDG_MENU_PREFIX': 'gnome-', 'XDG_RUNTIME_DIR': '/run/user/1001', 'DISPLAY': ':1', 'TERMINATOR_DBUS_PATH': '/net/tenshu/Terminator2', 'LANG': 'en_US.UTF-8', 'XDG_CURRENT_DESKTOP': 'ubuntu:GNOME', 'XMODIFIERS': '@im=ibus', 'XDG_SESSION_DESKTOP': 'ubuntu', 'XAUTHORITY': '/run/user/1001/gdm/Xauthority', 'LS_COLORS': 'rs=0:di=01;34:ln=01;36:mh=00:pi=40;33:so=01;35:do=01;35:bd=40;33;01:cd=40;33;01:or=40;31;01:mi=00:su=37;41:sg=30;43:ca=30;41:tw=30;42:ow=34;42:st=37;44:ex=01;32:*.tar=01;31:*.tgz=01;31:*.arc=01;31:*.arj=01;31:*.taz=01;31:*.lha=01;31:*.lz4=01;31:*.lzh=01;31:*.lzma=01;31:*.tlz=01;31:*.txz=01;31:*.tzo=01;31:*.t7z=01;31:*.zip=01;31:*.z=01;31:*.dz=01;31:*.gz=01;31:*.lrz=01;31:*.lz=01;31:*.lzo=01;31:*.xz=01;31:*.zst=01;31:*.tzst=01;31:*.bz2=01;31:*.bz=01;31:*.tbz=01;31:*.tbz2=01;31:*.tz=01;31:*.deb=01;31:*.rpm=01;31:*.jar=01;31:*.war=01;31:*.ear=01;31:*.sar=01;31:*.rar=01;31:*.alz=01;31:*.ace=01;31:*.zoo=01;31:*.cpio=01;31:*.7z=01;31:*.rz=01;31:*.cab=01;31:*.wim=01;31:*.swm=01;31:*.dwm=01;31:*.esd=01;31:*.jpg=01;35:*.jpeg=01;35:*.mjpg=01;35:*.mjpeg=01;35:*.gif=01;35:*.bmp=01;35:*.pbm=01;35:*.pgm=01;35:*.ppm=01;35:*.tga=01;35:*.xbm=01;35:*.xpm=01;35:*.tif=01;35:*.tiff=01;35:*.png=01;35:*.svg=01;35:*.svgz=01;35:*.mng=01;35:*.pcx=01;35:*.mov=01;35:*.mpg=01;35:*.mpeg=01;35:*.m2v=01;35:*.mkv=01;35:*.webm=01;35:*.webp=01;35:*.ogm=01;35:*.mp4=01;35:*.m4v=01;35:*.mp4v=01;35:*.vob=01;35:*.qt=01;35:*.nuv=01;35:*.wmv=01;35:*.asf=01;35:*.rm=01;35:*.rmvb=01;35:*.flc=01;35:*.avi=01;35:*.fli=01;35:*.flv=01;35:*.gl=01;35:*.dl=01;35:*.xcf=01;35:*.xwd=01;35:*.yuv=01;35:*.cgm=01;35:*.emf=01;35:*.ogv=01;35:*.ogx=01;35:*.aac=00;36:*.au=00;36:*.flac=00;36:*.m4a=00;36:*.mid=00;36:*.midi=00;36:*.mka=00;36:*.mp3=00;36:*.mpc=00;36:*.ogg=00;36:*.ra=00;36:*.wav=00;36:*.oga=00;36:*.opus=00;36:*.spx=00;36:*.xspf=00;36:', 'SSH_AGENT_LAUNCHER': 'gnome-keyring', 'SSH_AUTH_SOCK': '/run/user/1001/keyring/ssh', 'AMENT_PREFIX_PATH': '/home/robotics/ros2_cobot/install/mycobot_description:/opt/ros/humble', 'SHELL': '/bin/bash', 'TERMINATOR_UUID': 'urn:uuid:9f62500e-929f-4887-8849-f4dd46e1c38d', 'QT_ACCESSIBILITY': '1', 'GDMSESSION': 'ubuntu', 'LESSCLOSE': '/usr/bin/lesspipe %s %s', 'GPG_AGENT_INFO': '/run/user/1001/gnupg/S.gpg-agent:0:1', 'GJS_DEBUG_OUTPUT': 'stderr', 'QT_IM_MODULE': 'ibus', 'PWD': '/home/robotics/ros2_cobot/build/ultraarm', 'LC_ALL': 'en_US.UTF-8', 'XDG_CONFIG_DIRS': '/etc/xdg/xdg-ubuntu:/etc/xdg', 'XDG_DATA_DIRS': '/usr/share/ubuntu:/usr/share/gnome:/usr/local/share/:/usr/share/:/var/lib/snapd/desktop', 'PYTHONPATH': '/home/robotics/ros2_cobot/build/ultraarm/prefix_override:/usr/lib/python3/dist-packages/colcon_core/task/python/colcon_distutils_commands:/home/robotics/ros2_cobot/install/ultraarm/lib/python3.10/site-packages:/home/robotics/ros2_cobot/install/mycobot_description/lib/python3.10/site-packages:/opt/ros/humble/lib/python3.10/site-packages:/opt/ros/humble/local/lib/python3.10/dist-packages', 'COLCON': '1', 'VTE_VERSION': '6800'}, 'shell': False}
[5.637892] (myarm_c650) Command: {'cmd': ['/usr/bin/python3', '-W', 'ignore:setup.py install is deprecated', '-W', 'ignore:easy_install command is deprecated', 'setup.py', 'egg_info', '--egg-base', '../../../../build/myarm_c650', 'build', '--build-base', '/home/robotics/ros2_cobot/build/myarm_c650/build', 'install', '--record', '/home/robotics/ros2_cobot/build/myarm_c650/install.log', '--single-version-externally-managed', 'install_data'], 'cwd': '/home/robotics/ros2_cobot/src/mycobot_ros2/myArm/myarm_c650', 'env': {'GJS_DEBUG_TOPICS': 'JS ERROR;JS LOG', 'LESSOPEN': '| /usr/bin/lesspipe %s', 'LANGUAGE': 'en_CA:en', 'USER': 'robotics', 'XDG_SESSION_TYPE': 'x11', 'SHLVL': '1', 'LD_LIBRARY_PATH': '/home/robotics/ros2_cobot/install/mycobot_interfaces/lib:/opt/ros/humble/opt/rviz_ogre_vendor/lib:/opt/ros/humble/lib/x86_64-linux-gnu:/opt/ros/humble/lib', 'HOME': '/home/robotics', 'OLDPWD': '/home/robotics', 'DESKTOP_SESSION': 'ubuntu', 'GIO_LAUNCHED_DESKTOP_FILE': '/usr/share/applications/terminator.desktop', 'ROS_PYTHON_VERSION': '3', 'GNOME_SHELL_SESSION_MODE': 'ubuntu', 'GTK_MODULES': 'gail:atk-bridge', 'MANAGERPID': '1791', 'SYSTEMD_EXEC_PID': '2064', 'DBUS_SESSION_BUS_ADDRESS': 'unix:path=/run/user/1001/bus', 'COLORTERM': 'truecolor', 'TERMINATOR_DBUS_NAME': 'net.tenshu.Terminator23558193cd9818af7fe4d2c2f5bd9d00f', 'GIO_LAUNCHED_DESKTOP_FILE_PID': '2911', 'ROS_DISTRO': 'humble', 'GTK_IM_MODULE': 'ibus', 'LOGNAME': 'robotics', 'JOURNAL_STREAM': '8:12679', '_': '/usr/bin/colcon', 'ROS_VERSION': '2', 'XDG_SESSION_CLASS': 'user', 'USERNAME': 'robotics', 'TERM': 'xterm-256color', 'GNOME_DESKTOP_SESSION_ID': 'this-is-deprecated', 'ROS_LOCALHOST_ONLY': '0', 'WINDOWPATH': '2', 'PATH': '/opt/ros/humble/bin:/home/robotics/.local/bin:/usr/local/sbin:/usr/local/bin:/usr/sbin:/usr/bin:/sbin:/bin:/usr/games:/usr/local/games:/snap/bin:/snap/bin', 'SESSION_MANAGER': 'local/scapula:@/tmp/.ICE-unix/2041,unix/scapula:/tmp/.ICE-unix/2041', 'INVOCATION_ID': 'fa4d4892373d46828ff3f5eecdfb64d7', 'XDG_MENU_PREFIX': 'gnome-', 'XDG_RUNTIME_DIR': '/run/user/1001', 'DISPLAY': ':1', 'TERMINATOR_DBUS_PATH': '/net/tenshu/Terminator2', 'LANG': 'en_US.UTF-8', 'XDG_CURRENT_DESKTOP': 'ubuntu:GNOME', 'XMODIFIERS': '@im=ibus', 'XDG_SESSION_DESKTOP': 'ubuntu', 'XAUTHORITY': '/run/user/1001/gdm/Xauthority', 'LS_COLORS': 'rs=0:di=01;34:ln=01;36:mh=00:pi=40;33:so=01;35:do=01;35:bd=40;33;01:cd=40;33;01:or=40;31;01:mi=00:su=37;41:sg=30;43:ca=30;41:tw=30;42:ow=34;42:st=37;44:ex=01;32:*.tar=01;31:*.tgz=01;31:*.arc=01;31:*.arj=01;31:*.taz=01;31:*.lha=01;31:*.lz4=01;31:*.lzh=01;31:*.lzma=01;31:*.tlz=01;31:*.txz=01;31:*.tzo=01;31:*.t7z=01;31:*.zip=01;31:*.z=01;31:*.dz=01;31:*.gz=01;31:*.lrz=01;31:*.lz=01;31:*.lzo=01;31:*.xz=01;31:*.zst=01;31:*.tzst=01;31:*.bz2=01;31:*.bz=01;31:*.tbz=01;31:*.tbz2=01;31:*.tz=01;31:*.deb=01;31:*.rpm=01;31:*.jar=01;31:*.war=01;31:*.ear=01;31:*.sar=01;31:*.rar=01;31:*.alz=01;31:*.ace=01;31:*.zoo=01;31:*.cpio=01;31:*.7z=01;31:*.rz=01;31:*.cab=01;31:*.wim=01;31:*.swm=01;31:*.dwm=01;31:*.esd=01;31:*.jpg=01;35:*.jpeg=01;35:*.mjpg=01;35:*.mjpeg=01;35:*.gif=01;35:*.bmp=01;35:*.pbm=01;35:*.pgm=01;35:*.ppm=01;35:*.tga=01;35:*.xbm=01;35:*.xpm=01;35:*.tif=01;35:*.tiff=01;35:*.png=01;35:*.svg=01;35:*.svgz=01;35:*.mng=01;35:*.pcx=01;35:*.mov=01;35:*.mpg=01;35:*.mpeg=01;35:*.m2v=01;35:*.mkv=01;35:*.webm=01;35:*.webp=01;35:*.ogm=01;35:*.mp4=01;35:*.m4v=01;35:*.mp4v=01;35:*.vob=01;35:*.qt=01;35:*.nuv=01;35:*.wmv=01;35:*.asf=01;35:*.rm=01;35:*.rmvb=01;35:*.flc=01;35:*.avi=01;35:*.fli=01;35:*.flv=01;35:*.gl=01;35:*.dl=01;35:*.xcf=01;35:*.xwd=01;35:*.yuv=01;35:*.cgm=01;35:*.emf=01;35:*.ogv=01;35:*.ogx=01;35:*.aac=00;36:*.au=00;36:*.flac=00;36:*.m4a=00;36:*.mid=00;36:*.midi=00;36:*.mka=00;36:*.mp3=00;36:*.mpc=00;36:*.ogg=00;36:*.ra=00;36:*.wav=00;36:*.oga=00;36:*.opus=00;36:*.spx=00;36:*.xspf=00;36:', 'SSH_AGENT_LAUNCHER': 'gnome-keyring', 'SSH_AUTH_SOCK': '/run/user/1001/keyring/ssh', 'AMENT_PREFIX_PATH': '/home/robotics/ros2_cobot/install/mycobot_communication:/home/robotics/ros2_cobot/install/mycobot_interfaces:/home/robotics/ros2_cobot/install/mycobot_description:/opt/ros/humble', 'SHELL': '/bin/bash', 'TERMINATOR_UUID': 'urn:uuid:9f62500e-929f-4887-8849-f4dd46e1c38d', 'QT_ACCESSIBILITY': '1', 'GDMSESSION': 'ubuntu', 'LESSCLOSE': '/usr/bin/lesspipe %s %s', 'GPG_AGENT_INFO': '/run/user/1001/gnupg/S.gpg-agent:0:1', 'GJS_DEBUG_OUTPUT': 'stderr', 'QT_IM_MODULE': 'ibus', 'PWD': '/home/robotics/ros2_cobot/build/myarm_c650', 'LC_ALL': 'en_US.UTF-8', 'XDG_CONFIG_DIRS': '/etc/xdg/xdg-ubuntu:/etc/xdg', 'XDG_DATA_DIRS': '/usr/share/ubuntu:/usr/share/gnome:/usr/local/share/:/usr/share/:/var/lib/snapd/desktop', 'PYTHONPATH': '/home/robotics/ros2_cobot/build/myarm_c650/prefix_override:/usr/lib/python3/dist-packages/colcon_core/task/python/colcon_distutils_commands:/home/robotics/ros2_cobot/install/myarm_c650/lib/python3.10/site-packages:/home/robotics/ros2_cobot/install/mycobot_communication/lib/python3.10/site-packages:/home/robotics/ros2_cobot/install/mycobot_interfaces/local/lib/python3.10/dist-packages:/home/robotics/ros2_cobot/install/mycobot_description/lib/python3.10/site-packages:/opt/ros/humble/lib/python3.10/site-packages:/opt/ros/humble/local/lib/python3.10/dist-packages', 'COLCON': '1', 'VTE_VERSION': '6800', 'CMAKE_PREFIX_PATH': '/home/robotics/ros2_cobot/install/mycobot_interfaces'}, 'shell': False}
[5.663882] (myarm_m750) Command: {'cmd': ['/usr/bin/python3', '-W', 'ignore:setup.py install is deprecated', '-W', 'ignore:easy_install command is deprecated', 'setup.py', 'egg_info', '--egg-base', '../../../../build/myarm_m750', 'build', '--build-base', '/home/robotics/ros2_cobot/build/myarm_m750/build', 'install', '--record', '/home/robotics/ros2_cobot/build/myarm_m750/install.log', '--single-version-externally-managed', 'install_data'], 'cwd': '/home/robotics/ros2_cobot/src/mycobot_ros2/myArm/myarm_m750', 'env': {'GJS_DEBUG_TOPICS': 'JS ERROR;JS LOG', 'LESSOPEN': '| /usr/bin/lesspipe %s', 'LANGUAGE': 'en_CA:en', 'USER': 'robotics', 'XDG_SESSION_TYPE': 'x11', 'SHLVL': '1', 'LD_LIBRARY_PATH': '/home/robotics/ros2_cobot/install/mycobot_interfaces/lib:/opt/ros/humble/opt/rviz_ogre_vendor/lib:/opt/ros/humble/lib/x86_64-linux-gnu:/opt/ros/humble/lib', 'HOME': '/home/robotics', 'OLDPWD': '/home/robotics', 'DESKTOP_SESSION': 'ubuntu', 'GIO_LAUNCHED_DESKTOP_FILE': '/usr/share/applications/terminator.desktop', 'ROS_PYTHON_VERSION': '3', 'GNOME_SHELL_SESSION_MODE': 'ubuntu', 'GTK_MODULES': 'gail:atk-bridge', 'MANAGERPID': '1791', 'SYSTEMD_EXEC_PID': '2064', 'DBUS_SESSION_BUS_ADDRESS': 'unix:path=/run/user/1001/bus', 'COLORTERM': 'truecolor', 'TERMINATOR_DBUS_NAME': 'net.tenshu.Terminator23558193cd9818af7fe4d2c2f5bd9d00f', 'GIO_LAUNCHED_DESKTOP_FILE_PID': '2911', 'ROS_DISTRO': 'humble', 'GTK_IM_MODULE': 'ibus', 'LOGNAME': 'robotics', 'JOURNAL_STREAM': '8:12679', '_': '/usr/bin/colcon', 'ROS_VERSION': '2', 'XDG_SESSION_CLASS': 'user', 'USERNAME': 'robotics', 'TERM': 'xterm-256color', 'GNOME_DESKTOP_SESSION_ID': 'this-is-deprecated', 'ROS_LOCALHOST_ONLY': '0', 'WINDOWPATH': '2', 'PATH': '/opt/ros/humble/bin:/home/robotics/.local/bin:/usr/local/sbin:/usr/local/bin:/usr/sbin:/usr/bin:/sbin:/bin:/usr/games:/usr/local/games:/snap/bin:/snap/bin', 'SESSION_MANAGER': 'local/scapula:@/tmp/.ICE-unix/2041,unix/scapula:/tmp/.ICE-unix/2041', 'INVOCATION_ID': 'fa4d4892373d46828ff3f5eecdfb64d7', 'XDG_MENU_PREFIX': 'gnome-', 'XDG_RUNTIME_DIR': '/run/user/1001', 'DISPLAY': ':1', 'TERMINATOR_DBUS_PATH': '/net/tenshu/Terminator2', 'LANG': 'en_US.UTF-8', 'XDG_CURRENT_DESKTOP': 'ubuntu:GNOME', 'XMODIFIERS': '@im=ibus', 'XDG_SESSION_DESKTOP': 'ubuntu', 'XAUTHORITY': '/run/user/1001/gdm/Xauthority', 'LS_COLORS': 'rs=0:di=01;34:ln=01;36:mh=00:pi=40;33:so=01;35:do=01;35:bd=40;33;01:cd=40;33;01:or=40;31;01:mi=00:su=37;41:sg=30;43:ca=30;41:tw=30;42:ow=34;42:st=37;44:ex=01;32:*.tar=01;31:*.tgz=01;31:*.arc=01;31:*.arj=01;31:*.taz=01;31:*.lha=01;31:*.lz4=01;31:*.lzh=01;31:*.lzma=01;31:*.tlz=01;31:*.txz=01;31:*.tzo=01;31:*.t7z=01;31:*.zip=01;31:*.z=01;31:*.dz=01;31:*.gz=01;31:*.lrz=01;31:*.lz=01;31:*.lzo=01;31:*.xz=01;31:*.zst=01;31:*.tzst=01;31:*.bz2=01;31:*.bz=01;31:*.tbz=01;31:*.tbz2=01;31:*.tz=01;31:*.deb=01;31:*.rpm=01;31:*.jar=01;31:*.war=01;31:*.ear=01;31:*.sar=01;31:*.rar=01;31:*.alz=01;31:*.ace=01;31:*.zoo=01;31:*.cpio=01;31:*.7z=01;31:*.rz=01;31:*.cab=01;31:*.wim=01;31:*.swm=01;31:*.dwm=01;31:*.esd=01;31:*.jpg=01;35:*.jpeg=01;35:*.mjpg=01;35:*.mjpeg=01;35:*.gif=01;35:*.bmp=01;35:*.pbm=01;35:*.pgm=01;35:*.ppm=01;35:*.tga=01;35:*.xbm=01;35:*.xpm=01;35:*.tif=01;35:*.tiff=01;35:*.png=01;35:*.svg=01;35:*.svgz=01;35:*.mng=01;35:*.pcx=01;35:*.mov=01;35:*.mpg=01;35:*.mpeg=01;35:*.m2v=01;35:*.mkv=01;35:*.webm=01;35:*.webp=01;35:*.ogm=01;35:*.mp4=01;35:*.m4v=01;35:*.mp4v=01;35:*.vob=01;35:*.qt=01;35:*.nuv=01;35:*.wmv=01;35:*.asf=01;35:*.rm=01;35:*.rmvb=01;35:*.flc=01;35:*.avi=01;35:*.fli=01;35:*.flv=01;35:*.gl=01;35:*.dl=01;35:*.xcf=01;35:*.xwd=01;35:*.yuv=01;35:*.cgm=01;35:*.emf=01;35:*.ogv=01;35:*.ogx=01;35:*.aac=00;36:*.au=00;36:*.flac=00;36:*.m4a=00;36:*.mid=00;36:*.midi=00;36:*.mka=00;36:*.mp3=00;36:*.mpc=00;36:*.ogg=00;36:*.ra=00;36:*.wav=00;36:*.oga=00;36:*.opus=00;36:*.spx=00;36:*.xspf=00;36:', 'SSH_AGENT_LAUNCHER': 'gnome-keyring', 'SSH_AUTH_SOCK': '/run/user/1001/keyring/ssh', 'AMENT_PREFIX_PATH': '/home/robotics/ros2_cobot/install/mycobot_communication:/home/robotics/ros2_cobot/install/mycobot_interfaces:/home/robotics/ros2_cobot/install/mycobot_description:/opt/ros/humble', 'SHELL': '/bin/bash', 'TERMINATOR_UUID': 'urn:uuid:9f62500e-929f-4887-8849-f4dd46e1c38d', 'QT_ACCESSIBILITY': '1', 'GDMSESSION': 'ubuntu', 'LESSCLOSE': '/usr/bin/lesspipe %s %s', 'GPG_AGENT_INFO': '/run/user/1001/gnupg/S.gpg-agent:0:1', 'GJS_DEBUG_OUTPUT': 'stderr', 'QT_IM_MODULE': 'ibus', 'PWD': '/home/robotics/ros2_cobot/build/myarm_m750', 'LC_ALL': 'en_US.UTF-8', 'XDG_CONFIG_DIRS': '/etc/xdg/xdg-ubuntu:/etc/xdg', 'XDG_DATA_DIRS': '/usr/share/ubuntu:/usr/share/gnome:/usr/local/share/:/usr/share/:/var/lib/snapd/desktop', 'PYTHONPATH': '/home/robotics/ros2_cobot/build/myarm_m750/prefix_override:/usr/lib/python3/dist-packages/colcon_core/task/python/colcon_distutils_commands:/home/robotics/ros2_cobot/install/myarm_m750/lib/python3.10/site-packages:/home/robotics/ros2_cobot/install/mycobot_communication/lib/python3.10/site-packages:/home/robotics/ros2_cobot/install/mycobot_interfaces/local/lib/python3.10/dist-packages:/home/robotics/ros2_cobot/install/mycobot_description/lib/python3.10/site-packages:/opt/ros/humble/lib/python3.10/site-packages:/opt/ros/humble/local/lib/python3.10/dist-packages', 'COLCON': '1', 'VTE_VERSION': '6800', 'CMAKE_PREFIX_PATH': '/home/robotics/ros2_cobot/install/mycobot_interfaces'}, 'shell': False}
[5.673364] (mycobot_280_rdkx5) Command: {'cmd': ['/usr/bin/python3', '-W', 'ignore:setup.py install is deprecated', '-W', 'ignore:easy_install command is deprecated', 'setup.py', 'egg_info', '--egg-base', '../../../../build/mycobot_280_rdkx5', 'build', '--build-base', '/home/robotics/ros2_cobot/build/mycobot_280_rdkx5/build', 'install', '--record', '/home/robotics/ros2_cobot/build/mycobot_280_rdkx5/install.log', '--single-version-externally-managed', 'install_data'], 'cwd': '/home/robotics/ros2_cobot/src/mycobot_ros2/mycobot_280/mycobot_280_rdkx5', 'env': {'GJS_DEBUG_TOPICS': 'JS ERROR;JS LOG', 'LESSOPEN': '| /usr/bin/lesspipe %s', 'LANGUAGE': 'en_CA:en', 'USER': 'robotics', 'XDG_SESSION_TYPE': 'x11', 'SHLVL': '1', 'LD_LIBRARY_PATH': '/home/robotics/ros2_cobot/install/mycobot_interfaces/lib:/opt/ros/humble/opt/rviz_ogre_vendor/lib:/opt/ros/humble/lib/x86_64-linux-gnu:/opt/ros/humble/lib', 'HOME': '/home/robotics', 'OLDPWD': '/home/robotics', 'DESKTOP_SESSION': 'ubuntu', 'GIO_LAUNCHED_DESKTOP_FILE': '/usr/share/applications/terminator.desktop', 'ROS_PYTHON_VERSION': '3', 'GNOME_SHELL_SESSION_MODE': 'ubuntu', 'GTK_MODULES': 'gail:atk-bridge', 'MANAGERPID': '1791', 'SYSTEMD_EXEC_PID': '2064', 'DBUS_SESSION_BUS_ADDRESS': 'unix:path=/run/user/1001/bus', 'COLORTERM': 'truecolor', 'TERMINATOR_DBUS_NAME': 'net.tenshu.Terminator23558193cd9818af7fe4d2c2f5bd9d00f', 'GIO_LAUNCHED_DESKTOP_FILE_PID': '2911', 'ROS_DISTRO': 'humble', 'GTK_IM_MODULE': 'ibus', 'LOGNAME': 'robotics', 'JOURNAL_STREAM': '8:12679', '_': '/usr/bin/colcon', 'ROS_VERSION': '2', 'XDG_SESSION_CLASS': 'user', 'USERNAME': 'robotics', 'TERM': 'xterm-256color', 'GNOME_DESKTOP_SESSION_ID': 'this-is-deprecated', 'ROS_LOCALHOST_ONLY': '0', 'WINDOWPATH': '2', 'PATH': '/opt/ros/humble/bin:/home/robotics/.local/bin:/usr/local/sbin:/usr/local/bin:/usr/sbin:/usr/bin:/sbin:/bin:/usr/games:/usr/local/games:/snap/bin:/snap/bin', 'SESSION_MANAGER': 'local/scapula:@/tmp/.ICE-unix/2041,unix/scapula:/tmp/.ICE-unix/2041', 'INVOCATION_ID': 'fa4d4892373d46828ff3f5eecdfb64d7', 'XDG_MENU_PREFIX': 'gnome-', 'XDG_RUNTIME_DIR': '/run/user/1001', 'DISPLAY': ':1', 'TERMINATOR_DBUS_PATH': '/net/tenshu/Terminator2', 'LANG': 'en_US.UTF-8', 'XDG_CURRENT_DESKTOP': 'ubuntu:GNOME', 'XMODIFIERS': '@im=ibus', 'XDG_SESSION_DESKTOP': 'ubuntu', 'XAUTHORITY': '/run/user/1001/gdm/Xauthority', 'LS_COLORS': 'rs=0:di=01;34:ln=01;36:mh=00:pi=40;33:so=01;35:do=01;35:bd=40;33;01:cd=40;33;01:or=40;31;01:mi=00:su=37;41:sg=30;43:ca=30;41:tw=30;42:ow=34;42:st=37;44:ex=01;32:*.tar=01;31:*.tgz=01;31:*.arc=01;31:*.arj=01;31:*.taz=01;31:*.lha=01;31:*.lz4=01;31:*.lzh=01;31:*.lzma=01;31:*.tlz=01;31:*.txz=01;31:*.tzo=01;31:*.t7z=01;31:*.zip=01;31:*.z=01;31:*.dz=01;31:*.gz=01;31:*.lrz=01;31:*.lz=01;31:*.lzo=01;31:*.xz=01;31:*.zst=01;31:*.tzst=01;31:*.bz2=01;31:*.bz=01;31:*.tbz=01;31:*.tbz2=01;31:*.tz=01;31:*.deb=01;31:*.rpm=01;31:*.jar=01;31:*.war=01;31:*.ear=01;31:*.sar=01;31:*.rar=01;31:*.alz=01;31:*.ace=01;31:*.zoo=01;31:*.cpio=01;31:*.7z=01;31:*.rz=01;31:*.cab=01;31:*.wim=01;31:*.swm=01;31:*.dwm=01;31:*.esd=01;31:*.jpg=01;35:*.jpeg=01;35:*.mjpg=01;35:*.mjpeg=01;35:*.gif=01;35:*.bmp=01;35:*.pbm=01;35:*.pgm=01;35:*.ppm=01;35:*.tga=01;35:*.xbm=01;35:*.xpm=01;35:*.tif=01;35:*.tiff=01;35:*.png=01;35:*.svg=01;35:*.svgz=01;35:*.mng=01;35:*.pcx=01;35:*.mov=01;35:*.mpg=01;35:*.mpeg=01;35:*.m2v=01;35:*.mkv=01;35:*.webm=01;35:*.webp=01;35:*.ogm=01;35:*.mp4=01;35:*.m4v=01;35:*.mp4v=01;35:*.vob=01;35:*.qt=01;35:*.nuv=01;35:*.wmv=01;35:*.asf=01;35:*.rm=01;35:*.rmvb=01;35:*.flc=01;35:*.avi=01;35:*.fli=01;35:*.flv=01;35:*.gl=01;35:*.dl=01;35:*.xcf=01;35:*.xwd=01;35:*.yuv=01;35:*.cgm=01;35:*.emf=01;35:*.ogv=01;35:*.ogx=01;35:*.aac=00;36:*.au=00;36:*.flac=00;36:*.m4a=00;36:*.mid=00;36:*.midi=00;36:*.mka=00;36:*.mp3=00;36:*.mpc=00;36:*.ogg=00;36:*.ra=00;36:*.wav=00;36:*.oga=00;36:*.opus=00;36:*.spx=00;36:*.xspf=00;36:', 'SSH_AGENT_LAUNCHER': 'gnome-keyring', 'SSH_AUTH_SOCK': '/run/user/1001/keyring/ssh', 'AMENT_PREFIX_PATH': '/home/robotics/ros2_cobot/install/mycobot_communication:/home/robotics/ros2_cobot/install/mycobot_interfaces:/home/robotics/ros2_cobot/install/mycobot_description:/opt/ros/humble', 'SHELL': '/bin/bash', 'TERMINATOR_UUID': 'urn:uuid:9f62500e-929f-4887-8849-f4dd46e1c38d', 'QT_ACCESSIBILITY': '1', 'GDMSESSION': 'ubuntu', 'LESSCLOSE': '/usr/bin/lesspipe %s %s', 'GPG_AGENT_INFO': '/run/user/1001/gnupg/S.gpg-agent:0:1', 'GJS_DEBUG_OUTPUT': 'stderr', 'QT_IM_MODULE': 'ibus', 'PWD': '/home/robotics/ros2_cobot/build/mycobot_280_rdkx5', 'LC_ALL': 'en_US.UTF-8', 'XDG_CONFIG_DIRS': '/etc/xdg/xdg-ubuntu:/etc/xdg', 'XDG_DATA_DIRS': '/usr/share/ubuntu:/usr/share/gnome:/usr/local/share/:/usr/share/:/var/lib/snapd/desktop', 'PYTHONPATH': '/home/robotics/ros2_cobot/build/mycobot_280_rdkx5/prefix_override:/usr/lib/python3/dist-packages/colcon_core/task/python/colcon_distutils_commands:/home/robotics/ros2_cobot/install/mycobot_280_rdkx5/lib/python3.10/site-packages:/home/robotics/ros2_cobot/install/mycobot_communication/lib/python3.10/site-packages:/home/robotics/ros2_cobot/install/mycobot_interfaces/local/lib/python3.10/dist-packages:/home/robotics/ros2_cobot/install/mycobot_description/lib/python3.10/site-packages:/opt/ros/humble/lib/python3.10/site-packages:/opt/ros/humble/local/lib/python3.10/dist-packages', 'COLCON': '1', 'VTE_VERSION': '6800', 'CMAKE_PREFIX_PATH': '/home/robotics/ros2_cobot/install/mycobot_interfaces'}, 'shell': False}
[5.719005] (-) TimerEvent: {}
[5.773999] (mycobot_630) StdoutLine: {'line': b'running egg_info\n'}
[5.774498] (mycobot_630) StdoutLine: {'line': b'writing ../../../../build/mycobot_630/mycobot_630.egg-info/PKG-INFO\n'}
[5.775042] (mycobot_630) StdoutLine: {'line': b'writing dependency_links to ../../../../build/mycobot_630/mycobot_630.egg-info/dependency_links.txt\n'}
[5.775149] (mycobot_630) StdoutLine: {'line': b'writing entry points to ../../../../build/mycobot_630/mycobot_630.egg-info/entry_points.txt\n'}
[5.775268] (mycobot_630) StdoutLine: {'line': b'writing requirements to ../../../../build/mycobot_630/mycobot_630.egg-info/requires.txt\n'}
[5.775342] (mycobot_630) StdoutLine: {'line': b'writing top-level names to ../../../../build/mycobot_630/mycobot_630.egg-info/top_level.txt\n'}
[5.775669] (mypalletizer_260) StdoutLine: {'line': b'running egg_info\n'}
[5.776164] (mypalletizer_260) StdoutLine: {'line': b'writing ../../../../build/mypalletizer_260/mypalletizer_260.egg-info/PKG-INFO\n'}
[5.776424] (mypalletizer_260) StdoutLine: {'line': b'writing dependency_links to ../../../../build/mypalletizer_260/mypalletizer_260.egg-info/dependency_links.txt\n'}
[5.776553] (mypalletizer_260) StdoutLine: {'line': b'writing entry points to ../../../../build/mypalletizer_260/mypalletizer_260.egg-info/entry_points.txt\n'}
[5.776635] (mypalletizer_260) StdoutLine: {'line': b'writing requirements to ../../../../build/mypalletizer_260/mypalletizer_260.egg-info/requires.txt\n'}
[5.776707] (mypalletizer_260) StdoutLine: {'line': b'writing top-level names to ../../../../build/mypalletizer_260/mypalletizer_260.egg-info/top_level.txt\n'}
[5.777691] (mycobot_630) StdoutLine: {'line': b"reading manifest file '../../../../build/mycobot_630/mycobot_630.egg-info/SOURCES.txt'\n"}
[5.777948] (mycobot_630) StdoutLine: {'line': b"adding license file 'LICENSE'\n"}
[5.778026] (mypalletizer_260_pi) StdoutLine: {'line': b'running egg_info\n'}
[5.778312] (ultraarm) StdoutLine: {'line': b'running egg_info\n'}
[5.778414] (mycobot_630) StdoutLine: {'line': b"writing manifest file '../../../../build/mycobot_630/mycobot_630.egg-info/SOURCES.txt'\n"}
[5.778527] (mypalletizer_260_pi) StdoutLine: {'line': b'writing ../../../../build/mypalletizer_260_pi/mypalletizer_260_pi.egg-info/PKG-INFO\n'}
[5.778575] (mycobot_630) StdoutLine: {'line': b'running build\n'}
[5.778603] (mycobot_630) StdoutLine: {'line': b'running build_py\n'}
[5.778718] (mypalletizer_260) StdoutLine: {'line': b"reading manifest file '../../../../build/mypalletizer_260/mypalletizer_260.egg-info/SOURCES.txt'\n"}
[5.778775] (ultraarm) StdoutLine: {'line': b'writing ../../../../build/ultraarm/ultraarm.egg-info/PKG-INFO\n'}
[5.778957] (mypalletizer_260_pi) StdoutLine: {'line': b'writing dependency_links to ../../../../build/mypalletizer_260_pi/mypalletizer_260_pi.egg-info/dependency_links.txt\n'}
[5.779026] (ultraarm) StdoutLine: {'line': b'writing dependency_links to ../../../../build/ultraarm/ultraarm.egg-info/dependency_links.txt\n'}
[5.779086] (mypalletizer_260) StdoutLine: {'line': b"adding license file 'LICENSE'\n"}
[5.779162] (mypalletizer_260_pi) StdoutLine: {'line': b'writing entry points to ../../../../build/mypalletizer_260_pi/mypalletizer_260_pi.egg-info/entry_points.txt\n'}
[5.779255] (mycobot_630) StdoutLine: {'line': b'running install\n'}
[5.779330] (mypalletizer_260_pi) StdoutLine: {'line': b'writing requirements to ../../../../build/mypalletizer_260_pi/mypalletizer_260_pi.egg-info/requires.txt\n'}
[5.779371] (mypalletizer_260_pi) StdoutLine: {'line': b'writing top-level names to ../../../../build/mypalletizer_260_pi/mypalletizer_260_pi.egg-info/top_level.txt\n'}
[5.779407] (ultraarm) StdoutLine: {'line': b'writing entry points to ../../../../build/ultraarm/ultraarm.egg-info/entry_points.txt\n'}
[5.779450] (ultraarm) StdoutLine: {'line': b'writing requirements to ../../../../build/ultraarm/ultraarm.egg-info/requires.txt\n'}
[5.779501] (ultraarm) StdoutLine: {'line': b'writing top-level names to ../../../../build/ultraarm/ultraarm.egg-info/top_level.txt\n'}
[5.779538] (mypalletizer_260) StdoutLine: {'line': b"writing manifest file '../../../../build/mypalletizer_260/mypalletizer_260.egg-info/SOURCES.txt'\n"}
[5.779601] (mycobot_630) StdoutLine: {'line': b'running install_lib\n'}
[5.779665] (mypalletizer_260) StdoutLine: {'line': b'running build\n'}
[5.779704] (mypalletizer_260) StdoutLine: {'line': b'running build_py\n'}
[5.780609] (mypalletizer_260) StdoutLine: {'line': b'running install\n'}
[5.780715] (mycobot_630) StdoutLine: {'line': b'running install_data\n'}
[5.780924] (mypalletizer_260) StdoutLine: {'line': b'running install_lib\n'}
[5.780999] (ultraarm) StdoutLine: {'line': b"reading manifest file '../../../../build/ultraarm/ultraarm.egg-info/SOURCES.txt'\n"}
[5.781051] (mypalletizer_260_pi) StdoutLine: {'line': b"reading manifest file '../../../../build/mypalletizer_260_pi/mypalletizer_260_pi.egg-info/SOURCES.txt'\n"}
[5.781215] (mycobot_630) StdoutLine: {'line': b'running install_egg_info\n'}
[5.781291] (mypalletizer_260_pi) StdoutLine: {'line': b"adding license file 'LICENSE'\n"}
[5.781515] (ultraarm) StdoutLine: {'line': b"writing manifest file '../../../../build/ultraarm/ultraarm.egg-info/SOURCES.txt'\n"}
[5.781605] (ultraarm) StdoutLine: {'line': b'running build\n'}
[5.781653] (ultraarm) StdoutLine: {'line': b'running build_py\n'}
[5.781734] (mypalletizer_260_pi) StdoutLine: {'line': b"writing manifest file '../../../../build/mypalletizer_260_pi/mypalletizer_260_pi.egg-info/SOURCES.txt'\n"}
[5.781812] (mypalletizer_260_pi) StdoutLine: {'line': b'running build\n'}
[5.781853] (mypalletizer_260_pi) StdoutLine: {'line': b'running build_py\n'}
[5.782137] (mypalletizer_260) StdoutLine: {'line': b'running install_data\n'}
[5.782593] (ultraarm) StdoutLine: {'line': b'running install\n'}
[5.782725] (mycobot_630) StdoutLine: {'line': b"removing '/home/robotics/ros2_cobot/install/mycobot_630/lib/python3.10/site-packages/mycobot_630-0.0.0-py3.10.egg-info' (and everything under it)\n"}
[5.782810] (mypalletizer_260) StdoutLine: {'line': b'running install_egg_info\n'}
[5.782928] (ultraarm) StdoutLine: {'line': b'running install_lib\n'}
[5.783054] (mycobot_630) StdoutLine: {'line': b'Copying ../../../../build/mycobot_630/mycobot_630.egg-info to /home/robotics/ros2_cobot/install/mycobot_630/lib/python3.10/site-packages/mycobot_630-0.0.0-py3.10.egg-info\n'}
[5.783134] (mypalletizer_260_pi) StdoutLine: {'line': b'running install\n'}
[5.783277] (mypalletizer_260_pi) StdoutLine: {'line': b'running install_lib\n'}
[5.783781] (mycobot_630) StdoutLine: {'line': b'running install_scripts\n'}
[5.784028] (ultraarm) StdoutLine: {'line': b'running install_data\n'}
[5.784116] (mypalletizer_260) StdoutLine: {'line': b"removing '/home/robotics/ros2_cobot/install/mypalletizer_260/lib/python3.10/site-packages/mypalletizer_260-0.0.0-py3.10.egg-info' (and everything under it)\n"}
[5.784301] (mypalletizer_260) StdoutLine: {'line': b'Copying ../../../../build/mypalletizer_260/mypalletizer_260.egg-info to /home/robotics/ros2_cobot/install/mypalletizer_260/lib/python3.10/site-packages/mypalletizer_260-0.0.0-py3.10.egg-info\n'}
[5.784376] (ultraarm) StdoutLine: {'line': b'running install_egg_info\n'}
[5.784482] (mypalletizer_260_pi) StdoutLine: {'line': b'running install_data\n'}
[5.784977] (mypalletizer_260) StdoutLine: {'line': b'running install_scripts\n'}
[5.785121] (mypalletizer_260_pi) StdoutLine: {'line': b'running install_egg_info\n'}
[5.785719] (ultraarm) StdoutLine: {'line': b"removing '/home/robotics/ros2_cobot/install/ultraarm/lib/python3.10/site-packages/ultraarm-0.0.0-py3.10.egg-info' (and everything under it)\n"}
[5.785960] (ultraarm) StdoutLine: {'line': b'Copying ../../../../build/ultraarm/ultraarm.egg-info to /home/robotics/ros2_cobot/install/ultraarm/lib/python3.10/site-packages/ultraarm-0.0.0-py3.10.egg-info\n'}
[5.786636] (mypalletizer_260_pi) StdoutLine: {'line': b"removing '/home/robotics/ros2_cobot/install/mypalletizer_260_pi/lib/python3.10/site-packages/mypalletizer_260_pi-0.0.0-py3.10.egg-info' (and everything under it)\n"}
[5.786724] (ultraarm) StdoutLine: {'line': b'running install_scripts\n'}
[5.786861] (mypalletizer_260_pi) StdoutLine: {'line': b'Copying ../../../../build/mypalletizer_260_pi/mypalletizer_260_pi.egg-info to /home/robotics/ros2_cobot/install/mypalletizer_260_pi/lib/python3.10/site-packages/mypalletizer_260_pi-0.0.0-py3.10.egg-info\n'}
[5.787535] (mypalletizer_260_pi) StdoutLine: {'line': b'running install_scripts\n'}
[5.795669] (myarm_c650) StdoutLine: {'line': b'running egg_info\n'}
[5.796204] (myarm_c650) StdoutLine: {'line': b'writing ../../../../build/myarm_c650/myarm_c650.egg-info/PKG-INFO\n'}
[5.796510] (myarm_c650) StdoutLine: {'line': b'writing dependency_links to ../../../../build/myarm_c650/myarm_c650.egg-info/dependency_links.txt\n'}
[5.796632] (myarm_c650) StdoutLine: {'line': b'writing entry points to ../../../../build/myarm_c650/myarm_c650.egg-info/entry_points.txt\n'}
[5.796701] (myarm_c650) StdoutLine: {'line': b'writing requirements to ../../../../build/myarm_c650/myarm_c650.egg-info/requires.txt\n'}
[5.796773] (myarm_c650) StdoutLine: {'line': b'writing top-level names to ../../../../build/myarm_c650/myarm_c650.egg-info/top_level.txt\n'}
[5.798783] (myarm_c650) StdoutLine: {'line': b"reading manifest file '../../../../build/myarm_c650/myarm_c650.egg-info/SOURCES.txt'\n"}
[5.798907] (mycobot_630) StdoutLine: {'line': b'Installing slider_control script to /home/robotics/ros2_cobot/install/mycobot_630/lib/mycobot_630\n'}
[5.799063] (myarm_c650) StdoutLine: {'line': b"adding license file 'LICENSE'\n"}
[5.799259] (mycobot_630) StdoutLine: {'line': b"writing list of installed files to '/home/robotics/ros2_cobot/build/mycobot_630/install.log'\n"}
[5.799347] (mypalletizer_260) StdoutLine: {'line': b'Installing detect_marker script to /home/robotics/ros2_cobot/install/mypalletizer_260/lib/mypalletizer_260\n'}
[5.799482] (myarm_c650) StdoutLine: {'line': b"writing manifest file '../../../../build/myarm_c650/myarm_c650.egg-info/SOURCES.txt'\n"}
[5.799557] (myarm_c650) StdoutLine: {'line': b'running build\n'}
[5.799615] (myarm_c650) StdoutLine: {'line': b'running build_py\n'}
[5.799708] (mypalletizer_260) StdoutLine: {'line': b'Installing follow_display script to /home/robotics/ros2_cobot/install/mypalletizer_260/lib/mypalletizer_260\n'}
[5.799783] (mypalletizer_260) StdoutLine: {'line': b'Installing following_marker script to /home/robotics/ros2_cobot/install/mypalletizer_260/lib/mypalletizer_260\n'}
[5.799845] (mypalletizer_260) StdoutLine: {'line': b'Installing listen_real script to /home/robotics/ros2_cobot/install/mypalletizer_260/lib/mypalletizer_260\n'}
[5.799906] (mypalletizer_260) StdoutLine: {'line': b'Installing listen_real_of_topic script to /home/robotics/ros2_cobot/install/mypalletizer_260/lib/mypalletizer_260\n'}
[5.799973] (mypalletizer_260) StdoutLine: {'line': b'Installing simple_gui script to /home/robotics/ros2_cobot/install/mypalletizer_260/lib/mypalletizer_260\n'}
[5.800031] (mypalletizer_260) StdoutLine: {'line': b'Installing slider_control script to /home/robotics/ros2_cobot/install/mypalletizer_260/lib/mypalletizer_260\n'}
[5.800089] (mypalletizer_260) StdoutLine: {'line': b'Installing teleop_keyboard script to /home/robotics/ros2_cobot/install/mypalletizer_260/lib/mypalletizer_260\n'}
[5.800411] (mypalletizer_260) StdoutLine: {'line': b"writing list of installed files to '/home/robotics/ros2_cobot/build/mypalletizer_260/install.log'\n"}
[5.800644] (ultraarm) StdoutLine: {'line': b'Installing slider_control script to /home/robotics/ros2_cobot/install/ultraarm/lib/ultraarm\n'}
[5.801014] (myarm_c650) StdoutLine: {'line': b'running install\n'}
[5.801304] (myarm_c650) StdoutLine: {'line': b'running install_lib\n'}
[5.801397] (ultraarm) StdoutLine: {'line': b"writing list of installed files to '/home/robotics/ros2_cobot/build/ultraarm/install.log'\n"}
[5.801442] (mypalletizer_260_pi) StdoutLine: {'line': b'Installing detect_marker script to /home/robotics/ros2_cobot/install/mypalletizer_260_pi/lib/mypalletizer_260_pi\n'}
[5.801885] (mypalletizer_260_pi) StdoutLine: {'line': b'Installing follow_display script to /home/robotics/ros2_cobot/install/mypalletizer_260_pi/lib/mypalletizer_260_pi\n'}
[5.801989] (mypalletizer_260_pi) StdoutLine: {'line': b'Installing following_marker script to /home/robotics/ros2_cobot/install/mypalletizer_260_pi/lib/mypalletizer_260_pi\n'}
[5.802046] (mypalletizer_260_pi) StdoutLine: {'line': b'Installing listen_real script to /home/robotics/ros2_cobot/install/mypalletizer_260_pi/lib/mypalletizer_260_pi\n'}
[5.802112] (mypalletizer_260_pi) StdoutLine: {'line': b'Installing listen_real_of_topic script to /home/robotics/ros2_cobot/install/mypalletizer_260_pi/lib/mypalletizer_260_pi\n'}
[5.802206] (mypalletizer_260_pi) StdoutLine: {'line': b'Installing simple_gui script to /home/robotics/ros2_cobot/install/mypalletizer_260_pi/lib/mypalletizer_260_pi\n'}
[5.802290] (mypalletizer_260_pi) StdoutLine: {'line': b'Installing slider_control script to /home/robotics/ros2_cobot/install/mypalletizer_260_pi/lib/mypalletizer_260_pi\n'}
[5.802364] (mypalletizer_260_pi) StdoutLine: {'line': b'Installing teleop_keyboard script to /home/robotics/ros2_cobot/install/mypalletizer_260_pi/lib/mypalletizer_260_pi\n'}
[5.802780] (mypalletizer_260_pi) StdoutLine: {'line': b"writing list of installed files to '/home/robotics/ros2_cobot/build/mypalletizer_260_pi/install.log'\n"}
[5.803283] (myarm_c650) StdoutLine: {'line': b'running install_data\n'}
[5.804285] (myarm_c650) StdoutLine: {'line': b'running install_egg_info\n'}
[5.806422] (myarm_c650) StdoutLine: {'line': b"removing '/home/robotics/ros2_cobot/install/myarm_c650/lib/python3.10/site-packages/myarm_c650-0.0.0-py3.10.egg-info' (and everything under it)\n"}
[5.806652] (myarm_c650) StdoutLine: {'line': b'Copying ../../../../build/myarm_c650/myarm_c650.egg-info to /home/robotics/ros2_cobot/install/myarm_c650/lib/python3.10/site-packages/myarm_c650-0.0.0-py3.10.egg-info\n'}
[5.807554] (myarm_c650) StdoutLine: {'line': b'running install_scripts\n'}
[5.819113] (-) TimerEvent: {}
[5.822962] (myarm_m750) StdoutLine: {'line': b'running egg_info\n'}
[5.823573] (myarm_m750) StdoutLine: {'line': b'writing ../../../../build/myarm_m750/myarm_m750.egg-info/PKG-INFO\n'}
[5.824222] (myarm_c650) StdoutLine: {'line': b'Installing debug script to /home/robotics/ros2_cobot/install/myarm_c650/lib/myarm_c650\n'}
[5.824346] (myarm_m750) StdoutLine: {'line': b'writing dependency_links to ../../../../build/myarm_m750/myarm_m750.egg-info/dependency_links.txt\n'}
[5.824423] (myarm_m750) StdoutLine: {'line': b'writing entry points to ../../../../build/myarm_m750/myarm_m750.egg-info/entry_points.txt\n'}
[5.824516] (myarm_m750) StdoutLine: {'line': b'writing requirements to ../../../../build/myarm_m750/myarm_m750.egg-info/requires.txt\n'}
[5.824581] (myarm_m750) StdoutLine: {'line': b'writing top-level names to ../../../../build/myarm_m750/myarm_m750.egg-info/top_level.txt\n'}
[5.824741] (myarm_c650) StdoutLine: {'line': b'Installing follow_display script to /home/robotics/ros2_cobot/install/myarm_c650/lib/myarm_c650\n'}
[5.824847] (myarm_c650) StdoutLine: {'line': b'Installing simple_gui script to /home/robotics/ros2_cobot/install/myarm_c650/lib/myarm_c650\n'}
[5.824922] (myarm_c650) StdoutLine: {'line': b'Installing slider_control script to /home/robotics/ros2_cobot/install/myarm_c650/lib/myarm_c650\n'}
[5.824999] (myarm_c650) StdoutLine: {'line': b'Installing teleop_keyboard script to /home/robotics/ros2_cobot/install/myarm_c650/lib/myarm_c650\n'}
[5.825063] (myarm_c650) StdoutLine: {'line': b'Installing test script to /home/robotics/ros2_cobot/install/myarm_c650/lib/myarm_c650\n'}
[5.825372] (myarm_c650) StdoutLine: {'line': b"writing list of installed files to '/home/robotics/ros2_cobot/build/myarm_c650/install.log'\n"}
[5.827884] (myarm_m750) StdoutLine: {'line': b"reading manifest file '../../../../build/myarm_m750/myarm_m750.egg-info/SOURCES.txt'\n"}
[5.828129] (myarm_m750) StdoutLine: {'line': b"adding license file 'LICENSE'\n"}
[5.828723] (myarm_m750) StdoutLine: {'line': b"writing manifest file '../../../../build/myarm_m750/myarm_m750.egg-info/SOURCES.txt'\n"}
[5.828843] (myarm_m750) StdoutLine: {'line': b'running build\n'}
[5.828896] (myarm_m750) StdoutLine: {'line': b'running build_py\n'}
[5.829946] (myarm_m750) StdoutLine: {'line': b'running install\n'}
[5.830226] (myarm_m750) StdoutLine: {'line': b'running install_lib\n'}
[5.831873] (myarm_m750) StdoutLine: {'line': b'running install_data\n'}
[5.832477] (myarm_m750) StdoutLine: {'line': b'running install_egg_info\n'}
[5.834353] (myarm_m750) StdoutLine: {'line': b"removing '/home/robotics/ros2_cobot/install/myarm_m750/lib/python3.10/site-packages/myarm_m750-0.0.0-py3.10.egg-info' (and everything under it)\n"}
[5.834589] (myarm_m750) StdoutLine: {'line': b'Copying ../../../../build/myarm_m750/myarm_m750.egg-info to /home/robotics/ros2_cobot/install/myarm_m750/lib/python3.10/site-packages/myarm_m750-0.0.0-py3.10.egg-info\n'}
[5.835331] (myarm_m750) StdoutLine: {'line': b'running install_scripts\n'}
[5.836636] (mycobot_280_rdkx5) StdoutLine: {'line': b'running egg_info\n'}
[5.837165] (mycobot_280_rdkx5) StdoutLine: {'line': b'writing ../../../../build/mycobot_280_rdkx5/mycobot_280_rdkx5.egg-info/PKG-INFO\n'}
[5.837484] (mycobot_280_rdkx5) StdoutLine: {'line': b'writing dependency_links to ../../../../build/mycobot_280_rdkx5/mycobot_280_rdkx5.egg-info/dependency_links.txt\n'}
[5.837981] (mycobot_280_rdkx5) StdoutLine: {'line': b'writing entry points to ../../../../build/mycobot_280_rdkx5/mycobot_280_rdkx5.egg-info/entry_points.txt\n'}
[5.838035] (ultraarm) CommandEnded: {'returncode': 0}
[5.838352] (mycobot_280_rdkx5) StdoutLine: {'line': b'writing requirements to ../../../../build/mycobot_280_rdkx5/mycobot_280_rdkx5.egg-info/requires.txt\n'}
[5.838401] (mycobot_280_rdkx5) StdoutLine: {'line': b'writing top-level names to ../../../../build/mycobot_280_rdkx5/mycobot_280_rdkx5.egg-info/top_level.txt\n'}
[5.839788] (mycobot_280_rdkx5) StdoutLine: {'line': b"reading manifest file '../../../../build/mycobot_280_rdkx5/mycobot_280_rdkx5.egg-info/SOURCES.txt'\n"}
[5.840067] (mycobot_280_rdkx5) StdoutLine: {'line': b"adding license file 'LICENSE'\n"}
[5.840511] (mycobot_280_rdkx5) StdoutLine: {'line': b"writing manifest file '../../../../build/mycobot_280_rdkx5/mycobot_280_rdkx5.egg-info/SOURCES.txt'\n"}
[5.840584] (mycobot_280_rdkx5) StdoutLine: {'line': b'running build\n'}
[5.840641] (mycobot_280_rdkx5) StdoutLine: {'line': b'running build_py\n'}
[5.841553] (mycobot_280_rdkx5) StdoutLine: {'line': b'running install\n'}
[5.841831] (mycobot_280_rdkx5) StdoutLine: {'line': b'running install_lib\n'}
[5.842501] (ultraarm) JobEnded: {'identifier': 'ultraarm', 'rc': 0}
[5.843266] (mycobot_630) CommandEnded: {'returncode': 0}
[5.843581] (mycobot_280_rdkx5) StdoutLine: {'line': b'running install_data\n'}
[5.843947] (mycobot_280_rdkx5) StdoutLine: {'line': b'running install_egg_info\n'}
[5.845423] (mycobot_280_rdkx5) StdoutLine: {'line': b"removing '/home/robotics/ros2_cobot/install/mycobot_280_rdkx5/lib/python3.10/site-packages/mycobot_280_rdkx5-0.0.0-py3.10.egg-info' (and everything under it)\n"}
[5.845656] (mycobot_280_rdkx5) StdoutLine: {'line': b'Copying ../../../../build/mycobot_280_rdkx5/mycobot_280_rdkx5.egg-info to /home/robotics/ros2_cobot/install/mycobot_280_rdkx5/lib/python3.10/site-packages/mycobot_280_rdkx5-0.0.0-py3.10.egg-info\n'}
[5.847975] (mycobot_280_rdkx5) StdoutLine: {'line': b'running install_scripts\n'}
[5.849443] (mycobot_630) JobEnded: {'identifier': 'mycobot_630', 'rc': 0}
[5.850255] (mypalletizer_260) CommandEnded: {'returncode': 0}
[5.850856] (myarm_m750) StdoutLine: {'line': b'Installing combined_control script to /home/robotics/ros2_cobot/install/myarm_m750/lib/myarm_m750\n'}
[5.851319] (myarm_m750) StdoutLine: {'line': b'Installing follow_display script to /home/robotics/ros2_cobot/install/myarm_m750/lib/myarm_m750\n'}
[5.851389] (myarm_m750) StdoutLine: {'line': b'Installing read_control script to /home/robotics/ros2_cobot/install/myarm_m750/lib/myarm_m750\n'}
[5.851444] (myarm_m750) StdoutLine: {'line': b'Installing simple_gui script to /home/robotics/ros2_cobot/install/myarm_m750/lib/myarm_m750\n'}
[5.851503] (myarm_m750) StdoutLine: {'line': b'Installing slider_control script to /home/robotics/ros2_cobot/install/myarm_m750/lib/myarm_m750\n'}
[5.851559] (myarm_m750) StdoutLine: {'line': b'Installing teleop_keyboard script to /home/robotics/ros2_cobot/install/myarm_m750/lib/myarm_m750\n'}
[5.851889] (myarm_m750) StdoutLine: {'line': b"writing list of installed files to '/home/robotics/ros2_cobot/build/myarm_m750/install.log'\n"}
[5.855229] (mypalletizer_260) JobEnded: {'identifier': 'mypalletizer_260', 'rc': 0}
[5.855659] (mypalletizer_260_pi) CommandEnded: {'returncode': 0}
[5.859475] (mypalletizer_260_pi) JobEnded: {'identifier': 'mypalletizer_260_pi', 'rc': 0}
[5.860355] (myarm_c650) CommandEnded: {'returncode': 0}
[5.861364] (mycobot_280_rdkx5) StdoutLine: {'line': b'Installing follow_display script to /home/robotics/ros2_cobot/install/mycobot_280_rdkx5/lib/mycobot_280_rdkx5\n'}
[5.861540] (mycobot_280_rdkx5) StdoutLine: {'line': b'Installing listen_real script to /home/robotics/ros2_cobot/install/mycobot_280_rdkx5/lib/mycobot_280_rdkx5\n'}
[5.861942] (mycobot_280_rdkx5) StdoutLine: {'line': b'Installing simple_gui script to /home/robotics/ros2_cobot/install/mycobot_280_rdkx5/lib/mycobot_280_rdkx5\n'}
[5.861974] (mycobot_280_rdkx5) StdoutLine: {'line': b'Installing slider_control script to /home/robotics/ros2_cobot/install/mycobot_280_rdkx5/lib/mycobot_280_rdkx5\n'}
[5.862019] (mycobot_280_rdkx5) StdoutLine: {'line': b'Installing teleop_keyboard script to /home/robotics/ros2_cobot/install/mycobot_280_rdkx5/lib/mycobot_280_rdkx5\n'}
[5.862049] (mycobot_280_rdkx5) StdoutLine: {'line': b"writing list of installed files to '/home/robotics/ros2_cobot/build/mycobot_280_rdkx5/install.log'\n"}
[5.864745] (myarm_c650) JobEnded: {'identifier': 'myarm_c650', 'rc': 0}
[5.872046] (myarm_m750) CommandEnded: {'returncode': 0}
[5.876058] (myarm_m750) JobEnded: {'identifier': 'myarm_m750', 'rc': 0}
[5.882126] (mycobot_280_rdkx5) CommandEnded: {'returncode': 0}
[5.886216] (mycobot_280_rdkx5) JobEnded: {'identifier': 'mycobot_280_rdkx5', 'rc': 0}
[5.886940] (-) EventReactorShutdown: {}
