[0.078s] DEBUG:colcon:Command line arguments: ['/usr/bin/colcon', 'build']
[0.078s] DEBUG:colcon:Parsed command line arguments: Namespace(log_base=None, log_level=None, verb_name='build', build_base='build', install_base='install', merge_install=False, symlink_install=False, test_result_base=None, continue_on_error=False, executor='parallel', parallel_workers=16, event_handlers=None, ignore_user_meta=False, metas=['./colcon.meta'], base_paths=['.'], packages_ignore=None, packages_ignore_regex=None, paths=None, packages_up_to=None, packages_up_to_regex=None, packages_above=None, packages_above_and_dependencies=None, packages_above_depth=None, packages_select_by_dep=None, packages_skip_by_dep=None, packages_skip_up_to=None, packages_select_build_failed=False, packages_skip_build_finished=False, packages_select_test_failures=False, packages_skip_test_passed=False, packages_select=None, packages_skip=None, packages_select_regex=None, packages_skip_regex=None, packages_start=None, packages_end=None, allow_overriding=[], cmake_args=None, cmake_target=None, cmake_target_skip_unavailable=False, cmake_clean_cache=False, cmake_clean_first=False, cmake_force_configure=False, ament_cmake_args=None, catkin_cmake_args=None, catkin_skip_building_tests=False, mixin_files=None, mixin=None, verb_parser=<colcon_mixin.mixin.mixin_argument.MixinArgumentDecorator object at 0x7ac41668f820>, verb_extension=<colcon_core.verb.build.BuildVerb object at 0x7ac4167dce20>, main=<bound method BuildVerb.main of <colcon_core.verb.build.BuildVerb object at 0x7ac4167dce20>>, mixin_verb=('build',))
[0.216s] Level 1:colcon.colcon_core.package_discovery:discover_packages(colcon_meta) check parameters
[0.216s] Level 1:colcon.colcon_core.package_discovery:discover_packages(recursive) check parameters
[0.216s] Level 1:colcon.colcon_core.package_discovery:discover_packages(ignore) check parameters
[0.216s] Level 1:colcon.colcon_core.package_discovery:discover_packages(path) check parameters
[0.216s] Level 1:colcon.colcon_core.package_discovery:discover_packages(colcon_meta) discover
[0.216s] Level 1:colcon.colcon_core.package_discovery:discover_packages(recursive) discover
[0.216s] INFO:colcon.colcon_core.package_discovery:Crawling recursively for packages in '/home/robotics/ros2_cobot'
[0.217s] Level 1:colcon.colcon_core.package_identification:_identify(.) by extensions ['ignore', 'ignore_ament_install']
[0.217s] Level 1:colcon.colcon_core.package_identification:_identify(.) by extension 'ignore'
[0.217s] Level 1:colcon.colcon_core.package_identification:_identify(.) by extension 'ignore_ament_install'
[0.217s] Level 1:colcon.colcon_core.package_identification:_identify(.) by extensions ['colcon_pkg']
[0.217s] Level 1:colcon.colcon_core.package_identification:_identify(.) by extension 'colcon_pkg'
[0.217s] Level 1:colcon.colcon_core.package_identification:_identify(.) by extensions ['colcon_meta']
[0.217s] Level 1:colcon.colcon_core.package_identification:_identify(.) by extension 'colcon_meta'
[0.217s] Level 1:colcon.colcon_core.package_identification:_identify(.) by extensions ['ros']
[0.217s] Level 1:colcon.colcon_core.package_identification:_identify(.) by extension 'ros'
[0.285s] Level 1:colcon.colcon_core.package_identification:_identify(.) by extensions ['cmake', 'python']
[0.285s] Level 1:colcon.colcon_core.package_identification:_identify(.) by extension 'cmake'
[0.285s] Level 1:colcon.colcon_core.package_identification:_identify(.) by extension 'python'
[0.285s] Level 1:colcon.colcon_core.package_identification:_identify(.) by extensions ['python_setup_py']
[0.285s] Level 1:colcon.colcon_core.package_identification:_identify(.) by extension 'python_setup_py'
[0.285s] Level 1:colcon.colcon_core.package_identification:_identify(build) by extensions ['ignore', 'ignore_ament_install']
[0.285s] Level 1:colcon.colcon_core.package_identification:_identify(build) by extension 'ignore'
[0.286s] Level 1:colcon.colcon_core.package_identification:_identify(build) ignored
[0.286s] Level 1:colcon.colcon_core.package_identification:_identify(install) by extensions ['ignore', 'ignore_ament_install']
[0.286s] Level 1:colcon.colcon_core.package_identification:_identify(install) by extension 'ignore'
[0.286s] Level 1:colcon.colcon_core.package_identification:_identify(install) ignored
[0.286s] Level 1:colcon.colcon_core.package_identification:_identify(log) by extensions ['ignore', 'ignore_ament_install']
[0.286s] Level 1:colcon.colcon_core.package_identification:_identify(log) by extension 'ignore'
[0.286s] Level 1:colcon.colcon_core.package_identification:_identify(log) ignored
[0.286s] Level 1:colcon.colcon_core.package_identification:_identify(src) by extensions ['ignore', 'ignore_ament_install']
[0.286s] Level 1:colcon.colcon_core.package_identification:_identify(src) by extension 'ignore'
[0.286s] Level 1:colcon.colcon_core.package_identification:_identify(src) by extension 'ignore_ament_install'
[0.286s] Level 1:colcon.colcon_core.package_identification:_identify(src) by extensions ['colcon_pkg']
[0.286s] Level 1:colcon.colcon_core.package_identification:_identify(src) by extension 'colcon_pkg'
[0.286s] Level 1:colcon.colcon_core.package_identification:_identify(src) by extensions ['colcon_meta']
[0.286s] Level 1:colcon.colcon_core.package_identification:_identify(src) by extension 'colcon_meta'
[0.286s] Level 1:colcon.colcon_core.package_identification:_identify(src) by extensions ['ros']
[0.286s] Level 1:colcon.colcon_core.package_identification:_identify(src) by extension 'ros'
[0.286s] Level 1:colcon.colcon_core.package_identification:_identify(src) by extensions ['cmake', 'python']
[0.286s] Level 1:colcon.colcon_core.package_identification:_identify(src) by extension 'cmake'
[0.286s] Level 1:colcon.colcon_core.package_identification:_identify(src) by extension 'python'
[0.286s] Level 1:colcon.colcon_core.package_identification:_identify(src) by extensions ['python_setup_py']
[0.286s] Level 1:colcon.colcon_core.package_identification:_identify(src) by extension 'python_setup_py'
[0.286s] Level 1:colcon.colcon_core.package_identification:_identify(src/mycobot_ros2) by extensions ['ignore', 'ignore_ament_install']
[0.286s] Level 1:colcon.colcon_core.package_identification:_identify(src/mycobot_ros2) by extension 'ignore'
[0.286s] Level 1:colcon.colcon_core.package_identification:_identify(src/mycobot_ros2) by extension 'ignore_ament_install'
[0.286s] Level 1:colcon.colcon_core.package_identification:_identify(src/mycobot_ros2) by extensions ['colcon_pkg']
[0.286s] Level 1:colcon.colcon_core.package_identification:_identify(src/mycobot_ros2) by extension 'colcon_pkg'
[0.286s] Level 1:colcon.colcon_core.package_identification:_identify(src/mycobot_ros2) by extensions ['colcon_meta']
[0.286s] Level 1:colcon.colcon_core.package_identification:_identify(src/mycobot_ros2) by extension 'colcon_meta'
[0.286s] Level 1:colcon.colcon_core.package_identification:_identify(src/mycobot_ros2) by extensions ['ros']
[0.286s] Level 1:colcon.colcon_core.package_identification:_identify(src/mycobot_ros2) by extension 'ros'
[0.286s] Level 1:colcon.colcon_core.package_identification:_identify(src/mycobot_ros2) by extensions ['cmake', 'python']
[0.286s] Level 1:colcon.colcon_core.package_identification:_identify(src/mycobot_ros2) by extension 'cmake'
[0.286s] Level 1:colcon.colcon_core.package_identification:_identify(src/mycobot_ros2) by extension 'python'
[0.286s] Level 1:colcon.colcon_core.package_identification:_identify(src/mycobot_ros2) by extensions ['python_setup_py']
[0.286s] Level 1:colcon.colcon_core.package_identification:_identify(src/mycobot_ros2) by extension 'python_setup_py'
[0.287s] Level 1:colcon.colcon_core.package_identification:_identify(src/mycobot_ros2/Mybuddy) by extensions ['ignore', 'ignore_ament_install']
[0.287s] Level 1:colcon.colcon_core.package_identification:_identify(src/mycobot_ros2/Mybuddy) by extension 'ignore'
[0.287s] Level 1:colcon.colcon_core.package_identification:_identify(src/mycobot_ros2/Mybuddy) by extension 'ignore_ament_install'
[0.287s] Level 1:colcon.colcon_core.package_identification:_identify(src/mycobot_ros2/Mybuddy) by extensions ['colcon_pkg']
[0.287s] Level 1:colcon.colcon_core.package_identification:_identify(src/mycobot_ros2/Mybuddy) by extension 'colcon_pkg'
[0.287s] Level 1:colcon.colcon_core.package_identification:_identify(src/mycobot_ros2/Mybuddy) by extensions ['colcon_meta']
[0.287s] Level 1:colcon.colcon_core.package_identification:_identify(src/mycobot_ros2/Mybuddy) by extension 'colcon_meta'
[0.287s] Level 1:colcon.colcon_core.package_identification:_identify(src/mycobot_ros2/Mybuddy) by extensions ['ros']
[0.287s] Level 1:colcon.colcon_core.package_identification:_identify(src/mycobot_ros2/Mybuddy) by extension 'ros'
[0.287s] Level 1:colcon.colcon_core.package_identification:_identify(src/mycobot_ros2/Mybuddy) by extensions ['cmake', 'python']
[0.287s] Level 1:colcon.colcon_core.package_identification:_identify(src/mycobot_ros2/Mybuddy) by extension 'cmake'
[0.287s] Level 1:colcon.colcon_core.package_identification:_identify(src/mycobot_ros2/Mybuddy) by extension 'python'
[0.287s] Level 1:colcon.colcon_core.package_identification:_identify(src/mycobot_ros2/Mybuddy) by extensions ['python_setup_py']
[0.287s] Level 1:colcon.colcon_core.package_identification:_identify(src/mycobot_ros2/Mybuddy) by extension 'python_setup_py'
[0.287s] Level 1:colcon.colcon_core.package_identification:_identify(src/mycobot_ros2/Mybuddy/mybuddy) by extensions ['ignore', 'ignore_ament_install']
[0.287s] Level 1:colcon.colcon_core.package_identification:_identify(src/mycobot_ros2/Mybuddy/mybuddy) by extension 'ignore'
[0.287s] Level 1:colcon.colcon_core.package_identification:_identify(src/mycobot_ros2/Mybuddy/mybuddy) by extension 'ignore_ament_install'
[0.287s] Level 1:colcon.colcon_core.package_identification:_identify(src/mycobot_ros2/Mybuddy/mybuddy) by extensions ['colcon_pkg']
[0.287s] Level 1:colcon.colcon_core.package_identification:_identify(src/mycobot_ros2/Mybuddy/mybuddy) by extension 'colcon_pkg'
[0.287s] Level 1:colcon.colcon_core.package_identification:_identify(src/mycobot_ros2/Mybuddy/mybuddy) by extensions ['colcon_meta']
[0.287s] Level 1:colcon.colcon_core.package_identification:_identify(src/mycobot_ros2/Mybuddy/mybuddy) by extension 'colcon_meta'
[0.287s] Level 1:colcon.colcon_core.package_identification:_identify(src/mycobot_ros2/Mybuddy/mybuddy) by extensions ['ros']
[0.287s] Level 1:colcon.colcon_core.package_identification:_identify(src/mycobot_ros2/Mybuddy/mybuddy) by extension 'ros'
[0.292s] DEBUG:colcon.colcon_core.package_identification:Package 'src/mycobot_ros2/Mybuddy/mybuddy' with type 'ros.ament_python' and name 'mybuddy'
[0.292s] Level 1:colcon.colcon_core.package_identification:_identify(src/mycobot_ros2/demo_img) by extensions ['ignore', 'ignore_ament_install']
[0.292s] Level 1:colcon.colcon_core.package_identification:_identify(src/mycobot_ros2/demo_img) by extension 'ignore'
[0.292s] Level 1:colcon.colcon_core.package_identification:_identify(src/mycobot_ros2/demo_img) by extension 'ignore_ament_install'
[0.293s] Level 1:colcon.colcon_core.package_identification:_identify(src/mycobot_ros2/demo_img) by extensions ['colcon_pkg']
[0.293s] Level 1:colcon.colcon_core.package_identification:_identify(src/mycobot_ros2/demo_img) by extension 'colcon_pkg'
[0.293s] Level 1:colcon.colcon_core.package_identification:_identify(src/mycobot_ros2/demo_img) by extensions ['colcon_meta']
[0.293s] Level 1:colcon.colcon_core.package_identification:_identify(src/mycobot_ros2/demo_img) by extension 'colcon_meta'
[0.293s] Level 1:colcon.colcon_core.package_identification:_identify(src/mycobot_ros2/demo_img) by extensions ['ros']
[0.293s] Level 1:colcon.colcon_core.package_identification:_identify(src/mycobot_ros2/demo_img) by extension 'ros'
[0.293s] Level 1:colcon.colcon_core.package_identification:_identify(src/mycobot_ros2/demo_img) by extensions ['cmake', 'python']
[0.293s] Level 1:colcon.colcon_core.package_identification:_identify(src/mycobot_ros2/demo_img) by extension 'cmake'
[0.293s] Level 1:colcon.colcon_core.package_identification:_identify(src/mycobot_ros2/demo_img) by extension 'python'
[0.293s] Level 1:colcon.colcon_core.package_identification:_identify(src/mycobot_ros2/demo_img) by extensions ['python_setup_py']
[0.293s] Level 1:colcon.colcon_core.package_identification:_identify(src/mycobot_ros2/demo_img) by extension 'python_setup_py'
[0.293s] Level 1:colcon.colcon_core.package_identification:_identify(src/mycobot_ros2/demo_img/260m5) by extensions ['ignore', 'ignore_ament_install']
[0.293s] Level 1:colcon.colcon_core.package_identification:_identify(src/mycobot_ros2/demo_img/260m5) by extension 'ignore'
[0.293s] Level 1:colcon.colcon_core.package_identification:_identify(src/mycobot_ros2/demo_img/260m5) by extension 'ignore_ament_install'
[0.293s] Level 1:colcon.colcon_core.package_identification:_identify(src/mycobot_ros2/demo_img/260m5) by extensions ['colcon_pkg']
[0.293s] Level 1:colcon.colcon_core.package_identification:_identify(src/mycobot_ros2/demo_img/260m5) by extension 'colcon_pkg'
[0.293s] Level 1:colcon.colcon_core.package_identification:_identify(src/mycobot_ros2/demo_img/260m5) by extensions ['colcon_meta']
[0.293s] Level 1:colcon.colcon_core.package_identification:_identify(src/mycobot_ros2/demo_img/260m5) by extension 'colcon_meta'
[0.293s] Level 1:colcon.colcon_core.package_identification:_identify(src/mycobot_ros2/demo_img/260m5) by extensions ['ros']
[0.293s] Level 1:colcon.colcon_core.package_identification:_identify(src/mycobot_ros2/demo_img/260m5) by extension 'ros'
[0.293s] Level 1:colcon.colcon_core.package_identification:_identify(src/mycobot_ros2/demo_img/260m5) by extensions ['cmake', 'python']
[0.293s] Level 1:colcon.colcon_core.package_identification:_identify(src/mycobot_ros2/demo_img/260m5) by extension 'cmake'
[0.293s] Level 1:colcon.colcon_core.package_identification:_identify(src/mycobot_ros2/demo_img/260m5) by extension 'python'
[0.293s] Level 1:colcon.colcon_core.package_identification:_identify(src/mycobot_ros2/demo_img/260m5) by extensions ['python_setup_py']
[0.293s] Level 1:colcon.colcon_core.package_identification:_identify(src/mycobot_ros2/demo_img/260m5) by extension 'python_setup_py'
[0.293s] Level 1:colcon.colcon_core.package_identification:_identify(src/mycobot_ros2/demo_img/260pi) by extensions ['ignore', 'ignore_ament_install']
[0.293s] Level 1:colcon.colcon_core.package_identification:_identify(src/mycobot_ros2/demo_img/260pi) by extension 'ignore'
[0.293s] Level 1:colcon.colcon_core.package_identification:_identify(src/mycobot_ros2/demo_img/260pi) by extension 'ignore_ament_install'
[0.293s] Level 1:colcon.colcon_core.package_identification:_identify(src/mycobot_ros2/demo_img/260pi) by extensions ['colcon_pkg']
[0.293s] Level 1:colcon.colcon_core.package_identification:_identify(src/mycobot_ros2/demo_img/260pi) by extension 'colcon_pkg'
[0.293s] Level 1:colcon.colcon_core.package_identification:_identify(src/mycobot_ros2/demo_img/260pi) by extensions ['colcon_meta']
[0.293s] Level 1:colcon.colcon_core.package_identification:_identify(src/mycobot_ros2/demo_img/260pi) by extension 'colcon_meta'
[0.293s] Level 1:colcon.colcon_core.package_identification:_identify(src/mycobot_ros2/demo_img/260pi) by extensions ['ros']
[0.293s] Level 1:colcon.colcon_core.package_identification:_identify(src/mycobot_ros2/demo_img/260pi) by extension 'ros'
[0.293s] Level 1:colcon.colcon_core.package_identification:_identify(src/mycobot_ros2/demo_img/260pi) by extensions ['cmake', 'python']
[0.293s] Level 1:colcon.colcon_core.package_identification:_identify(src/mycobot_ros2/demo_img/260pi) by extension 'cmake'
[0.293s] Level 1:colcon.colcon_core.package_identification:_identify(src/mycobot_ros2/demo_img/260pi) by extension 'python'
[0.293s] Level 1:colcon.colcon_core.package_identification:_identify(src/mycobot_ros2/demo_img/260pi) by extensions ['python_setup_py']
[0.293s] Level 1:colcon.colcon_core.package_identification:_identify(src/mycobot_ros2/demo_img/260pi) by extension 'python_setup_py'
[0.294s] Level 1:colcon.colcon_core.package_identification:_identify(src/mycobot_ros2/demo_img/270m5) by extensions ['ignore', 'ignore_ament_install']
[0.294s] Level 1:colcon.colcon_core.package_identification:_identify(src/mycobot_ros2/demo_img/270m5) by extension 'ignore'
[0.294s] Level 1:colcon.colcon_core.package_identification:_identify(src/mycobot_ros2/demo_img/270m5) by extension 'ignore_ament_install'
[0.294s] Level 1:colcon.colcon_core.package_identification:_identify(src/mycobot_ros2/demo_img/270m5) by extensions ['colcon_pkg']
[0.294s] Level 1:colcon.colcon_core.package_identification:_identify(src/mycobot_ros2/demo_img/270m5) by extension 'colcon_pkg'
[0.294s] Level 1:colcon.colcon_core.package_identification:_identify(src/mycobot_ros2/demo_img/270m5) by extensions ['colcon_meta']
[0.294s] Level 1:colcon.colcon_core.package_identification:_identify(src/mycobot_ros2/demo_img/270m5) by extension 'colcon_meta'
[0.294s] Level 1:colcon.colcon_core.package_identification:_identify(src/mycobot_ros2/demo_img/270m5) by extensions ['ros']
[0.294s] Level 1:colcon.colcon_core.package_identification:_identify(src/mycobot_ros2/demo_img/270m5) by extension 'ros'
[0.294s] Level 1:colcon.colcon_core.package_identification:_identify(src/mycobot_ros2/demo_img/270m5) by extensions ['cmake', 'python']
[0.294s] Level 1:colcon.colcon_core.package_identification:_identify(src/mycobot_ros2/demo_img/270m5) by extension 'cmake'
[0.294s] Level 1:colcon.colcon_core.package_identification:_identify(src/mycobot_ros2/demo_img/270m5) by extension 'python'
[0.294s] Level 1:colcon.colcon_core.package_identification:_identify(src/mycobot_ros2/demo_img/270m5) by extensions ['python_setup_py']
[0.294s] Level 1:colcon.colcon_core.package_identification:_identify(src/mycobot_ros2/demo_img/270m5) by extension 'python_setup_py'
[0.294s] Level 1:colcon.colcon_core.package_identification:_identify(src/mycobot_ros2/demo_img/270pi) by extensions ['ignore', 'ignore_ament_install']
[0.294s] Level 1:colcon.colcon_core.package_identification:_identify(src/mycobot_ros2/demo_img/270pi) by extension 'ignore'
[0.294s] Level 1:colcon.colcon_core.package_identification:_identify(src/mycobot_ros2/demo_img/270pi) by extension 'ignore_ament_install'
[0.294s] Level 1:colcon.colcon_core.package_identification:_identify(src/mycobot_ros2/demo_img/270pi) by extensions ['colcon_pkg']
[0.294s] Level 1:colcon.colcon_core.package_identification:_identify(src/mycobot_ros2/demo_img/270pi) by extension 'colcon_pkg'
[0.294s] Level 1:colcon.colcon_core.package_identification:_identify(src/mycobot_ros2/demo_img/270pi) by extensions ['colcon_meta']
[0.294s] Level 1:colcon.colcon_core.package_identification:_identify(src/mycobot_ros2/demo_img/270pi) by extension 'colcon_meta'
[0.294s] Level 1:colcon.colcon_core.package_identification:_identify(src/mycobot_ros2/demo_img/270pi) by extensions ['ros']
[0.294s] Level 1:colcon.colcon_core.package_identification:_identify(src/mycobot_ros2/demo_img/270pi) by extension 'ros'
[0.294s] Level 1:colcon.colcon_core.package_identification:_identify(src/mycobot_ros2/demo_img/270pi) by extensions ['cmake', 'python']
[0.294s] Level 1:colcon.colcon_core.package_identification:_identify(src/mycobot_ros2/demo_img/270pi) by extension 'cmake'
[0.294s] Level 1:colcon.colcon_core.package_identification:_identify(src/mycobot_ros2/demo_img/270pi) by extension 'python'
[0.294s] Level 1:colcon.colcon_core.package_identification:_identify(src/mycobot_ros2/demo_img/270pi) by extensions ['python_setup_py']
[0.294s] Level 1:colcon.colcon_core.package_identification:_identify(src/mycobot_ros2/demo_img/270pi) by extension 'python_setup_py'
[0.294s] Level 1:colcon.colcon_core.package_identification:_identify(src/mycobot_ros2/demo_img/280ar) by extensions ['ignore', 'ignore_ament_install']
[0.294s] Level 1:colcon.colcon_core.package_identification:_identify(src/mycobot_ros2/demo_img/280ar) by extension 'ignore'
[0.294s] Level 1:colcon.colcon_core.package_identification:_identify(src/mycobot_ros2/demo_img/280ar) by extension 'ignore_ament_install'
[0.294s] Level 1:colcon.colcon_core.package_identification:_identify(src/mycobot_ros2/demo_img/280ar) by extensions ['colcon_pkg']
[0.294s] Level 1:colcon.colcon_core.package_identification:_identify(src/mycobot_ros2/demo_img/280ar) by extension 'colcon_pkg'
[0.294s] Level 1:colcon.colcon_core.package_identification:_identify(src/mycobot_ros2/demo_img/280ar) by extensions ['colcon_meta']
[0.294s] Level 1:colcon.colcon_core.package_identification:_identify(src/mycobot_ros2/demo_img/280ar) by extension 'colcon_meta'
[0.294s] Level 1:colcon.colcon_core.package_identification:_identify(src/mycobot_ros2/demo_img/280ar) by extensions ['ros']
[0.294s] Level 1:colcon.colcon_core.package_identification:_identify(src/mycobot_ros2/demo_img/280ar) by extension 'ros'
[0.294s] Level 1:colcon.colcon_core.package_identification:_identify(src/mycobot_ros2/demo_img/280ar) by extensions ['cmake', 'python']
[0.294s] Level 1:colcon.colcon_core.package_identification:_identify(src/mycobot_ros2/demo_img/280ar) by extension 'cmake'
[0.294s] Level 1:colcon.colcon_core.package_identification:_identify(src/mycobot_ros2/demo_img/280ar) by extension 'python'
[0.294s] Level 1:colcon.colcon_core.package_identification:_identify(src/mycobot_ros2/demo_img/280ar) by extensions ['python_setup_py']
[0.294s] Level 1:colcon.colcon_core.package_identification:_identify(src/mycobot_ros2/demo_img/280ar) by extension 'python_setup_py'
[0.294s] Level 1:colcon.colcon_core.package_identification:_identify(src/mycobot_ros2/demo_img/280jn) by extensions ['ignore', 'ignore_ament_install']
[0.294s] Level 1:colcon.colcon_core.package_identification:_identify(src/mycobot_ros2/demo_img/280jn) by extension 'ignore'
[0.295s] Level 1:colcon.colcon_core.package_identification:_identify(src/mycobot_ros2/demo_img/280jn) by extension 'ignore_ament_install'
[0.295s] Level 1:colcon.colcon_core.package_identification:_identify(src/mycobot_ros2/demo_img/280jn) by extensions ['colcon_pkg']
[0.295s] Level 1:colcon.colcon_core.package_identification:_identify(src/mycobot_ros2/demo_img/280jn) by extension 'colcon_pkg'
[0.295s] Level 1:colcon.colcon_core.package_identification:_identify(src/mycobot_ros2/demo_img/280jn) by extensions ['colcon_meta']
[0.295s] Level 1:colcon.colcon_core.package_identification:_identify(src/mycobot_ros2/demo_img/280jn) by extension 'colcon_meta'
[0.295s] Level 1:colcon.colcon_core.package_identification:_identify(src/mycobot_ros2/demo_img/280jn) by extensions ['ros']
[0.295s] Level 1:colcon.colcon_core.package_identification:_identify(src/mycobot_ros2/demo_img/280jn) by extension 'ros'
[0.295s] Level 1:colcon.colcon_core.package_identification:_identify(src/mycobot_ros2/demo_img/280jn) by extensions ['cmake', 'python']
[0.295s] Level 1:colcon.colcon_core.package_identification:_identify(src/mycobot_ros2/demo_img/280jn) by extension 'cmake'
[0.295s] Level 1:colcon.colcon_core.package_identification:_identify(src/mycobot_ros2/demo_img/280jn) by extension 'python'
[0.295s] Level 1:colcon.colcon_core.package_identification:_identify(src/mycobot_ros2/demo_img/280jn) by extensions ['python_setup_py']
[0.295s] Level 1:colcon.colcon_core.package_identification:_identify(src/mycobot_ros2/demo_img/280jn) by extension 'python_setup_py'
[0.295s] Level 1:colcon.colcon_core.package_identification:_identify(src/mycobot_ros2/demo_img/280m5) by extensions ['ignore', 'ignore_ament_install']
[0.295s] Level 1:colcon.colcon_core.package_identification:_identify(src/mycobot_ros2/demo_img/280m5) by extension 'ignore'
[0.295s] Level 1:colcon.colcon_core.package_identification:_identify(src/mycobot_ros2/demo_img/280m5) by extension 'ignore_ament_install'
[0.295s] Level 1:colcon.colcon_core.package_identification:_identify(src/mycobot_ros2/demo_img/280m5) by extensions ['colcon_pkg']
[0.295s] Level 1:colcon.colcon_core.package_identification:_identify(src/mycobot_ros2/demo_img/280m5) by extension 'colcon_pkg'
[0.295s] Level 1:colcon.colcon_core.package_identification:_identify(src/mycobot_ros2/demo_img/280m5) by extensions ['colcon_meta']
[0.295s] Level 1:colcon.colcon_core.package_identification:_identify(src/mycobot_ros2/demo_img/280m5) by extension 'colcon_meta'
[0.295s] Level 1:colcon.colcon_core.package_identification:_identify(src/mycobot_ros2/demo_img/280m5) by extensions ['ros']
[0.295s] Level 1:colcon.colcon_core.package_identification:_identify(src/mycobot_ros2/demo_img/280m5) by extension 'ros'
[0.295s] Level 1:colcon.colcon_core.package_identification:_identify(src/mycobot_ros2/demo_img/280m5) by extensions ['cmake', 'python']
[0.295s] Level 1:colcon.colcon_core.package_identification:_identify(src/mycobot_ros2/demo_img/280m5) by extension 'cmake'
[0.295s] Level 1:colcon.colcon_core.package_identification:_identify(src/mycobot_ros2/demo_img/280m5) by extension 'python'
[0.295s] Level 1:colcon.colcon_core.package_identification:_identify(src/mycobot_ros2/demo_img/280m5) by extensions ['python_setup_py']
[0.295s] Level 1:colcon.colcon_core.package_identification:_identify(src/mycobot_ros2/demo_img/280m5) by extension 'python_setup_py'
[0.295s] Level 1:colcon.colcon_core.package_identification:_identify(src/mycobot_ros2/demo_img/280pi) by extensions ['ignore', 'ignore_ament_install']
[0.295s] Level 1:colcon.colcon_core.package_identification:_identify(src/mycobot_ros2/demo_img/280pi) by extension 'ignore'
[0.295s] Level 1:colcon.colcon_core.package_identification:_identify(src/mycobot_ros2/demo_img/280pi) by extension 'ignore_ament_install'
[0.295s] Level 1:colcon.colcon_core.package_identification:_identify(src/mycobot_ros2/demo_img/280pi) by extensions ['colcon_pkg']
[0.295s] Level 1:colcon.colcon_core.package_identification:_identify(src/mycobot_ros2/demo_img/280pi) by extension 'colcon_pkg'
[0.295s] Level 1:colcon.colcon_core.package_identification:_identify(src/mycobot_ros2/demo_img/280pi) by extensions ['colcon_meta']
[0.295s] Level 1:colcon.colcon_core.package_identification:_identify(src/mycobot_ros2/demo_img/280pi) by extension 'colcon_meta'
[0.295s] Level 1:colcon.colcon_core.package_identification:_identify(src/mycobot_ros2/demo_img/280pi) by extensions ['ros']
[0.295s] Level 1:colcon.colcon_core.package_identification:_identify(src/mycobot_ros2/demo_img/280pi) by extension 'ros'
[0.295s] Level 1:colcon.colcon_core.package_identification:_identify(src/mycobot_ros2/demo_img/280pi) by extensions ['cmake', 'python']
[0.295s] Level 1:colcon.colcon_core.package_identification:_identify(src/mycobot_ros2/demo_img/280pi) by extension 'cmake'
[0.295s] Level 1:colcon.colcon_core.package_identification:_identify(src/mycobot_ros2/demo_img/280pi) by extension 'python'
[0.295s] Level 1:colcon.colcon_core.package_identification:_identify(src/mycobot_ros2/demo_img/280pi) by extensions ['python_setup_py']
[0.295s] Level 1:colcon.colcon_core.package_identification:_identify(src/mycobot_ros2/demo_img/280pi) by extension 'python_setup_py'
[0.295s] Level 1:colcon.colcon_core.package_identification:_identify(src/mycobot_ros2/demo_img/320m5_2022) by extensions ['ignore', 'ignore_ament_install']
[0.295s] Level 1:colcon.colcon_core.package_identification:_identify(src/mycobot_ros2/demo_img/320m5_2022) by extension 'ignore'
[0.295s] Level 1:colcon.colcon_core.package_identification:_identify(src/mycobot_ros2/demo_img/320m5_2022) by extension 'ignore_ament_install'
[0.295s] Level 1:colcon.colcon_core.package_identification:_identify(src/mycobot_ros2/demo_img/320m5_2022) by extensions ['colcon_pkg']
[0.295s] Level 1:colcon.colcon_core.package_identification:_identify(src/mycobot_ros2/demo_img/320m5_2022) by extension 'colcon_pkg'
[0.295s] Level 1:colcon.colcon_core.package_identification:_identify(src/mycobot_ros2/demo_img/320m5_2022) by extensions ['colcon_meta']
[0.295s] Level 1:colcon.colcon_core.package_identification:_identify(src/mycobot_ros2/demo_img/320m5_2022) by extension 'colcon_meta'
[0.295s] Level 1:colcon.colcon_core.package_identification:_identify(src/mycobot_ros2/demo_img/320m5_2022) by extensions ['ros']
[0.295s] Level 1:colcon.colcon_core.package_identification:_identify(src/mycobot_ros2/demo_img/320m5_2022) by extension 'ros'
[0.295s] Level 1:colcon.colcon_core.package_identification:_identify(src/mycobot_ros2/demo_img/320m5_2022) by extensions ['cmake', 'python']
[0.295s] Level 1:colcon.colcon_core.package_identification:_identify(src/mycobot_ros2/demo_img/320m5_2022) by extension 'cmake'
[0.295s] Level 1:colcon.colcon_core.package_identification:_identify(src/mycobot_ros2/demo_img/320m5_2022) by extension 'python'
[0.295s] Level 1:colcon.colcon_core.package_identification:_identify(src/mycobot_ros2/demo_img/320m5_2022) by extensions ['python_setup_py']
[0.295s] Level 1:colcon.colcon_core.package_identification:_identify(src/mycobot_ros2/demo_img/320m5_2022) by extension 'python_setup_py'
[0.296s] Level 1:colcon.colcon_core.package_identification:_identify(src/mycobot_ros2/demo_img/320pi_2022) by extensions ['ignore', 'ignore_ament_install']
[0.296s] Level 1:colcon.colcon_core.package_identification:_identify(src/mycobot_ros2/demo_img/320pi_2022) by extension 'ignore'
[0.296s] Level 1:colcon.colcon_core.package_identification:_identify(src/mycobot_ros2/demo_img/320pi_2022) by extension 'ignore_ament_install'
[0.296s] Level 1:colcon.colcon_core.package_identification:_identify(src/mycobot_ros2/demo_img/320pi_2022) by extensions ['colcon_pkg']
[0.296s] Level 1:colcon.colcon_core.package_identification:_identify(src/mycobot_ros2/demo_img/320pi_2022) by extension 'colcon_pkg'
[0.296s] Level 1:colcon.colcon_core.package_identification:_identify(src/mycobot_ros2/demo_img/320pi_2022) by extensions ['colcon_meta']
[0.296s] Level 1:colcon.colcon_core.package_identification:_identify(src/mycobot_ros2/demo_img/320pi_2022) by extension 'colcon_meta'
[0.296s] Level 1:colcon.colcon_core.package_identification:_identify(src/mycobot_ros2/demo_img/320pi_2022) by extensions ['ros']
[0.296s] Level 1:colcon.colcon_core.package_identification:_identify(src/mycobot_ros2/demo_img/320pi_2022) by extension 'ros'
[0.296s] Level 1:colcon.colcon_core.package_identification:_identify(src/mycobot_ros2/demo_img/320pi_2022) by extensions ['cmake', 'python']
[0.296s] Level 1:colcon.colcon_core.package_identification:_identify(src/mycobot_ros2/demo_img/320pi_2022) by extension 'cmake'
[0.296s] Level 1:colcon.colcon_core.package_identification:_identify(src/mycobot_ros2/demo_img/320pi_2022) by extension 'python'
[0.296s] Level 1:colcon.colcon_core.package_identification:_identify(src/mycobot_ros2/demo_img/320pi_2022) by extensions ['python_setup_py']
[0.296s] Level 1:colcon.colcon_core.package_identification:_identify(src/mycobot_ros2/demo_img/320pi_2022) by extension 'python_setup_py'
[0.296s] Level 1:colcon.colcon_core.package_identification:_identify(src/mycobot_ros2/demo_img/myarm300) by extensions ['ignore', 'ignore_ament_install']
[0.296s] Level 1:colcon.colcon_core.package_identification:_identify(src/mycobot_ros2/demo_img/myarm300) by extension 'ignore'
[0.296s] Level 1:colcon.colcon_core.package_identification:_identify(src/mycobot_ros2/demo_img/myarm300) by extension 'ignore_ament_install'
[0.296s] Level 1:colcon.colcon_core.package_identification:_identify(src/mycobot_ros2/demo_img/myarm300) by extensions ['colcon_pkg']
[0.296s] Level 1:colcon.colcon_core.package_identification:_identify(src/mycobot_ros2/demo_img/myarm300) by extension 'colcon_pkg'
[0.296s] Level 1:colcon.colcon_core.package_identification:_identify(src/mycobot_ros2/demo_img/myarm300) by extensions ['colcon_meta']
[0.296s] Level 1:colcon.colcon_core.package_identification:_identify(src/mycobot_ros2/demo_img/myarm300) by extension 'colcon_meta'
[0.296s] Level 1:colcon.colcon_core.package_identification:_identify(src/mycobot_ros2/demo_img/myarm300) by extensions ['ros']
[0.296s] Level 1:colcon.colcon_core.package_identification:_identify(src/mycobot_ros2/demo_img/myarm300) by extension 'ros'
[0.296s] Level 1:colcon.colcon_core.package_identification:_identify(src/mycobot_ros2/demo_img/myarm300) by extensions ['cmake', 'python']
[0.296s] Level 1:colcon.colcon_core.package_identification:_identify(src/mycobot_ros2/demo_img/myarm300) by extension 'cmake'
[0.296s] Level 1:colcon.colcon_core.package_identification:_identify(src/mycobot_ros2/demo_img/myarm300) by extension 'python'
[0.296s] Level 1:colcon.colcon_core.package_identification:_identify(src/mycobot_ros2/demo_img/myarm300) by extensions ['python_setup_py']
[0.296s] Level 1:colcon.colcon_core.package_identification:_identify(src/mycobot_ros2/demo_img/myarm300) by extension 'python_setup_py'
[0.296s] Level 1:colcon.colcon_core.package_identification:_identify(src/mycobot_ros2/demo_img/mybuddy) by extensions ['ignore', 'ignore_ament_install']
[0.296s] Level 1:colcon.colcon_core.package_identification:_identify(src/mycobot_ros2/demo_img/mybuddy) by extension 'ignore'
[0.296s] Level 1:colcon.colcon_core.package_identification:_identify(src/mycobot_ros2/demo_img/mybuddy) by extension 'ignore_ament_install'
[0.296s] Level 1:colcon.colcon_core.package_identification:_identify(src/mycobot_ros2/demo_img/mybuddy) by extensions ['colcon_pkg']
[0.296s] Level 1:colcon.colcon_core.package_identification:_identify(src/mycobot_ros2/demo_img/mybuddy) by extension 'colcon_pkg'
[0.296s] Level 1:colcon.colcon_core.package_identification:_identify(src/mycobot_ros2/demo_img/mybuddy) by extensions ['colcon_meta']
[0.296s] Level 1:colcon.colcon_core.package_identification:_identify(src/mycobot_ros2/demo_img/mybuddy) by extension 'colcon_meta'
[0.296s] Level 1:colcon.colcon_core.package_identification:_identify(src/mycobot_ros2/demo_img/mybuddy) by extensions ['ros']
[0.296s] Level 1:colcon.colcon_core.package_identification:_identify(src/mycobot_ros2/demo_img/mybuddy) by extension 'ros'
[0.296s] Level 1:colcon.colcon_core.package_identification:_identify(src/mycobot_ros2/demo_img/mybuddy) by extensions ['cmake', 'python']
[0.296s] Level 1:colcon.colcon_core.package_identification:_identify(src/mycobot_ros2/demo_img/mybuddy) by extension 'cmake'
[0.296s] Level 1:colcon.colcon_core.package_identification:_identify(src/mycobot_ros2/demo_img/mybuddy) by extension 'python'
[0.296s] Level 1:colcon.colcon_core.package_identification:_identify(src/mycobot_ros2/demo_img/mybuddy) by extensions ['python_setup_py']
[0.296s] Level 1:colcon.colcon_core.package_identification:_identify(src/mycobot_ros2/demo_img/mybuddy) by extension 'python_setup_py'
[0.296s] Level 1:colcon.colcon_core.package_identification:_identify(src/mycobot_ros2/demo_img/pro600) by extensions ['ignore', 'ignore_ament_install']
[0.296s] Level 1:colcon.colcon_core.package_identification:_identify(src/mycobot_ros2/demo_img/pro600) by extension 'ignore'
[0.296s] Level 1:colcon.colcon_core.package_identification:_identify(src/mycobot_ros2/demo_img/pro600) by extension 'ignore_ament_install'
[0.296s] Level 1:colcon.colcon_core.package_identification:_identify(src/mycobot_ros2/demo_img/pro600) by extensions ['colcon_pkg']
[0.296s] Level 1:colcon.colcon_core.package_identification:_identify(src/mycobot_ros2/demo_img/pro600) by extension 'colcon_pkg'
[0.296s] Level 1:colcon.colcon_core.package_identification:_identify(src/mycobot_ros2/demo_img/pro600) by extensions ['colcon_meta']
[0.296s] Level 1:colcon.colcon_core.package_identification:_identify(src/mycobot_ros2/demo_img/pro600) by extension 'colcon_meta'
[0.296s] Level 1:colcon.colcon_core.package_identification:_identify(src/mycobot_ros2/demo_img/pro600) by extensions ['ros']
[0.296s] Level 1:colcon.colcon_core.package_identification:_identify(src/mycobot_ros2/demo_img/pro600) by extension 'ros'
[0.296s] Level 1:colcon.colcon_core.package_identification:_identify(src/mycobot_ros2/demo_img/pro600) by extensions ['cmake', 'python']
[0.296s] Level 1:colcon.colcon_core.package_identification:_identify(src/mycobot_ros2/demo_img/pro600) by extension 'cmake'
[0.297s] Level 1:colcon.colcon_core.package_identification:_identify(src/mycobot_ros2/demo_img/pro600) by extension 'python'
[0.297s] Level 1:colcon.colcon_core.package_identification:_identify(src/mycobot_ros2/demo_img/pro600) by extensions ['python_setup_py']
[0.297s] Level 1:colcon.colcon_core.package_identification:_identify(src/mycobot_ros2/demo_img/pro600) by extension 'python_setup_py'
[0.297s] Level 1:colcon.colcon_core.package_identification:_identify(src/mycobot_ros2/demo_img/pro630) by extensions ['ignore', 'ignore_ament_install']
[0.297s] Level 1:colcon.colcon_core.package_identification:_identify(src/mycobot_ros2/demo_img/pro630) by extension 'ignore'
[0.297s] Level 1:colcon.colcon_core.package_identification:_identify(src/mycobot_ros2/demo_img/pro630) by extension 'ignore_ament_install'
[0.297s] Level 1:colcon.colcon_core.package_identification:_identify(src/mycobot_ros2/demo_img/pro630) by extensions ['colcon_pkg']
[0.297s] Level 1:colcon.colcon_core.package_identification:_identify(src/mycobot_ros2/demo_img/pro630) by extension 'colcon_pkg'
[0.297s] Level 1:colcon.colcon_core.package_identification:_identify(src/mycobot_ros2/demo_img/pro630) by extensions ['colcon_meta']
[0.297s] Level 1:colcon.colcon_core.package_identification:_identify(src/mycobot_ros2/demo_img/pro630) by extension 'colcon_meta'
[0.297s] Level 1:colcon.colcon_core.package_identification:_identify(src/mycobot_ros2/demo_img/pro630) by extensions ['ros']
[0.297s] Level 1:colcon.colcon_core.package_identification:_identify(src/mycobot_ros2/demo_img/pro630) by extension 'ros'
[0.297s] Level 1:colcon.colcon_core.package_identification:_identify(src/mycobot_ros2/demo_img/pro630) by extensions ['cmake', 'python']
[0.297s] Level 1:colcon.colcon_core.package_identification:_identify(src/mycobot_ros2/demo_img/pro630) by extension 'cmake'
[0.297s] Level 1:colcon.colcon_core.package_identification:_identify(src/mycobot_ros2/demo_img/pro630) by extension 'python'
[0.297s] Level 1:colcon.colcon_core.package_identification:_identify(src/mycobot_ros2/demo_img/pro630) by extensions ['python_setup_py']
[0.297s] Level 1:colcon.colcon_core.package_identification:_identify(src/mycobot_ros2/demo_img/pro630) by extension 'python_setup_py'
[0.297s] Level 1:colcon.colcon_core.package_identification:_identify(src/mycobot_ros2/demo_img/ultraArm_p340) by extensions ['ignore', 'ignore_ament_install']
[0.297s] Level 1:colcon.colcon_core.package_identification:_identify(src/mycobot_ros2/demo_img/ultraArm_p340) by extension 'ignore'
[0.297s] Level 1:colcon.colcon_core.package_identification:_identify(src/mycobot_ros2/demo_img/ultraArm_p340) by extension 'ignore_ament_install'
[0.297s] Level 1:colcon.colcon_core.package_identification:_identify(src/mycobot_ros2/demo_img/ultraArm_p340) by extensions ['colcon_pkg']
[0.297s] Level 1:colcon.colcon_core.package_identification:_identify(src/mycobot_ros2/demo_img/ultraArm_p340) by extension 'colcon_pkg'
[0.297s] Level 1:colcon.colcon_core.package_identification:_identify(src/mycobot_ros2/demo_img/ultraArm_p340) by extensions ['colcon_meta']
[0.297s] Level 1:colcon.colcon_core.package_identification:_identify(src/mycobot_ros2/demo_img/ultraArm_p340) by extension 'colcon_meta'
[0.297s] Level 1:colcon.colcon_core.package_identification:_identify(src/mycobot_ros2/demo_img/ultraArm_p340) by extensions ['ros']
[0.297s] Level 1:colcon.colcon_core.package_identification:_identify(src/mycobot_ros2/demo_img/ultraArm_p340) by extension 'ros'
[0.297s] Level 1:colcon.colcon_core.package_identification:_identify(src/mycobot_ros2/demo_img/ultraArm_p340) by extensions ['cmake', 'python']
[0.297s] Level 1:colcon.colcon_core.package_identification:_identify(src/mycobot_ros2/demo_img/ultraArm_p340) by extension 'cmake'
[0.297s] Level 1:colcon.colcon_core.package_identification:_identify(src/mycobot_ros2/demo_img/ultraArm_p340) by extension 'python'
[0.297s] Level 1:colcon.colcon_core.package_identification:_identify(src/mycobot_ros2/demo_img/ultraArm_p340) by extensions ['python_setup_py']
[0.297s] Level 1:colcon.colcon_core.package_identification:_identify(src/mycobot_ros2/demo_img/ultraArm_p340) by extension 'python_setup_py'
[0.297s] Level 1:colcon.colcon_core.package_identification:_identify(src/mycobot_ros2/mecharm) by extensions ['ignore', 'ignore_ament_install']
[0.297s] Level 1:colcon.colcon_core.package_identification:_identify(src/mycobot_ros2/mecharm) by extension 'ignore'
[0.297s] Level 1:colcon.colcon_core.package_identification:_identify(src/mycobot_ros2/mecharm) by extension 'ignore_ament_install'
[0.297s] Level 1:colcon.colcon_core.package_identification:_identify(src/mycobot_ros2/mecharm) by extensions ['colcon_pkg']
[0.297s] Level 1:colcon.colcon_core.package_identification:_identify(src/mycobot_ros2/mecharm) by extension 'colcon_pkg'
[0.297s] Level 1:colcon.colcon_core.package_identification:_identify(src/mycobot_ros2/mecharm) by extensions ['colcon_meta']
[0.297s] Level 1:colcon.colcon_core.package_identification:_identify(src/mycobot_ros2/mecharm) by extension 'colcon_meta'
[0.297s] Level 1:colcon.colcon_core.package_identification:_identify(src/mycobot_ros2/mecharm) by extensions ['ros']
[0.297s] Level 1:colcon.colcon_core.package_identification:_identify(src/mycobot_ros2/mecharm) by extension 'ros'
[0.297s] Level 1:colcon.colcon_core.package_identification:_identify(src/mycobot_ros2/mecharm) by extensions ['cmake', 'python']
[0.297s] Level 1:colcon.colcon_core.package_identification:_identify(src/mycobot_ros2/mecharm) by extension 'cmake'
[0.297s] Level 1:colcon.colcon_core.package_identification:_identify(src/mycobot_ros2/mecharm) by extension 'python'
[0.297s] Level 1:colcon.colcon_core.package_identification:_identify(src/mycobot_ros2/mecharm) by extensions ['python_setup_py']
[0.297s] Level 1:colcon.colcon_core.package_identification:_identify(src/mycobot_ros2/mecharm) by extension 'python_setup_py'
[0.297s] Level 1:colcon.colcon_core.package_identification:_identify(src/mycobot_ros2/mecharm/mecharm) by extensions ['ignore', 'ignore_ament_install']
[0.297s] Level 1:colcon.colcon_core.package_identification:_identify(src/mycobot_ros2/mecharm/mecharm) by extension 'ignore'
[0.297s] Level 1:colcon.colcon_core.package_identification:_identify(src/mycobot_ros2/mecharm/mecharm) by extension 'ignore_ament_install'
[0.297s] Level 1:colcon.colcon_core.package_identification:_identify(src/mycobot_ros2/mecharm/mecharm) by extensions ['colcon_pkg']
[0.297s] Level 1:colcon.colcon_core.package_identification:_identify(src/mycobot_ros2/mecharm/mecharm) by extension 'colcon_pkg'
[0.297s] Level 1:colcon.colcon_core.package_identification:_identify(src/mycobot_ros2/mecharm/mecharm) by extensions ['colcon_meta']
[0.297s] Level 1:colcon.colcon_core.package_identification:_identify(src/mycobot_ros2/mecharm/mecharm) by extension 'colcon_meta'
[0.297s] Level 1:colcon.colcon_core.package_identification:_identify(src/mycobot_ros2/mecharm/mecharm) by extensions ['ros']
[0.298s] Level 1:colcon.colcon_core.package_identification:_identify(src/mycobot_ros2/mecharm/mecharm) by extension 'ros'
[0.298s] DEBUG:colcon.colcon_core.package_identification:Package 'src/mycobot_ros2/mecharm/mecharm' with type 'ros.ament_python' and name 'mecharm'
[0.298s] Level 1:colcon.colcon_core.package_identification:_identify(src/mycobot_ros2/mecharm/mecharm_communication) by extensions ['ignore', 'ignore_ament_install']
[0.298s] Level 1:colcon.colcon_core.package_identification:_identify(src/mycobot_ros2/mecharm/mecharm_communication) by extension 'ignore'
[0.298s] Level 1:colcon.colcon_core.package_identification:_identify(src/mycobot_ros2/mecharm/mecharm_communication) by extension 'ignore_ament_install'
[0.298s] Level 1:colcon.colcon_core.package_identification:_identify(src/mycobot_ros2/mecharm/mecharm_communication) by extensions ['colcon_pkg']
[0.298s] Level 1:colcon.colcon_core.package_identification:_identify(src/mycobot_ros2/mecharm/mecharm_communication) by extension 'colcon_pkg'
[0.298s] Level 1:colcon.colcon_core.package_identification:_identify(src/mycobot_ros2/mecharm/mecharm_communication) by extensions ['colcon_meta']
[0.298s] Level 1:colcon.colcon_core.package_identification:_identify(src/mycobot_ros2/mecharm/mecharm_communication) by extension 'colcon_meta'
[0.298s] Level 1:colcon.colcon_core.package_identification:_identify(src/mycobot_ros2/mecharm/mecharm_communication) by extensions ['ros']
[0.298s] Level 1:colcon.colcon_core.package_identification:_identify(src/mycobot_ros2/mecharm/mecharm_communication) by extension 'ros'
[0.299s] DEBUG:colcon.colcon_core.package_identification:Package 'src/mycobot_ros2/mecharm/mecharm_communication' with type 'ros.ament_python' and name 'mecharm_communication'
[0.299s] Level 1:colcon.colcon_core.package_identification:_identify(src/mycobot_ros2/mecharm/mecharm_interfaces) by extensions ['ignore', 'ignore_ament_install']
[0.299s] Level 1:colcon.colcon_core.package_identification:_identify(src/mycobot_ros2/mecharm/mecharm_interfaces) by extension 'ignore'
[0.299s] Level 1:colcon.colcon_core.package_identification:_identify(src/mycobot_ros2/mecharm/mecharm_interfaces) by extension 'ignore_ament_install'
[0.299s] Level 1:colcon.colcon_core.package_identification:_identify(src/mycobot_ros2/mecharm/mecharm_interfaces) by extensions ['colcon_pkg']
[0.299s] Level 1:colcon.colcon_core.package_identification:_identify(src/mycobot_ros2/mecharm/mecharm_interfaces) by extension 'colcon_pkg'
[0.299s] Level 1:colcon.colcon_core.package_identification:_identify(src/mycobot_ros2/mecharm/mecharm_interfaces) by extensions ['colcon_meta']
[0.299s] Level 1:colcon.colcon_core.package_identification:_identify(src/mycobot_ros2/mecharm/mecharm_interfaces) by extension 'colcon_meta'
[0.299s] Level 1:colcon.colcon_core.package_identification:_identify(src/mycobot_ros2/mecharm/mecharm_interfaces) by extensions ['ros']
[0.299s] Level 1:colcon.colcon_core.package_identification:_identify(src/mycobot_ros2/mecharm/mecharm_interfaces) by extension 'ros'
[0.299s] DEBUG:colcon.colcon_core.package_identification:Package 'src/mycobot_ros2/mecharm/mecharm_interfaces' with type 'ros.ament_cmake' and name 'mecharm_interfaces'
[0.299s] Level 1:colcon.colcon_core.package_identification:_identify(src/mycobot_ros2/mecharm/mecharm_pi) by extensions ['ignore', 'ignore_ament_install']
[0.299s] Level 1:colcon.colcon_core.package_identification:_identify(src/mycobot_ros2/mecharm/mecharm_pi) by extension 'ignore'
[0.299s] Level 1:colcon.colcon_core.package_identification:_identify(src/mycobot_ros2/mecharm/mecharm_pi) by extension 'ignore_ament_install'
[0.299s] Level 1:colcon.colcon_core.package_identification:_identify(src/mycobot_ros2/mecharm/mecharm_pi) by extensions ['colcon_pkg']
[0.299s] Level 1:colcon.colcon_core.package_identification:_identify(src/mycobot_ros2/mecharm/mecharm_pi) by extension 'colcon_pkg'
[0.299s] Level 1:colcon.colcon_core.package_identification:_identify(src/mycobot_ros2/mecharm/mecharm_pi) by extensions ['colcon_meta']
[0.299s] Level 1:colcon.colcon_core.package_identification:_identify(src/mycobot_ros2/mecharm/mecharm_pi) by extension 'colcon_meta'
[0.299s] Level 1:colcon.colcon_core.package_identification:_identify(src/mycobot_ros2/mecharm/mecharm_pi) by extensions ['ros']
[0.299s] Level 1:colcon.colcon_core.package_identification:_identify(src/mycobot_ros2/mecharm/mecharm_pi) by extension 'ros'
[0.300s] DEBUG:colcon.colcon_core.package_identification:Package 'src/mycobot_ros2/mecharm/mecharm_pi' with type 'ros.ament_python' and name 'mecharm_pi'
[0.300s] Level 1:colcon.colcon_core.package_identification:_identify(src/mycobot_ros2/myArm) by extensions ['ignore', 'ignore_ament_install']
[0.300s] Level 1:colcon.colcon_core.package_identification:_identify(src/mycobot_ros2/myArm) by extension 'ignore'
[0.300s] Level 1:colcon.colcon_core.package_identification:_identify(src/mycobot_ros2/myArm) by extension 'ignore_ament_install'
[0.300s] Level 1:colcon.colcon_core.package_identification:_identify(src/mycobot_ros2/myArm) by extensions ['colcon_pkg']
[0.300s] Level 1:colcon.colcon_core.package_identification:_identify(src/mycobot_ros2/myArm) by extension 'colcon_pkg'
[0.300s] Level 1:colcon.colcon_core.package_identification:_identify(src/mycobot_ros2/myArm) by extensions ['colcon_meta']
[0.300s] Level 1:colcon.colcon_core.package_identification:_identify(src/mycobot_ros2/myArm) by extension 'colcon_meta'
[0.300s] Level 1:colcon.colcon_core.package_identification:_identify(src/mycobot_ros2/myArm) by extensions ['ros']
[0.300s] Level 1:colcon.colcon_core.package_identification:_identify(src/mycobot_ros2/myArm) by extension 'ros'
[0.300s] Level 1:colcon.colcon_core.package_identification:_identify(src/mycobot_ros2/myArm) by extensions ['cmake', 'python']
[0.300s] Level 1:colcon.colcon_core.package_identification:_identify(src/mycobot_ros2/myArm) by extension 'cmake'
[0.300s] Level 1:colcon.colcon_core.package_identification:_identify(src/mycobot_ros2/myArm) by extension 'python'
[0.300s] Level 1:colcon.colcon_core.package_identification:_identify(src/mycobot_ros2/myArm) by extensions ['python_setup_py']
[0.300s] Level 1:colcon.colcon_core.package_identification:_identify(src/mycobot_ros2/myArm) by extension 'python_setup_py'
[0.300s] Level 1:colcon.colcon_core.package_identification:_identify(src/mycobot_ros2/myArm/myarm_300) by extensions ['ignore', 'ignore_ament_install']
[0.300s] Level 1:colcon.colcon_core.package_identification:_identify(src/mycobot_ros2/myArm/myarm_300) by extension 'ignore'
[0.300s] Level 1:colcon.colcon_core.package_identification:_identify(src/mycobot_ros2/myArm/myarm_300) by extension 'ignore_ament_install'
[0.300s] Level 1:colcon.colcon_core.package_identification:_identify(src/mycobot_ros2/myArm/myarm_300) by extensions ['colcon_pkg']
[0.300s] Level 1:colcon.colcon_core.package_identification:_identify(src/mycobot_ros2/myArm/myarm_300) by extension 'colcon_pkg'
[0.300s] Level 1:colcon.colcon_core.package_identification:_identify(src/mycobot_ros2/myArm/myarm_300) by extensions ['colcon_meta']
[0.300s] Level 1:colcon.colcon_core.package_identification:_identify(src/mycobot_ros2/myArm/myarm_300) by extension 'colcon_meta'
[0.300s] Level 1:colcon.colcon_core.package_identification:_identify(src/mycobot_ros2/myArm/myarm_300) by extensions ['ros']
[0.300s] Level 1:colcon.colcon_core.package_identification:_identify(src/mycobot_ros2/myArm/myarm_300) by extension 'ros'
[0.301s] DEBUG:colcon.colcon_core.package_identification:Package 'src/mycobot_ros2/myArm/myarm_300' with type 'ros.ament_python' and name 'myarm_300'
[0.301s] Level 1:colcon.colcon_core.package_identification:_identify(src/mycobot_ros2/myArm/myarm_c650) by extensions ['ignore', 'ignore_ament_install']
[0.301s] Level 1:colcon.colcon_core.package_identification:_identify(src/mycobot_ros2/myArm/myarm_c650) by extension 'ignore'
[0.301s] Level 1:colcon.colcon_core.package_identification:_identify(src/mycobot_ros2/myArm/myarm_c650) by extension 'ignore_ament_install'
[0.301s] Level 1:colcon.colcon_core.package_identification:_identify(src/mycobot_ros2/myArm/myarm_c650) by extensions ['colcon_pkg']
[0.301s] Level 1:colcon.colcon_core.package_identification:_identify(src/mycobot_ros2/myArm/myarm_c650) by extension 'colcon_pkg'
[0.301s] Level 1:colcon.colcon_core.package_identification:_identify(src/mycobot_ros2/myArm/myarm_c650) by extensions ['colcon_meta']
[0.301s] Level 1:colcon.colcon_core.package_identification:_identify(src/mycobot_ros2/myArm/myarm_c650) by extension 'colcon_meta'
[0.301s] Level 1:colcon.colcon_core.package_identification:_identify(src/mycobot_ros2/myArm/myarm_c650) by extensions ['ros']
[0.301s] Level 1:colcon.colcon_core.package_identification:_identify(src/mycobot_ros2/myArm/myarm_c650) by extension 'ros'
[0.301s] DEBUG:colcon.colcon_core.package_identification:Package 'src/mycobot_ros2/myArm/myarm_c650' with type 'ros.ament_python' and name 'myarm_c650'
[0.302s] Level 1:colcon.colcon_core.package_identification:_identify(src/mycobot_ros2/myArm/myarm_m750) by extensions ['ignore', 'ignore_ament_install']
[0.302s] Level 1:colcon.colcon_core.package_identification:_identify(src/mycobot_ros2/myArm/myarm_m750) by extension 'ignore'
[0.302s] Level 1:colcon.colcon_core.package_identification:_identify(src/mycobot_ros2/myArm/myarm_m750) by extension 'ignore_ament_install'
[0.302s] Level 1:colcon.colcon_core.package_identification:_identify(src/mycobot_ros2/myArm/myarm_m750) by extensions ['colcon_pkg']
[0.302s] Level 1:colcon.colcon_core.package_identification:_identify(src/mycobot_ros2/myArm/myarm_m750) by extension 'colcon_pkg'
[0.302s] Level 1:colcon.colcon_core.package_identification:_identify(src/mycobot_ros2/myArm/myarm_m750) by extensions ['colcon_meta']
[0.302s] Level 1:colcon.colcon_core.package_identification:_identify(src/mycobot_ros2/myArm/myarm_m750) by extension 'colcon_meta'
[0.302s] Level 1:colcon.colcon_core.package_identification:_identify(src/mycobot_ros2/myArm/myarm_m750) by extensions ['ros']
[0.302s] Level 1:colcon.colcon_core.package_identification:_identify(src/mycobot_ros2/myArm/myarm_m750) by extension 'ros'
[0.302s] DEBUG:colcon.colcon_core.package_identification:Package 'src/mycobot_ros2/myArm/myarm_m750' with type 'ros.ament_python' and name 'myarm_m750'
[0.302s] Level 1:colcon.colcon_core.package_identification:_identify(src/mycobot_ros2/mycobot_280) by extensions ['ignore', 'ignore_ament_install']
[0.302s] Level 1:colcon.colcon_core.package_identification:_identify(src/mycobot_ros2/mycobot_280) by extension 'ignore'
[0.302s] Level 1:colcon.colcon_core.package_identification:_identify(src/mycobot_ros2/mycobot_280) by extension 'ignore_ament_install'
[0.302s] Level 1:colcon.colcon_core.package_identification:_identify(src/mycobot_ros2/mycobot_280) by extensions ['colcon_pkg']
[0.302s] Level 1:colcon.colcon_core.package_identification:_identify(src/mycobot_ros2/mycobot_280) by extension 'colcon_pkg'
[0.302s] Level 1:colcon.colcon_core.package_identification:_identify(src/mycobot_ros2/mycobot_280) by extensions ['colcon_meta']
[0.302s] Level 1:colcon.colcon_core.package_identification:_identify(src/mycobot_ros2/mycobot_280) by extension 'colcon_meta'
[0.302s] Level 1:colcon.colcon_core.package_identification:_identify(src/mycobot_ros2/mycobot_280) by extensions ['ros']
[0.302s] Level 1:colcon.colcon_core.package_identification:_identify(src/mycobot_ros2/mycobot_280) by extension 'ros'
[0.302s] Level 1:colcon.colcon_core.package_identification:_identify(src/mycobot_ros2/mycobot_280) by extensions ['cmake', 'python']
[0.302s] Level 1:colcon.colcon_core.package_identification:_identify(src/mycobot_ros2/mycobot_280) by extension 'cmake'
[0.302s] Level 1:colcon.colcon_core.package_identification:_identify(src/mycobot_ros2/mycobot_280) by extension 'python'
[0.302s] Level 1:colcon.colcon_core.package_identification:_identify(src/mycobot_ros2/mycobot_280) by extensions ['python_setup_py']
[0.302s] Level 1:colcon.colcon_core.package_identification:_identify(src/mycobot_ros2/mycobot_280) by extension 'python_setup_py'
[0.302s] Level 1:colcon.colcon_core.package_identification:_identify(src/mycobot_ros2/mycobot_280/mycobot_280) by extensions ['ignore', 'ignore_ament_install']
[0.302s] Level 1:colcon.colcon_core.package_identification:_identify(src/mycobot_ros2/mycobot_280/mycobot_280) by extension 'ignore'
[0.302s] Level 1:colcon.colcon_core.package_identification:_identify(src/mycobot_ros2/mycobot_280/mycobot_280) by extension 'ignore_ament_install'
[0.303s] Level 1:colcon.colcon_core.package_identification:_identify(src/mycobot_ros2/mycobot_280/mycobot_280) by extensions ['colcon_pkg']
[0.303s] Level 1:colcon.colcon_core.package_identification:_identify(src/mycobot_ros2/mycobot_280/mycobot_280) by extension 'colcon_pkg'
[0.303s] Level 1:colcon.colcon_core.package_identification:_identify(src/mycobot_ros2/mycobot_280/mycobot_280) by extensions ['colcon_meta']
[0.303s] Level 1:colcon.colcon_core.package_identification:_identify(src/mycobot_ros2/mycobot_280/mycobot_280) by extension 'colcon_meta'
[0.303s] Level 1:colcon.colcon_core.package_identification:_identify(src/mycobot_ros2/mycobot_280/mycobot_280) by extensions ['ros']
[0.303s] Level 1:colcon.colcon_core.package_identification:_identify(src/mycobot_ros2/mycobot_280/mycobot_280) by extension 'ros'
[0.303s] DEBUG:colcon.colcon_core.package_identification:Package 'src/mycobot_ros2/mycobot_280/mycobot_280' with type 'ros.ament_python' and name 'mycobot_280'
[0.303s] Level 1:colcon.colcon_core.package_identification:_identify(src/mycobot_ros2/mycobot_280/mycobot_280_arduino) by extensions ['ignore', 'ignore_ament_install']
[0.303s] Level 1:colcon.colcon_core.package_identification:_identify(src/mycobot_ros2/mycobot_280/mycobot_280_arduino) by extension 'ignore'
[0.303s] Level 1:colcon.colcon_core.package_identification:_identify(src/mycobot_ros2/mycobot_280/mycobot_280_arduino) by extension 'ignore_ament_install'
[0.303s] Level 1:colcon.colcon_core.package_identification:_identify(src/mycobot_ros2/mycobot_280/mycobot_280_arduino) by extensions ['colcon_pkg']
[0.303s] Level 1:colcon.colcon_core.package_identification:_identify(src/mycobot_ros2/mycobot_280/mycobot_280_arduino) by extension 'colcon_pkg'
[0.303s] Level 1:colcon.colcon_core.package_identification:_identify(src/mycobot_ros2/mycobot_280/mycobot_280_arduino) by extensions ['colcon_meta']
[0.303s] Level 1:colcon.colcon_core.package_identification:_identify(src/mycobot_ros2/mycobot_280/mycobot_280_arduino) by extension 'colcon_meta'
[0.303s] Level 1:colcon.colcon_core.package_identification:_identify(src/mycobot_ros2/mycobot_280/mycobot_280_arduino) by extensions ['ros']
[0.303s] Level 1:colcon.colcon_core.package_identification:_identify(src/mycobot_ros2/mycobot_280/mycobot_280_arduino) by extension 'ros'
[0.304s] DEBUG:colcon.colcon_core.package_identification:Package 'src/mycobot_ros2/mycobot_280/mycobot_280_arduino' with type 'ros.ament_python' and name 'mycobot_280_arduino'
[0.304s] Level 1:colcon.colcon_core.package_identification:_identify(src/mycobot_ros2/mycobot_280/mycobot_280_moveit2) by extensions ['ignore', 'ignore_ament_install']
[0.304s] Level 1:colcon.colcon_core.package_identification:_identify(src/mycobot_ros2/mycobot_280/mycobot_280_moveit2) by extension 'ignore'
[0.304s] Level 1:colcon.colcon_core.package_identification:_identify(src/mycobot_ros2/mycobot_280/mycobot_280_moveit2) by extension 'ignore_ament_install'
[0.304s] Level 1:colcon.colcon_core.package_identification:_identify(src/mycobot_ros2/mycobot_280/mycobot_280_moveit2) by extensions ['colcon_pkg']
[0.304s] Level 1:colcon.colcon_core.package_identification:_identify(src/mycobot_ros2/mycobot_280/mycobot_280_moveit2) by extension 'colcon_pkg'
[0.304s] Level 1:colcon.colcon_core.package_identification:_identify(src/mycobot_ros2/mycobot_280/mycobot_280_moveit2) by extensions ['colcon_meta']
[0.304s] Level 1:colcon.colcon_core.package_identification:_identify(src/mycobot_ros2/mycobot_280/mycobot_280_moveit2) by extension 'colcon_meta'
[0.304s] Level 1:colcon.colcon_core.package_identification:_identify(src/mycobot_ros2/mycobot_280/mycobot_280_moveit2) by extensions ['ros']
[0.304s] Level 1:colcon.colcon_core.package_identification:_identify(src/mycobot_ros2/mycobot_280/mycobot_280_moveit2) by extension 'ros'
[0.305s] DEBUG:colcon.colcon_core.package_identification:Package 'src/mycobot_ros2/mycobot_280/mycobot_280_moveit2' with type 'ros.ament_cmake' and name 'mycobot_280_moveit2'
[0.305s] Level 1:colcon.colcon_core.package_identification:_identify(src/mycobot_ros2/mycobot_280/mycobot_280_moveit2_control) by extensions ['ignore', 'ignore_ament_install']
[0.305s] Level 1:colcon.colcon_core.package_identification:_identify(src/mycobot_ros2/mycobot_280/mycobot_280_moveit2_control) by extension 'ignore'
[0.305s] Level 1:colcon.colcon_core.package_identification:_identify(src/mycobot_ros2/mycobot_280/mycobot_280_moveit2_control) by extension 'ignore_ament_install'
[0.305s] Level 1:colcon.colcon_core.package_identification:_identify(src/mycobot_ros2/mycobot_280/mycobot_280_moveit2_control) by extensions ['colcon_pkg']
[0.305s] Level 1:colcon.colcon_core.package_identification:_identify(src/mycobot_ros2/mycobot_280/mycobot_280_moveit2_control) by extension 'colcon_pkg'
[0.305s] Level 1:colcon.colcon_core.package_identification:_identify(src/mycobot_ros2/mycobot_280/mycobot_280_moveit2_control) by extensions ['colcon_meta']
[0.305s] Level 1:colcon.colcon_core.package_identification:_identify(src/mycobot_ros2/mycobot_280/mycobot_280_moveit2_control) by extension 'colcon_meta'
[0.305s] Level 1:colcon.colcon_core.package_identification:_identify(src/mycobot_ros2/mycobot_280/mycobot_280_moveit2_control) by extensions ['ros']
[0.305s] Level 1:colcon.colcon_core.package_identification:_identify(src/mycobot_ros2/mycobot_280/mycobot_280_moveit2_control) by extension 'ros'
[0.305s] DEBUG:colcon.colcon_core.package_identification:Package 'src/mycobot_ros2/mycobot_280/mycobot_280_moveit2_control' with type 'ros.ament_python' and name 'mycobot_280_moveit2_control'
[0.305s] Level 1:colcon.colcon_core.package_identification:_identify(src/mycobot_ros2/mycobot_280/mycobot_280_rdkx5) by extensions ['ignore', 'ignore_ament_install']
[0.305s] Level 1:colcon.colcon_core.package_identification:_identify(src/mycobot_ros2/mycobot_280/mycobot_280_rdkx5) by extension 'ignore'
[0.305s] Level 1:colcon.colcon_core.package_identification:_identify(src/mycobot_ros2/mycobot_280/mycobot_280_rdkx5) by extension 'ignore_ament_install'
[0.306s] Level 1:colcon.colcon_core.package_identification:_identify(src/mycobot_ros2/mycobot_280/mycobot_280_rdkx5) by extensions ['colcon_pkg']
[0.306s] Level 1:colcon.colcon_core.package_identification:_identify(src/mycobot_ros2/mycobot_280/mycobot_280_rdkx5) by extension 'colcon_pkg'
[0.306s] Level 1:colcon.colcon_core.package_identification:_identify(src/mycobot_ros2/mycobot_280/mycobot_280_rdkx5) by extensions ['colcon_meta']
[0.306s] Level 1:colcon.colcon_core.package_identification:_identify(src/mycobot_ros2/mycobot_280/mycobot_280_rdkx5) by extension 'colcon_meta'
[0.306s] Level 1:colcon.colcon_core.package_identification:_identify(src/mycobot_ros2/mycobot_280/mycobot_280_rdkx5) by extensions ['ros']
[0.306s] Level 1:colcon.colcon_core.package_identification:_identify(src/mycobot_ros2/mycobot_280/mycobot_280_rdkx5) by extension 'ros'
[0.306s] DEBUG:colcon.colcon_core.package_identification:Package 'src/mycobot_ros2/mycobot_280/mycobot_280_rdkx5' with type 'ros.ament_python' and name 'mycobot_280_rdkx5'
[0.306s] Level 1:colcon.colcon_core.package_identification:_identify(src/mycobot_ros2/mycobot_280/mycobot_280_riscv) by extensions ['ignore', 'ignore_ament_install']
[0.306s] Level 1:colcon.colcon_core.package_identification:_identify(src/mycobot_ros2/mycobot_280/mycobot_280_riscv) by extension 'ignore'
[0.306s] Level 1:colcon.colcon_core.package_identification:_identify(src/mycobot_ros2/mycobot_280/mycobot_280_riscv) by extension 'ignore_ament_install'
[0.307s] Level 1:colcon.colcon_core.package_identification:_identify(src/mycobot_ros2/mycobot_280/mycobot_280_riscv) by extensions ['colcon_pkg']
[0.307s] Level 1:colcon.colcon_core.package_identification:_identify(src/mycobot_ros2/mycobot_280/mycobot_280_riscv) by extension 'colcon_pkg'
[0.307s] Level 1:colcon.colcon_core.package_identification:_identify(src/mycobot_ros2/mycobot_280/mycobot_280_riscv) by extensions ['colcon_meta']
[0.307s] Level 1:colcon.colcon_core.package_identification:_identify(src/mycobot_ros2/mycobot_280/mycobot_280_riscv) by extension 'colcon_meta'
[0.307s] Level 1:colcon.colcon_core.package_identification:_identify(src/mycobot_ros2/mycobot_280/mycobot_280_riscv) by extensions ['ros']
[0.307s] Level 1:colcon.colcon_core.package_identification:_identify(src/mycobot_ros2/mycobot_280/mycobot_280_riscv) by extension 'ros'
[0.307s] DEBUG:colcon.colcon_core.package_identification:Package 'src/mycobot_ros2/mycobot_280/mycobot_280_riscv' with type 'ros.ament_python' and name 'mycobot_280_riscv'
[0.307s] Level 1:colcon.colcon_core.package_identification:_identify(src/mycobot_ros2/mycobot_280/mycobot_280_x3pi) by extensions ['ignore', 'ignore_ament_install']
[0.307s] Level 1:colcon.colcon_core.package_identification:_identify(src/mycobot_ros2/mycobot_280/mycobot_280_x3pi) by extension 'ignore'
[0.307s] Level 1:colcon.colcon_core.package_identification:_identify(src/mycobot_ros2/mycobot_280/mycobot_280_x3pi) by extension 'ignore_ament_install'
[0.307s] Level 1:colcon.colcon_core.package_identification:_identify(src/mycobot_ros2/mycobot_280/mycobot_280_x3pi) by extensions ['colcon_pkg']
[0.307s] Level 1:colcon.colcon_core.package_identification:_identify(src/mycobot_ros2/mycobot_280/mycobot_280_x3pi) by extension 'colcon_pkg'
[0.307s] Level 1:colcon.colcon_core.package_identification:_identify(src/mycobot_ros2/mycobot_280/mycobot_280_x3pi) by extensions ['colcon_meta']
[0.307s] Level 1:colcon.colcon_core.package_identification:_identify(src/mycobot_ros2/mycobot_280/mycobot_280_x3pi) by extension 'colcon_meta'
[0.307s] Level 1:colcon.colcon_core.package_identification:_identify(src/mycobot_ros2/mycobot_280/mycobot_280_x3pi) by extensions ['ros']
[0.307s] Level 1:colcon.colcon_core.package_identification:_identify(src/mycobot_ros2/mycobot_280/mycobot_280_x3pi) by extension 'ros'
[0.308s] DEBUG:colcon.colcon_core.package_identification:Package 'src/mycobot_ros2/mycobot_280/mycobot_280_x3pi' with type 'ros.ament_python' and name 'mycobot_280_x3pi'
[0.308s] Level 1:colcon.colcon_core.package_identification:_identify(src/mycobot_ros2/mycobot_280/mycobot_280arduino_moveit2) by extensions ['ignore', 'ignore_ament_install']
[0.308s] Level 1:colcon.colcon_core.package_identification:_identify(src/mycobot_ros2/mycobot_280/mycobot_280arduino_moveit2) by extension 'ignore'
[0.308s] Level 1:colcon.colcon_core.package_identification:_identify(src/mycobot_ros2/mycobot_280/mycobot_280arduino_moveit2) by extension 'ignore_ament_install'
[0.308s] Level 1:colcon.colcon_core.package_identification:_identify(src/mycobot_ros2/mycobot_280/mycobot_280arduino_moveit2) by extensions ['colcon_pkg']
[0.308s] Level 1:colcon.colcon_core.package_identification:_identify(src/mycobot_ros2/mycobot_280/mycobot_280arduino_moveit2) by extension 'colcon_pkg'
[0.308s] Level 1:colcon.colcon_core.package_identification:_identify(src/mycobot_ros2/mycobot_280/mycobot_280arduino_moveit2) by extensions ['colcon_meta']
[0.308s] Level 1:colcon.colcon_core.package_identification:_identify(src/mycobot_ros2/mycobot_280/mycobot_280arduino_moveit2) by extension 'colcon_meta'
[0.308s] Level 1:colcon.colcon_core.package_identification:_identify(src/mycobot_ros2/mycobot_280/mycobot_280arduino_moveit2) by extensions ['ros']
[0.308s] Level 1:colcon.colcon_core.package_identification:_identify(src/mycobot_ros2/mycobot_280/mycobot_280arduino_moveit2) by extension 'ros'
[0.309s] DEBUG:colcon.colcon_core.package_identification:Package 'src/mycobot_ros2/mycobot_280/mycobot_280arduino_moveit2' with type 'ros.ament_cmake' and name 'mycobot_280arduino_moveit2'
[0.309s] Level 1:colcon.colcon_core.package_identification:_identify(src/mycobot_ros2/mycobot_280/mycobot_280jn) by extensions ['ignore', 'ignore_ament_install']
[0.309s] Level 1:colcon.colcon_core.package_identification:_identify(src/mycobot_ros2/mycobot_280/mycobot_280jn) by extension 'ignore'
[0.309s] Level 1:colcon.colcon_core.package_identification:_identify(src/mycobot_ros2/mycobot_280/mycobot_280jn) by extension 'ignore_ament_install'
[0.309s] Level 1:colcon.colcon_core.package_identification:_identify(src/mycobot_ros2/mycobot_280/mycobot_280jn) by extensions ['colcon_pkg']
[0.309s] Level 1:colcon.colcon_core.package_identification:_identify(src/mycobot_ros2/mycobot_280/mycobot_280jn) by extension 'colcon_pkg'
[0.309s] Level 1:colcon.colcon_core.package_identification:_identify(src/mycobot_ros2/mycobot_280/mycobot_280jn) by extensions ['colcon_meta']
[0.309s] Level 1:colcon.colcon_core.package_identification:_identify(src/mycobot_ros2/mycobot_280/mycobot_280jn) by extension 'colcon_meta'
[0.309s] Level 1:colcon.colcon_core.package_identification:_identify(src/mycobot_ros2/mycobot_280/mycobot_280jn) by extensions ['ros']
[0.309s] Level 1:colcon.colcon_core.package_identification:_identify(src/mycobot_ros2/mycobot_280/mycobot_280jn) by extension 'ros'
[0.310s] DEBUG:colcon.colcon_core.package_identification:Package 'src/mycobot_ros2/mycobot_280/mycobot_280jn' with type 'ros.ament_python' and name 'mycobot_280jn'
[0.310s] Level 1:colcon.colcon_core.package_identification:_identify(src/mycobot_ros2/mycobot_280/mycobot_280pi) by extensions ['ignore', 'ignore_ament_install']
[0.310s] Level 1:colcon.colcon_core.package_identification:_identify(src/mycobot_ros2/mycobot_280/mycobot_280pi) by extension 'ignore'
[0.310s] Level 1:colcon.colcon_core.package_identification:_identify(src/mycobot_ros2/mycobot_280/mycobot_280pi) by extension 'ignore_ament_install'
[0.310s] Level 1:colcon.colcon_core.package_identification:_identify(src/mycobot_ros2/mycobot_280/mycobot_280pi) by extensions ['colcon_pkg']
[0.310s] Level 1:colcon.colcon_core.package_identification:_identify(src/mycobot_ros2/mycobot_280/mycobot_280pi) by extension 'colcon_pkg'
[0.310s] Level 1:colcon.colcon_core.package_identification:_identify(src/mycobot_ros2/mycobot_280/mycobot_280pi) by extensions ['colcon_meta']
[0.311s] Level 1:colcon.colcon_core.package_identification:_identify(src/mycobot_ros2/mycobot_280/mycobot_280pi) by extension 'colcon_meta'
[0.311s] Level 1:colcon.colcon_core.package_identification:_identify(src/mycobot_ros2/mycobot_280/mycobot_280pi) by extensions ['ros']
[0.311s] Level 1:colcon.colcon_core.package_identification:_identify(src/mycobot_ros2/mycobot_280/mycobot_280pi) by extension 'ros'
[0.311s] DEBUG:colcon.colcon_core.package_identification:Package 'src/mycobot_ros2/mycobot_280/mycobot_280pi' with type 'ros.ament_python' and name 'mycobot_280pi'
[0.311s] Level 1:colcon.colcon_core.package_identification:_identify(src/mycobot_ros2/mycobot_280/mycobot_280rdkx5_moveit2) by extensions ['ignore', 'ignore_ament_install']
[0.311s] Level 1:colcon.colcon_core.package_identification:_identify(src/mycobot_ros2/mycobot_280/mycobot_280rdkx5_moveit2) by extension 'ignore'
[0.311s] Level 1:colcon.colcon_core.package_identification:_identify(src/mycobot_ros2/mycobot_280/mycobot_280rdkx5_moveit2) by extension 'ignore_ament_install'
[0.311s] Level 1:colcon.colcon_core.package_identification:_identify(src/mycobot_ros2/mycobot_280/mycobot_280rdkx5_moveit2) by extensions ['colcon_pkg']
[0.311s] Level 1:colcon.colcon_core.package_identification:_identify(src/mycobot_ros2/mycobot_280/mycobot_280rdkx5_moveit2) by extension 'colcon_pkg'
[0.311s] Level 1:colcon.colcon_core.package_identification:_identify(src/mycobot_ros2/mycobot_280/mycobot_280rdkx5_moveit2) by extensions ['colcon_meta']
[0.311s] Level 1:colcon.colcon_core.package_identification:_identify(src/mycobot_ros2/mycobot_280/mycobot_280rdkx5_moveit2) by extension 'colcon_meta'
[0.311s] Level 1:colcon.colcon_core.package_identification:_identify(src/mycobot_ros2/mycobot_280/mycobot_280rdkx5_moveit2) by extensions ['ros']
[0.311s] Level 1:colcon.colcon_core.package_identification:_identify(src/mycobot_ros2/mycobot_280/mycobot_280rdkx5_moveit2) by extension 'ros'
[0.312s] DEBUG:colcon.colcon_core.package_identification:Package 'src/mycobot_ros2/mycobot_280/mycobot_280rdkx5_moveit2' with type 'ros.ament_cmake' and name 'mycobot_280rdkx5_moveit2'
[0.312s] Level 1:colcon.colcon_core.package_identification:_identify(src/mycobot_ros2/mycobot_280/mycobot_interfaces) by extensions ['ignore', 'ignore_ament_install']
[0.312s] Level 1:colcon.colcon_core.package_identification:_identify(src/mycobot_ros2/mycobot_280/mycobot_interfaces) by extension 'ignore'
[0.312s] Level 1:colcon.colcon_core.package_identification:_identify(src/mycobot_ros2/mycobot_280/mycobot_interfaces) by extension 'ignore_ament_install'
[0.312s] Level 1:colcon.colcon_core.package_identification:_identify(src/mycobot_ros2/mycobot_280/mycobot_interfaces) by extensions ['colcon_pkg']
[0.312s] Level 1:colcon.colcon_core.package_identification:_identify(src/mycobot_ros2/mycobot_280/mycobot_interfaces) by extension 'colcon_pkg'
[0.312s] Level 1:colcon.colcon_core.package_identification:_identify(src/mycobot_ros2/mycobot_280/mycobot_interfaces) by extensions ['colcon_meta']
[0.312s] Level 1:colcon.colcon_core.package_identification:_identify(src/mycobot_ros2/mycobot_280/mycobot_interfaces) by extension 'colcon_meta'
[0.312s] Level 1:colcon.colcon_core.package_identification:_identify(src/mycobot_ros2/mycobot_280/mycobot_interfaces) by extensions ['ros']
[0.312s] Level 1:colcon.colcon_core.package_identification:_identify(src/mycobot_ros2/mycobot_280/mycobot_interfaces) by extension 'ros'
[0.312s] DEBUG:colcon.colcon_core.package_identification:Package 'src/mycobot_ros2/mycobot_280/mycobot_interfaces' with type 'ros.ament_cmake' and name 'mycobot_interfaces'
[0.312s] Level 1:colcon.colcon_core.package_identification:_identify(src/mycobot_ros2/mycobot_320) by extensions ['ignore', 'ignore_ament_install']
[0.312s] Level 1:colcon.colcon_core.package_identification:_identify(src/mycobot_ros2/mycobot_320) by extension 'ignore'
[0.312s] Level 1:colcon.colcon_core.package_identification:_identify(src/mycobot_ros2/mycobot_320) by extension 'ignore_ament_install'
[0.312s] Level 1:colcon.colcon_core.package_identification:_identify(src/mycobot_ros2/mycobot_320) by extensions ['colcon_pkg']
[0.312s] Level 1:colcon.colcon_core.package_identification:_identify(src/mycobot_ros2/mycobot_320) by extension 'colcon_pkg'
[0.312s] Level 1:colcon.colcon_core.package_identification:_identify(src/mycobot_ros2/mycobot_320) by extensions ['colcon_meta']
[0.312s] Level 1:colcon.colcon_core.package_identification:_identify(src/mycobot_ros2/mycobot_320) by extension 'colcon_meta'
[0.312s] Level 1:colcon.colcon_core.package_identification:_identify(src/mycobot_ros2/mycobot_320) by extensions ['ros']
[0.312s] Level 1:colcon.colcon_core.package_identification:_identify(src/mycobot_ros2/mycobot_320) by extension 'ros'
[0.312s] Level 1:colcon.colcon_core.package_identification:_identify(src/mycobot_ros2/mycobot_320) by extensions ['cmake', 'python']
[0.312s] Level 1:colcon.colcon_core.package_identification:_identify(src/mycobot_ros2/mycobot_320) by extension 'cmake'
[0.312s] Level 1:colcon.colcon_core.package_identification:_identify(src/mycobot_ros2/mycobot_320) by extension 'python'
[0.312s] Level 1:colcon.colcon_core.package_identification:_identify(src/mycobot_ros2/mycobot_320) by extensions ['python_setup_py']
[0.312s] Level 1:colcon.colcon_core.package_identification:_identify(src/mycobot_ros2/mycobot_320) by extension 'python_setup_py'
[0.312s] Level 1:colcon.colcon_core.package_identification:_identify(src/mycobot_ros2/mycobot_320/mycobot_320) by extensions ['ignore', 'ignore_ament_install']
[0.312s] Level 1:colcon.colcon_core.package_identification:_identify(src/mycobot_ros2/mycobot_320/mycobot_320) by extension 'ignore'
[0.312s] Level 1:colcon.colcon_core.package_identification:_identify(src/mycobot_ros2/mycobot_320/mycobot_320) by extension 'ignore_ament_install'
[0.313s] Level 1:colcon.colcon_core.package_identification:_identify(src/mycobot_ros2/mycobot_320/mycobot_320) by extensions ['colcon_pkg']
[0.313s] Level 1:colcon.colcon_core.package_identification:_identify(src/mycobot_ros2/mycobot_320/mycobot_320) by extension 'colcon_pkg'
[0.313s] Level 1:colcon.colcon_core.package_identification:_identify(src/mycobot_ros2/mycobot_320/mycobot_320) by extensions ['colcon_meta']
[0.313s] Level 1:colcon.colcon_core.package_identification:_identify(src/mycobot_ros2/mycobot_320/mycobot_320) by extension 'colcon_meta'
[0.313s] Level 1:colcon.colcon_core.package_identification:_identify(src/mycobot_ros2/mycobot_320/mycobot_320) by extensions ['ros']
[0.313s] Level 1:colcon.colcon_core.package_identification:_identify(src/mycobot_ros2/mycobot_320/mycobot_320) by extension 'ros'
[0.313s] DEBUG:colcon.colcon_core.package_identification:Package 'src/mycobot_ros2/mycobot_320/mycobot_320' with type 'ros.ament_python' and name 'mycobot_320'
[0.313s] Level 1:colcon.colcon_core.package_identification:_identify(src/mycobot_ros2/mycobot_320/mycobot_320_riscv) by extensions ['ignore', 'ignore_ament_install']
[0.313s] Level 1:colcon.colcon_core.package_identification:_identify(src/mycobot_ros2/mycobot_320/mycobot_320_riscv) by extension 'ignore'
[0.313s] Level 1:colcon.colcon_core.package_identification:_identify(src/mycobot_ros2/mycobot_320/mycobot_320_riscv) by extension 'ignore_ament_install'
[0.313s] Level 1:colcon.colcon_core.package_identification:_identify(src/mycobot_ros2/mycobot_320/mycobot_320_riscv) by extensions ['colcon_pkg']
[0.313s] Level 1:colcon.colcon_core.package_identification:_identify(src/mycobot_ros2/mycobot_320/mycobot_320_riscv) by extension 'colcon_pkg'
[0.313s] Level 1:colcon.colcon_core.package_identification:_identify(src/mycobot_ros2/mycobot_320/mycobot_320_riscv) by extensions ['colcon_meta']
[0.313s] Level 1:colcon.colcon_core.package_identification:_identify(src/mycobot_ros2/mycobot_320/mycobot_320_riscv) by extension 'colcon_meta'
[0.313s] Level 1:colcon.colcon_core.package_identification:_identify(src/mycobot_ros2/mycobot_320/mycobot_320_riscv) by extensions ['ros']
[0.313s] Level 1:colcon.colcon_core.package_identification:_identify(src/mycobot_ros2/mycobot_320/mycobot_320_riscv) by extension 'ros'
[0.314s] DEBUG:colcon.colcon_core.package_identification:Package 'src/mycobot_ros2/mycobot_320/mycobot_320_riscv' with type 'ros.ament_python' and name 'mycobot_320_riscv'
[0.314s] Level 1:colcon.colcon_core.package_identification:_identify(src/mycobot_ros2/mycobot_320/mycobot_320pi) by extensions ['ignore', 'ignore_ament_install']
[0.314s] Level 1:colcon.colcon_core.package_identification:_identify(src/mycobot_ros2/mycobot_320/mycobot_320pi) by extension 'ignore'
[0.314s] Level 1:colcon.colcon_core.package_identification:_identify(src/mycobot_ros2/mycobot_320/mycobot_320pi) by extension 'ignore_ament_install'
[0.314s] Level 1:colcon.colcon_core.package_identification:_identify(src/mycobot_ros2/mycobot_320/mycobot_320pi) by extensions ['colcon_pkg']
[0.314s] Level 1:colcon.colcon_core.package_identification:_identify(src/mycobot_ros2/mycobot_320/mycobot_320pi) by extension 'colcon_pkg'
[0.314s] Level 1:colcon.colcon_core.package_identification:_identify(src/mycobot_ros2/mycobot_320/mycobot_320pi) by extensions ['colcon_meta']
[0.314s] Level 1:colcon.colcon_core.package_identification:_identify(src/mycobot_ros2/mycobot_320/mycobot_320pi) by extension 'colcon_meta'
[0.314s] Level 1:colcon.colcon_core.package_identification:_identify(src/mycobot_ros2/mycobot_320/mycobot_320pi) by extensions ['ros']
[0.314s] Level 1:colcon.colcon_core.package_identification:_identify(src/mycobot_ros2/mycobot_320/mycobot_320pi) by extension 'ros'
[0.314s] DEBUG:colcon.colcon_core.package_identification:Package 'src/mycobot_ros2/mycobot_320/mycobot_320pi' with type 'ros.ament_python' and name 'mycobot_320pi'
[0.314s] Level 1:colcon.colcon_core.package_identification:_identify(src/mycobot_ros2/mycobot_communication) by extensions ['ignore', 'ignore_ament_install']
[0.314s] Level 1:colcon.colcon_core.package_identification:_identify(src/mycobot_ros2/mycobot_communication) by extension 'ignore'
[0.314s] Level 1:colcon.colcon_core.package_identification:_identify(src/mycobot_ros2/mycobot_communication) by extension 'ignore_ament_install'
[0.314s] Level 1:colcon.colcon_core.package_identification:_identify(src/mycobot_ros2/mycobot_communication) by extensions ['colcon_pkg']
[0.314s] Level 1:colcon.colcon_core.package_identification:_identify(src/mycobot_ros2/mycobot_communication) by extension 'colcon_pkg'
[0.314s] Level 1:colcon.colcon_core.package_identification:_identify(src/mycobot_ros2/mycobot_communication) by extensions ['colcon_meta']
[0.314s] Level 1:colcon.colcon_core.package_identification:_identify(src/mycobot_ros2/mycobot_communication) by extension 'colcon_meta'
[0.314s] Level 1:colcon.colcon_core.package_identification:_identify(src/mycobot_ros2/mycobot_communication) by extensions ['ros']
[0.314s] Level 1:colcon.colcon_core.package_identification:_identify(src/mycobot_ros2/mycobot_communication) by extension 'ros'
[0.315s] DEBUG:colcon.colcon_core.package_identification:Package 'src/mycobot_ros2/mycobot_communication' with type 'ros.ament_python' and name 'mycobot_communication'
[0.315s] Level 1:colcon.colcon_core.package_identification:_identify(src/mycobot_ros2/mycobot_description) by extensions ['ignore', 'ignore_ament_install']
[0.315s] Level 1:colcon.colcon_core.package_identification:_identify(src/mycobot_ros2/mycobot_description) by extension 'ignore'
[0.315s] Level 1:colcon.colcon_core.package_identification:_identify(src/mycobot_ros2/mycobot_description) by extension 'ignore_ament_install'
[0.315s] Level 1:colcon.colcon_core.package_identification:_identify(src/mycobot_ros2/mycobot_description) by extensions ['colcon_pkg']
[0.315s] Level 1:colcon.colcon_core.package_identification:_identify(src/mycobot_ros2/mycobot_description) by extension 'colcon_pkg'
[0.315s] Level 1:colcon.colcon_core.package_identification:_identify(src/mycobot_ros2/mycobot_description) by extensions ['colcon_meta']
[0.315s] Level 1:colcon.colcon_core.package_identification:_identify(src/mycobot_ros2/mycobot_description) by extension 'colcon_meta'
[0.315s] Level 1:colcon.colcon_core.package_identification:_identify(src/mycobot_ros2/mycobot_description) by extensions ['ros']
[0.315s] Level 1:colcon.colcon_core.package_identification:_identify(src/mycobot_ros2/mycobot_description) by extension 'ros'
[0.315s] DEBUG:colcon.colcon_core.package_identification:Package 'src/mycobot_ros2/mycobot_description' with type 'ros.ament_python' and name 'mycobot_description'
[0.315s] Level 1:colcon.colcon_core.package_identification:_identify(src/mycobot_ros2/mycobot_pro) by extensions ['ignore', 'ignore_ament_install']
[0.315s] Level 1:colcon.colcon_core.package_identification:_identify(src/mycobot_ros2/mycobot_pro) by extension 'ignore'
[0.315s] Level 1:colcon.colcon_core.package_identification:_identify(src/mycobot_ros2/mycobot_pro) by extension 'ignore_ament_install'
[0.315s] Level 1:colcon.colcon_core.package_identification:_identify(src/mycobot_ros2/mycobot_pro) by extensions ['colcon_pkg']
[0.315s] Level 1:colcon.colcon_core.package_identification:_identify(src/mycobot_ros2/mycobot_pro) by extension 'colcon_pkg'
[0.315s] Level 1:colcon.colcon_core.package_identification:_identify(src/mycobot_ros2/mycobot_pro) by extensions ['colcon_meta']
[0.315s] Level 1:colcon.colcon_core.package_identification:_identify(src/mycobot_ros2/mycobot_pro) by extension 'colcon_meta'
[0.315s] Level 1:colcon.colcon_core.package_identification:_identify(src/mycobot_ros2/mycobot_pro) by extensions ['ros']
[0.315s] Level 1:colcon.colcon_core.package_identification:_identify(src/mycobot_ros2/mycobot_pro) by extension 'ros'
[0.315s] Level 1:colcon.colcon_core.package_identification:_identify(src/mycobot_ros2/mycobot_pro) by extensions ['cmake', 'python']
[0.315s] Level 1:colcon.colcon_core.package_identification:_identify(src/mycobot_ros2/mycobot_pro) by extension 'cmake'
[0.315s] Level 1:colcon.colcon_core.package_identification:_identify(src/mycobot_ros2/mycobot_pro) by extension 'python'
[0.315s] Level 1:colcon.colcon_core.package_identification:_identify(src/mycobot_ros2/mycobot_pro) by extensions ['python_setup_py']
[0.315s] Level 1:colcon.colcon_core.package_identification:_identify(src/mycobot_ros2/mycobot_pro) by extension 'python_setup_py'
[0.315s] Level 1:colcon.colcon_core.package_identification:_identify(src/mycobot_ros2/mycobot_pro/mycobot_600) by extensions ['ignore', 'ignore_ament_install']
[0.316s] Level 1:colcon.colcon_core.package_identification:_identify(src/mycobot_ros2/mycobot_pro/mycobot_600) by extension 'ignore'
[0.316s] Level 1:colcon.colcon_core.package_identification:_identify(src/mycobot_ros2/mycobot_pro/mycobot_600) by extension 'ignore_ament_install'
[0.316s] Level 1:colcon.colcon_core.package_identification:_identify(src/mycobot_ros2/mycobot_pro/mycobot_600) by extensions ['colcon_pkg']
[0.316s] Level 1:colcon.colcon_core.package_identification:_identify(src/mycobot_ros2/mycobot_pro/mycobot_600) by extension 'colcon_pkg'
[0.316s] Level 1:colcon.colcon_core.package_identification:_identify(src/mycobot_ros2/mycobot_pro/mycobot_600) by extensions ['colcon_meta']
[0.316s] Level 1:colcon.colcon_core.package_identification:_identify(src/mycobot_ros2/mycobot_pro/mycobot_600) by extension 'colcon_meta'
[0.316s] Level 1:colcon.colcon_core.package_identification:_identify(src/mycobot_ros2/mycobot_pro/mycobot_600) by extensions ['ros']
[0.316s] Level 1:colcon.colcon_core.package_identification:_identify(src/mycobot_ros2/mycobot_pro/mycobot_600) by extension 'ros'
[0.316s] DEBUG:colcon.colcon_core.package_identification:Package 'src/mycobot_ros2/mycobot_pro/mycobot_600' with type 'ros.ament_python' and name 'mycobot_600'
[0.316s] Level 1:colcon.colcon_core.package_identification:_identify(src/mycobot_ros2/mycobot_pro/mycobot_630) by extensions ['ignore', 'ignore_ament_install']
[0.316s] Level 1:colcon.colcon_core.package_identification:_identify(src/mycobot_ros2/mycobot_pro/mycobot_630) by extension 'ignore'
[0.316s] Level 1:colcon.colcon_core.package_identification:_identify(src/mycobot_ros2/mycobot_pro/mycobot_630) by extension 'ignore_ament_install'
[0.316s] Level 1:colcon.colcon_core.package_identification:_identify(src/mycobot_ros2/mycobot_pro/mycobot_630) by extensions ['colcon_pkg']
[0.316s] Level 1:colcon.colcon_core.package_identification:_identify(src/mycobot_ros2/mycobot_pro/mycobot_630) by extension 'colcon_pkg'
[0.316s] Level 1:colcon.colcon_core.package_identification:_identify(src/mycobot_ros2/mycobot_pro/mycobot_630) by extensions ['colcon_meta']
[0.316s] Level 1:colcon.colcon_core.package_identification:_identify(src/mycobot_ros2/mycobot_pro/mycobot_630) by extension 'colcon_meta'
[0.316s] Level 1:colcon.colcon_core.package_identification:_identify(src/mycobot_ros2/mycobot_pro/mycobot_630) by extensions ['ros']
[0.316s] Level 1:colcon.colcon_core.package_identification:_identify(src/mycobot_ros2/mycobot_pro/mycobot_630) by extension 'ros'
[0.317s] DEBUG:colcon.colcon_core.package_identification:Package 'src/mycobot_ros2/mycobot_pro/mycobot_630' with type 'ros.ament_python' and name 'mycobot_630'
[0.317s] Level 1:colcon.colcon_core.package_identification:_identify(src/mycobot_ros2/mypalletizer_260) by extensions ['ignore', 'ignore_ament_install']
[0.317s] Level 1:colcon.colcon_core.package_identification:_identify(src/mycobot_ros2/mypalletizer_260) by extension 'ignore'
[0.317s] Level 1:colcon.colcon_core.package_identification:_identify(src/mycobot_ros2/mypalletizer_260) by extension 'ignore_ament_install'
[0.317s] Level 1:colcon.colcon_core.package_identification:_identify(src/mycobot_ros2/mypalletizer_260) by extensions ['colcon_pkg']
[0.317s] Level 1:colcon.colcon_core.package_identification:_identify(src/mycobot_ros2/mypalletizer_260) by extension 'colcon_pkg'
[0.317s] Level 1:colcon.colcon_core.package_identification:_identify(src/mycobot_ros2/mypalletizer_260) by extensions ['colcon_meta']
[0.317s] Level 1:colcon.colcon_core.package_identification:_identify(src/mycobot_ros2/mypalletizer_260) by extension 'colcon_meta'
[0.317s] Level 1:colcon.colcon_core.package_identification:_identify(src/mycobot_ros2/mypalletizer_260) by extensions ['ros']
[0.317s] Level 1:colcon.colcon_core.package_identification:_identify(src/mycobot_ros2/mypalletizer_260) by extension 'ros'
[0.317s] Level 1:colcon.colcon_core.package_identification:_identify(src/mycobot_ros2/mypalletizer_260) by extensions ['cmake', 'python']
[0.317s] Level 1:colcon.colcon_core.package_identification:_identify(src/mycobot_ros2/mypalletizer_260) by extension 'cmake'
[0.317s] Level 1:colcon.colcon_core.package_identification:_identify(src/mycobot_ros2/mypalletizer_260) by extension 'python'
[0.317s] Level 1:colcon.colcon_core.package_identification:_identify(src/mycobot_ros2/mypalletizer_260) by extensions ['python_setup_py']
[0.317s] Level 1:colcon.colcon_core.package_identification:_identify(src/mycobot_ros2/mypalletizer_260) by extension 'python_setup_py'
[0.317s] Level 1:colcon.colcon_core.package_identification:_identify(src/mycobot_ros2/mypalletizer_260/mypalletizer_260) by extensions ['ignore', 'ignore_ament_install']
[0.317s] Level 1:colcon.colcon_core.package_identification:_identify(src/mycobot_ros2/mypalletizer_260/mypalletizer_260) by extension 'ignore'
[0.317s] Level 1:colcon.colcon_core.package_identification:_identify(src/mycobot_ros2/mypalletizer_260/mypalletizer_260) by extension 'ignore_ament_install'
[0.317s] Level 1:colcon.colcon_core.package_identification:_identify(src/mycobot_ros2/mypalletizer_260/mypalletizer_260) by extensions ['colcon_pkg']
[0.317s] Level 1:colcon.colcon_core.package_identification:_identify(src/mycobot_ros2/mypalletizer_260/mypalletizer_260) by extension 'colcon_pkg'
[0.317s] Level 1:colcon.colcon_core.package_identification:_identify(src/mycobot_ros2/mypalletizer_260/mypalletizer_260) by extensions ['colcon_meta']
[0.317s] Level 1:colcon.colcon_core.package_identification:_identify(src/mycobot_ros2/mypalletizer_260/mypalletizer_260) by extension 'colcon_meta'
[0.317s] Level 1:colcon.colcon_core.package_identification:_identify(src/mycobot_ros2/mypalletizer_260/mypalletizer_260) by extensions ['ros']
[0.317s] Level 1:colcon.colcon_core.package_identification:_identify(src/mycobot_ros2/mypalletizer_260/mypalletizer_260) by extension 'ros'
[0.317s] DEBUG:colcon.colcon_core.package_identification:Package 'src/mycobot_ros2/mypalletizer_260/mypalletizer_260' with type 'ros.ament_python' and name 'mypalletizer_260'
[0.318s] Level 1:colcon.colcon_core.package_identification:_identify(src/mycobot_ros2/mypalletizer_260/mypalletizer_260_pi) by extensions ['ignore', 'ignore_ament_install']
[0.318s] Level 1:colcon.colcon_core.package_identification:_identify(src/mycobot_ros2/mypalletizer_260/mypalletizer_260_pi) by extension 'ignore'
[0.318s] Level 1:colcon.colcon_core.package_identification:_identify(src/mycobot_ros2/mypalletizer_260/mypalletizer_260_pi) by extension 'ignore_ament_install'
[0.318s] Level 1:colcon.colcon_core.package_identification:_identify(src/mycobot_ros2/mypalletizer_260/mypalletizer_260_pi) by extensions ['colcon_pkg']
[0.318s] Level 1:colcon.colcon_core.package_identification:_identify(src/mycobot_ros2/mypalletizer_260/mypalletizer_260_pi) by extension 'colcon_pkg'
[0.318s] Level 1:colcon.colcon_core.package_identification:_identify(src/mycobot_ros2/mypalletizer_260/mypalletizer_260_pi) by extensions ['colcon_meta']
[0.318s] Level 1:colcon.colcon_core.package_identification:_identify(src/mycobot_ros2/mypalletizer_260/mypalletizer_260_pi) by extension 'colcon_meta'
[0.318s] Level 1:colcon.colcon_core.package_identification:_identify(src/mycobot_ros2/mypalletizer_260/mypalletizer_260_pi) by extensions ['ros']
[0.318s] Level 1:colcon.colcon_core.package_identification:_identify(src/mycobot_ros2/mypalletizer_260/mypalletizer_260_pi) by extension 'ros'
[0.318s] DEBUG:colcon.colcon_core.package_identification:Package 'src/mycobot_ros2/mypalletizer_260/mypalletizer_260_pi' with type 'ros.ament_python' and name 'mypalletizer_260_pi'
[0.318s] Level 1:colcon.colcon_core.package_identification:_identify(src/mycobot_ros2/mypalletizer_260/mypalletizer_communication) by extensions ['ignore', 'ignore_ament_install']
[0.318s] Level 1:colcon.colcon_core.package_identification:_identify(src/mycobot_ros2/mypalletizer_260/mypalletizer_communication) by extension 'ignore'
[0.318s] Level 1:colcon.colcon_core.package_identification:_identify(src/mycobot_ros2/mypalletizer_260/mypalletizer_communication) by extension 'ignore_ament_install'
[0.318s] Level 1:colcon.colcon_core.package_identification:_identify(src/mycobot_ros2/mypalletizer_260/mypalletizer_communication) by extensions ['colcon_pkg']
[0.318s] Level 1:colcon.colcon_core.package_identification:_identify(src/mycobot_ros2/mypalletizer_260/mypalletizer_communication) by extension 'colcon_pkg'
[0.318s] Level 1:colcon.colcon_core.package_identification:_identify(src/mycobot_ros2/mypalletizer_260/mypalletizer_communication) by extensions ['colcon_meta']
[0.318s] Level 1:colcon.colcon_core.package_identification:_identify(src/mycobot_ros2/mypalletizer_260/mypalletizer_communication) by extension 'colcon_meta'
[0.318s] Level 1:colcon.colcon_core.package_identification:_identify(src/mycobot_ros2/mypalletizer_260/mypalletizer_communication) by extensions ['ros']
[0.318s] Level 1:colcon.colcon_core.package_identification:_identify(src/mycobot_ros2/mypalletizer_260/mypalletizer_communication) by extension 'ros'
[0.319s] DEBUG:colcon.colcon_core.package_identification:Package 'src/mycobot_ros2/mypalletizer_260/mypalletizer_communication' with type 'ros.ament_python' and name 'mypalletizer_communication'
[0.319s] Level 1:colcon.colcon_core.package_identification:_identify(src/mycobot_ros2/mypalletizer_260/mypalletizer_interfaces) by extensions ['ignore', 'ignore_ament_install']
[0.319s] Level 1:colcon.colcon_core.package_identification:_identify(src/mycobot_ros2/mypalletizer_260/mypalletizer_interfaces) by extension 'ignore'
[0.319s] Level 1:colcon.colcon_core.package_identification:_identify(src/mycobot_ros2/mypalletizer_260/mypalletizer_interfaces) by extension 'ignore_ament_install'
[0.319s] Level 1:colcon.colcon_core.package_identification:_identify(src/mycobot_ros2/mypalletizer_260/mypalletizer_interfaces) by extensions ['colcon_pkg']
[0.319s] Level 1:colcon.colcon_core.package_identification:_identify(src/mycobot_ros2/mypalletizer_260/mypalletizer_interfaces) by extension 'colcon_pkg'
[0.319s] Level 1:colcon.colcon_core.package_identification:_identify(src/mycobot_ros2/mypalletizer_260/mypalletizer_interfaces) by extensions ['colcon_meta']
[0.319s] Level 1:colcon.colcon_core.package_identification:_identify(src/mycobot_ros2/mypalletizer_260/mypalletizer_interfaces) by extension 'colcon_meta'
[0.319s] Level 1:colcon.colcon_core.package_identification:_identify(src/mycobot_ros2/mypalletizer_260/mypalletizer_interfaces) by extensions ['ros']
[0.319s] Level 1:colcon.colcon_core.package_identification:_identify(src/mycobot_ros2/mypalletizer_260/mypalletizer_interfaces) by extension 'ros'
[0.319s] DEBUG:colcon.colcon_core.package_identification:Package 'src/mycobot_ros2/mypalletizer_260/mypalletizer_interfaces' with type 'ros.ament_cmake' and name 'mypalletizer_interfaces'
[0.319s] Level 1:colcon.colcon_core.package_identification:_identify(src/mycobot_ros2/ultraArm) by extensions ['ignore', 'ignore_ament_install']
[0.319s] Level 1:colcon.colcon_core.package_identification:_identify(src/mycobot_ros2/ultraArm) by extension 'ignore'
[0.319s] Level 1:colcon.colcon_core.package_identification:_identify(src/mycobot_ros2/ultraArm) by extension 'ignore_ament_install'
[0.319s] Level 1:colcon.colcon_core.package_identification:_identify(src/mycobot_ros2/ultraArm) by extensions ['colcon_pkg']
[0.319s] Level 1:colcon.colcon_core.package_identification:_identify(src/mycobot_ros2/ultraArm) by extension 'colcon_pkg'
[0.319s] Level 1:colcon.colcon_core.package_identification:_identify(src/mycobot_ros2/ultraArm) by extensions ['colcon_meta']
[0.319s] Level 1:colcon.colcon_core.package_identification:_identify(src/mycobot_ros2/ultraArm) by extension 'colcon_meta'
[0.319s] Level 1:colcon.colcon_core.package_identification:_identify(src/mycobot_ros2/ultraArm) by extensions ['ros']
[0.319s] Level 1:colcon.colcon_core.package_identification:_identify(src/mycobot_ros2/ultraArm) by extension 'ros'
[0.319s] Level 1:colcon.colcon_core.package_identification:_identify(src/mycobot_ros2/ultraArm) by extensions ['cmake', 'python']
[0.319s] Level 1:colcon.colcon_core.package_identification:_identify(src/mycobot_ros2/ultraArm) by extension 'cmake'
[0.319s] Level 1:colcon.colcon_core.package_identification:_identify(src/mycobot_ros2/ultraArm) by extension 'python'
[0.319s] Level 1:colcon.colcon_core.package_identification:_identify(src/mycobot_ros2/ultraArm) by extensions ['python_setup_py']
[0.319s] Level 1:colcon.colcon_core.package_identification:_identify(src/mycobot_ros2/ultraArm) by extension 'python_setup_py'
[0.319s] Level 1:colcon.colcon_core.package_identification:_identify(src/mycobot_ros2/ultraArm/ultraArm_Testtool) by extensions ['ignore', 'ignore_ament_install']
[0.319s] Level 1:colcon.colcon_core.package_identification:_identify(src/mycobot_ros2/ultraArm/ultraArm_Testtool) by extension 'ignore'
[0.320s] Level 1:colcon.colcon_core.package_identification:_identify(src/mycobot_ros2/ultraArm/ultraArm_Testtool) by extension 'ignore_ament_install'
[0.320s] Level 1:colcon.colcon_core.package_identification:_identify(src/mycobot_ros2/ultraArm/ultraArm_Testtool) by extensions ['colcon_pkg']
[0.320s] Level 1:colcon.colcon_core.package_identification:_identify(src/mycobot_ros2/ultraArm/ultraArm_Testtool) by extension 'colcon_pkg'
[0.320s] Level 1:colcon.colcon_core.package_identification:_identify(src/mycobot_ros2/ultraArm/ultraArm_Testtool) by extensions ['colcon_meta']
[0.320s] Level 1:colcon.colcon_core.package_identification:_identify(src/mycobot_ros2/ultraArm/ultraArm_Testtool) by extension 'colcon_meta'
[0.320s] Level 1:colcon.colcon_core.package_identification:_identify(src/mycobot_ros2/ultraArm/ultraArm_Testtool) by extensions ['ros']
[0.320s] Level 1:colcon.colcon_core.package_identification:_identify(src/mycobot_ros2/ultraArm/ultraArm_Testtool) by extension 'ros'
[0.320s] Level 1:colcon.colcon_core.package_identification:_identify(src/mycobot_ros2/ultraArm/ultraArm_Testtool) by extensions ['cmake', 'python']
[0.320s] Level 1:colcon.colcon_core.package_identification:_identify(src/mycobot_ros2/ultraArm/ultraArm_Testtool) by extension 'cmake'
[0.320s] Level 1:colcon.colcon_core.package_identification:_identify(src/mycobot_ros2/ultraArm/ultraArm_Testtool) by extension 'python'
[0.320s] Level 1:colcon.colcon_core.package_identification:_identify(src/mycobot_ros2/ultraArm/ultraArm_Testtool) by extensions ['python_setup_py']
[0.320s] Level 1:colcon.colcon_core.package_identification:_identify(src/mycobot_ros2/ultraArm/ultraArm_Testtool) by extension 'python_setup_py'
[0.320s] Level 1:colcon.colcon_core.package_identification:_identify(src/mycobot_ros2/ultraArm/ultraArm_Testtool/__pycache__) by extensions ['ignore', 'ignore_ament_install']
[0.320s] Level 1:colcon.colcon_core.package_identification:_identify(src/mycobot_ros2/ultraArm/ultraArm_Testtool/__pycache__) by extension 'ignore'
[0.320s] Level 1:colcon.colcon_core.package_identification:_identify(src/mycobot_ros2/ultraArm/ultraArm_Testtool/__pycache__) by extension 'ignore_ament_install'
[0.320s] Level 1:colcon.colcon_core.package_identification:_identify(src/mycobot_ros2/ultraArm/ultraArm_Testtool/__pycache__) by extensions ['colcon_pkg']
[0.320s] Level 1:colcon.colcon_core.package_identification:_identify(src/mycobot_ros2/ultraArm/ultraArm_Testtool/__pycache__) by extension 'colcon_pkg'
[0.320s] Level 1:colcon.colcon_core.package_identification:_identify(src/mycobot_ros2/ultraArm/ultraArm_Testtool/__pycache__) by extensions ['colcon_meta']
[0.320s] Level 1:colcon.colcon_core.package_identification:_identify(src/mycobot_ros2/ultraArm/ultraArm_Testtool/__pycache__) by extension 'colcon_meta'
[0.320s] Level 1:colcon.colcon_core.package_identification:_identify(src/mycobot_ros2/ultraArm/ultraArm_Testtool/__pycache__) by extensions ['ros']
[0.320s] Level 1:colcon.colcon_core.package_identification:_identify(src/mycobot_ros2/ultraArm/ultraArm_Testtool/__pycache__) by extension 'ros'
[0.320s] Level 1:colcon.colcon_core.package_identification:_identify(src/mycobot_ros2/ultraArm/ultraArm_Testtool/__pycache__) by extensions ['cmake', 'python']
[0.320s] Level 1:colcon.colcon_core.package_identification:_identify(src/mycobot_ros2/ultraArm/ultraArm_Testtool/__pycache__) by extension 'cmake'
[0.320s] Level 1:colcon.colcon_core.package_identification:_identify(src/mycobot_ros2/ultraArm/ultraArm_Testtool/__pycache__) by extension 'python'
[0.320s] Level 1:colcon.colcon_core.package_identification:_identify(src/mycobot_ros2/ultraArm/ultraArm_Testtool/__pycache__) by extensions ['python_setup_py']
[0.320s] Level 1:colcon.colcon_core.package_identification:_identify(src/mycobot_ros2/ultraArm/ultraArm_Testtool/__pycache__) by extension 'python_setup_py'
[0.320s] Level 1:colcon.colcon_core.package_identification:_identify(src/mycobot_ros2/ultraArm/ultraarm) by extensions ['ignore', 'ignore_ament_install']
[0.320s] Level 1:colcon.colcon_core.package_identification:_identify(src/mycobot_ros2/ultraArm/ultraarm) by extension 'ignore'
[0.320s] Level 1:colcon.colcon_core.package_identification:_identify(src/mycobot_ros2/ultraArm/ultraarm) by extension 'ignore_ament_install'
[0.320s] Level 1:colcon.colcon_core.package_identification:_identify(src/mycobot_ros2/ultraArm/ultraarm) by extensions ['colcon_pkg']
[0.320s] Level 1:colcon.colcon_core.package_identification:_identify(src/mycobot_ros2/ultraArm/ultraarm) by extension 'colcon_pkg'
[0.320s] Level 1:colcon.colcon_core.package_identification:_identify(src/mycobot_ros2/ultraArm/ultraarm) by extensions ['colcon_meta']
[0.320s] Level 1:colcon.colcon_core.package_identification:_identify(src/mycobot_ros2/ultraArm/ultraarm) by extension 'colcon_meta'
[0.320s] Level 1:colcon.colcon_core.package_identification:_identify(src/mycobot_ros2/ultraArm/ultraarm) by extensions ['ros']
[0.320s] Level 1:colcon.colcon_core.package_identification:_identify(src/mycobot_ros2/ultraArm/ultraarm) by extension 'ros'
[0.321s] DEBUG:colcon.colcon_core.package_identification:Package 'src/mycobot_ros2/ultraArm/ultraarm' with type 'ros.ament_python' and name 'ultraarm'
[0.321s] Level 1:colcon.colcon_core.package_identification:_identify(src/traj_scripts) by extensions ['ignore', 'ignore_ament_install']
[0.321s] Level 1:colcon.colcon_core.package_identification:_identify(src/traj_scripts) by extension 'ignore'
[0.321s] Level 1:colcon.colcon_core.package_identification:_identify(src/traj_scripts) by extension 'ignore_ament_install'
[0.321s] Level 1:colcon.colcon_core.package_identification:_identify(src/traj_scripts) by extensions ['colcon_pkg']
[0.321s] Level 1:colcon.colcon_core.package_identification:_identify(src/traj_scripts) by extension 'colcon_pkg'
[0.321s] Level 1:colcon.colcon_core.package_identification:_identify(src/traj_scripts) by extensions ['colcon_meta']
[0.321s] Level 1:colcon.colcon_core.package_identification:_identify(src/traj_scripts) by extension 'colcon_meta'
[0.321s] Level 1:colcon.colcon_core.package_identification:_identify(src/traj_scripts) by extensions ['ros']
[0.321s] Level 1:colcon.colcon_core.package_identification:_identify(src/traj_scripts) by extension 'ros'
[0.322s] DEBUG:colcon.colcon_core.package_identification:Package 'src/traj_scripts' with type 'ros.ament_cmake' and name 'traj_scripts'
[0.322s] Level 1:colcon.colcon_core.package_discovery:discover_packages(recursive) using defaults
[0.322s] Level 1:colcon.colcon_core.package_discovery:discover_packages(ignore) discover
[0.322s] Level 1:colcon.colcon_core.package_discovery:discover_packages(ignore) using defaults
[0.322s] Level 1:colcon.colcon_core.package_discovery:discover_packages(path) discover
[0.322s] Level 1:colcon.colcon_core.package_discovery:discover_packages(path) using defaults
[0.348s] Level 1:colcon.colcon_core.package_discovery:discover_packages(prefix_path) check parameters
[0.348s] Level 1:colcon.colcon_core.package_discovery:discover_packages(prefix_path) discover
[0.351s] DEBUG:colcon.colcon_installed_package_information.package_discovery:Found 33 installed packages in /home/robotics/ros2_cobot/install
[0.352s] DEBUG:colcon.colcon_installed_package_information.package_discovery:Found 388 installed packages in /opt/ros/humble
[0.353s] Level 1:colcon.colcon_core.package_discovery:discover_packages(prefix_path) using defaults
[0.387s] Level 5:colcon.colcon_core.verb:set package 'mecharm_interfaces' build argument 'cmake_args' from command line to 'None'
[0.387s] Level 5:colcon.colcon_core.verb:set package 'mecharm_interfaces' build argument 'cmake_target' from command line to 'None'
[0.387s] Level 5:colcon.colcon_core.verb:set package 'mecharm_interfaces' build argument 'cmake_target_skip_unavailable' from command line to 'False'
[0.387s] Level 5:colcon.colcon_core.verb:set package 'mecharm_interfaces' build argument 'cmake_clean_cache' from command line to 'False'
[0.387s] Level 5:colcon.colcon_core.verb:set package 'mecharm_interfaces' build argument 'cmake_clean_first' from command line to 'False'
[0.387s] Level 5:colcon.colcon_core.verb:set package 'mecharm_interfaces' build argument 'cmake_force_configure' from command line to 'False'
[0.387s] Level 5:colcon.colcon_core.verb:set package 'mecharm_interfaces' build argument 'ament_cmake_args' from command line to 'None'
[0.387s] Level 5:colcon.colcon_core.verb:set package 'mecharm_interfaces' build argument 'catkin_cmake_args' from command line to 'None'
[0.387s] Level 5:colcon.colcon_core.verb:set package 'mecharm_interfaces' build argument 'catkin_skip_building_tests' from command line to 'False'
[0.387s] DEBUG:colcon.colcon_core.verb:Building package 'mecharm_interfaces' with the following arguments: {'ament_cmake_args': None, 'build_base': '/home/robotics/ros2_cobot/build/mecharm_interfaces', 'catkin_cmake_args': None, 'catkin_skip_building_tests': False, 'cmake_args': None, 'cmake_clean_cache': False, 'cmake_clean_first': False, 'cmake_force_configure': False, 'cmake_target': None, 'cmake_target_skip_unavailable': False, 'install_base': '/home/robotics/ros2_cobot/install/mecharm_interfaces', 'merge_install': False, 'path': '/home/robotics/ros2_cobot/src/mycobot_ros2/mecharm/mecharm_interfaces', 'symlink_install': False, 'test_result_base': None}
[0.387s] Level 5:colcon.colcon_core.verb:set package 'mycobot_description' build argument 'cmake_args' from command line to 'None'
[0.387s] Level 5:colcon.colcon_core.verb:set package 'mycobot_description' build argument 'cmake_target' from command line to 'None'
[0.387s] Level 5:colcon.colcon_core.verb:set package 'mycobot_description' build argument 'cmake_target_skip_unavailable' from command line to 'False'
[0.387s] Level 5:colcon.colcon_core.verb:set package 'mycobot_description' build argument 'cmake_clean_cache' from command line to 'False'
[0.387s] Level 5:colcon.colcon_core.verb:set package 'mycobot_description' build argument 'cmake_clean_first' from command line to 'False'
[0.387s] Level 5:colcon.colcon_core.verb:set package 'mycobot_description' build argument 'cmake_force_configure' from command line to 'False'
[0.387s] Level 5:colcon.colcon_core.verb:set package 'mycobot_description' build argument 'ament_cmake_args' from command line to 'None'
[0.387s] Level 5:colcon.colcon_core.verb:set package 'mycobot_description' build argument 'catkin_cmake_args' from command line to 'None'
[0.387s] Level 5:colcon.colcon_core.verb:set package 'mycobot_description' build argument 'catkin_skip_building_tests' from command line to 'False'
[0.387s] DEBUG:colcon.colcon_core.verb:Building package 'mycobot_description' with the following arguments: {'ament_cmake_args': None, 'build_base': '/home/robotics/ros2_cobot/build/mycobot_description', 'catkin_cmake_args': None, 'catkin_skip_building_tests': False, 'cmake_args': None, 'cmake_clean_cache': False, 'cmake_clean_first': False, 'cmake_force_configure': False, 'cmake_target': None, 'cmake_target_skip_unavailable': False, 'install_base': '/home/robotics/ros2_cobot/install/mycobot_description', 'merge_install': False, 'path': '/home/robotics/ros2_cobot/src/mycobot_ros2/mycobot_description', 'symlink_install': False, 'test_result_base': None}
[0.388s] Level 5:colcon.colcon_core.verb:set package 'mycobot_interfaces' build argument 'cmake_args' from command line to 'None'
[0.388s] Level 5:colcon.colcon_core.verb:set package 'mycobot_interfaces' build argument 'cmake_target' from command line to 'None'
[0.388s] Level 5:colcon.colcon_core.verb:set package 'mycobot_interfaces' build argument 'cmake_target_skip_unavailable' from command line to 'False'
[0.388s] Level 5:colcon.colcon_core.verb:set package 'mycobot_interfaces' build argument 'cmake_clean_cache' from command line to 'False'
[0.388s] Level 5:colcon.colcon_core.verb:set package 'mycobot_interfaces' build argument 'cmake_clean_first' from command line to 'False'
[0.388s] Level 5:colcon.colcon_core.verb:set package 'mycobot_interfaces' build argument 'cmake_force_configure' from command line to 'False'
[0.388s] Level 5:colcon.colcon_core.verb:set package 'mycobot_interfaces' build argument 'ament_cmake_args' from command line to 'None'
[0.388s] Level 5:colcon.colcon_core.verb:set package 'mycobot_interfaces' build argument 'catkin_cmake_args' from command line to 'None'
[0.388s] Level 5:colcon.colcon_core.verb:set package 'mycobot_interfaces' build argument 'catkin_skip_building_tests' from command line to 'False'
[0.388s] DEBUG:colcon.colcon_core.verb:Building package 'mycobot_interfaces' with the following arguments: {'ament_cmake_args': None, 'build_base': '/home/robotics/ros2_cobot/build/mycobot_interfaces', 'catkin_cmake_args': None, 'catkin_skip_building_tests': False, 'cmake_args': None, 'cmake_clean_cache': False, 'cmake_clean_first': False, 'cmake_force_configure': False, 'cmake_target': None, 'cmake_target_skip_unavailable': False, 'install_base': '/home/robotics/ros2_cobot/install/mycobot_interfaces', 'merge_install': False, 'path': '/home/robotics/ros2_cobot/src/mycobot_ros2/mycobot_280/mycobot_interfaces', 'symlink_install': False, 'test_result_base': None}
[0.388s] Level 5:colcon.colcon_core.verb:set package 'mypalletizer_interfaces' build argument 'cmake_args' from command line to 'None'
[0.388s] Level 5:colcon.colcon_core.verb:set package 'mypalletizer_interfaces' build argument 'cmake_target' from command line to 'None'
[0.388s] Level 5:colcon.colcon_core.verb:set package 'mypalletizer_interfaces' build argument 'cmake_target_skip_unavailable' from command line to 'False'
[0.388s] Level 5:colcon.colcon_core.verb:set package 'mypalletizer_interfaces' build argument 'cmake_clean_cache' from command line to 'False'
[0.388s] Level 5:colcon.colcon_core.verb:set package 'mypalletizer_interfaces' build argument 'cmake_clean_first' from command line to 'False'
[0.388s] Level 5:colcon.colcon_core.verb:set package 'mypalletizer_interfaces' build argument 'cmake_force_configure' from command line to 'False'
[0.388s] Level 5:colcon.colcon_core.verb:set package 'mypalletizer_interfaces' build argument 'ament_cmake_args' from command line to 'None'
[0.388s] Level 5:colcon.colcon_core.verb:set package 'mypalletizer_interfaces' build argument 'catkin_cmake_args' from command line to 'None'
[0.388s] Level 5:colcon.colcon_core.verb:set package 'mypalletizer_interfaces' build argument 'catkin_skip_building_tests' from command line to 'False'
[0.388s] DEBUG:colcon.colcon_core.verb:Building package 'mypalletizer_interfaces' with the following arguments: {'ament_cmake_args': None, 'build_base': '/home/robotics/ros2_cobot/build/mypalletizer_interfaces', 'catkin_cmake_args': None, 'catkin_skip_building_tests': False, 'cmake_args': None, 'cmake_clean_cache': False, 'cmake_clean_first': False, 'cmake_force_configure': False, 'cmake_target': None, 'cmake_target_skip_unavailable': False, 'install_base': '/home/robotics/ros2_cobot/install/mypalletizer_interfaces', 'merge_install': False, 'path': '/home/robotics/ros2_cobot/src/mycobot_ros2/mypalletizer_260/mypalletizer_interfaces', 'symlink_install': False, 'test_result_base': None}
[0.389s] Level 5:colcon.colcon_core.verb:set package 'traj_scripts' build argument 'cmake_args' from command line to 'None'
[0.389s] Level 5:colcon.colcon_core.verb:set package 'traj_scripts' build argument 'cmake_target' from command line to 'None'
[0.389s] Level 5:colcon.colcon_core.verb:set package 'traj_scripts' build argument 'cmake_target_skip_unavailable' from command line to 'False'
[0.389s] Level 5:colcon.colcon_core.verb:set package 'traj_scripts' build argument 'cmake_clean_cache' from command line to 'False'
[0.389s] Level 5:colcon.colcon_core.verb:set package 'traj_scripts' build argument 'cmake_clean_first' from command line to 'False'
[0.389s] Level 5:colcon.colcon_core.verb:set package 'traj_scripts' build argument 'cmake_force_configure' from command line to 'False'
[0.389s] Level 5:colcon.colcon_core.verb:set package 'traj_scripts' build argument 'ament_cmake_args' from command line to 'None'
[0.389s] Level 5:colcon.colcon_core.verb:set package 'traj_scripts' build argument 'catkin_cmake_args' from command line to 'None'
[0.389s] Level 5:colcon.colcon_core.verb:set package 'traj_scripts' build argument 'catkin_skip_building_tests' from command line to 'False'
[0.389s] DEBUG:colcon.colcon_core.verb:Building package 'traj_scripts' with the following arguments: {'ament_cmake_args': None, 'build_base': '/home/robotics/ros2_cobot/build/traj_scripts', 'catkin_cmake_args': None, 'catkin_skip_building_tests': False, 'cmake_args': None, 'cmake_clean_cache': False, 'cmake_clean_first': False, 'cmake_force_configure': False, 'cmake_target': None, 'cmake_target_skip_unavailable': False, 'install_base': '/home/robotics/ros2_cobot/install/traj_scripts', 'merge_install': False, 'path': '/home/robotics/ros2_cobot/src/traj_scripts', 'symlink_install': False, 'test_result_base': None}
[0.389s] Level 5:colcon.colcon_core.verb:set package 'mecharm' build argument 'cmake_args' from command line to 'None'
[0.389s] Level 5:colcon.colcon_core.verb:set package 'mecharm' build argument 'cmake_target' from command line to 'None'
[0.390s] Level 5:colcon.colcon_core.verb:set package 'mecharm' build argument 'cmake_target_skip_unavailable' from command line to 'False'
[0.390s] Level 5:colcon.colcon_core.verb:set package 'mecharm' build argument 'cmake_clean_cache' from command line to 'False'
[0.390s] Level 5:colcon.colcon_core.verb:set package 'mecharm' build argument 'cmake_clean_first' from command line to 'False'
[0.390s] Level 5:colcon.colcon_core.verb:set package 'mecharm' build argument 'cmake_force_configure' from command line to 'False'
[0.390s] Level 5:colcon.colcon_core.verb:set package 'mecharm' build argument 'ament_cmake_args' from command line to 'None'
[0.390s] Level 5:colcon.colcon_core.verb:set package 'mecharm' build argument 'catkin_cmake_args' from command line to 'None'
[0.390s] Level 5:colcon.colcon_core.verb:set package 'mecharm' build argument 'catkin_skip_building_tests' from command line to 'False'
[0.390s] DEBUG:colcon.colcon_core.verb:Building package 'mecharm' with the following arguments: {'ament_cmake_args': None, 'build_base': '/home/robotics/ros2_cobot/build/mecharm', 'catkin_cmake_args': None, 'catkin_skip_building_tests': False, 'cmake_args': None, 'cmake_clean_cache': False, 'cmake_clean_first': False, 'cmake_force_configure': False, 'cmake_target': None, 'cmake_target_skip_unavailable': False, 'install_base': '/home/robotics/ros2_cobot/install/mecharm', 'merge_install': False, 'path': '/home/robotics/ros2_cobot/src/mycobot_ros2/mecharm/mecharm', 'symlink_install': False, 'test_result_base': None}
[0.390s] Level 5:colcon.colcon_core.verb:set package 'mecharm_communication' build argument 'cmake_args' from command line to 'None'
[0.390s] Level 5:colcon.colcon_core.verb:set package 'mecharm_communication' build argument 'cmake_target' from command line to 'None'
[0.390s] Level 5:colcon.colcon_core.verb:set package 'mecharm_communication' build argument 'cmake_target_skip_unavailable' from command line to 'False'
[0.390s] Level 5:colcon.colcon_core.verb:set package 'mecharm_communication' build argument 'cmake_clean_cache' from command line to 'False'
[0.390s] Level 5:colcon.colcon_core.verb:set package 'mecharm_communication' build argument 'cmake_clean_first' from command line to 'False'
[0.390s] Level 5:colcon.colcon_core.verb:set package 'mecharm_communication' build argument 'cmake_force_configure' from command line to 'False'
[0.390s] Level 5:colcon.colcon_core.verb:set package 'mecharm_communication' build argument 'ament_cmake_args' from command line to 'None'
[0.390s] Level 5:colcon.colcon_core.verb:set package 'mecharm_communication' build argument 'catkin_cmake_args' from command line to 'None'
[0.390s] Level 5:colcon.colcon_core.verb:set package 'mecharm_communication' build argument 'catkin_skip_building_tests' from command line to 'False'
[0.390s] DEBUG:colcon.colcon_core.verb:Building package 'mecharm_communication' with the following arguments: {'ament_cmake_args': None, 'build_base': '/home/robotics/ros2_cobot/build/mecharm_communication', 'catkin_cmake_args': None, 'catkin_skip_building_tests': False, 'cmake_args': None, 'cmake_clean_cache': False, 'cmake_clean_first': False, 'cmake_force_configure': False, 'cmake_target': None, 'cmake_target_skip_unavailable': False, 'install_base': '/home/robotics/ros2_cobot/install/mecharm_communication', 'merge_install': False, 'path': '/home/robotics/ros2_cobot/src/mycobot_ros2/mecharm/mecharm_communication', 'symlink_install': False, 'test_result_base': None}
[0.390s] Level 5:colcon.colcon_core.verb:set package 'mecharm_pi' build argument 'cmake_args' from command line to 'None'
[0.390s] Level 5:colcon.colcon_core.verb:set package 'mecharm_pi' build argument 'cmake_target' from command line to 'None'
[0.390s] Level 5:colcon.colcon_core.verb:set package 'mecharm_pi' build argument 'cmake_target_skip_unavailable' from command line to 'False'
[0.390s] Level 5:colcon.colcon_core.verb:set package 'mecharm_pi' build argument 'cmake_clean_cache' from command line to 'False'
[0.390s] Level 5:colcon.colcon_core.verb:set package 'mecharm_pi' build argument 'cmake_clean_first' from command line to 'False'
[0.390s] Level 5:colcon.colcon_core.verb:set package 'mecharm_pi' build argument 'cmake_force_configure' from command line to 'False'
[0.390s] Level 5:colcon.colcon_core.verb:set package 'mecharm_pi' build argument 'ament_cmake_args' from command line to 'None'
[0.390s] Level 5:colcon.colcon_core.verb:set package 'mecharm_pi' build argument 'catkin_cmake_args' from command line to 'None'
[0.390s] Level 5:colcon.colcon_core.verb:set package 'mecharm_pi' build argument 'catkin_skip_building_tests' from command line to 'False'
[0.390s] DEBUG:colcon.colcon_core.verb:Building package 'mecharm_pi' with the following arguments: {'ament_cmake_args': None, 'build_base': '/home/robotics/ros2_cobot/build/mecharm_pi', 'catkin_cmake_args': None, 'catkin_skip_building_tests': False, 'cmake_args': None, 'cmake_clean_cache': False, 'cmake_clean_first': False, 'cmake_force_configure': False, 'cmake_target': None, 'cmake_target_skip_unavailable': False, 'install_base': '/home/robotics/ros2_cobot/install/mecharm_pi', 'merge_install': False, 'path': '/home/robotics/ros2_cobot/src/mycobot_ros2/mecharm/mecharm_pi', 'symlink_install': False, 'test_result_base': None}
[0.391s] Level 5:colcon.colcon_core.verb:set package 'myarm_300' build argument 'cmake_args' from command line to 'None'
[0.391s] Level 5:colcon.colcon_core.verb:set package 'myarm_300' build argument 'cmake_target' from command line to 'None'
[0.391s] Level 5:colcon.colcon_core.verb:set package 'myarm_300' build argument 'cmake_target_skip_unavailable' from command line to 'False'
[0.391s] Level 5:colcon.colcon_core.verb:set package 'myarm_300' build argument 'cmake_clean_cache' from command line to 'False'
[0.391s] Level 5:colcon.colcon_core.verb:set package 'myarm_300' build argument 'cmake_clean_first' from command line to 'False'
[0.391s] Level 5:colcon.colcon_core.verb:set package 'myarm_300' build argument 'cmake_force_configure' from command line to 'False'
[0.391s] Level 5:colcon.colcon_core.verb:set package 'myarm_300' build argument 'ament_cmake_args' from command line to 'None'
[0.391s] Level 5:colcon.colcon_core.verb:set package 'myarm_300' build argument 'catkin_cmake_args' from command line to 'None'
[0.391s] Level 5:colcon.colcon_core.verb:set package 'myarm_300' build argument 'catkin_skip_building_tests' from command line to 'False'
[0.391s] DEBUG:colcon.colcon_core.verb:Building package 'myarm_300' with the following arguments: {'ament_cmake_args': None, 'build_base': '/home/robotics/ros2_cobot/build/myarm_300', 'catkin_cmake_args': None, 'catkin_skip_building_tests': False, 'cmake_args': None, 'cmake_clean_cache': False, 'cmake_clean_first': False, 'cmake_force_configure': False, 'cmake_target': None, 'cmake_target_skip_unavailable': False, 'install_base': '/home/robotics/ros2_cobot/install/myarm_300', 'merge_install': False, 'path': '/home/robotics/ros2_cobot/src/mycobot_ros2/myArm/myarm_300', 'symlink_install': False, 'test_result_base': None}
[0.391s] Level 5:colcon.colcon_core.verb:set package 'mybuddy' build argument 'cmake_args' from command line to 'None'
[0.391s] Level 5:colcon.colcon_core.verb:set package 'mybuddy' build argument 'cmake_target' from command line to 'None'
[0.391s] Level 5:colcon.colcon_core.verb:set package 'mybuddy' build argument 'cmake_target_skip_unavailable' from command line to 'False'
[0.391s] Level 5:colcon.colcon_core.verb:set package 'mybuddy' build argument 'cmake_clean_cache' from command line to 'False'
[0.391s] Level 5:colcon.colcon_core.verb:set package 'mybuddy' build argument 'cmake_clean_first' from command line to 'False'
[0.391s] Level 5:colcon.colcon_core.verb:set package 'mybuddy' build argument 'cmake_force_configure' from command line to 'False'
[0.391s] Level 5:colcon.colcon_core.verb:set package 'mybuddy' build argument 'ament_cmake_args' from command line to 'None'
[0.391s] Level 5:colcon.colcon_core.verb:set package 'mybuddy' build argument 'catkin_cmake_args' from command line to 'None'
[0.391s] Level 5:colcon.colcon_core.verb:set package 'mybuddy' build argument 'catkin_skip_building_tests' from command line to 'False'
[0.391s] DEBUG:colcon.colcon_core.verb:Building package 'mybuddy' with the following arguments: {'ament_cmake_args': None, 'build_base': '/home/robotics/ros2_cobot/build/mybuddy', 'catkin_cmake_args': None, 'catkin_skip_building_tests': False, 'cmake_args': None, 'cmake_clean_cache': False, 'cmake_clean_first': False, 'cmake_force_configure': False, 'cmake_target': None, 'cmake_target_skip_unavailable': False, 'install_base': '/home/robotics/ros2_cobot/install/mybuddy', 'merge_install': False, 'path': '/home/robotics/ros2_cobot/src/mycobot_ros2/Mybuddy/mybuddy', 'symlink_install': False, 'test_result_base': None}
[0.391s] Level 5:colcon.colcon_core.verb:set package 'mycobot_280' build argument 'cmake_args' from command line to 'None'
[0.391s] Level 5:colcon.colcon_core.verb:set package 'mycobot_280' build argument 'cmake_target' from command line to 'None'
[0.391s] Level 5:colcon.colcon_core.verb:set package 'mycobot_280' build argument 'cmake_target_skip_unavailable' from command line to 'False'
[0.391s] Level 5:colcon.colcon_core.verb:set package 'mycobot_280' build argument 'cmake_clean_cache' from command line to 'False'
[0.391s] Level 5:colcon.colcon_core.verb:set package 'mycobot_280' build argument 'cmake_clean_first' from command line to 'False'
[0.391s] Level 5:colcon.colcon_core.verb:set package 'mycobot_280' build argument 'cmake_force_configure' from command line to 'False'
[0.391s] Level 5:colcon.colcon_core.verb:set package 'mycobot_280' build argument 'ament_cmake_args' from command line to 'None'
[0.391s] Level 5:colcon.colcon_core.verb:set package 'mycobot_280' build argument 'catkin_cmake_args' from command line to 'None'
[0.391s] Level 5:colcon.colcon_core.verb:set package 'mycobot_280' build argument 'catkin_skip_building_tests' from command line to 'False'
[0.391s] DEBUG:colcon.colcon_core.verb:Building package 'mycobot_280' with the following arguments: {'ament_cmake_args': None, 'build_base': '/home/robotics/ros2_cobot/build/mycobot_280', 'catkin_cmake_args': None, 'catkin_skip_building_tests': False, 'cmake_args': None, 'cmake_clean_cache': False, 'cmake_clean_first': False, 'cmake_force_configure': False, 'cmake_target': None, 'cmake_target_skip_unavailable': False, 'install_base': '/home/robotics/ros2_cobot/install/mycobot_280', 'merge_install': False, 'path': '/home/robotics/ros2_cobot/src/mycobot_ros2/mycobot_280/mycobot_280', 'symlink_install': False, 'test_result_base': None}
[0.392s] Level 5:colcon.colcon_core.verb:set package 'mycobot_280_arduino' build argument 'cmake_args' from command line to 'None'
[0.392s] Level 5:colcon.colcon_core.verb:set package 'mycobot_280_arduino' build argument 'cmake_target' from command line to 'None'
[0.392s] Level 5:colcon.colcon_core.verb:set package 'mycobot_280_arduino' build argument 'cmake_target_skip_unavailable' from command line to 'False'
[0.392s] Level 5:colcon.colcon_core.verb:set package 'mycobot_280_arduino' build argument 'cmake_clean_cache' from command line to 'False'
[0.392s] Level 5:colcon.colcon_core.verb:set package 'mycobot_280_arduino' build argument 'cmake_clean_first' from command line to 'False'
[0.392s] Level 5:colcon.colcon_core.verb:set package 'mycobot_280_arduino' build argument 'cmake_force_configure' from command line to 'False'
[0.392s] Level 5:colcon.colcon_core.verb:set package 'mycobot_280_arduino' build argument 'ament_cmake_args' from command line to 'None'
[0.392s] Level 5:colcon.colcon_core.verb:set package 'mycobot_280_arduino' build argument 'catkin_cmake_args' from command line to 'None'
[0.392s] Level 5:colcon.colcon_core.verb:set package 'mycobot_280_arduino' build argument 'catkin_skip_building_tests' from command line to 'False'
[0.392s] DEBUG:colcon.colcon_core.verb:Building package 'mycobot_280_arduino' with the following arguments: {'ament_cmake_args': None, 'build_base': '/home/robotics/ros2_cobot/build/mycobot_280_arduino', 'catkin_cmake_args': None, 'catkin_skip_building_tests': False, 'cmake_args': None, 'cmake_clean_cache': False, 'cmake_clean_first': False, 'cmake_force_configure': False, 'cmake_target': None, 'cmake_target_skip_unavailable': False, 'install_base': '/home/robotics/ros2_cobot/install/mycobot_280_arduino', 'merge_install': False, 'path': '/home/robotics/ros2_cobot/src/mycobot_ros2/mycobot_280/mycobot_280_arduino', 'symlink_install': False, 'test_result_base': None}
[0.392s] Level 5:colcon.colcon_core.verb:set package 'mycobot_280_moveit2' build argument 'cmake_args' from command line to 'None'
[0.392s] Level 5:colcon.colcon_core.verb:set package 'mycobot_280_moveit2' build argument 'cmake_target' from command line to 'None'
[0.392s] Level 5:colcon.colcon_core.verb:set package 'mycobot_280_moveit2' build argument 'cmake_target_skip_unavailable' from command line to 'False'
[0.392s] Level 5:colcon.colcon_core.verb:set package 'mycobot_280_moveit2' build argument 'cmake_clean_cache' from command line to 'False'
[0.392s] Level 5:colcon.colcon_core.verb:set package 'mycobot_280_moveit2' build argument 'cmake_clean_first' from command line to 'False'
[0.392s] Level 5:colcon.colcon_core.verb:set package 'mycobot_280_moveit2' build argument 'cmake_force_configure' from command line to 'False'
[0.392s] Level 5:colcon.colcon_core.verb:set package 'mycobot_280_moveit2' build argument 'ament_cmake_args' from command line to 'None'
[0.392s] Level 5:colcon.colcon_core.verb:set package 'mycobot_280_moveit2' build argument 'catkin_cmake_args' from command line to 'None'
[0.392s] Level 5:colcon.colcon_core.verb:set package 'mycobot_280_moveit2' build argument 'catkin_skip_building_tests' from command line to 'False'
[0.392s] DEBUG:colcon.colcon_core.verb:Building package 'mycobot_280_moveit2' with the following arguments: {'ament_cmake_args': None, 'build_base': '/home/robotics/ros2_cobot/build/mycobot_280_moveit2', 'catkin_cmake_args': None, 'catkin_skip_building_tests': False, 'cmake_args': None, 'cmake_clean_cache': False, 'cmake_clean_first': False, 'cmake_force_configure': False, 'cmake_target': None, 'cmake_target_skip_unavailable': False, 'install_base': '/home/robotics/ros2_cobot/install/mycobot_280_moveit2', 'merge_install': False, 'path': '/home/robotics/ros2_cobot/src/mycobot_ros2/mycobot_280/mycobot_280_moveit2', 'symlink_install': False, 'test_result_base': None}
[0.392s] Level 5:colcon.colcon_core.verb:set package 'mycobot_280_moveit2_control' build argument 'cmake_args' from command line to 'None'
[0.392s] Level 5:colcon.colcon_core.verb:set package 'mycobot_280_moveit2_control' build argument 'cmake_target' from command line to 'None'
[0.392s] Level 5:colcon.colcon_core.verb:set package 'mycobot_280_moveit2_control' build argument 'cmake_target_skip_unavailable' from command line to 'False'
[0.392s] Level 5:colcon.colcon_core.verb:set package 'mycobot_280_moveit2_control' build argument 'cmake_clean_cache' from command line to 'False'
[0.392s] Level 5:colcon.colcon_core.verb:set package 'mycobot_280_moveit2_control' build argument 'cmake_clean_first' from command line to 'False'
[0.392s] Level 5:colcon.colcon_core.verb:set package 'mycobot_280_moveit2_control' build argument 'cmake_force_configure' from command line to 'False'
[0.392s] Level 5:colcon.colcon_core.verb:set package 'mycobot_280_moveit2_control' build argument 'ament_cmake_args' from command line to 'None'
[0.392s] Level 5:colcon.colcon_core.verb:set package 'mycobot_280_moveit2_control' build argument 'catkin_cmake_args' from command line to 'None'
[0.392s] Level 5:colcon.colcon_core.verb:set package 'mycobot_280_moveit2_control' build argument 'catkin_skip_building_tests' from command line to 'False'
[0.392s] DEBUG:colcon.colcon_core.verb:Building package 'mycobot_280_moveit2_control' with the following arguments: {'ament_cmake_args': None, 'build_base': '/home/robotics/ros2_cobot/build/mycobot_280_moveit2_control', 'catkin_cmake_args': None, 'catkin_skip_building_tests': False, 'cmake_args': None, 'cmake_clean_cache': False, 'cmake_clean_first': False, 'cmake_force_configure': False, 'cmake_target': None, 'cmake_target_skip_unavailable': False, 'install_base': '/home/robotics/ros2_cobot/install/mycobot_280_moveit2_control', 'merge_install': False, 'path': '/home/robotics/ros2_cobot/src/mycobot_ros2/mycobot_280/mycobot_280_moveit2_control', 'symlink_install': False, 'test_result_base': None}
[0.393s] Level 5:colcon.colcon_core.verb:set package 'mycobot_280_riscv' build argument 'cmake_args' from command line to 'None'
[0.393s] Level 5:colcon.colcon_core.verb:set package 'mycobot_280_riscv' build argument 'cmake_target' from command line to 'None'
[0.393s] Level 5:colcon.colcon_core.verb:set package 'mycobot_280_riscv' build argument 'cmake_target_skip_unavailable' from command line to 'False'
[0.393s] Level 5:colcon.colcon_core.verb:set package 'mycobot_280_riscv' build argument 'cmake_clean_cache' from command line to 'False'
[0.393s] Level 5:colcon.colcon_core.verb:set package 'mycobot_280_riscv' build argument 'cmake_clean_first' from command line to 'False'
[0.393s] Level 5:colcon.colcon_core.verb:set package 'mycobot_280_riscv' build argument 'cmake_force_configure' from command line to 'False'
[0.393s] Level 5:colcon.colcon_core.verb:set package 'mycobot_280_riscv' build argument 'ament_cmake_args' from command line to 'None'
[0.393s] Level 5:colcon.colcon_core.verb:set package 'mycobot_280_riscv' build argument 'catkin_cmake_args' from command line to 'None'
[0.393s] Level 5:colcon.colcon_core.verb:set package 'mycobot_280_riscv' build argument 'catkin_skip_building_tests' from command line to 'False'
[0.393s] DEBUG:colcon.colcon_core.verb:Building package 'mycobot_280_riscv' with the following arguments: {'ament_cmake_args': None, 'build_base': '/home/robotics/ros2_cobot/build/mycobot_280_riscv', 'catkin_cmake_args': None, 'catkin_skip_building_tests': False, 'cmake_args': None, 'cmake_clean_cache': False, 'cmake_clean_first': False, 'cmake_force_configure': False, 'cmake_target': None, 'cmake_target_skip_unavailable': False, 'install_base': '/home/robotics/ros2_cobot/install/mycobot_280_riscv', 'merge_install': False, 'path': '/home/robotics/ros2_cobot/src/mycobot_ros2/mycobot_280/mycobot_280_riscv', 'symlink_install': False, 'test_result_base': None}
[0.393s] Level 5:colcon.colcon_core.verb:set package 'mycobot_280_x3pi' build argument 'cmake_args' from command line to 'None'
[0.393s] Level 5:colcon.colcon_core.verb:set package 'mycobot_280_x3pi' build argument 'cmake_target' from command line to 'None'
[0.393s] Level 5:colcon.colcon_core.verb:set package 'mycobot_280_x3pi' build argument 'cmake_target_skip_unavailable' from command line to 'False'
[0.393s] Level 5:colcon.colcon_core.verb:set package 'mycobot_280_x3pi' build argument 'cmake_clean_cache' from command line to 'False'
[0.393s] Level 5:colcon.colcon_core.verb:set package 'mycobot_280_x3pi' build argument 'cmake_clean_first' from command line to 'False'
[0.393s] Level 5:colcon.colcon_core.verb:set package 'mycobot_280_x3pi' build argument 'cmake_force_configure' from command line to 'False'
[0.393s] Level 5:colcon.colcon_core.verb:set package 'mycobot_280_x3pi' build argument 'ament_cmake_args' from command line to 'None'
[0.393s] Level 5:colcon.colcon_core.verb:set package 'mycobot_280_x3pi' build argument 'catkin_cmake_args' from command line to 'None'
[0.393s] Level 5:colcon.colcon_core.verb:set package 'mycobot_280_x3pi' build argument 'catkin_skip_building_tests' from command line to 'False'
[0.393s] DEBUG:colcon.colcon_core.verb:Building package 'mycobot_280_x3pi' with the following arguments: {'ament_cmake_args': None, 'build_base': '/home/robotics/ros2_cobot/build/mycobot_280_x3pi', 'catkin_cmake_args': None, 'catkin_skip_building_tests': False, 'cmake_args': None, 'cmake_clean_cache': False, 'cmake_clean_first': False, 'cmake_force_configure': False, 'cmake_target': None, 'cmake_target_skip_unavailable': False, 'install_base': '/home/robotics/ros2_cobot/install/mycobot_280_x3pi', 'merge_install': False, 'path': '/home/robotics/ros2_cobot/src/mycobot_ros2/mycobot_280/mycobot_280_x3pi', 'symlink_install': False, 'test_result_base': None}
[0.393s] Level 5:colcon.colcon_core.verb:set package 'mycobot_280arduino_moveit2' build argument 'cmake_args' from command line to 'None'
[0.393s] Level 5:colcon.colcon_core.verb:set package 'mycobot_280arduino_moveit2' build argument 'cmake_target' from command line to 'None'
[0.393s] Level 5:colcon.colcon_core.verb:set package 'mycobot_280arduino_moveit2' build argument 'cmake_target_skip_unavailable' from command line to 'False'
[0.393s] Level 5:colcon.colcon_core.verb:set package 'mycobot_280arduino_moveit2' build argument 'cmake_clean_cache' from command line to 'False'
[0.393s] Level 5:colcon.colcon_core.verb:set package 'mycobot_280arduino_moveit2' build argument 'cmake_clean_first' from command line to 'False'
[0.393s] Level 5:colcon.colcon_core.verb:set package 'mycobot_280arduino_moveit2' build argument 'cmake_force_configure' from command line to 'False'
[0.393s] Level 5:colcon.colcon_core.verb:set package 'mycobot_280arduino_moveit2' build argument 'ament_cmake_args' from command line to 'None'
[0.393s] Level 5:colcon.colcon_core.verb:set package 'mycobot_280arduino_moveit2' build argument 'catkin_cmake_args' from command line to 'None'
[0.393s] Level 5:colcon.colcon_core.verb:set package 'mycobot_280arduino_moveit2' build argument 'catkin_skip_building_tests' from command line to 'False'
[0.393s] DEBUG:colcon.colcon_core.verb:Building package 'mycobot_280arduino_moveit2' with the following arguments: {'ament_cmake_args': None, 'build_base': '/home/robotics/ros2_cobot/build/mycobot_280arduino_moveit2', 'catkin_cmake_args': None, 'catkin_skip_building_tests': False, 'cmake_args': None, 'cmake_clean_cache': False, 'cmake_clean_first': False, 'cmake_force_configure': False, 'cmake_target': None, 'cmake_target_skip_unavailable': False, 'install_base': '/home/robotics/ros2_cobot/install/mycobot_280arduino_moveit2', 'merge_install': False, 'path': '/home/robotics/ros2_cobot/src/mycobot_ros2/mycobot_280/mycobot_280arduino_moveit2', 'symlink_install': False, 'test_result_base': None}
[0.393s] Level 5:colcon.colcon_core.verb:set package 'mycobot_280jn' build argument 'cmake_args' from command line to 'None'
[0.393s] Level 5:colcon.colcon_core.verb:set package 'mycobot_280jn' build argument 'cmake_target' from command line to 'None'
[0.393s] Level 5:colcon.colcon_core.verb:set package 'mycobot_280jn' build argument 'cmake_target_skip_unavailable' from command line to 'False'
[0.393s] Level 5:colcon.colcon_core.verb:set package 'mycobot_280jn' build argument 'cmake_clean_cache' from command line to 'False'
[0.393s] Level 5:colcon.colcon_core.verb:set package 'mycobot_280jn' build argument 'cmake_clean_first' from command line to 'False'
[0.393s] Level 5:colcon.colcon_core.verb:set package 'mycobot_280jn' build argument 'cmake_force_configure' from command line to 'False'
[0.393s] Level 5:colcon.colcon_core.verb:set package 'mycobot_280jn' build argument 'ament_cmake_args' from command line to 'None'
[0.394s] Level 5:colcon.colcon_core.verb:set package 'mycobot_280jn' build argument 'catkin_cmake_args' from command line to 'None'
[0.394s] Level 5:colcon.colcon_core.verb:set package 'mycobot_280jn' build argument 'catkin_skip_building_tests' from command line to 'False'
[0.394s] DEBUG:colcon.colcon_core.verb:Building package 'mycobot_280jn' with the following arguments: {'ament_cmake_args': None, 'build_base': '/home/robotics/ros2_cobot/build/mycobot_280jn', 'catkin_cmake_args': None, 'catkin_skip_building_tests': False, 'cmake_args': None, 'cmake_clean_cache': False, 'cmake_clean_first': False, 'cmake_force_configure': False, 'cmake_target': None, 'cmake_target_skip_unavailable': False, 'install_base': '/home/robotics/ros2_cobot/install/mycobot_280jn', 'merge_install': False, 'path': '/home/robotics/ros2_cobot/src/mycobot_ros2/mycobot_280/mycobot_280jn', 'symlink_install': False, 'test_result_base': None}
[0.394s] Level 5:colcon.colcon_core.verb:set package 'mycobot_280pi' build argument 'cmake_args' from command line to 'None'
[0.394s] Level 5:colcon.colcon_core.verb:set package 'mycobot_280pi' build argument 'cmake_target' from command line to 'None'
[0.394s] Level 5:colcon.colcon_core.verb:set package 'mycobot_280pi' build argument 'cmake_target_skip_unavailable' from command line to 'False'
[0.394s] Level 5:colcon.colcon_core.verb:set package 'mycobot_280pi' build argument 'cmake_clean_cache' from command line to 'False'
[0.394s] Level 5:colcon.colcon_core.verb:set package 'mycobot_280pi' build argument 'cmake_clean_first' from command line to 'False'
[0.394s] Level 5:colcon.colcon_core.verb:set package 'mycobot_280pi' build argument 'cmake_force_configure' from command line to 'False'
[0.394s] Level 5:colcon.colcon_core.verb:set package 'mycobot_280pi' build argument 'ament_cmake_args' from command line to 'None'
[0.394s] Level 5:colcon.colcon_core.verb:set package 'mycobot_280pi' build argument 'catkin_cmake_args' from command line to 'None'
[0.394s] Level 5:colcon.colcon_core.verb:set package 'mycobot_280pi' build argument 'catkin_skip_building_tests' from command line to 'False'
[0.394s] DEBUG:colcon.colcon_core.verb:Building package 'mycobot_280pi' with the following arguments: {'ament_cmake_args': None, 'build_base': '/home/robotics/ros2_cobot/build/mycobot_280pi', 'catkin_cmake_args': None, 'catkin_skip_building_tests': False, 'cmake_args': None, 'cmake_clean_cache': False, 'cmake_clean_first': False, 'cmake_force_configure': False, 'cmake_target': None, 'cmake_target_skip_unavailable': False, 'install_base': '/home/robotics/ros2_cobot/install/mycobot_280pi', 'merge_install': False, 'path': '/home/robotics/ros2_cobot/src/mycobot_ros2/mycobot_280/mycobot_280pi', 'symlink_install': False, 'test_result_base': None}
[0.394s] Level 5:colcon.colcon_core.verb:set package 'mycobot_280rdkx5_moveit2' build argument 'cmake_args' from command line to 'None'
[0.394s] Level 5:colcon.colcon_core.verb:set package 'mycobot_280rdkx5_moveit2' build argument 'cmake_target' from command line to 'None'
[0.394s] Level 5:colcon.colcon_core.verb:set package 'mycobot_280rdkx5_moveit2' build argument 'cmake_target_skip_unavailable' from command line to 'False'
[0.394s] Level 5:colcon.colcon_core.verb:set package 'mycobot_280rdkx5_moveit2' build argument 'cmake_clean_cache' from command line to 'False'
[0.394s] Level 5:colcon.colcon_core.verb:set package 'mycobot_280rdkx5_moveit2' build argument 'cmake_clean_first' from command line to 'False'
[0.394s] Level 5:colcon.colcon_core.verb:set package 'mycobot_280rdkx5_moveit2' build argument 'cmake_force_configure' from command line to 'False'
[0.394s] Level 5:colcon.colcon_core.verb:set package 'mycobot_280rdkx5_moveit2' build argument 'ament_cmake_args' from command line to 'None'
[0.394s] Level 5:colcon.colcon_core.verb:set package 'mycobot_280rdkx5_moveit2' build argument 'catkin_cmake_args' from command line to 'None'
[0.394s] Level 5:colcon.colcon_core.verb:set package 'mycobot_280rdkx5_moveit2' build argument 'catkin_skip_building_tests' from command line to 'False'
[0.394s] DEBUG:colcon.colcon_core.verb:Building package 'mycobot_280rdkx5_moveit2' with the following arguments: {'ament_cmake_args': None, 'build_base': '/home/robotics/ros2_cobot/build/mycobot_280rdkx5_moveit2', 'catkin_cmake_args': None, 'catkin_skip_building_tests': False, 'cmake_args': None, 'cmake_clean_cache': False, 'cmake_clean_first': False, 'cmake_force_configure': False, 'cmake_target': None, 'cmake_target_skip_unavailable': False, 'install_base': '/home/robotics/ros2_cobot/install/mycobot_280rdkx5_moveit2', 'merge_install': False, 'path': '/home/robotics/ros2_cobot/src/mycobot_ros2/mycobot_280/mycobot_280rdkx5_moveit2', 'symlink_install': False, 'test_result_base': None}
[0.394s] Level 5:colcon.colcon_core.verb:set package 'mycobot_320' build argument 'cmake_args' from command line to 'None'
[0.394s] Level 5:colcon.colcon_core.verb:set package 'mycobot_320' build argument 'cmake_target' from command line to 'None'
[0.394s] Level 5:colcon.colcon_core.verb:set package 'mycobot_320' build argument 'cmake_target_skip_unavailable' from command line to 'False'
[0.394s] Level 5:colcon.colcon_core.verb:set package 'mycobot_320' build argument 'cmake_clean_cache' from command line to 'False'
[0.394s] Level 5:colcon.colcon_core.verb:set package 'mycobot_320' build argument 'cmake_clean_first' from command line to 'False'
[0.394s] Level 5:colcon.colcon_core.verb:set package 'mycobot_320' build argument 'cmake_force_configure' from command line to 'False'
[0.394s] Level 5:colcon.colcon_core.verb:set package 'mycobot_320' build argument 'ament_cmake_args' from command line to 'None'
[0.394s] Level 5:colcon.colcon_core.verb:set package 'mycobot_320' build argument 'catkin_cmake_args' from command line to 'None'
[0.394s] Level 5:colcon.colcon_core.verb:set package 'mycobot_320' build argument 'catkin_skip_building_tests' from command line to 'False'
[0.394s] DEBUG:colcon.colcon_core.verb:Building package 'mycobot_320' with the following arguments: {'ament_cmake_args': None, 'build_base': '/home/robotics/ros2_cobot/build/mycobot_320', 'catkin_cmake_args': None, 'catkin_skip_building_tests': False, 'cmake_args': None, 'cmake_clean_cache': False, 'cmake_clean_first': False, 'cmake_force_configure': False, 'cmake_target': None, 'cmake_target_skip_unavailable': False, 'install_base': '/home/robotics/ros2_cobot/install/mycobot_320', 'merge_install': False, 'path': '/home/robotics/ros2_cobot/src/mycobot_ros2/mycobot_320/mycobot_320', 'symlink_install': False, 'test_result_base': None}
[0.394s] Level 5:colcon.colcon_core.verb:set package 'mycobot_320_riscv' build argument 'cmake_args' from command line to 'None'
[0.394s] Level 5:colcon.colcon_core.verb:set package 'mycobot_320_riscv' build argument 'cmake_target' from command line to 'None'
[0.394s] Level 5:colcon.colcon_core.verb:set package 'mycobot_320_riscv' build argument 'cmake_target_skip_unavailable' from command line to 'False'
[0.394s] Level 5:colcon.colcon_core.verb:set package 'mycobot_320_riscv' build argument 'cmake_clean_cache' from command line to 'False'
[0.394s] Level 5:colcon.colcon_core.verb:set package 'mycobot_320_riscv' build argument 'cmake_clean_first' from command line to 'False'
[0.394s] Level 5:colcon.colcon_core.verb:set package 'mycobot_320_riscv' build argument 'cmake_force_configure' from command line to 'False'
[0.394s] Level 5:colcon.colcon_core.verb:set package 'mycobot_320_riscv' build argument 'ament_cmake_args' from command line to 'None'
[0.394s] Level 5:colcon.colcon_core.verb:set package 'mycobot_320_riscv' build argument 'catkin_cmake_args' from command line to 'None'
[0.395s] Level 5:colcon.colcon_core.verb:set package 'mycobot_320_riscv' build argument 'catkin_skip_building_tests' from command line to 'False'
[0.395s] DEBUG:colcon.colcon_core.verb:Building package 'mycobot_320_riscv' with the following arguments: {'ament_cmake_args': None, 'build_base': '/home/robotics/ros2_cobot/build/mycobot_320_riscv', 'catkin_cmake_args': None, 'catkin_skip_building_tests': False, 'cmake_args': None, 'cmake_clean_cache': False, 'cmake_clean_first': False, 'cmake_force_configure': False, 'cmake_target': None, 'cmake_target_skip_unavailable': False, 'install_base': '/home/robotics/ros2_cobot/install/mycobot_320_riscv', 'merge_install': False, 'path': '/home/robotics/ros2_cobot/src/mycobot_ros2/mycobot_320/mycobot_320_riscv', 'symlink_install': False, 'test_result_base': None}
[0.395s] Level 5:colcon.colcon_core.verb:set package 'mycobot_320pi' build argument 'cmake_args' from command line to 'None'
[0.395s] Level 5:colcon.colcon_core.verb:set package 'mycobot_320pi' build argument 'cmake_target' from command line to 'None'
[0.395s] Level 5:colcon.colcon_core.verb:set package 'mycobot_320pi' build argument 'cmake_target_skip_unavailable' from command line to 'False'
[0.395s] Level 5:colcon.colcon_core.verb:set package 'mycobot_320pi' build argument 'cmake_clean_cache' from command line to 'False'
[0.395s] Level 5:colcon.colcon_core.verb:set package 'mycobot_320pi' build argument 'cmake_clean_first' from command line to 'False'
[0.395s] Level 5:colcon.colcon_core.verb:set package 'mycobot_320pi' build argument 'cmake_force_configure' from command line to 'False'
[0.395s] Level 5:colcon.colcon_core.verb:set package 'mycobot_320pi' build argument 'ament_cmake_args' from command line to 'None'
[0.395s] Level 5:colcon.colcon_core.verb:set package 'mycobot_320pi' build argument 'catkin_cmake_args' from command line to 'None'
[0.395s] Level 5:colcon.colcon_core.verb:set package 'mycobot_320pi' build argument 'catkin_skip_building_tests' from command line to 'False'
[0.395s] DEBUG:colcon.colcon_core.verb:Building package 'mycobot_320pi' with the following arguments: {'ament_cmake_args': None, 'build_base': '/home/robotics/ros2_cobot/build/mycobot_320pi', 'catkin_cmake_args': None, 'catkin_skip_building_tests': False, 'cmake_args': None, 'cmake_clean_cache': False, 'cmake_clean_first': False, 'cmake_force_configure': False, 'cmake_target': None, 'cmake_target_skip_unavailable': False, 'install_base': '/home/robotics/ros2_cobot/install/mycobot_320pi', 'merge_install': False, 'path': '/home/robotics/ros2_cobot/src/mycobot_ros2/mycobot_320/mycobot_320pi', 'symlink_install': False, 'test_result_base': None}
[0.395s] Level 5:colcon.colcon_core.verb:set package 'mycobot_600' build argument 'cmake_args' from command line to 'None'
[0.395s] Level 5:colcon.colcon_core.verb:set package 'mycobot_600' build argument 'cmake_target' from command line to 'None'
[0.395s] Level 5:colcon.colcon_core.verb:set package 'mycobot_600' build argument 'cmake_target_skip_unavailable' from command line to 'False'
[0.395s] Level 5:colcon.colcon_core.verb:set package 'mycobot_600' build argument 'cmake_clean_cache' from command line to 'False'
[0.395s] Level 5:colcon.colcon_core.verb:set package 'mycobot_600' build argument 'cmake_clean_first' from command line to 'False'
[0.395s] Level 5:colcon.colcon_core.verb:set package 'mycobot_600' build argument 'cmake_force_configure' from command line to 'False'
[0.395s] Level 5:colcon.colcon_core.verb:set package 'mycobot_600' build argument 'ament_cmake_args' from command line to 'None'
[0.395s] Level 5:colcon.colcon_core.verb:set package 'mycobot_600' build argument 'catkin_cmake_args' from command line to 'None'
[0.395s] Level 5:colcon.colcon_core.verb:set package 'mycobot_600' build argument 'catkin_skip_building_tests' from command line to 'False'
[0.395s] DEBUG:colcon.colcon_core.verb:Building package 'mycobot_600' with the following arguments: {'ament_cmake_args': None, 'build_base': '/home/robotics/ros2_cobot/build/mycobot_600', 'catkin_cmake_args': None, 'catkin_skip_building_tests': False, 'cmake_args': None, 'cmake_clean_cache': False, 'cmake_clean_first': False, 'cmake_force_configure': False, 'cmake_target': None, 'cmake_target_skip_unavailable': False, 'install_base': '/home/robotics/ros2_cobot/install/mycobot_600', 'merge_install': False, 'path': '/home/robotics/ros2_cobot/src/mycobot_ros2/mycobot_pro/mycobot_600', 'symlink_install': False, 'test_result_base': None}
[0.395s] Level 5:colcon.colcon_core.verb:set package 'mycobot_630' build argument 'cmake_args' from command line to 'None'
[0.395s] Level 5:colcon.colcon_core.verb:set package 'mycobot_630' build argument 'cmake_target' from command line to 'None'
[0.395s] Level 5:colcon.colcon_core.verb:set package 'mycobot_630' build argument 'cmake_target_skip_unavailable' from command line to 'False'
[0.395s] Level 5:colcon.colcon_core.verb:set package 'mycobot_630' build argument 'cmake_clean_cache' from command line to 'False'
[0.395s] Level 5:colcon.colcon_core.verb:set package 'mycobot_630' build argument 'cmake_clean_first' from command line to 'False'
[0.395s] Level 5:colcon.colcon_core.verb:set package 'mycobot_630' build argument 'cmake_force_configure' from command line to 'False'
[0.395s] Level 5:colcon.colcon_core.verb:set package 'mycobot_630' build argument 'ament_cmake_args' from command line to 'None'
[0.395s] Level 5:colcon.colcon_core.verb:set package 'mycobot_630' build argument 'catkin_cmake_args' from command line to 'None'
[0.395s] Level 5:colcon.colcon_core.verb:set package 'mycobot_630' build argument 'catkin_skip_building_tests' from command line to 'False'
[0.395s] DEBUG:colcon.colcon_core.verb:Building package 'mycobot_630' with the following arguments: {'ament_cmake_args': None, 'build_base': '/home/robotics/ros2_cobot/build/mycobot_630', 'catkin_cmake_args': None, 'catkin_skip_building_tests': False, 'cmake_args': None, 'cmake_clean_cache': False, 'cmake_clean_first': False, 'cmake_force_configure': False, 'cmake_target': None, 'cmake_target_skip_unavailable': False, 'install_base': '/home/robotics/ros2_cobot/install/mycobot_630', 'merge_install': False, 'path': '/home/robotics/ros2_cobot/src/mycobot_ros2/mycobot_pro/mycobot_630', 'symlink_install': False, 'test_result_base': None}
[0.395s] Level 5:colcon.colcon_core.verb:set package 'mycobot_communication' build argument 'cmake_args' from command line to 'None'
[0.395s] Level 5:colcon.colcon_core.verb:set package 'mycobot_communication' build argument 'cmake_target' from command line to 'None'
[0.395s] Level 5:colcon.colcon_core.verb:set package 'mycobot_communication' build argument 'cmake_target_skip_unavailable' from command line to 'False'
[0.395s] Level 5:colcon.colcon_core.verb:set package 'mycobot_communication' build argument 'cmake_clean_cache' from command line to 'False'
[0.395s] Level 5:colcon.colcon_core.verb:set package 'mycobot_communication' build argument 'cmake_clean_first' from command line to 'False'
[0.395s] Level 5:colcon.colcon_core.verb:set package 'mycobot_communication' build argument 'cmake_force_configure' from command line to 'False'
[0.395s] Level 5:colcon.colcon_core.verb:set package 'mycobot_communication' build argument 'ament_cmake_args' from command line to 'None'
[0.395s] Level 5:colcon.colcon_core.verb:set package 'mycobot_communication' build argument 'catkin_cmake_args' from command line to 'None'
[0.395s] Level 5:colcon.colcon_core.verb:set package 'mycobot_communication' build argument 'catkin_skip_building_tests' from command line to 'False'
[0.396s] DEBUG:colcon.colcon_core.verb:Building package 'mycobot_communication' with the following arguments: {'ament_cmake_args': None, 'build_base': '/home/robotics/ros2_cobot/build/mycobot_communication', 'catkin_cmake_args': None, 'catkin_skip_building_tests': False, 'cmake_args': None, 'cmake_clean_cache': False, 'cmake_clean_first': False, 'cmake_force_configure': False, 'cmake_target': None, 'cmake_target_skip_unavailable': False, 'install_base': '/home/robotics/ros2_cobot/install/mycobot_communication', 'merge_install': False, 'path': '/home/robotics/ros2_cobot/src/mycobot_ros2/mycobot_communication', 'symlink_install': False, 'test_result_base': None}
[0.396s] Level 5:colcon.colcon_core.verb:set package 'mypalletizer_260' build argument 'cmake_args' from command line to 'None'
[0.396s] Level 5:colcon.colcon_core.verb:set package 'mypalletizer_260' build argument 'cmake_target' from command line to 'None'
[0.396s] Level 5:colcon.colcon_core.verb:set package 'mypalletizer_260' build argument 'cmake_target_skip_unavailable' from command line to 'False'
[0.396s] Level 5:colcon.colcon_core.verb:set package 'mypalletizer_260' build argument 'cmake_clean_cache' from command line to 'False'
[0.396s] Level 5:colcon.colcon_core.verb:set package 'mypalletizer_260' build argument 'cmake_clean_first' from command line to 'False'
[0.396s] Level 5:colcon.colcon_core.verb:set package 'mypalletizer_260' build argument 'cmake_force_configure' from command line to 'False'
[0.396s] Level 5:colcon.colcon_core.verb:set package 'mypalletizer_260' build argument 'ament_cmake_args' from command line to 'None'
[0.396s] Level 5:colcon.colcon_core.verb:set package 'mypalletizer_260' build argument 'catkin_cmake_args' from command line to 'None'
[0.396s] Level 5:colcon.colcon_core.verb:set package 'mypalletizer_260' build argument 'catkin_skip_building_tests' from command line to 'False'
[0.396s] DEBUG:colcon.colcon_core.verb:Building package 'mypalletizer_260' with the following arguments: {'ament_cmake_args': None, 'build_base': '/home/robotics/ros2_cobot/build/mypalletizer_260', 'catkin_cmake_args': None, 'catkin_skip_building_tests': False, 'cmake_args': None, 'cmake_clean_cache': False, 'cmake_clean_first': False, 'cmake_force_configure': False, 'cmake_target': None, 'cmake_target_skip_unavailable': False, 'install_base': '/home/robotics/ros2_cobot/install/mypalletizer_260', 'merge_install': False, 'path': '/home/robotics/ros2_cobot/src/mycobot_ros2/mypalletizer_260/mypalletizer_260', 'symlink_install': False, 'test_result_base': None}
[0.396s] Level 5:colcon.colcon_core.verb:set package 'mypalletizer_260_pi' build argument 'cmake_args' from command line to 'None'
[0.396s] Level 5:colcon.colcon_core.verb:set package 'mypalletizer_260_pi' build argument 'cmake_target' from command line to 'None'
[0.396s] Level 5:colcon.colcon_core.verb:set package 'mypalletizer_260_pi' build argument 'cmake_target_skip_unavailable' from command line to 'False'
[0.396s] Level 5:colcon.colcon_core.verb:set package 'mypalletizer_260_pi' build argument 'cmake_clean_cache' from command line to 'False'
[0.396s] Level 5:colcon.colcon_core.verb:set package 'mypalletizer_260_pi' build argument 'cmake_clean_first' from command line to 'False'
[0.396s] Level 5:colcon.colcon_core.verb:set package 'mypalletizer_260_pi' build argument 'cmake_force_configure' from command line to 'False'
[0.396s] Level 5:colcon.colcon_core.verb:set package 'mypalletizer_260_pi' build argument 'ament_cmake_args' from command line to 'None'
[0.396s] Level 5:colcon.colcon_core.verb:set package 'mypalletizer_260_pi' build argument 'catkin_cmake_args' from command line to 'None'
[0.396s] Level 5:colcon.colcon_core.verb:set package 'mypalletizer_260_pi' build argument 'catkin_skip_building_tests' from command line to 'False'
[0.396s] DEBUG:colcon.colcon_core.verb:Building package 'mypalletizer_260_pi' with the following arguments: {'ament_cmake_args': None, 'build_base': '/home/robotics/ros2_cobot/build/mypalletizer_260_pi', 'catkin_cmake_args': None, 'catkin_skip_building_tests': False, 'cmake_args': None, 'cmake_clean_cache': False, 'cmake_clean_first': False, 'cmake_force_configure': False, 'cmake_target': None, 'cmake_target_skip_unavailable': False, 'install_base': '/home/robotics/ros2_cobot/install/mypalletizer_260_pi', 'merge_install': False, 'path': '/home/robotics/ros2_cobot/src/mycobot_ros2/mypalletizer_260/mypalletizer_260_pi', 'symlink_install': False, 'test_result_base': None}
[0.396s] Level 5:colcon.colcon_core.verb:set package 'mypalletizer_communication' build argument 'cmake_args' from command line to 'None'
[0.396s] Level 5:colcon.colcon_core.verb:set package 'mypalletizer_communication' build argument 'cmake_target' from command line to 'None'
[0.396s] Level 5:colcon.colcon_core.verb:set package 'mypalletizer_communication' build argument 'cmake_target_skip_unavailable' from command line to 'False'
[0.396s] Level 5:colcon.colcon_core.verb:set package 'mypalletizer_communication' build argument 'cmake_clean_cache' from command line to 'False'
[0.396s] Level 5:colcon.colcon_core.verb:set package 'mypalletizer_communication' build argument 'cmake_clean_first' from command line to 'False'
[0.396s] Level 5:colcon.colcon_core.verb:set package 'mypalletizer_communication' build argument 'cmake_force_configure' from command line to 'False'
[0.396s] Level 5:colcon.colcon_core.verb:set package 'mypalletizer_communication' build argument 'ament_cmake_args' from command line to 'None'
[0.396s] Level 5:colcon.colcon_core.verb:set package 'mypalletizer_communication' build argument 'catkin_cmake_args' from command line to 'None'
[0.396s] Level 5:colcon.colcon_core.verb:set package 'mypalletizer_communication' build argument 'catkin_skip_building_tests' from command line to 'False'
[0.396s] DEBUG:colcon.colcon_core.verb:Building package 'mypalletizer_communication' with the following arguments: {'ament_cmake_args': None, 'build_base': '/home/robotics/ros2_cobot/build/mypalletizer_communication', 'catkin_cmake_args': None, 'catkin_skip_building_tests': False, 'cmake_args': None, 'cmake_clean_cache': False, 'cmake_clean_first': False, 'cmake_force_configure': False, 'cmake_target': None, 'cmake_target_skip_unavailable': False, 'install_base': '/home/robotics/ros2_cobot/install/mypalletizer_communication', 'merge_install': False, 'path': '/home/robotics/ros2_cobot/src/mycobot_ros2/mypalletizer_260/mypalletizer_communication', 'symlink_install': False, 'test_result_base': None}
[0.396s] Level 5:colcon.colcon_core.verb:set package 'ultraarm' build argument 'cmake_args' from command line to 'None'
[0.396s] Level 5:colcon.colcon_core.verb:set package 'ultraarm' build argument 'cmake_target' from command line to 'None'
[0.396s] Level 5:colcon.colcon_core.verb:set package 'ultraarm' build argument 'cmake_target_skip_unavailable' from command line to 'False'
[0.396s] Level 5:colcon.colcon_core.verb:set package 'ultraarm' build argument 'cmake_clean_cache' from command line to 'False'
[0.397s] Level 5:colcon.colcon_core.verb:set package 'ultraarm' build argument 'cmake_clean_first' from command line to 'False'
[0.397s] Level 5:colcon.colcon_core.verb:set package 'ultraarm' build argument 'cmake_force_configure' from command line to 'False'
[0.397s] Level 5:colcon.colcon_core.verb:set package 'ultraarm' build argument 'ament_cmake_args' from command line to 'None'
[0.397s] Level 5:colcon.colcon_core.verb:set package 'ultraarm' build argument 'catkin_cmake_args' from command line to 'None'
[0.397s] Level 5:colcon.colcon_core.verb:set package 'ultraarm' build argument 'catkin_skip_building_tests' from command line to 'False'
[0.397s] DEBUG:colcon.colcon_core.verb:Building package 'ultraarm' with the following arguments: {'ament_cmake_args': None, 'build_base': '/home/robotics/ros2_cobot/build/ultraarm', 'catkin_cmake_args': None, 'catkin_skip_building_tests': False, 'cmake_args': None, 'cmake_clean_cache': False, 'cmake_clean_first': False, 'cmake_force_configure': False, 'cmake_target': None, 'cmake_target_skip_unavailable': False, 'install_base': '/home/robotics/ros2_cobot/install/ultraarm', 'merge_install': False, 'path': '/home/robotics/ros2_cobot/src/mycobot_ros2/ultraArm/ultraarm', 'symlink_install': False, 'test_result_base': None}
[0.397s] Level 5:colcon.colcon_core.verb:set package 'myarm_c650' build argument 'cmake_args' from command line to 'None'
[0.397s] Level 5:colcon.colcon_core.verb:set package 'myarm_c650' build argument 'cmake_target' from command line to 'None'
[0.397s] Level 5:colcon.colcon_core.verb:set package 'myarm_c650' build argument 'cmake_target_skip_unavailable' from command line to 'False'
[0.397s] Level 5:colcon.colcon_core.verb:set package 'myarm_c650' build argument 'cmake_clean_cache' from command line to 'False'
[0.397s] Level 5:colcon.colcon_core.verb:set package 'myarm_c650' build argument 'cmake_clean_first' from command line to 'False'
[0.397s] Level 5:colcon.colcon_core.verb:set package 'myarm_c650' build argument 'cmake_force_configure' from command line to 'False'
[0.397s] Level 5:colcon.colcon_core.verb:set package 'myarm_c650' build argument 'ament_cmake_args' from command line to 'None'
[0.397s] Level 5:colcon.colcon_core.verb:set package 'myarm_c650' build argument 'catkin_cmake_args' from command line to 'None'
[0.397s] Level 5:colcon.colcon_core.verb:set package 'myarm_c650' build argument 'catkin_skip_building_tests' from command line to 'False'
[0.397s] DEBUG:colcon.colcon_core.verb:Building package 'myarm_c650' with the following arguments: {'ament_cmake_args': None, 'build_base': '/home/robotics/ros2_cobot/build/myarm_c650', 'catkin_cmake_args': None, 'catkin_skip_building_tests': False, 'cmake_args': None, 'cmake_clean_cache': False, 'cmake_clean_first': False, 'cmake_force_configure': False, 'cmake_target': None, 'cmake_target_skip_unavailable': False, 'install_base': '/home/robotics/ros2_cobot/install/myarm_c650', 'merge_install': False, 'path': '/home/robotics/ros2_cobot/src/mycobot_ros2/myArm/myarm_c650', 'symlink_install': False, 'test_result_base': None}
[0.397s] Level 5:colcon.colcon_core.verb:set package 'myarm_m750' build argument 'cmake_args' from command line to 'None'
[0.397s] Level 5:colcon.colcon_core.verb:set package 'myarm_m750' build argument 'cmake_target' from command line to 'None'
[0.397s] Level 5:colcon.colcon_core.verb:set package 'myarm_m750' build argument 'cmake_target_skip_unavailable' from command line to 'False'
[0.397s] Level 5:colcon.colcon_core.verb:set package 'myarm_m750' build argument 'cmake_clean_cache' from command line to 'False'
[0.397s] Level 5:colcon.colcon_core.verb:set package 'myarm_m750' build argument 'cmake_clean_first' from command line to 'False'
[0.397s] Level 5:colcon.colcon_core.verb:set package 'myarm_m750' build argument 'cmake_force_configure' from command line to 'False'
[0.397s] Level 5:colcon.colcon_core.verb:set package 'myarm_m750' build argument 'ament_cmake_args' from command line to 'None'
[0.397s] Level 5:colcon.colcon_core.verb:set package 'myarm_m750' build argument 'catkin_cmake_args' from command line to 'None'
[0.397s] Level 5:colcon.colcon_core.verb:set package 'myarm_m750' build argument 'catkin_skip_building_tests' from command line to 'False'
[0.397s] DEBUG:colcon.colcon_core.verb:Building package 'myarm_m750' with the following arguments: {'ament_cmake_args': None, 'build_base': '/home/robotics/ros2_cobot/build/myarm_m750', 'catkin_cmake_args': None, 'catkin_skip_building_tests': False, 'cmake_args': None, 'cmake_clean_cache': False, 'cmake_clean_first': False, 'cmake_force_configure': False, 'cmake_target': None, 'cmake_target_skip_unavailable': False, 'install_base': '/home/robotics/ros2_cobot/install/myarm_m750', 'merge_install': False, 'path': '/home/robotics/ros2_cobot/src/mycobot_ros2/myArm/myarm_m750', 'symlink_install': False, 'test_result_base': None}
[0.397s] Level 5:colcon.colcon_core.verb:set package 'mycobot_280_rdkx5' build argument 'cmake_args' from command line to 'None'
[0.397s] Level 5:colcon.colcon_core.verb:set package 'mycobot_280_rdkx5' build argument 'cmake_target' from command line to 'None'
[0.397s] Level 5:colcon.colcon_core.verb:set package 'mycobot_280_rdkx5' build argument 'cmake_target_skip_unavailable' from command line to 'False'
[0.397s] Level 5:colcon.colcon_core.verb:set package 'mycobot_280_rdkx5' build argument 'cmake_clean_cache' from command line to 'False'
[0.397s] Level 5:colcon.colcon_core.verb:set package 'mycobot_280_rdkx5' build argument 'cmake_clean_first' from command line to 'False'
[0.397s] Level 5:colcon.colcon_core.verb:set package 'mycobot_280_rdkx5' build argument 'cmake_force_configure' from command line to 'False'
[0.397s] Level 5:colcon.colcon_core.verb:set package 'mycobot_280_rdkx5' build argument 'ament_cmake_args' from command line to 'None'
[0.397s] Level 5:colcon.colcon_core.verb:set package 'mycobot_280_rdkx5' build argument 'catkin_cmake_args' from command line to 'None'
[0.397s] Level 5:colcon.colcon_core.verb:set package 'mycobot_280_rdkx5' build argument 'catkin_skip_building_tests' from command line to 'False'
[0.397s] DEBUG:colcon.colcon_core.verb:Building package 'mycobot_280_rdkx5' with the following arguments: {'ament_cmake_args': None, 'build_base': '/home/robotics/ros2_cobot/build/mycobot_280_rdkx5', 'catkin_cmake_args': None, 'catkin_skip_building_tests': False, 'cmake_args': None, 'cmake_clean_cache': False, 'cmake_clean_first': False, 'cmake_force_configure': False, 'cmake_target': None, 'cmake_target_skip_unavailable': False, 'install_base': '/home/robotics/ros2_cobot/install/mycobot_280_rdkx5', 'merge_install': False, 'path': '/home/robotics/ros2_cobot/src/mycobot_ros2/mycobot_280/mycobot_280_rdkx5', 'symlink_install': False, 'test_result_base': None}
[0.397s] INFO:colcon.colcon_core.executor:Executing jobs using 'parallel' executor
[0.399s] DEBUG:colcon.colcon_parallel_executor.executor.parallel:run_until_complete
[0.399s] INFO:colcon.colcon_ros.task.ament_python.build:Building ROS package in '/home/robotics/ros2_cobot/src/mycobot_ros2/mycobot_description' with build type 'ament_python'
[0.399s] Level 1:colcon.colcon_core.shell:create_environment_hook('mycobot_description', 'ament_prefix_path')
[0.401s] INFO:colcon.colcon_core.plugin_system:Skipping extension 'colcon_core.shell.bat': Not used on non-Windows systems
[0.401s] INFO:colcon.colcon_core.shell:Creating environment hook '/home/robotics/ros2_cobot/install/mycobot_description/share/mycobot_description/hook/ament_prefix_path.ps1'
[0.402s] INFO:colcon.colcon_core.shell:Creating environment descriptor '/home/robotics/ros2_cobot/install/mycobot_description/share/mycobot_description/hook/ament_prefix_path.dsv'
[0.402s] INFO:colcon.colcon_core.shell:Creating environment hook '/home/robotics/ros2_cobot/install/mycobot_description/share/mycobot_description/hook/ament_prefix_path.sh'
[0.402s] INFO:colcon.colcon_core.shell:Skip shell extension 'powershell' for command environment: Not usable outside of PowerShell
[0.403s] DEBUG:colcon.colcon_core.shell:Skip shell extension 'dsv' for command environment
[0.411s] INFO:colcon.colcon_ros.task.ament_cmake.build:Building ROS package in '/home/robotics/ros2_cobot/src/mycobot_ros2/mycobot_280/mycobot_interfaces' with build type 'ament_cmake'
[0.412s] INFO:colcon.colcon_cmake.task.cmake.build:Building CMake package in '/home/robotics/ros2_cobot/src/mycobot_ros2/mycobot_280/mycobot_interfaces'
[0.412s] INFO:colcon.colcon_core.shell:Skip shell extension 'powershell' for command environment: Not usable outside of PowerShell
[0.412s] DEBUG:colcon.colcon_core.shell:Skip shell extension 'dsv' for command environment
[0.417s] INFO:colcon.colcon_ros.task.ament_cmake.build:Building ROS package in '/home/robotics/ros2_cobot/src/mycobot_ros2/mypalletizer_260/mypalletizer_interfaces' with build type 'ament_cmake'
[0.417s] INFO:colcon.colcon_cmake.task.cmake.build:Building CMake package in '/home/robotics/ros2_cobot/src/mycobot_ros2/mypalletizer_260/mypalletizer_interfaces'
[0.417s] INFO:colcon.colcon_core.shell:Skip shell extension 'powershell' for command environment: Not usable outside of PowerShell
[0.417s] DEBUG:colcon.colcon_core.shell:Skip shell extension 'dsv' for command environment
[0.421s] INFO:colcon.colcon_ros.task.ament_cmake.build:Building ROS package in '/home/robotics/ros2_cobot/src/mycobot_ros2/mecharm/mecharm_interfaces' with build type 'ament_cmake'
[0.421s] INFO:colcon.colcon_cmake.task.cmake.build:Building CMake package in '/home/robotics/ros2_cobot/src/mycobot_ros2/mecharm/mecharm_interfaces'
[0.421s] INFO:colcon.colcon_core.shell:Skip shell extension 'powershell' for command environment: Not usable outside of PowerShell
[0.422s] DEBUG:colcon.colcon_core.shell:Skip shell extension 'dsv' for command environment
[0.427s] INFO:colcon.colcon_ros.task.ament_cmake.build:Building ROS package in '/home/robotics/ros2_cobot/src/traj_scripts' with build type 'ament_cmake'
[0.427s] INFO:colcon.colcon_cmake.task.cmake.build:Building CMake package in '/home/robotics/ros2_cobot/src/traj_scripts'
[0.427s] INFO:colcon.colcon_core.shell:Skip shell extension 'powershell' for command environment: Not usable outside of PowerShell
[0.427s] DEBUG:colcon.colcon_core.shell:Skip shell extension 'dsv' for command environment
[0.707s] INFO:colcon.colcon_core.task.python.build:Building Python package in '/home/robotics/ros2_cobot/src/mycobot_ros2/mycobot_description'
[0.709s] INFO:colcon.colcon_core.shell:Skip shell extension 'powershell' for command environment: Not usable outside of PowerShell
[0.709s] DEBUG:colcon.colcon_core.shell:Skip shell extension 'dsv' for command environment
[0.717s] DEBUG:colcon.colcon_core.event_handler.log_command:Invoking command in '/home/robotics/ros2_cobot/build/mycobot_interfaces': CMAKE_PREFIX_PATH=${CMAKE_PREFIX_PATH}:/home/robotics/ros2_cobot/install/ultraarm:/home/robotics/ros2_cobot/install/mypalletizer_communication:/home/robotics/ros2_cobot/install/mypalletizer_260_pi:/home/robotics/ros2_cobot/install/mypalletizer_260:/home/robotics/ros2_cobot/install/myarm_m750:/home/robotics/ros2_cobot/install/myarm_c650:/home/robotics/ros2_cobot/install/mycobot_communication:/home/robotics/ros2_cobot/install/mecharm_communication:/home/robotics/ros2_cobot/install/mycobot_630:/home/robotics/ros2_cobot/install/mycobot_600:/home/robotics/ros2_cobot/install/mycobot_320pi:/home/robotics/ros2_cobot/install/mycobot_320_riscv:/home/robotics/ros2_cobot/install/mycobot_320:/home/robotics/ros2_cobot/install/mycobot_280pi:/home/robotics/ros2_cobot/install/mycobot_280jn:/home/robotics/ros2_cobot/install/mycobot_280_x3pi:/home/robotics/ros2_cobot/install/mycobot_280_riscv:/home/robotics/ros2_cobot/install/mycobot_280_rdkx5:/home/robotics/ros2_cobot/install/mycobot_280_moveit2_control:/home/robotics/ros2_cobot/install/mycobot_280_arduino:/home/robotics/ros2_cobot/install/mycobot_280:/home/robotics/ros2_cobot/install/mybuddy:/home/robotics/ros2_cobot/install/myarm_300:/home/robotics/ros2_cobot/install/mecharm_pi:/home/robotics/ros2_cobot/install/mecharm:/home/robotics/ros2_cobot/install/mycobot_description:/opt/ros/humble /usr/bin/cmake --build /home/robotics/ros2_cobot/build/mycobot_interfaces -- -j16 -l16
[0.720s] DEBUG:colcon.colcon_core.event_handler.log_command:Invoking command in '/home/robotics/ros2_cobot/build/mypalletizer_interfaces': CMAKE_PREFIX_PATH=${CMAKE_PREFIX_PATH}:/home/robotics/ros2_cobot/install/ultraarm:/home/robotics/ros2_cobot/install/mypalletizer_communication:/home/robotics/ros2_cobot/install/mypalletizer_260_pi:/home/robotics/ros2_cobot/install/mypalletizer_260:/home/robotics/ros2_cobot/install/myarm_m750:/home/robotics/ros2_cobot/install/myarm_c650:/home/robotics/ros2_cobot/install/mycobot_communication:/home/robotics/ros2_cobot/install/mecharm_communication:/home/robotics/ros2_cobot/install/mycobot_630:/home/robotics/ros2_cobot/install/mycobot_600:/home/robotics/ros2_cobot/install/mycobot_320pi:/home/robotics/ros2_cobot/install/mycobot_320_riscv:/home/robotics/ros2_cobot/install/mycobot_320:/home/robotics/ros2_cobot/install/mycobot_280pi:/home/robotics/ros2_cobot/install/mycobot_280jn:/home/robotics/ros2_cobot/install/mycobot_280_x3pi:/home/robotics/ros2_cobot/install/mycobot_280_riscv:/home/robotics/ros2_cobot/install/mycobot_280_rdkx5:/home/robotics/ros2_cobot/install/mycobot_280_moveit2_control:/home/robotics/ros2_cobot/install/mycobot_280_arduino:/home/robotics/ros2_cobot/install/mycobot_280:/home/robotics/ros2_cobot/install/mybuddy:/home/robotics/ros2_cobot/install/myarm_300:/home/robotics/ros2_cobot/install/mecharm_pi:/home/robotics/ros2_cobot/install/mecharm:/home/robotics/ros2_cobot/install/mycobot_description:/opt/ros/humble /usr/bin/cmake --build /home/robotics/ros2_cobot/build/mypalletizer_interfaces -- -j16 -l16
[0.723s] DEBUG:colcon.colcon_core.event_handler.log_command:Invoking command in '/home/robotics/ros2_cobot/build/mecharm_interfaces': CMAKE_PREFIX_PATH=${CMAKE_PREFIX_PATH}:/home/robotics/ros2_cobot/install/ultraarm:/home/robotics/ros2_cobot/install/mypalletizer_communication:/home/robotics/ros2_cobot/install/mypalletizer_260_pi:/home/robotics/ros2_cobot/install/mypalletizer_260:/home/robotics/ros2_cobot/install/myarm_m750:/home/robotics/ros2_cobot/install/myarm_c650:/home/robotics/ros2_cobot/install/mycobot_communication:/home/robotics/ros2_cobot/install/mecharm_communication:/home/robotics/ros2_cobot/install/mycobot_630:/home/robotics/ros2_cobot/install/mycobot_600:/home/robotics/ros2_cobot/install/mycobot_320pi:/home/robotics/ros2_cobot/install/mycobot_320_riscv:/home/robotics/ros2_cobot/install/mycobot_320:/home/robotics/ros2_cobot/install/mycobot_280pi:/home/robotics/ros2_cobot/install/mycobot_280jn:/home/robotics/ros2_cobot/install/mycobot_280_x3pi:/home/robotics/ros2_cobot/install/mycobot_280_riscv:/home/robotics/ros2_cobot/install/mycobot_280_rdkx5:/home/robotics/ros2_cobot/install/mycobot_280_moveit2_control:/home/robotics/ros2_cobot/install/mycobot_280_arduino:/home/robotics/ros2_cobot/install/mycobot_280:/home/robotics/ros2_cobot/install/mybuddy:/home/robotics/ros2_cobot/install/myarm_300:/home/robotics/ros2_cobot/install/mecharm_pi:/home/robotics/ros2_cobot/install/mecharm:/home/robotics/ros2_cobot/install/mycobot_description:/opt/ros/humble /usr/bin/cmake --build /home/robotics/ros2_cobot/build/mecharm_interfaces -- -j16 -l16
[0.735s] DEBUG:colcon.colcon_core.event_handler.log_command:Invoking command in '/home/robotics/ros2_cobot/build/traj_scripts': CMAKE_PREFIX_PATH=${CMAKE_PREFIX_PATH}:/home/robotics/ros2_cobot/install/ultraarm:/home/robotics/ros2_cobot/install/mypalletizer_communication:/home/robotics/ros2_cobot/install/mypalletizer_260_pi:/home/robotics/ros2_cobot/install/mypalletizer_260:/home/robotics/ros2_cobot/install/myarm_m750:/home/robotics/ros2_cobot/install/myarm_c650:/home/robotics/ros2_cobot/install/mycobot_communication:/home/robotics/ros2_cobot/install/mecharm_communication:/home/robotics/ros2_cobot/install/mycobot_630:/home/robotics/ros2_cobot/install/mycobot_600:/home/robotics/ros2_cobot/install/mycobot_320pi:/home/robotics/ros2_cobot/install/mycobot_320_riscv:/home/robotics/ros2_cobot/install/mycobot_320:/home/robotics/ros2_cobot/install/mycobot_280pi:/home/robotics/ros2_cobot/install/mycobot_280jn:/home/robotics/ros2_cobot/install/mycobot_280_x3pi:/home/robotics/ros2_cobot/install/mycobot_280_riscv:/home/robotics/ros2_cobot/install/mycobot_280_rdkx5:/home/robotics/ros2_cobot/install/mycobot_280_moveit2_control:/home/robotics/ros2_cobot/install/mycobot_280_arduino:/home/robotics/ros2_cobot/install/mycobot_280:/home/robotics/ros2_cobot/install/mybuddy:/home/robotics/ros2_cobot/install/myarm_300:/home/robotics/ros2_cobot/install/mecharm_pi:/home/robotics/ros2_cobot/install/mecharm:/home/robotics/ros2_cobot/install/mycobot_description:/opt/ros/humble /usr/bin/cmake --build /home/robotics/ros2_cobot/build/traj_scripts -- -j16 -l16
[1.402s] DEBUG:colcon.colcon_core.event_handler.log_command:Invoked command in '/home/robotics/ros2_cobot/build/mycobot_interfaces' returned '0': CMAKE_PREFIX_PATH=${CMAKE_PREFIX_PATH}:/home/robotics/ros2_cobot/install/ultraarm:/home/robotics/ros2_cobot/install/mypalletizer_communication:/home/robotics/ros2_cobot/install/mypalletizer_260_pi:/home/robotics/ros2_cobot/install/mypalletizer_260:/home/robotics/ros2_cobot/install/myarm_m750:/home/robotics/ros2_cobot/install/myarm_c650:/home/robotics/ros2_cobot/install/mycobot_communication:/home/robotics/ros2_cobot/install/mecharm_communication:/home/robotics/ros2_cobot/install/mycobot_630:/home/robotics/ros2_cobot/install/mycobot_600:/home/robotics/ros2_cobot/install/mycobot_320pi:/home/robotics/ros2_cobot/install/mycobot_320_riscv:/home/robotics/ros2_cobot/install/mycobot_320:/home/robotics/ros2_cobot/install/mycobot_280pi:/home/robotics/ros2_cobot/install/mycobot_280jn:/home/robotics/ros2_cobot/install/mycobot_280_x3pi:/home/robotics/ros2_cobot/install/mycobot_280_riscv:/home/robotics/ros2_cobot/install/mycobot_280_rdkx5:/home/robotics/ros2_cobot/install/mycobot_280_moveit2_control:/home/robotics/ros2_cobot/install/mycobot_280_arduino:/home/robotics/ros2_cobot/install/mycobot_280:/home/robotics/ros2_cobot/install/mybuddy:/home/robotics/ros2_cobot/install/myarm_300:/home/robotics/ros2_cobot/install/mecharm_pi:/home/robotics/ros2_cobot/install/mecharm:/home/robotics/ros2_cobot/install/mycobot_description:/opt/ros/humble /usr/bin/cmake --build /home/robotics/ros2_cobot/build/mycobot_interfaces -- -j16 -l16
[1.421s] DEBUG:colcon.colcon_core.event_handler.log_command:Invoking command in '/home/robotics/ros2_cobot/build/mycobot_interfaces': CMAKE_PREFIX_PATH=${CMAKE_PREFIX_PATH}:/home/robotics/ros2_cobot/install/ultraarm:/home/robotics/ros2_cobot/install/mypalletizer_communication:/home/robotics/ros2_cobot/install/mypalletizer_260_pi:/home/robotics/ros2_cobot/install/mypalletizer_260:/home/robotics/ros2_cobot/install/myarm_m750:/home/robotics/ros2_cobot/install/myarm_c650:/home/robotics/ros2_cobot/install/mycobot_communication:/home/robotics/ros2_cobot/install/mecharm_communication:/home/robotics/ros2_cobot/install/mycobot_630:/home/robotics/ros2_cobot/install/mycobot_600:/home/robotics/ros2_cobot/install/mycobot_320pi:/home/robotics/ros2_cobot/install/mycobot_320_riscv:/home/robotics/ros2_cobot/install/mycobot_320:/home/robotics/ros2_cobot/install/mycobot_280pi:/home/robotics/ros2_cobot/install/mycobot_280jn:/home/robotics/ros2_cobot/install/mycobot_280_x3pi:/home/robotics/ros2_cobot/install/mycobot_280_riscv:/home/robotics/ros2_cobot/install/mycobot_280_rdkx5:/home/robotics/ros2_cobot/install/mycobot_280_moveit2_control:/home/robotics/ros2_cobot/install/mycobot_280_arduino:/home/robotics/ros2_cobot/install/mycobot_280:/home/robotics/ros2_cobot/install/mybuddy:/home/robotics/ros2_cobot/install/myarm_300:/home/robotics/ros2_cobot/install/mecharm_pi:/home/robotics/ros2_cobot/install/mecharm:/home/robotics/ros2_cobot/install/mycobot_description:/opt/ros/humble /usr/bin/cmake --install /home/robotics/ros2_cobot/build/mycobot_interfaces
[1.425s] DEBUG:colcon.colcon_core.event_handler.log_command:Invoked command in '/home/robotics/ros2_cobot/build/mypalletizer_interfaces' returned '0': CMAKE_PREFIX_PATH=${CMAKE_PREFIX_PATH}:/home/robotics/ros2_cobot/install/ultraarm:/home/robotics/ros2_cobot/install/mypalletizer_communication:/home/robotics/ros2_cobot/install/mypalletizer_260_pi:/home/robotics/ros2_cobot/install/mypalletizer_260:/home/robotics/ros2_cobot/install/myarm_m750:/home/robotics/ros2_cobot/install/myarm_c650:/home/robotics/ros2_cobot/install/mycobot_communication:/home/robotics/ros2_cobot/install/mecharm_communication:/home/robotics/ros2_cobot/install/mycobot_630:/home/robotics/ros2_cobot/install/mycobot_600:/home/robotics/ros2_cobot/install/mycobot_320pi:/home/robotics/ros2_cobot/install/mycobot_320_riscv:/home/robotics/ros2_cobot/install/mycobot_320:/home/robotics/ros2_cobot/install/mycobot_280pi:/home/robotics/ros2_cobot/install/mycobot_280jn:/home/robotics/ros2_cobot/install/mycobot_280_x3pi:/home/robotics/ros2_cobot/install/mycobot_280_riscv:/home/robotics/ros2_cobot/install/mycobot_280_rdkx5:/home/robotics/ros2_cobot/install/mycobot_280_moveit2_control:/home/robotics/ros2_cobot/install/mycobot_280_arduino:/home/robotics/ros2_cobot/install/mycobot_280:/home/robotics/ros2_cobot/install/mybuddy:/home/robotics/ros2_cobot/install/myarm_300:/home/robotics/ros2_cobot/install/mecharm_pi:/home/robotics/ros2_cobot/install/mecharm:/home/robotics/ros2_cobot/install/mycobot_description:/opt/ros/humble /usr/bin/cmake --build /home/robotics/ros2_cobot/build/mypalletizer_interfaces -- -j16 -l16
[1.431s] DEBUG:colcon.colcon_core.event_handler.log_command:Invoking command in '/home/robotics/ros2_cobot/build/mypalletizer_interfaces': CMAKE_PREFIX_PATH=${CMAKE_PREFIX_PATH}:/home/robotics/ros2_cobot/install/ultraarm:/home/robotics/ros2_cobot/install/mypalletizer_communication:/home/robotics/ros2_cobot/install/mypalletizer_260_pi:/home/robotics/ros2_cobot/install/mypalletizer_260:/home/robotics/ros2_cobot/install/myarm_m750:/home/robotics/ros2_cobot/install/myarm_c650:/home/robotics/ros2_cobot/install/mycobot_communication:/home/robotics/ros2_cobot/install/mecharm_communication:/home/robotics/ros2_cobot/install/mycobot_630:/home/robotics/ros2_cobot/install/mycobot_600:/home/robotics/ros2_cobot/install/mycobot_320pi:/home/robotics/ros2_cobot/install/mycobot_320_riscv:/home/robotics/ros2_cobot/install/mycobot_320:/home/robotics/ros2_cobot/install/mycobot_280pi:/home/robotics/ros2_cobot/install/mycobot_280jn:/home/robotics/ros2_cobot/install/mycobot_280_x3pi:/home/robotics/ros2_cobot/install/mycobot_280_riscv:/home/robotics/ros2_cobot/install/mycobot_280_rdkx5:/home/robotics/ros2_cobot/install/mycobot_280_moveit2_control:/home/robotics/ros2_cobot/install/mycobot_280_arduino:/home/robotics/ros2_cobot/install/mycobot_280:/home/robotics/ros2_cobot/install/mybuddy:/home/robotics/ros2_cobot/install/myarm_300:/home/robotics/ros2_cobot/install/mecharm_pi:/home/robotics/ros2_cobot/install/mecharm:/home/robotics/ros2_cobot/install/mycobot_description:/opt/ros/humble /usr/bin/cmake --install /home/robotics/ros2_cobot/build/mypalletizer_interfaces
[1.503s] DEBUG:colcon.colcon_core.event_handler.log_command:Invoking command in '/home/robotics/ros2_cobot/src/mycobot_ros2/mycobot_description': PYTHONPATH=/home/robotics/ros2_cobot/build/mycobot_description/prefix_override:/usr/lib/python3/dist-packages/colcon_core/task/python/colcon_distutils_commands:/home/robotics/ros2_cobot/install/mycobot_description/lib/python3.10/site-packages:${PYTHONPATH} /usr/bin/python3 -W ignore:setup.py install is deprecated -W ignore:easy_install command is deprecated setup.py egg_info --egg-base ../../../build/mycobot_description build --build-base /home/robotics/ros2_cobot/build/mycobot_description/build install --record /home/robotics/ros2_cobot/build/mycobot_description/install.log --single-version-externally-managed install_data
[1.505s] DEBUG:colcon.colcon_core.event_handler.log_command:Invoked command in '/home/robotics/ros2_cobot/build/mecharm_interfaces' returned '0': CMAKE_PREFIX_PATH=${CMAKE_PREFIX_PATH}:/home/robotics/ros2_cobot/install/ultraarm:/home/robotics/ros2_cobot/install/mypalletizer_communication:/home/robotics/ros2_cobot/install/mypalletizer_260_pi:/home/robotics/ros2_cobot/install/mypalletizer_260:/home/robotics/ros2_cobot/install/myarm_m750:/home/robotics/ros2_cobot/install/myarm_c650:/home/robotics/ros2_cobot/install/mycobot_communication:/home/robotics/ros2_cobot/install/mecharm_communication:/home/robotics/ros2_cobot/install/mycobot_630:/home/robotics/ros2_cobot/install/mycobot_600:/home/robotics/ros2_cobot/install/mycobot_320pi:/home/robotics/ros2_cobot/install/mycobot_320_riscv:/home/robotics/ros2_cobot/install/mycobot_320:/home/robotics/ros2_cobot/install/mycobot_280pi:/home/robotics/ros2_cobot/install/mycobot_280jn:/home/robotics/ros2_cobot/install/mycobot_280_x3pi:/home/robotics/ros2_cobot/install/mycobot_280_riscv:/home/robotics/ros2_cobot/install/mycobot_280_rdkx5:/home/robotics/ros2_cobot/install/mycobot_280_moveit2_control:/home/robotics/ros2_cobot/install/mycobot_280_arduino:/home/robotics/ros2_cobot/install/mycobot_280:/home/robotics/ros2_cobot/install/mybuddy:/home/robotics/ros2_cobot/install/myarm_300:/home/robotics/ros2_cobot/install/mecharm_pi:/home/robotics/ros2_cobot/install/mecharm:/home/robotics/ros2_cobot/install/mycobot_description:/opt/ros/humble /usr/bin/cmake --build /home/robotics/ros2_cobot/build/mecharm_interfaces -- -j16 -l16
[1.510s] DEBUG:colcon.colcon_core.event_handler.log_command:Invoking command in '/home/robotics/ros2_cobot/build/mecharm_interfaces': CMAKE_PREFIX_PATH=${CMAKE_PREFIX_PATH}:/home/robotics/ros2_cobot/install/ultraarm:/home/robotics/ros2_cobot/install/mypalletizer_communication:/home/robotics/ros2_cobot/install/mypalletizer_260_pi:/home/robotics/ros2_cobot/install/mypalletizer_260:/home/robotics/ros2_cobot/install/myarm_m750:/home/robotics/ros2_cobot/install/myarm_c650:/home/robotics/ros2_cobot/install/mycobot_communication:/home/robotics/ros2_cobot/install/mecharm_communication:/home/robotics/ros2_cobot/install/mycobot_630:/home/robotics/ros2_cobot/install/mycobot_600:/home/robotics/ros2_cobot/install/mycobot_320pi:/home/robotics/ros2_cobot/install/mycobot_320_riscv:/home/robotics/ros2_cobot/install/mycobot_320:/home/robotics/ros2_cobot/install/mycobot_280pi:/home/robotics/ros2_cobot/install/mycobot_280jn:/home/robotics/ros2_cobot/install/mycobot_280_x3pi:/home/robotics/ros2_cobot/install/mycobot_280_riscv:/home/robotics/ros2_cobot/install/mycobot_280_rdkx5:/home/robotics/ros2_cobot/install/mycobot_280_moveit2_control:/home/robotics/ros2_cobot/install/mycobot_280_arduino:/home/robotics/ros2_cobot/install/mycobot_280:/home/robotics/ros2_cobot/install/mybuddy:/home/robotics/ros2_cobot/install/myarm_300:/home/robotics/ros2_cobot/install/mecharm_pi:/home/robotics/ros2_cobot/install/mecharm:/home/robotics/ros2_cobot/install/mycobot_description:/opt/ros/humble /usr/bin/cmake --install /home/robotics/ros2_cobot/build/mecharm_interfaces
[1.548s] Level 1:colcon.colcon_core.environment:create_environment_scripts_only(mypalletizer_interfaces)
[1.549s] DEBUG:colcon.colcon_core.event_handler.log_command:Invoked command in '/home/robotics/ros2_cobot/build/mypalletizer_interfaces' returned '0': CMAKE_PREFIX_PATH=${CMAKE_PREFIX_PATH}:/home/robotics/ros2_cobot/install/ultraarm:/home/robotics/ros2_cobot/install/mypalletizer_communication:/home/robotics/ros2_cobot/install/mypalletizer_260_pi:/home/robotics/ros2_cobot/install/mypalletizer_260:/home/robotics/ros2_cobot/install/myarm_m750:/home/robotics/ros2_cobot/install/myarm_c650:/home/robotics/ros2_cobot/install/mycobot_communication:/home/robotics/ros2_cobot/install/mecharm_communication:/home/robotics/ros2_cobot/install/mycobot_630:/home/robotics/ros2_cobot/install/mycobot_600:/home/robotics/ros2_cobot/install/mycobot_320pi:/home/robotics/ros2_cobot/install/mycobot_320_riscv:/home/robotics/ros2_cobot/install/mycobot_320:/home/robotics/ros2_cobot/install/mycobot_280pi:/home/robotics/ros2_cobot/install/mycobot_280jn:/home/robotics/ros2_cobot/install/mycobot_280_x3pi:/home/robotics/ros2_cobot/install/mycobot_280_riscv:/home/robotics/ros2_cobot/install/mycobot_280_rdkx5:/home/robotics/ros2_cobot/install/mycobot_280_moveit2_control:/home/robotics/ros2_cobot/install/mycobot_280_arduino:/home/robotics/ros2_cobot/install/mycobot_280:/home/robotics/ros2_cobot/install/mybuddy:/home/robotics/ros2_cobot/install/myarm_300:/home/robotics/ros2_cobot/install/mecharm_pi:/home/robotics/ros2_cobot/install/mecharm:/home/robotics/ros2_cobot/install/mycobot_description:/opt/ros/humble /usr/bin/cmake --install /home/robotics/ros2_cobot/build/mypalletizer_interfaces
[1.551s] Level 1:colcon.colcon_core.environment:checking '/home/robotics/ros2_cobot/install/mypalletizer_interfaces' for CMake module files
[1.551s] Level 1:colcon.colcon_core.environment:checking '/home/robotics/ros2_cobot/install/mypalletizer_interfaces' for CMake config files
[1.551s] Level 1:colcon.colcon_core.shell:create_environment_hook('mypalletizer_interfaces', 'cmake_prefix_path')
[1.552s] INFO:colcon.colcon_core.shell:Creating environment hook '/home/robotics/ros2_cobot/install/mypalletizer_interfaces/share/mypalletizer_interfaces/hook/cmake_prefix_path.ps1'
[1.552s] INFO:colcon.colcon_core.shell:Creating environment descriptor '/home/robotics/ros2_cobot/install/mypalletizer_interfaces/share/mypalletizer_interfaces/hook/cmake_prefix_path.dsv'
[1.552s] INFO:colcon.colcon_core.shell:Creating environment hook '/home/robotics/ros2_cobot/install/mypalletizer_interfaces/share/mypalletizer_interfaces/hook/cmake_prefix_path.sh'
[1.553s] Level 1:colcon.colcon_core.environment:checking '/home/robotics/ros2_cobot/install/mypalletizer_interfaces/lib'
[1.553s] Level 1:colcon.colcon_core.shell:create_environment_hook('mypalletizer_interfaces', 'ld_library_path_lib')
[1.553s] INFO:colcon.colcon_core.shell:Creating environment hook '/home/robotics/ros2_cobot/install/mypalletizer_interfaces/share/mypalletizer_interfaces/hook/ld_library_path_lib.ps1'
[1.554s] INFO:colcon.colcon_core.shell:Creating environment descriptor '/home/robotics/ros2_cobot/install/mypalletizer_interfaces/share/mypalletizer_interfaces/hook/ld_library_path_lib.dsv'
[1.554s] INFO:colcon.colcon_core.shell:Creating environment hook '/home/robotics/ros2_cobot/install/mypalletizer_interfaces/share/mypalletizer_interfaces/hook/ld_library_path_lib.sh'
[1.554s] Level 1:colcon.colcon_core.environment:checking '/home/robotics/ros2_cobot/install/mypalletizer_interfaces/bin'
[1.554s] Level 1:colcon.colcon_core.environment:checking '/home/robotics/ros2_cobot/install/mypalletizer_interfaces/lib/pkgconfig/mypalletizer_interfaces.pc'
[1.555s] Level 1:colcon.colcon_core.environment:checking '/home/robotics/ros2_cobot/install/mypalletizer_interfaces/lib/python3.10/site-packages'
[1.555s] Level 1:colcon.colcon_core.environment:checking '/home/robotics/ros2_cobot/install/mypalletizer_interfaces/bin'
[1.556s] INFO:colcon.colcon_core.shell:Creating package script '/home/robotics/ros2_cobot/install/mypalletizer_interfaces/share/mypalletizer_interfaces/package.ps1'
[1.557s] INFO:colcon.colcon_core.shell:Creating package descriptor '/home/robotics/ros2_cobot/install/mypalletizer_interfaces/share/mypalletizer_interfaces/package.dsv'
[1.558s] INFO:colcon.colcon_core.shell:Creating package script '/home/robotics/ros2_cobot/install/mypalletizer_interfaces/share/mypalletizer_interfaces/package.sh'
[1.559s] INFO:colcon.colcon_core.shell:Creating package script '/home/robotics/ros2_cobot/install/mypalletizer_interfaces/share/mypalletizer_interfaces/package.bash'
[1.560s] INFO:colcon.colcon_core.shell:Creating package script '/home/robotics/ros2_cobot/install/mypalletizer_interfaces/share/mypalletizer_interfaces/package.zsh'
[1.561s] Level 1:colcon.colcon_core.environment:create_file_with_runtime_dependencies(/home/robotics/ros2_cobot/install/mypalletizer_interfaces/share/colcon-core/packages/mypalletizer_interfaces)
[1.562s] Level 1:colcon.colcon_core.environment:create_environment_scripts_only(mypalletizer_interfaces)
[1.562s] Level 1:colcon.colcon_core.environment:checking '/home/robotics/ros2_cobot/install/mypalletizer_interfaces' for CMake module files
[1.563s] Level 1:colcon.colcon_core.environment:checking '/home/robotics/ros2_cobot/install/mypalletizer_interfaces' for CMake config files
[1.563s] Level 1:colcon.colcon_core.shell:create_environment_hook('mypalletizer_interfaces', 'cmake_prefix_path')
[1.563s] INFO:colcon.colcon_core.shell:Creating environment hook '/home/robotics/ros2_cobot/install/mypalletizer_interfaces/share/mypalletizer_interfaces/hook/cmake_prefix_path.ps1'
[1.564s] INFO:colcon.colcon_core.shell:Creating environment descriptor '/home/robotics/ros2_cobot/install/mypalletizer_interfaces/share/mypalletizer_interfaces/hook/cmake_prefix_path.dsv'
[1.564s] INFO:colcon.colcon_core.shell:Creating environment hook '/home/robotics/ros2_cobot/install/mypalletizer_interfaces/share/mypalletizer_interfaces/hook/cmake_prefix_path.sh'
[1.564s] Level 1:colcon.colcon_core.environment:checking '/home/robotics/ros2_cobot/install/mypalletizer_interfaces/lib'
[1.565s] Level 1:colcon.colcon_core.shell:create_environment_hook('mypalletizer_interfaces', 'ld_library_path_lib')
[1.565s] INFO:colcon.colcon_core.shell:Creating environment hook '/home/robotics/ros2_cobot/install/mypalletizer_interfaces/share/mypalletizer_interfaces/hook/ld_library_path_lib.ps1'
[1.565s] INFO:colcon.colcon_core.shell:Creating environment descriptor '/home/robotics/ros2_cobot/install/mypalletizer_interfaces/share/mypalletizer_interfaces/hook/ld_library_path_lib.dsv'
[1.565s] INFO:colcon.colcon_core.shell:Creating environment hook '/home/robotics/ros2_cobot/install/mypalletizer_interfaces/share/mypalletizer_interfaces/hook/ld_library_path_lib.sh'
[1.565s] Level 1:colcon.colcon_core.environment:checking '/home/robotics/ros2_cobot/install/mypalletizer_interfaces/bin'
[1.565s] Level 1:colcon.colcon_core.environment:checking '/home/robotics/ros2_cobot/install/mypalletizer_interfaces/lib/pkgconfig/mypalletizer_interfaces.pc'
[1.566s] Level 1:colcon.colcon_core.environment:checking '/home/robotics/ros2_cobot/install/mypalletizer_interfaces/lib/python3.10/site-packages'
[1.566s] Level 1:colcon.colcon_core.environment:checking '/home/robotics/ros2_cobot/install/mypalletizer_interfaces/bin'
[1.566s] INFO:colcon.colcon_core.shell:Creating package script '/home/robotics/ros2_cobot/install/mypalletizer_interfaces/share/mypalletizer_interfaces/package.ps1'
[1.566s] INFO:colcon.colcon_core.shell:Creating package descriptor '/home/robotics/ros2_cobot/install/mypalletizer_interfaces/share/mypalletizer_interfaces/package.dsv'
[1.567s] INFO:colcon.colcon_core.shell:Creating package script '/home/robotics/ros2_cobot/install/mypalletizer_interfaces/share/mypalletizer_interfaces/package.sh'
[1.567s] INFO:colcon.colcon_core.shell:Creating package script '/home/robotics/ros2_cobot/install/mypalletizer_interfaces/share/mypalletizer_interfaces/package.bash'
[1.567s] INFO:colcon.colcon_core.shell:Creating package script '/home/robotics/ros2_cobot/install/mypalletizer_interfaces/share/mypalletizer_interfaces/package.zsh'
[1.568s] Level 1:colcon.colcon_core.environment:create_file_with_runtime_dependencies(/home/robotics/ros2_cobot/install/mypalletizer_interfaces/share/colcon-core/packages/mypalletizer_interfaces)
[1.568s] INFO:colcon.colcon_ros.task.ament_python.build:Building ROS package in '/home/robotics/ros2_cobot/src/mycobot_ros2/mypalletizer_260/mypalletizer_communication' with build type 'ament_python'
[1.568s] Level 1:colcon.colcon_core.shell:create_environment_hook('mypalletizer_communication', 'ament_prefix_path')
[1.569s] INFO:colcon.colcon_core.shell:Creating environment hook '/home/robotics/ros2_cobot/install/mypalletizer_communication/share/mypalletizer_communication/hook/ament_prefix_path.ps1'
[1.569s] INFO:colcon.colcon_core.shell:Creating environment descriptor '/home/robotics/ros2_cobot/install/mypalletizer_communication/share/mypalletizer_communication/hook/ament_prefix_path.dsv'
[1.570s] INFO:colcon.colcon_core.shell:Creating environment hook '/home/robotics/ros2_cobot/install/mypalletizer_communication/share/mypalletizer_communication/hook/ament_prefix_path.sh'
[1.570s] INFO:colcon.colcon_core.shell:Skip shell extension 'powershell' for command environment: Not usable outside of PowerShell
[1.570s] DEBUG:colcon.colcon_core.shell:Skip shell extension 'dsv' for command environment
[1.581s] Level 1:colcon.colcon_core.environment:create_environment_scripts_only(mycobot_interfaces)
[1.581s] Level 1:colcon.colcon_core.environment:checking '/home/robotics/ros2_cobot/install/mycobot_interfaces' for CMake module files
[1.582s] DEBUG:colcon.colcon_core.event_handler.log_command:Invoked command in '/home/robotics/ros2_cobot/build/mycobot_interfaces' returned '0': CMAKE_PREFIX_PATH=${CMAKE_PREFIX_PATH}:/home/robotics/ros2_cobot/install/ultraarm:/home/robotics/ros2_cobot/install/mypalletizer_communication:/home/robotics/ros2_cobot/install/mypalletizer_260_pi:/home/robotics/ros2_cobot/install/mypalletizer_260:/home/robotics/ros2_cobot/install/myarm_m750:/home/robotics/ros2_cobot/install/myarm_c650:/home/robotics/ros2_cobot/install/mycobot_communication:/home/robotics/ros2_cobot/install/mecharm_communication:/home/robotics/ros2_cobot/install/mycobot_630:/home/robotics/ros2_cobot/install/mycobot_600:/home/robotics/ros2_cobot/install/mycobot_320pi:/home/robotics/ros2_cobot/install/mycobot_320_riscv:/home/robotics/ros2_cobot/install/mycobot_320:/home/robotics/ros2_cobot/install/mycobot_280pi:/home/robotics/ros2_cobot/install/mycobot_280jn:/home/robotics/ros2_cobot/install/mycobot_280_x3pi:/home/robotics/ros2_cobot/install/mycobot_280_riscv:/home/robotics/ros2_cobot/install/mycobot_280_rdkx5:/home/robotics/ros2_cobot/install/mycobot_280_moveit2_control:/home/robotics/ros2_cobot/install/mycobot_280_arduino:/home/robotics/ros2_cobot/install/mycobot_280:/home/robotics/ros2_cobot/install/mybuddy:/home/robotics/ros2_cobot/install/myarm_300:/home/robotics/ros2_cobot/install/mecharm_pi:/home/robotics/ros2_cobot/install/mecharm:/home/robotics/ros2_cobot/install/mycobot_description:/opt/ros/humble /usr/bin/cmake --install /home/robotics/ros2_cobot/build/mycobot_interfaces
[1.583s] Level 1:colcon.colcon_core.environment:checking '/home/robotics/ros2_cobot/install/mycobot_interfaces' for CMake config files
[1.583s] Level 1:colcon.colcon_core.shell:create_environment_hook('mycobot_interfaces', 'cmake_prefix_path')
[1.584s] INFO:colcon.colcon_core.shell:Creating environment hook '/home/robotics/ros2_cobot/install/mycobot_interfaces/share/mycobot_interfaces/hook/cmake_prefix_path.ps1'
[1.584s] INFO:colcon.colcon_core.shell:Creating environment descriptor '/home/robotics/ros2_cobot/install/mycobot_interfaces/share/mycobot_interfaces/hook/cmake_prefix_path.dsv'
[1.585s] INFO:colcon.colcon_core.shell:Creating environment hook '/home/robotics/ros2_cobot/install/mycobot_interfaces/share/mycobot_interfaces/hook/cmake_prefix_path.sh'
[1.585s] Level 1:colcon.colcon_core.environment:checking '/home/robotics/ros2_cobot/install/mycobot_interfaces/lib'
[1.585s] Level 1:colcon.colcon_core.shell:create_environment_hook('mycobot_interfaces', 'ld_library_path_lib')
[1.586s] INFO:colcon.colcon_core.shell:Creating environment hook '/home/robotics/ros2_cobot/install/mycobot_interfaces/share/mycobot_interfaces/hook/ld_library_path_lib.ps1'
[1.586s] INFO:colcon.colcon_core.shell:Creating environment descriptor '/home/robotics/ros2_cobot/install/mycobot_interfaces/share/mycobot_interfaces/hook/ld_library_path_lib.dsv'
[1.586s] INFO:colcon.colcon_core.shell:Creating environment hook '/home/robotics/ros2_cobot/install/mycobot_interfaces/share/mycobot_interfaces/hook/ld_library_path_lib.sh'
[1.587s] Level 1:colcon.colcon_core.environment:checking '/home/robotics/ros2_cobot/install/mycobot_interfaces/bin'
[1.587s] Level 1:colcon.colcon_core.environment:checking '/home/robotics/ros2_cobot/install/mycobot_interfaces/lib/pkgconfig/mycobot_interfaces.pc'
[1.587s] Level 1:colcon.colcon_core.environment:checking '/home/robotics/ros2_cobot/install/mycobot_interfaces/lib/python3.10/site-packages'
[1.588s] Level 1:colcon.colcon_core.environment:checking '/home/robotics/ros2_cobot/install/mycobot_interfaces/bin'
[1.589s] INFO:colcon.colcon_core.shell:Creating package script '/home/robotics/ros2_cobot/install/mycobot_interfaces/share/mycobot_interfaces/package.ps1'
[1.591s] INFO:colcon.colcon_core.shell:Creating package descriptor '/home/robotics/ros2_cobot/install/mycobot_interfaces/share/mycobot_interfaces/package.dsv'
[1.593s] INFO:colcon.colcon_core.shell:Creating package script '/home/robotics/ros2_cobot/install/mycobot_interfaces/share/mycobot_interfaces/package.sh'
[1.593s] INFO:colcon.colcon_core.shell:Creating package script '/home/robotics/ros2_cobot/install/mycobot_interfaces/share/mycobot_interfaces/package.bash'
[1.594s] INFO:colcon.colcon_core.shell:Creating package script '/home/robotics/ros2_cobot/install/mycobot_interfaces/share/mycobot_interfaces/package.zsh'
[1.594s] Level 1:colcon.colcon_core.environment:create_file_with_runtime_dependencies(/home/robotics/ros2_cobot/install/mycobot_interfaces/share/colcon-core/packages/mycobot_interfaces)
[1.595s] Level 1:colcon.colcon_core.environment:create_environment_scripts_only(mycobot_interfaces)
[1.595s] Level 1:colcon.colcon_core.environment:checking '/home/robotics/ros2_cobot/install/mycobot_interfaces' for CMake module files
[1.596s] Level 1:colcon.colcon_core.environment:checking '/home/robotics/ros2_cobot/install/mycobot_interfaces' for CMake config files
[1.597s] Level 1:colcon.colcon_core.shell:create_environment_hook('mycobot_interfaces', 'cmake_prefix_path')
[1.597s] INFO:colcon.colcon_core.shell:Creating environment hook '/home/robotics/ros2_cobot/install/mycobot_interfaces/share/mycobot_interfaces/hook/cmake_prefix_path.ps1'
[1.599s] INFO:colcon.colcon_core.shell:Creating environment descriptor '/home/robotics/ros2_cobot/install/mycobot_interfaces/share/mycobot_interfaces/hook/cmake_prefix_path.dsv'
[1.599s] INFO:colcon.colcon_core.shell:Creating environment hook '/home/robotics/ros2_cobot/install/mycobot_interfaces/share/mycobot_interfaces/hook/cmake_prefix_path.sh'
[1.599s] Level 1:colcon.colcon_core.environment:checking '/home/robotics/ros2_cobot/install/mycobot_interfaces/lib'
[1.600s] Level 1:colcon.colcon_core.shell:create_environment_hook('mycobot_interfaces', 'ld_library_path_lib')
[1.600s] INFO:colcon.colcon_core.shell:Creating environment hook '/home/robotics/ros2_cobot/install/mycobot_interfaces/share/mycobot_interfaces/hook/ld_library_path_lib.ps1'
[1.600s] INFO:colcon.colcon_core.shell:Creating environment descriptor '/home/robotics/ros2_cobot/install/mycobot_interfaces/share/mycobot_interfaces/hook/ld_library_path_lib.dsv'
[1.601s] INFO:colcon.colcon_core.shell:Creating environment hook '/home/robotics/ros2_cobot/install/mycobot_interfaces/share/mycobot_interfaces/hook/ld_library_path_lib.sh'
[1.601s] Level 1:colcon.colcon_core.environment:checking '/home/robotics/ros2_cobot/install/mycobot_interfaces/bin'
[1.601s] Level 1:colcon.colcon_core.environment:checking '/home/robotics/ros2_cobot/install/mycobot_interfaces/lib/pkgconfig/mycobot_interfaces.pc'
[1.601s] Level 1:colcon.colcon_core.environment:checking '/home/robotics/ros2_cobot/install/mycobot_interfaces/lib/python3.10/site-packages'
[1.601s] Level 1:colcon.colcon_core.environment:checking '/home/robotics/ros2_cobot/install/mycobot_interfaces/bin'
[1.602s] INFO:colcon.colcon_core.shell:Creating package script '/home/robotics/ros2_cobot/install/mycobot_interfaces/share/mycobot_interfaces/package.ps1'
[1.603s] INFO:colcon.colcon_core.shell:Creating package descriptor '/home/robotics/ros2_cobot/install/mycobot_interfaces/share/mycobot_interfaces/package.dsv'
[1.604s] INFO:colcon.colcon_core.shell:Creating package script '/home/robotics/ros2_cobot/install/mycobot_interfaces/share/mycobot_interfaces/package.sh'
[1.606s] INFO:colcon.colcon_core.shell:Creating package script '/home/robotics/ros2_cobot/install/mycobot_interfaces/share/mycobot_interfaces/package.bash'
[1.608s] INFO:colcon.colcon_core.shell:Creating package script '/home/robotics/ros2_cobot/install/mycobot_interfaces/share/mycobot_interfaces/package.zsh'
[1.609s] Level 1:colcon.colcon_core.environment:create_file_with_runtime_dependencies(/home/robotics/ros2_cobot/install/mycobot_interfaces/share/colcon-core/packages/mycobot_interfaces)
[1.611s] INFO:colcon.colcon_ros.task.ament_python.build:Building ROS package in '/home/robotics/ros2_cobot/src/mycobot_ros2/mycobot_communication' with build type 'ament_python'
[1.611s] Level 1:colcon.colcon_core.shell:create_environment_hook('mycobot_communication', 'ament_prefix_path')
[1.611s] INFO:colcon.colcon_core.shell:Creating environment hook '/home/robotics/ros2_cobot/install/mycobot_communication/share/mycobot_communication/hook/ament_prefix_path.ps1'
[1.613s] INFO:colcon.colcon_core.shell:Creating environment descriptor '/home/robotics/ros2_cobot/install/mycobot_communication/share/mycobot_communication/hook/ament_prefix_path.dsv'
[1.614s] INFO:colcon.colcon_core.shell:Creating environment hook '/home/robotics/ros2_cobot/install/mycobot_communication/share/mycobot_communication/hook/ament_prefix_path.sh'
[1.616s] INFO:colcon.colcon_core.shell:Skip shell extension 'powershell' for command environment: Not usable outside of PowerShell
[1.616s] DEBUG:colcon.colcon_core.shell:Skip shell extension 'dsv' for command environment
[1.625s] INFO:colcon.colcon_ros.task.ament_python.build:Building ROS package in '/home/robotics/ros2_cobot/src/mycobot_ros2/mecharm/mecharm_communication' with build type 'ament_python'
[1.626s] Level 1:colcon.colcon_core.shell:create_environment_hook('mecharm_communication', 'ament_prefix_path')
[1.627s] INFO:colcon.colcon_core.shell:Creating environment hook '/home/robotics/ros2_cobot/install/mecharm_communication/share/mecharm_communication/hook/ament_prefix_path.ps1'
[1.628s] INFO:colcon.colcon_core.shell:Creating environment descriptor '/home/robotics/ros2_cobot/install/mecharm_communication/share/mecharm_communication/hook/ament_prefix_path.dsv'
[1.628s] INFO:colcon.colcon_core.shell:Creating environment hook '/home/robotics/ros2_cobot/install/mecharm_communication/share/mecharm_communication/hook/ament_prefix_path.sh'
[1.630s] INFO:colcon.colcon_core.shell:Skip shell extension 'powershell' for command environment: Not usable outside of PowerShell
[1.630s] DEBUG:colcon.colcon_core.shell:Skip shell extension 'dsv' for command environment
[2.001s] INFO:colcon.colcon_core.task.python.build:Building Python package in '/home/robotics/ros2_cobot/src/mycobot_ros2/mypalletizer_260/mypalletizer_communication'
[2.002s] INFO:colcon.colcon_core.shell:Skip shell extension 'powershell' for command environment: Not usable outside of PowerShell
[2.002s] DEBUG:colcon.colcon_core.shell:Skip shell extension 'dsv' for command environment
[2.011s] Level 1:colcon.colcon_core.environment:create_environment_scripts_only(mecharm_interfaces)
[2.012s] Level 1:colcon.colcon_core.environment:checking '/home/robotics/ros2_cobot/install/mecharm_interfaces' for CMake module files
[2.012s] DEBUG:colcon.colcon_core.event_handler.log_command:Invoked command in '/home/robotics/ros2_cobot/build/mecharm_interfaces' returned '0': CMAKE_PREFIX_PATH=${CMAKE_PREFIX_PATH}:/home/robotics/ros2_cobot/install/ultraarm:/home/robotics/ros2_cobot/install/mypalletizer_communication:/home/robotics/ros2_cobot/install/mypalletizer_260_pi:/home/robotics/ros2_cobot/install/mypalletizer_260:/home/robotics/ros2_cobot/install/myarm_m750:/home/robotics/ros2_cobot/install/myarm_c650:/home/robotics/ros2_cobot/install/mycobot_communication:/home/robotics/ros2_cobot/install/mecharm_communication:/home/robotics/ros2_cobot/install/mycobot_630:/home/robotics/ros2_cobot/install/mycobot_600:/home/robotics/ros2_cobot/install/mycobot_320pi:/home/robotics/ros2_cobot/install/mycobot_320_riscv:/home/robotics/ros2_cobot/install/mycobot_320:/home/robotics/ros2_cobot/install/mycobot_280pi:/home/robotics/ros2_cobot/install/mycobot_280jn:/home/robotics/ros2_cobot/install/mycobot_280_x3pi:/home/robotics/ros2_cobot/install/mycobot_280_riscv:/home/robotics/ros2_cobot/install/mycobot_280_rdkx5:/home/robotics/ros2_cobot/install/mycobot_280_moveit2_control:/home/robotics/ros2_cobot/install/mycobot_280_arduino:/home/robotics/ros2_cobot/install/mycobot_280:/home/robotics/ros2_cobot/install/mybuddy:/home/robotics/ros2_cobot/install/myarm_300:/home/robotics/ros2_cobot/install/mecharm_pi:/home/robotics/ros2_cobot/install/mecharm:/home/robotics/ros2_cobot/install/mycobot_description:/opt/ros/humble /usr/bin/cmake --install /home/robotics/ros2_cobot/build/mecharm_interfaces
[2.013s] Level 1:colcon.colcon_core.environment:checking '/home/robotics/ros2_cobot/install/mecharm_interfaces' for CMake config files
[2.013s] Level 1:colcon.colcon_core.shell:create_environment_hook('mecharm_interfaces', 'cmake_prefix_path')
[2.014s] INFO:colcon.colcon_core.shell:Creating environment hook '/home/robotics/ros2_cobot/install/mecharm_interfaces/share/mecharm_interfaces/hook/cmake_prefix_path.ps1'
[2.014s] INFO:colcon.colcon_core.shell:Creating environment descriptor '/home/robotics/ros2_cobot/install/mecharm_interfaces/share/mecharm_interfaces/hook/cmake_prefix_path.dsv'
[2.014s] INFO:colcon.colcon_core.shell:Creating environment hook '/home/robotics/ros2_cobot/install/mecharm_interfaces/share/mecharm_interfaces/hook/cmake_prefix_path.sh'
[2.015s] Level 1:colcon.colcon_core.environment:checking '/home/robotics/ros2_cobot/install/mecharm_interfaces/lib'
[2.015s] Level 1:colcon.colcon_core.shell:create_environment_hook('mecharm_interfaces', 'ld_library_path_lib')
[2.015s] INFO:colcon.colcon_core.shell:Creating environment hook '/home/robotics/ros2_cobot/install/mecharm_interfaces/share/mecharm_interfaces/hook/ld_library_path_lib.ps1'
[2.015s] INFO:colcon.colcon_core.shell:Creating environment descriptor '/home/robotics/ros2_cobot/install/mecharm_interfaces/share/mecharm_interfaces/hook/ld_library_path_lib.dsv'
[2.015s] INFO:colcon.colcon_core.shell:Creating environment hook '/home/robotics/ros2_cobot/install/mecharm_interfaces/share/mecharm_interfaces/hook/ld_library_path_lib.sh'
[2.016s] Level 1:colcon.colcon_core.environment:checking '/home/robotics/ros2_cobot/install/mecharm_interfaces/bin'
[2.016s] Level 1:colcon.colcon_core.environment:checking '/home/robotics/ros2_cobot/install/mecharm_interfaces/lib/pkgconfig/mecharm_interfaces.pc'
[2.016s] Level 1:colcon.colcon_core.environment:checking '/home/robotics/ros2_cobot/install/mecharm_interfaces/lib/python3.10/site-packages'
[2.016s] Level 1:colcon.colcon_core.environment:checking '/home/robotics/ros2_cobot/install/mecharm_interfaces/bin'
[2.016s] INFO:colcon.colcon_core.shell:Creating package script '/home/robotics/ros2_cobot/install/mecharm_interfaces/share/mecharm_interfaces/package.ps1'
[2.017s] INFO:colcon.colcon_core.shell:Creating package descriptor '/home/robotics/ros2_cobot/install/mecharm_interfaces/share/mecharm_interfaces/package.dsv'
[2.017s] INFO:colcon.colcon_core.shell:Creating package script '/home/robotics/ros2_cobot/install/mecharm_interfaces/share/mecharm_interfaces/package.sh'
[2.017s] INFO:colcon.colcon_core.shell:Creating package script '/home/robotics/ros2_cobot/install/mecharm_interfaces/share/mecharm_interfaces/package.bash'
[2.018s] INFO:colcon.colcon_core.shell:Creating package script '/home/robotics/ros2_cobot/install/mecharm_interfaces/share/mecharm_interfaces/package.zsh'
[2.018s] Level 1:colcon.colcon_core.environment:create_file_with_runtime_dependencies(/home/robotics/ros2_cobot/install/mecharm_interfaces/share/colcon-core/packages/mecharm_interfaces)
[2.018s] Level 1:colcon.colcon_core.environment:create_environment_scripts_only(mecharm_interfaces)
[2.018s] Level 1:colcon.colcon_core.environment:checking '/home/robotics/ros2_cobot/install/mecharm_interfaces' for CMake module files
[2.019s] Level 1:colcon.colcon_core.environment:checking '/home/robotics/ros2_cobot/install/mecharm_interfaces' for CMake config files
[2.019s] Level 1:colcon.colcon_core.shell:create_environment_hook('mecharm_interfaces', 'cmake_prefix_path')
[2.019s] INFO:colcon.colcon_core.shell:Creating environment hook '/home/robotics/ros2_cobot/install/mecharm_interfaces/share/mecharm_interfaces/hook/cmake_prefix_path.ps1'
[2.020s] INFO:colcon.colcon_core.shell:Creating environment descriptor '/home/robotics/ros2_cobot/install/mecharm_interfaces/share/mecharm_interfaces/hook/cmake_prefix_path.dsv'
[2.020s] INFO:colcon.colcon_core.shell:Creating environment hook '/home/robotics/ros2_cobot/install/mecharm_interfaces/share/mecharm_interfaces/hook/cmake_prefix_path.sh'
[2.021s] Level 1:colcon.colcon_core.environment:checking '/home/robotics/ros2_cobot/install/mecharm_interfaces/lib'
[2.021s] Level 1:colcon.colcon_core.shell:create_environment_hook('mecharm_interfaces', 'ld_library_path_lib')
[2.021s] INFO:colcon.colcon_core.shell:Creating environment hook '/home/robotics/ros2_cobot/install/mecharm_interfaces/share/mecharm_interfaces/hook/ld_library_path_lib.ps1'
[2.023s] INFO:colcon.colcon_core.shell:Creating environment descriptor '/home/robotics/ros2_cobot/install/mecharm_interfaces/share/mecharm_interfaces/hook/ld_library_path_lib.dsv'
[2.023s] INFO:colcon.colcon_core.shell:Creating environment hook '/home/robotics/ros2_cobot/install/mecharm_interfaces/share/mecharm_interfaces/hook/ld_library_path_lib.sh'
[2.025s] Level 1:colcon.colcon_core.environment:checking '/home/robotics/ros2_cobot/install/mecharm_interfaces/bin'
[2.025s] Level 1:colcon.colcon_core.environment:checking '/home/robotics/ros2_cobot/install/mecharm_interfaces/lib/pkgconfig/mecharm_interfaces.pc'
[2.027s] Level 1:colcon.colcon_core.environment:checking '/home/robotics/ros2_cobot/install/mecharm_interfaces/lib/python3.10/site-packages'
[2.027s] Level 1:colcon.colcon_core.environment:checking '/home/robotics/ros2_cobot/install/mecharm_interfaces/bin'
[2.027s] INFO:colcon.colcon_core.shell:Creating package script '/home/robotics/ros2_cobot/install/mecharm_interfaces/share/mecharm_interfaces/package.ps1'
[2.028s] INFO:colcon.colcon_core.shell:Creating package descriptor '/home/robotics/ros2_cobot/install/mecharm_interfaces/share/mecharm_interfaces/package.dsv'
[2.029s] INFO:colcon.colcon_core.shell:Creating package script '/home/robotics/ros2_cobot/install/mecharm_interfaces/share/mecharm_interfaces/package.sh'
[2.029s] INFO:colcon.colcon_core.shell:Creating package script '/home/robotics/ros2_cobot/install/mecharm_interfaces/share/mecharm_interfaces/package.bash'
[2.029s] INFO:colcon.colcon_core.shell:Creating package script '/home/robotics/ros2_cobot/install/mecharm_interfaces/share/mecharm_interfaces/package.zsh'
[2.030s] Level 1:colcon.colcon_core.environment:create_file_with_runtime_dependencies(/home/robotics/ros2_cobot/install/mecharm_interfaces/share/colcon-core/packages/mecharm_interfaces)
[2.430s] INFO:colcon.colcon_core.task.python.build:Building Python package in '/home/robotics/ros2_cobot/src/mycobot_ros2/mycobot_communication'
[2.431s] INFO:colcon.colcon_core.shell:Skip shell extension 'powershell' for command environment: Not usable outside of PowerShell
[2.431s] DEBUG:colcon.colcon_core.shell:Skip shell extension 'dsv' for command environment
[2.821s] INFO:colcon.colcon_core.task.python.build:Building Python package in '/home/robotics/ros2_cobot/src/mycobot_ros2/mecharm/mecharm_communication'
[2.824s] INFO:colcon.colcon_core.shell:Skip shell extension 'powershell' for command environment: Not usable outside of PowerShell
[2.824s] DEBUG:colcon.colcon_core.shell:Skip shell extension 'dsv' for command environment
[2.837s] Level 1:colcon.colcon_core.environment:checking '/home/robotics/ros2_cobot/install/mycobot_description' for CMake module files
[2.838s] DEBUG:colcon.colcon_core.event_handler.log_command:Invoked command in '/home/robotics/ros2_cobot/src/mycobot_ros2/mycobot_description' returned '0': PYTHONPATH=/home/robotics/ros2_cobot/build/mycobot_description/prefix_override:/usr/lib/python3/dist-packages/colcon_core/task/python/colcon_distutils_commands:/home/robotics/ros2_cobot/install/mycobot_description/lib/python3.10/site-packages:${PYTHONPATH} /usr/bin/python3 -W ignore:setup.py install is deprecated -W ignore:easy_install command is deprecated setup.py egg_info --egg-base ../../../build/mycobot_description build --build-base /home/robotics/ros2_cobot/build/mycobot_description/build install --record /home/robotics/ros2_cobot/build/mycobot_description/install.log --single-version-externally-managed install_data
[2.838s] Level 1:colcon.colcon_core.environment:checking '/home/robotics/ros2_cobot/install/mycobot_description' for CMake config files
[2.841s] Level 1:colcon.colcon_core.environment:checking '/home/robotics/ros2_cobot/install/mycobot_description/lib'
[2.841s] Level 1:colcon.colcon_core.environment:checking '/home/robotics/ros2_cobot/install/mycobot_description/bin'
[2.842s] Level 1:colcon.colcon_core.environment:checking '/home/robotics/ros2_cobot/install/mycobot_description/lib/pkgconfig/mycobot_description.pc'
[2.844s] Level 1:colcon.colcon_core.environment:checking '/home/robotics/ros2_cobot/install/mycobot_description/lib/python3.10/site-packages'
[2.844s] Level 1:colcon.colcon_core.shell:create_environment_hook('mycobot_description', 'pythonpath')
[2.845s] INFO:colcon.colcon_core.shell:Creating environment hook '/home/robotics/ros2_cobot/install/mycobot_description/share/mycobot_description/hook/pythonpath.ps1'
[2.847s] INFO:colcon.colcon_core.shell:Creating environment descriptor '/home/robotics/ros2_cobot/install/mycobot_description/share/mycobot_description/hook/pythonpath.dsv'
[2.847s] INFO:colcon.colcon_core.shell:Creating environment hook '/home/robotics/ros2_cobot/install/mycobot_description/share/mycobot_description/hook/pythonpath.sh'
[2.848s] Level 1:colcon.colcon_core.environment:checking '/home/robotics/ros2_cobot/install/mycobot_description/bin'
[2.848s] Level 1:colcon.colcon_core.environment:create_environment_scripts_only(mycobot_description)
[2.849s] INFO:colcon.colcon_core.shell:Creating package script '/home/robotics/ros2_cobot/install/mycobot_description/share/mycobot_description/package.ps1'
[2.850s] INFO:colcon.colcon_core.shell:Creating package descriptor '/home/robotics/ros2_cobot/install/mycobot_description/share/mycobot_description/package.dsv'
[2.850s] INFO:colcon.colcon_core.shell:Creating package script '/home/robotics/ros2_cobot/install/mycobot_description/share/mycobot_description/package.sh'
[2.851s] INFO:colcon.colcon_core.shell:Creating package script '/home/robotics/ros2_cobot/install/mycobot_description/share/mycobot_description/package.bash'
[2.851s] INFO:colcon.colcon_core.shell:Creating package script '/home/robotics/ros2_cobot/install/mycobot_description/share/mycobot_description/package.zsh'
[2.852s] Level 1:colcon.colcon_core.environment:create_file_with_runtime_dependencies(/home/robotics/ros2_cobot/install/mycobot_description/share/colcon-core/packages/mycobot_description)
[2.855s] INFO:colcon.colcon_ros.task.ament_python.build:Building ROS package in '/home/robotics/ros2_cobot/src/mycobot_ros2/mecharm/mecharm' with build type 'ament_python'
[2.855s] Level 1:colcon.colcon_core.shell:create_environment_hook('mecharm', 'ament_prefix_path')
[2.857s] INFO:colcon.colcon_core.shell:Creating environment hook '/home/robotics/ros2_cobot/install/mecharm/share/mecharm/hook/ament_prefix_path.ps1'
[2.860s] INFO:colcon.colcon_core.shell:Creating environment descriptor '/home/robotics/ros2_cobot/install/mecharm/share/mecharm/hook/ament_prefix_path.dsv'
[2.861s] INFO:colcon.colcon_core.shell:Creating environment hook '/home/robotics/ros2_cobot/install/mecharm/share/mecharm/hook/ament_prefix_path.sh'
[2.863s] INFO:colcon.colcon_core.shell:Skip shell extension 'powershell' for command environment: Not usable outside of PowerShell
[2.863s] DEBUG:colcon.colcon_core.shell:Skip shell extension 'dsv' for command environment
[2.878s] INFO:colcon.colcon_ros.task.ament_python.build:Building ROS package in '/home/robotics/ros2_cobot/src/mycobot_ros2/mecharm/mecharm_pi' with build type 'ament_python'
[2.878s] Level 1:colcon.colcon_core.shell:create_environment_hook('mecharm_pi', 'ament_prefix_path')
[2.879s] INFO:colcon.colcon_core.shell:Creating environment hook '/home/robotics/ros2_cobot/install/mecharm_pi/share/mecharm_pi/hook/ament_prefix_path.ps1'
[2.880s] INFO:colcon.colcon_core.shell:Creating environment descriptor '/home/robotics/ros2_cobot/install/mecharm_pi/share/mecharm_pi/hook/ament_prefix_path.dsv'
[2.880s] INFO:colcon.colcon_core.shell:Creating environment hook '/home/robotics/ros2_cobot/install/mecharm_pi/share/mecharm_pi/hook/ament_prefix_path.sh'
[2.881s] INFO:colcon.colcon_core.shell:Skip shell extension 'powershell' for command environment: Not usable outside of PowerShell
[2.881s] DEBUG:colcon.colcon_core.shell:Skip shell extension 'dsv' for command environment
[2.886s] INFO:colcon.colcon_ros.task.ament_python.build:Building ROS package in '/home/robotics/ros2_cobot/src/mycobot_ros2/myArm/myarm_300' with build type 'ament_python'
[2.886s] Level 1:colcon.colcon_core.shell:create_environment_hook('myarm_300', 'ament_prefix_path')
[2.886s] INFO:colcon.colcon_core.shell:Creating environment hook '/home/robotics/ros2_cobot/install/myarm_300/share/myarm_300/hook/ament_prefix_path.ps1'
[2.887s] INFO:colcon.colcon_core.shell:Creating environment descriptor '/home/robotics/ros2_cobot/install/myarm_300/share/myarm_300/hook/ament_prefix_path.dsv'
[2.887s] INFO:colcon.colcon_core.shell:Creating environment hook '/home/robotics/ros2_cobot/install/myarm_300/share/myarm_300/hook/ament_prefix_path.sh'
[2.888s] INFO:colcon.colcon_core.shell:Skip shell extension 'powershell' for command environment: Not usable outside of PowerShell
[2.888s] DEBUG:colcon.colcon_core.shell:Skip shell extension 'dsv' for command environment
[2.897s] INFO:colcon.colcon_ros.task.ament_python.build:Building ROS package in '/home/robotics/ros2_cobot/src/mycobot_ros2/Mybuddy/mybuddy' with build type 'ament_python'
[2.897s] Level 1:colcon.colcon_core.shell:create_environment_hook('mybuddy', 'ament_prefix_path')
[2.897s] INFO:colcon.colcon_core.shell:Creating environment hook '/home/robotics/ros2_cobot/install/mybuddy/share/mybuddy/hook/ament_prefix_path.ps1'
[2.898s] INFO:colcon.colcon_core.shell:Creating environment descriptor '/home/robotics/ros2_cobot/install/mybuddy/share/mybuddy/hook/ament_prefix_path.dsv'
[2.898s] INFO:colcon.colcon_core.shell:Creating environment hook '/home/robotics/ros2_cobot/install/mybuddy/share/mybuddy/hook/ament_prefix_path.sh'
[2.899s] INFO:colcon.colcon_core.shell:Skip shell extension 'powershell' for command environment: Not usable outside of PowerShell
[2.899s] DEBUG:colcon.colcon_core.shell:Skip shell extension 'dsv' for command environment
[2.905s] INFO:colcon.colcon_ros.task.ament_python.build:Building ROS package in '/home/robotics/ros2_cobot/src/mycobot_ros2/mycobot_280/mycobot_280' with build type 'ament_python'
[2.906s] Level 1:colcon.colcon_core.shell:create_environment_hook('mycobot_280', 'ament_prefix_path')
[2.907s] INFO:colcon.colcon_core.shell:Creating environment hook '/home/robotics/ros2_cobot/install/mycobot_280/share/mycobot_280/hook/ament_prefix_path.ps1'
[2.911s] INFO:colcon.colcon_core.shell:Creating environment descriptor '/home/robotics/ros2_cobot/install/mycobot_280/share/mycobot_280/hook/ament_prefix_path.dsv'
[2.911s] INFO:colcon.colcon_core.shell:Creating environment hook '/home/robotics/ros2_cobot/install/mycobot_280/share/mycobot_280/hook/ament_prefix_path.sh'
[2.912s] INFO:colcon.colcon_core.shell:Skip shell extension 'powershell' for command environment: Not usable outside of PowerShell
[2.912s] DEBUG:colcon.colcon_core.shell:Skip shell extension 'dsv' for command environment
[2.917s] INFO:colcon.colcon_ros.task.ament_python.build:Building ROS package in '/home/robotics/ros2_cobot/src/mycobot_ros2/mycobot_280/mycobot_280_arduino' with build type 'ament_python'
[2.918s] Level 1:colcon.colcon_core.shell:create_environment_hook('mycobot_280_arduino', 'ament_prefix_path')
[2.918s] INFO:colcon.colcon_core.shell:Creating environment hook '/home/robotics/ros2_cobot/install/mycobot_280_arduino/share/mycobot_280_arduino/hook/ament_prefix_path.ps1'
[2.919s] INFO:colcon.colcon_core.shell:Creating environment descriptor '/home/robotics/ros2_cobot/install/mycobot_280_arduino/share/mycobot_280_arduino/hook/ament_prefix_path.dsv'
[2.919s] INFO:colcon.colcon_core.shell:Creating environment hook '/home/robotics/ros2_cobot/install/mycobot_280_arduino/share/mycobot_280_arduino/hook/ament_prefix_path.sh'
[2.919s] INFO:colcon.colcon_core.shell:Skip shell extension 'powershell' for command environment: Not usable outside of PowerShell
[2.919s] DEBUG:colcon.colcon_core.shell:Skip shell extension 'dsv' for command environment
[2.930s] INFO:colcon.colcon_ros.task.ament_cmake.build:Building ROS package in '/home/robotics/ros2_cobot/src/mycobot_ros2/mycobot_280/mycobot_280_moveit2' with build type 'ament_cmake'
[2.931s] INFO:colcon.colcon_cmake.task.cmake.build:Building CMake package in '/home/robotics/ros2_cobot/src/mycobot_ros2/mycobot_280/mycobot_280_moveit2'
[2.931s] INFO:colcon.colcon_core.shell:Skip shell extension 'powershell' for command environment: Not usable outside of PowerShell
[2.932s] DEBUG:colcon.colcon_core.shell:Skip shell extension 'dsv' for command environment
[2.938s] INFO:colcon.colcon_ros.task.ament_python.build:Building ROS package in '/home/robotics/ros2_cobot/src/mycobot_ros2/mycobot_280/mycobot_280_moveit2_control' with build type 'ament_python'
[2.938s] Level 1:colcon.colcon_core.shell:create_environment_hook('mycobot_280_moveit2_control', 'ament_prefix_path')
[2.940s] INFO:colcon.colcon_core.shell:Creating environment hook '/home/robotics/ros2_cobot/install/mycobot_280_moveit2_control/share/mycobot_280_moveit2_control/hook/ament_prefix_path.ps1'
[2.943s] INFO:colcon.colcon_core.shell:Creating environment descriptor '/home/robotics/ros2_cobot/install/mycobot_280_moveit2_control/share/mycobot_280_moveit2_control/hook/ament_prefix_path.dsv'
[2.944s] INFO:colcon.colcon_core.shell:Creating environment hook '/home/robotics/ros2_cobot/install/mycobot_280_moveit2_control/share/mycobot_280_moveit2_control/hook/ament_prefix_path.sh'
[2.945s] INFO:colcon.colcon_core.shell:Skip shell extension 'powershell' for command environment: Not usable outside of PowerShell
[2.945s] DEBUG:colcon.colcon_core.shell:Skip shell extension 'dsv' for command environment
[2.951s] INFO:colcon.colcon_ros.task.ament_python.build:Building ROS package in '/home/robotics/ros2_cobot/src/mycobot_ros2/mycobot_280/mycobot_280_riscv' with build type 'ament_python'
[2.951s] Level 1:colcon.colcon_core.shell:create_environment_hook('mycobot_280_riscv', 'ament_prefix_path')
[2.952s] INFO:colcon.colcon_core.shell:Creating environment hook '/home/robotics/ros2_cobot/install/mycobot_280_riscv/share/mycobot_280_riscv/hook/ament_prefix_path.ps1'
[2.952s] INFO:colcon.colcon_core.shell:Creating environment descriptor '/home/robotics/ros2_cobot/install/mycobot_280_riscv/share/mycobot_280_riscv/hook/ament_prefix_path.dsv'
[2.953s] INFO:colcon.colcon_core.shell:Creating environment hook '/home/robotics/ros2_cobot/install/mycobot_280_riscv/share/mycobot_280_riscv/hook/ament_prefix_path.sh'
[2.953s] INFO:colcon.colcon_core.shell:Skip shell extension 'powershell' for command environment: Not usable outside of PowerShell
[2.953s] DEBUG:colcon.colcon_core.shell:Skip shell extension 'dsv' for command environment
[2.962s] INFO:colcon.colcon_ros.task.ament_python.build:Building ROS package in '/home/robotics/ros2_cobot/src/mycobot_ros2/mycobot_280/mycobot_280_x3pi' with build type 'ament_python'
[2.963s] Level 1:colcon.colcon_core.shell:create_environment_hook('mycobot_280_x3pi', 'ament_prefix_path')
[2.963s] INFO:colcon.colcon_core.shell:Creating environment hook '/home/robotics/ros2_cobot/install/mycobot_280_x3pi/share/mycobot_280_x3pi/hook/ament_prefix_path.ps1'
[2.964s] INFO:colcon.colcon_core.shell:Creating environment descriptor '/home/robotics/ros2_cobot/install/mycobot_280_x3pi/share/mycobot_280_x3pi/hook/ament_prefix_path.dsv'
[2.964s] INFO:colcon.colcon_core.shell:Creating environment hook '/home/robotics/ros2_cobot/install/mycobot_280_x3pi/share/mycobot_280_x3pi/hook/ament_prefix_path.sh'
[2.965s] INFO:colcon.colcon_core.shell:Skip shell extension 'powershell' for command environment: Not usable outside of PowerShell
[2.965s] DEBUG:colcon.colcon_core.shell:Skip shell extension 'dsv' for command environment
[2.972s] INFO:colcon.colcon_ros.task.ament_cmake.build:Building ROS package in '/home/robotics/ros2_cobot/src/mycobot_ros2/mycobot_280/mycobot_280arduino_moveit2' with build type 'ament_cmake'
[2.973s] INFO:colcon.colcon_cmake.task.cmake.build:Building CMake package in '/home/robotics/ros2_cobot/src/mycobot_ros2/mycobot_280/mycobot_280arduino_moveit2'
[2.975s] INFO:colcon.colcon_core.shell:Skip shell extension 'powershell' for command environment: Not usable outside of PowerShell
[2.975s] DEBUG:colcon.colcon_core.shell:Skip shell extension 'dsv' for command environment
[2.984s] INFO:colcon.colcon_ros.task.ament_python.build:Building ROS package in '/home/robotics/ros2_cobot/src/mycobot_ros2/mycobot_280/mycobot_280jn' with build type 'ament_python'
[2.984s] Level 1:colcon.colcon_core.shell:create_environment_hook('mycobot_280jn', 'ament_prefix_path')
[2.985s] INFO:colcon.colcon_core.shell:Creating environment hook '/home/robotics/ros2_cobot/install/mycobot_280jn/share/mycobot_280jn/hook/ament_prefix_path.ps1'
[2.986s] INFO:colcon.colcon_core.shell:Creating environment descriptor '/home/robotics/ros2_cobot/install/mycobot_280jn/share/mycobot_280jn/hook/ament_prefix_path.dsv'
[2.986s] INFO:colcon.colcon_core.shell:Creating environment hook '/home/robotics/ros2_cobot/install/mycobot_280jn/share/mycobot_280jn/hook/ament_prefix_path.sh'
[2.986s] INFO:colcon.colcon_core.shell:Skip shell extension 'powershell' for command environment: Not usable outside of PowerShell
[2.987s] DEBUG:colcon.colcon_core.shell:Skip shell extension 'dsv' for command environment
[3.481s] INFO:colcon.colcon_core.task.python.build:Building Python package in '/home/robotics/ros2_cobot/src/mycobot_ros2/mecharm/mecharm'
[3.482s] INFO:colcon.colcon_core.shell:Skip shell extension 'powershell' for command environment: Not usable outside of PowerShell
[3.482s] DEBUG:colcon.colcon_core.shell:Skip shell extension 'dsv' for command environment
[3.768s] INFO:colcon.colcon_core.task.python.build:Building Python package in '/home/robotics/ros2_cobot/src/mycobot_ros2/mecharm/mecharm_pi'
[3.769s] INFO:colcon.colcon_core.shell:Skip shell extension 'powershell' for command environment: Not usable outside of PowerShell
[3.769s] DEBUG:colcon.colcon_core.shell:Skip shell extension 'dsv' for command environment
[4.011s] INFO:colcon.colcon_core.task.python.build:Building Python package in '/home/robotics/ros2_cobot/src/mycobot_ros2/myArm/myarm_300'
[4.012s] INFO:colcon.colcon_core.shell:Skip shell extension 'powershell' for command environment: Not usable outside of PowerShell
[4.012s] DEBUG:colcon.colcon_core.shell:Skip shell extension 'dsv' for command environment
[4.247s] INFO:colcon.colcon_core.task.python.build:Building Python package in '/home/robotics/ros2_cobot/src/mycobot_ros2/Mybuddy/mybuddy'
[4.248s] INFO:colcon.colcon_core.shell:Skip shell extension 'powershell' for command environment: Not usable outside of PowerShell
[4.248s] DEBUG:colcon.colcon_core.shell:Skip shell extension 'dsv' for command environment
[4.497s] INFO:colcon.colcon_core.task.python.build:Building Python package in '/home/robotics/ros2_cobot/src/mycobot_ros2/mycobot_280/mycobot_280'
[4.497s] INFO:colcon.colcon_core.shell:Skip shell extension 'powershell' for command environment: Not usable outside of PowerShell
[4.497s] DEBUG:colcon.colcon_core.shell:Skip shell extension 'dsv' for command environment
[4.730s] INFO:colcon.colcon_core.task.python.build:Building Python package in '/home/robotics/ros2_cobot/src/mycobot_ros2/mycobot_280/mycobot_280_arduino'
[4.730s] INFO:colcon.colcon_core.shell:Skip shell extension 'powershell' for command environment: Not usable outside of PowerShell
[4.730s] DEBUG:colcon.colcon_core.shell:Skip shell extension 'dsv' for command environment
[4.743s] DEBUG:colcon.colcon_core.event_handler.log_command:Invoking command in '/home/robotics/ros2_cobot/build/mycobot_280_moveit2': AMENT_PREFIX_PATH=/home/robotics/ros2_cobot/install/mycobot_description:/home/robotics/ros2_cobot/install/ultraarm:/home/robotics/ros2_cobot/install/traj_scripts:/home/robotics/ros2_cobot/install/mypalletizer_communication:/home/robotics/ros2_cobot/install/mypalletizer_interfaces:/home/robotics/ros2_cobot/install/mypalletizer_260_pi:/home/robotics/ros2_cobot/install/mypalletizer_260:/home/robotics/ros2_cobot/install/myarm_m750:/home/robotics/ros2_cobot/install/myarm_c650:/home/robotics/ros2_cobot/install/mycobot_communication:/home/robotics/ros2_cobot/install/mecharm_communication:/home/robotics/ros2_cobot/install/mycobot_interfaces:/home/robotics/ros2_cobot/install/mycobot_630:/home/robotics/ros2_cobot/install/mycobot_600:/home/robotics/ros2_cobot/install/mycobot_320pi:/home/robotics/ros2_cobot/install/mycobot_320_riscv:/home/robotics/ros2_cobot/install/mycobot_320:/home/robotics/ros2_cobot/install/mycobot_280rdkx5_moveit2:/home/robotics/ros2_cobot/install/mycobot_280pi:/home/robotics/ros2_cobot/install/mycobot_280jn:/home/robotics/ros2_cobot/install/mycobot_280arduino_moveit2:/home/robotics/ros2_cobot/install/mycobot_280_x3pi:/home/robotics/ros2_cobot/install/mycobot_280_riscv:/home/robotics/ros2_cobot/install/mycobot_280_rdkx5:/home/robotics/ros2_cobot/install/mycobot_280_moveit2_control:/home/robotics/ros2_cobot/install/mycobot_280_moveit2:/home/robotics/ros2_cobot/install/mycobot_280_arduino:/home/robotics/ros2_cobot/install/mycobot_280:/home/robotics/ros2_cobot/install/mybuddy:/home/robotics/ros2_cobot/install/myarm_300:/home/robotics/ros2_cobot/install/mecharm_pi:/home/robotics/ros2_cobot/install/mecharm:/home/robotics/ros2_cobot/install/mecharm_interfaces:/opt/ros/humble CMAKE_PREFIX_PATH=${CMAKE_PREFIX_PATH}:/home/robotics/ros2_cobot/install/ultraarm:/home/robotics/ros2_cobot/install/mypalletizer_communication:/home/robotics/ros2_cobot/install/mypalletizer_260_pi:/home/robotics/ros2_cobot/install/mypalletizer_260:/home/robotics/ros2_cobot/install/myarm_m750:/home/robotics/ros2_cobot/install/myarm_c650:/home/robotics/ros2_cobot/install/mycobot_communication:/home/robotics/ros2_cobot/install/mecharm_communication:/home/robotics/ros2_cobot/install/mycobot_630:/home/robotics/ros2_cobot/install/mycobot_600:/home/robotics/ros2_cobot/install/mycobot_320pi:/home/robotics/ros2_cobot/install/mycobot_320_riscv:/home/robotics/ros2_cobot/install/mycobot_320:/home/robotics/ros2_cobot/install/mycobot_280pi:/home/robotics/ros2_cobot/install/mycobot_280jn:/home/robotics/ros2_cobot/install/mycobot_280_x3pi:/home/robotics/ros2_cobot/install/mycobot_280_riscv:/home/robotics/ros2_cobot/install/mycobot_280_rdkx5:/home/robotics/ros2_cobot/install/mycobot_280_moveit2_control:/home/robotics/ros2_cobot/install/mycobot_280_arduino:/home/robotics/ros2_cobot/install/mycobot_280:/home/robotics/ros2_cobot/install/mybuddy:/home/robotics/ros2_cobot/install/myarm_300:/home/robotics/ros2_cobot/install/mecharm_pi:/home/robotics/ros2_cobot/install/mecharm:/home/robotics/ros2_cobot/install/mycobot_description:/opt/ros/humble PYTHONPATH=/home/robotics/ros2_cobot/install/mycobot_description/lib/python3.10/site-packages:/home/robotics/ros2_cobot/install/ultraarm/lib/python3.10/site-packages:/home/robotics/ros2_cobot/install/traj_scripts/local/lib/python3.10/dist-packages:/home/robotics/ros2_cobot/install/mypalletizer_communication/lib/python3.10/site-packages:/home/robotics/ros2_cobot/install/mypalletizer_interfaces/local/lib/python3.10/dist-packages:/home/robotics/ros2_cobot/install/mypalletizer_260_pi/lib/python3.10/site-packages:/home/robotics/ros2_cobot/install/mypalletizer_260/lib/python3.10/site-packages:/home/robotics/ros2_cobot/install/myarm_m750/lib/python3.10/site-packages:/home/robotics/ros2_cobot/install/myarm_c650/lib/python3.10/site-packages:/home/robotics/ros2_cobot/install/mycobot_communication/lib/python3.10/site-packages:/home/robotics/ros2_cobot/install/mecharm_communication/lib/python3.10/site-packages:/home/robotics/ros2_cobot/install/mycobot_interfaces/local/lib/python3.10/dist-packages:/home/robotics/ros2_cobot/install/mycobot_630/lib/python3.10/site-packages:/home/robotics/ros2_cobot/install/mycobot_600/lib/python3.10/site-packages:/home/robotics/ros2_cobot/install/mycobot_320pi/lib/python3.10/site-packages:/home/robotics/ros2_cobot/install/mycobot_320_riscv/lib/python3.10/site-packages:/home/robotics/ros2_cobot/install/mycobot_320/lib/python3.10/site-packages:/home/robotics/ros2_cobot/install/mycobot_280pi/lib/python3.10/site-packages:/home/robotics/ros2_cobot/install/mycobot_280jn/lib/python3.10/site-packages:/home/robotics/ros2_cobot/install/mycobot_280_x3pi/lib/python3.10/site-packages:/home/robotics/ros2_cobot/install/mycobot_280_riscv/lib/python3.10/site-packages:/home/robotics/ros2_cobot/install/mycobot_280_rdkx5/lib/python3.10/site-packages:/home/robotics/ros2_cobot/install/mycobot_280_moveit2_control/lib/python3.10/site-packages:/home/robotics/ros2_cobot/install/mycobot_280_arduino/lib/python3.10/site-packages:/home/robotics/ros2_cobot/install/mycobot_280/lib/python3.10/site-packages:/home/robotics/ros2_cobot/install/mybuddy/lib/python3.10/site-packages:/home/robotics/ros2_cobot/install/myarm_300/lib/python3.10/site-packages:/home/robotics/ros2_cobot/install/mecharm_pi/lib/python3.10/site-packages:/home/robotics/ros2_cobot/install/mecharm/lib/python3.10/site-packages:/home/robotics/ros2_cobot/install/mecharm_interfaces/local/lib/python3.10/dist-packages:/opt/ros/humble/lib/python3.10/site-packages:/opt/ros/humble/local/lib/python3.10/dist-packages /usr/bin/cmake --build /home/robotics/ros2_cobot/build/mycobot_280_moveit2 -- -j16 -l16
[4.976s] INFO:colcon.colcon_core.task.python.build:Building Python package in '/home/robotics/ros2_cobot/src/mycobot_ros2/mycobot_280/mycobot_280_moveit2_control'
[4.976s] INFO:colcon.colcon_core.shell:Skip shell extension 'powershell' for command environment: Not usable outside of PowerShell
[4.976s] DEBUG:colcon.colcon_core.shell:Skip shell extension 'dsv' for command environment
[5.199s] INFO:colcon.colcon_core.task.python.build:Building Python package in '/home/robotics/ros2_cobot/src/mycobot_ros2/mycobot_280/mycobot_280_riscv'
[5.199s] INFO:colcon.colcon_core.shell:Skip shell extension 'powershell' for command environment: Not usable outside of PowerShell
[5.199s] DEBUG:colcon.colcon_core.shell:Skip shell extension 'dsv' for command environment
[5.416s] INFO:colcon.colcon_core.task.python.build:Building Python package in '/home/robotics/ros2_cobot/src/mycobot_ros2/mycobot_280/mycobot_280_x3pi'
[5.416s] INFO:colcon.colcon_core.shell:Skip shell extension 'powershell' for command environment: Not usable outside of PowerShell
[5.416s] DEBUG:colcon.colcon_core.shell:Skip shell extension 'dsv' for command environment
[5.430s] DEBUG:colcon.colcon_core.event_handler.log_command:Invoking command in '/home/robotics/ros2_cobot/build/mycobot_280arduino_moveit2': AMENT_PREFIX_PATH=/home/robotics/ros2_cobot/install/mycobot_description:/home/robotics/ros2_cobot/install/ultraarm:/home/robotics/ros2_cobot/install/traj_scripts:/home/robotics/ros2_cobot/install/mypalletizer_communication:/home/robotics/ros2_cobot/install/mypalletizer_interfaces:/home/robotics/ros2_cobot/install/mypalletizer_260_pi:/home/robotics/ros2_cobot/install/mypalletizer_260:/home/robotics/ros2_cobot/install/myarm_m750:/home/robotics/ros2_cobot/install/myarm_c650:/home/robotics/ros2_cobot/install/mycobot_communication:/home/robotics/ros2_cobot/install/mecharm_communication:/home/robotics/ros2_cobot/install/mycobot_interfaces:/home/robotics/ros2_cobot/install/mycobot_630:/home/robotics/ros2_cobot/install/mycobot_600:/home/robotics/ros2_cobot/install/mycobot_320pi:/home/robotics/ros2_cobot/install/mycobot_320_riscv:/home/robotics/ros2_cobot/install/mycobot_320:/home/robotics/ros2_cobot/install/mycobot_280rdkx5_moveit2:/home/robotics/ros2_cobot/install/mycobot_280pi:/home/robotics/ros2_cobot/install/mycobot_280jn:/home/robotics/ros2_cobot/install/mycobot_280arduino_moveit2:/home/robotics/ros2_cobot/install/mycobot_280_x3pi:/home/robotics/ros2_cobot/install/mycobot_280_riscv:/home/robotics/ros2_cobot/install/mycobot_280_rdkx5:/home/robotics/ros2_cobot/install/mycobot_280_moveit2_control:/home/robotics/ros2_cobot/install/mycobot_280_moveit2:/home/robotics/ros2_cobot/install/mycobot_280_arduino:/home/robotics/ros2_cobot/install/mycobot_280:/home/robotics/ros2_cobot/install/mybuddy:/home/robotics/ros2_cobot/install/myarm_300:/home/robotics/ros2_cobot/install/mecharm_pi:/home/robotics/ros2_cobot/install/mecharm:/home/robotics/ros2_cobot/install/mecharm_interfaces:/opt/ros/humble CMAKE_PREFIX_PATH=${CMAKE_PREFIX_PATH}:/home/robotics/ros2_cobot/install/ultraarm:/home/robotics/ros2_cobot/install/mypalletizer_communication:/home/robotics/ros2_cobot/install/mypalletizer_260_pi:/home/robotics/ros2_cobot/install/mypalletizer_260:/home/robotics/ros2_cobot/install/myarm_m750:/home/robotics/ros2_cobot/install/myarm_c650:/home/robotics/ros2_cobot/install/mycobot_communication:/home/robotics/ros2_cobot/install/mecharm_communication:/home/robotics/ros2_cobot/install/mycobot_630:/home/robotics/ros2_cobot/install/mycobot_600:/home/robotics/ros2_cobot/install/mycobot_320pi:/home/robotics/ros2_cobot/install/mycobot_320_riscv:/home/robotics/ros2_cobot/install/mycobot_320:/home/robotics/ros2_cobot/install/mycobot_280pi:/home/robotics/ros2_cobot/install/mycobot_280jn:/home/robotics/ros2_cobot/install/mycobot_280_x3pi:/home/robotics/ros2_cobot/install/mycobot_280_riscv:/home/robotics/ros2_cobot/install/mycobot_280_rdkx5:/home/robotics/ros2_cobot/install/mycobot_280_moveit2_control:/home/robotics/ros2_cobot/install/mycobot_280_arduino:/home/robotics/ros2_cobot/install/mycobot_280:/home/robotics/ros2_cobot/install/mybuddy:/home/robotics/ros2_cobot/install/myarm_300:/home/robotics/ros2_cobot/install/mecharm_pi:/home/robotics/ros2_cobot/install/mecharm:/home/robotics/ros2_cobot/install/mycobot_description:/opt/ros/humble PYTHONPATH=/home/robotics/ros2_cobot/install/mycobot_description/lib/python3.10/site-packages:/home/robotics/ros2_cobot/install/ultraarm/lib/python3.10/site-packages:/home/robotics/ros2_cobot/install/traj_scripts/local/lib/python3.10/dist-packages:/home/robotics/ros2_cobot/install/mypalletizer_communication/lib/python3.10/site-packages:/home/robotics/ros2_cobot/install/mypalletizer_interfaces/local/lib/python3.10/dist-packages:/home/robotics/ros2_cobot/install/mypalletizer_260_pi/lib/python3.10/site-packages:/home/robotics/ros2_cobot/install/mypalletizer_260/lib/python3.10/site-packages:/home/robotics/ros2_cobot/install/myarm_m750/lib/python3.10/site-packages:/home/robotics/ros2_cobot/install/myarm_c650/lib/python3.10/site-packages:/home/robotics/ros2_cobot/install/mycobot_communication/lib/python3.10/site-packages:/home/robotics/ros2_cobot/install/mecharm_communication/lib/python3.10/site-packages:/home/robotics/ros2_cobot/install/mycobot_interfaces/local/lib/python3.10/dist-packages:/home/robotics/ros2_cobot/install/mycobot_630/lib/python3.10/site-packages:/home/robotics/ros2_cobot/install/mycobot_600/lib/python3.10/site-packages:/home/robotics/ros2_cobot/install/mycobot_320pi/lib/python3.10/site-packages:/home/robotics/ros2_cobot/install/mycobot_320_riscv/lib/python3.10/site-packages:/home/robotics/ros2_cobot/install/mycobot_320/lib/python3.10/site-packages:/home/robotics/ros2_cobot/install/mycobot_280pi/lib/python3.10/site-packages:/home/robotics/ros2_cobot/install/mycobot_280jn/lib/python3.10/site-packages:/home/robotics/ros2_cobot/install/mycobot_280_x3pi/lib/python3.10/site-packages:/home/robotics/ros2_cobot/install/mycobot_280_riscv/lib/python3.10/site-packages:/home/robotics/ros2_cobot/install/mycobot_280_rdkx5/lib/python3.10/site-packages:/home/robotics/ros2_cobot/install/mycobot_280_moveit2_control/lib/python3.10/site-packages:/home/robotics/ros2_cobot/install/mycobot_280_arduino/lib/python3.10/site-packages:/home/robotics/ros2_cobot/install/mycobot_280/lib/python3.10/site-packages:/home/robotics/ros2_cobot/install/mybuddy/lib/python3.10/site-packages:/home/robotics/ros2_cobot/install/myarm_300/lib/python3.10/site-packages:/home/robotics/ros2_cobot/install/mecharm_pi/lib/python3.10/site-packages:/home/robotics/ros2_cobot/install/mecharm/lib/python3.10/site-packages:/home/robotics/ros2_cobot/install/mecharm_interfaces/local/lib/python3.10/dist-packages:/opt/ros/humble/lib/python3.10/site-packages:/opt/ros/humble/local/lib/python3.10/dist-packages /usr/bin/cmake --build /home/robotics/ros2_cobot/build/mycobot_280arduino_moveit2 -- -j16 -l16
[5.632s] INFO:colcon.colcon_core.task.python.build:Building Python package in '/home/robotics/ros2_cobot/src/mycobot_ros2/mycobot_280/mycobot_280jn'
[5.633s] INFO:colcon.colcon_core.shell:Skip shell extension 'powershell' for command environment: Not usable outside of PowerShell
[5.633s] DEBUG:colcon.colcon_core.shell:Skip shell extension 'dsv' for command environment
[5.647s] DEBUG:colcon.colcon_core.event_handler.log_command:Invoked command in '/home/robotics/ros2_cobot/build/mycobot_280_moveit2' returned '0': AMENT_PREFIX_PATH=/home/robotics/ros2_cobot/install/mycobot_description:/home/robotics/ros2_cobot/install/ultraarm:/home/robotics/ros2_cobot/install/traj_scripts:/home/robotics/ros2_cobot/install/mypalletizer_communication:/home/robotics/ros2_cobot/install/mypalletizer_interfaces:/home/robotics/ros2_cobot/install/mypalletizer_260_pi:/home/robotics/ros2_cobot/install/mypalletizer_260:/home/robotics/ros2_cobot/install/myarm_m750:/home/robotics/ros2_cobot/install/myarm_c650:/home/robotics/ros2_cobot/install/mycobot_communication:/home/robotics/ros2_cobot/install/mecharm_communication:/home/robotics/ros2_cobot/install/mycobot_interfaces:/home/robotics/ros2_cobot/install/mycobot_630:/home/robotics/ros2_cobot/install/mycobot_600:/home/robotics/ros2_cobot/install/mycobot_320pi:/home/robotics/ros2_cobot/install/mycobot_320_riscv:/home/robotics/ros2_cobot/install/mycobot_320:/home/robotics/ros2_cobot/install/mycobot_280rdkx5_moveit2:/home/robotics/ros2_cobot/install/mycobot_280pi:/home/robotics/ros2_cobot/install/mycobot_280jn:/home/robotics/ros2_cobot/install/mycobot_280arduino_moveit2:/home/robotics/ros2_cobot/install/mycobot_280_x3pi:/home/robotics/ros2_cobot/install/mycobot_280_riscv:/home/robotics/ros2_cobot/install/mycobot_280_rdkx5:/home/robotics/ros2_cobot/install/mycobot_280_moveit2_control:/home/robotics/ros2_cobot/install/mycobot_280_moveit2:/home/robotics/ros2_cobot/install/mycobot_280_arduino:/home/robotics/ros2_cobot/install/mycobot_280:/home/robotics/ros2_cobot/install/mybuddy:/home/robotics/ros2_cobot/install/myarm_300:/home/robotics/ros2_cobot/install/mecharm_pi:/home/robotics/ros2_cobot/install/mecharm:/home/robotics/ros2_cobot/install/mecharm_interfaces:/opt/ros/humble CMAKE_PREFIX_PATH=${CMAKE_PREFIX_PATH}:/home/robotics/ros2_cobot/install/ultraarm:/home/robotics/ros2_cobot/install/mypalletizer_communication:/home/robotics/ros2_cobot/install/mypalletizer_260_pi:/home/robotics/ros2_cobot/install/mypalletizer_260:/home/robotics/ros2_cobot/install/myarm_m750:/home/robotics/ros2_cobot/install/myarm_c650:/home/robotics/ros2_cobot/install/mycobot_communication:/home/robotics/ros2_cobot/install/mecharm_communication:/home/robotics/ros2_cobot/install/mycobot_630:/home/robotics/ros2_cobot/install/mycobot_600:/home/robotics/ros2_cobot/install/mycobot_320pi:/home/robotics/ros2_cobot/install/mycobot_320_riscv:/home/robotics/ros2_cobot/install/mycobot_320:/home/robotics/ros2_cobot/install/mycobot_280pi:/home/robotics/ros2_cobot/install/mycobot_280jn:/home/robotics/ros2_cobot/install/mycobot_280_x3pi:/home/robotics/ros2_cobot/install/mycobot_280_riscv:/home/robotics/ros2_cobot/install/mycobot_280_rdkx5:/home/robotics/ros2_cobot/install/mycobot_280_moveit2_control:/home/robotics/ros2_cobot/install/mycobot_280_arduino:/home/robotics/ros2_cobot/install/mycobot_280:/home/robotics/ros2_cobot/install/mybuddy:/home/robotics/ros2_cobot/install/myarm_300:/home/robotics/ros2_cobot/install/mecharm_pi:/home/robotics/ros2_cobot/install/mecharm:/home/robotics/ros2_cobot/install/mycobot_description:/opt/ros/humble PYTHONPATH=/home/robotics/ros2_cobot/install/mycobot_description/lib/python3.10/site-packages:/home/robotics/ros2_cobot/install/ultraarm/lib/python3.10/site-packages:/home/robotics/ros2_cobot/install/traj_scripts/local/lib/python3.10/dist-packages:/home/robotics/ros2_cobot/install/mypalletizer_communication/lib/python3.10/site-packages:/home/robotics/ros2_cobot/install/mypalletizer_interfaces/local/lib/python3.10/dist-packages:/home/robotics/ros2_cobot/install/mypalletizer_260_pi/lib/python3.10/site-packages:/home/robotics/ros2_cobot/install/mypalletizer_260/lib/python3.10/site-packages:/home/robotics/ros2_cobot/install/myarm_m750/lib/python3.10/site-packages:/home/robotics/ros2_cobot/install/myarm_c650/lib/python3.10/site-packages:/home/robotics/ros2_cobot/install/mycobot_communication/lib/python3.10/site-packages:/home/robotics/ros2_cobot/install/mecharm_communication/lib/python3.10/site-packages:/home/robotics/ros2_cobot/install/mycobot_interfaces/local/lib/python3.10/dist-packages:/home/robotics/ros2_cobot/install/mycobot_630/lib/python3.10/site-packages:/home/robotics/ros2_cobot/install/mycobot_600/lib/python3.10/site-packages:/home/robotics/ros2_cobot/install/mycobot_320pi/lib/python3.10/site-packages:/home/robotics/ros2_cobot/install/mycobot_320_riscv/lib/python3.10/site-packages:/home/robotics/ros2_cobot/install/mycobot_320/lib/python3.10/site-packages:/home/robotics/ros2_cobot/install/mycobot_280pi/lib/python3.10/site-packages:/home/robotics/ros2_cobot/install/mycobot_280jn/lib/python3.10/site-packages:/home/robotics/ros2_cobot/install/mycobot_280_x3pi/lib/python3.10/site-packages:/home/robotics/ros2_cobot/install/mycobot_280_riscv/lib/python3.10/site-packages:/home/robotics/ros2_cobot/install/mycobot_280_rdkx5/lib/python3.10/site-packages:/home/robotics/ros2_cobot/install/mycobot_280_moveit2_control/lib/python3.10/site-packages:/home/robotics/ros2_cobot/install/mycobot_280_arduino/lib/python3.10/site-packages:/home/robotics/ros2_cobot/install/mycobot_280/lib/python3.10/site-packages:/home/robotics/ros2_cobot/install/mybuddy/lib/python3.10/site-packages:/home/robotics/ros2_cobot/install/myarm_300/lib/python3.10/site-packages:/home/robotics/ros2_cobot/install/mecharm_pi/lib/python3.10/site-packages:/home/robotics/ros2_cobot/install/mecharm/lib/python3.10/site-packages:/home/robotics/ros2_cobot/install/mecharm_interfaces/local/lib/python3.10/dist-packages:/opt/ros/humble/lib/python3.10/site-packages:/opt/ros/humble/local/lib/python3.10/dist-packages /usr/bin/cmake --build /home/robotics/ros2_cobot/build/mycobot_280_moveit2 -- -j16 -l16
[5.649s] DEBUG:colcon.colcon_core.event_handler.log_command:Invoking command in '/home/robotics/ros2_cobot/build/mycobot_280_moveit2': AMENT_PREFIX_PATH=/home/robotics/ros2_cobot/install/mycobot_description:/home/robotics/ros2_cobot/install/ultraarm:/home/robotics/ros2_cobot/install/traj_scripts:/home/robotics/ros2_cobot/install/mypalletizer_communication:/home/robotics/ros2_cobot/install/mypalletizer_interfaces:/home/robotics/ros2_cobot/install/mypalletizer_260_pi:/home/robotics/ros2_cobot/install/mypalletizer_260:/home/robotics/ros2_cobot/install/myarm_m750:/home/robotics/ros2_cobot/install/myarm_c650:/home/robotics/ros2_cobot/install/mycobot_communication:/home/robotics/ros2_cobot/install/mecharm_communication:/home/robotics/ros2_cobot/install/mycobot_interfaces:/home/robotics/ros2_cobot/install/mycobot_630:/home/robotics/ros2_cobot/install/mycobot_600:/home/robotics/ros2_cobot/install/mycobot_320pi:/home/robotics/ros2_cobot/install/mycobot_320_riscv:/home/robotics/ros2_cobot/install/mycobot_320:/home/robotics/ros2_cobot/install/mycobot_280rdkx5_moveit2:/home/robotics/ros2_cobot/install/mycobot_280pi:/home/robotics/ros2_cobot/install/mycobot_280jn:/home/robotics/ros2_cobot/install/mycobot_280arduino_moveit2:/home/robotics/ros2_cobot/install/mycobot_280_x3pi:/home/robotics/ros2_cobot/install/mycobot_280_riscv:/home/robotics/ros2_cobot/install/mycobot_280_rdkx5:/home/robotics/ros2_cobot/install/mycobot_280_moveit2_control:/home/robotics/ros2_cobot/install/mycobot_280_moveit2:/home/robotics/ros2_cobot/install/mycobot_280_arduino:/home/robotics/ros2_cobot/install/mycobot_280:/home/robotics/ros2_cobot/install/mybuddy:/home/robotics/ros2_cobot/install/myarm_300:/home/robotics/ros2_cobot/install/mecharm_pi:/home/robotics/ros2_cobot/install/mecharm:/home/robotics/ros2_cobot/install/mecharm_interfaces:/opt/ros/humble CMAKE_PREFIX_PATH=${CMAKE_PREFIX_PATH}:/home/robotics/ros2_cobot/install/ultraarm:/home/robotics/ros2_cobot/install/mypalletizer_communication:/home/robotics/ros2_cobot/install/mypalletizer_260_pi:/home/robotics/ros2_cobot/install/mypalletizer_260:/home/robotics/ros2_cobot/install/myarm_m750:/home/robotics/ros2_cobot/install/myarm_c650:/home/robotics/ros2_cobot/install/mycobot_communication:/home/robotics/ros2_cobot/install/mecharm_communication:/home/robotics/ros2_cobot/install/mycobot_630:/home/robotics/ros2_cobot/install/mycobot_600:/home/robotics/ros2_cobot/install/mycobot_320pi:/home/robotics/ros2_cobot/install/mycobot_320_riscv:/home/robotics/ros2_cobot/install/mycobot_320:/home/robotics/ros2_cobot/install/mycobot_280pi:/home/robotics/ros2_cobot/install/mycobot_280jn:/home/robotics/ros2_cobot/install/mycobot_280_x3pi:/home/robotics/ros2_cobot/install/mycobot_280_riscv:/home/robotics/ros2_cobot/install/mycobot_280_rdkx5:/home/robotics/ros2_cobot/install/mycobot_280_moveit2_control:/home/robotics/ros2_cobot/install/mycobot_280_arduino:/home/robotics/ros2_cobot/install/mycobot_280:/home/robotics/ros2_cobot/install/mybuddy:/home/robotics/ros2_cobot/install/myarm_300:/home/robotics/ros2_cobot/install/mecharm_pi:/home/robotics/ros2_cobot/install/mecharm:/home/robotics/ros2_cobot/install/mycobot_description:/opt/ros/humble PYTHONPATH=/home/robotics/ros2_cobot/install/mycobot_description/lib/python3.10/site-packages:/home/robotics/ros2_cobot/install/ultraarm/lib/python3.10/site-packages:/home/robotics/ros2_cobot/install/traj_scripts/local/lib/python3.10/dist-packages:/home/robotics/ros2_cobot/install/mypalletizer_communication/lib/python3.10/site-packages:/home/robotics/ros2_cobot/install/mypalletizer_interfaces/local/lib/python3.10/dist-packages:/home/robotics/ros2_cobot/install/mypalletizer_260_pi/lib/python3.10/site-packages:/home/robotics/ros2_cobot/install/mypalletizer_260/lib/python3.10/site-packages:/home/robotics/ros2_cobot/install/myarm_m750/lib/python3.10/site-packages:/home/robotics/ros2_cobot/install/myarm_c650/lib/python3.10/site-packages:/home/robotics/ros2_cobot/install/mycobot_communication/lib/python3.10/site-packages:/home/robotics/ros2_cobot/install/mecharm_communication/lib/python3.10/site-packages:/home/robotics/ros2_cobot/install/mycobot_interfaces/local/lib/python3.10/dist-packages:/home/robotics/ros2_cobot/install/mycobot_630/lib/python3.10/site-packages:/home/robotics/ros2_cobot/install/mycobot_600/lib/python3.10/site-packages:/home/robotics/ros2_cobot/install/mycobot_320pi/lib/python3.10/site-packages:/home/robotics/ros2_cobot/install/mycobot_320_riscv/lib/python3.10/site-packages:/home/robotics/ros2_cobot/install/mycobot_320/lib/python3.10/site-packages:/home/robotics/ros2_cobot/install/mycobot_280pi/lib/python3.10/site-packages:/home/robotics/ros2_cobot/install/mycobot_280jn/lib/python3.10/site-packages:/home/robotics/ros2_cobot/install/mycobot_280_x3pi/lib/python3.10/site-packages:/home/robotics/ros2_cobot/install/mycobot_280_riscv/lib/python3.10/site-packages:/home/robotics/ros2_cobot/install/mycobot_280_rdkx5/lib/python3.10/site-packages:/home/robotics/ros2_cobot/install/mycobot_280_moveit2_control/lib/python3.10/site-packages:/home/robotics/ros2_cobot/install/mycobot_280_arduino/lib/python3.10/site-packages:/home/robotics/ros2_cobot/install/mycobot_280/lib/python3.10/site-packages:/home/robotics/ros2_cobot/install/mybuddy/lib/python3.10/site-packages:/home/robotics/ros2_cobot/install/myarm_300/lib/python3.10/site-packages:/home/robotics/ros2_cobot/install/mecharm_pi/lib/python3.10/site-packages:/home/robotics/ros2_cobot/install/mecharm/lib/python3.10/site-packages:/home/robotics/ros2_cobot/install/mecharm_interfaces/local/lib/python3.10/dist-packages:/opt/ros/humble/lib/python3.10/site-packages:/opt/ros/humble/local/lib/python3.10/dist-packages /usr/bin/cmake --install /home/robotics/ros2_cobot/build/mycobot_280_moveit2
[5.650s] DEBUG:colcon.colcon_core.event_handler.log_command:Invoked command in '/home/robotics/ros2_cobot/build/mycobot_280arduino_moveit2' returned '0': AMENT_PREFIX_PATH=/home/robotics/ros2_cobot/install/mycobot_description:/home/robotics/ros2_cobot/install/ultraarm:/home/robotics/ros2_cobot/install/traj_scripts:/home/robotics/ros2_cobot/install/mypalletizer_communication:/home/robotics/ros2_cobot/install/mypalletizer_interfaces:/home/robotics/ros2_cobot/install/mypalletizer_260_pi:/home/robotics/ros2_cobot/install/mypalletizer_260:/home/robotics/ros2_cobot/install/myarm_m750:/home/robotics/ros2_cobot/install/myarm_c650:/home/robotics/ros2_cobot/install/mycobot_communication:/home/robotics/ros2_cobot/install/mecharm_communication:/home/robotics/ros2_cobot/install/mycobot_interfaces:/home/robotics/ros2_cobot/install/mycobot_630:/home/robotics/ros2_cobot/install/mycobot_600:/home/robotics/ros2_cobot/install/mycobot_320pi:/home/robotics/ros2_cobot/install/mycobot_320_riscv:/home/robotics/ros2_cobot/install/mycobot_320:/home/robotics/ros2_cobot/install/mycobot_280rdkx5_moveit2:/home/robotics/ros2_cobot/install/mycobot_280pi:/home/robotics/ros2_cobot/install/mycobot_280jn:/home/robotics/ros2_cobot/install/mycobot_280arduino_moveit2:/home/robotics/ros2_cobot/install/mycobot_280_x3pi:/home/robotics/ros2_cobot/install/mycobot_280_riscv:/home/robotics/ros2_cobot/install/mycobot_280_rdkx5:/home/robotics/ros2_cobot/install/mycobot_280_moveit2_control:/home/robotics/ros2_cobot/install/mycobot_280_moveit2:/home/robotics/ros2_cobot/install/mycobot_280_arduino:/home/robotics/ros2_cobot/install/mycobot_280:/home/robotics/ros2_cobot/install/mybuddy:/home/robotics/ros2_cobot/install/myarm_300:/home/robotics/ros2_cobot/install/mecharm_pi:/home/robotics/ros2_cobot/install/mecharm:/home/robotics/ros2_cobot/install/mecharm_interfaces:/opt/ros/humble CMAKE_PREFIX_PATH=${CMAKE_PREFIX_PATH}:/home/robotics/ros2_cobot/install/ultraarm:/home/robotics/ros2_cobot/install/mypalletizer_communication:/home/robotics/ros2_cobot/install/mypalletizer_260_pi:/home/robotics/ros2_cobot/install/mypalletizer_260:/home/robotics/ros2_cobot/install/myarm_m750:/home/robotics/ros2_cobot/install/myarm_c650:/home/robotics/ros2_cobot/install/mycobot_communication:/home/robotics/ros2_cobot/install/mecharm_communication:/home/robotics/ros2_cobot/install/mycobot_630:/home/robotics/ros2_cobot/install/mycobot_600:/home/robotics/ros2_cobot/install/mycobot_320pi:/home/robotics/ros2_cobot/install/mycobot_320_riscv:/home/robotics/ros2_cobot/install/mycobot_320:/home/robotics/ros2_cobot/install/mycobot_280pi:/home/robotics/ros2_cobot/install/mycobot_280jn:/home/robotics/ros2_cobot/install/mycobot_280_x3pi:/home/robotics/ros2_cobot/install/mycobot_280_riscv:/home/robotics/ros2_cobot/install/mycobot_280_rdkx5:/home/robotics/ros2_cobot/install/mycobot_280_moveit2_control:/home/robotics/ros2_cobot/install/mycobot_280_arduino:/home/robotics/ros2_cobot/install/mycobot_280:/home/robotics/ros2_cobot/install/mybuddy:/home/robotics/ros2_cobot/install/myarm_300:/home/robotics/ros2_cobot/install/mecharm_pi:/home/robotics/ros2_cobot/install/mecharm:/home/robotics/ros2_cobot/install/mycobot_description:/opt/ros/humble PYTHONPATH=/home/robotics/ros2_cobot/install/mycobot_description/lib/python3.10/site-packages:/home/robotics/ros2_cobot/install/ultraarm/lib/python3.10/site-packages:/home/robotics/ros2_cobot/install/traj_scripts/local/lib/python3.10/dist-packages:/home/robotics/ros2_cobot/install/mypalletizer_communication/lib/python3.10/site-packages:/home/robotics/ros2_cobot/install/mypalletizer_interfaces/local/lib/python3.10/dist-packages:/home/robotics/ros2_cobot/install/mypalletizer_260_pi/lib/python3.10/site-packages:/home/robotics/ros2_cobot/install/mypalletizer_260/lib/python3.10/site-packages:/home/robotics/ros2_cobot/install/myarm_m750/lib/python3.10/site-packages:/home/robotics/ros2_cobot/install/myarm_c650/lib/python3.10/site-packages:/home/robotics/ros2_cobot/install/mycobot_communication/lib/python3.10/site-packages:/home/robotics/ros2_cobot/install/mecharm_communication/lib/python3.10/site-packages:/home/robotics/ros2_cobot/install/mycobot_interfaces/local/lib/python3.10/dist-packages:/home/robotics/ros2_cobot/install/mycobot_630/lib/python3.10/site-packages:/home/robotics/ros2_cobot/install/mycobot_600/lib/python3.10/site-packages:/home/robotics/ros2_cobot/install/mycobot_320pi/lib/python3.10/site-packages:/home/robotics/ros2_cobot/install/mycobot_320_riscv/lib/python3.10/site-packages:/home/robotics/ros2_cobot/install/mycobot_320/lib/python3.10/site-packages:/home/robotics/ros2_cobot/install/mycobot_280pi/lib/python3.10/site-packages:/home/robotics/ros2_cobot/install/mycobot_280jn/lib/python3.10/site-packages:/home/robotics/ros2_cobot/install/mycobot_280_x3pi/lib/python3.10/site-packages:/home/robotics/ros2_cobot/install/mycobot_280_riscv/lib/python3.10/site-packages:/home/robotics/ros2_cobot/install/mycobot_280_rdkx5/lib/python3.10/site-packages:/home/robotics/ros2_cobot/install/mycobot_280_moveit2_control/lib/python3.10/site-packages:/home/robotics/ros2_cobot/install/mycobot_280_arduino/lib/python3.10/site-packages:/home/robotics/ros2_cobot/install/mycobot_280/lib/python3.10/site-packages:/home/robotics/ros2_cobot/install/mybuddy/lib/python3.10/site-packages:/home/robotics/ros2_cobot/install/myarm_300/lib/python3.10/site-packages:/home/robotics/ros2_cobot/install/mecharm_pi/lib/python3.10/site-packages:/home/robotics/ros2_cobot/install/mecharm/lib/python3.10/site-packages:/home/robotics/ros2_cobot/install/mecharm_interfaces/local/lib/python3.10/dist-packages:/opt/ros/humble/lib/python3.10/site-packages:/opt/ros/humble/local/lib/python3.10/dist-packages /usr/bin/cmake --build /home/robotics/ros2_cobot/build/mycobot_280arduino_moveit2 -- -j16 -l16
[5.651s] DEBUG:colcon.colcon_core.event_handler.log_command:Invoking command in '/home/robotics/ros2_cobot/build/mycobot_280arduino_moveit2': AMENT_PREFIX_PATH=/home/robotics/ros2_cobot/install/mycobot_description:/home/robotics/ros2_cobot/install/ultraarm:/home/robotics/ros2_cobot/install/traj_scripts:/home/robotics/ros2_cobot/install/mypalletizer_communication:/home/robotics/ros2_cobot/install/mypalletizer_interfaces:/home/robotics/ros2_cobot/install/mypalletizer_260_pi:/home/robotics/ros2_cobot/install/mypalletizer_260:/home/robotics/ros2_cobot/install/myarm_m750:/home/robotics/ros2_cobot/install/myarm_c650:/home/robotics/ros2_cobot/install/mycobot_communication:/home/robotics/ros2_cobot/install/mecharm_communication:/home/robotics/ros2_cobot/install/mycobot_interfaces:/home/robotics/ros2_cobot/install/mycobot_630:/home/robotics/ros2_cobot/install/mycobot_600:/home/robotics/ros2_cobot/install/mycobot_320pi:/home/robotics/ros2_cobot/install/mycobot_320_riscv:/home/robotics/ros2_cobot/install/mycobot_320:/home/robotics/ros2_cobot/install/mycobot_280rdkx5_moveit2:/home/robotics/ros2_cobot/install/mycobot_280pi:/home/robotics/ros2_cobot/install/mycobot_280jn:/home/robotics/ros2_cobot/install/mycobot_280arduino_moveit2:/home/robotics/ros2_cobot/install/mycobot_280_x3pi:/home/robotics/ros2_cobot/install/mycobot_280_riscv:/home/robotics/ros2_cobot/install/mycobot_280_rdkx5:/home/robotics/ros2_cobot/install/mycobot_280_moveit2_control:/home/robotics/ros2_cobot/install/mycobot_280_moveit2:/home/robotics/ros2_cobot/install/mycobot_280_arduino:/home/robotics/ros2_cobot/install/mycobot_280:/home/robotics/ros2_cobot/install/mybuddy:/home/robotics/ros2_cobot/install/myarm_300:/home/robotics/ros2_cobot/install/mecharm_pi:/home/robotics/ros2_cobot/install/mecharm:/home/robotics/ros2_cobot/install/mecharm_interfaces:/opt/ros/humble CMAKE_PREFIX_PATH=${CMAKE_PREFIX_PATH}:/home/robotics/ros2_cobot/install/ultraarm:/home/robotics/ros2_cobot/install/mypalletizer_communication:/home/robotics/ros2_cobot/install/mypalletizer_260_pi:/home/robotics/ros2_cobot/install/mypalletizer_260:/home/robotics/ros2_cobot/install/myarm_m750:/home/robotics/ros2_cobot/install/myarm_c650:/home/robotics/ros2_cobot/install/mycobot_communication:/home/robotics/ros2_cobot/install/mecharm_communication:/home/robotics/ros2_cobot/install/mycobot_630:/home/robotics/ros2_cobot/install/mycobot_600:/home/robotics/ros2_cobot/install/mycobot_320pi:/home/robotics/ros2_cobot/install/mycobot_320_riscv:/home/robotics/ros2_cobot/install/mycobot_320:/home/robotics/ros2_cobot/install/mycobot_280pi:/home/robotics/ros2_cobot/install/mycobot_280jn:/home/robotics/ros2_cobot/install/mycobot_280_x3pi:/home/robotics/ros2_cobot/install/mycobot_280_riscv:/home/robotics/ros2_cobot/install/mycobot_280_rdkx5:/home/robotics/ros2_cobot/install/mycobot_280_moveit2_control:/home/robotics/ros2_cobot/install/mycobot_280_arduino:/home/robotics/ros2_cobot/install/mycobot_280:/home/robotics/ros2_cobot/install/mybuddy:/home/robotics/ros2_cobot/install/myarm_300:/home/robotics/ros2_cobot/install/mecharm_pi:/home/robotics/ros2_cobot/install/mecharm:/home/robotics/ros2_cobot/install/mycobot_description:/opt/ros/humble PYTHONPATH=/home/robotics/ros2_cobot/install/mycobot_description/lib/python3.10/site-packages:/home/robotics/ros2_cobot/install/ultraarm/lib/python3.10/site-packages:/home/robotics/ros2_cobot/install/traj_scripts/local/lib/python3.10/dist-packages:/home/robotics/ros2_cobot/install/mypalletizer_communication/lib/python3.10/site-packages:/home/robotics/ros2_cobot/install/mypalletizer_interfaces/local/lib/python3.10/dist-packages:/home/robotics/ros2_cobot/install/mypalletizer_260_pi/lib/python3.10/site-packages:/home/robotics/ros2_cobot/install/mypalletizer_260/lib/python3.10/site-packages:/home/robotics/ros2_cobot/install/myarm_m750/lib/python3.10/site-packages:/home/robotics/ros2_cobot/install/myarm_c650/lib/python3.10/site-packages:/home/robotics/ros2_cobot/install/mycobot_communication/lib/python3.10/site-packages:/home/robotics/ros2_cobot/install/mecharm_communication/lib/python3.10/site-packages:/home/robotics/ros2_cobot/install/mycobot_interfaces/local/lib/python3.10/dist-packages:/home/robotics/ros2_cobot/install/mycobot_630/lib/python3.10/site-packages:/home/robotics/ros2_cobot/install/mycobot_600/lib/python3.10/site-packages:/home/robotics/ros2_cobot/install/mycobot_320pi/lib/python3.10/site-packages:/home/robotics/ros2_cobot/install/mycobot_320_riscv/lib/python3.10/site-packages:/home/robotics/ros2_cobot/install/mycobot_320/lib/python3.10/site-packages:/home/robotics/ros2_cobot/install/mycobot_280pi/lib/python3.10/site-packages:/home/robotics/ros2_cobot/install/mycobot_280jn/lib/python3.10/site-packages:/home/robotics/ros2_cobot/install/mycobot_280_x3pi/lib/python3.10/site-packages:/home/robotics/ros2_cobot/install/mycobot_280_riscv/lib/python3.10/site-packages:/home/robotics/ros2_cobot/install/mycobot_280_rdkx5/lib/python3.10/site-packages:/home/robotics/ros2_cobot/install/mycobot_280_moveit2_control/lib/python3.10/site-packages:/home/robotics/ros2_cobot/install/mycobot_280_arduino/lib/python3.10/site-packages:/home/robotics/ros2_cobot/install/mycobot_280/lib/python3.10/site-packages:/home/robotics/ros2_cobot/install/mybuddy/lib/python3.10/site-packages:/home/robotics/ros2_cobot/install/myarm_300/lib/python3.10/site-packages:/home/robotics/ros2_cobot/install/mecharm_pi/lib/python3.10/site-packages:/home/robotics/ros2_cobot/install/mecharm/lib/python3.10/site-packages:/home/robotics/ros2_cobot/install/mecharm_interfaces/local/lib/python3.10/dist-packages:/opt/ros/humble/lib/python3.10/site-packages:/opt/ros/humble/local/lib/python3.10/dist-packages /usr/bin/cmake --install /home/robotics/ros2_cobot/build/mycobot_280arduino_moveit2
[5.655s] DEBUG:colcon.colcon_core.event_handler.log_command:Invoking command in '/home/robotics/ros2_cobot/src/mycobot_ros2/mypalletizer_260/mypalletizer_communication': CMAKE_PREFIX_PATH=/home/robotics/ros2_cobot/install/mypalletizer_interfaces:/home/robotics/ros2_cobot/install/traj_scripts:/home/robotics/ros2_cobot/install/mycobot_interfaces:/home/robotics/ros2_cobot/install/mycobot_280rdkx5_moveit2:/home/robotics/ros2_cobot/install/mycobot_280arduino_moveit2:/home/robotics/ros2_cobot/install/mycobot_280_moveit2:/home/robotics/ros2_cobot/install/mecharm_interfaces PYTHONPATH=/home/robotics/ros2_cobot/build/mypalletizer_communication/prefix_override:/usr/lib/python3/dist-packages/colcon_core/task/python/colcon_distutils_commands:/home/robotics/ros2_cobot/install/mypalletizer_communication/lib/python3.10/site-packages:${PYTHONPATH} /usr/bin/python3 -W ignore:setup.py install is deprecated -W ignore:easy_install command is deprecated setup.py egg_info --egg-base ../../../../build/mypalletizer_communication build --build-base /home/robotics/ros2_cobot/build/mypalletizer_communication/build install --record /home/robotics/ros2_cobot/build/mypalletizer_communication/install.log --single-version-externally-managed install_data
[5.660s] DEBUG:colcon.colcon_core.event_handler.log_command:Invoking command in '/home/robotics/ros2_cobot/src/mycobot_ros2/mycobot_communication': CMAKE_PREFIX_PATH=/home/robotics/ros2_cobot/install/mycobot_interfaces:/home/robotics/ros2_cobot/install/traj_scripts:/home/robotics/ros2_cobot/install/mypalletizer_interfaces:/home/robotics/ros2_cobot/install/mycobot_280rdkx5_moveit2:/home/robotics/ros2_cobot/install/mycobot_280arduino_moveit2:/home/robotics/ros2_cobot/install/mycobot_280_moveit2:/home/robotics/ros2_cobot/install/mecharm_interfaces LD_LIBRARY_PATH=/home/robotics/ros2_cobot/install/mycobot_interfaces/lib:/home/robotics/ros2_cobot/install/mypalletizer_interfaces/lib:/home/robotics/ros2_cobot/install/mecharm_interfaces/lib:/opt/ros/humble/opt/rviz_ogre_vendor/lib:/opt/ros/humble/lib/x86_64-linux-gnu:/opt/ros/humble/lib PYTHONPATH=/home/robotics/ros2_cobot/build/mycobot_communication/prefix_override:/usr/lib/python3/dist-packages/colcon_core/task/python/colcon_distutils_commands:/home/robotics/ros2_cobot/install/mycobot_communication/lib/python3.10/site-packages:${PYTHONPATH} /usr/bin/python3 -W ignore:setup.py install is deprecated -W ignore:easy_install command is deprecated setup.py egg_info --egg-base ../../../build/mycobot_communication build --build-base /home/robotics/ros2_cobot/build/mycobot_communication/build install --record /home/robotics/ros2_cobot/build/mycobot_communication/install.log --single-version-externally-managed install_data
[5.662s] DEBUG:colcon.colcon_core.event_handler.log_command:Invoking command in '/home/robotics/ros2_cobot/src/mycobot_ros2/mecharm/mecharm_communication': CMAKE_PREFIX_PATH=/home/robotics/ros2_cobot/install/mycobot_interfaces:/home/robotics/ros2_cobot/install/traj_scripts:/home/robotics/ros2_cobot/install/mypalletizer_interfaces:/home/robotics/ros2_cobot/install/mycobot_280rdkx5_moveit2:/home/robotics/ros2_cobot/install/mycobot_280arduino_moveit2:/home/robotics/ros2_cobot/install/mycobot_280_moveit2:/home/robotics/ros2_cobot/install/mecharm_interfaces LD_LIBRARY_PATH=/home/robotics/ros2_cobot/install/mycobot_interfaces/lib:/home/robotics/ros2_cobot/install/mypalletizer_interfaces/lib:/home/robotics/ros2_cobot/install/mecharm_interfaces/lib:/opt/ros/humble/opt/rviz_ogre_vendor/lib:/opt/ros/humble/lib/x86_64-linux-gnu:/opt/ros/humble/lib PYTHONPATH=/home/robotics/ros2_cobot/build/mecharm_communication/prefix_override:/usr/lib/python3/dist-packages/colcon_core/task/python/colcon_distutils_commands:/home/robotics/ros2_cobot/install/mecharm_communication/lib/python3.10/site-packages:${PYTHONPATH} /usr/bin/python3 -W ignore:setup.py install is deprecated -W ignore:easy_install command is deprecated setup.py egg_info --egg-base ../../../../build/mecharm_communication build --build-base /home/robotics/ros2_cobot/build/mecharm_communication/build install --record /home/robotics/ros2_cobot/build/mecharm_communication/install.log --single-version-externally-managed install_data
[5.686s] Level 1:colcon.colcon_core.environment:create_environment_scripts_only(mycobot_280_moveit2)
[5.687s] Level 1:colcon.colcon_core.environment:checking '/home/robotics/ros2_cobot/install/mycobot_280_moveit2' for CMake module files
[5.687s] DEBUG:colcon.colcon_core.event_handler.log_command:Invoked command in '/home/robotics/ros2_cobot/build/mycobot_280_moveit2' returned '0': AMENT_PREFIX_PATH=/home/robotics/ros2_cobot/install/mycobot_description:/home/robotics/ros2_cobot/install/ultraarm:/home/robotics/ros2_cobot/install/traj_scripts:/home/robotics/ros2_cobot/install/mypalletizer_communication:/home/robotics/ros2_cobot/install/mypalletizer_interfaces:/home/robotics/ros2_cobot/install/mypalletizer_260_pi:/home/robotics/ros2_cobot/install/mypalletizer_260:/home/robotics/ros2_cobot/install/myarm_m750:/home/robotics/ros2_cobot/install/myarm_c650:/home/robotics/ros2_cobot/install/mycobot_communication:/home/robotics/ros2_cobot/install/mecharm_communication:/home/robotics/ros2_cobot/install/mycobot_interfaces:/home/robotics/ros2_cobot/install/mycobot_630:/home/robotics/ros2_cobot/install/mycobot_600:/home/robotics/ros2_cobot/install/mycobot_320pi:/home/robotics/ros2_cobot/install/mycobot_320_riscv:/home/robotics/ros2_cobot/install/mycobot_320:/home/robotics/ros2_cobot/install/mycobot_280rdkx5_moveit2:/home/robotics/ros2_cobot/install/mycobot_280pi:/home/robotics/ros2_cobot/install/mycobot_280jn:/home/robotics/ros2_cobot/install/mycobot_280arduino_moveit2:/home/robotics/ros2_cobot/install/mycobot_280_x3pi:/home/robotics/ros2_cobot/install/mycobot_280_riscv:/home/robotics/ros2_cobot/install/mycobot_280_rdkx5:/home/robotics/ros2_cobot/install/mycobot_280_moveit2_control:/home/robotics/ros2_cobot/install/mycobot_280_moveit2:/home/robotics/ros2_cobot/install/mycobot_280_arduino:/home/robotics/ros2_cobot/install/mycobot_280:/home/robotics/ros2_cobot/install/mybuddy:/home/robotics/ros2_cobot/install/myarm_300:/home/robotics/ros2_cobot/install/mecharm_pi:/home/robotics/ros2_cobot/install/mecharm:/home/robotics/ros2_cobot/install/mecharm_interfaces:/opt/ros/humble CMAKE_PREFIX_PATH=${CMAKE_PREFIX_PATH}:/home/robotics/ros2_cobot/install/ultraarm:/home/robotics/ros2_cobot/install/mypalletizer_communication:/home/robotics/ros2_cobot/install/mypalletizer_260_pi:/home/robotics/ros2_cobot/install/mypalletizer_260:/home/robotics/ros2_cobot/install/myarm_m750:/home/robotics/ros2_cobot/install/myarm_c650:/home/robotics/ros2_cobot/install/mycobot_communication:/home/robotics/ros2_cobot/install/mecharm_communication:/home/robotics/ros2_cobot/install/mycobot_630:/home/robotics/ros2_cobot/install/mycobot_600:/home/robotics/ros2_cobot/install/mycobot_320pi:/home/robotics/ros2_cobot/install/mycobot_320_riscv:/home/robotics/ros2_cobot/install/mycobot_320:/home/robotics/ros2_cobot/install/mycobot_280pi:/home/robotics/ros2_cobot/install/mycobot_280jn:/home/robotics/ros2_cobot/install/mycobot_280_x3pi:/home/robotics/ros2_cobot/install/mycobot_280_riscv:/home/robotics/ros2_cobot/install/mycobot_280_rdkx5:/home/robotics/ros2_cobot/install/mycobot_280_moveit2_control:/home/robotics/ros2_cobot/install/mycobot_280_arduino:/home/robotics/ros2_cobot/install/mycobot_280:/home/robotics/ros2_cobot/install/mybuddy:/home/robotics/ros2_cobot/install/myarm_300:/home/robotics/ros2_cobot/install/mecharm_pi:/home/robotics/ros2_cobot/install/mecharm:/home/robotics/ros2_cobot/install/mycobot_description:/opt/ros/humble PYTHONPATH=/home/robotics/ros2_cobot/install/mycobot_description/lib/python3.10/site-packages:/home/robotics/ros2_cobot/install/ultraarm/lib/python3.10/site-packages:/home/robotics/ros2_cobot/install/traj_scripts/local/lib/python3.10/dist-packages:/home/robotics/ros2_cobot/install/mypalletizer_communication/lib/python3.10/site-packages:/home/robotics/ros2_cobot/install/mypalletizer_interfaces/local/lib/python3.10/dist-packages:/home/robotics/ros2_cobot/install/mypalletizer_260_pi/lib/python3.10/site-packages:/home/robotics/ros2_cobot/install/mypalletizer_260/lib/python3.10/site-packages:/home/robotics/ros2_cobot/install/myarm_m750/lib/python3.10/site-packages:/home/robotics/ros2_cobot/install/myarm_c650/lib/python3.10/site-packages:/home/robotics/ros2_cobot/install/mycobot_communication/lib/python3.10/site-packages:/home/robotics/ros2_cobot/install/mecharm_communication/lib/python3.10/site-packages:/home/robotics/ros2_cobot/install/mycobot_interfaces/local/lib/python3.10/dist-packages:/home/robotics/ros2_cobot/install/mycobot_630/lib/python3.10/site-packages:/home/robotics/ros2_cobot/install/mycobot_600/lib/python3.10/site-packages:/home/robotics/ros2_cobot/install/mycobot_320pi/lib/python3.10/site-packages:/home/robotics/ros2_cobot/install/mycobot_320_riscv/lib/python3.10/site-packages:/home/robotics/ros2_cobot/install/mycobot_320/lib/python3.10/site-packages:/home/robotics/ros2_cobot/install/mycobot_280pi/lib/python3.10/site-packages:/home/robotics/ros2_cobot/install/mycobot_280jn/lib/python3.10/site-packages:/home/robotics/ros2_cobot/install/mycobot_280_x3pi/lib/python3.10/site-packages:/home/robotics/ros2_cobot/install/mycobot_280_riscv/lib/python3.10/site-packages:/home/robotics/ros2_cobot/install/mycobot_280_rdkx5/lib/python3.10/site-packages:/home/robotics/ros2_cobot/install/mycobot_280_moveit2_control/lib/python3.10/site-packages:/home/robotics/ros2_cobot/install/mycobot_280_arduino/lib/python3.10/site-packages:/home/robotics/ros2_cobot/install/mycobot_280/lib/python3.10/site-packages:/home/robotics/ros2_cobot/install/mybuddy/lib/python3.10/site-packages:/home/robotics/ros2_cobot/install/myarm_300/lib/python3.10/site-packages:/home/robotics/ros2_cobot/install/mecharm_pi/lib/python3.10/site-packages:/home/robotics/ros2_cobot/install/mecharm/lib/python3.10/site-packages:/home/robotics/ros2_cobot/install/mecharm_interfaces/local/lib/python3.10/dist-packages:/opt/ros/humble/lib/python3.10/site-packages:/opt/ros/humble/local/lib/python3.10/dist-packages /usr/bin/cmake --install /home/robotics/ros2_cobot/build/mycobot_280_moveit2
[5.688s] Level 1:colcon.colcon_core.environment:checking '/home/robotics/ros2_cobot/install/mycobot_280_moveit2' for CMake config files
[5.688s] Level 1:colcon.colcon_core.shell:create_environment_hook('mycobot_280_moveit2', 'cmake_prefix_path')
[5.688s] INFO:colcon.colcon_core.shell:Creating environment hook '/home/robotics/ros2_cobot/install/mycobot_280_moveit2/share/mycobot_280_moveit2/hook/cmake_prefix_path.ps1'
[5.689s] INFO:colcon.colcon_core.shell:Creating environment descriptor '/home/robotics/ros2_cobot/install/mycobot_280_moveit2/share/mycobot_280_moveit2/hook/cmake_prefix_path.dsv'
[5.690s] INFO:colcon.colcon_core.shell:Creating environment hook '/home/robotics/ros2_cobot/install/mycobot_280_moveit2/share/mycobot_280_moveit2/hook/cmake_prefix_path.sh'
[5.690s] Level 1:colcon.colcon_core.environment:checking '/home/robotics/ros2_cobot/install/mycobot_280_moveit2/bin'
[5.691s] Level 1:colcon.colcon_core.environment:checking '/home/robotics/ros2_cobot/install/mycobot_280_moveit2/lib/pkgconfig/mycobot_280_moveit2.pc'
[5.691s] Level 1:colcon.colcon_core.environment:checking '/home/robotics/ros2_cobot/install/mycobot_280_moveit2/lib/python3.10/site-packages'
[5.691s] Level 1:colcon.colcon_core.environment:checking '/home/robotics/ros2_cobot/install/mycobot_280_moveit2/bin'
[5.691s] INFO:colcon.colcon_core.shell:Creating package script '/home/robotics/ros2_cobot/install/mycobot_280_moveit2/share/mycobot_280_moveit2/package.ps1'
[5.692s] INFO:colcon.colcon_core.shell:Creating package descriptor '/home/robotics/ros2_cobot/install/mycobot_280_moveit2/share/mycobot_280_moveit2/package.dsv'
[5.692s] INFO:colcon.colcon_core.shell:Creating package script '/home/robotics/ros2_cobot/install/mycobot_280_moveit2/share/mycobot_280_moveit2/package.sh'
[5.695s] INFO:colcon.colcon_core.shell:Creating package script '/home/robotics/ros2_cobot/install/mycobot_280_moveit2/share/mycobot_280_moveit2/package.bash'
[5.696s] INFO:colcon.colcon_core.shell:Creating package script '/home/robotics/ros2_cobot/install/mycobot_280_moveit2/share/mycobot_280_moveit2/package.zsh'
[5.696s] Level 1:colcon.colcon_core.environment:create_file_with_runtime_dependencies(/home/robotics/ros2_cobot/install/mycobot_280_moveit2/share/colcon-core/packages/mycobot_280_moveit2)
[5.697s] Level 1:colcon.colcon_core.environment:create_environment_scripts_only(mycobot_280_moveit2)
[5.697s] Level 1:colcon.colcon_core.environment:checking '/home/robotics/ros2_cobot/install/mycobot_280_moveit2' for CMake module files
[5.698s] Level 1:colcon.colcon_core.environment:checking '/home/robotics/ros2_cobot/install/mycobot_280_moveit2' for CMake config files
[5.698s] Level 1:colcon.colcon_core.shell:create_environment_hook('mycobot_280_moveit2', 'cmake_prefix_path')
[5.698s] INFO:colcon.colcon_core.shell:Creating environment hook '/home/robotics/ros2_cobot/install/mycobot_280_moveit2/share/mycobot_280_moveit2/hook/cmake_prefix_path.ps1'
[5.699s] INFO:colcon.colcon_core.shell:Creating environment descriptor '/home/robotics/ros2_cobot/install/mycobot_280_moveit2/share/mycobot_280_moveit2/hook/cmake_prefix_path.dsv'
[5.699s] INFO:colcon.colcon_core.shell:Creating environment hook '/home/robotics/ros2_cobot/install/mycobot_280_moveit2/share/mycobot_280_moveit2/hook/cmake_prefix_path.sh'
[5.700s] Level 1:colcon.colcon_core.environment:checking '/home/robotics/ros2_cobot/install/mycobot_280_moveit2/bin'
[5.700s] Level 1:colcon.colcon_core.environment:checking '/home/robotics/ros2_cobot/install/mycobot_280_moveit2/lib/pkgconfig/mycobot_280_moveit2.pc'
[5.700s] Level 1:colcon.colcon_core.environment:checking '/home/robotics/ros2_cobot/install/mycobot_280_moveit2/lib/python3.10/site-packages'
[5.700s] Level 1:colcon.colcon_core.environment:checking '/home/robotics/ros2_cobot/install/mycobot_280_moveit2/bin'
[5.700s] INFO:colcon.colcon_core.shell:Creating package script '/home/robotics/ros2_cobot/install/mycobot_280_moveit2/share/mycobot_280_moveit2/package.ps1'
[5.701s] INFO:colcon.colcon_core.shell:Creating package descriptor '/home/robotics/ros2_cobot/install/mycobot_280_moveit2/share/mycobot_280_moveit2/package.dsv'
[5.702s] INFO:colcon.colcon_core.shell:Creating package script '/home/robotics/ros2_cobot/install/mycobot_280_moveit2/share/mycobot_280_moveit2/package.sh'
[5.702s] INFO:colcon.colcon_core.shell:Creating package script '/home/robotics/ros2_cobot/install/mycobot_280_moveit2/share/mycobot_280_moveit2/package.bash'
[5.703s] INFO:colcon.colcon_core.shell:Creating package script '/home/robotics/ros2_cobot/install/mycobot_280_moveit2/share/mycobot_280_moveit2/package.zsh'
[5.703s] Level 1:colcon.colcon_core.environment:create_file_with_runtime_dependencies(/home/robotics/ros2_cobot/install/mycobot_280_moveit2/share/colcon-core/packages/mycobot_280_moveit2)
[5.704s] INFO:colcon.colcon_ros.task.ament_python.build:Building ROS package in '/home/robotics/ros2_cobot/src/mycobot_ros2/mycobot_280/mycobot_280pi' with build type 'ament_python'
[5.705s] Level 1:colcon.colcon_core.shell:create_environment_hook('mycobot_280pi', 'ament_prefix_path')
[5.705s] INFO:colcon.colcon_core.shell:Creating environment hook '/home/robotics/ros2_cobot/install/mycobot_280pi/share/mycobot_280pi/hook/ament_prefix_path.ps1'
[5.705s] INFO:colcon.colcon_core.shell:Creating environment descriptor '/home/robotics/ros2_cobot/install/mycobot_280pi/share/mycobot_280pi/hook/ament_prefix_path.dsv'
[5.706s] INFO:colcon.colcon_core.shell:Creating environment hook '/home/robotics/ros2_cobot/install/mycobot_280pi/share/mycobot_280pi/hook/ament_prefix_path.sh'
[5.706s] INFO:colcon.colcon_core.shell:Skip shell extension 'powershell' for command environment: Not usable outside of PowerShell
[5.706s] DEBUG:colcon.colcon_core.shell:Skip shell extension 'dsv' for command environment
[5.715s] Level 1:colcon.colcon_core.environment:create_environment_scripts_only(mycobot_280arduino_moveit2)
[5.716s] DEBUG:colcon.colcon_core.event_handler.log_command:Invoked command in '/home/robotics/ros2_cobot/build/mycobot_280arduino_moveit2' returned '0': AMENT_PREFIX_PATH=/home/robotics/ros2_cobot/install/mycobot_description:/home/robotics/ros2_cobot/install/ultraarm:/home/robotics/ros2_cobot/install/traj_scripts:/home/robotics/ros2_cobot/install/mypalletizer_communication:/home/robotics/ros2_cobot/install/mypalletizer_interfaces:/home/robotics/ros2_cobot/install/mypalletizer_260_pi:/home/robotics/ros2_cobot/install/mypalletizer_260:/home/robotics/ros2_cobot/install/myarm_m750:/home/robotics/ros2_cobot/install/myarm_c650:/home/robotics/ros2_cobot/install/mycobot_communication:/home/robotics/ros2_cobot/install/mecharm_communication:/home/robotics/ros2_cobot/install/mycobot_interfaces:/home/robotics/ros2_cobot/install/mycobot_630:/home/robotics/ros2_cobot/install/mycobot_600:/home/robotics/ros2_cobot/install/mycobot_320pi:/home/robotics/ros2_cobot/install/mycobot_320_riscv:/home/robotics/ros2_cobot/install/mycobot_320:/home/robotics/ros2_cobot/install/mycobot_280rdkx5_moveit2:/home/robotics/ros2_cobot/install/mycobot_280pi:/home/robotics/ros2_cobot/install/mycobot_280jn:/home/robotics/ros2_cobot/install/mycobot_280arduino_moveit2:/home/robotics/ros2_cobot/install/mycobot_280_x3pi:/home/robotics/ros2_cobot/install/mycobot_280_riscv:/home/robotics/ros2_cobot/install/mycobot_280_rdkx5:/home/robotics/ros2_cobot/install/mycobot_280_moveit2_control:/home/robotics/ros2_cobot/install/mycobot_280_moveit2:/home/robotics/ros2_cobot/install/mycobot_280_arduino:/home/robotics/ros2_cobot/install/mycobot_280:/home/robotics/ros2_cobot/install/mybuddy:/home/robotics/ros2_cobot/install/myarm_300:/home/robotics/ros2_cobot/install/mecharm_pi:/home/robotics/ros2_cobot/install/mecharm:/home/robotics/ros2_cobot/install/mecharm_interfaces:/opt/ros/humble CMAKE_PREFIX_PATH=${CMAKE_PREFIX_PATH}:/home/robotics/ros2_cobot/install/ultraarm:/home/robotics/ros2_cobot/install/mypalletizer_communication:/home/robotics/ros2_cobot/install/mypalletizer_260_pi:/home/robotics/ros2_cobot/install/mypalletizer_260:/home/robotics/ros2_cobot/install/myarm_m750:/home/robotics/ros2_cobot/install/myarm_c650:/home/robotics/ros2_cobot/install/mycobot_communication:/home/robotics/ros2_cobot/install/mecharm_communication:/home/robotics/ros2_cobot/install/mycobot_630:/home/robotics/ros2_cobot/install/mycobot_600:/home/robotics/ros2_cobot/install/mycobot_320pi:/home/robotics/ros2_cobot/install/mycobot_320_riscv:/home/robotics/ros2_cobot/install/mycobot_320:/home/robotics/ros2_cobot/install/mycobot_280pi:/home/robotics/ros2_cobot/install/mycobot_280jn:/home/robotics/ros2_cobot/install/mycobot_280_x3pi:/home/robotics/ros2_cobot/install/mycobot_280_riscv:/home/robotics/ros2_cobot/install/mycobot_280_rdkx5:/home/robotics/ros2_cobot/install/mycobot_280_moveit2_control:/home/robotics/ros2_cobot/install/mycobot_280_arduino:/home/robotics/ros2_cobot/install/mycobot_280:/home/robotics/ros2_cobot/install/mybuddy:/home/robotics/ros2_cobot/install/myarm_300:/home/robotics/ros2_cobot/install/mecharm_pi:/home/robotics/ros2_cobot/install/mecharm:/home/robotics/ros2_cobot/install/mycobot_description:/opt/ros/humble PYTHONPATH=/home/robotics/ros2_cobot/install/mycobot_description/lib/python3.10/site-packages:/home/robotics/ros2_cobot/install/ultraarm/lib/python3.10/site-packages:/home/robotics/ros2_cobot/install/traj_scripts/local/lib/python3.10/dist-packages:/home/robotics/ros2_cobot/install/mypalletizer_communication/lib/python3.10/site-packages:/home/robotics/ros2_cobot/install/mypalletizer_interfaces/local/lib/python3.10/dist-packages:/home/robotics/ros2_cobot/install/mypalletizer_260_pi/lib/python3.10/site-packages:/home/robotics/ros2_cobot/install/mypalletizer_260/lib/python3.10/site-packages:/home/robotics/ros2_cobot/install/myarm_m750/lib/python3.10/site-packages:/home/robotics/ros2_cobot/install/myarm_c650/lib/python3.10/site-packages:/home/robotics/ros2_cobot/install/mycobot_communication/lib/python3.10/site-packages:/home/robotics/ros2_cobot/install/mecharm_communication/lib/python3.10/site-packages:/home/robotics/ros2_cobot/install/mycobot_interfaces/local/lib/python3.10/dist-packages:/home/robotics/ros2_cobot/install/mycobot_630/lib/python3.10/site-packages:/home/robotics/ros2_cobot/install/mycobot_600/lib/python3.10/site-packages:/home/robotics/ros2_cobot/install/mycobot_320pi/lib/python3.10/site-packages:/home/robotics/ros2_cobot/install/mycobot_320_riscv/lib/python3.10/site-packages:/home/robotics/ros2_cobot/install/mycobot_320/lib/python3.10/site-packages:/home/robotics/ros2_cobot/install/mycobot_280pi/lib/python3.10/site-packages:/home/robotics/ros2_cobot/install/mycobot_280jn/lib/python3.10/site-packages:/home/robotics/ros2_cobot/install/mycobot_280_x3pi/lib/python3.10/site-packages:/home/robotics/ros2_cobot/install/mycobot_280_riscv/lib/python3.10/site-packages:/home/robotics/ros2_cobot/install/mycobot_280_rdkx5/lib/python3.10/site-packages:/home/robotics/ros2_cobot/install/mycobot_280_moveit2_control/lib/python3.10/site-packages:/home/robotics/ros2_cobot/install/mycobot_280_arduino/lib/python3.10/site-packages:/home/robotics/ros2_cobot/install/mycobot_280/lib/python3.10/site-packages:/home/robotics/ros2_cobot/install/mybuddy/lib/python3.10/site-packages:/home/robotics/ros2_cobot/install/myarm_300/lib/python3.10/site-packages:/home/robotics/ros2_cobot/install/mecharm_pi/lib/python3.10/site-packages:/home/robotics/ros2_cobot/install/mecharm/lib/python3.10/site-packages:/home/robotics/ros2_cobot/install/mecharm_interfaces/local/lib/python3.10/dist-packages:/opt/ros/humble/lib/python3.10/site-packages:/opt/ros/humble/local/lib/python3.10/dist-packages /usr/bin/cmake --install /home/robotics/ros2_cobot/build/mycobot_280arduino_moveit2
[5.716s] Level 1:colcon.colcon_core.environment:checking '/home/robotics/ros2_cobot/install/mycobot_280arduino_moveit2' for CMake module files
[5.716s] Level 1:colcon.colcon_core.environment:checking '/home/robotics/ros2_cobot/install/mycobot_280arduino_moveit2' for CMake config files
[5.717s] Level 1:colcon.colcon_core.shell:create_environment_hook('mycobot_280arduino_moveit2', 'cmake_prefix_path')
[5.717s] INFO:colcon.colcon_core.shell:Creating environment hook '/home/robotics/ros2_cobot/install/mycobot_280arduino_moveit2/share/mycobot_280arduino_moveit2/hook/cmake_prefix_path.ps1'
[5.717s] INFO:colcon.colcon_core.shell:Creating environment descriptor '/home/robotics/ros2_cobot/install/mycobot_280arduino_moveit2/share/mycobot_280arduino_moveit2/hook/cmake_prefix_path.dsv'
[5.718s] INFO:colcon.colcon_core.shell:Creating environment hook '/home/robotics/ros2_cobot/install/mycobot_280arduino_moveit2/share/mycobot_280arduino_moveit2/hook/cmake_prefix_path.sh'
[5.718s] Level 1:colcon.colcon_core.environment:checking '/home/robotics/ros2_cobot/install/mycobot_280arduino_moveit2/bin'
[5.718s] Level 1:colcon.colcon_core.environment:checking '/home/robotics/ros2_cobot/install/mycobot_280arduino_moveit2/lib/pkgconfig/mycobot_280arduino_moveit2.pc'
[5.719s] Level 1:colcon.colcon_core.environment:checking '/home/robotics/ros2_cobot/install/mycobot_280arduino_moveit2/lib/python3.10/site-packages'
[5.719s] Level 1:colcon.colcon_core.environment:checking '/home/robotics/ros2_cobot/install/mycobot_280arduino_moveit2/bin'
[5.720s] INFO:colcon.colcon_core.shell:Creating package script '/home/robotics/ros2_cobot/install/mycobot_280arduino_moveit2/share/mycobot_280arduino_moveit2/package.ps1'
[5.720s] INFO:colcon.colcon_core.shell:Creating package descriptor '/home/robotics/ros2_cobot/install/mycobot_280arduino_moveit2/share/mycobot_280arduino_moveit2/package.dsv'
[5.721s] INFO:colcon.colcon_core.shell:Creating package script '/home/robotics/ros2_cobot/install/mycobot_280arduino_moveit2/share/mycobot_280arduino_moveit2/package.sh'
[5.721s] INFO:colcon.colcon_core.shell:Creating package script '/home/robotics/ros2_cobot/install/mycobot_280arduino_moveit2/share/mycobot_280arduino_moveit2/package.bash'
[5.721s] INFO:colcon.colcon_core.shell:Creating package script '/home/robotics/ros2_cobot/install/mycobot_280arduino_moveit2/share/mycobot_280arduino_moveit2/package.zsh'
[5.722s] Level 1:colcon.colcon_core.environment:create_file_with_runtime_dependencies(/home/robotics/ros2_cobot/install/mycobot_280arduino_moveit2/share/colcon-core/packages/mycobot_280arduino_moveit2)
[5.723s] Level 1:colcon.colcon_core.environment:create_environment_scripts_only(mycobot_280arduino_moveit2)
[5.724s] Level 1:colcon.colcon_core.environment:checking '/home/robotics/ros2_cobot/install/mycobot_280arduino_moveit2' for CMake module files
[5.725s] Level 1:colcon.colcon_core.environment:checking '/home/robotics/ros2_cobot/install/mycobot_280arduino_moveit2' for CMake config files
[5.725s] Level 1:colcon.colcon_core.shell:create_environment_hook('mycobot_280arduino_moveit2', 'cmake_prefix_path')
[5.725s] INFO:colcon.colcon_core.shell:Creating environment hook '/home/robotics/ros2_cobot/install/mycobot_280arduino_moveit2/share/mycobot_280arduino_moveit2/hook/cmake_prefix_path.ps1'
[5.726s] INFO:colcon.colcon_core.shell:Creating environment descriptor '/home/robotics/ros2_cobot/install/mycobot_280arduino_moveit2/share/mycobot_280arduino_moveit2/hook/cmake_prefix_path.dsv'
[5.727s] INFO:colcon.colcon_core.shell:Creating environment hook '/home/robotics/ros2_cobot/install/mycobot_280arduino_moveit2/share/mycobot_280arduino_moveit2/hook/cmake_prefix_path.sh'
[5.727s] Level 1:colcon.colcon_core.environment:checking '/home/robotics/ros2_cobot/install/mycobot_280arduino_moveit2/bin'
[5.727s] Level 1:colcon.colcon_core.environment:checking '/home/robotics/ros2_cobot/install/mycobot_280arduino_moveit2/lib/pkgconfig/mycobot_280arduino_moveit2.pc'
[5.728s] Level 1:colcon.colcon_core.environment:checking '/home/robotics/ros2_cobot/install/mycobot_280arduino_moveit2/lib/python3.10/site-packages'
[5.728s] Level 1:colcon.colcon_core.environment:checking '/home/robotics/ros2_cobot/install/mycobot_280arduino_moveit2/bin'
[5.729s] INFO:colcon.colcon_core.shell:Creating package script '/home/robotics/ros2_cobot/install/mycobot_280arduino_moveit2/share/mycobot_280arduino_moveit2/package.ps1'
[5.729s] INFO:colcon.colcon_core.shell:Creating package descriptor '/home/robotics/ros2_cobot/install/mycobot_280arduino_moveit2/share/mycobot_280arduino_moveit2/package.dsv'
[5.730s] INFO:colcon.colcon_core.shell:Creating package script '/home/robotics/ros2_cobot/install/mycobot_280arduino_moveit2/share/mycobot_280arduino_moveit2/package.sh'
[5.731s] INFO:colcon.colcon_core.shell:Creating package script '/home/robotics/ros2_cobot/install/mycobot_280arduino_moveit2/share/mycobot_280arduino_moveit2/package.bash'
[5.731s] INFO:colcon.colcon_core.shell:Creating package script '/home/robotics/ros2_cobot/install/mycobot_280arduino_moveit2/share/mycobot_280arduino_moveit2/package.zsh'
[5.732s] Level 1:colcon.colcon_core.environment:create_file_with_runtime_dependencies(/home/robotics/ros2_cobot/install/mycobot_280arduino_moveit2/share/colcon-core/packages/mycobot_280arduino_moveit2)
[5.733s] INFO:colcon.colcon_ros.task.ament_cmake.build:Building ROS package in '/home/robotics/ros2_cobot/src/mycobot_ros2/mycobot_280/mycobot_280rdkx5_moveit2' with build type 'ament_cmake'
[5.733s] INFO:colcon.colcon_cmake.task.cmake.build:Building CMake package in '/home/robotics/ros2_cobot/src/mycobot_ros2/mycobot_280/mycobot_280rdkx5_moveit2'
[5.734s] INFO:colcon.colcon_core.shell:Skip shell extension 'powershell' for command environment: Not usable outside of PowerShell
[5.734s] DEBUG:colcon.colcon_core.shell:Skip shell extension 'dsv' for command environment
[6.215s] INFO:colcon.colcon_core.task.python.build:Building Python package in '/home/robotics/ros2_cobot/src/mycobot_ros2/mycobot_280/mycobot_280pi'
[6.216s] INFO:colcon.colcon_core.shell:Skip shell extension 'powershell' for command environment: Not usable outside of PowerShell
[6.217s] DEBUG:colcon.colcon_core.shell:Skip shell extension 'dsv' for command environment
[6.226s] Level 1:colcon.colcon_core.environment:checking '/home/robotics/ros2_cobot/install/mecharm_communication' for CMake module files
[6.227s] DEBUG:colcon.colcon_core.event_handler.log_command:Invoked command in '/home/robotics/ros2_cobot/src/mycobot_ros2/mecharm/mecharm_communication' returned '0': CMAKE_PREFIX_PATH=/home/robotics/ros2_cobot/install/mycobot_interfaces:/home/robotics/ros2_cobot/install/traj_scripts:/home/robotics/ros2_cobot/install/mypalletizer_interfaces:/home/robotics/ros2_cobot/install/mycobot_280rdkx5_moveit2:/home/robotics/ros2_cobot/install/mycobot_280arduino_moveit2:/home/robotics/ros2_cobot/install/mycobot_280_moveit2:/home/robotics/ros2_cobot/install/mecharm_interfaces LD_LIBRARY_PATH=/home/robotics/ros2_cobot/install/mycobot_interfaces/lib:/home/robotics/ros2_cobot/install/mypalletizer_interfaces/lib:/home/robotics/ros2_cobot/install/mecharm_interfaces/lib:/opt/ros/humble/opt/rviz_ogre_vendor/lib:/opt/ros/humble/lib/x86_64-linux-gnu:/opt/ros/humble/lib PYTHONPATH=/home/robotics/ros2_cobot/build/mecharm_communication/prefix_override:/usr/lib/python3/dist-packages/colcon_core/task/python/colcon_distutils_commands:/home/robotics/ros2_cobot/install/mecharm_communication/lib/python3.10/site-packages:${PYTHONPATH} /usr/bin/python3 -W ignore:setup.py install is deprecated -W ignore:easy_install command is deprecated setup.py egg_info --egg-base ../../../../build/mecharm_communication build --build-base /home/robotics/ros2_cobot/build/mecharm_communication/build install --record /home/robotics/ros2_cobot/build/mecharm_communication/install.log --single-version-externally-managed install_data
[6.227s] Level 1:colcon.colcon_core.environment:checking '/home/robotics/ros2_cobot/install/mecharm_communication' for CMake config files
[6.228s] Level 1:colcon.colcon_core.environment:checking '/home/robotics/ros2_cobot/install/mecharm_communication/lib'
[6.228s] Level 1:colcon.colcon_core.environment:checking '/home/robotics/ros2_cobot/install/mecharm_communication/bin'
[6.229s] Level 1:colcon.colcon_core.environment:checking '/home/robotics/ros2_cobot/install/mecharm_communication/lib/pkgconfig/mecharm_communication.pc'
[6.229s] Level 1:colcon.colcon_core.environment:checking '/home/robotics/ros2_cobot/install/mecharm_communication/lib/python3.10/site-packages'
[6.229s] Level 1:colcon.colcon_core.shell:create_environment_hook('mecharm_communication', 'pythonpath')
[6.229s] INFO:colcon.colcon_core.shell:Creating environment hook '/home/robotics/ros2_cobot/install/mecharm_communication/share/mecharm_communication/hook/pythonpath.ps1'
[6.230s] INFO:colcon.colcon_core.shell:Creating environment descriptor '/home/robotics/ros2_cobot/install/mecharm_communication/share/mecharm_communication/hook/pythonpath.dsv'
[6.231s] INFO:colcon.colcon_core.shell:Creating environment hook '/home/robotics/ros2_cobot/install/mecharm_communication/share/mecharm_communication/hook/pythonpath.sh'
[6.233s] Level 1:colcon.colcon_core.environment:checking '/home/robotics/ros2_cobot/install/mecharm_communication/bin'
[6.233s] Level 1:colcon.colcon_core.environment:create_environment_scripts_only(mecharm_communication)
[6.233s] INFO:colcon.colcon_core.shell:Creating package script '/home/robotics/ros2_cobot/install/mecharm_communication/share/mecharm_communication/package.ps1'
[6.234s] INFO:colcon.colcon_core.shell:Creating package descriptor '/home/robotics/ros2_cobot/install/mecharm_communication/share/mecharm_communication/package.dsv'
[6.235s] INFO:colcon.colcon_core.shell:Creating package script '/home/robotics/ros2_cobot/install/mecharm_communication/share/mecharm_communication/package.sh'
[6.235s] INFO:colcon.colcon_core.shell:Creating package script '/home/robotics/ros2_cobot/install/mecharm_communication/share/mecharm_communication/package.bash'
[6.236s] INFO:colcon.colcon_core.shell:Creating package script '/home/robotics/ros2_cobot/install/mecharm_communication/share/mecharm_communication/package.zsh'
[6.236s] Level 1:colcon.colcon_core.environment:create_file_with_runtime_dependencies(/home/robotics/ros2_cobot/install/mecharm_communication/share/colcon-core/packages/mecharm_communication)
[6.241s] DEBUG:colcon.colcon_core.event_handler.log_command:Invoking command in '/home/robotics/ros2_cobot/build/mycobot_280rdkx5_moveit2': AMENT_PREFIX_PATH=/home/robotics/ros2_cobot/install/mycobot_description:/home/robotics/ros2_cobot/install/ultraarm:/home/robotics/ros2_cobot/install/traj_scripts:/home/robotics/ros2_cobot/install/mypalletizer_communication:/home/robotics/ros2_cobot/install/mypalletizer_interfaces:/home/robotics/ros2_cobot/install/mypalletizer_260_pi:/home/robotics/ros2_cobot/install/mypalletizer_260:/home/robotics/ros2_cobot/install/myarm_m750:/home/robotics/ros2_cobot/install/myarm_c650:/home/robotics/ros2_cobot/install/mycobot_communication:/home/robotics/ros2_cobot/install/mecharm_communication:/home/robotics/ros2_cobot/install/mycobot_interfaces:/home/robotics/ros2_cobot/install/mycobot_630:/home/robotics/ros2_cobot/install/mycobot_600:/home/robotics/ros2_cobot/install/mycobot_320pi:/home/robotics/ros2_cobot/install/mycobot_320_riscv:/home/robotics/ros2_cobot/install/mycobot_320:/home/robotics/ros2_cobot/install/mycobot_280rdkx5_moveit2:/home/robotics/ros2_cobot/install/mycobot_280pi:/home/robotics/ros2_cobot/install/mycobot_280jn:/home/robotics/ros2_cobot/install/mycobot_280arduino_moveit2:/home/robotics/ros2_cobot/install/mycobot_280_x3pi:/home/robotics/ros2_cobot/install/mycobot_280_riscv:/home/robotics/ros2_cobot/install/mycobot_280_rdkx5:/home/robotics/ros2_cobot/install/mycobot_280_moveit2_control:/home/robotics/ros2_cobot/install/mycobot_280_moveit2:/home/robotics/ros2_cobot/install/mycobot_280_arduino:/home/robotics/ros2_cobot/install/mycobot_280:/home/robotics/ros2_cobot/install/mybuddy:/home/robotics/ros2_cobot/install/myarm_300:/home/robotics/ros2_cobot/install/mecharm_pi:/home/robotics/ros2_cobot/install/mecharm:/home/robotics/ros2_cobot/install/mecharm_interfaces:/opt/ros/humble CMAKE_PREFIX_PATH=${CMAKE_PREFIX_PATH}:/home/robotics/ros2_cobot/install/ultraarm:/home/robotics/ros2_cobot/install/mypalletizer_communication:/home/robotics/ros2_cobot/install/mypalletizer_260_pi:/home/robotics/ros2_cobot/install/mypalletizer_260:/home/robotics/ros2_cobot/install/myarm_m750:/home/robotics/ros2_cobot/install/myarm_c650:/home/robotics/ros2_cobot/install/mycobot_communication:/home/robotics/ros2_cobot/install/mecharm_communication:/home/robotics/ros2_cobot/install/mycobot_630:/home/robotics/ros2_cobot/install/mycobot_600:/home/robotics/ros2_cobot/install/mycobot_320pi:/home/robotics/ros2_cobot/install/mycobot_320_riscv:/home/robotics/ros2_cobot/install/mycobot_320:/home/robotics/ros2_cobot/install/mycobot_280pi:/home/robotics/ros2_cobot/install/mycobot_280jn:/home/robotics/ros2_cobot/install/mycobot_280_x3pi:/home/robotics/ros2_cobot/install/mycobot_280_riscv:/home/robotics/ros2_cobot/install/mycobot_280_rdkx5:/home/robotics/ros2_cobot/install/mycobot_280_moveit2_control:/home/robotics/ros2_cobot/install/mycobot_280_arduino:/home/robotics/ros2_cobot/install/mycobot_280:/home/robotics/ros2_cobot/install/mybuddy:/home/robotics/ros2_cobot/install/myarm_300:/home/robotics/ros2_cobot/install/mecharm_pi:/home/robotics/ros2_cobot/install/mecharm:/home/robotics/ros2_cobot/install/mycobot_description:/opt/ros/humble PYTHONPATH=/home/robotics/ros2_cobot/install/mycobot_description/lib/python3.10/site-packages:/home/robotics/ros2_cobot/install/ultraarm/lib/python3.10/site-packages:/home/robotics/ros2_cobot/install/traj_scripts/local/lib/python3.10/dist-packages:/home/robotics/ros2_cobot/install/mypalletizer_communication/lib/python3.10/site-packages:/home/robotics/ros2_cobot/install/mypalletizer_interfaces/local/lib/python3.10/dist-packages:/home/robotics/ros2_cobot/install/mypalletizer_260_pi/lib/python3.10/site-packages:/home/robotics/ros2_cobot/install/mypalletizer_260/lib/python3.10/site-packages:/home/robotics/ros2_cobot/install/myarm_m750/lib/python3.10/site-packages:/home/robotics/ros2_cobot/install/myarm_c650/lib/python3.10/site-packages:/home/robotics/ros2_cobot/install/mycobot_communication/lib/python3.10/site-packages:/home/robotics/ros2_cobot/install/mecharm_communication/lib/python3.10/site-packages:/home/robotics/ros2_cobot/install/mycobot_interfaces/local/lib/python3.10/dist-packages:/home/robotics/ros2_cobot/install/mycobot_630/lib/python3.10/site-packages:/home/robotics/ros2_cobot/install/mycobot_600/lib/python3.10/site-packages:/home/robotics/ros2_cobot/install/mycobot_320pi/lib/python3.10/site-packages:/home/robotics/ros2_cobot/install/mycobot_320_riscv/lib/python3.10/site-packages:/home/robotics/ros2_cobot/install/mycobot_320/lib/python3.10/site-packages:/home/robotics/ros2_cobot/install/mycobot_280pi/lib/python3.10/site-packages:/home/robotics/ros2_cobot/install/mycobot_280jn/lib/python3.10/site-packages:/home/robotics/ros2_cobot/install/mycobot_280_x3pi/lib/python3.10/site-packages:/home/robotics/ros2_cobot/install/mycobot_280_riscv/lib/python3.10/site-packages:/home/robotics/ros2_cobot/install/mycobot_280_rdkx5/lib/python3.10/site-packages:/home/robotics/ros2_cobot/install/mycobot_280_moveit2_control/lib/python3.10/site-packages:/home/robotics/ros2_cobot/install/mycobot_280_arduino/lib/python3.10/site-packages:/home/robotics/ros2_cobot/install/mycobot_280/lib/python3.10/site-packages:/home/robotics/ros2_cobot/install/mybuddy/lib/python3.10/site-packages:/home/robotics/ros2_cobot/install/myarm_300/lib/python3.10/site-packages:/home/robotics/ros2_cobot/install/mecharm_pi/lib/python3.10/site-packages:/home/robotics/ros2_cobot/install/mecharm/lib/python3.10/site-packages:/home/robotics/ros2_cobot/install/mecharm_interfaces/local/lib/python3.10/dist-packages:/opt/ros/humble/lib/python3.10/site-packages:/opt/ros/humble/local/lib/python3.10/dist-packages /usr/bin/cmake --build /home/robotics/ros2_cobot/build/mycobot_280rdkx5_moveit2 -- -j16 -l16
[6.242s] INFO:colcon.colcon_ros.task.ament_python.build:Building ROS package in '/home/robotics/ros2_cobot/src/mycobot_ros2/mycobot_320/mycobot_320' with build type 'ament_python'
[6.242s] Level 1:colcon.colcon_core.shell:create_environment_hook('mycobot_320', 'ament_prefix_path')
[6.243s] INFO:colcon.colcon_core.shell:Creating environment hook '/home/robotics/ros2_cobot/install/mycobot_320/share/mycobot_320/hook/ament_prefix_path.ps1'
[6.243s] INFO:colcon.colcon_core.shell:Creating environment descriptor '/home/robotics/ros2_cobot/install/mycobot_320/share/mycobot_320/hook/ament_prefix_path.dsv'
[6.244s] INFO:colcon.colcon_core.shell:Creating environment hook '/home/robotics/ros2_cobot/install/mycobot_320/share/mycobot_320/hook/ament_prefix_path.sh'
[6.245s] INFO:colcon.colcon_core.shell:Skip shell extension 'powershell' for command environment: Not usable outside of PowerShell
[6.245s] DEBUG:colcon.colcon_core.shell:Skip shell extension 'dsv' for command environment
[6.254s] Level 1:colcon.colcon_core.environment:checking '/home/robotics/ros2_cobot/install/mypalletizer_communication' for CMake module files
[6.255s] DEBUG:colcon.colcon_core.event_handler.log_command:Invoked command in '/home/robotics/ros2_cobot/src/mycobot_ros2/mypalletizer_260/mypalletizer_communication' returned '0': CMAKE_PREFIX_PATH=/home/robotics/ros2_cobot/install/mypalletizer_interfaces:/home/robotics/ros2_cobot/install/traj_scripts:/home/robotics/ros2_cobot/install/mycobot_interfaces:/home/robotics/ros2_cobot/install/mycobot_280rdkx5_moveit2:/home/robotics/ros2_cobot/install/mycobot_280arduino_moveit2:/home/robotics/ros2_cobot/install/mycobot_280_moveit2:/home/robotics/ros2_cobot/install/mecharm_interfaces PYTHONPATH=/home/robotics/ros2_cobot/build/mypalletizer_communication/prefix_override:/usr/lib/python3/dist-packages/colcon_core/task/python/colcon_distutils_commands:/home/robotics/ros2_cobot/install/mypalletizer_communication/lib/python3.10/site-packages:${PYTHONPATH} /usr/bin/python3 -W ignore:setup.py install is deprecated -W ignore:easy_install command is deprecated setup.py egg_info --egg-base ../../../../build/mypalletizer_communication build --build-base /home/robotics/ros2_cobot/build/mypalletizer_communication/build install --record /home/robotics/ros2_cobot/build/mypalletizer_communication/install.log --single-version-externally-managed install_data
[6.255s] Level 1:colcon.colcon_core.environment:checking '/home/robotics/ros2_cobot/install/mypalletizer_communication' for CMake config files
[6.256s] Level 1:colcon.colcon_core.environment:checking '/home/robotics/ros2_cobot/install/mypalletizer_communication/lib'
[6.256s] Level 1:colcon.colcon_core.environment:checking '/home/robotics/ros2_cobot/install/mypalletizer_communication/bin'
[6.256s] Level 1:colcon.colcon_core.environment:checking '/home/robotics/ros2_cobot/install/mypalletizer_communication/lib/pkgconfig/mypalletizer_communication.pc'
[6.257s] Level 1:colcon.colcon_core.environment:checking '/home/robotics/ros2_cobot/install/mypalletizer_communication/lib/python3.10/site-packages'
[6.257s] Level 1:colcon.colcon_core.shell:create_environment_hook('mypalletizer_communication', 'pythonpath')
[6.257s] INFO:colcon.colcon_core.shell:Creating environment hook '/home/robotics/ros2_cobot/install/mypalletizer_communication/share/mypalletizer_communication/hook/pythonpath.ps1'
[6.258s] INFO:colcon.colcon_core.shell:Creating environment descriptor '/home/robotics/ros2_cobot/install/mypalletizer_communication/share/mypalletizer_communication/hook/pythonpath.dsv'
[6.258s] INFO:colcon.colcon_core.shell:Creating environment hook '/home/robotics/ros2_cobot/install/mypalletizer_communication/share/mypalletizer_communication/hook/pythonpath.sh'
[6.259s] Level 1:colcon.colcon_core.environment:checking '/home/robotics/ros2_cobot/install/mypalletizer_communication/bin'
[6.260s] Level 1:colcon.colcon_core.environment:create_environment_scripts_only(mypalletizer_communication)
[6.260s] INFO:colcon.colcon_core.shell:Creating package script '/home/robotics/ros2_cobot/install/mypalletizer_communication/share/mypalletizer_communication/package.ps1'
[6.261s] INFO:colcon.colcon_core.shell:Creating package descriptor '/home/robotics/ros2_cobot/install/mypalletizer_communication/share/mypalletizer_communication/package.dsv'
[6.262s] INFO:colcon.colcon_core.shell:Creating package script '/home/robotics/ros2_cobot/install/mypalletizer_communication/share/mypalletizer_communication/package.sh'
[6.263s] INFO:colcon.colcon_core.shell:Creating package script '/home/robotics/ros2_cobot/install/mypalletizer_communication/share/mypalletizer_communication/package.bash'
[6.263s] INFO:colcon.colcon_core.shell:Creating package script '/home/robotics/ros2_cobot/install/mypalletizer_communication/share/mypalletizer_communication/package.zsh'
[6.264s] Level 1:colcon.colcon_core.environment:create_file_with_runtime_dependencies(/home/robotics/ros2_cobot/install/mypalletizer_communication/share/colcon-core/packages/mypalletizer_communication)
[6.265s] Level 1:colcon.colcon_core.environment:checking '/home/robotics/ros2_cobot/install/mycobot_communication' for CMake module files
[6.266s] Level 1:colcon.colcon_core.environment:checking '/home/robotics/ros2_cobot/install/mycobot_communication' for CMake config files
[6.268s] Level 1:colcon.colcon_core.environment:checking '/home/robotics/ros2_cobot/install/mycobot_communication/lib'
[6.268s] Level 1:colcon.colcon_core.environment:checking '/home/robotics/ros2_cobot/install/mycobot_communication/bin'
[6.268s] Level 1:colcon.colcon_core.environment:checking '/home/robotics/ros2_cobot/install/mycobot_communication/lib/pkgconfig/mycobot_communication.pc'
[6.268s] Level 1:colcon.colcon_core.environment:checking '/home/robotics/ros2_cobot/install/mycobot_communication/lib/python3.10/site-packages'
[6.268s] Level 1:colcon.colcon_core.shell:create_environment_hook('mycobot_communication', 'pythonpath')
[6.269s] INFO:colcon.colcon_core.shell:Creating environment hook '/home/robotics/ros2_cobot/install/mycobot_communication/share/mycobot_communication/hook/pythonpath.ps1'
[6.270s] INFO:colcon.colcon_core.shell:Creating environment descriptor '/home/robotics/ros2_cobot/install/mycobot_communication/share/mycobot_communication/hook/pythonpath.dsv'
[6.271s] DEBUG:colcon.colcon_core.event_handler.log_command:Invoked command in '/home/robotics/ros2_cobot/src/mycobot_ros2/mycobot_communication' returned '0': CMAKE_PREFIX_PATH=/home/robotics/ros2_cobot/install/mycobot_interfaces:/home/robotics/ros2_cobot/install/traj_scripts:/home/robotics/ros2_cobot/install/mypalletizer_interfaces:/home/robotics/ros2_cobot/install/mycobot_280rdkx5_moveit2:/home/robotics/ros2_cobot/install/mycobot_280arduino_moveit2:/home/robotics/ros2_cobot/install/mycobot_280_moveit2:/home/robotics/ros2_cobot/install/mecharm_interfaces LD_LIBRARY_PATH=/home/robotics/ros2_cobot/install/mycobot_interfaces/lib:/home/robotics/ros2_cobot/install/mypalletizer_interfaces/lib:/home/robotics/ros2_cobot/install/mecharm_interfaces/lib:/opt/ros/humble/opt/rviz_ogre_vendor/lib:/opt/ros/humble/lib/x86_64-linux-gnu:/opt/ros/humble/lib PYTHONPATH=/home/robotics/ros2_cobot/build/mycobot_communication/prefix_override:/usr/lib/python3/dist-packages/colcon_core/task/python/colcon_distutils_commands:/home/robotics/ros2_cobot/install/mycobot_communication/lib/python3.10/site-packages:${PYTHONPATH} /usr/bin/python3 -W ignore:setup.py install is deprecated -W ignore:easy_install command is deprecated setup.py egg_info --egg-base ../../../build/mycobot_communication build --build-base /home/robotics/ros2_cobot/build/mycobot_communication/build install --record /home/robotics/ros2_cobot/build/mycobot_communication/install.log --single-version-externally-managed install_data
[6.272s] INFO:colcon.colcon_core.shell:Creating environment hook '/home/robotics/ros2_cobot/install/mycobot_communication/share/mycobot_communication/hook/pythonpath.sh'
[6.274s] Level 1:colcon.colcon_core.environment:checking '/home/robotics/ros2_cobot/install/mycobot_communication/bin'
[6.274s] Level 1:colcon.colcon_core.environment:create_environment_scripts_only(mycobot_communication)
[6.274s] INFO:colcon.colcon_core.shell:Creating package script '/home/robotics/ros2_cobot/install/mycobot_communication/share/mycobot_communication/package.ps1'
[6.275s] INFO:colcon.colcon_core.shell:Creating package descriptor '/home/robotics/ros2_cobot/install/mycobot_communication/share/mycobot_communication/package.dsv'
[6.276s] INFO:colcon.colcon_core.shell:Creating package script '/home/robotics/ros2_cobot/install/mycobot_communication/share/mycobot_communication/package.sh'
[6.277s] INFO:colcon.colcon_core.shell:Creating package script '/home/robotics/ros2_cobot/install/mycobot_communication/share/mycobot_communication/package.bash'
[6.277s] INFO:colcon.colcon_core.shell:Creating package script '/home/robotics/ros2_cobot/install/mycobot_communication/share/mycobot_communication/package.zsh'
[6.278s] Level 1:colcon.colcon_core.environment:create_file_with_runtime_dependencies(/home/robotics/ros2_cobot/install/mycobot_communication/share/colcon-core/packages/mycobot_communication)
[6.280s] INFO:colcon.colcon_ros.task.ament_python.build:Building ROS package in '/home/robotics/ros2_cobot/src/mycobot_ros2/mycobot_320/mycobot_320_riscv' with build type 'ament_python'
[6.282s] Level 1:colcon.colcon_core.shell:create_environment_hook('mycobot_320_riscv', 'ament_prefix_path')
[6.283s] INFO:colcon.colcon_core.shell:Creating environment hook '/home/robotics/ros2_cobot/install/mycobot_320_riscv/share/mycobot_320_riscv/hook/ament_prefix_path.ps1'
[6.284s] INFO:colcon.colcon_core.shell:Creating environment descriptor '/home/robotics/ros2_cobot/install/mycobot_320_riscv/share/mycobot_320_riscv/hook/ament_prefix_path.dsv'
[6.284s] INFO:colcon.colcon_core.shell:Creating environment hook '/home/robotics/ros2_cobot/install/mycobot_320_riscv/share/mycobot_320_riscv/hook/ament_prefix_path.sh'
[6.286s] INFO:colcon.colcon_core.shell:Skip shell extension 'powershell' for command environment: Not usable outside of PowerShell
[6.286s] DEBUG:colcon.colcon_core.shell:Skip shell extension 'dsv' for command environment
[6.293s] INFO:colcon.colcon_ros.task.ament_python.build:Building ROS package in '/home/robotics/ros2_cobot/src/mycobot_ros2/mycobot_320/mycobot_320pi' with build type 'ament_python'
[6.293s] Level 1:colcon.colcon_core.shell:create_environment_hook('mycobot_320pi', 'ament_prefix_path')
[6.293s] INFO:colcon.colcon_core.shell:Creating environment hook '/home/robotics/ros2_cobot/install/mycobot_320pi/share/mycobot_320pi/hook/ament_prefix_path.ps1'
[6.294s] INFO:colcon.colcon_core.shell:Creating environment descriptor '/home/robotics/ros2_cobot/install/mycobot_320pi/share/mycobot_320pi/hook/ament_prefix_path.dsv'
[6.295s] INFO:colcon.colcon_core.shell:Creating environment hook '/home/robotics/ros2_cobot/install/mycobot_320pi/share/mycobot_320pi/hook/ament_prefix_path.sh'
[6.296s] INFO:colcon.colcon_core.shell:Skip shell extension 'powershell' for command environment: Not usable outside of PowerShell
[6.296s] DEBUG:colcon.colcon_core.shell:Skip shell extension 'dsv' for command environment
[6.307s] DEBUG:colcon.colcon_core.event_handler.log_command:Invoking command in '/home/robotics/ros2_cobot/src/mycobot_ros2/myArm/myarm_300': AMENT_PREFIX_PATH=/home/robotics/ros2_cobot/install/mycobot_description:/home/robotics/ros2_cobot/install/ultraarm:/home/robotics/ros2_cobot/install/traj_scripts:/home/robotics/ros2_cobot/install/mypalletizer_communication:/home/robotics/ros2_cobot/install/mypalletizer_interfaces:/home/robotics/ros2_cobot/install/mypalletizer_260_pi:/home/robotics/ros2_cobot/install/mypalletizer_260:/home/robotics/ros2_cobot/install/myarm_m750:/home/robotics/ros2_cobot/install/myarm_c650:/home/robotics/ros2_cobot/install/mycobot_communication:/home/robotics/ros2_cobot/install/mecharm_communication:/home/robotics/ros2_cobot/install/mycobot_interfaces:/home/robotics/ros2_cobot/install/mycobot_630:/home/robotics/ros2_cobot/install/mycobot_600:/home/robotics/ros2_cobot/install/mycobot_320pi:/home/robotics/ros2_cobot/install/mycobot_320_riscv:/home/robotics/ros2_cobot/install/mycobot_320:/home/robotics/ros2_cobot/install/mycobot_280rdkx5_moveit2:/home/robotics/ros2_cobot/install/mycobot_280pi:/home/robotics/ros2_cobot/install/mycobot_280jn:/home/robotics/ros2_cobot/install/mycobot_280arduino_moveit2:/home/robotics/ros2_cobot/install/mycobot_280_x3pi:/home/robotics/ros2_cobot/install/mycobot_280_riscv:/home/robotics/ros2_cobot/install/mycobot_280_rdkx5:/home/robotics/ros2_cobot/install/mycobot_280_moveit2_control:/home/robotics/ros2_cobot/install/mycobot_280_moveit2:/home/robotics/ros2_cobot/install/mycobot_280_arduino:/home/robotics/ros2_cobot/install/mycobot_280:/home/robotics/ros2_cobot/install/mybuddy:/home/robotics/ros2_cobot/install/myarm_300:/home/robotics/ros2_cobot/install/mecharm_pi:/home/robotics/ros2_cobot/install/mecharm:/home/robotics/ros2_cobot/install/mecharm_interfaces:/opt/ros/humble PYTHONPATH=/home/robotics/ros2_cobot/build/myarm_300/prefix_override:/usr/lib/python3/dist-packages/colcon_core/task/python/colcon_distutils_commands:/home/robotics/ros2_cobot/install/myarm_300/lib/python3.10/site-packages:/home/robotics/ros2_cobot/install/mycobot_description/lib/python3.10/site-packages:/home/robotics/ros2_cobot/install/ultraarm/lib/python3.10/site-packages:/home/robotics/ros2_cobot/install/traj_scripts/local/lib/python3.10/dist-packages:/home/robotics/ros2_cobot/install/mypalletizer_communication/lib/python3.10/site-packages:/home/robotics/ros2_cobot/install/mypalletizer_interfaces/local/lib/python3.10/dist-packages:/home/robotics/ros2_cobot/install/mypalletizer_260_pi/lib/python3.10/site-packages:/home/robotics/ros2_cobot/install/mypalletizer_260/lib/python3.10/site-packages:/home/robotics/ros2_cobot/install/myarm_m750/lib/python3.10/site-packages:/home/robotics/ros2_cobot/install/myarm_c650/lib/python3.10/site-packages:/home/robotics/ros2_cobot/install/mycobot_communication/lib/python3.10/site-packages:/home/robotics/ros2_cobot/install/mecharm_communication/lib/python3.10/site-packages:/home/robotics/ros2_cobot/install/mycobot_interfaces/local/lib/python3.10/dist-packages:/home/robotics/ros2_cobot/install/mycobot_630/lib/python3.10/site-packages:/home/robotics/ros2_cobot/install/mycobot_600/lib/python3.10/site-packages:/home/robotics/ros2_cobot/install/mycobot_320pi/lib/python3.10/site-packages:/home/robotics/ros2_cobot/install/mycobot_320_riscv/lib/python3.10/site-packages:/home/robotics/ros2_cobot/install/mycobot_320/lib/python3.10/site-packages:/home/robotics/ros2_cobot/install/mycobot_280pi/lib/python3.10/site-packages:/home/robotics/ros2_cobot/install/mycobot_280jn/lib/python3.10/site-packages:/home/robotics/ros2_cobot/install/mycobot_280_x3pi/lib/python3.10/site-packages:/home/robotics/ros2_cobot/install/mycobot_280_riscv/lib/python3.10/site-packages:/home/robotics/ros2_cobot/install/mycobot_280_rdkx5/lib/python3.10/site-packages:/home/robotics/ros2_cobot/install/mycobot_280_moveit2_control/lib/python3.10/site-packages:/home/robotics/ros2_cobot/install/mycobot_280_arduino/lib/python3.10/site-packages:/home/robotics/ros2_cobot/install/mycobot_280/lib/python3.10/site-packages:/home/robotics/ros2_cobot/install/mybuddy/lib/python3.10/site-packages:/home/robotics/ros2_cobot/install/myarm_300/lib/python3.10/site-packages:/home/robotics/ros2_cobot/install/mecharm_pi/lib/python3.10/site-packages:/home/robotics/ros2_cobot/install/mecharm/lib/python3.10/site-packages:/home/robotics/ros2_cobot/install/mecharm_interfaces/local/lib/python3.10/dist-packages:/opt/ros/humble/lib/python3.10/site-packages:/opt/ros/humble/local/lib/python3.10/dist-packages /usr/bin/python3 -W ignore:setup.py install is deprecated -W ignore:easy_install command is deprecated setup.py egg_info --egg-base ../../../../build/myarm_300 build --build-base /home/robotics/ros2_cobot/build/myarm_300/build install --record /home/robotics/ros2_cobot/build/myarm_300/install.log --single-version-externally-managed install_data
[6.313s] DEBUG:colcon.colcon_core.event_handler.log_command:Invoking command in '/home/robotics/ros2_cobot/src/mycobot_ros2/mycobot_280/mycobot_280jn': AMENT_PREFIX_PATH=/home/robotics/ros2_cobot/install/mycobot_description:/home/robotics/ros2_cobot/install/ultraarm:/home/robotics/ros2_cobot/install/traj_scripts:/home/robotics/ros2_cobot/install/mypalletizer_communication:/home/robotics/ros2_cobot/install/mypalletizer_interfaces:/home/robotics/ros2_cobot/install/mypalletizer_260_pi:/home/robotics/ros2_cobot/install/mypalletizer_260:/home/robotics/ros2_cobot/install/myarm_m750:/home/robotics/ros2_cobot/install/myarm_c650:/home/robotics/ros2_cobot/install/mycobot_communication:/home/robotics/ros2_cobot/install/mecharm_communication:/home/robotics/ros2_cobot/install/mycobot_interfaces:/home/robotics/ros2_cobot/install/mycobot_630:/home/robotics/ros2_cobot/install/mycobot_600:/home/robotics/ros2_cobot/install/mycobot_320pi:/home/robotics/ros2_cobot/install/mycobot_320_riscv:/home/robotics/ros2_cobot/install/mycobot_320:/home/robotics/ros2_cobot/install/mycobot_280rdkx5_moveit2:/home/robotics/ros2_cobot/install/mycobot_280pi:/home/robotics/ros2_cobot/install/mycobot_280jn:/home/robotics/ros2_cobot/install/mycobot_280arduino_moveit2:/home/robotics/ros2_cobot/install/mycobot_280_x3pi:/home/robotics/ros2_cobot/install/mycobot_280_riscv:/home/robotics/ros2_cobot/install/mycobot_280_rdkx5:/home/robotics/ros2_cobot/install/mycobot_280_moveit2_control:/home/robotics/ros2_cobot/install/mycobot_280_moveit2:/home/robotics/ros2_cobot/install/mycobot_280_arduino:/home/robotics/ros2_cobot/install/mycobot_280:/home/robotics/ros2_cobot/install/mybuddy:/home/robotics/ros2_cobot/install/myarm_300:/home/robotics/ros2_cobot/install/mecharm_pi:/home/robotics/ros2_cobot/install/mecharm:/home/robotics/ros2_cobot/install/mecharm_interfaces:/opt/ros/humble PYTHONPATH=/home/robotics/ros2_cobot/build/mycobot_280jn/prefix_override:/usr/lib/python3/dist-packages/colcon_core/task/python/colcon_distutils_commands:/home/robotics/ros2_cobot/install/mycobot_280jn/lib/python3.10/site-packages:/home/robotics/ros2_cobot/install/mycobot_description/lib/python3.10/site-packages:/home/robotics/ros2_cobot/install/ultraarm/lib/python3.10/site-packages:/home/robotics/ros2_cobot/install/traj_scripts/local/lib/python3.10/dist-packages:/home/robotics/ros2_cobot/install/mypalletizer_communication/lib/python3.10/site-packages:/home/robotics/ros2_cobot/install/mypalletizer_interfaces/local/lib/python3.10/dist-packages:/home/robotics/ros2_cobot/install/mypalletizer_260_pi/lib/python3.10/site-packages:/home/robotics/ros2_cobot/install/mypalletizer_260/lib/python3.10/site-packages:/home/robotics/ros2_cobot/install/myarm_m750/lib/python3.10/site-packages:/home/robotics/ros2_cobot/install/myarm_c650/lib/python3.10/site-packages:/home/robotics/ros2_cobot/install/mycobot_communication/lib/python3.10/site-packages:/home/robotics/ros2_cobot/install/mecharm_communication/lib/python3.10/site-packages:/home/robotics/ros2_cobot/install/mycobot_interfaces/local/lib/python3.10/dist-packages:/home/robotics/ros2_cobot/install/mycobot_630/lib/python3.10/site-packages:/home/robotics/ros2_cobot/install/mycobot_600/lib/python3.10/site-packages:/home/robotics/ros2_cobot/install/mycobot_320pi/lib/python3.10/site-packages:/home/robotics/ros2_cobot/install/mycobot_320_riscv/lib/python3.10/site-packages:/home/robotics/ros2_cobot/install/mycobot_320/lib/python3.10/site-packages:/home/robotics/ros2_cobot/install/mycobot_280pi/lib/python3.10/site-packages:/home/robotics/ros2_cobot/install/mycobot_280jn/lib/python3.10/site-packages:/home/robotics/ros2_cobot/install/mycobot_280_x3pi/lib/python3.10/site-packages:/home/robotics/ros2_cobot/install/mycobot_280_riscv/lib/python3.10/site-packages:/home/robotics/ros2_cobot/install/mycobot_280_rdkx5/lib/python3.10/site-packages:/home/robotics/ros2_cobot/install/mycobot_280_moveit2_control/lib/python3.10/site-packages:/home/robotics/ros2_cobot/install/mycobot_280_arduino/lib/python3.10/site-packages:/home/robotics/ros2_cobot/install/mycobot_280/lib/python3.10/site-packages:/home/robotics/ros2_cobot/install/mybuddy/lib/python3.10/site-packages:/home/robotics/ros2_cobot/install/myarm_300/lib/python3.10/site-packages:/home/robotics/ros2_cobot/install/mecharm_pi/lib/python3.10/site-packages:/home/robotics/ros2_cobot/install/mecharm/lib/python3.10/site-packages:/home/robotics/ros2_cobot/install/mecharm_interfaces/local/lib/python3.10/dist-packages:/opt/ros/humble/lib/python3.10/site-packages:/opt/ros/humble/local/lib/python3.10/dist-packages /usr/bin/python3 -W ignore:setup.py install is deprecated -W ignore:easy_install command is deprecated setup.py egg_info --egg-base ../../../../build/mycobot_280jn build --build-base /home/robotics/ros2_cobot/build/mycobot_280jn/build install --record /home/robotics/ros2_cobot/build/mycobot_280jn/install.log --single-version-externally-managed install_data
[6.317s] DEBUG:colcon.colcon_core.event_handler.log_command:Invoking command in '/home/robotics/ros2_cobot/src/mycobot_ros2/mycobot_280/mycobot_280_arduino': AMENT_PREFIX_PATH=/home/robotics/ros2_cobot/install/mycobot_description:/home/robotics/ros2_cobot/install/ultraarm:/home/robotics/ros2_cobot/install/traj_scripts:/home/robotics/ros2_cobot/install/mypalletizer_communication:/home/robotics/ros2_cobot/install/mypalletizer_interfaces:/home/robotics/ros2_cobot/install/mypalletizer_260_pi:/home/robotics/ros2_cobot/install/mypalletizer_260:/home/robotics/ros2_cobot/install/myarm_m750:/home/robotics/ros2_cobot/install/myarm_c650:/home/robotics/ros2_cobot/install/mycobot_communication:/home/robotics/ros2_cobot/install/mecharm_communication:/home/robotics/ros2_cobot/install/mycobot_interfaces:/home/robotics/ros2_cobot/install/mycobot_630:/home/robotics/ros2_cobot/install/mycobot_600:/home/robotics/ros2_cobot/install/mycobot_320pi:/home/robotics/ros2_cobot/install/mycobot_320_riscv:/home/robotics/ros2_cobot/install/mycobot_320:/home/robotics/ros2_cobot/install/mycobot_280rdkx5_moveit2:/home/robotics/ros2_cobot/install/mycobot_280pi:/home/robotics/ros2_cobot/install/mycobot_280jn:/home/robotics/ros2_cobot/install/mycobot_280arduino_moveit2:/home/robotics/ros2_cobot/install/mycobot_280_x3pi:/home/robotics/ros2_cobot/install/mycobot_280_riscv:/home/robotics/ros2_cobot/install/mycobot_280_rdkx5:/home/robotics/ros2_cobot/install/mycobot_280_moveit2_control:/home/robotics/ros2_cobot/install/mycobot_280_moveit2:/home/robotics/ros2_cobot/install/mycobot_280_arduino:/home/robotics/ros2_cobot/install/mycobot_280:/home/robotics/ros2_cobot/install/mybuddy:/home/robotics/ros2_cobot/install/myarm_300:/home/robotics/ros2_cobot/install/mecharm_pi:/home/robotics/ros2_cobot/install/mecharm:/home/robotics/ros2_cobot/install/mecharm_interfaces:/opt/ros/humble PYTHONPATH=/home/robotics/ros2_cobot/build/mycobot_280_arduino/prefix_override:/usr/lib/python3/dist-packages/colcon_core/task/python/colcon_distutils_commands:/home/robotics/ros2_cobot/install/mycobot_280_arduino/lib/python3.10/site-packages:/home/robotics/ros2_cobot/install/mycobot_description/lib/python3.10/site-packages:/home/robotics/ros2_cobot/install/ultraarm/lib/python3.10/site-packages:/home/robotics/ros2_cobot/install/traj_scripts/local/lib/python3.10/dist-packages:/home/robotics/ros2_cobot/install/mypalletizer_communication/lib/python3.10/site-packages:/home/robotics/ros2_cobot/install/mypalletizer_interfaces/local/lib/python3.10/dist-packages:/home/robotics/ros2_cobot/install/mypalletizer_260_pi/lib/python3.10/site-packages:/home/robotics/ros2_cobot/install/mypalletizer_260/lib/python3.10/site-packages:/home/robotics/ros2_cobot/install/myarm_m750/lib/python3.10/site-packages:/home/robotics/ros2_cobot/install/myarm_c650/lib/python3.10/site-packages:/home/robotics/ros2_cobot/install/mycobot_communication/lib/python3.10/site-packages:/home/robotics/ros2_cobot/install/mecharm_communication/lib/python3.10/site-packages:/home/robotics/ros2_cobot/install/mycobot_interfaces/local/lib/python3.10/dist-packages:/home/robotics/ros2_cobot/install/mycobot_630/lib/python3.10/site-packages:/home/robotics/ros2_cobot/install/mycobot_600/lib/python3.10/site-packages:/home/robotics/ros2_cobot/install/mycobot_320pi/lib/python3.10/site-packages:/home/robotics/ros2_cobot/install/mycobot_320_riscv/lib/python3.10/site-packages:/home/robotics/ros2_cobot/install/mycobot_320/lib/python3.10/site-packages:/home/robotics/ros2_cobot/install/mycobot_280pi/lib/python3.10/site-packages:/home/robotics/ros2_cobot/install/mycobot_280jn/lib/python3.10/site-packages:/home/robotics/ros2_cobot/install/mycobot_280_x3pi/lib/python3.10/site-packages:/home/robotics/ros2_cobot/install/mycobot_280_riscv/lib/python3.10/site-packages:/home/robotics/ros2_cobot/install/mycobot_280_rdkx5/lib/python3.10/site-packages:/home/robotics/ros2_cobot/install/mycobot_280_moveit2_control/lib/python3.10/site-packages:/home/robotics/ros2_cobot/install/mycobot_280_arduino/lib/python3.10/site-packages:/home/robotics/ros2_cobot/install/mycobot_280/lib/python3.10/site-packages:/home/robotics/ros2_cobot/install/mybuddy/lib/python3.10/site-packages:/home/robotics/ros2_cobot/install/myarm_300/lib/python3.10/site-packages:/home/robotics/ros2_cobot/install/mecharm_pi/lib/python3.10/site-packages:/home/robotics/ros2_cobot/install/mecharm/lib/python3.10/site-packages:/home/robotics/ros2_cobot/install/mecharm_interfaces/local/lib/python3.10/dist-packages:/opt/ros/humble/lib/python3.10/site-packages:/opt/ros/humble/local/lib/python3.10/dist-packages /usr/bin/python3 -W ignore:setup.py install is deprecated -W ignore:easy_install command is deprecated setup.py egg_info --egg-base ../../../../build/mycobot_280_arduino build --build-base /home/robotics/ros2_cobot/build/mycobot_280_arduino/build install --record /home/robotics/ros2_cobot/build/mycobot_280_arduino/install.log --single-version-externally-managed install_data
[6.320s] DEBUG:colcon.colcon_core.event_handler.log_command:Invoking command in '/home/robotics/ros2_cobot/src/mycobot_ros2/mecharm/mecharm': AMENT_PREFIX_PATH=/home/robotics/ros2_cobot/install/mycobot_description:/home/robotics/ros2_cobot/install/ultraarm:/home/robotics/ros2_cobot/install/traj_scripts:/home/robotics/ros2_cobot/install/mypalletizer_communication:/home/robotics/ros2_cobot/install/mypalletizer_interfaces:/home/robotics/ros2_cobot/install/mypalletizer_260_pi:/home/robotics/ros2_cobot/install/mypalletizer_260:/home/robotics/ros2_cobot/install/myarm_m750:/home/robotics/ros2_cobot/install/myarm_c650:/home/robotics/ros2_cobot/install/mycobot_communication:/home/robotics/ros2_cobot/install/mecharm_communication:/home/robotics/ros2_cobot/install/mycobot_interfaces:/home/robotics/ros2_cobot/install/mycobot_630:/home/robotics/ros2_cobot/install/mycobot_600:/home/robotics/ros2_cobot/install/mycobot_320pi:/home/robotics/ros2_cobot/install/mycobot_320_riscv:/home/robotics/ros2_cobot/install/mycobot_320:/home/robotics/ros2_cobot/install/mycobot_280rdkx5_moveit2:/home/robotics/ros2_cobot/install/mycobot_280pi:/home/robotics/ros2_cobot/install/mycobot_280jn:/home/robotics/ros2_cobot/install/mycobot_280arduino_moveit2:/home/robotics/ros2_cobot/install/mycobot_280_x3pi:/home/robotics/ros2_cobot/install/mycobot_280_riscv:/home/robotics/ros2_cobot/install/mycobot_280_rdkx5:/home/robotics/ros2_cobot/install/mycobot_280_moveit2_control:/home/robotics/ros2_cobot/install/mycobot_280_moveit2:/home/robotics/ros2_cobot/install/mycobot_280_arduino:/home/robotics/ros2_cobot/install/mycobot_280:/home/robotics/ros2_cobot/install/mybuddy:/home/robotics/ros2_cobot/install/myarm_300:/home/robotics/ros2_cobot/install/mecharm_pi:/home/robotics/ros2_cobot/install/mecharm:/home/robotics/ros2_cobot/install/mecharm_interfaces:/opt/ros/humble PYTHONPATH=/home/robotics/ros2_cobot/build/mecharm/prefix_override:/usr/lib/python3/dist-packages/colcon_core/task/python/colcon_distutils_commands:/home/robotics/ros2_cobot/install/mecharm/lib/python3.10/site-packages:/home/robotics/ros2_cobot/install/mycobot_description/lib/python3.10/site-packages:/home/robotics/ros2_cobot/install/ultraarm/lib/python3.10/site-packages:/home/robotics/ros2_cobot/install/traj_scripts/local/lib/python3.10/dist-packages:/home/robotics/ros2_cobot/install/mypalletizer_communication/lib/python3.10/site-packages:/home/robotics/ros2_cobot/install/mypalletizer_interfaces/local/lib/python3.10/dist-packages:/home/robotics/ros2_cobot/install/mypalletizer_260_pi/lib/python3.10/site-packages:/home/robotics/ros2_cobot/install/mypalletizer_260/lib/python3.10/site-packages:/home/robotics/ros2_cobot/install/myarm_m750/lib/python3.10/site-packages:/home/robotics/ros2_cobot/install/myarm_c650/lib/python3.10/site-packages:/home/robotics/ros2_cobot/install/mycobot_communication/lib/python3.10/site-packages:/home/robotics/ros2_cobot/install/mecharm_communication/lib/python3.10/site-packages:/home/robotics/ros2_cobot/install/mycobot_interfaces/local/lib/python3.10/dist-packages:/home/robotics/ros2_cobot/install/mycobot_630/lib/python3.10/site-packages:/home/robotics/ros2_cobot/install/mycobot_600/lib/python3.10/site-packages:/home/robotics/ros2_cobot/install/mycobot_320pi/lib/python3.10/site-packages:/home/robotics/ros2_cobot/install/mycobot_320_riscv/lib/python3.10/site-packages:/home/robotics/ros2_cobot/install/mycobot_320/lib/python3.10/site-packages:/home/robotics/ros2_cobot/install/mycobot_280pi/lib/python3.10/site-packages:/home/robotics/ros2_cobot/install/mycobot_280jn/lib/python3.10/site-packages:/home/robotics/ros2_cobot/install/mycobot_280_x3pi/lib/python3.10/site-packages:/home/robotics/ros2_cobot/install/mycobot_280_riscv/lib/python3.10/site-packages:/home/robotics/ros2_cobot/install/mycobot_280_rdkx5/lib/python3.10/site-packages:/home/robotics/ros2_cobot/install/mycobot_280_moveit2_control/lib/python3.10/site-packages:/home/robotics/ros2_cobot/install/mycobot_280_arduino/lib/python3.10/site-packages:/home/robotics/ros2_cobot/install/mycobot_280/lib/python3.10/site-packages:/home/robotics/ros2_cobot/install/mybuddy/lib/python3.10/site-packages:/home/robotics/ros2_cobot/install/myarm_300/lib/python3.10/site-packages:/home/robotics/ros2_cobot/install/mecharm_pi/lib/python3.10/site-packages:/home/robotics/ros2_cobot/install/mecharm/lib/python3.10/site-packages:/home/robotics/ros2_cobot/install/mecharm_interfaces/local/lib/python3.10/dist-packages:/opt/ros/humble/lib/python3.10/site-packages:/opt/ros/humble/local/lib/python3.10/dist-packages /usr/bin/python3 -W ignore:setup.py install is deprecated -W ignore:easy_install command is deprecated setup.py egg_info --egg-base ../../../../build/mecharm build --build-base /home/robotics/ros2_cobot/build/mecharm/build install --record /home/robotics/ros2_cobot/build/mecharm/install.log --single-version-externally-managed install_data
[6.628s] INFO:colcon.colcon_core.task.python.build:Building Python package in '/home/robotics/ros2_cobot/src/mycobot_ros2/mycobot_320/mycobot_320'
[6.628s] INFO:colcon.colcon_core.shell:Skip shell extension 'powershell' for command environment: Not usable outside of PowerShell
[6.628s] DEBUG:colcon.colcon_core.shell:Skip shell extension 'dsv' for command environment
[6.650s] DEBUG:colcon.colcon_core.event_handler.log_command:Invoking command in '/home/robotics/ros2_cobot/src/mycobot_ros2/Mybuddy/mybuddy': AMENT_PREFIX_PATH=/home/robotics/ros2_cobot/install/mycobot_description:/home/robotics/ros2_cobot/install/ultraarm:/home/robotics/ros2_cobot/install/traj_scripts:/home/robotics/ros2_cobot/install/mypalletizer_communication:/home/robotics/ros2_cobot/install/mypalletizer_interfaces:/home/robotics/ros2_cobot/install/mypalletizer_260_pi:/home/robotics/ros2_cobot/install/mypalletizer_260:/home/robotics/ros2_cobot/install/myarm_m750:/home/robotics/ros2_cobot/install/myarm_c650:/home/robotics/ros2_cobot/install/mycobot_communication:/home/robotics/ros2_cobot/install/mecharm_communication:/home/robotics/ros2_cobot/install/mycobot_interfaces:/home/robotics/ros2_cobot/install/mycobot_630:/home/robotics/ros2_cobot/install/mycobot_600:/home/robotics/ros2_cobot/install/mycobot_320pi:/home/robotics/ros2_cobot/install/mycobot_320_riscv:/home/robotics/ros2_cobot/install/mycobot_320:/home/robotics/ros2_cobot/install/mycobot_280rdkx5_moveit2:/home/robotics/ros2_cobot/install/mycobot_280pi:/home/robotics/ros2_cobot/install/mycobot_280jn:/home/robotics/ros2_cobot/install/mycobot_280arduino_moveit2:/home/robotics/ros2_cobot/install/mycobot_280_x3pi:/home/robotics/ros2_cobot/install/mycobot_280_riscv:/home/robotics/ros2_cobot/install/mycobot_280_rdkx5:/home/robotics/ros2_cobot/install/mycobot_280_moveit2_control:/home/robotics/ros2_cobot/install/mycobot_280_moveit2:/home/robotics/ros2_cobot/install/mycobot_280_arduino:/home/robotics/ros2_cobot/install/mycobot_280:/home/robotics/ros2_cobot/install/mybuddy:/home/robotics/ros2_cobot/install/myarm_300:/home/robotics/ros2_cobot/install/mecharm_pi:/home/robotics/ros2_cobot/install/mecharm:/home/robotics/ros2_cobot/install/mecharm_interfaces:/opt/ros/humble PYTHONPATH=/home/robotics/ros2_cobot/build/mybuddy/prefix_override:/usr/lib/python3/dist-packages/colcon_core/task/python/colcon_distutils_commands:/home/robotics/ros2_cobot/install/mybuddy/lib/python3.10/site-packages:/home/robotics/ros2_cobot/install/mycobot_description/lib/python3.10/site-packages:/home/robotics/ros2_cobot/install/ultraarm/lib/python3.10/site-packages:/home/robotics/ros2_cobot/install/traj_scripts/local/lib/python3.10/dist-packages:/home/robotics/ros2_cobot/install/mypalletizer_communication/lib/python3.10/site-packages:/home/robotics/ros2_cobot/install/mypalletizer_interfaces/local/lib/python3.10/dist-packages:/home/robotics/ros2_cobot/install/mypalletizer_260_pi/lib/python3.10/site-packages:/home/robotics/ros2_cobot/install/mypalletizer_260/lib/python3.10/site-packages:/home/robotics/ros2_cobot/install/myarm_m750/lib/python3.10/site-packages:/home/robotics/ros2_cobot/install/myarm_c650/lib/python3.10/site-packages:/home/robotics/ros2_cobot/install/mycobot_communication/lib/python3.10/site-packages:/home/robotics/ros2_cobot/install/mecharm_communication/lib/python3.10/site-packages:/home/robotics/ros2_cobot/install/mycobot_interfaces/local/lib/python3.10/dist-packages:/home/robotics/ros2_cobot/install/mycobot_630/lib/python3.10/site-packages:/home/robotics/ros2_cobot/install/mycobot_600/lib/python3.10/site-packages:/home/robotics/ros2_cobot/install/mycobot_320pi/lib/python3.10/site-packages:/home/robotics/ros2_cobot/install/mycobot_320_riscv/lib/python3.10/site-packages:/home/robotics/ros2_cobot/install/mycobot_320/lib/python3.10/site-packages:/home/robotics/ros2_cobot/install/mycobot_280pi/lib/python3.10/site-packages:/home/robotics/ros2_cobot/install/mycobot_280jn/lib/python3.10/site-packages:/home/robotics/ros2_cobot/install/mycobot_280_x3pi/lib/python3.10/site-packages:/home/robotics/ros2_cobot/install/mycobot_280_riscv/lib/python3.10/site-packages:/home/robotics/ros2_cobot/install/mycobot_280_rdkx5/lib/python3.10/site-packages:/home/robotics/ros2_cobot/install/mycobot_280_moveit2_control/lib/python3.10/site-packages:/home/robotics/ros2_cobot/install/mycobot_280_arduino/lib/python3.10/site-packages:/home/robotics/ros2_cobot/install/mycobot_280/lib/python3.10/site-packages:/home/robotics/ros2_cobot/install/mybuddy/lib/python3.10/site-packages:/home/robotics/ros2_cobot/install/myarm_300/lib/python3.10/site-packages:/home/robotics/ros2_cobot/install/mecharm_pi/lib/python3.10/site-packages:/home/robotics/ros2_cobot/install/mecharm/lib/python3.10/site-packages:/home/robotics/ros2_cobot/install/mecharm_interfaces/local/lib/python3.10/dist-packages:/opt/ros/humble/lib/python3.10/site-packages:/opt/ros/humble/local/lib/python3.10/dist-packages /usr/bin/python3 -W ignore:setup.py install is deprecated -W ignore:easy_install command is deprecated setup.py egg_info --egg-base ../../../../build/mybuddy build --build-base /home/robotics/ros2_cobot/build/mybuddy/build install --record /home/robotics/ros2_cobot/build/mybuddy/install.log --single-version-externally-managed install_data
[6.651s] DEBUG:colcon.colcon_core.event_handler.log_command:Invoking command in '/home/robotics/ros2_cobot/src/mycobot_ros2/mecharm/mecharm_pi': AMENT_PREFIX_PATH=/home/robotics/ros2_cobot/install/mycobot_description:/home/robotics/ros2_cobot/install/ultraarm:/home/robotics/ros2_cobot/install/traj_scripts:/home/robotics/ros2_cobot/install/mypalletizer_communication:/home/robotics/ros2_cobot/install/mypalletizer_interfaces:/home/robotics/ros2_cobot/install/mypalletizer_260_pi:/home/robotics/ros2_cobot/install/mypalletizer_260:/home/robotics/ros2_cobot/install/myarm_m750:/home/robotics/ros2_cobot/install/myarm_c650:/home/robotics/ros2_cobot/install/mycobot_communication:/home/robotics/ros2_cobot/install/mecharm_communication:/home/robotics/ros2_cobot/install/mycobot_interfaces:/home/robotics/ros2_cobot/install/mycobot_630:/home/robotics/ros2_cobot/install/mycobot_600:/home/robotics/ros2_cobot/install/mycobot_320pi:/home/robotics/ros2_cobot/install/mycobot_320_riscv:/home/robotics/ros2_cobot/install/mycobot_320:/home/robotics/ros2_cobot/install/mycobot_280rdkx5_moveit2:/home/robotics/ros2_cobot/install/mycobot_280pi:/home/robotics/ros2_cobot/install/mycobot_280jn:/home/robotics/ros2_cobot/install/mycobot_280arduino_moveit2:/home/robotics/ros2_cobot/install/mycobot_280_x3pi:/home/robotics/ros2_cobot/install/mycobot_280_riscv:/home/robotics/ros2_cobot/install/mycobot_280_rdkx5:/home/robotics/ros2_cobot/install/mycobot_280_moveit2_control:/home/robotics/ros2_cobot/install/mycobot_280_moveit2:/home/robotics/ros2_cobot/install/mycobot_280_arduino:/home/robotics/ros2_cobot/install/mycobot_280:/home/robotics/ros2_cobot/install/mybuddy:/home/robotics/ros2_cobot/install/myarm_300:/home/robotics/ros2_cobot/install/mecharm_pi:/home/robotics/ros2_cobot/install/mecharm:/home/robotics/ros2_cobot/install/mecharm_interfaces:/opt/ros/humble PYTHONPATH=/home/robotics/ros2_cobot/build/mecharm_pi/prefix_override:/usr/lib/python3/dist-packages/colcon_core/task/python/colcon_distutils_commands:/home/robotics/ros2_cobot/install/mecharm_pi/lib/python3.10/site-packages:/home/robotics/ros2_cobot/install/mycobot_description/lib/python3.10/site-packages:/home/robotics/ros2_cobot/install/ultraarm/lib/python3.10/site-packages:/home/robotics/ros2_cobot/install/traj_scripts/local/lib/python3.10/dist-packages:/home/robotics/ros2_cobot/install/mypalletizer_communication/lib/python3.10/site-packages:/home/robotics/ros2_cobot/install/mypalletizer_interfaces/local/lib/python3.10/dist-packages:/home/robotics/ros2_cobot/install/mypalletizer_260_pi/lib/python3.10/site-packages:/home/robotics/ros2_cobot/install/mypalletizer_260/lib/python3.10/site-packages:/home/robotics/ros2_cobot/install/myarm_m750/lib/python3.10/site-packages:/home/robotics/ros2_cobot/install/myarm_c650/lib/python3.10/site-packages:/home/robotics/ros2_cobot/install/mycobot_communication/lib/python3.10/site-packages:/home/robotics/ros2_cobot/install/mecharm_communication/lib/python3.10/site-packages:/home/robotics/ros2_cobot/install/mycobot_interfaces/local/lib/python3.10/dist-packages:/home/robotics/ros2_cobot/install/mycobot_630/lib/python3.10/site-packages:/home/robotics/ros2_cobot/install/mycobot_600/lib/python3.10/site-packages:/home/robotics/ros2_cobot/install/mycobot_320pi/lib/python3.10/site-packages:/home/robotics/ros2_cobot/install/mycobot_320_riscv/lib/python3.10/site-packages:/home/robotics/ros2_cobot/install/mycobot_320/lib/python3.10/site-packages:/home/robotics/ros2_cobot/install/mycobot_280pi/lib/python3.10/site-packages:/home/robotics/ros2_cobot/install/mycobot_280jn/lib/python3.10/site-packages:/home/robotics/ros2_cobot/install/mycobot_280_x3pi/lib/python3.10/site-packages:/home/robotics/ros2_cobot/install/mycobot_280_riscv/lib/python3.10/site-packages:/home/robotics/ros2_cobot/install/mycobot_280_rdkx5/lib/python3.10/site-packages:/home/robotics/ros2_cobot/install/mycobot_280_moveit2_control/lib/python3.10/site-packages:/home/robotics/ros2_cobot/install/mycobot_280_arduino/lib/python3.10/site-packages:/home/robotics/ros2_cobot/install/mycobot_280/lib/python3.10/site-packages:/home/robotics/ros2_cobot/install/mybuddy/lib/python3.10/site-packages:/home/robotics/ros2_cobot/install/myarm_300/lib/python3.10/site-packages:/home/robotics/ros2_cobot/install/mecharm_pi/lib/python3.10/site-packages:/home/robotics/ros2_cobot/install/mecharm/lib/python3.10/site-packages:/home/robotics/ros2_cobot/install/mecharm_interfaces/local/lib/python3.10/dist-packages:/opt/ros/humble/lib/python3.10/site-packages:/opt/ros/humble/local/lib/python3.10/dist-packages /usr/bin/python3 -W ignore:setup.py install is deprecated -W ignore:easy_install command is deprecated setup.py egg_info --egg-base ../../../../build/mecharm_pi build --build-base /home/robotics/ros2_cobot/build/mecharm_pi/build install --record /home/robotics/ros2_cobot/build/mecharm_pi/install.log --single-version-externally-managed install_data
[6.651s] DEBUG:colcon.colcon_core.event_handler.log_command:Invoked command in '/home/robotics/ros2_cobot/build/mycobot_280rdkx5_moveit2' returned '0': AMENT_PREFIX_PATH=/home/robotics/ros2_cobot/install/mycobot_description:/home/robotics/ros2_cobot/install/ultraarm:/home/robotics/ros2_cobot/install/traj_scripts:/home/robotics/ros2_cobot/install/mypalletizer_communication:/home/robotics/ros2_cobot/install/mypalletizer_interfaces:/home/robotics/ros2_cobot/install/mypalletizer_260_pi:/home/robotics/ros2_cobot/install/mypalletizer_260:/home/robotics/ros2_cobot/install/myarm_m750:/home/robotics/ros2_cobot/install/myarm_c650:/home/robotics/ros2_cobot/install/mycobot_communication:/home/robotics/ros2_cobot/install/mecharm_communication:/home/robotics/ros2_cobot/install/mycobot_interfaces:/home/robotics/ros2_cobot/install/mycobot_630:/home/robotics/ros2_cobot/install/mycobot_600:/home/robotics/ros2_cobot/install/mycobot_320pi:/home/robotics/ros2_cobot/install/mycobot_320_riscv:/home/robotics/ros2_cobot/install/mycobot_320:/home/robotics/ros2_cobot/install/mycobot_280rdkx5_moveit2:/home/robotics/ros2_cobot/install/mycobot_280pi:/home/robotics/ros2_cobot/install/mycobot_280jn:/home/robotics/ros2_cobot/install/mycobot_280arduino_moveit2:/home/robotics/ros2_cobot/install/mycobot_280_x3pi:/home/robotics/ros2_cobot/install/mycobot_280_riscv:/home/robotics/ros2_cobot/install/mycobot_280_rdkx5:/home/robotics/ros2_cobot/install/mycobot_280_moveit2_control:/home/robotics/ros2_cobot/install/mycobot_280_moveit2:/home/robotics/ros2_cobot/install/mycobot_280_arduino:/home/robotics/ros2_cobot/install/mycobot_280:/home/robotics/ros2_cobot/install/mybuddy:/home/robotics/ros2_cobot/install/myarm_300:/home/robotics/ros2_cobot/install/mecharm_pi:/home/robotics/ros2_cobot/install/mecharm:/home/robotics/ros2_cobot/install/mecharm_interfaces:/opt/ros/humble CMAKE_PREFIX_PATH=${CMAKE_PREFIX_PATH}:/home/robotics/ros2_cobot/install/ultraarm:/home/robotics/ros2_cobot/install/mypalletizer_communication:/home/robotics/ros2_cobot/install/mypalletizer_260_pi:/home/robotics/ros2_cobot/install/mypalletizer_260:/home/robotics/ros2_cobot/install/myarm_m750:/home/robotics/ros2_cobot/install/myarm_c650:/home/robotics/ros2_cobot/install/mycobot_communication:/home/robotics/ros2_cobot/install/mecharm_communication:/home/robotics/ros2_cobot/install/mycobot_630:/home/robotics/ros2_cobot/install/mycobot_600:/home/robotics/ros2_cobot/install/mycobot_320pi:/home/robotics/ros2_cobot/install/mycobot_320_riscv:/home/robotics/ros2_cobot/install/mycobot_320:/home/robotics/ros2_cobot/install/mycobot_280pi:/home/robotics/ros2_cobot/install/mycobot_280jn:/home/robotics/ros2_cobot/install/mycobot_280_x3pi:/home/robotics/ros2_cobot/install/mycobot_280_riscv:/home/robotics/ros2_cobot/install/mycobot_280_rdkx5:/home/robotics/ros2_cobot/install/mycobot_280_moveit2_control:/home/robotics/ros2_cobot/install/mycobot_280_arduino:/home/robotics/ros2_cobot/install/mycobot_280:/home/robotics/ros2_cobot/install/mybuddy:/home/robotics/ros2_cobot/install/myarm_300:/home/robotics/ros2_cobot/install/mecharm_pi:/home/robotics/ros2_cobot/install/mecharm:/home/robotics/ros2_cobot/install/mycobot_description:/opt/ros/humble PYTHONPATH=/home/robotics/ros2_cobot/install/mycobot_description/lib/python3.10/site-packages:/home/robotics/ros2_cobot/install/ultraarm/lib/python3.10/site-packages:/home/robotics/ros2_cobot/install/traj_scripts/local/lib/python3.10/dist-packages:/home/robotics/ros2_cobot/install/mypalletizer_communication/lib/python3.10/site-packages:/home/robotics/ros2_cobot/install/mypalletizer_interfaces/local/lib/python3.10/dist-packages:/home/robotics/ros2_cobot/install/mypalletizer_260_pi/lib/python3.10/site-packages:/home/robotics/ros2_cobot/install/mypalletizer_260/lib/python3.10/site-packages:/home/robotics/ros2_cobot/install/myarm_m750/lib/python3.10/site-packages:/home/robotics/ros2_cobot/install/myarm_c650/lib/python3.10/site-packages:/home/robotics/ros2_cobot/install/mycobot_communication/lib/python3.10/site-packages:/home/robotics/ros2_cobot/install/mecharm_communication/lib/python3.10/site-packages:/home/robotics/ros2_cobot/install/mycobot_interfaces/local/lib/python3.10/dist-packages:/home/robotics/ros2_cobot/install/mycobot_630/lib/python3.10/site-packages:/home/robotics/ros2_cobot/install/mycobot_600/lib/python3.10/site-packages:/home/robotics/ros2_cobot/install/mycobot_320pi/lib/python3.10/site-packages:/home/robotics/ros2_cobot/install/mycobot_320_riscv/lib/python3.10/site-packages:/home/robotics/ros2_cobot/install/mycobot_320/lib/python3.10/site-packages:/home/robotics/ros2_cobot/install/mycobot_280pi/lib/python3.10/site-packages:/home/robotics/ros2_cobot/install/mycobot_280jn/lib/python3.10/site-packages:/home/robotics/ros2_cobot/install/mycobot_280_x3pi/lib/python3.10/site-packages:/home/robotics/ros2_cobot/install/mycobot_280_riscv/lib/python3.10/site-packages:/home/robotics/ros2_cobot/install/mycobot_280_rdkx5/lib/python3.10/site-packages:/home/robotics/ros2_cobot/install/mycobot_280_moveit2_control/lib/python3.10/site-packages:/home/robotics/ros2_cobot/install/mycobot_280_arduino/lib/python3.10/site-packages:/home/robotics/ros2_cobot/install/mycobot_280/lib/python3.10/site-packages:/home/robotics/ros2_cobot/install/mybuddy/lib/python3.10/site-packages:/home/robotics/ros2_cobot/install/myarm_300/lib/python3.10/site-packages:/home/robotics/ros2_cobot/install/mecharm_pi/lib/python3.10/site-packages:/home/robotics/ros2_cobot/install/mecharm/lib/python3.10/site-packages:/home/robotics/ros2_cobot/install/mecharm_interfaces/local/lib/python3.10/dist-packages:/opt/ros/humble/lib/python3.10/site-packages:/opt/ros/humble/local/lib/python3.10/dist-packages /usr/bin/cmake --build /home/robotics/ros2_cobot/build/mycobot_280rdkx5_moveit2 -- -j16 -l16
[6.653s] DEBUG:colcon.colcon_core.event_handler.log_command:Invoking command in '/home/robotics/ros2_cobot/build/mycobot_280rdkx5_moveit2': AMENT_PREFIX_PATH=/home/robotics/ros2_cobot/install/mycobot_description:/home/robotics/ros2_cobot/install/ultraarm:/home/robotics/ros2_cobot/install/traj_scripts:/home/robotics/ros2_cobot/install/mypalletizer_communication:/home/robotics/ros2_cobot/install/mypalletizer_interfaces:/home/robotics/ros2_cobot/install/mypalletizer_260_pi:/home/robotics/ros2_cobot/install/mypalletizer_260:/home/robotics/ros2_cobot/install/myarm_m750:/home/robotics/ros2_cobot/install/myarm_c650:/home/robotics/ros2_cobot/install/mycobot_communication:/home/robotics/ros2_cobot/install/mecharm_communication:/home/robotics/ros2_cobot/install/mycobot_interfaces:/home/robotics/ros2_cobot/install/mycobot_630:/home/robotics/ros2_cobot/install/mycobot_600:/home/robotics/ros2_cobot/install/mycobot_320pi:/home/robotics/ros2_cobot/install/mycobot_320_riscv:/home/robotics/ros2_cobot/install/mycobot_320:/home/robotics/ros2_cobot/install/mycobot_280rdkx5_moveit2:/home/robotics/ros2_cobot/install/mycobot_280pi:/home/robotics/ros2_cobot/install/mycobot_280jn:/home/robotics/ros2_cobot/install/mycobot_280arduino_moveit2:/home/robotics/ros2_cobot/install/mycobot_280_x3pi:/home/robotics/ros2_cobot/install/mycobot_280_riscv:/home/robotics/ros2_cobot/install/mycobot_280_rdkx5:/home/robotics/ros2_cobot/install/mycobot_280_moveit2_control:/home/robotics/ros2_cobot/install/mycobot_280_moveit2:/home/robotics/ros2_cobot/install/mycobot_280_arduino:/home/robotics/ros2_cobot/install/mycobot_280:/home/robotics/ros2_cobot/install/mybuddy:/home/robotics/ros2_cobot/install/myarm_300:/home/robotics/ros2_cobot/install/mecharm_pi:/home/robotics/ros2_cobot/install/mecharm:/home/robotics/ros2_cobot/install/mecharm_interfaces:/opt/ros/humble CMAKE_PREFIX_PATH=${CMAKE_PREFIX_PATH}:/home/robotics/ros2_cobot/install/ultraarm:/home/robotics/ros2_cobot/install/mypalletizer_communication:/home/robotics/ros2_cobot/install/mypalletizer_260_pi:/home/robotics/ros2_cobot/install/mypalletizer_260:/home/robotics/ros2_cobot/install/myarm_m750:/home/robotics/ros2_cobot/install/myarm_c650:/home/robotics/ros2_cobot/install/mycobot_communication:/home/robotics/ros2_cobot/install/mecharm_communication:/home/robotics/ros2_cobot/install/mycobot_630:/home/robotics/ros2_cobot/install/mycobot_600:/home/robotics/ros2_cobot/install/mycobot_320pi:/home/robotics/ros2_cobot/install/mycobot_320_riscv:/home/robotics/ros2_cobot/install/mycobot_320:/home/robotics/ros2_cobot/install/mycobot_280pi:/home/robotics/ros2_cobot/install/mycobot_280jn:/home/robotics/ros2_cobot/install/mycobot_280_x3pi:/home/robotics/ros2_cobot/install/mycobot_280_riscv:/home/robotics/ros2_cobot/install/mycobot_280_rdkx5:/home/robotics/ros2_cobot/install/mycobot_280_moveit2_control:/home/robotics/ros2_cobot/install/mycobot_280_arduino:/home/robotics/ros2_cobot/install/mycobot_280:/home/robotics/ros2_cobot/install/mybuddy:/home/robotics/ros2_cobot/install/myarm_300:/home/robotics/ros2_cobot/install/mecharm_pi:/home/robotics/ros2_cobot/install/mecharm:/home/robotics/ros2_cobot/install/mycobot_description:/opt/ros/humble PYTHONPATH=/home/robotics/ros2_cobot/install/mycobot_description/lib/python3.10/site-packages:/home/robotics/ros2_cobot/install/ultraarm/lib/python3.10/site-packages:/home/robotics/ros2_cobot/install/traj_scripts/local/lib/python3.10/dist-packages:/home/robotics/ros2_cobot/install/mypalletizer_communication/lib/python3.10/site-packages:/home/robotics/ros2_cobot/install/mypalletizer_interfaces/local/lib/python3.10/dist-packages:/home/robotics/ros2_cobot/install/mypalletizer_260_pi/lib/python3.10/site-packages:/home/robotics/ros2_cobot/install/mypalletizer_260/lib/python3.10/site-packages:/home/robotics/ros2_cobot/install/myarm_m750/lib/python3.10/site-packages:/home/robotics/ros2_cobot/install/myarm_c650/lib/python3.10/site-packages:/home/robotics/ros2_cobot/install/mycobot_communication/lib/python3.10/site-packages:/home/robotics/ros2_cobot/install/mecharm_communication/lib/python3.10/site-packages:/home/robotics/ros2_cobot/install/mycobot_interfaces/local/lib/python3.10/dist-packages:/home/robotics/ros2_cobot/install/mycobot_630/lib/python3.10/site-packages:/home/robotics/ros2_cobot/install/mycobot_600/lib/python3.10/site-packages:/home/robotics/ros2_cobot/install/mycobot_320pi/lib/python3.10/site-packages:/home/robotics/ros2_cobot/install/mycobot_320_riscv/lib/python3.10/site-packages:/home/robotics/ros2_cobot/install/mycobot_320/lib/python3.10/site-packages:/home/robotics/ros2_cobot/install/mycobot_280pi/lib/python3.10/site-packages:/home/robotics/ros2_cobot/install/mycobot_280jn/lib/python3.10/site-packages:/home/robotics/ros2_cobot/install/mycobot_280_x3pi/lib/python3.10/site-packages:/home/robotics/ros2_cobot/install/mycobot_280_riscv/lib/python3.10/site-packages:/home/robotics/ros2_cobot/install/mycobot_280_rdkx5/lib/python3.10/site-packages:/home/robotics/ros2_cobot/install/mycobot_280_moveit2_control/lib/python3.10/site-packages:/home/robotics/ros2_cobot/install/mycobot_280_arduino/lib/python3.10/site-packages:/home/robotics/ros2_cobot/install/mycobot_280/lib/python3.10/site-packages:/home/robotics/ros2_cobot/install/mybuddy/lib/python3.10/site-packages:/home/robotics/ros2_cobot/install/myarm_300/lib/python3.10/site-packages:/home/robotics/ros2_cobot/install/mecharm_pi/lib/python3.10/site-packages:/home/robotics/ros2_cobot/install/mecharm/lib/python3.10/site-packages:/home/robotics/ros2_cobot/install/mecharm_interfaces/local/lib/python3.10/dist-packages:/opt/ros/humble/lib/python3.10/site-packages:/opt/ros/humble/local/lib/python3.10/dist-packages /usr/bin/cmake --install /home/robotics/ros2_cobot/build/mycobot_280rdkx5_moveit2
[6.658s] DEBUG:colcon.colcon_core.event_handler.log_command:Invoking command in '/home/robotics/ros2_cobot/src/mycobot_ros2/mycobot_280/mycobot_280': AMENT_PREFIX_PATH=/home/robotics/ros2_cobot/install/mycobot_description:/home/robotics/ros2_cobot/install/ultraarm:/home/robotics/ros2_cobot/install/traj_scripts:/home/robotics/ros2_cobot/install/mypalletizer_communication:/home/robotics/ros2_cobot/install/mypalletizer_interfaces:/home/robotics/ros2_cobot/install/mypalletizer_260_pi:/home/robotics/ros2_cobot/install/mypalletizer_260:/home/robotics/ros2_cobot/install/myarm_m750:/home/robotics/ros2_cobot/install/myarm_c650:/home/robotics/ros2_cobot/install/mycobot_communication:/home/robotics/ros2_cobot/install/mecharm_communication:/home/robotics/ros2_cobot/install/mycobot_interfaces:/home/robotics/ros2_cobot/install/mycobot_630:/home/robotics/ros2_cobot/install/mycobot_600:/home/robotics/ros2_cobot/install/mycobot_320pi:/home/robotics/ros2_cobot/install/mycobot_320_riscv:/home/robotics/ros2_cobot/install/mycobot_320:/home/robotics/ros2_cobot/install/mycobot_280rdkx5_moveit2:/home/robotics/ros2_cobot/install/mycobot_280pi:/home/robotics/ros2_cobot/install/mycobot_280jn:/home/robotics/ros2_cobot/install/mycobot_280arduino_moveit2:/home/robotics/ros2_cobot/install/mycobot_280_x3pi:/home/robotics/ros2_cobot/install/mycobot_280_riscv:/home/robotics/ros2_cobot/install/mycobot_280_rdkx5:/home/robotics/ros2_cobot/install/mycobot_280_moveit2_control:/home/robotics/ros2_cobot/install/mycobot_280_moveit2:/home/robotics/ros2_cobot/install/mycobot_280_arduino:/home/robotics/ros2_cobot/install/mycobot_280:/home/robotics/ros2_cobot/install/mybuddy:/home/robotics/ros2_cobot/install/myarm_300:/home/robotics/ros2_cobot/install/mecharm_pi:/home/robotics/ros2_cobot/install/mecharm:/home/robotics/ros2_cobot/install/mecharm_interfaces:/opt/ros/humble PYTHONPATH=/home/robotics/ros2_cobot/build/mycobot_280/prefix_override:/usr/lib/python3/dist-packages/colcon_core/task/python/colcon_distutils_commands:/home/robotics/ros2_cobot/install/mycobot_280/lib/python3.10/site-packages:/home/robotics/ros2_cobot/install/mycobot_description/lib/python3.10/site-packages:/home/robotics/ros2_cobot/install/ultraarm/lib/python3.10/site-packages:/home/robotics/ros2_cobot/install/traj_scripts/local/lib/python3.10/dist-packages:/home/robotics/ros2_cobot/install/mypalletizer_communication/lib/python3.10/site-packages:/home/robotics/ros2_cobot/install/mypalletizer_interfaces/local/lib/python3.10/dist-packages:/home/robotics/ros2_cobot/install/mypalletizer_260_pi/lib/python3.10/site-packages:/home/robotics/ros2_cobot/install/mypalletizer_260/lib/python3.10/site-packages:/home/robotics/ros2_cobot/install/myarm_m750/lib/python3.10/site-packages:/home/robotics/ros2_cobot/install/myarm_c650/lib/python3.10/site-packages:/home/robotics/ros2_cobot/install/mycobot_communication/lib/python3.10/site-packages:/home/robotics/ros2_cobot/install/mecharm_communication/lib/python3.10/site-packages:/home/robotics/ros2_cobot/install/mycobot_interfaces/local/lib/python3.10/dist-packages:/home/robotics/ros2_cobot/install/mycobot_630/lib/python3.10/site-packages:/home/robotics/ros2_cobot/install/mycobot_600/lib/python3.10/site-packages:/home/robotics/ros2_cobot/install/mycobot_320pi/lib/python3.10/site-packages:/home/robotics/ros2_cobot/install/mycobot_320_riscv/lib/python3.10/site-packages:/home/robotics/ros2_cobot/install/mycobot_320/lib/python3.10/site-packages:/home/robotics/ros2_cobot/install/mycobot_280pi/lib/python3.10/site-packages:/home/robotics/ros2_cobot/install/mycobot_280jn/lib/python3.10/site-packages:/home/robotics/ros2_cobot/install/mycobot_280_x3pi/lib/python3.10/site-packages:/home/robotics/ros2_cobot/install/mycobot_280_riscv/lib/python3.10/site-packages:/home/robotics/ros2_cobot/install/mycobot_280_rdkx5/lib/python3.10/site-packages:/home/robotics/ros2_cobot/install/mycobot_280_moveit2_control/lib/python3.10/site-packages:/home/robotics/ros2_cobot/install/mycobot_280_arduino/lib/python3.10/site-packages:/home/robotics/ros2_cobot/install/mycobot_280/lib/python3.10/site-packages:/home/robotics/ros2_cobot/install/mybuddy/lib/python3.10/site-packages:/home/robotics/ros2_cobot/install/myarm_300/lib/python3.10/site-packages:/home/robotics/ros2_cobot/install/mecharm_pi/lib/python3.10/site-packages:/home/robotics/ros2_cobot/install/mecharm/lib/python3.10/site-packages:/home/robotics/ros2_cobot/install/mecharm_interfaces/local/lib/python3.10/dist-packages:/opt/ros/humble/lib/python3.10/site-packages:/opt/ros/humble/local/lib/python3.10/dist-packages /usr/bin/python3 -W ignore:setup.py install is deprecated -W ignore:easy_install command is deprecated setup.py egg_info --egg-base ../../../../build/mycobot_280 build --build-base /home/robotics/ros2_cobot/build/mycobot_280/build install --record /home/robotics/ros2_cobot/build/mycobot_280/install.log --single-version-externally-managed install_data
[6.661s] DEBUG:colcon.colcon_core.event_handler.log_command:Invoking command in '/home/robotics/ros2_cobot/src/mycobot_ros2/mycobot_280/mycobot_280_riscv': AMENT_PREFIX_PATH=/home/robotics/ros2_cobot/install/mycobot_description:/home/robotics/ros2_cobot/install/ultraarm:/home/robotics/ros2_cobot/install/traj_scripts:/home/robotics/ros2_cobot/install/mypalletizer_communication:/home/robotics/ros2_cobot/install/mypalletizer_interfaces:/home/robotics/ros2_cobot/install/mypalletizer_260_pi:/home/robotics/ros2_cobot/install/mypalletizer_260:/home/robotics/ros2_cobot/install/myarm_m750:/home/robotics/ros2_cobot/install/myarm_c650:/home/robotics/ros2_cobot/install/mycobot_communication:/home/robotics/ros2_cobot/install/mecharm_communication:/home/robotics/ros2_cobot/install/mycobot_interfaces:/home/robotics/ros2_cobot/install/mycobot_630:/home/robotics/ros2_cobot/install/mycobot_600:/home/robotics/ros2_cobot/install/mycobot_320pi:/home/robotics/ros2_cobot/install/mycobot_320_riscv:/home/robotics/ros2_cobot/install/mycobot_320:/home/robotics/ros2_cobot/install/mycobot_280rdkx5_moveit2:/home/robotics/ros2_cobot/install/mycobot_280pi:/home/robotics/ros2_cobot/install/mycobot_280jn:/home/robotics/ros2_cobot/install/mycobot_280arduino_moveit2:/home/robotics/ros2_cobot/install/mycobot_280_x3pi:/home/robotics/ros2_cobot/install/mycobot_280_riscv:/home/robotics/ros2_cobot/install/mycobot_280_rdkx5:/home/robotics/ros2_cobot/install/mycobot_280_moveit2_control:/home/robotics/ros2_cobot/install/mycobot_280_moveit2:/home/robotics/ros2_cobot/install/mycobot_280_arduino:/home/robotics/ros2_cobot/install/mycobot_280:/home/robotics/ros2_cobot/install/mybuddy:/home/robotics/ros2_cobot/install/myarm_300:/home/robotics/ros2_cobot/install/mecharm_pi:/home/robotics/ros2_cobot/install/mecharm:/home/robotics/ros2_cobot/install/mecharm_interfaces:/opt/ros/humble PYTHONPATH=/home/robotics/ros2_cobot/build/mycobot_280_riscv/prefix_override:/usr/lib/python3/dist-packages/colcon_core/task/python/colcon_distutils_commands:/home/robotics/ros2_cobot/install/mycobot_280_riscv/lib/python3.10/site-packages:/home/robotics/ros2_cobot/install/mycobot_description/lib/python3.10/site-packages:/home/robotics/ros2_cobot/install/ultraarm/lib/python3.10/site-packages:/home/robotics/ros2_cobot/install/traj_scripts/local/lib/python3.10/dist-packages:/home/robotics/ros2_cobot/install/mypalletizer_communication/lib/python3.10/site-packages:/home/robotics/ros2_cobot/install/mypalletizer_interfaces/local/lib/python3.10/dist-packages:/home/robotics/ros2_cobot/install/mypalletizer_260_pi/lib/python3.10/site-packages:/home/robotics/ros2_cobot/install/mypalletizer_260/lib/python3.10/site-packages:/home/robotics/ros2_cobot/install/myarm_m750/lib/python3.10/site-packages:/home/robotics/ros2_cobot/install/myarm_c650/lib/python3.10/site-packages:/home/robotics/ros2_cobot/install/mycobot_communication/lib/python3.10/site-packages:/home/robotics/ros2_cobot/install/mecharm_communication/lib/python3.10/site-packages:/home/robotics/ros2_cobot/install/mycobot_interfaces/local/lib/python3.10/dist-packages:/home/robotics/ros2_cobot/install/mycobot_630/lib/python3.10/site-packages:/home/robotics/ros2_cobot/install/mycobot_600/lib/python3.10/site-packages:/home/robotics/ros2_cobot/install/mycobot_320pi/lib/python3.10/site-packages:/home/robotics/ros2_cobot/install/mycobot_320_riscv/lib/python3.10/site-packages:/home/robotics/ros2_cobot/install/mycobot_320/lib/python3.10/site-packages:/home/robotics/ros2_cobot/install/mycobot_280pi/lib/python3.10/site-packages:/home/robotics/ros2_cobot/install/mycobot_280jn/lib/python3.10/site-packages:/home/robotics/ros2_cobot/install/mycobot_280_x3pi/lib/python3.10/site-packages:/home/robotics/ros2_cobot/install/mycobot_280_riscv/lib/python3.10/site-packages:/home/robotics/ros2_cobot/install/mycobot_280_rdkx5/lib/python3.10/site-packages:/home/robotics/ros2_cobot/install/mycobot_280_moveit2_control/lib/python3.10/site-packages:/home/robotics/ros2_cobot/install/mycobot_280_arduino/lib/python3.10/site-packages:/home/robotics/ros2_cobot/install/mycobot_280/lib/python3.10/site-packages:/home/robotics/ros2_cobot/install/mybuddy/lib/python3.10/site-packages:/home/robotics/ros2_cobot/install/myarm_300/lib/python3.10/site-packages:/home/robotics/ros2_cobot/install/mecharm_pi/lib/python3.10/site-packages:/home/robotics/ros2_cobot/install/mecharm/lib/python3.10/site-packages:/home/robotics/ros2_cobot/install/mecharm_interfaces/local/lib/python3.10/dist-packages:/opt/ros/humble/lib/python3.10/site-packages:/opt/ros/humble/local/lib/python3.10/dist-packages /usr/bin/python3 -W ignore:setup.py install is deprecated -W ignore:easy_install command is deprecated setup.py egg_info --egg-base ../../../../build/mycobot_280_riscv build --build-base /home/robotics/ros2_cobot/build/mycobot_280_riscv/build install --record /home/robotics/ros2_cobot/build/mycobot_280_riscv/install.log --single-version-externally-managed install_data
[6.932s] INFO:colcon.colcon_core.task.python.build:Building Python package in '/home/robotics/ros2_cobot/src/mycobot_ros2/mycobot_320/mycobot_320_riscv'
[6.932s] INFO:colcon.colcon_core.shell:Skip shell extension 'powershell' for command environment: Not usable outside of PowerShell
[6.932s] DEBUG:colcon.colcon_core.shell:Skip shell extension 'dsv' for command environment
[7.191s] INFO:colcon.colcon_core.task.python.build:Building Python package in '/home/robotics/ros2_cobot/src/mycobot_ros2/mycobot_320/mycobot_320pi'
[7.191s] INFO:colcon.colcon_core.shell:Skip shell extension 'powershell' for command environment: Not usable outside of PowerShell
[7.191s] DEBUG:colcon.colcon_core.shell:Skip shell extension 'dsv' for command environment
[7.207s] Level 1:colcon.colcon_core.environment:checking '/home/robotics/ros2_cobot/install/mecharm' for CMake module files
[7.209s] Level 1:colcon.colcon_core.environment:checking '/home/robotics/ros2_cobot/install/mecharm' for CMake config files
[7.211s] Level 1:colcon.colcon_core.environment:checking '/home/robotics/ros2_cobot/install/mecharm/lib'
[7.211s] DEBUG:colcon.colcon_core.event_handler.log_command:Invoking command in '/home/robotics/ros2_cobot/src/mycobot_ros2/mycobot_280/mycobot_280_moveit2_control': AMENT_PREFIX_PATH=/home/robotics/ros2_cobot/install/mycobot_description:/home/robotics/ros2_cobot/install/ultraarm:/home/robotics/ros2_cobot/install/traj_scripts:/home/robotics/ros2_cobot/install/mypalletizer_communication:/home/robotics/ros2_cobot/install/mypalletizer_interfaces:/home/robotics/ros2_cobot/install/mypalletizer_260_pi:/home/robotics/ros2_cobot/install/mypalletizer_260:/home/robotics/ros2_cobot/install/myarm_m750:/home/robotics/ros2_cobot/install/myarm_c650:/home/robotics/ros2_cobot/install/mycobot_communication:/home/robotics/ros2_cobot/install/mecharm_communication:/home/robotics/ros2_cobot/install/mycobot_interfaces:/home/robotics/ros2_cobot/install/mycobot_630:/home/robotics/ros2_cobot/install/mycobot_600:/home/robotics/ros2_cobot/install/mycobot_320pi:/home/robotics/ros2_cobot/install/mycobot_320_riscv:/home/robotics/ros2_cobot/install/mycobot_320:/home/robotics/ros2_cobot/install/mycobot_280rdkx5_moveit2:/home/robotics/ros2_cobot/install/mycobot_280pi:/home/robotics/ros2_cobot/install/mycobot_280jn:/home/robotics/ros2_cobot/install/mycobot_280arduino_moveit2:/home/robotics/ros2_cobot/install/mycobot_280_x3pi:/home/robotics/ros2_cobot/install/mycobot_280_riscv:/home/robotics/ros2_cobot/install/mycobot_280_rdkx5:/home/robotics/ros2_cobot/install/mycobot_280_moveit2_control:/home/robotics/ros2_cobot/install/mycobot_280_moveit2:/home/robotics/ros2_cobot/install/mycobot_280_arduino:/home/robotics/ros2_cobot/install/mycobot_280:/home/robotics/ros2_cobot/install/mybuddy:/home/robotics/ros2_cobot/install/myarm_300:/home/robotics/ros2_cobot/install/mecharm_pi:/home/robotics/ros2_cobot/install/mecharm:/home/robotics/ros2_cobot/install/mecharm_interfaces:/opt/ros/humble PYTHONPATH=/home/robotics/ros2_cobot/build/mycobot_280_moveit2_control/prefix_override:/usr/lib/python3/dist-packages/colcon_core/task/python/colcon_distutils_commands:/home/robotics/ros2_cobot/install/mycobot_280_moveit2_control/lib/python3.10/site-packages:/home/robotics/ros2_cobot/install/mycobot_description/lib/python3.10/site-packages:/home/robotics/ros2_cobot/install/ultraarm/lib/python3.10/site-packages:/home/robotics/ros2_cobot/install/traj_scripts/local/lib/python3.10/dist-packages:/home/robotics/ros2_cobot/install/mypalletizer_communication/lib/python3.10/site-packages:/home/robotics/ros2_cobot/install/mypalletizer_interfaces/local/lib/python3.10/dist-packages:/home/robotics/ros2_cobot/install/mypalletizer_260_pi/lib/python3.10/site-packages:/home/robotics/ros2_cobot/install/mypalletizer_260/lib/python3.10/site-packages:/home/robotics/ros2_cobot/install/myarm_m750/lib/python3.10/site-packages:/home/robotics/ros2_cobot/install/myarm_c650/lib/python3.10/site-packages:/home/robotics/ros2_cobot/install/mycobot_communication/lib/python3.10/site-packages:/home/robotics/ros2_cobot/install/mecharm_communication/lib/python3.10/site-packages:/home/robotics/ros2_cobot/install/mycobot_interfaces/local/lib/python3.10/dist-packages:/home/robotics/ros2_cobot/install/mycobot_630/lib/python3.10/site-packages:/home/robotics/ros2_cobot/install/mycobot_600/lib/python3.10/site-packages:/home/robotics/ros2_cobot/install/mycobot_320pi/lib/python3.10/site-packages:/home/robotics/ros2_cobot/install/mycobot_320_riscv/lib/python3.10/site-packages:/home/robotics/ros2_cobot/install/mycobot_320/lib/python3.10/site-packages:/home/robotics/ros2_cobot/install/mycobot_280pi/lib/python3.10/site-packages:/home/robotics/ros2_cobot/install/mycobot_280jn/lib/python3.10/site-packages:/home/robotics/ros2_cobot/install/mycobot_280_x3pi/lib/python3.10/site-packages:/home/robotics/ros2_cobot/install/mycobot_280_riscv/lib/python3.10/site-packages:/home/robotics/ros2_cobot/install/mycobot_280_rdkx5/lib/python3.10/site-packages:/home/robotics/ros2_cobot/install/mycobot_280_moveit2_control/lib/python3.10/site-packages:/home/robotics/ros2_cobot/install/mycobot_280_arduino/lib/python3.10/site-packages:/home/robotics/ros2_cobot/install/mycobot_280/lib/python3.10/site-packages:/home/robotics/ros2_cobot/install/mybuddy/lib/python3.10/site-packages:/home/robotics/ros2_cobot/install/myarm_300/lib/python3.10/site-packages:/home/robotics/ros2_cobot/install/mecharm_pi/lib/python3.10/site-packages:/home/robotics/ros2_cobot/install/mecharm/lib/python3.10/site-packages:/home/robotics/ros2_cobot/install/mecharm_interfaces/local/lib/python3.10/dist-packages:/opt/ros/humble/lib/python3.10/site-packages:/opt/ros/humble/local/lib/python3.10/dist-packages /usr/bin/python3 -W ignore:setup.py install is deprecated -W ignore:easy_install command is deprecated setup.py egg_info --egg-base ../../../../build/mycobot_280_moveit2_control build --build-base /home/robotics/ros2_cobot/build/mycobot_280_moveit2_control/build install --record /home/robotics/ros2_cobot/build/mycobot_280_moveit2_control/install.log --single-version-externally-managed install_data
[7.212s] Level 1:colcon.colcon_core.environment:checking '/home/robotics/ros2_cobot/install/mecharm/bin'
[7.212s] Level 1:colcon.colcon_core.environment:checking '/home/robotics/ros2_cobot/install/mecharm/lib/pkgconfig/mecharm.pc'
[7.212s] Level 1:colcon.colcon_core.environment:checking '/home/robotics/ros2_cobot/install/mecharm/lib/python3.10/site-packages'
[7.212s] Level 1:colcon.colcon_core.shell:create_environment_hook('mecharm', 'pythonpath')
[7.212s] INFO:colcon.colcon_core.shell:Creating environment hook '/home/robotics/ros2_cobot/install/mecharm/share/mecharm/hook/pythonpath.ps1'
[7.213s] DEBUG:colcon.colcon_core.event_handler.log_command:Invoked command in '/home/robotics/ros2_cobot/src/mycobot_ros2/mecharm/mecharm' returned '0': AMENT_PREFIX_PATH=/home/robotics/ros2_cobot/install/mycobot_description:/home/robotics/ros2_cobot/install/ultraarm:/home/robotics/ros2_cobot/install/traj_scripts:/home/robotics/ros2_cobot/install/mypalletizer_communication:/home/robotics/ros2_cobot/install/mypalletizer_interfaces:/home/robotics/ros2_cobot/install/mypalletizer_260_pi:/home/robotics/ros2_cobot/install/mypalletizer_260:/home/robotics/ros2_cobot/install/myarm_m750:/home/robotics/ros2_cobot/install/myarm_c650:/home/robotics/ros2_cobot/install/mycobot_communication:/home/robotics/ros2_cobot/install/mecharm_communication:/home/robotics/ros2_cobot/install/mycobot_interfaces:/home/robotics/ros2_cobot/install/mycobot_630:/home/robotics/ros2_cobot/install/mycobot_600:/home/robotics/ros2_cobot/install/mycobot_320pi:/home/robotics/ros2_cobot/install/mycobot_320_riscv:/home/robotics/ros2_cobot/install/mycobot_320:/home/robotics/ros2_cobot/install/mycobot_280rdkx5_moveit2:/home/robotics/ros2_cobot/install/mycobot_280pi:/home/robotics/ros2_cobot/install/mycobot_280jn:/home/robotics/ros2_cobot/install/mycobot_280arduino_moveit2:/home/robotics/ros2_cobot/install/mycobot_280_x3pi:/home/robotics/ros2_cobot/install/mycobot_280_riscv:/home/robotics/ros2_cobot/install/mycobot_280_rdkx5:/home/robotics/ros2_cobot/install/mycobot_280_moveit2_control:/home/robotics/ros2_cobot/install/mycobot_280_moveit2:/home/robotics/ros2_cobot/install/mycobot_280_arduino:/home/robotics/ros2_cobot/install/mycobot_280:/home/robotics/ros2_cobot/install/mybuddy:/home/robotics/ros2_cobot/install/myarm_300:/home/robotics/ros2_cobot/install/mecharm_pi:/home/robotics/ros2_cobot/install/mecharm:/home/robotics/ros2_cobot/install/mecharm_interfaces:/opt/ros/humble PYTHONPATH=/home/robotics/ros2_cobot/build/mecharm/prefix_override:/usr/lib/python3/dist-packages/colcon_core/task/python/colcon_distutils_commands:/home/robotics/ros2_cobot/install/mecharm/lib/python3.10/site-packages:/home/robotics/ros2_cobot/install/mycobot_description/lib/python3.10/site-packages:/home/robotics/ros2_cobot/install/ultraarm/lib/python3.10/site-packages:/home/robotics/ros2_cobot/install/traj_scripts/local/lib/python3.10/dist-packages:/home/robotics/ros2_cobot/install/mypalletizer_communication/lib/python3.10/site-packages:/home/robotics/ros2_cobot/install/mypalletizer_interfaces/local/lib/python3.10/dist-packages:/home/robotics/ros2_cobot/install/mypalletizer_260_pi/lib/python3.10/site-packages:/home/robotics/ros2_cobot/install/mypalletizer_260/lib/python3.10/site-packages:/home/robotics/ros2_cobot/install/myarm_m750/lib/python3.10/site-packages:/home/robotics/ros2_cobot/install/myarm_c650/lib/python3.10/site-packages:/home/robotics/ros2_cobot/install/mycobot_communication/lib/python3.10/site-packages:/home/robotics/ros2_cobot/install/mecharm_communication/lib/python3.10/site-packages:/home/robotics/ros2_cobot/install/mycobot_interfaces/local/lib/python3.10/dist-packages:/home/robotics/ros2_cobot/install/mycobot_630/lib/python3.10/site-packages:/home/robotics/ros2_cobot/install/mycobot_600/lib/python3.10/site-packages:/home/robotics/ros2_cobot/install/mycobot_320pi/lib/python3.10/site-packages:/home/robotics/ros2_cobot/install/mycobot_320_riscv/lib/python3.10/site-packages:/home/robotics/ros2_cobot/install/mycobot_320/lib/python3.10/site-packages:/home/robotics/ros2_cobot/install/mycobot_280pi/lib/python3.10/site-packages:/home/robotics/ros2_cobot/install/mycobot_280jn/lib/python3.10/site-packages:/home/robotics/ros2_cobot/install/mycobot_280_x3pi/lib/python3.10/site-packages:/home/robotics/ros2_cobot/install/mycobot_280_riscv/lib/python3.10/site-packages:/home/robotics/ros2_cobot/install/mycobot_280_rdkx5/lib/python3.10/site-packages:/home/robotics/ros2_cobot/install/mycobot_280_moveit2_control/lib/python3.10/site-packages:/home/robotics/ros2_cobot/install/mycobot_280_arduino/lib/python3.10/site-packages:/home/robotics/ros2_cobot/install/mycobot_280/lib/python3.10/site-packages:/home/robotics/ros2_cobot/install/mybuddy/lib/python3.10/site-packages:/home/robotics/ros2_cobot/install/myarm_300/lib/python3.10/site-packages:/home/robotics/ros2_cobot/install/mecharm_pi/lib/python3.10/site-packages:/home/robotics/ros2_cobot/install/mecharm/lib/python3.10/site-packages:/home/robotics/ros2_cobot/install/mecharm_interfaces/local/lib/python3.10/dist-packages:/opt/ros/humble/lib/python3.10/site-packages:/opt/ros/humble/local/lib/python3.10/dist-packages /usr/bin/python3 -W ignore:setup.py install is deprecated -W ignore:easy_install command is deprecated setup.py egg_info --egg-base ../../../../build/mecharm build --build-base /home/robotics/ros2_cobot/build/mecharm/build install --record /home/robotics/ros2_cobot/build/mecharm/install.log --single-version-externally-managed install_data
[7.213s] INFO:colcon.colcon_core.shell:Creating environment descriptor '/home/robotics/ros2_cobot/install/mecharm/share/mecharm/hook/pythonpath.dsv'
[7.213s] INFO:colcon.colcon_core.shell:Creating environment hook '/home/robotics/ros2_cobot/install/mecharm/share/mecharm/hook/pythonpath.sh'
[7.214s] Level 1:colcon.colcon_core.environment:checking '/home/robotics/ros2_cobot/install/mecharm/bin'
[7.214s] Level 1:colcon.colcon_core.environment:create_environment_scripts_only(mecharm)
[7.214s] INFO:colcon.colcon_core.shell:Creating package script '/home/robotics/ros2_cobot/install/mecharm/share/mecharm/package.ps1'
[7.215s] INFO:colcon.colcon_core.shell:Creating package descriptor '/home/robotics/ros2_cobot/install/mecharm/share/mecharm/package.dsv'
[7.215s] INFO:colcon.colcon_core.shell:Creating package script '/home/robotics/ros2_cobot/install/mecharm/share/mecharm/package.sh'
[7.216s] INFO:colcon.colcon_core.shell:Creating package script '/home/robotics/ros2_cobot/install/mecharm/share/mecharm/package.bash'
[7.216s] INFO:colcon.colcon_core.shell:Creating package script '/home/robotics/ros2_cobot/install/mecharm/share/mecharm/package.zsh'
[7.216s] Level 1:colcon.colcon_core.environment:create_file_with_runtime_dependencies(/home/robotics/ros2_cobot/install/mecharm/share/colcon-core/packages/mecharm)
[7.219s] Level 1:colcon.colcon_core.environment:checking '/home/robotics/ros2_cobot/install/mycobot_280jn' for CMake module files
[7.221s] Level 1:colcon.colcon_core.environment:checking '/home/robotics/ros2_cobot/install/mycobot_280jn' for CMake config files
[7.222s] DEBUG:colcon.colcon_core.event_handler.log_command:Invoking command in '/home/robotics/ros2_cobot/src/mycobot_ros2/mycobot_280/mycobot_280_x3pi': AMENT_PREFIX_PATH=/home/robotics/ros2_cobot/install/mycobot_description:/home/robotics/ros2_cobot/install/ultraarm:/home/robotics/ros2_cobot/install/traj_scripts:/home/robotics/ros2_cobot/install/mypalletizer_communication:/home/robotics/ros2_cobot/install/mypalletizer_interfaces:/home/robotics/ros2_cobot/install/mypalletizer_260_pi:/home/robotics/ros2_cobot/install/mypalletizer_260:/home/robotics/ros2_cobot/install/myarm_m750:/home/robotics/ros2_cobot/install/myarm_c650:/home/robotics/ros2_cobot/install/mycobot_communication:/home/robotics/ros2_cobot/install/mecharm_communication:/home/robotics/ros2_cobot/install/mycobot_interfaces:/home/robotics/ros2_cobot/install/mycobot_630:/home/robotics/ros2_cobot/install/mycobot_600:/home/robotics/ros2_cobot/install/mycobot_320pi:/home/robotics/ros2_cobot/install/mycobot_320_riscv:/home/robotics/ros2_cobot/install/mycobot_320:/home/robotics/ros2_cobot/install/mycobot_280rdkx5_moveit2:/home/robotics/ros2_cobot/install/mycobot_280pi:/home/robotics/ros2_cobot/install/mycobot_280jn:/home/robotics/ros2_cobot/install/mycobot_280arduino_moveit2:/home/robotics/ros2_cobot/install/mycobot_280_x3pi:/home/robotics/ros2_cobot/install/mycobot_280_riscv:/home/robotics/ros2_cobot/install/mycobot_280_rdkx5:/home/robotics/ros2_cobot/install/mycobot_280_moveit2_control:/home/robotics/ros2_cobot/install/mycobot_280_moveit2:/home/robotics/ros2_cobot/install/mycobot_280_arduino:/home/robotics/ros2_cobot/install/mycobot_280:/home/robotics/ros2_cobot/install/mybuddy:/home/robotics/ros2_cobot/install/myarm_300:/home/robotics/ros2_cobot/install/mecharm_pi:/home/robotics/ros2_cobot/install/mecharm:/home/robotics/ros2_cobot/install/mecharm_interfaces:/opt/ros/humble PYTHONPATH=/home/robotics/ros2_cobot/build/mycobot_280_x3pi/prefix_override:/usr/lib/python3/dist-packages/colcon_core/task/python/colcon_distutils_commands:/home/robotics/ros2_cobot/install/mycobot_280_x3pi/lib/python3.10/site-packages:/home/robotics/ros2_cobot/install/mycobot_description/lib/python3.10/site-packages:/home/robotics/ros2_cobot/install/ultraarm/lib/python3.10/site-packages:/home/robotics/ros2_cobot/install/traj_scripts/local/lib/python3.10/dist-packages:/home/robotics/ros2_cobot/install/mypalletizer_communication/lib/python3.10/site-packages:/home/robotics/ros2_cobot/install/mypalletizer_interfaces/local/lib/python3.10/dist-packages:/home/robotics/ros2_cobot/install/mypalletizer_260_pi/lib/python3.10/site-packages:/home/robotics/ros2_cobot/install/mypalletizer_260/lib/python3.10/site-packages:/home/robotics/ros2_cobot/install/myarm_m750/lib/python3.10/site-packages:/home/robotics/ros2_cobot/install/myarm_c650/lib/python3.10/site-packages:/home/robotics/ros2_cobot/install/mycobot_communication/lib/python3.10/site-packages:/home/robotics/ros2_cobot/install/mecharm_communication/lib/python3.10/site-packages:/home/robotics/ros2_cobot/install/mycobot_interfaces/local/lib/python3.10/dist-packages:/home/robotics/ros2_cobot/install/mycobot_630/lib/python3.10/site-packages:/home/robotics/ros2_cobot/install/mycobot_600/lib/python3.10/site-packages:/home/robotics/ros2_cobot/install/mycobot_320pi/lib/python3.10/site-packages:/home/robotics/ros2_cobot/install/mycobot_320_riscv/lib/python3.10/site-packages:/home/robotics/ros2_cobot/install/mycobot_320/lib/python3.10/site-packages:/home/robotics/ros2_cobot/install/mycobot_280pi/lib/python3.10/site-packages:/home/robotics/ros2_cobot/install/mycobot_280jn/lib/python3.10/site-packages:/home/robotics/ros2_cobot/install/mycobot_280_x3pi/lib/python3.10/site-packages:/home/robotics/ros2_cobot/install/mycobot_280_riscv/lib/python3.10/site-packages:/home/robotics/ros2_cobot/install/mycobot_280_rdkx5/lib/python3.10/site-packages:/home/robotics/ros2_cobot/install/mycobot_280_moveit2_control/lib/python3.10/site-packages:/home/robotics/ros2_cobot/install/mycobot_280_arduino/lib/python3.10/site-packages:/home/robotics/ros2_cobot/install/mycobot_280/lib/python3.10/site-packages:/home/robotics/ros2_cobot/install/mybuddy/lib/python3.10/site-packages:/home/robotics/ros2_cobot/install/myarm_300/lib/python3.10/site-packages:/home/robotics/ros2_cobot/install/mecharm_pi/lib/python3.10/site-packages:/home/robotics/ros2_cobot/install/mecharm/lib/python3.10/site-packages:/home/robotics/ros2_cobot/install/mecharm_interfaces/local/lib/python3.10/dist-packages:/opt/ros/humble/lib/python3.10/site-packages:/opt/ros/humble/local/lib/python3.10/dist-packages /usr/bin/python3 -W ignore:setup.py install is deprecated -W ignore:easy_install command is deprecated setup.py egg_info --egg-base ../../../../build/mycobot_280_x3pi build --build-base /home/robotics/ros2_cobot/build/mycobot_280_x3pi/build install --record /home/robotics/ros2_cobot/build/mycobot_280_x3pi/install.log --single-version-externally-managed install_data
[7.222s] DEBUG:colcon.colcon_core.event_handler.log_command:Invoked command in '/home/robotics/ros2_cobot/src/mycobot_ros2/mycobot_280/mycobot_280jn' returned '0': AMENT_PREFIX_PATH=/home/robotics/ros2_cobot/install/mycobot_description:/home/robotics/ros2_cobot/install/ultraarm:/home/robotics/ros2_cobot/install/traj_scripts:/home/robotics/ros2_cobot/install/mypalletizer_communication:/home/robotics/ros2_cobot/install/mypalletizer_interfaces:/home/robotics/ros2_cobot/install/mypalletizer_260_pi:/home/robotics/ros2_cobot/install/mypalletizer_260:/home/robotics/ros2_cobot/install/myarm_m750:/home/robotics/ros2_cobot/install/myarm_c650:/home/robotics/ros2_cobot/install/mycobot_communication:/home/robotics/ros2_cobot/install/mecharm_communication:/home/robotics/ros2_cobot/install/mycobot_interfaces:/home/robotics/ros2_cobot/install/mycobot_630:/home/robotics/ros2_cobot/install/mycobot_600:/home/robotics/ros2_cobot/install/mycobot_320pi:/home/robotics/ros2_cobot/install/mycobot_320_riscv:/home/robotics/ros2_cobot/install/mycobot_320:/home/robotics/ros2_cobot/install/mycobot_280rdkx5_moveit2:/home/robotics/ros2_cobot/install/mycobot_280pi:/home/robotics/ros2_cobot/install/mycobot_280jn:/home/robotics/ros2_cobot/install/mycobot_280arduino_moveit2:/home/robotics/ros2_cobot/install/mycobot_280_x3pi:/home/robotics/ros2_cobot/install/mycobot_280_riscv:/home/robotics/ros2_cobot/install/mycobot_280_rdkx5:/home/robotics/ros2_cobot/install/mycobot_280_moveit2_control:/home/robotics/ros2_cobot/install/mycobot_280_moveit2:/home/robotics/ros2_cobot/install/mycobot_280_arduino:/home/robotics/ros2_cobot/install/mycobot_280:/home/robotics/ros2_cobot/install/mybuddy:/home/robotics/ros2_cobot/install/myarm_300:/home/robotics/ros2_cobot/install/mecharm_pi:/home/robotics/ros2_cobot/install/mecharm:/home/robotics/ros2_cobot/install/mecharm_interfaces:/opt/ros/humble PYTHONPATH=/home/robotics/ros2_cobot/build/mycobot_280jn/prefix_override:/usr/lib/python3/dist-packages/colcon_core/task/python/colcon_distutils_commands:/home/robotics/ros2_cobot/install/mycobot_280jn/lib/python3.10/site-packages:/home/robotics/ros2_cobot/install/mycobot_description/lib/python3.10/site-packages:/home/robotics/ros2_cobot/install/ultraarm/lib/python3.10/site-packages:/home/robotics/ros2_cobot/install/traj_scripts/local/lib/python3.10/dist-packages:/home/robotics/ros2_cobot/install/mypalletizer_communication/lib/python3.10/site-packages:/home/robotics/ros2_cobot/install/mypalletizer_interfaces/local/lib/python3.10/dist-packages:/home/robotics/ros2_cobot/install/mypalletizer_260_pi/lib/python3.10/site-packages:/home/robotics/ros2_cobot/install/mypalletizer_260/lib/python3.10/site-packages:/home/robotics/ros2_cobot/install/myarm_m750/lib/python3.10/site-packages:/home/robotics/ros2_cobot/install/myarm_c650/lib/python3.10/site-packages:/home/robotics/ros2_cobot/install/mycobot_communication/lib/python3.10/site-packages:/home/robotics/ros2_cobot/install/mecharm_communication/lib/python3.10/site-packages:/home/robotics/ros2_cobot/install/mycobot_interfaces/local/lib/python3.10/dist-packages:/home/robotics/ros2_cobot/install/mycobot_630/lib/python3.10/site-packages:/home/robotics/ros2_cobot/install/mycobot_600/lib/python3.10/site-packages:/home/robotics/ros2_cobot/install/mycobot_320pi/lib/python3.10/site-packages:/home/robotics/ros2_cobot/install/mycobot_320_riscv/lib/python3.10/site-packages:/home/robotics/ros2_cobot/install/mycobot_320/lib/python3.10/site-packages:/home/robotics/ros2_cobot/install/mycobot_280pi/lib/python3.10/site-packages:/home/robotics/ros2_cobot/install/mycobot_280jn/lib/python3.10/site-packages:/home/robotics/ros2_cobot/install/mycobot_280_x3pi/lib/python3.10/site-packages:/home/robotics/ros2_cobot/install/mycobot_280_riscv/lib/python3.10/site-packages:/home/robotics/ros2_cobot/install/mycobot_280_rdkx5/lib/python3.10/site-packages:/home/robotics/ros2_cobot/install/mycobot_280_moveit2_control/lib/python3.10/site-packages:/home/robotics/ros2_cobot/install/mycobot_280_arduino/lib/python3.10/site-packages:/home/robotics/ros2_cobot/install/mycobot_280/lib/python3.10/site-packages:/home/robotics/ros2_cobot/install/mybuddy/lib/python3.10/site-packages:/home/robotics/ros2_cobot/install/myarm_300/lib/python3.10/site-packages:/home/robotics/ros2_cobot/install/mecharm_pi/lib/python3.10/site-packages:/home/robotics/ros2_cobot/install/mecharm/lib/python3.10/site-packages:/home/robotics/ros2_cobot/install/mecharm_interfaces/local/lib/python3.10/dist-packages:/opt/ros/humble/lib/python3.10/site-packages:/opt/ros/humble/local/lib/python3.10/dist-packages /usr/bin/python3 -W ignore:setup.py install is deprecated -W ignore:easy_install command is deprecated setup.py egg_info --egg-base ../../../../build/mycobot_280jn build --build-base /home/robotics/ros2_cobot/build/mycobot_280jn/build install --record /home/robotics/ros2_cobot/build/mycobot_280jn/install.log --single-version-externally-managed install_data
[7.223s] Level 1:colcon.colcon_core.environment:checking '/home/robotics/ros2_cobot/install/mycobot_280jn/lib'
[7.223s] Level 1:colcon.colcon_core.environment:checking '/home/robotics/ros2_cobot/install/mycobot_280jn/bin'
[7.223s] Level 1:colcon.colcon_core.environment:checking '/home/robotics/ros2_cobot/install/mycobot_280jn/lib/pkgconfig/mycobot_280jn.pc'
[7.223s] Level 1:colcon.colcon_core.environment:checking '/home/robotics/ros2_cobot/install/mycobot_280jn/lib/python3.10/site-packages'
[7.223s] Level 1:colcon.colcon_core.shell:create_environment_hook('mycobot_280jn', 'pythonpath')
[7.223s] INFO:colcon.colcon_core.shell:Creating environment hook '/home/robotics/ros2_cobot/install/mycobot_280jn/share/mycobot_280jn/hook/pythonpath.ps1'
[7.224s] INFO:colcon.colcon_core.shell:Creating environment descriptor '/home/robotics/ros2_cobot/install/mycobot_280jn/share/mycobot_280jn/hook/pythonpath.dsv'
[7.224s] INFO:colcon.colcon_core.shell:Creating environment hook '/home/robotics/ros2_cobot/install/mycobot_280jn/share/mycobot_280jn/hook/pythonpath.sh'
[7.225s] Level 1:colcon.colcon_core.environment:checking '/home/robotics/ros2_cobot/install/mycobot_280jn/bin'
[7.225s] Level 1:colcon.colcon_core.environment:create_environment_scripts_only(mycobot_280jn)
[7.225s] INFO:colcon.colcon_core.shell:Creating package script '/home/robotics/ros2_cobot/install/mycobot_280jn/share/mycobot_280jn/package.ps1'
[7.225s] INFO:colcon.colcon_core.shell:Creating package descriptor '/home/robotics/ros2_cobot/install/mycobot_280jn/share/mycobot_280jn/package.dsv'
[7.226s] INFO:colcon.colcon_core.shell:Creating package script '/home/robotics/ros2_cobot/install/mycobot_280jn/share/mycobot_280jn/package.sh'
[7.226s] INFO:colcon.colcon_core.shell:Creating package script '/home/robotics/ros2_cobot/install/mycobot_280jn/share/mycobot_280jn/package.bash'
[7.226s] INFO:colcon.colcon_core.shell:Creating package script '/home/robotics/ros2_cobot/install/mycobot_280jn/share/mycobot_280jn/package.zsh'
[7.227s] Level 1:colcon.colcon_core.environment:create_file_with_runtime_dependencies(/home/robotics/ros2_cobot/install/mycobot_280jn/share/colcon-core/packages/mycobot_280jn)
[7.228s] INFO:colcon.colcon_ros.task.ament_python.build:Building ROS package in '/home/robotics/ros2_cobot/src/mycobot_ros2/mycobot_pro/mycobot_600' with build type 'ament_python'
[7.229s] Level 1:colcon.colcon_core.shell:create_environment_hook('mycobot_600', 'ament_prefix_path')
[7.229s] INFO:colcon.colcon_core.shell:Creating environment hook '/home/robotics/ros2_cobot/install/mycobot_600/share/mycobot_600/hook/ament_prefix_path.ps1'
[7.229s] INFO:colcon.colcon_core.shell:Creating environment descriptor '/home/robotics/ros2_cobot/install/mycobot_600/share/mycobot_600/hook/ament_prefix_path.dsv'
[7.230s] INFO:colcon.colcon_core.shell:Creating environment hook '/home/robotics/ros2_cobot/install/mycobot_600/share/mycobot_600/hook/ament_prefix_path.sh'
[7.230s] INFO:colcon.colcon_core.shell:Skip shell extension 'powershell' for command environment: Not usable outside of PowerShell
[7.230s] DEBUG:colcon.colcon_core.shell:Skip shell extension 'dsv' for command environment
[7.234s] INFO:colcon.colcon_ros.task.ament_python.build:Building ROS package in '/home/robotics/ros2_cobot/src/mycobot_ros2/mycobot_pro/mycobot_630' with build type 'ament_python'
[7.234s] Level 1:colcon.colcon_core.shell:create_environment_hook('mycobot_630', 'ament_prefix_path')
[7.234s] INFO:colcon.colcon_core.shell:Creating environment hook '/home/robotics/ros2_cobot/install/mycobot_630/share/mycobot_630/hook/ament_prefix_path.ps1'
[7.235s] INFO:colcon.colcon_core.shell:Creating environment descriptor '/home/robotics/ros2_cobot/install/mycobot_630/share/mycobot_630/hook/ament_prefix_path.dsv'
[7.235s] INFO:colcon.colcon_core.shell:Creating environment hook '/home/robotics/ros2_cobot/install/mycobot_630/share/mycobot_630/hook/ament_prefix_path.sh'
[7.237s] INFO:colcon.colcon_core.shell:Skip shell extension 'powershell' for command environment: Not usable outside of PowerShell
[7.237s] DEBUG:colcon.colcon_core.shell:Skip shell extension 'dsv' for command environment
[7.245s] Level 1:colcon.colcon_core.environment:create_environment_scripts_only(mycobot_280rdkx5_moveit2)
[7.245s] Level 1:colcon.colcon_core.environment:checking '/home/robotics/ros2_cobot/install/mycobot_280rdkx5_moveit2' for CMake module files
[7.246s] DEBUG:colcon.colcon_core.event_handler.log_command:Invoked command in '/home/robotics/ros2_cobot/build/mycobot_280rdkx5_moveit2' returned '0': AMENT_PREFIX_PATH=/home/robotics/ros2_cobot/install/mycobot_description:/home/robotics/ros2_cobot/install/ultraarm:/home/robotics/ros2_cobot/install/traj_scripts:/home/robotics/ros2_cobot/install/mypalletizer_communication:/home/robotics/ros2_cobot/install/mypalletizer_interfaces:/home/robotics/ros2_cobot/install/mypalletizer_260_pi:/home/robotics/ros2_cobot/install/mypalletizer_260:/home/robotics/ros2_cobot/install/myarm_m750:/home/robotics/ros2_cobot/install/myarm_c650:/home/robotics/ros2_cobot/install/mycobot_communication:/home/robotics/ros2_cobot/install/mecharm_communication:/home/robotics/ros2_cobot/install/mycobot_interfaces:/home/robotics/ros2_cobot/install/mycobot_630:/home/robotics/ros2_cobot/install/mycobot_600:/home/robotics/ros2_cobot/install/mycobot_320pi:/home/robotics/ros2_cobot/install/mycobot_320_riscv:/home/robotics/ros2_cobot/install/mycobot_320:/home/robotics/ros2_cobot/install/mycobot_280rdkx5_moveit2:/home/robotics/ros2_cobot/install/mycobot_280pi:/home/robotics/ros2_cobot/install/mycobot_280jn:/home/robotics/ros2_cobot/install/mycobot_280arduino_moveit2:/home/robotics/ros2_cobot/install/mycobot_280_x3pi:/home/robotics/ros2_cobot/install/mycobot_280_riscv:/home/robotics/ros2_cobot/install/mycobot_280_rdkx5:/home/robotics/ros2_cobot/install/mycobot_280_moveit2_control:/home/robotics/ros2_cobot/install/mycobot_280_moveit2:/home/robotics/ros2_cobot/install/mycobot_280_arduino:/home/robotics/ros2_cobot/install/mycobot_280:/home/robotics/ros2_cobot/install/mybuddy:/home/robotics/ros2_cobot/install/myarm_300:/home/robotics/ros2_cobot/install/mecharm_pi:/home/robotics/ros2_cobot/install/mecharm:/home/robotics/ros2_cobot/install/mecharm_interfaces:/opt/ros/humble CMAKE_PREFIX_PATH=${CMAKE_PREFIX_PATH}:/home/robotics/ros2_cobot/install/ultraarm:/home/robotics/ros2_cobot/install/mypalletizer_communication:/home/robotics/ros2_cobot/install/mypalletizer_260_pi:/home/robotics/ros2_cobot/install/mypalletizer_260:/home/robotics/ros2_cobot/install/myarm_m750:/home/robotics/ros2_cobot/install/myarm_c650:/home/robotics/ros2_cobot/install/mycobot_communication:/home/robotics/ros2_cobot/install/mecharm_communication:/home/robotics/ros2_cobot/install/mycobot_630:/home/robotics/ros2_cobot/install/mycobot_600:/home/robotics/ros2_cobot/install/mycobot_320pi:/home/robotics/ros2_cobot/install/mycobot_320_riscv:/home/robotics/ros2_cobot/install/mycobot_320:/home/robotics/ros2_cobot/install/mycobot_280pi:/home/robotics/ros2_cobot/install/mycobot_280jn:/home/robotics/ros2_cobot/install/mycobot_280_x3pi:/home/robotics/ros2_cobot/install/mycobot_280_riscv:/home/robotics/ros2_cobot/install/mycobot_280_rdkx5:/home/robotics/ros2_cobot/install/mycobot_280_moveit2_control:/home/robotics/ros2_cobot/install/mycobot_280_arduino:/home/robotics/ros2_cobot/install/mycobot_280:/home/robotics/ros2_cobot/install/mybuddy:/home/robotics/ros2_cobot/install/myarm_300:/home/robotics/ros2_cobot/install/mecharm_pi:/home/robotics/ros2_cobot/install/mecharm:/home/robotics/ros2_cobot/install/mycobot_description:/opt/ros/humble PYTHONPATH=/home/robotics/ros2_cobot/install/mycobot_description/lib/python3.10/site-packages:/home/robotics/ros2_cobot/install/ultraarm/lib/python3.10/site-packages:/home/robotics/ros2_cobot/install/traj_scripts/local/lib/python3.10/dist-packages:/home/robotics/ros2_cobot/install/mypalletizer_communication/lib/python3.10/site-packages:/home/robotics/ros2_cobot/install/mypalletizer_interfaces/local/lib/python3.10/dist-packages:/home/robotics/ros2_cobot/install/mypalletizer_260_pi/lib/python3.10/site-packages:/home/robotics/ros2_cobot/install/mypalletizer_260/lib/python3.10/site-packages:/home/robotics/ros2_cobot/install/myarm_m750/lib/python3.10/site-packages:/home/robotics/ros2_cobot/install/myarm_c650/lib/python3.10/site-packages:/home/robotics/ros2_cobot/install/mycobot_communication/lib/python3.10/site-packages:/home/robotics/ros2_cobot/install/mecharm_communication/lib/python3.10/site-packages:/home/robotics/ros2_cobot/install/mycobot_interfaces/local/lib/python3.10/dist-packages:/home/robotics/ros2_cobot/install/mycobot_630/lib/python3.10/site-packages:/home/robotics/ros2_cobot/install/mycobot_600/lib/python3.10/site-packages:/home/robotics/ros2_cobot/install/mycobot_320pi/lib/python3.10/site-packages:/home/robotics/ros2_cobot/install/mycobot_320_riscv/lib/python3.10/site-packages:/home/robotics/ros2_cobot/install/mycobot_320/lib/python3.10/site-packages:/home/robotics/ros2_cobot/install/mycobot_280pi/lib/python3.10/site-packages:/home/robotics/ros2_cobot/install/mycobot_280jn/lib/python3.10/site-packages:/home/robotics/ros2_cobot/install/mycobot_280_x3pi/lib/python3.10/site-packages:/home/robotics/ros2_cobot/install/mycobot_280_riscv/lib/python3.10/site-packages:/home/robotics/ros2_cobot/install/mycobot_280_rdkx5/lib/python3.10/site-packages:/home/robotics/ros2_cobot/install/mycobot_280_moveit2_control/lib/python3.10/site-packages:/home/robotics/ros2_cobot/install/mycobot_280_arduino/lib/python3.10/site-packages:/home/robotics/ros2_cobot/install/mycobot_280/lib/python3.10/site-packages:/home/robotics/ros2_cobot/install/mybuddy/lib/python3.10/site-packages:/home/robotics/ros2_cobot/install/myarm_300/lib/python3.10/site-packages:/home/robotics/ros2_cobot/install/mecharm_pi/lib/python3.10/site-packages:/home/robotics/ros2_cobot/install/mecharm/lib/python3.10/site-packages:/home/robotics/ros2_cobot/install/mecharm_interfaces/local/lib/python3.10/dist-packages:/opt/ros/humble/lib/python3.10/site-packages:/opt/ros/humble/local/lib/python3.10/dist-packages /usr/bin/cmake --install /home/robotics/ros2_cobot/build/mycobot_280rdkx5_moveit2
[7.246s] Level 1:colcon.colcon_core.environment:checking '/home/robotics/ros2_cobot/install/mycobot_280rdkx5_moveit2' for CMake config files
[7.246s] Level 1:colcon.colcon_core.shell:create_environment_hook('mycobot_280rdkx5_moveit2', 'cmake_prefix_path')
[7.246s] INFO:colcon.colcon_core.shell:Creating environment hook '/home/robotics/ros2_cobot/install/mycobot_280rdkx5_moveit2/share/mycobot_280rdkx5_moveit2/hook/cmake_prefix_path.ps1'
[7.247s] INFO:colcon.colcon_core.shell:Creating environment descriptor '/home/robotics/ros2_cobot/install/mycobot_280rdkx5_moveit2/share/mycobot_280rdkx5_moveit2/hook/cmake_prefix_path.dsv'
[7.247s] INFO:colcon.colcon_core.shell:Creating environment hook '/home/robotics/ros2_cobot/install/mycobot_280rdkx5_moveit2/share/mycobot_280rdkx5_moveit2/hook/cmake_prefix_path.sh'
[7.248s] Level 1:colcon.colcon_core.environment:checking '/home/robotics/ros2_cobot/install/mycobot_280rdkx5_moveit2/bin'
[7.248s] Level 1:colcon.colcon_core.environment:checking '/home/robotics/ros2_cobot/install/mycobot_280rdkx5_moveit2/lib/pkgconfig/mycobot_280rdkx5_moveit2.pc'
[7.248s] Level 1:colcon.colcon_core.environment:checking '/home/robotics/ros2_cobot/install/mycobot_280rdkx5_moveit2/lib/python3.10/site-packages'
[7.248s] Level 1:colcon.colcon_core.environment:checking '/home/robotics/ros2_cobot/install/mycobot_280rdkx5_moveit2/bin'
[7.248s] INFO:colcon.colcon_core.shell:Creating package script '/home/robotics/ros2_cobot/install/mycobot_280rdkx5_moveit2/share/mycobot_280rdkx5_moveit2/package.ps1'
[7.249s] INFO:colcon.colcon_core.shell:Creating package descriptor '/home/robotics/ros2_cobot/install/mycobot_280rdkx5_moveit2/share/mycobot_280rdkx5_moveit2/package.dsv'
[7.249s] INFO:colcon.colcon_core.shell:Creating package script '/home/robotics/ros2_cobot/install/mycobot_280rdkx5_moveit2/share/mycobot_280rdkx5_moveit2/package.sh'
[7.249s] INFO:colcon.colcon_core.shell:Creating package script '/home/robotics/ros2_cobot/install/mycobot_280rdkx5_moveit2/share/mycobot_280rdkx5_moveit2/package.bash'
[7.249s] INFO:colcon.colcon_core.shell:Creating package script '/home/robotics/ros2_cobot/install/mycobot_280rdkx5_moveit2/share/mycobot_280rdkx5_moveit2/package.zsh'
[7.250s] Level 1:colcon.colcon_core.environment:create_file_with_runtime_dependencies(/home/robotics/ros2_cobot/install/mycobot_280rdkx5_moveit2/share/colcon-core/packages/mycobot_280rdkx5_moveit2)
[7.250s] Level 1:colcon.colcon_core.environment:create_environment_scripts_only(mycobot_280rdkx5_moveit2)
[7.250s] Level 1:colcon.colcon_core.environment:checking '/home/robotics/ros2_cobot/install/mycobot_280rdkx5_moveit2' for CMake module files
[7.251s] Level 1:colcon.colcon_core.environment:checking '/home/robotics/ros2_cobot/install/mycobot_280rdkx5_moveit2' for CMake config files
[7.251s] Level 1:colcon.colcon_core.shell:create_environment_hook('mycobot_280rdkx5_moveit2', 'cmake_prefix_path')
[7.251s] INFO:colcon.colcon_core.shell:Creating environment hook '/home/robotics/ros2_cobot/install/mycobot_280rdkx5_moveit2/share/mycobot_280rdkx5_moveit2/hook/cmake_prefix_path.ps1'
[7.251s] INFO:colcon.colcon_core.shell:Creating environment descriptor '/home/robotics/ros2_cobot/install/mycobot_280rdkx5_moveit2/share/mycobot_280rdkx5_moveit2/hook/cmake_prefix_path.dsv'
[7.252s] INFO:colcon.colcon_core.shell:Creating environment hook '/home/robotics/ros2_cobot/install/mycobot_280rdkx5_moveit2/share/mycobot_280rdkx5_moveit2/hook/cmake_prefix_path.sh'
[7.252s] Level 1:colcon.colcon_core.environment:checking '/home/robotics/ros2_cobot/install/mycobot_280rdkx5_moveit2/bin'
[7.252s] Level 1:colcon.colcon_core.environment:checking '/home/robotics/ros2_cobot/install/mycobot_280rdkx5_moveit2/lib/pkgconfig/mycobot_280rdkx5_moveit2.pc'
[7.252s] Level 1:colcon.colcon_core.environment:checking '/home/robotics/ros2_cobot/install/mycobot_280rdkx5_moveit2/lib/python3.10/site-packages'
[7.252s] Level 1:colcon.colcon_core.environment:checking '/home/robotics/ros2_cobot/install/mycobot_280rdkx5_moveit2/bin'
[7.253s] INFO:colcon.colcon_core.shell:Creating package script '/home/robotics/ros2_cobot/install/mycobot_280rdkx5_moveit2/share/mycobot_280rdkx5_moveit2/package.ps1'
[7.253s] INFO:colcon.colcon_core.shell:Creating package descriptor '/home/robotics/ros2_cobot/install/mycobot_280rdkx5_moveit2/share/mycobot_280rdkx5_moveit2/package.dsv'
[7.254s] INFO:colcon.colcon_core.shell:Creating package script '/home/robotics/ros2_cobot/install/mycobot_280rdkx5_moveit2/share/mycobot_280rdkx5_moveit2/package.sh'
[7.256s] INFO:colcon.colcon_core.shell:Creating package script '/home/robotics/ros2_cobot/install/mycobot_280rdkx5_moveit2/share/mycobot_280rdkx5_moveit2/package.bash'
[7.256s] INFO:colcon.colcon_core.shell:Creating package script '/home/robotics/ros2_cobot/install/mycobot_280rdkx5_moveit2/share/mycobot_280rdkx5_moveit2/package.zsh'
[7.256s] Level 1:colcon.colcon_core.environment:create_file_with_runtime_dependencies(/home/robotics/ros2_cobot/install/mycobot_280rdkx5_moveit2/share/colcon-core/packages/mycobot_280rdkx5_moveit2)
[7.257s] Level 1:colcon.colcon_core.environment:checking '/home/robotics/ros2_cobot/install/mycobot_280_arduino' for CMake module files
[7.258s] Level 1:colcon.colcon_core.environment:checking '/home/robotics/ros2_cobot/install/mycobot_280_arduino' for CMake config files
[7.258s] DEBUG:colcon.colcon_core.event_handler.log_command:Invoked command in '/home/robotics/ros2_cobot/src/mycobot_ros2/mycobot_280/mycobot_280_arduino' returned '0': AMENT_PREFIX_PATH=/home/robotics/ros2_cobot/install/mycobot_description:/home/robotics/ros2_cobot/install/ultraarm:/home/robotics/ros2_cobot/install/traj_scripts:/home/robotics/ros2_cobot/install/mypalletizer_communication:/home/robotics/ros2_cobot/install/mypalletizer_interfaces:/home/robotics/ros2_cobot/install/mypalletizer_260_pi:/home/robotics/ros2_cobot/install/mypalletizer_260:/home/robotics/ros2_cobot/install/myarm_m750:/home/robotics/ros2_cobot/install/myarm_c650:/home/robotics/ros2_cobot/install/mycobot_communication:/home/robotics/ros2_cobot/install/mecharm_communication:/home/robotics/ros2_cobot/install/mycobot_interfaces:/home/robotics/ros2_cobot/install/mycobot_630:/home/robotics/ros2_cobot/install/mycobot_600:/home/robotics/ros2_cobot/install/mycobot_320pi:/home/robotics/ros2_cobot/install/mycobot_320_riscv:/home/robotics/ros2_cobot/install/mycobot_320:/home/robotics/ros2_cobot/install/mycobot_280rdkx5_moveit2:/home/robotics/ros2_cobot/install/mycobot_280pi:/home/robotics/ros2_cobot/install/mycobot_280jn:/home/robotics/ros2_cobot/install/mycobot_280arduino_moveit2:/home/robotics/ros2_cobot/install/mycobot_280_x3pi:/home/robotics/ros2_cobot/install/mycobot_280_riscv:/home/robotics/ros2_cobot/install/mycobot_280_rdkx5:/home/robotics/ros2_cobot/install/mycobot_280_moveit2_control:/home/robotics/ros2_cobot/install/mycobot_280_moveit2:/home/robotics/ros2_cobot/install/mycobot_280_arduino:/home/robotics/ros2_cobot/install/mycobot_280:/home/robotics/ros2_cobot/install/mybuddy:/home/robotics/ros2_cobot/install/myarm_300:/home/robotics/ros2_cobot/install/mecharm_pi:/home/robotics/ros2_cobot/install/mecharm:/home/robotics/ros2_cobot/install/mecharm_interfaces:/opt/ros/humble PYTHONPATH=/home/robotics/ros2_cobot/build/mycobot_280_arduino/prefix_override:/usr/lib/python3/dist-packages/colcon_core/task/python/colcon_distutils_commands:/home/robotics/ros2_cobot/install/mycobot_280_arduino/lib/python3.10/site-packages:/home/robotics/ros2_cobot/install/mycobot_description/lib/python3.10/site-packages:/home/robotics/ros2_cobot/install/ultraarm/lib/python3.10/site-packages:/home/robotics/ros2_cobot/install/traj_scripts/local/lib/python3.10/dist-packages:/home/robotics/ros2_cobot/install/mypalletizer_communication/lib/python3.10/site-packages:/home/robotics/ros2_cobot/install/mypalletizer_interfaces/local/lib/python3.10/dist-packages:/home/robotics/ros2_cobot/install/mypalletizer_260_pi/lib/python3.10/site-packages:/home/robotics/ros2_cobot/install/mypalletizer_260/lib/python3.10/site-packages:/home/robotics/ros2_cobot/install/myarm_m750/lib/python3.10/site-packages:/home/robotics/ros2_cobot/install/myarm_c650/lib/python3.10/site-packages:/home/robotics/ros2_cobot/install/mycobot_communication/lib/python3.10/site-packages:/home/robotics/ros2_cobot/install/mecharm_communication/lib/python3.10/site-packages:/home/robotics/ros2_cobot/install/mycobot_interfaces/local/lib/python3.10/dist-packages:/home/robotics/ros2_cobot/install/mycobot_630/lib/python3.10/site-packages:/home/robotics/ros2_cobot/install/mycobot_600/lib/python3.10/site-packages:/home/robotics/ros2_cobot/install/mycobot_320pi/lib/python3.10/site-packages:/home/robotics/ros2_cobot/install/mycobot_320_riscv/lib/python3.10/site-packages:/home/robotics/ros2_cobot/install/mycobot_320/lib/python3.10/site-packages:/home/robotics/ros2_cobot/install/mycobot_280pi/lib/python3.10/site-packages:/home/robotics/ros2_cobot/install/mycobot_280jn/lib/python3.10/site-packages:/home/robotics/ros2_cobot/install/mycobot_280_x3pi/lib/python3.10/site-packages:/home/robotics/ros2_cobot/install/mycobot_280_riscv/lib/python3.10/site-packages:/home/robotics/ros2_cobot/install/mycobot_280_rdkx5/lib/python3.10/site-packages:/home/robotics/ros2_cobot/install/mycobot_280_moveit2_control/lib/python3.10/site-packages:/home/robotics/ros2_cobot/install/mycobot_280_arduino/lib/python3.10/site-packages:/home/robotics/ros2_cobot/install/mycobot_280/lib/python3.10/site-packages:/home/robotics/ros2_cobot/install/mybuddy/lib/python3.10/site-packages:/home/robotics/ros2_cobot/install/myarm_300/lib/python3.10/site-packages:/home/robotics/ros2_cobot/install/mecharm_pi/lib/python3.10/site-packages:/home/robotics/ros2_cobot/install/mecharm/lib/python3.10/site-packages:/home/robotics/ros2_cobot/install/mecharm_interfaces/local/lib/python3.10/dist-packages:/opt/ros/humble/lib/python3.10/site-packages:/opt/ros/humble/local/lib/python3.10/dist-packages /usr/bin/python3 -W ignore:setup.py install is deprecated -W ignore:easy_install command is deprecated setup.py egg_info --egg-base ../../../../build/mycobot_280_arduino build --build-base /home/robotics/ros2_cobot/build/mycobot_280_arduino/build install --record /home/robotics/ros2_cobot/build/mycobot_280_arduino/install.log --single-version-externally-managed install_data
[7.258s] Level 1:colcon.colcon_core.environment:checking '/home/robotics/ros2_cobot/install/mycobot_280_arduino/lib'
[7.258s] Level 1:colcon.colcon_core.environment:checking '/home/robotics/ros2_cobot/install/mycobot_280_arduino/bin'
[7.258s] Level 1:colcon.colcon_core.environment:checking '/home/robotics/ros2_cobot/install/mycobot_280_arduino/lib/pkgconfig/mycobot_280_arduino.pc'
[7.258s] Level 1:colcon.colcon_core.environment:checking '/home/robotics/ros2_cobot/install/mycobot_280_arduino/lib/python3.10/site-packages'
[7.258s] Level 1:colcon.colcon_core.shell:create_environment_hook('mycobot_280_arduino', 'pythonpath')
[7.259s] INFO:colcon.colcon_core.shell:Creating environment hook '/home/robotics/ros2_cobot/install/mycobot_280_arduino/share/mycobot_280_arduino/hook/pythonpath.ps1'
[7.259s] INFO:colcon.colcon_core.shell:Creating environment descriptor '/home/robotics/ros2_cobot/install/mycobot_280_arduino/share/mycobot_280_arduino/hook/pythonpath.dsv'
[7.259s] INFO:colcon.colcon_core.shell:Creating environment hook '/home/robotics/ros2_cobot/install/mycobot_280_arduino/share/mycobot_280_arduino/hook/pythonpath.sh'
[7.260s] Level 1:colcon.colcon_core.environment:checking '/home/robotics/ros2_cobot/install/mycobot_280_arduino/bin'
[7.260s] Level 1:colcon.colcon_core.environment:create_environment_scripts_only(mycobot_280_arduino)
[7.260s] INFO:colcon.colcon_core.shell:Creating package script '/home/robotics/ros2_cobot/install/mycobot_280_arduino/share/mycobot_280_arduino/package.ps1'
[7.260s] INFO:colcon.colcon_core.shell:Creating package descriptor '/home/robotics/ros2_cobot/install/mycobot_280_arduino/share/mycobot_280_arduino/package.dsv'
[7.261s] INFO:colcon.colcon_core.shell:Creating package script '/home/robotics/ros2_cobot/install/mycobot_280_arduino/share/mycobot_280_arduino/package.sh'
[7.261s] INFO:colcon.colcon_core.shell:Creating package script '/home/robotics/ros2_cobot/install/mycobot_280_arduino/share/mycobot_280_arduino/package.bash'
[7.261s] INFO:colcon.colcon_core.shell:Creating package script '/home/robotics/ros2_cobot/install/mycobot_280_arduino/share/mycobot_280_arduino/package.zsh'
[7.261s] Level 1:colcon.colcon_core.environment:create_file_with_runtime_dependencies(/home/robotics/ros2_cobot/install/mycobot_280_arduino/share/colcon-core/packages/mycobot_280_arduino)
[7.262s] Level 1:colcon.colcon_core.environment:checking '/home/robotics/ros2_cobot/install/myarm_300' for CMake module files
[7.262s] Level 1:colcon.colcon_core.environment:checking '/home/robotics/ros2_cobot/install/myarm_300' for CMake config files
[7.263s] DEBUG:colcon.colcon_core.event_handler.log_command:Invoked command in '/home/robotics/ros2_cobot/src/mycobot_ros2/myArm/myarm_300' returned '0': AMENT_PREFIX_PATH=/home/robotics/ros2_cobot/install/mycobot_description:/home/robotics/ros2_cobot/install/ultraarm:/home/robotics/ros2_cobot/install/traj_scripts:/home/robotics/ros2_cobot/install/mypalletizer_communication:/home/robotics/ros2_cobot/install/mypalletizer_interfaces:/home/robotics/ros2_cobot/install/mypalletizer_260_pi:/home/robotics/ros2_cobot/install/mypalletizer_260:/home/robotics/ros2_cobot/install/myarm_m750:/home/robotics/ros2_cobot/install/myarm_c650:/home/robotics/ros2_cobot/install/mycobot_communication:/home/robotics/ros2_cobot/install/mecharm_communication:/home/robotics/ros2_cobot/install/mycobot_interfaces:/home/robotics/ros2_cobot/install/mycobot_630:/home/robotics/ros2_cobot/install/mycobot_600:/home/robotics/ros2_cobot/install/mycobot_320pi:/home/robotics/ros2_cobot/install/mycobot_320_riscv:/home/robotics/ros2_cobot/install/mycobot_320:/home/robotics/ros2_cobot/install/mycobot_280rdkx5_moveit2:/home/robotics/ros2_cobot/install/mycobot_280pi:/home/robotics/ros2_cobot/install/mycobot_280jn:/home/robotics/ros2_cobot/install/mycobot_280arduino_moveit2:/home/robotics/ros2_cobot/install/mycobot_280_x3pi:/home/robotics/ros2_cobot/install/mycobot_280_riscv:/home/robotics/ros2_cobot/install/mycobot_280_rdkx5:/home/robotics/ros2_cobot/install/mycobot_280_moveit2_control:/home/robotics/ros2_cobot/install/mycobot_280_moveit2:/home/robotics/ros2_cobot/install/mycobot_280_arduino:/home/robotics/ros2_cobot/install/mycobot_280:/home/robotics/ros2_cobot/install/mybuddy:/home/robotics/ros2_cobot/install/myarm_300:/home/robotics/ros2_cobot/install/mecharm_pi:/home/robotics/ros2_cobot/install/mecharm:/home/robotics/ros2_cobot/install/mecharm_interfaces:/opt/ros/humble PYTHONPATH=/home/robotics/ros2_cobot/build/myarm_300/prefix_override:/usr/lib/python3/dist-packages/colcon_core/task/python/colcon_distutils_commands:/home/robotics/ros2_cobot/install/myarm_300/lib/python3.10/site-packages:/home/robotics/ros2_cobot/install/mycobot_description/lib/python3.10/site-packages:/home/robotics/ros2_cobot/install/ultraarm/lib/python3.10/site-packages:/home/robotics/ros2_cobot/install/traj_scripts/local/lib/python3.10/dist-packages:/home/robotics/ros2_cobot/install/mypalletizer_communication/lib/python3.10/site-packages:/home/robotics/ros2_cobot/install/mypalletizer_interfaces/local/lib/python3.10/dist-packages:/home/robotics/ros2_cobot/install/mypalletizer_260_pi/lib/python3.10/site-packages:/home/robotics/ros2_cobot/install/mypalletizer_260/lib/python3.10/site-packages:/home/robotics/ros2_cobot/install/myarm_m750/lib/python3.10/site-packages:/home/robotics/ros2_cobot/install/myarm_c650/lib/python3.10/site-packages:/home/robotics/ros2_cobot/install/mycobot_communication/lib/python3.10/site-packages:/home/robotics/ros2_cobot/install/mecharm_communication/lib/python3.10/site-packages:/home/robotics/ros2_cobot/install/mycobot_interfaces/local/lib/python3.10/dist-packages:/home/robotics/ros2_cobot/install/mycobot_630/lib/python3.10/site-packages:/home/robotics/ros2_cobot/install/mycobot_600/lib/python3.10/site-packages:/home/robotics/ros2_cobot/install/mycobot_320pi/lib/python3.10/site-packages:/home/robotics/ros2_cobot/install/mycobot_320_riscv/lib/python3.10/site-packages:/home/robotics/ros2_cobot/install/mycobot_320/lib/python3.10/site-packages:/home/robotics/ros2_cobot/install/mycobot_280pi/lib/python3.10/site-packages:/home/robotics/ros2_cobot/install/mycobot_280jn/lib/python3.10/site-packages:/home/robotics/ros2_cobot/install/mycobot_280_x3pi/lib/python3.10/site-packages:/home/robotics/ros2_cobot/install/mycobot_280_riscv/lib/python3.10/site-packages:/home/robotics/ros2_cobot/install/mycobot_280_rdkx5/lib/python3.10/site-packages:/home/robotics/ros2_cobot/install/mycobot_280_moveit2_control/lib/python3.10/site-packages:/home/robotics/ros2_cobot/install/mycobot_280_arduino/lib/python3.10/site-packages:/home/robotics/ros2_cobot/install/mycobot_280/lib/python3.10/site-packages:/home/robotics/ros2_cobot/install/mybuddy/lib/python3.10/site-packages:/home/robotics/ros2_cobot/install/myarm_300/lib/python3.10/site-packages:/home/robotics/ros2_cobot/install/mecharm_pi/lib/python3.10/site-packages:/home/robotics/ros2_cobot/install/mecharm/lib/python3.10/site-packages:/home/robotics/ros2_cobot/install/mecharm_interfaces/local/lib/python3.10/dist-packages:/opt/ros/humble/lib/python3.10/site-packages:/opt/ros/humble/local/lib/python3.10/dist-packages /usr/bin/python3 -W ignore:setup.py install is deprecated -W ignore:easy_install command is deprecated setup.py egg_info --egg-base ../../../../build/myarm_300 build --build-base /home/robotics/ros2_cobot/build/myarm_300/build install --record /home/robotics/ros2_cobot/build/myarm_300/install.log --single-version-externally-managed install_data
[7.263s] Level 1:colcon.colcon_core.environment:checking '/home/robotics/ros2_cobot/install/myarm_300/lib'
[7.263s] Level 1:colcon.colcon_core.environment:checking '/home/robotics/ros2_cobot/install/myarm_300/bin'
[7.263s] Level 1:colcon.colcon_core.environment:checking '/home/robotics/ros2_cobot/install/myarm_300/lib/pkgconfig/myarm_300.pc'
[7.263s] Level 1:colcon.colcon_core.environment:checking '/home/robotics/ros2_cobot/install/myarm_300/lib/python3.10/site-packages'
[7.263s] Level 1:colcon.colcon_core.shell:create_environment_hook('myarm_300', 'pythonpath')
[7.264s] INFO:colcon.colcon_core.shell:Creating environment hook '/home/robotics/ros2_cobot/install/myarm_300/share/myarm_300/hook/pythonpath.ps1'
[7.264s] INFO:colcon.colcon_core.shell:Creating environment descriptor '/home/robotics/ros2_cobot/install/myarm_300/share/myarm_300/hook/pythonpath.dsv'
[7.264s] INFO:colcon.colcon_core.shell:Creating environment hook '/home/robotics/ros2_cobot/install/myarm_300/share/myarm_300/hook/pythonpath.sh'
[7.265s] Level 1:colcon.colcon_core.environment:checking '/home/robotics/ros2_cobot/install/myarm_300/bin'
[7.265s] Level 1:colcon.colcon_core.environment:create_environment_scripts_only(myarm_300)
[7.265s] INFO:colcon.colcon_core.shell:Creating package script '/home/robotics/ros2_cobot/install/myarm_300/share/myarm_300/package.ps1'
[7.265s] INFO:colcon.colcon_core.shell:Creating package descriptor '/home/robotics/ros2_cobot/install/myarm_300/share/myarm_300/package.dsv'
[7.266s] INFO:colcon.colcon_core.shell:Creating package script '/home/robotics/ros2_cobot/install/myarm_300/share/myarm_300/package.sh'
[7.266s] INFO:colcon.colcon_core.shell:Creating package script '/home/robotics/ros2_cobot/install/myarm_300/share/myarm_300/package.bash'
[7.266s] INFO:colcon.colcon_core.shell:Creating package script '/home/robotics/ros2_cobot/install/myarm_300/share/myarm_300/package.zsh'
[7.267s] Level 1:colcon.colcon_core.environment:create_file_with_runtime_dependencies(/home/robotics/ros2_cobot/install/myarm_300/share/colcon-core/packages/myarm_300)
[7.267s] Level 1:colcon.colcon_core.environment:checking '/home/robotics/ros2_cobot/install/mycobot_280_riscv' for CMake module files
[7.268s] Level 1:colcon.colcon_core.environment:checking '/home/robotics/ros2_cobot/install/mycobot_280_riscv' for CMake config files
[7.268s] DEBUG:colcon.colcon_core.event_handler.log_command:Invoked command in '/home/robotics/ros2_cobot/src/mycobot_ros2/mycobot_280/mycobot_280_riscv' returned '0': AMENT_PREFIX_PATH=/home/robotics/ros2_cobot/install/mycobot_description:/home/robotics/ros2_cobot/install/ultraarm:/home/robotics/ros2_cobot/install/traj_scripts:/home/robotics/ros2_cobot/install/mypalletizer_communication:/home/robotics/ros2_cobot/install/mypalletizer_interfaces:/home/robotics/ros2_cobot/install/mypalletizer_260_pi:/home/robotics/ros2_cobot/install/mypalletizer_260:/home/robotics/ros2_cobot/install/myarm_m750:/home/robotics/ros2_cobot/install/myarm_c650:/home/robotics/ros2_cobot/install/mycobot_communication:/home/robotics/ros2_cobot/install/mecharm_communication:/home/robotics/ros2_cobot/install/mycobot_interfaces:/home/robotics/ros2_cobot/install/mycobot_630:/home/robotics/ros2_cobot/install/mycobot_600:/home/robotics/ros2_cobot/install/mycobot_320pi:/home/robotics/ros2_cobot/install/mycobot_320_riscv:/home/robotics/ros2_cobot/install/mycobot_320:/home/robotics/ros2_cobot/install/mycobot_280rdkx5_moveit2:/home/robotics/ros2_cobot/install/mycobot_280pi:/home/robotics/ros2_cobot/install/mycobot_280jn:/home/robotics/ros2_cobot/install/mycobot_280arduino_moveit2:/home/robotics/ros2_cobot/install/mycobot_280_x3pi:/home/robotics/ros2_cobot/install/mycobot_280_riscv:/home/robotics/ros2_cobot/install/mycobot_280_rdkx5:/home/robotics/ros2_cobot/install/mycobot_280_moveit2_control:/home/robotics/ros2_cobot/install/mycobot_280_moveit2:/home/robotics/ros2_cobot/install/mycobot_280_arduino:/home/robotics/ros2_cobot/install/mycobot_280:/home/robotics/ros2_cobot/install/mybuddy:/home/robotics/ros2_cobot/install/myarm_300:/home/robotics/ros2_cobot/install/mecharm_pi:/home/robotics/ros2_cobot/install/mecharm:/home/robotics/ros2_cobot/install/mecharm_interfaces:/opt/ros/humble PYTHONPATH=/home/robotics/ros2_cobot/build/mycobot_280_riscv/prefix_override:/usr/lib/python3/dist-packages/colcon_core/task/python/colcon_distutils_commands:/home/robotics/ros2_cobot/install/mycobot_280_riscv/lib/python3.10/site-packages:/home/robotics/ros2_cobot/install/mycobot_description/lib/python3.10/site-packages:/home/robotics/ros2_cobot/install/ultraarm/lib/python3.10/site-packages:/home/robotics/ros2_cobot/install/traj_scripts/local/lib/python3.10/dist-packages:/home/robotics/ros2_cobot/install/mypalletizer_communication/lib/python3.10/site-packages:/home/robotics/ros2_cobot/install/mypalletizer_interfaces/local/lib/python3.10/dist-packages:/home/robotics/ros2_cobot/install/mypalletizer_260_pi/lib/python3.10/site-packages:/home/robotics/ros2_cobot/install/mypalletizer_260/lib/python3.10/site-packages:/home/robotics/ros2_cobot/install/myarm_m750/lib/python3.10/site-packages:/home/robotics/ros2_cobot/install/myarm_c650/lib/python3.10/site-packages:/home/robotics/ros2_cobot/install/mycobot_communication/lib/python3.10/site-packages:/home/robotics/ros2_cobot/install/mecharm_communication/lib/python3.10/site-packages:/home/robotics/ros2_cobot/install/mycobot_interfaces/local/lib/python3.10/dist-packages:/home/robotics/ros2_cobot/install/mycobot_630/lib/python3.10/site-packages:/home/robotics/ros2_cobot/install/mycobot_600/lib/python3.10/site-packages:/home/robotics/ros2_cobot/install/mycobot_320pi/lib/python3.10/site-packages:/home/robotics/ros2_cobot/install/mycobot_320_riscv/lib/python3.10/site-packages:/home/robotics/ros2_cobot/install/mycobot_320/lib/python3.10/site-packages:/home/robotics/ros2_cobot/install/mycobot_280pi/lib/python3.10/site-packages:/home/robotics/ros2_cobot/install/mycobot_280jn/lib/python3.10/site-packages:/home/robotics/ros2_cobot/install/mycobot_280_x3pi/lib/python3.10/site-packages:/home/robotics/ros2_cobot/install/mycobot_280_riscv/lib/python3.10/site-packages:/home/robotics/ros2_cobot/install/mycobot_280_rdkx5/lib/python3.10/site-packages:/home/robotics/ros2_cobot/install/mycobot_280_moveit2_control/lib/python3.10/site-packages:/home/robotics/ros2_cobot/install/mycobot_280_arduino/lib/python3.10/site-packages:/home/robotics/ros2_cobot/install/mycobot_280/lib/python3.10/site-packages:/home/robotics/ros2_cobot/install/mybuddy/lib/python3.10/site-packages:/home/robotics/ros2_cobot/install/myarm_300/lib/python3.10/site-packages:/home/robotics/ros2_cobot/install/mecharm_pi/lib/python3.10/site-packages:/home/robotics/ros2_cobot/install/mecharm/lib/python3.10/site-packages:/home/robotics/ros2_cobot/install/mecharm_interfaces/local/lib/python3.10/dist-packages:/opt/ros/humble/lib/python3.10/site-packages:/opt/ros/humble/local/lib/python3.10/dist-packages /usr/bin/python3 -W ignore:setup.py install is deprecated -W ignore:easy_install command is deprecated setup.py egg_info --egg-base ../../../../build/mycobot_280_riscv build --build-base /home/robotics/ros2_cobot/build/mycobot_280_riscv/build install --record /home/robotics/ros2_cobot/build/mycobot_280_riscv/install.log --single-version-externally-managed install_data
[7.269s] Level 1:colcon.colcon_core.environment:checking '/home/robotics/ros2_cobot/install/mycobot_280_riscv/lib'
[7.269s] Level 1:colcon.colcon_core.environment:checking '/home/robotics/ros2_cobot/install/mycobot_280_riscv/bin'
[7.269s] Level 1:colcon.colcon_core.environment:checking '/home/robotics/ros2_cobot/install/mycobot_280_riscv/lib/pkgconfig/mycobot_280_riscv.pc'
[7.269s] Level 1:colcon.colcon_core.environment:checking '/home/robotics/ros2_cobot/install/mycobot_280_riscv/lib/python3.10/site-packages'
[7.269s] Level 1:colcon.colcon_core.shell:create_environment_hook('mycobot_280_riscv', 'pythonpath')
[7.269s] INFO:colcon.colcon_core.shell:Creating environment hook '/home/robotics/ros2_cobot/install/mycobot_280_riscv/share/mycobot_280_riscv/hook/pythonpath.ps1'
[7.270s] INFO:colcon.colcon_core.shell:Creating environment descriptor '/home/robotics/ros2_cobot/install/mycobot_280_riscv/share/mycobot_280_riscv/hook/pythonpath.dsv'
[7.271s] INFO:colcon.colcon_core.shell:Creating environment hook '/home/robotics/ros2_cobot/install/mycobot_280_riscv/share/mycobot_280_riscv/hook/pythonpath.sh'
[7.272s] Level 1:colcon.colcon_core.environment:checking '/home/robotics/ros2_cobot/install/mycobot_280_riscv/bin'
[7.272s] Level 1:colcon.colcon_core.environment:create_environment_scripts_only(mycobot_280_riscv)
[7.272s] INFO:colcon.colcon_core.shell:Creating package script '/home/robotics/ros2_cobot/install/mycobot_280_riscv/share/mycobot_280_riscv/package.ps1'
[7.273s] INFO:colcon.colcon_core.shell:Creating package descriptor '/home/robotics/ros2_cobot/install/mycobot_280_riscv/share/mycobot_280_riscv/package.dsv'
[7.273s] INFO:colcon.colcon_core.shell:Creating package script '/home/robotics/ros2_cobot/install/mycobot_280_riscv/share/mycobot_280_riscv/package.sh'
[7.273s] INFO:colcon.colcon_core.shell:Creating package script '/home/robotics/ros2_cobot/install/mycobot_280_riscv/share/mycobot_280_riscv/package.bash'
[7.274s] INFO:colcon.colcon_core.shell:Creating package script '/home/robotics/ros2_cobot/install/mycobot_280_riscv/share/mycobot_280_riscv/package.zsh'
[7.274s] Level 1:colcon.colcon_core.environment:create_file_with_runtime_dependencies(/home/robotics/ros2_cobot/install/mycobot_280_riscv/share/colcon-core/packages/mycobot_280_riscv)
[7.274s] Level 1:colcon.colcon_core.environment:checking '/home/robotics/ros2_cobot/install/mybuddy' for CMake module files
[7.275s] Level 1:colcon.colcon_core.environment:checking '/home/robotics/ros2_cobot/install/mybuddy' for CMake config files
[7.275s] DEBUG:colcon.colcon_core.event_handler.log_command:Invoked command in '/home/robotics/ros2_cobot/src/mycobot_ros2/Mybuddy/mybuddy' returned '0': AMENT_PREFIX_PATH=/home/robotics/ros2_cobot/install/mycobot_description:/home/robotics/ros2_cobot/install/ultraarm:/home/robotics/ros2_cobot/install/traj_scripts:/home/robotics/ros2_cobot/install/mypalletizer_communication:/home/robotics/ros2_cobot/install/mypalletizer_interfaces:/home/robotics/ros2_cobot/install/mypalletizer_260_pi:/home/robotics/ros2_cobot/install/mypalletizer_260:/home/robotics/ros2_cobot/install/myarm_m750:/home/robotics/ros2_cobot/install/myarm_c650:/home/robotics/ros2_cobot/install/mycobot_communication:/home/robotics/ros2_cobot/install/mecharm_communication:/home/robotics/ros2_cobot/install/mycobot_interfaces:/home/robotics/ros2_cobot/install/mycobot_630:/home/robotics/ros2_cobot/install/mycobot_600:/home/robotics/ros2_cobot/install/mycobot_320pi:/home/robotics/ros2_cobot/install/mycobot_320_riscv:/home/robotics/ros2_cobot/install/mycobot_320:/home/robotics/ros2_cobot/install/mycobot_280rdkx5_moveit2:/home/robotics/ros2_cobot/install/mycobot_280pi:/home/robotics/ros2_cobot/install/mycobot_280jn:/home/robotics/ros2_cobot/install/mycobot_280arduino_moveit2:/home/robotics/ros2_cobot/install/mycobot_280_x3pi:/home/robotics/ros2_cobot/install/mycobot_280_riscv:/home/robotics/ros2_cobot/install/mycobot_280_rdkx5:/home/robotics/ros2_cobot/install/mycobot_280_moveit2_control:/home/robotics/ros2_cobot/install/mycobot_280_moveit2:/home/robotics/ros2_cobot/install/mycobot_280_arduino:/home/robotics/ros2_cobot/install/mycobot_280:/home/robotics/ros2_cobot/install/mybuddy:/home/robotics/ros2_cobot/install/myarm_300:/home/robotics/ros2_cobot/install/mecharm_pi:/home/robotics/ros2_cobot/install/mecharm:/home/robotics/ros2_cobot/install/mecharm_interfaces:/opt/ros/humble PYTHONPATH=/home/robotics/ros2_cobot/build/mybuddy/prefix_override:/usr/lib/python3/dist-packages/colcon_core/task/python/colcon_distutils_commands:/home/robotics/ros2_cobot/install/mybuddy/lib/python3.10/site-packages:/home/robotics/ros2_cobot/install/mycobot_description/lib/python3.10/site-packages:/home/robotics/ros2_cobot/install/ultraarm/lib/python3.10/site-packages:/home/robotics/ros2_cobot/install/traj_scripts/local/lib/python3.10/dist-packages:/home/robotics/ros2_cobot/install/mypalletizer_communication/lib/python3.10/site-packages:/home/robotics/ros2_cobot/install/mypalletizer_interfaces/local/lib/python3.10/dist-packages:/home/robotics/ros2_cobot/install/mypalletizer_260_pi/lib/python3.10/site-packages:/home/robotics/ros2_cobot/install/mypalletizer_260/lib/python3.10/site-packages:/home/robotics/ros2_cobot/install/myarm_m750/lib/python3.10/site-packages:/home/robotics/ros2_cobot/install/myarm_c650/lib/python3.10/site-packages:/home/robotics/ros2_cobot/install/mycobot_communication/lib/python3.10/site-packages:/home/robotics/ros2_cobot/install/mecharm_communication/lib/python3.10/site-packages:/home/robotics/ros2_cobot/install/mycobot_interfaces/local/lib/python3.10/dist-packages:/home/robotics/ros2_cobot/install/mycobot_630/lib/python3.10/site-packages:/home/robotics/ros2_cobot/install/mycobot_600/lib/python3.10/site-packages:/home/robotics/ros2_cobot/install/mycobot_320pi/lib/python3.10/site-packages:/home/robotics/ros2_cobot/install/mycobot_320_riscv/lib/python3.10/site-packages:/home/robotics/ros2_cobot/install/mycobot_320/lib/python3.10/site-packages:/home/robotics/ros2_cobot/install/mycobot_280pi/lib/python3.10/site-packages:/home/robotics/ros2_cobot/install/mycobot_280jn/lib/python3.10/site-packages:/home/robotics/ros2_cobot/install/mycobot_280_x3pi/lib/python3.10/site-packages:/home/robotics/ros2_cobot/install/mycobot_280_riscv/lib/python3.10/site-packages:/home/robotics/ros2_cobot/install/mycobot_280_rdkx5/lib/python3.10/site-packages:/home/robotics/ros2_cobot/install/mycobot_280_moveit2_control/lib/python3.10/site-packages:/home/robotics/ros2_cobot/install/mycobot_280_arduino/lib/python3.10/site-packages:/home/robotics/ros2_cobot/install/mycobot_280/lib/python3.10/site-packages:/home/robotics/ros2_cobot/install/mybuddy/lib/python3.10/site-packages:/home/robotics/ros2_cobot/install/myarm_300/lib/python3.10/site-packages:/home/robotics/ros2_cobot/install/mecharm_pi/lib/python3.10/site-packages:/home/robotics/ros2_cobot/install/mecharm/lib/python3.10/site-packages:/home/robotics/ros2_cobot/install/mecharm_interfaces/local/lib/python3.10/dist-packages:/opt/ros/humble/lib/python3.10/site-packages:/opt/ros/humble/local/lib/python3.10/dist-packages /usr/bin/python3 -W ignore:setup.py install is deprecated -W ignore:easy_install command is deprecated setup.py egg_info --egg-base ../../../../build/mybuddy build --build-base /home/robotics/ros2_cobot/build/mybuddy/build install --record /home/robotics/ros2_cobot/build/mybuddy/install.log --single-version-externally-managed install_data
[7.276s] Level 1:colcon.colcon_core.environment:checking '/home/robotics/ros2_cobot/install/mybuddy/lib'
[7.276s] Level 1:colcon.colcon_core.environment:checking '/home/robotics/ros2_cobot/install/mybuddy/bin'
[7.276s] Level 1:colcon.colcon_core.environment:checking '/home/robotics/ros2_cobot/install/mybuddy/lib/pkgconfig/mybuddy.pc'
[7.276s] Level 1:colcon.colcon_core.environment:checking '/home/robotics/ros2_cobot/install/mybuddy/lib/python3.10/site-packages'
[7.276s] Level 1:colcon.colcon_core.shell:create_environment_hook('mybuddy', 'pythonpath')
[7.276s] INFO:colcon.colcon_core.shell:Creating environment hook '/home/robotics/ros2_cobot/install/mybuddy/share/mybuddy/hook/pythonpath.ps1'
[7.277s] INFO:colcon.colcon_core.shell:Creating environment descriptor '/home/robotics/ros2_cobot/install/mybuddy/share/mybuddy/hook/pythonpath.dsv'
[7.277s] INFO:colcon.colcon_core.shell:Creating environment hook '/home/robotics/ros2_cobot/install/mybuddy/share/mybuddy/hook/pythonpath.sh'
[7.278s] Level 1:colcon.colcon_core.environment:checking '/home/robotics/ros2_cobot/install/mybuddy/bin'
[7.278s] Level 1:colcon.colcon_core.environment:create_environment_scripts_only(mybuddy)
[7.278s] INFO:colcon.colcon_core.shell:Creating package script '/home/robotics/ros2_cobot/install/mybuddy/share/mybuddy/package.ps1'
[7.279s] INFO:colcon.colcon_core.shell:Creating package descriptor '/home/robotics/ros2_cobot/install/mybuddy/share/mybuddy/package.dsv'
[7.279s] INFO:colcon.colcon_core.shell:Creating package script '/home/robotics/ros2_cobot/install/mybuddy/share/mybuddy/package.sh'
[7.280s] INFO:colcon.colcon_core.shell:Creating package script '/home/robotics/ros2_cobot/install/mybuddy/share/mybuddy/package.bash'
[7.280s] INFO:colcon.colcon_core.shell:Creating package script '/home/robotics/ros2_cobot/install/mybuddy/share/mybuddy/package.zsh'
[7.280s] Level 1:colcon.colcon_core.environment:create_file_with_runtime_dependencies(/home/robotics/ros2_cobot/install/mybuddy/share/colcon-core/packages/mybuddy)
[7.282s] Level 1:colcon.colcon_core.environment:checking '/home/robotics/ros2_cobot/install/mecharm_pi' for CMake module files
[7.283s] DEBUG:colcon.colcon_core.event_handler.log_command:Invoked command in '/home/robotics/ros2_cobot/src/mycobot_ros2/mecharm/mecharm_pi' returned '0': AMENT_PREFIX_PATH=/home/robotics/ros2_cobot/install/mycobot_description:/home/robotics/ros2_cobot/install/ultraarm:/home/robotics/ros2_cobot/install/traj_scripts:/home/robotics/ros2_cobot/install/mypalletizer_communication:/home/robotics/ros2_cobot/install/mypalletizer_interfaces:/home/robotics/ros2_cobot/install/mypalletizer_260_pi:/home/robotics/ros2_cobot/install/mypalletizer_260:/home/robotics/ros2_cobot/install/myarm_m750:/home/robotics/ros2_cobot/install/myarm_c650:/home/robotics/ros2_cobot/install/mycobot_communication:/home/robotics/ros2_cobot/install/mecharm_communication:/home/robotics/ros2_cobot/install/mycobot_interfaces:/home/robotics/ros2_cobot/install/mycobot_630:/home/robotics/ros2_cobot/install/mycobot_600:/home/robotics/ros2_cobot/install/mycobot_320pi:/home/robotics/ros2_cobot/install/mycobot_320_riscv:/home/robotics/ros2_cobot/install/mycobot_320:/home/robotics/ros2_cobot/install/mycobot_280rdkx5_moveit2:/home/robotics/ros2_cobot/install/mycobot_280pi:/home/robotics/ros2_cobot/install/mycobot_280jn:/home/robotics/ros2_cobot/install/mycobot_280arduino_moveit2:/home/robotics/ros2_cobot/install/mycobot_280_x3pi:/home/robotics/ros2_cobot/install/mycobot_280_riscv:/home/robotics/ros2_cobot/install/mycobot_280_rdkx5:/home/robotics/ros2_cobot/install/mycobot_280_moveit2_control:/home/robotics/ros2_cobot/install/mycobot_280_moveit2:/home/robotics/ros2_cobot/install/mycobot_280_arduino:/home/robotics/ros2_cobot/install/mycobot_280:/home/robotics/ros2_cobot/install/mybuddy:/home/robotics/ros2_cobot/install/myarm_300:/home/robotics/ros2_cobot/install/mecharm_pi:/home/robotics/ros2_cobot/install/mecharm:/home/robotics/ros2_cobot/install/mecharm_interfaces:/opt/ros/humble PYTHONPATH=/home/robotics/ros2_cobot/build/mecharm_pi/prefix_override:/usr/lib/python3/dist-packages/colcon_core/task/python/colcon_distutils_commands:/home/robotics/ros2_cobot/install/mecharm_pi/lib/python3.10/site-packages:/home/robotics/ros2_cobot/install/mycobot_description/lib/python3.10/site-packages:/home/robotics/ros2_cobot/install/ultraarm/lib/python3.10/site-packages:/home/robotics/ros2_cobot/install/traj_scripts/local/lib/python3.10/dist-packages:/home/robotics/ros2_cobot/install/mypalletizer_communication/lib/python3.10/site-packages:/home/robotics/ros2_cobot/install/mypalletizer_interfaces/local/lib/python3.10/dist-packages:/home/robotics/ros2_cobot/install/mypalletizer_260_pi/lib/python3.10/site-packages:/home/robotics/ros2_cobot/install/mypalletizer_260/lib/python3.10/site-packages:/home/robotics/ros2_cobot/install/myarm_m750/lib/python3.10/site-packages:/home/robotics/ros2_cobot/install/myarm_c650/lib/python3.10/site-packages:/home/robotics/ros2_cobot/install/mycobot_communication/lib/python3.10/site-packages:/home/robotics/ros2_cobot/install/mecharm_communication/lib/python3.10/site-packages:/home/robotics/ros2_cobot/install/mycobot_interfaces/local/lib/python3.10/dist-packages:/home/robotics/ros2_cobot/install/mycobot_630/lib/python3.10/site-packages:/home/robotics/ros2_cobot/install/mycobot_600/lib/python3.10/site-packages:/home/robotics/ros2_cobot/install/mycobot_320pi/lib/python3.10/site-packages:/home/robotics/ros2_cobot/install/mycobot_320_riscv/lib/python3.10/site-packages:/home/robotics/ros2_cobot/install/mycobot_320/lib/python3.10/site-packages:/home/robotics/ros2_cobot/install/mycobot_280pi/lib/python3.10/site-packages:/home/robotics/ros2_cobot/install/mycobot_280jn/lib/python3.10/site-packages:/home/robotics/ros2_cobot/install/mycobot_280_x3pi/lib/python3.10/site-packages:/home/robotics/ros2_cobot/install/mycobot_280_riscv/lib/python3.10/site-packages:/home/robotics/ros2_cobot/install/mycobot_280_rdkx5/lib/python3.10/site-packages:/home/robotics/ros2_cobot/install/mycobot_280_moveit2_control/lib/python3.10/site-packages:/home/robotics/ros2_cobot/install/mycobot_280_arduino/lib/python3.10/site-packages:/home/robotics/ros2_cobot/install/mycobot_280/lib/python3.10/site-packages:/home/robotics/ros2_cobot/install/mybuddy/lib/python3.10/site-packages:/home/robotics/ros2_cobot/install/myarm_300/lib/python3.10/site-packages:/home/robotics/ros2_cobot/install/mecharm_pi/lib/python3.10/site-packages:/home/robotics/ros2_cobot/install/mecharm/lib/python3.10/site-packages:/home/robotics/ros2_cobot/install/mecharm_interfaces/local/lib/python3.10/dist-packages:/opt/ros/humble/lib/python3.10/site-packages:/opt/ros/humble/local/lib/python3.10/dist-packages /usr/bin/python3 -W ignore:setup.py install is deprecated -W ignore:easy_install command is deprecated setup.py egg_info --egg-base ../../../../build/mecharm_pi build --build-base /home/robotics/ros2_cobot/build/mecharm_pi/build install --record /home/robotics/ros2_cobot/build/mecharm_pi/install.log --single-version-externally-managed install_data
[7.283s] Level 1:colcon.colcon_core.environment:checking '/home/robotics/ros2_cobot/install/mecharm_pi' for CMake config files
[7.283s] Level 1:colcon.colcon_core.environment:checking '/home/robotics/ros2_cobot/install/mecharm_pi/lib'
[7.283s] Level 1:colcon.colcon_core.environment:checking '/home/robotics/ros2_cobot/install/mecharm_pi/bin'
[7.283s] Level 1:colcon.colcon_core.environment:checking '/home/robotics/ros2_cobot/install/mecharm_pi/lib/pkgconfig/mecharm_pi.pc'
[7.284s] Level 1:colcon.colcon_core.environment:checking '/home/robotics/ros2_cobot/install/mecharm_pi/lib/python3.10/site-packages'
[7.284s] Level 1:colcon.colcon_core.shell:create_environment_hook('mecharm_pi', 'pythonpath')
[7.284s] INFO:colcon.colcon_core.shell:Creating environment hook '/home/robotics/ros2_cobot/install/mecharm_pi/share/mecharm_pi/hook/pythonpath.ps1'
[7.284s] INFO:colcon.colcon_core.shell:Creating environment descriptor '/home/robotics/ros2_cobot/install/mecharm_pi/share/mecharm_pi/hook/pythonpath.dsv'
[7.285s] INFO:colcon.colcon_core.shell:Creating environment hook '/home/robotics/ros2_cobot/install/mecharm_pi/share/mecharm_pi/hook/pythonpath.sh'
[7.285s] Level 1:colcon.colcon_core.environment:checking '/home/robotics/ros2_cobot/install/mecharm_pi/bin'
[7.285s] Level 1:colcon.colcon_core.environment:create_environment_scripts_only(mecharm_pi)
[7.285s] INFO:colcon.colcon_core.shell:Creating package script '/home/robotics/ros2_cobot/install/mecharm_pi/share/mecharm_pi/package.ps1'
[7.286s] INFO:colcon.colcon_core.shell:Creating package descriptor '/home/robotics/ros2_cobot/install/mecharm_pi/share/mecharm_pi/package.dsv'
[7.286s] INFO:colcon.colcon_core.shell:Creating package script '/home/robotics/ros2_cobot/install/mecharm_pi/share/mecharm_pi/package.sh'
[7.286s] INFO:colcon.colcon_core.shell:Creating package script '/home/robotics/ros2_cobot/install/mecharm_pi/share/mecharm_pi/package.bash'
[7.287s] INFO:colcon.colcon_core.shell:Creating package script '/home/robotics/ros2_cobot/install/mecharm_pi/share/mecharm_pi/package.zsh'
[7.288s] Level 1:colcon.colcon_core.environment:create_file_with_runtime_dependencies(/home/robotics/ros2_cobot/install/mecharm_pi/share/colcon-core/packages/mecharm_pi)
[7.289s] Level 1:colcon.colcon_core.environment:checking '/home/robotics/ros2_cobot/install/mycobot_280' for CMake module files
[7.290s] Level 1:colcon.colcon_core.environment:checking '/home/robotics/ros2_cobot/install/mycobot_280' for CMake config files
[7.290s] DEBUG:colcon.colcon_core.event_handler.log_command:Invoked command in '/home/robotics/ros2_cobot/src/mycobot_ros2/mycobot_280/mycobot_280' returned '0': AMENT_PREFIX_PATH=/home/robotics/ros2_cobot/install/mycobot_description:/home/robotics/ros2_cobot/install/ultraarm:/home/robotics/ros2_cobot/install/traj_scripts:/home/robotics/ros2_cobot/install/mypalletizer_communication:/home/robotics/ros2_cobot/install/mypalletizer_interfaces:/home/robotics/ros2_cobot/install/mypalletizer_260_pi:/home/robotics/ros2_cobot/install/mypalletizer_260:/home/robotics/ros2_cobot/install/myarm_m750:/home/robotics/ros2_cobot/install/myarm_c650:/home/robotics/ros2_cobot/install/mycobot_communication:/home/robotics/ros2_cobot/install/mecharm_communication:/home/robotics/ros2_cobot/install/mycobot_interfaces:/home/robotics/ros2_cobot/install/mycobot_630:/home/robotics/ros2_cobot/install/mycobot_600:/home/robotics/ros2_cobot/install/mycobot_320pi:/home/robotics/ros2_cobot/install/mycobot_320_riscv:/home/robotics/ros2_cobot/install/mycobot_320:/home/robotics/ros2_cobot/install/mycobot_280rdkx5_moveit2:/home/robotics/ros2_cobot/install/mycobot_280pi:/home/robotics/ros2_cobot/install/mycobot_280jn:/home/robotics/ros2_cobot/install/mycobot_280arduino_moveit2:/home/robotics/ros2_cobot/install/mycobot_280_x3pi:/home/robotics/ros2_cobot/install/mycobot_280_riscv:/home/robotics/ros2_cobot/install/mycobot_280_rdkx5:/home/robotics/ros2_cobot/install/mycobot_280_moveit2_control:/home/robotics/ros2_cobot/install/mycobot_280_moveit2:/home/robotics/ros2_cobot/install/mycobot_280_arduino:/home/robotics/ros2_cobot/install/mycobot_280:/home/robotics/ros2_cobot/install/mybuddy:/home/robotics/ros2_cobot/install/myarm_300:/home/robotics/ros2_cobot/install/mecharm_pi:/home/robotics/ros2_cobot/install/mecharm:/home/robotics/ros2_cobot/install/mecharm_interfaces:/opt/ros/humble PYTHONPATH=/home/robotics/ros2_cobot/build/mycobot_280/prefix_override:/usr/lib/python3/dist-packages/colcon_core/task/python/colcon_distutils_commands:/home/robotics/ros2_cobot/install/mycobot_280/lib/python3.10/site-packages:/home/robotics/ros2_cobot/install/mycobot_description/lib/python3.10/site-packages:/home/robotics/ros2_cobot/install/ultraarm/lib/python3.10/site-packages:/home/robotics/ros2_cobot/install/traj_scripts/local/lib/python3.10/dist-packages:/home/robotics/ros2_cobot/install/mypalletizer_communication/lib/python3.10/site-packages:/home/robotics/ros2_cobot/install/mypalletizer_interfaces/local/lib/python3.10/dist-packages:/home/robotics/ros2_cobot/install/mypalletizer_260_pi/lib/python3.10/site-packages:/home/robotics/ros2_cobot/install/mypalletizer_260/lib/python3.10/site-packages:/home/robotics/ros2_cobot/install/myarm_m750/lib/python3.10/site-packages:/home/robotics/ros2_cobot/install/myarm_c650/lib/python3.10/site-packages:/home/robotics/ros2_cobot/install/mycobot_communication/lib/python3.10/site-packages:/home/robotics/ros2_cobot/install/mecharm_communication/lib/python3.10/site-packages:/home/robotics/ros2_cobot/install/mycobot_interfaces/local/lib/python3.10/dist-packages:/home/robotics/ros2_cobot/install/mycobot_630/lib/python3.10/site-packages:/home/robotics/ros2_cobot/install/mycobot_600/lib/python3.10/site-packages:/home/robotics/ros2_cobot/install/mycobot_320pi/lib/python3.10/site-packages:/home/robotics/ros2_cobot/install/mycobot_320_riscv/lib/python3.10/site-packages:/home/robotics/ros2_cobot/install/mycobot_320/lib/python3.10/site-packages:/home/robotics/ros2_cobot/install/mycobot_280pi/lib/python3.10/site-packages:/home/robotics/ros2_cobot/install/mycobot_280jn/lib/python3.10/site-packages:/home/robotics/ros2_cobot/install/mycobot_280_x3pi/lib/python3.10/site-packages:/home/robotics/ros2_cobot/install/mycobot_280_riscv/lib/python3.10/site-packages:/home/robotics/ros2_cobot/install/mycobot_280_rdkx5/lib/python3.10/site-packages:/home/robotics/ros2_cobot/install/mycobot_280_moveit2_control/lib/python3.10/site-packages:/home/robotics/ros2_cobot/install/mycobot_280_arduino/lib/python3.10/site-packages:/home/robotics/ros2_cobot/install/mycobot_280/lib/python3.10/site-packages:/home/robotics/ros2_cobot/install/mybuddy/lib/python3.10/site-packages:/home/robotics/ros2_cobot/install/myarm_300/lib/python3.10/site-packages:/home/robotics/ros2_cobot/install/mecharm_pi/lib/python3.10/site-packages:/home/robotics/ros2_cobot/install/mecharm/lib/python3.10/site-packages:/home/robotics/ros2_cobot/install/mecharm_interfaces/local/lib/python3.10/dist-packages:/opt/ros/humble/lib/python3.10/site-packages:/opt/ros/humble/local/lib/python3.10/dist-packages /usr/bin/python3 -W ignore:setup.py install is deprecated -W ignore:easy_install command is deprecated setup.py egg_info --egg-base ../../../../build/mycobot_280 build --build-base /home/robotics/ros2_cobot/build/mycobot_280/build install --record /home/robotics/ros2_cobot/build/mycobot_280/install.log --single-version-externally-managed install_data
[7.290s] Level 1:colcon.colcon_core.environment:checking '/home/robotics/ros2_cobot/install/mycobot_280/lib'
[7.291s] Level 1:colcon.colcon_core.environment:checking '/home/robotics/ros2_cobot/install/mycobot_280/bin'
[7.291s] Level 1:colcon.colcon_core.environment:checking '/home/robotics/ros2_cobot/install/mycobot_280/lib/pkgconfig/mycobot_280.pc'
[7.291s] Level 1:colcon.colcon_core.environment:checking '/home/robotics/ros2_cobot/install/mycobot_280/lib/python3.10/site-packages'
[7.291s] Level 1:colcon.colcon_core.shell:create_environment_hook('mycobot_280', 'pythonpath')
[7.291s] INFO:colcon.colcon_core.shell:Creating environment hook '/home/robotics/ros2_cobot/install/mycobot_280/share/mycobot_280/hook/pythonpath.ps1'
[7.291s] INFO:colcon.colcon_core.shell:Creating environment descriptor '/home/robotics/ros2_cobot/install/mycobot_280/share/mycobot_280/hook/pythonpath.dsv'
[7.292s] INFO:colcon.colcon_core.shell:Creating environment hook '/home/robotics/ros2_cobot/install/mycobot_280/share/mycobot_280/hook/pythonpath.sh'
[7.292s] Level 1:colcon.colcon_core.environment:checking '/home/robotics/ros2_cobot/install/mycobot_280/bin'
[7.292s] Level 1:colcon.colcon_core.environment:create_environment_scripts_only(mycobot_280)
[7.292s] INFO:colcon.colcon_core.shell:Creating package script '/home/robotics/ros2_cobot/install/mycobot_280/share/mycobot_280/package.ps1'
[7.293s] INFO:colcon.colcon_core.shell:Creating package descriptor '/home/robotics/ros2_cobot/install/mycobot_280/share/mycobot_280/package.dsv'
[7.293s] INFO:colcon.colcon_core.shell:Creating package script '/home/robotics/ros2_cobot/install/mycobot_280/share/mycobot_280/package.sh'
[7.293s] INFO:colcon.colcon_core.shell:Creating package script '/home/robotics/ros2_cobot/install/mycobot_280/share/mycobot_280/package.bash'
[7.293s] INFO:colcon.colcon_core.shell:Creating package script '/home/robotics/ros2_cobot/install/mycobot_280/share/mycobot_280/package.zsh'
[7.294s] Level 1:colcon.colcon_core.environment:create_file_with_runtime_dependencies(/home/robotics/ros2_cobot/install/mycobot_280/share/colcon-core/packages/mycobot_280)
[7.296s] INFO:colcon.colcon_ros.task.ament_python.build:Building ROS package in '/home/robotics/ros2_cobot/src/mycobot_ros2/mypalletizer_260/mypalletizer_260' with build type 'ament_python'
[7.296s] Level 1:colcon.colcon_core.shell:create_environment_hook('mypalletizer_260', 'ament_prefix_path')
[7.297s] INFO:colcon.colcon_core.shell:Creating environment hook '/home/robotics/ros2_cobot/install/mypalletizer_260/share/mypalletizer_260/hook/ament_prefix_path.ps1'
[7.297s] DEBUG:colcon.colcon_core.event_handler.log_command:Invoking command in '/home/robotics/ros2_cobot/src/mycobot_ros2/mycobot_280/mycobot_280pi': AMENT_PREFIX_PATH=/home/robotics/ros2_cobot/install/mycobot_description:/home/robotics/ros2_cobot/install/ultraarm:/home/robotics/ros2_cobot/install/traj_scripts:/home/robotics/ros2_cobot/install/mypalletizer_communication:/home/robotics/ros2_cobot/install/mypalletizer_interfaces:/home/robotics/ros2_cobot/install/mypalletizer_260_pi:/home/robotics/ros2_cobot/install/mypalletizer_260:/home/robotics/ros2_cobot/install/myarm_m750:/home/robotics/ros2_cobot/install/myarm_c650:/home/robotics/ros2_cobot/install/mycobot_communication:/home/robotics/ros2_cobot/install/mecharm_communication:/home/robotics/ros2_cobot/install/mycobot_interfaces:/home/robotics/ros2_cobot/install/mycobot_630:/home/robotics/ros2_cobot/install/mycobot_600:/home/robotics/ros2_cobot/install/mycobot_320pi:/home/robotics/ros2_cobot/install/mycobot_320_riscv:/home/robotics/ros2_cobot/install/mycobot_320:/home/robotics/ros2_cobot/install/mycobot_280rdkx5_moveit2:/home/robotics/ros2_cobot/install/mycobot_280pi:/home/robotics/ros2_cobot/install/mycobot_280jn:/home/robotics/ros2_cobot/install/mycobot_280arduino_moveit2:/home/robotics/ros2_cobot/install/mycobot_280_x3pi:/home/robotics/ros2_cobot/install/mycobot_280_riscv:/home/robotics/ros2_cobot/install/mycobot_280_rdkx5:/home/robotics/ros2_cobot/install/mycobot_280_moveit2_control:/home/robotics/ros2_cobot/install/mycobot_280_moveit2:/home/robotics/ros2_cobot/install/mycobot_280_arduino:/home/robotics/ros2_cobot/install/mycobot_280:/home/robotics/ros2_cobot/install/mybuddy:/home/robotics/ros2_cobot/install/myarm_300:/home/robotics/ros2_cobot/install/mecharm_pi:/home/robotics/ros2_cobot/install/mecharm:/home/robotics/ros2_cobot/install/mecharm_interfaces:/opt/ros/humble PYTHONPATH=/home/robotics/ros2_cobot/build/mycobot_280pi/prefix_override:/usr/lib/python3/dist-packages/colcon_core/task/python/colcon_distutils_commands:/home/robotics/ros2_cobot/install/mycobot_280pi/lib/python3.10/site-packages:/home/robotics/ros2_cobot/install/mycobot_description/lib/python3.10/site-packages:/home/robotics/ros2_cobot/install/ultraarm/lib/python3.10/site-packages:/home/robotics/ros2_cobot/install/traj_scripts/local/lib/python3.10/dist-packages:/home/robotics/ros2_cobot/install/mypalletizer_communication/lib/python3.10/site-packages:/home/robotics/ros2_cobot/install/mypalletizer_interfaces/local/lib/python3.10/dist-packages:/home/robotics/ros2_cobot/install/mypalletizer_260_pi/lib/python3.10/site-packages:/home/robotics/ros2_cobot/install/mypalletizer_260/lib/python3.10/site-packages:/home/robotics/ros2_cobot/install/myarm_m750/lib/python3.10/site-packages:/home/robotics/ros2_cobot/install/myarm_c650/lib/python3.10/site-packages:/home/robotics/ros2_cobot/install/mycobot_communication/lib/python3.10/site-packages:/home/robotics/ros2_cobot/install/mecharm_communication/lib/python3.10/site-packages:/home/robotics/ros2_cobot/install/mycobot_interfaces/local/lib/python3.10/dist-packages:/home/robotics/ros2_cobot/install/mycobot_630/lib/python3.10/site-packages:/home/robotics/ros2_cobot/install/mycobot_600/lib/python3.10/site-packages:/home/robotics/ros2_cobot/install/mycobot_320pi/lib/python3.10/site-packages:/home/robotics/ros2_cobot/install/mycobot_320_riscv/lib/python3.10/site-packages:/home/robotics/ros2_cobot/install/mycobot_320/lib/python3.10/site-packages:/home/robotics/ros2_cobot/install/mycobot_280pi/lib/python3.10/site-packages:/home/robotics/ros2_cobot/install/mycobot_280jn/lib/python3.10/site-packages:/home/robotics/ros2_cobot/install/mycobot_280_x3pi/lib/python3.10/site-packages:/home/robotics/ros2_cobot/install/mycobot_280_riscv/lib/python3.10/site-packages:/home/robotics/ros2_cobot/install/mycobot_280_rdkx5/lib/python3.10/site-packages:/home/robotics/ros2_cobot/install/mycobot_280_moveit2_control/lib/python3.10/site-packages:/home/robotics/ros2_cobot/install/mycobot_280_arduino/lib/python3.10/site-packages:/home/robotics/ros2_cobot/install/mycobot_280/lib/python3.10/site-packages:/home/robotics/ros2_cobot/install/mybuddy/lib/python3.10/site-packages:/home/robotics/ros2_cobot/install/myarm_300/lib/python3.10/site-packages:/home/robotics/ros2_cobot/install/mecharm_pi/lib/python3.10/site-packages:/home/robotics/ros2_cobot/install/mecharm/lib/python3.10/site-packages:/home/robotics/ros2_cobot/install/mecharm_interfaces/local/lib/python3.10/dist-packages:/opt/ros/humble/lib/python3.10/site-packages:/opt/ros/humble/local/lib/python3.10/dist-packages /usr/bin/python3 -W ignore:setup.py install is deprecated -W ignore:easy_install command is deprecated setup.py egg_info --egg-base ../../../../build/mycobot_280pi build --build-base /home/robotics/ros2_cobot/build/mycobot_280pi/build install --record /home/robotics/ros2_cobot/build/mycobot_280pi/install.log --single-version-externally-managed install_data
[7.297s] INFO:colcon.colcon_core.shell:Creating environment descriptor '/home/robotics/ros2_cobot/install/mypalletizer_260/share/mypalletizer_260/hook/ament_prefix_path.dsv'
[7.298s] INFO:colcon.colcon_core.shell:Creating environment hook '/home/robotics/ros2_cobot/install/mypalletizer_260/share/mypalletizer_260/hook/ament_prefix_path.sh'
[7.299s] INFO:colcon.colcon_core.shell:Skip shell extension 'powershell' for command environment: Not usable outside of PowerShell
[7.299s] DEBUG:colcon.colcon_core.shell:Skip shell extension 'dsv' for command environment
[7.305s] INFO:colcon.colcon_ros.task.ament_python.build:Building ROS package in '/home/robotics/ros2_cobot/src/mycobot_ros2/mypalletizer_260/mypalletizer_260_pi' with build type 'ament_python'
[7.306s] Level 1:colcon.colcon_core.shell:create_environment_hook('mypalletizer_260_pi', 'ament_prefix_path')
[7.306s] INFO:colcon.colcon_core.shell:Creating environment hook '/home/robotics/ros2_cobot/install/mypalletizer_260_pi/share/mypalletizer_260_pi/hook/ament_prefix_path.ps1'
[7.307s] INFO:colcon.colcon_core.shell:Creating environment descriptor '/home/robotics/ros2_cobot/install/mypalletizer_260_pi/share/mypalletizer_260_pi/hook/ament_prefix_path.dsv'
[7.307s] INFO:colcon.colcon_core.shell:Creating environment hook '/home/robotics/ros2_cobot/install/mypalletizer_260_pi/share/mypalletizer_260_pi/hook/ament_prefix_path.sh'
[7.308s] INFO:colcon.colcon_core.shell:Skip shell extension 'powershell' for command environment: Not usable outside of PowerShell
[7.308s] DEBUG:colcon.colcon_core.shell:Skip shell extension 'dsv' for command environment
[7.314s] INFO:colcon.colcon_ros.task.ament_python.build:Building ROS package in '/home/robotics/ros2_cobot/src/mycobot_ros2/ultraArm/ultraarm' with build type 'ament_python'
[7.314s] Level 1:colcon.colcon_core.shell:create_environment_hook('ultraarm', 'ament_prefix_path')
[7.315s] INFO:colcon.colcon_core.shell:Creating environment hook '/home/robotics/ros2_cobot/install/ultraarm/share/ultraarm/hook/ament_prefix_path.ps1'
[7.315s] INFO:colcon.colcon_core.shell:Creating environment descriptor '/home/robotics/ros2_cobot/install/ultraarm/share/ultraarm/hook/ament_prefix_path.dsv'
[7.315s] INFO:colcon.colcon_core.shell:Creating environment hook '/home/robotics/ros2_cobot/install/ultraarm/share/ultraarm/hook/ament_prefix_path.sh'
[7.316s] INFO:colcon.colcon_core.shell:Skip shell extension 'powershell' for command environment: Not usable outside of PowerShell
[7.316s] DEBUG:colcon.colcon_core.shell:Skip shell extension 'dsv' for command environment
[7.323s] INFO:colcon.colcon_ros.task.ament_python.build:Building ROS package in '/home/robotics/ros2_cobot/src/mycobot_ros2/myArm/myarm_c650' with build type 'ament_python'
[7.323s] Level 1:colcon.colcon_core.shell:create_environment_hook('myarm_c650', 'ament_prefix_path')
[7.323s] INFO:colcon.colcon_core.shell:Creating environment hook '/home/robotics/ros2_cobot/install/myarm_c650/share/myarm_c650/hook/ament_prefix_path.ps1'
[7.324s] INFO:colcon.colcon_core.shell:Creating environment descriptor '/home/robotics/ros2_cobot/install/myarm_c650/share/myarm_c650/hook/ament_prefix_path.dsv'
[7.325s] INFO:colcon.colcon_core.shell:Creating environment hook '/home/robotics/ros2_cobot/install/myarm_c650/share/myarm_c650/hook/ament_prefix_path.sh'
[7.326s] INFO:colcon.colcon_core.shell:Skip shell extension 'powershell' for command environment: Not usable outside of PowerShell
[7.326s] DEBUG:colcon.colcon_core.shell:Skip shell extension 'dsv' for command environment
[7.333s] INFO:colcon.colcon_ros.task.ament_python.build:Building ROS package in '/home/robotics/ros2_cobot/src/mycobot_ros2/myArm/myarm_m750' with build type 'ament_python'
[7.333s] Level 1:colcon.colcon_core.shell:create_environment_hook('myarm_m750', 'ament_prefix_path')
[7.333s] INFO:colcon.colcon_core.shell:Creating environment hook '/home/robotics/ros2_cobot/install/myarm_m750/share/myarm_m750/hook/ament_prefix_path.ps1'
[7.334s] INFO:colcon.colcon_core.shell:Creating environment descriptor '/home/robotics/ros2_cobot/install/myarm_m750/share/myarm_m750/hook/ament_prefix_path.dsv'
[7.335s] INFO:colcon.colcon_core.shell:Creating environment hook '/home/robotics/ros2_cobot/install/myarm_m750/share/myarm_m750/hook/ament_prefix_path.sh'
[7.335s] INFO:colcon.colcon_core.shell:Skip shell extension 'powershell' for command environment: Not usable outside of PowerShell
[7.335s] DEBUG:colcon.colcon_core.shell:Skip shell extension 'dsv' for command environment
[7.344s] INFO:colcon.colcon_ros.task.ament_python.build:Building ROS package in '/home/robotics/ros2_cobot/src/mycobot_ros2/mycobot_280/mycobot_280_rdkx5' with build type 'ament_python'
[7.344s] Level 1:colcon.colcon_core.shell:create_environment_hook('mycobot_280_rdkx5', 'ament_prefix_path')
[7.345s] INFO:colcon.colcon_core.shell:Creating environment hook '/home/robotics/ros2_cobot/install/mycobot_280_rdkx5/share/mycobot_280_rdkx5/hook/ament_prefix_path.ps1'
[7.346s] INFO:colcon.colcon_core.shell:Creating environment descriptor '/home/robotics/ros2_cobot/install/mycobot_280_rdkx5/share/mycobot_280_rdkx5/hook/ament_prefix_path.dsv'
[7.346s] INFO:colcon.colcon_core.shell:Creating environment hook '/home/robotics/ros2_cobot/install/mycobot_280_rdkx5/share/mycobot_280_rdkx5/hook/ament_prefix_path.sh'
[7.347s] INFO:colcon.colcon_core.shell:Skip shell extension 'powershell' for command environment: Not usable outside of PowerShell
[7.347s] DEBUG:colcon.colcon_core.shell:Skip shell extension 'dsv' for command environment
[7.711s] INFO:colcon.colcon_core.task.python.build:Building Python package in '/home/robotics/ros2_cobot/src/mycobot_ros2/mycobot_pro/mycobot_600'
[7.712s] INFO:colcon.colcon_core.shell:Skip shell extension 'powershell' for command environment: Not usable outside of PowerShell
[7.712s] DEBUG:colcon.colcon_core.shell:Skip shell extension 'dsv' for command environment
[7.967s] INFO:colcon.colcon_core.task.python.build:Building Python package in '/home/robotics/ros2_cobot/src/mycobot_ros2/mycobot_pro/mycobot_630'
[7.967s] INFO:colcon.colcon_core.shell:Skip shell extension 'powershell' for command environment: Not usable outside of PowerShell
[7.967s] DEBUG:colcon.colcon_core.shell:Skip shell extension 'dsv' for command environment
[8.203s] INFO:colcon.colcon_core.task.python.build:Building Python package in '/home/robotics/ros2_cobot/src/mycobot_ros2/mypalletizer_260/mypalletizer_260'
[8.203s] INFO:colcon.colcon_core.shell:Skip shell extension 'powershell' for command environment: Not usable outside of PowerShell
[8.203s] DEBUG:colcon.colcon_core.shell:Skip shell extension 'dsv' for command environment
[8.442s] INFO:colcon.colcon_core.task.python.build:Building Python package in '/home/robotics/ros2_cobot/src/mycobot_ros2/mypalletizer_260/mypalletizer_260_pi'
[8.442s] INFO:colcon.colcon_core.shell:Skip shell extension 'powershell' for command environment: Not usable outside of PowerShell
[8.443s] DEBUG:colcon.colcon_core.shell:Skip shell extension 'dsv' for command environment
[8.680s] INFO:colcon.colcon_core.task.python.build:Building Python package in '/home/robotics/ros2_cobot/src/mycobot_ros2/ultraArm/ultraarm'
[8.680s] INFO:colcon.colcon_core.shell:Skip shell extension 'powershell' for command environment: Not usable outside of PowerShell
[8.680s] DEBUG:colcon.colcon_core.shell:Skip shell extension 'dsv' for command environment
[8.930s] INFO:colcon.colcon_core.task.python.build:Building Python package in '/home/robotics/ros2_cobot/src/mycobot_ros2/myArm/myarm_c650'
[8.930s] INFO:colcon.colcon_core.shell:Skip shell extension 'powershell' for command environment: Not usable outside of PowerShell
[8.930s] DEBUG:colcon.colcon_core.shell:Skip shell extension 'dsv' for command environment
[9.142s] INFO:colcon.colcon_core.task.python.build:Building Python package in '/home/robotics/ros2_cobot/src/mycobot_ros2/myArm/myarm_m750'
[9.142s] INFO:colcon.colcon_core.shell:Skip shell extension 'powershell' for command environment: Not usable outside of PowerShell
[9.142s] DEBUG:colcon.colcon_core.shell:Skip shell extension 'dsv' for command environment
[9.355s] INFO:colcon.colcon_core.task.python.build:Building Python package in '/home/robotics/ros2_cobot/src/mycobot_ros2/mycobot_280/mycobot_280_rdkx5'
[9.356s] INFO:colcon.colcon_core.shell:Skip shell extension 'powershell' for command environment: Not usable outside of PowerShell
[9.356s] DEBUG:colcon.colcon_core.shell:Skip shell extension 'dsv' for command environment
[9.366s] Level 1:colcon.colcon_core.environment:checking '/home/robotics/ros2_cobot/install/mycobot_280_x3pi' for CMake module files
[9.367s] DEBUG:colcon.colcon_core.event_handler.log_command:Invoked command in '/home/robotics/ros2_cobot/src/mycobot_ros2/mycobot_280/mycobot_280_x3pi' returned '0': AMENT_PREFIX_PATH=/home/robotics/ros2_cobot/install/mycobot_description:/home/robotics/ros2_cobot/install/ultraarm:/home/robotics/ros2_cobot/install/traj_scripts:/home/robotics/ros2_cobot/install/mypalletizer_communication:/home/robotics/ros2_cobot/install/mypalletizer_interfaces:/home/robotics/ros2_cobot/install/mypalletizer_260_pi:/home/robotics/ros2_cobot/install/mypalletizer_260:/home/robotics/ros2_cobot/install/myarm_m750:/home/robotics/ros2_cobot/install/myarm_c650:/home/robotics/ros2_cobot/install/mycobot_communication:/home/robotics/ros2_cobot/install/mecharm_communication:/home/robotics/ros2_cobot/install/mycobot_interfaces:/home/robotics/ros2_cobot/install/mycobot_630:/home/robotics/ros2_cobot/install/mycobot_600:/home/robotics/ros2_cobot/install/mycobot_320pi:/home/robotics/ros2_cobot/install/mycobot_320_riscv:/home/robotics/ros2_cobot/install/mycobot_320:/home/robotics/ros2_cobot/install/mycobot_280rdkx5_moveit2:/home/robotics/ros2_cobot/install/mycobot_280pi:/home/robotics/ros2_cobot/install/mycobot_280jn:/home/robotics/ros2_cobot/install/mycobot_280arduino_moveit2:/home/robotics/ros2_cobot/install/mycobot_280_x3pi:/home/robotics/ros2_cobot/install/mycobot_280_riscv:/home/robotics/ros2_cobot/install/mycobot_280_rdkx5:/home/robotics/ros2_cobot/install/mycobot_280_moveit2_control:/home/robotics/ros2_cobot/install/mycobot_280_moveit2:/home/robotics/ros2_cobot/install/mycobot_280_arduino:/home/robotics/ros2_cobot/install/mycobot_280:/home/robotics/ros2_cobot/install/mybuddy:/home/robotics/ros2_cobot/install/myarm_300:/home/robotics/ros2_cobot/install/mecharm_pi:/home/robotics/ros2_cobot/install/mecharm:/home/robotics/ros2_cobot/install/mecharm_interfaces:/opt/ros/humble PYTHONPATH=/home/robotics/ros2_cobot/build/mycobot_280_x3pi/prefix_override:/usr/lib/python3/dist-packages/colcon_core/task/python/colcon_distutils_commands:/home/robotics/ros2_cobot/install/mycobot_280_x3pi/lib/python3.10/site-packages:/home/robotics/ros2_cobot/install/mycobot_description/lib/python3.10/site-packages:/home/robotics/ros2_cobot/install/ultraarm/lib/python3.10/site-packages:/home/robotics/ros2_cobot/install/traj_scripts/local/lib/python3.10/dist-packages:/home/robotics/ros2_cobot/install/mypalletizer_communication/lib/python3.10/site-packages:/home/robotics/ros2_cobot/install/mypalletizer_interfaces/local/lib/python3.10/dist-packages:/home/robotics/ros2_cobot/install/mypalletizer_260_pi/lib/python3.10/site-packages:/home/robotics/ros2_cobot/install/mypalletizer_260/lib/python3.10/site-packages:/home/robotics/ros2_cobot/install/myarm_m750/lib/python3.10/site-packages:/home/robotics/ros2_cobot/install/myarm_c650/lib/python3.10/site-packages:/home/robotics/ros2_cobot/install/mycobot_communication/lib/python3.10/site-packages:/home/robotics/ros2_cobot/install/mecharm_communication/lib/python3.10/site-packages:/home/robotics/ros2_cobot/install/mycobot_interfaces/local/lib/python3.10/dist-packages:/home/robotics/ros2_cobot/install/mycobot_630/lib/python3.10/site-packages:/home/robotics/ros2_cobot/install/mycobot_600/lib/python3.10/site-packages:/home/robotics/ros2_cobot/install/mycobot_320pi/lib/python3.10/site-packages:/home/robotics/ros2_cobot/install/mycobot_320_riscv/lib/python3.10/site-packages:/home/robotics/ros2_cobot/install/mycobot_320/lib/python3.10/site-packages:/home/robotics/ros2_cobot/install/mycobot_280pi/lib/python3.10/site-packages:/home/robotics/ros2_cobot/install/mycobot_280jn/lib/python3.10/site-packages:/home/robotics/ros2_cobot/install/mycobot_280_x3pi/lib/python3.10/site-packages:/home/robotics/ros2_cobot/install/mycobot_280_riscv/lib/python3.10/site-packages:/home/robotics/ros2_cobot/install/mycobot_280_rdkx5/lib/python3.10/site-packages:/home/robotics/ros2_cobot/install/mycobot_280_moveit2_control/lib/python3.10/site-packages:/home/robotics/ros2_cobot/install/mycobot_280_arduino/lib/python3.10/site-packages:/home/robotics/ros2_cobot/install/mycobot_280/lib/python3.10/site-packages:/home/robotics/ros2_cobot/install/mybuddy/lib/python3.10/site-packages:/home/robotics/ros2_cobot/install/myarm_300/lib/python3.10/site-packages:/home/robotics/ros2_cobot/install/mecharm_pi/lib/python3.10/site-packages:/home/robotics/ros2_cobot/install/mecharm/lib/python3.10/site-packages:/home/robotics/ros2_cobot/install/mecharm_interfaces/local/lib/python3.10/dist-packages:/opt/ros/humble/lib/python3.10/site-packages:/opt/ros/humble/local/lib/python3.10/dist-packages /usr/bin/python3 -W ignore:setup.py install is deprecated -W ignore:easy_install command is deprecated setup.py egg_info --egg-base ../../../../build/mycobot_280_x3pi build --build-base /home/robotics/ros2_cobot/build/mycobot_280_x3pi/build install --record /home/robotics/ros2_cobot/build/mycobot_280_x3pi/install.log --single-version-externally-managed install_data
[9.368s] Level 1:colcon.colcon_core.environment:checking '/home/robotics/ros2_cobot/install/mycobot_280_x3pi' for CMake config files
[9.369s] Level 1:colcon.colcon_core.environment:checking '/home/robotics/ros2_cobot/install/mycobot_280_x3pi/lib'
[9.369s] Level 1:colcon.colcon_core.environment:checking '/home/robotics/ros2_cobot/install/mycobot_280_x3pi/bin'
[9.369s] Level 1:colcon.colcon_core.environment:checking '/home/robotics/ros2_cobot/install/mycobot_280_x3pi/lib/pkgconfig/mycobot_280_x3pi.pc'
[9.369s] Level 1:colcon.colcon_core.environment:checking '/home/robotics/ros2_cobot/install/mycobot_280_x3pi/lib/python3.10/site-packages'
[9.369s] Level 1:colcon.colcon_core.shell:create_environment_hook('mycobot_280_x3pi', 'pythonpath')
[9.370s] INFO:colcon.colcon_core.shell:Creating environment hook '/home/robotics/ros2_cobot/install/mycobot_280_x3pi/share/mycobot_280_x3pi/hook/pythonpath.ps1'
[9.370s] INFO:colcon.colcon_core.shell:Creating environment descriptor '/home/robotics/ros2_cobot/install/mycobot_280_x3pi/share/mycobot_280_x3pi/hook/pythonpath.dsv'
[9.371s] INFO:colcon.colcon_core.shell:Creating environment hook '/home/robotics/ros2_cobot/install/mycobot_280_x3pi/share/mycobot_280_x3pi/hook/pythonpath.sh'
[9.372s] Level 1:colcon.colcon_core.environment:checking '/home/robotics/ros2_cobot/install/mycobot_280_x3pi/bin'
[9.372s] Level 1:colcon.colcon_core.environment:create_environment_scripts_only(mycobot_280_x3pi)
[9.372s] INFO:colcon.colcon_core.shell:Creating package script '/home/robotics/ros2_cobot/install/mycobot_280_x3pi/share/mycobot_280_x3pi/package.ps1'
[9.373s] INFO:colcon.colcon_core.shell:Creating package descriptor '/home/robotics/ros2_cobot/install/mycobot_280_x3pi/share/mycobot_280_x3pi/package.dsv'
[9.374s] INFO:colcon.colcon_core.shell:Creating package script '/home/robotics/ros2_cobot/install/mycobot_280_x3pi/share/mycobot_280_x3pi/package.sh'
[9.375s] INFO:colcon.colcon_core.shell:Creating package script '/home/robotics/ros2_cobot/install/mycobot_280_x3pi/share/mycobot_280_x3pi/package.bash'
[9.375s] INFO:colcon.colcon_core.shell:Creating package script '/home/robotics/ros2_cobot/install/mycobot_280_x3pi/share/mycobot_280_x3pi/package.zsh'
[9.376s] Level 1:colcon.colcon_core.environment:create_file_with_runtime_dependencies(/home/robotics/ros2_cobot/install/mycobot_280_x3pi/share/colcon-core/packages/mycobot_280_x3pi)
[9.377s] Level 1:colcon.colcon_core.environment:checking '/home/robotics/ros2_cobot/install/mycobot_280_moveit2_control' for CMake module files
[9.378s] DEBUG:colcon.colcon_core.event_handler.log_command:Invoked command in '/home/robotics/ros2_cobot/src/mycobot_ros2/mycobot_280/mycobot_280_moveit2_control' returned '0': AMENT_PREFIX_PATH=/home/robotics/ros2_cobot/install/mycobot_description:/home/robotics/ros2_cobot/install/ultraarm:/home/robotics/ros2_cobot/install/traj_scripts:/home/robotics/ros2_cobot/install/mypalletizer_communication:/home/robotics/ros2_cobot/install/mypalletizer_interfaces:/home/robotics/ros2_cobot/install/mypalletizer_260_pi:/home/robotics/ros2_cobot/install/mypalletizer_260:/home/robotics/ros2_cobot/install/myarm_m750:/home/robotics/ros2_cobot/install/myarm_c650:/home/robotics/ros2_cobot/install/mycobot_communication:/home/robotics/ros2_cobot/install/mecharm_communication:/home/robotics/ros2_cobot/install/mycobot_interfaces:/home/robotics/ros2_cobot/install/mycobot_630:/home/robotics/ros2_cobot/install/mycobot_600:/home/robotics/ros2_cobot/install/mycobot_320pi:/home/robotics/ros2_cobot/install/mycobot_320_riscv:/home/robotics/ros2_cobot/install/mycobot_320:/home/robotics/ros2_cobot/install/mycobot_280rdkx5_moveit2:/home/robotics/ros2_cobot/install/mycobot_280pi:/home/robotics/ros2_cobot/install/mycobot_280jn:/home/robotics/ros2_cobot/install/mycobot_280arduino_moveit2:/home/robotics/ros2_cobot/install/mycobot_280_x3pi:/home/robotics/ros2_cobot/install/mycobot_280_riscv:/home/robotics/ros2_cobot/install/mycobot_280_rdkx5:/home/robotics/ros2_cobot/install/mycobot_280_moveit2_control:/home/robotics/ros2_cobot/install/mycobot_280_moveit2:/home/robotics/ros2_cobot/install/mycobot_280_arduino:/home/robotics/ros2_cobot/install/mycobot_280:/home/robotics/ros2_cobot/install/mybuddy:/home/robotics/ros2_cobot/install/myarm_300:/home/robotics/ros2_cobot/install/mecharm_pi:/home/robotics/ros2_cobot/install/mecharm:/home/robotics/ros2_cobot/install/mecharm_interfaces:/opt/ros/humble PYTHONPATH=/home/robotics/ros2_cobot/build/mycobot_280_moveit2_control/prefix_override:/usr/lib/python3/dist-packages/colcon_core/task/python/colcon_distutils_commands:/home/robotics/ros2_cobot/install/mycobot_280_moveit2_control/lib/python3.10/site-packages:/home/robotics/ros2_cobot/install/mycobot_description/lib/python3.10/site-packages:/home/robotics/ros2_cobot/install/ultraarm/lib/python3.10/site-packages:/home/robotics/ros2_cobot/install/traj_scripts/local/lib/python3.10/dist-packages:/home/robotics/ros2_cobot/install/mypalletizer_communication/lib/python3.10/site-packages:/home/robotics/ros2_cobot/install/mypalletizer_interfaces/local/lib/python3.10/dist-packages:/home/robotics/ros2_cobot/install/mypalletizer_260_pi/lib/python3.10/site-packages:/home/robotics/ros2_cobot/install/mypalletizer_260/lib/python3.10/site-packages:/home/robotics/ros2_cobot/install/myarm_m750/lib/python3.10/site-packages:/home/robotics/ros2_cobot/install/myarm_c650/lib/python3.10/site-packages:/home/robotics/ros2_cobot/install/mycobot_communication/lib/python3.10/site-packages:/home/robotics/ros2_cobot/install/mecharm_communication/lib/python3.10/site-packages:/home/robotics/ros2_cobot/install/mycobot_interfaces/local/lib/python3.10/dist-packages:/home/robotics/ros2_cobot/install/mycobot_630/lib/python3.10/site-packages:/home/robotics/ros2_cobot/install/mycobot_600/lib/python3.10/site-packages:/home/robotics/ros2_cobot/install/mycobot_320pi/lib/python3.10/site-packages:/home/robotics/ros2_cobot/install/mycobot_320_riscv/lib/python3.10/site-packages:/home/robotics/ros2_cobot/install/mycobot_320/lib/python3.10/site-packages:/home/robotics/ros2_cobot/install/mycobot_280pi/lib/python3.10/site-packages:/home/robotics/ros2_cobot/install/mycobot_280jn/lib/python3.10/site-packages:/home/robotics/ros2_cobot/install/mycobot_280_x3pi/lib/python3.10/site-packages:/home/robotics/ros2_cobot/install/mycobot_280_riscv/lib/python3.10/site-packages:/home/robotics/ros2_cobot/install/mycobot_280_rdkx5/lib/python3.10/site-packages:/home/robotics/ros2_cobot/install/mycobot_280_moveit2_control/lib/python3.10/site-packages:/home/robotics/ros2_cobot/install/mycobot_280_arduino/lib/python3.10/site-packages:/home/robotics/ros2_cobot/install/mycobot_280/lib/python3.10/site-packages:/home/robotics/ros2_cobot/install/mybuddy/lib/python3.10/site-packages:/home/robotics/ros2_cobot/install/myarm_300/lib/python3.10/site-packages:/home/robotics/ros2_cobot/install/mecharm_pi/lib/python3.10/site-packages:/home/robotics/ros2_cobot/install/mecharm/lib/python3.10/site-packages:/home/robotics/ros2_cobot/install/mecharm_interfaces/local/lib/python3.10/dist-packages:/opt/ros/humble/lib/python3.10/site-packages:/opt/ros/humble/local/lib/python3.10/dist-packages /usr/bin/python3 -W ignore:setup.py install is deprecated -W ignore:easy_install command is deprecated setup.py egg_info --egg-base ../../../../build/mycobot_280_moveit2_control build --build-base /home/robotics/ros2_cobot/build/mycobot_280_moveit2_control/build install --record /home/robotics/ros2_cobot/build/mycobot_280_moveit2_control/install.log --single-version-externally-managed install_data
[9.378s] Level 1:colcon.colcon_core.environment:checking '/home/robotics/ros2_cobot/install/mycobot_280_moveit2_control' for CMake config files
[9.379s] Level 1:colcon.colcon_core.environment:checking '/home/robotics/ros2_cobot/install/mycobot_280_moveit2_control/lib'
[9.379s] Level 1:colcon.colcon_core.environment:checking '/home/robotics/ros2_cobot/install/mycobot_280_moveit2_control/bin'
[9.379s] Level 1:colcon.colcon_core.environment:checking '/home/robotics/ros2_cobot/install/mycobot_280_moveit2_control/lib/pkgconfig/mycobot_280_moveit2_control.pc'
[9.379s] Level 1:colcon.colcon_core.environment:checking '/home/robotics/ros2_cobot/install/mycobot_280_moveit2_control/lib/python3.10/site-packages'
[9.379s] Level 1:colcon.colcon_core.shell:create_environment_hook('mycobot_280_moveit2_control', 'pythonpath')
[9.380s] INFO:colcon.colcon_core.shell:Creating environment hook '/home/robotics/ros2_cobot/install/mycobot_280_moveit2_control/share/mycobot_280_moveit2_control/hook/pythonpath.ps1'
[9.380s] INFO:colcon.colcon_core.shell:Creating environment descriptor '/home/robotics/ros2_cobot/install/mycobot_280_moveit2_control/share/mycobot_280_moveit2_control/hook/pythonpath.dsv'
[9.381s] INFO:colcon.colcon_core.shell:Creating environment hook '/home/robotics/ros2_cobot/install/mycobot_280_moveit2_control/share/mycobot_280_moveit2_control/hook/pythonpath.sh'
[9.381s] Level 1:colcon.colcon_core.environment:checking '/home/robotics/ros2_cobot/install/mycobot_280_moveit2_control/bin'
[9.381s] Level 1:colcon.colcon_core.environment:create_environment_scripts_only(mycobot_280_moveit2_control)
[9.382s] INFO:colcon.colcon_core.shell:Creating package script '/home/robotics/ros2_cobot/install/mycobot_280_moveit2_control/share/mycobot_280_moveit2_control/package.ps1'
[9.382s] INFO:colcon.colcon_core.shell:Creating package descriptor '/home/robotics/ros2_cobot/install/mycobot_280_moveit2_control/share/mycobot_280_moveit2_control/package.dsv'
[9.383s] INFO:colcon.colcon_core.shell:Creating package script '/home/robotics/ros2_cobot/install/mycobot_280_moveit2_control/share/mycobot_280_moveit2_control/package.sh'
[9.383s] INFO:colcon.colcon_core.shell:Creating package script '/home/robotics/ros2_cobot/install/mycobot_280_moveit2_control/share/mycobot_280_moveit2_control/package.bash'
[9.384s] INFO:colcon.colcon_core.shell:Creating package script '/home/robotics/ros2_cobot/install/mycobot_280_moveit2_control/share/mycobot_280_moveit2_control/package.zsh'
[9.384s] Level 1:colcon.colcon_core.environment:create_file_with_runtime_dependencies(/home/robotics/ros2_cobot/install/mycobot_280_moveit2_control/share/colcon-core/packages/mycobot_280_moveit2_control)
[9.385s] Level 1:colcon.colcon_core.environment:checking '/home/robotics/ros2_cobot/install/mycobot_280pi' for CMake module files
[9.386s] DEBUG:colcon.colcon_core.event_handler.log_command:Invoked command in '/home/robotics/ros2_cobot/src/mycobot_ros2/mycobot_280/mycobot_280pi' returned '0': AMENT_PREFIX_PATH=/home/robotics/ros2_cobot/install/mycobot_description:/home/robotics/ros2_cobot/install/ultraarm:/home/robotics/ros2_cobot/install/traj_scripts:/home/robotics/ros2_cobot/install/mypalletizer_communication:/home/robotics/ros2_cobot/install/mypalletizer_interfaces:/home/robotics/ros2_cobot/install/mypalletizer_260_pi:/home/robotics/ros2_cobot/install/mypalletizer_260:/home/robotics/ros2_cobot/install/myarm_m750:/home/robotics/ros2_cobot/install/myarm_c650:/home/robotics/ros2_cobot/install/mycobot_communication:/home/robotics/ros2_cobot/install/mecharm_communication:/home/robotics/ros2_cobot/install/mycobot_interfaces:/home/robotics/ros2_cobot/install/mycobot_630:/home/robotics/ros2_cobot/install/mycobot_600:/home/robotics/ros2_cobot/install/mycobot_320pi:/home/robotics/ros2_cobot/install/mycobot_320_riscv:/home/robotics/ros2_cobot/install/mycobot_320:/home/robotics/ros2_cobot/install/mycobot_280rdkx5_moveit2:/home/robotics/ros2_cobot/install/mycobot_280pi:/home/robotics/ros2_cobot/install/mycobot_280jn:/home/robotics/ros2_cobot/install/mycobot_280arduino_moveit2:/home/robotics/ros2_cobot/install/mycobot_280_x3pi:/home/robotics/ros2_cobot/install/mycobot_280_riscv:/home/robotics/ros2_cobot/install/mycobot_280_rdkx5:/home/robotics/ros2_cobot/install/mycobot_280_moveit2_control:/home/robotics/ros2_cobot/install/mycobot_280_moveit2:/home/robotics/ros2_cobot/install/mycobot_280_arduino:/home/robotics/ros2_cobot/install/mycobot_280:/home/robotics/ros2_cobot/install/mybuddy:/home/robotics/ros2_cobot/install/myarm_300:/home/robotics/ros2_cobot/install/mecharm_pi:/home/robotics/ros2_cobot/install/mecharm:/home/robotics/ros2_cobot/install/mecharm_interfaces:/opt/ros/humble PYTHONPATH=/home/robotics/ros2_cobot/build/mycobot_280pi/prefix_override:/usr/lib/python3/dist-packages/colcon_core/task/python/colcon_distutils_commands:/home/robotics/ros2_cobot/install/mycobot_280pi/lib/python3.10/site-packages:/home/robotics/ros2_cobot/install/mycobot_description/lib/python3.10/site-packages:/home/robotics/ros2_cobot/install/ultraarm/lib/python3.10/site-packages:/home/robotics/ros2_cobot/install/traj_scripts/local/lib/python3.10/dist-packages:/home/robotics/ros2_cobot/install/mypalletizer_communication/lib/python3.10/site-packages:/home/robotics/ros2_cobot/install/mypalletizer_interfaces/local/lib/python3.10/dist-packages:/home/robotics/ros2_cobot/install/mypalletizer_260_pi/lib/python3.10/site-packages:/home/robotics/ros2_cobot/install/mypalletizer_260/lib/python3.10/site-packages:/home/robotics/ros2_cobot/install/myarm_m750/lib/python3.10/site-packages:/home/robotics/ros2_cobot/install/myarm_c650/lib/python3.10/site-packages:/home/robotics/ros2_cobot/install/mycobot_communication/lib/python3.10/site-packages:/home/robotics/ros2_cobot/install/mecharm_communication/lib/python3.10/site-packages:/home/robotics/ros2_cobot/install/mycobot_interfaces/local/lib/python3.10/dist-packages:/home/robotics/ros2_cobot/install/mycobot_630/lib/python3.10/site-packages:/home/robotics/ros2_cobot/install/mycobot_600/lib/python3.10/site-packages:/home/robotics/ros2_cobot/install/mycobot_320pi/lib/python3.10/site-packages:/home/robotics/ros2_cobot/install/mycobot_320_riscv/lib/python3.10/site-packages:/home/robotics/ros2_cobot/install/mycobot_320/lib/python3.10/site-packages:/home/robotics/ros2_cobot/install/mycobot_280pi/lib/python3.10/site-packages:/home/robotics/ros2_cobot/install/mycobot_280jn/lib/python3.10/site-packages:/home/robotics/ros2_cobot/install/mycobot_280_x3pi/lib/python3.10/site-packages:/home/robotics/ros2_cobot/install/mycobot_280_riscv/lib/python3.10/site-packages:/home/robotics/ros2_cobot/install/mycobot_280_rdkx5/lib/python3.10/site-packages:/home/robotics/ros2_cobot/install/mycobot_280_moveit2_control/lib/python3.10/site-packages:/home/robotics/ros2_cobot/install/mycobot_280_arduino/lib/python3.10/site-packages:/home/robotics/ros2_cobot/install/mycobot_280/lib/python3.10/site-packages:/home/robotics/ros2_cobot/install/mybuddy/lib/python3.10/site-packages:/home/robotics/ros2_cobot/install/myarm_300/lib/python3.10/site-packages:/home/robotics/ros2_cobot/install/mecharm_pi/lib/python3.10/site-packages:/home/robotics/ros2_cobot/install/mecharm/lib/python3.10/site-packages:/home/robotics/ros2_cobot/install/mecharm_interfaces/local/lib/python3.10/dist-packages:/opt/ros/humble/lib/python3.10/site-packages:/opt/ros/humble/local/lib/python3.10/dist-packages /usr/bin/python3 -W ignore:setup.py install is deprecated -W ignore:easy_install command is deprecated setup.py egg_info --egg-base ../../../../build/mycobot_280pi build --build-base /home/robotics/ros2_cobot/build/mycobot_280pi/build install --record /home/robotics/ros2_cobot/build/mycobot_280pi/install.log --single-version-externally-managed install_data
[9.386s] Level 1:colcon.colcon_core.environment:checking '/home/robotics/ros2_cobot/install/mycobot_280pi' for CMake config files
[9.387s] Level 1:colcon.colcon_core.environment:checking '/home/robotics/ros2_cobot/install/mycobot_280pi/lib'
[9.387s] Level 1:colcon.colcon_core.environment:checking '/home/robotics/ros2_cobot/install/mycobot_280pi/bin'
[9.387s] Level 1:colcon.colcon_core.environment:checking '/home/robotics/ros2_cobot/install/mycobot_280pi/lib/pkgconfig/mycobot_280pi.pc'
[9.387s] Level 1:colcon.colcon_core.environment:checking '/home/robotics/ros2_cobot/install/mycobot_280pi/lib/python3.10/site-packages'
[9.387s] Level 1:colcon.colcon_core.shell:create_environment_hook('mycobot_280pi', 'pythonpath')
[9.388s] INFO:colcon.colcon_core.shell:Creating environment hook '/home/robotics/ros2_cobot/install/mycobot_280pi/share/mycobot_280pi/hook/pythonpath.ps1'
[9.388s] INFO:colcon.colcon_core.shell:Creating environment descriptor '/home/robotics/ros2_cobot/install/mycobot_280pi/share/mycobot_280pi/hook/pythonpath.dsv'
[9.388s] INFO:colcon.colcon_core.shell:Creating environment hook '/home/robotics/ros2_cobot/install/mycobot_280pi/share/mycobot_280pi/hook/pythonpath.sh'
[9.389s] Level 1:colcon.colcon_core.environment:checking '/home/robotics/ros2_cobot/install/mycobot_280pi/bin'
[9.389s] Level 1:colcon.colcon_core.environment:create_environment_scripts_only(mycobot_280pi)
[9.390s] INFO:colcon.colcon_core.shell:Creating package script '/home/robotics/ros2_cobot/install/mycobot_280pi/share/mycobot_280pi/package.ps1'
[9.390s] INFO:colcon.colcon_core.shell:Creating package descriptor '/home/robotics/ros2_cobot/install/mycobot_280pi/share/mycobot_280pi/package.dsv'
[9.391s] INFO:colcon.colcon_core.shell:Creating package script '/home/robotics/ros2_cobot/install/mycobot_280pi/share/mycobot_280pi/package.sh'
[9.392s] INFO:colcon.colcon_core.shell:Creating package script '/home/robotics/ros2_cobot/install/mycobot_280pi/share/mycobot_280pi/package.bash'
[9.393s] INFO:colcon.colcon_core.shell:Creating package script '/home/robotics/ros2_cobot/install/mycobot_280pi/share/mycobot_280pi/package.zsh'
[9.393s] Level 1:colcon.colcon_core.environment:create_file_with_runtime_dependencies(/home/robotics/ros2_cobot/install/mycobot_280pi/share/colcon-core/packages/mycobot_280pi)
[9.398s] DEBUG:colcon.colcon_core.event_handler.log_command:Invoking command in '/home/robotics/ros2_cobot/src/mycobot_ros2/mycobot_320/mycobot_320': AMENT_PREFIX_PATH=/home/robotics/ros2_cobot/install/mycobot_description:/home/robotics/ros2_cobot/install/ultraarm:/home/robotics/ros2_cobot/install/traj_scripts:/home/robotics/ros2_cobot/install/mypalletizer_communication:/home/robotics/ros2_cobot/install/mypalletizer_interfaces:/home/robotics/ros2_cobot/install/mypalletizer_260_pi:/home/robotics/ros2_cobot/install/mypalletizer_260:/home/robotics/ros2_cobot/install/myarm_m750:/home/robotics/ros2_cobot/install/myarm_c650:/home/robotics/ros2_cobot/install/mycobot_communication:/home/robotics/ros2_cobot/install/mecharm_communication:/home/robotics/ros2_cobot/install/mycobot_interfaces:/home/robotics/ros2_cobot/install/mycobot_630:/home/robotics/ros2_cobot/install/mycobot_600:/home/robotics/ros2_cobot/install/mycobot_320pi:/home/robotics/ros2_cobot/install/mycobot_320_riscv:/home/robotics/ros2_cobot/install/mycobot_320:/home/robotics/ros2_cobot/install/mycobot_280rdkx5_moveit2:/home/robotics/ros2_cobot/install/mycobot_280pi:/home/robotics/ros2_cobot/install/mycobot_280jn:/home/robotics/ros2_cobot/install/mycobot_280arduino_moveit2:/home/robotics/ros2_cobot/install/mycobot_280_x3pi:/home/robotics/ros2_cobot/install/mycobot_280_riscv:/home/robotics/ros2_cobot/install/mycobot_280_rdkx5:/home/robotics/ros2_cobot/install/mycobot_280_moveit2_control:/home/robotics/ros2_cobot/install/mycobot_280_moveit2:/home/robotics/ros2_cobot/install/mycobot_280_arduino:/home/robotics/ros2_cobot/install/mycobot_280:/home/robotics/ros2_cobot/install/mybuddy:/home/robotics/ros2_cobot/install/myarm_300:/home/robotics/ros2_cobot/install/mecharm_pi:/home/robotics/ros2_cobot/install/mecharm:/home/robotics/ros2_cobot/install/mecharm_interfaces:/opt/ros/humble PYTHONPATH=/home/robotics/ros2_cobot/build/mycobot_320/prefix_override:/usr/lib/python3/dist-packages/colcon_core/task/python/colcon_distutils_commands:/home/robotics/ros2_cobot/install/mycobot_320/lib/python3.10/site-packages:/home/robotics/ros2_cobot/install/mycobot_description/lib/python3.10/site-packages:/home/robotics/ros2_cobot/install/ultraarm/lib/python3.10/site-packages:/home/robotics/ros2_cobot/install/traj_scripts/local/lib/python3.10/dist-packages:/home/robotics/ros2_cobot/install/mypalletizer_communication/lib/python3.10/site-packages:/home/robotics/ros2_cobot/install/mypalletizer_interfaces/local/lib/python3.10/dist-packages:/home/robotics/ros2_cobot/install/mypalletizer_260_pi/lib/python3.10/site-packages:/home/robotics/ros2_cobot/install/mypalletizer_260/lib/python3.10/site-packages:/home/robotics/ros2_cobot/install/myarm_m750/lib/python3.10/site-packages:/home/robotics/ros2_cobot/install/myarm_c650/lib/python3.10/site-packages:/home/robotics/ros2_cobot/install/mycobot_communication/lib/python3.10/site-packages:/home/robotics/ros2_cobot/install/mecharm_communication/lib/python3.10/site-packages:/home/robotics/ros2_cobot/install/mycobot_interfaces/local/lib/python3.10/dist-packages:/home/robotics/ros2_cobot/install/mycobot_630/lib/python3.10/site-packages:/home/robotics/ros2_cobot/install/mycobot_600/lib/python3.10/site-packages:/home/robotics/ros2_cobot/install/mycobot_320pi/lib/python3.10/site-packages:/home/robotics/ros2_cobot/install/mycobot_320_riscv/lib/python3.10/site-packages:/home/robotics/ros2_cobot/install/mycobot_320/lib/python3.10/site-packages:/home/robotics/ros2_cobot/install/mycobot_280pi/lib/python3.10/site-packages:/home/robotics/ros2_cobot/install/mycobot_280jn/lib/python3.10/site-packages:/home/robotics/ros2_cobot/install/mycobot_280_x3pi/lib/python3.10/site-packages:/home/robotics/ros2_cobot/install/mycobot_280_riscv/lib/python3.10/site-packages:/home/robotics/ros2_cobot/install/mycobot_280_rdkx5/lib/python3.10/site-packages:/home/robotics/ros2_cobot/install/mycobot_280_moveit2_control/lib/python3.10/site-packages:/home/robotics/ros2_cobot/install/mycobot_280_arduino/lib/python3.10/site-packages:/home/robotics/ros2_cobot/install/mycobot_280/lib/python3.10/site-packages:/home/robotics/ros2_cobot/install/mybuddy/lib/python3.10/site-packages:/home/robotics/ros2_cobot/install/myarm_300/lib/python3.10/site-packages:/home/robotics/ros2_cobot/install/mecharm_pi/lib/python3.10/site-packages:/home/robotics/ros2_cobot/install/mecharm/lib/python3.10/site-packages:/home/robotics/ros2_cobot/install/mecharm_interfaces/local/lib/python3.10/dist-packages:/opt/ros/humble/lib/python3.10/site-packages:/opt/ros/humble/local/lib/python3.10/dist-packages /usr/bin/python3 -W ignore:setup.py install is deprecated -W ignore:easy_install command is deprecated setup.py egg_info --egg-base ../../../../build/mycobot_320 build --build-base /home/robotics/ros2_cobot/build/mycobot_320/build install --record /home/robotics/ros2_cobot/build/mycobot_320/install.log --single-version-externally-managed install_data
[9.399s] DEBUG:colcon.colcon_core.event_handler.log_command:Invoking command in '/home/robotics/ros2_cobot/src/mycobot_ros2/mycobot_320/mycobot_320_riscv': AMENT_PREFIX_PATH=/home/robotics/ros2_cobot/install/mycobot_description:/home/robotics/ros2_cobot/install/ultraarm:/home/robotics/ros2_cobot/install/traj_scripts:/home/robotics/ros2_cobot/install/mypalletizer_communication:/home/robotics/ros2_cobot/install/mypalletizer_interfaces:/home/robotics/ros2_cobot/install/mypalletizer_260_pi:/home/robotics/ros2_cobot/install/mypalletizer_260:/home/robotics/ros2_cobot/install/myarm_m750:/home/robotics/ros2_cobot/install/myarm_c650:/home/robotics/ros2_cobot/install/mycobot_communication:/home/robotics/ros2_cobot/install/mecharm_communication:/home/robotics/ros2_cobot/install/mycobot_interfaces:/home/robotics/ros2_cobot/install/mycobot_630:/home/robotics/ros2_cobot/install/mycobot_600:/home/robotics/ros2_cobot/install/mycobot_320pi:/home/robotics/ros2_cobot/install/mycobot_320_riscv:/home/robotics/ros2_cobot/install/mycobot_320:/home/robotics/ros2_cobot/install/mycobot_280rdkx5_moveit2:/home/robotics/ros2_cobot/install/mycobot_280pi:/home/robotics/ros2_cobot/install/mycobot_280jn:/home/robotics/ros2_cobot/install/mycobot_280arduino_moveit2:/home/robotics/ros2_cobot/install/mycobot_280_x3pi:/home/robotics/ros2_cobot/install/mycobot_280_riscv:/home/robotics/ros2_cobot/install/mycobot_280_rdkx5:/home/robotics/ros2_cobot/install/mycobot_280_moveit2_control:/home/robotics/ros2_cobot/install/mycobot_280_moveit2:/home/robotics/ros2_cobot/install/mycobot_280_arduino:/home/robotics/ros2_cobot/install/mycobot_280:/home/robotics/ros2_cobot/install/mybuddy:/home/robotics/ros2_cobot/install/myarm_300:/home/robotics/ros2_cobot/install/mecharm_pi:/home/robotics/ros2_cobot/install/mecharm:/home/robotics/ros2_cobot/install/mecharm_interfaces:/opt/ros/humble PYTHONPATH=/home/robotics/ros2_cobot/build/mycobot_320_riscv/prefix_override:/usr/lib/python3/dist-packages/colcon_core/task/python/colcon_distutils_commands:/home/robotics/ros2_cobot/install/mycobot_320_riscv/lib/python3.10/site-packages:/home/robotics/ros2_cobot/install/mycobot_description/lib/python3.10/site-packages:/home/robotics/ros2_cobot/install/ultraarm/lib/python3.10/site-packages:/home/robotics/ros2_cobot/install/traj_scripts/local/lib/python3.10/dist-packages:/home/robotics/ros2_cobot/install/mypalletizer_communication/lib/python3.10/site-packages:/home/robotics/ros2_cobot/install/mypalletizer_interfaces/local/lib/python3.10/dist-packages:/home/robotics/ros2_cobot/install/mypalletizer_260_pi/lib/python3.10/site-packages:/home/robotics/ros2_cobot/install/mypalletizer_260/lib/python3.10/site-packages:/home/robotics/ros2_cobot/install/myarm_m750/lib/python3.10/site-packages:/home/robotics/ros2_cobot/install/myarm_c650/lib/python3.10/site-packages:/home/robotics/ros2_cobot/install/mycobot_communication/lib/python3.10/site-packages:/home/robotics/ros2_cobot/install/mecharm_communication/lib/python3.10/site-packages:/home/robotics/ros2_cobot/install/mycobot_interfaces/local/lib/python3.10/dist-packages:/home/robotics/ros2_cobot/install/mycobot_630/lib/python3.10/site-packages:/home/robotics/ros2_cobot/install/mycobot_600/lib/python3.10/site-packages:/home/robotics/ros2_cobot/install/mycobot_320pi/lib/python3.10/site-packages:/home/robotics/ros2_cobot/install/mycobot_320_riscv/lib/python3.10/site-packages:/home/robotics/ros2_cobot/install/mycobot_320/lib/python3.10/site-packages:/home/robotics/ros2_cobot/install/mycobot_280pi/lib/python3.10/site-packages:/home/robotics/ros2_cobot/install/mycobot_280jn/lib/python3.10/site-packages:/home/robotics/ros2_cobot/install/mycobot_280_x3pi/lib/python3.10/site-packages:/home/robotics/ros2_cobot/install/mycobot_280_riscv/lib/python3.10/site-packages:/home/robotics/ros2_cobot/install/mycobot_280_rdkx5/lib/python3.10/site-packages:/home/robotics/ros2_cobot/install/mycobot_280_moveit2_control/lib/python3.10/site-packages:/home/robotics/ros2_cobot/install/mycobot_280_arduino/lib/python3.10/site-packages:/home/robotics/ros2_cobot/install/mycobot_280/lib/python3.10/site-packages:/home/robotics/ros2_cobot/install/mybuddy/lib/python3.10/site-packages:/home/robotics/ros2_cobot/install/myarm_300/lib/python3.10/site-packages:/home/robotics/ros2_cobot/install/mecharm_pi/lib/python3.10/site-packages:/home/robotics/ros2_cobot/install/mecharm/lib/python3.10/site-packages:/home/robotics/ros2_cobot/install/mecharm_interfaces/local/lib/python3.10/dist-packages:/opt/ros/humble/lib/python3.10/site-packages:/opt/ros/humble/local/lib/python3.10/dist-packages /usr/bin/python3 -W ignore:setup.py install is deprecated -W ignore:easy_install command is deprecated setup.py egg_info --egg-base ../../../../build/mycobot_320_riscv build --build-base /home/robotics/ros2_cobot/build/mycobot_320_riscv/build install --record /home/robotics/ros2_cobot/build/mycobot_320_riscv/install.log --single-version-externally-managed install_data
[9.402s] DEBUG:colcon.colcon_core.event_handler.log_command:Invoking command in '/home/robotics/ros2_cobot/src/mycobot_ros2/mycobot_320/mycobot_320pi': AMENT_PREFIX_PATH=/home/robotics/ros2_cobot/install/mycobot_description:/home/robotics/ros2_cobot/install/ultraarm:/home/robotics/ros2_cobot/install/traj_scripts:/home/robotics/ros2_cobot/install/mypalletizer_communication:/home/robotics/ros2_cobot/install/mypalletizer_interfaces:/home/robotics/ros2_cobot/install/mypalletizer_260_pi:/home/robotics/ros2_cobot/install/mypalletizer_260:/home/robotics/ros2_cobot/install/myarm_m750:/home/robotics/ros2_cobot/install/myarm_c650:/home/robotics/ros2_cobot/install/mycobot_communication:/home/robotics/ros2_cobot/install/mecharm_communication:/home/robotics/ros2_cobot/install/mycobot_interfaces:/home/robotics/ros2_cobot/install/mycobot_630:/home/robotics/ros2_cobot/install/mycobot_600:/home/robotics/ros2_cobot/install/mycobot_320pi:/home/robotics/ros2_cobot/install/mycobot_320_riscv:/home/robotics/ros2_cobot/install/mycobot_320:/home/robotics/ros2_cobot/install/mycobot_280rdkx5_moveit2:/home/robotics/ros2_cobot/install/mycobot_280pi:/home/robotics/ros2_cobot/install/mycobot_280jn:/home/robotics/ros2_cobot/install/mycobot_280arduino_moveit2:/home/robotics/ros2_cobot/install/mycobot_280_x3pi:/home/robotics/ros2_cobot/install/mycobot_280_riscv:/home/robotics/ros2_cobot/install/mycobot_280_rdkx5:/home/robotics/ros2_cobot/install/mycobot_280_moveit2_control:/home/robotics/ros2_cobot/install/mycobot_280_moveit2:/home/robotics/ros2_cobot/install/mycobot_280_arduino:/home/robotics/ros2_cobot/install/mycobot_280:/home/robotics/ros2_cobot/install/mybuddy:/home/robotics/ros2_cobot/install/myarm_300:/home/robotics/ros2_cobot/install/mecharm_pi:/home/robotics/ros2_cobot/install/mecharm:/home/robotics/ros2_cobot/install/mecharm_interfaces:/opt/ros/humble PYTHONPATH=/home/robotics/ros2_cobot/build/mycobot_320pi/prefix_override:/usr/lib/python3/dist-packages/colcon_core/task/python/colcon_distutils_commands:/home/robotics/ros2_cobot/install/mycobot_320pi/lib/python3.10/site-packages:/home/robotics/ros2_cobot/install/mycobot_description/lib/python3.10/site-packages:/home/robotics/ros2_cobot/install/ultraarm/lib/python3.10/site-packages:/home/robotics/ros2_cobot/install/traj_scripts/local/lib/python3.10/dist-packages:/home/robotics/ros2_cobot/install/mypalletizer_communication/lib/python3.10/site-packages:/home/robotics/ros2_cobot/install/mypalletizer_interfaces/local/lib/python3.10/dist-packages:/home/robotics/ros2_cobot/install/mypalletizer_260_pi/lib/python3.10/site-packages:/home/robotics/ros2_cobot/install/mypalletizer_260/lib/python3.10/site-packages:/home/robotics/ros2_cobot/install/myarm_m750/lib/python3.10/site-packages:/home/robotics/ros2_cobot/install/myarm_c650/lib/python3.10/site-packages:/home/robotics/ros2_cobot/install/mycobot_communication/lib/python3.10/site-packages:/home/robotics/ros2_cobot/install/mecharm_communication/lib/python3.10/site-packages:/home/robotics/ros2_cobot/install/mycobot_interfaces/local/lib/python3.10/dist-packages:/home/robotics/ros2_cobot/install/mycobot_630/lib/python3.10/site-packages:/home/robotics/ros2_cobot/install/mycobot_600/lib/python3.10/site-packages:/home/robotics/ros2_cobot/install/mycobot_320pi/lib/python3.10/site-packages:/home/robotics/ros2_cobot/install/mycobot_320_riscv/lib/python3.10/site-packages:/home/robotics/ros2_cobot/install/mycobot_320/lib/python3.10/site-packages:/home/robotics/ros2_cobot/install/mycobot_280pi/lib/python3.10/site-packages:/home/robotics/ros2_cobot/install/mycobot_280jn/lib/python3.10/site-packages:/home/robotics/ros2_cobot/install/mycobot_280_x3pi/lib/python3.10/site-packages:/home/robotics/ros2_cobot/install/mycobot_280_riscv/lib/python3.10/site-packages:/home/robotics/ros2_cobot/install/mycobot_280_rdkx5/lib/python3.10/site-packages:/home/robotics/ros2_cobot/install/mycobot_280_moveit2_control/lib/python3.10/site-packages:/home/robotics/ros2_cobot/install/mycobot_280_arduino/lib/python3.10/site-packages:/home/robotics/ros2_cobot/install/mycobot_280/lib/python3.10/site-packages:/home/robotics/ros2_cobot/install/mybuddy/lib/python3.10/site-packages:/home/robotics/ros2_cobot/install/myarm_300/lib/python3.10/site-packages:/home/robotics/ros2_cobot/install/mecharm_pi/lib/python3.10/site-packages:/home/robotics/ros2_cobot/install/mecharm/lib/python3.10/site-packages:/home/robotics/ros2_cobot/install/mecharm_interfaces/local/lib/python3.10/dist-packages:/opt/ros/humble/lib/python3.10/site-packages:/opt/ros/humble/local/lib/python3.10/dist-packages /usr/bin/python3 -W ignore:setup.py install is deprecated -W ignore:easy_install command is deprecated setup.py egg_info --egg-base ../../../../build/mycobot_320pi build --build-base /home/robotics/ros2_cobot/build/mycobot_320pi/build install --record /home/robotics/ros2_cobot/build/mycobot_320pi/install.log --single-version-externally-managed install_data
[9.406s] DEBUG:colcon.colcon_core.event_handler.log_command:Invoked command in '/home/robotics/ros2_cobot/build/traj_scripts' returned '0': CMAKE_PREFIX_PATH=${CMAKE_PREFIX_PATH}:/home/robotics/ros2_cobot/install/ultraarm:/home/robotics/ros2_cobot/install/mypalletizer_communication:/home/robotics/ros2_cobot/install/mypalletizer_260_pi:/home/robotics/ros2_cobot/install/mypalletizer_260:/home/robotics/ros2_cobot/install/myarm_m750:/home/robotics/ros2_cobot/install/myarm_c650:/home/robotics/ros2_cobot/install/mycobot_communication:/home/robotics/ros2_cobot/install/mecharm_communication:/home/robotics/ros2_cobot/install/mycobot_630:/home/robotics/ros2_cobot/install/mycobot_600:/home/robotics/ros2_cobot/install/mycobot_320pi:/home/robotics/ros2_cobot/install/mycobot_320_riscv:/home/robotics/ros2_cobot/install/mycobot_320:/home/robotics/ros2_cobot/install/mycobot_280pi:/home/robotics/ros2_cobot/install/mycobot_280jn:/home/robotics/ros2_cobot/install/mycobot_280_x3pi:/home/robotics/ros2_cobot/install/mycobot_280_riscv:/home/robotics/ros2_cobot/install/mycobot_280_rdkx5:/home/robotics/ros2_cobot/install/mycobot_280_moveit2_control:/home/robotics/ros2_cobot/install/mycobot_280_arduino:/home/robotics/ros2_cobot/install/mycobot_280:/home/robotics/ros2_cobot/install/mybuddy:/home/robotics/ros2_cobot/install/myarm_300:/home/robotics/ros2_cobot/install/mecharm_pi:/home/robotics/ros2_cobot/install/mecharm:/home/robotics/ros2_cobot/install/mycobot_description:/opt/ros/humble /usr/bin/cmake --build /home/robotics/ros2_cobot/build/traj_scripts -- -j16 -l16
[9.410s] DEBUG:colcon.colcon_core.event_handler.log_command:Invoking command in '/home/robotics/ros2_cobot/build/traj_scripts': CMAKE_PREFIX_PATH=${CMAKE_PREFIX_PATH}:/home/robotics/ros2_cobot/install/ultraarm:/home/robotics/ros2_cobot/install/mypalletizer_communication:/home/robotics/ros2_cobot/install/mypalletizer_260_pi:/home/robotics/ros2_cobot/install/mypalletizer_260:/home/robotics/ros2_cobot/install/myarm_m750:/home/robotics/ros2_cobot/install/myarm_c650:/home/robotics/ros2_cobot/install/mycobot_communication:/home/robotics/ros2_cobot/install/mecharm_communication:/home/robotics/ros2_cobot/install/mycobot_630:/home/robotics/ros2_cobot/install/mycobot_600:/home/robotics/ros2_cobot/install/mycobot_320pi:/home/robotics/ros2_cobot/install/mycobot_320_riscv:/home/robotics/ros2_cobot/install/mycobot_320:/home/robotics/ros2_cobot/install/mycobot_280pi:/home/robotics/ros2_cobot/install/mycobot_280jn:/home/robotics/ros2_cobot/install/mycobot_280_x3pi:/home/robotics/ros2_cobot/install/mycobot_280_riscv:/home/robotics/ros2_cobot/install/mycobot_280_rdkx5:/home/robotics/ros2_cobot/install/mycobot_280_moveit2_control:/home/robotics/ros2_cobot/install/mycobot_280_arduino:/home/robotics/ros2_cobot/install/mycobot_280:/home/robotics/ros2_cobot/install/mybuddy:/home/robotics/ros2_cobot/install/myarm_300:/home/robotics/ros2_cobot/install/mecharm_pi:/home/robotics/ros2_cobot/install/mecharm:/home/robotics/ros2_cobot/install/mycobot_description:/opt/ros/humble /usr/bin/cmake --install /home/robotics/ros2_cobot/build/traj_scripts
[9.468s] Level 1:colcon.colcon_core.environment:create_environment_scripts_only(traj_scripts)
[9.469s] Level 1:colcon.colcon_core.environment:checking '/home/robotics/ros2_cobot/install/traj_scripts' for CMake module files
[9.469s] DEBUG:colcon.colcon_core.event_handler.log_command:Invoked command in '/home/robotics/ros2_cobot/build/traj_scripts' returned '0': CMAKE_PREFIX_PATH=${CMAKE_PREFIX_PATH}:/home/robotics/ros2_cobot/install/ultraarm:/home/robotics/ros2_cobot/install/mypalletizer_communication:/home/robotics/ros2_cobot/install/mypalletizer_260_pi:/home/robotics/ros2_cobot/install/mypalletizer_260:/home/robotics/ros2_cobot/install/myarm_m750:/home/robotics/ros2_cobot/install/myarm_c650:/home/robotics/ros2_cobot/install/mycobot_communication:/home/robotics/ros2_cobot/install/mecharm_communication:/home/robotics/ros2_cobot/install/mycobot_630:/home/robotics/ros2_cobot/install/mycobot_600:/home/robotics/ros2_cobot/install/mycobot_320pi:/home/robotics/ros2_cobot/install/mycobot_320_riscv:/home/robotics/ros2_cobot/install/mycobot_320:/home/robotics/ros2_cobot/install/mycobot_280pi:/home/robotics/ros2_cobot/install/mycobot_280jn:/home/robotics/ros2_cobot/install/mycobot_280_x3pi:/home/robotics/ros2_cobot/install/mycobot_280_riscv:/home/robotics/ros2_cobot/install/mycobot_280_rdkx5:/home/robotics/ros2_cobot/install/mycobot_280_moveit2_control:/home/robotics/ros2_cobot/install/mycobot_280_arduino:/home/robotics/ros2_cobot/install/mycobot_280:/home/robotics/ros2_cobot/install/mybuddy:/home/robotics/ros2_cobot/install/myarm_300:/home/robotics/ros2_cobot/install/mecharm_pi:/home/robotics/ros2_cobot/install/mecharm:/home/robotics/ros2_cobot/install/mycobot_description:/opt/ros/humble /usr/bin/cmake --install /home/robotics/ros2_cobot/build/traj_scripts
[9.469s] Level 1:colcon.colcon_core.environment:checking '/home/robotics/ros2_cobot/install/traj_scripts' for CMake config files
[9.470s] Level 1:colcon.colcon_core.shell:create_environment_hook('traj_scripts', 'cmake_prefix_path')
[9.470s] INFO:colcon.colcon_core.shell:Creating environment hook '/home/robotics/ros2_cobot/install/traj_scripts/share/traj_scripts/hook/cmake_prefix_path.ps1'
[9.470s] INFO:colcon.colcon_core.shell:Creating environment descriptor '/home/robotics/ros2_cobot/install/traj_scripts/share/traj_scripts/hook/cmake_prefix_path.dsv'
[9.471s] INFO:colcon.colcon_core.shell:Creating environment hook '/home/robotics/ros2_cobot/install/traj_scripts/share/traj_scripts/hook/cmake_prefix_path.sh'
[9.471s] Level 1:colcon.colcon_core.environment:checking '/home/robotics/ros2_cobot/install/traj_scripts/lib'
[9.471s] Level 1:colcon.colcon_core.environment:checking '/home/robotics/ros2_cobot/install/traj_scripts/bin'
[9.471s] Level 1:colcon.colcon_core.environment:checking '/home/robotics/ros2_cobot/install/traj_scripts/lib/pkgconfig/traj_scripts.pc'
[9.472s] Level 1:colcon.colcon_core.environment:checking '/home/robotics/ros2_cobot/install/traj_scripts/lib/python3.10/site-packages'
[9.472s] Level 1:colcon.colcon_core.environment:checking '/home/robotics/ros2_cobot/install/traj_scripts/bin'
[9.472s] INFO:colcon.colcon_core.shell:Creating package script '/home/robotics/ros2_cobot/install/traj_scripts/share/traj_scripts/package.ps1'
[9.473s] INFO:colcon.colcon_core.shell:Creating package descriptor '/home/robotics/ros2_cobot/install/traj_scripts/share/traj_scripts/package.dsv'
[9.473s] INFO:colcon.colcon_core.shell:Creating package script '/home/robotics/ros2_cobot/install/traj_scripts/share/traj_scripts/package.sh'
[9.474s] INFO:colcon.colcon_core.shell:Creating package script '/home/robotics/ros2_cobot/install/traj_scripts/share/traj_scripts/package.bash'
[9.475s] INFO:colcon.colcon_core.shell:Creating package script '/home/robotics/ros2_cobot/install/traj_scripts/share/traj_scripts/package.zsh'
[9.475s] Level 1:colcon.colcon_core.environment:create_file_with_runtime_dependencies(/home/robotics/ros2_cobot/install/traj_scripts/share/colcon-core/packages/traj_scripts)
[9.476s] Level 1:colcon.colcon_core.environment:create_environment_scripts_only(traj_scripts)
[9.477s] Level 1:colcon.colcon_core.environment:checking '/home/robotics/ros2_cobot/install/traj_scripts' for CMake module files
[9.477s] Level 1:colcon.colcon_core.environment:checking '/home/robotics/ros2_cobot/install/traj_scripts' for CMake config files
[9.478s] Level 1:colcon.colcon_core.shell:create_environment_hook('traj_scripts', 'cmake_prefix_path')
[9.478s] INFO:colcon.colcon_core.shell:Creating environment hook '/home/robotics/ros2_cobot/install/traj_scripts/share/traj_scripts/hook/cmake_prefix_path.ps1'
[9.479s] INFO:colcon.colcon_core.shell:Creating environment descriptor '/home/robotics/ros2_cobot/install/traj_scripts/share/traj_scripts/hook/cmake_prefix_path.dsv'
[9.479s] INFO:colcon.colcon_core.shell:Creating environment hook '/home/robotics/ros2_cobot/install/traj_scripts/share/traj_scripts/hook/cmake_prefix_path.sh'
[9.480s] Level 1:colcon.colcon_core.environment:checking '/home/robotics/ros2_cobot/install/traj_scripts/lib'
[9.480s] Level 1:colcon.colcon_core.environment:checking '/home/robotics/ros2_cobot/install/traj_scripts/bin'
[9.480s] Level 1:colcon.colcon_core.environment:checking '/home/robotics/ros2_cobot/install/traj_scripts/lib/pkgconfig/traj_scripts.pc'
[9.480s] Level 1:colcon.colcon_core.environment:checking '/home/robotics/ros2_cobot/install/traj_scripts/lib/python3.10/site-packages'
[9.480s] Level 1:colcon.colcon_core.environment:checking '/home/robotics/ros2_cobot/install/traj_scripts/bin'
[9.481s] INFO:colcon.colcon_core.shell:Creating package script '/home/robotics/ros2_cobot/install/traj_scripts/share/traj_scripts/package.ps1'
[9.481s] INFO:colcon.colcon_core.shell:Creating package descriptor '/home/robotics/ros2_cobot/install/traj_scripts/share/traj_scripts/package.dsv'
[9.482s] INFO:colcon.colcon_core.shell:Creating package script '/home/robotics/ros2_cobot/install/traj_scripts/share/traj_scripts/package.sh'
[9.482s] INFO:colcon.colcon_core.shell:Creating package script '/home/robotics/ros2_cobot/install/traj_scripts/share/traj_scripts/package.bash'
[9.482s] INFO:colcon.colcon_core.shell:Creating package script '/home/robotics/ros2_cobot/install/traj_scripts/share/traj_scripts/package.zsh'
[9.483s] Level 1:colcon.colcon_core.environment:create_file_with_runtime_dependencies(/home/robotics/ros2_cobot/install/traj_scripts/share/colcon-core/packages/traj_scripts)
[9.789s] DEBUG:colcon.colcon_core.event_handler.log_command:Invoking command in '/home/robotics/ros2_cobot/src/mycobot_ros2/mypalletizer_260/mypalletizer_260': AMENT_PREFIX_PATH=/home/robotics/ros2_cobot/install/mycobot_description:/home/robotics/ros2_cobot/install/ultraarm:/home/robotics/ros2_cobot/install/traj_scripts:/home/robotics/ros2_cobot/install/mypalletizer_communication:/home/robotics/ros2_cobot/install/mypalletizer_interfaces:/home/robotics/ros2_cobot/install/mypalletizer_260_pi:/home/robotics/ros2_cobot/install/mypalletizer_260:/home/robotics/ros2_cobot/install/myarm_m750:/home/robotics/ros2_cobot/install/myarm_c650:/home/robotics/ros2_cobot/install/mycobot_communication:/home/robotics/ros2_cobot/install/mecharm_communication:/home/robotics/ros2_cobot/install/mycobot_interfaces:/home/robotics/ros2_cobot/install/mycobot_630:/home/robotics/ros2_cobot/install/mycobot_600:/home/robotics/ros2_cobot/install/mycobot_320pi:/home/robotics/ros2_cobot/install/mycobot_320_riscv:/home/robotics/ros2_cobot/install/mycobot_320:/home/robotics/ros2_cobot/install/mycobot_280rdkx5_moveit2:/home/robotics/ros2_cobot/install/mycobot_280pi:/home/robotics/ros2_cobot/install/mycobot_280jn:/home/robotics/ros2_cobot/install/mycobot_280arduino_moveit2:/home/robotics/ros2_cobot/install/mycobot_280_x3pi:/home/robotics/ros2_cobot/install/mycobot_280_riscv:/home/robotics/ros2_cobot/install/mycobot_280_rdkx5:/home/robotics/ros2_cobot/install/mycobot_280_moveit2_control:/home/robotics/ros2_cobot/install/mycobot_280_moveit2:/home/robotics/ros2_cobot/install/mycobot_280_arduino:/home/robotics/ros2_cobot/install/mycobot_280:/home/robotics/ros2_cobot/install/mybuddy:/home/robotics/ros2_cobot/install/myarm_300:/home/robotics/ros2_cobot/install/mecharm_pi:/home/robotics/ros2_cobot/install/mecharm:/home/robotics/ros2_cobot/install/mecharm_interfaces:/opt/ros/humble PYTHONPATH=/home/robotics/ros2_cobot/build/mypalletizer_260/prefix_override:/usr/lib/python3/dist-packages/colcon_core/task/python/colcon_distutils_commands:/home/robotics/ros2_cobot/install/mypalletizer_260/lib/python3.10/site-packages:/home/robotics/ros2_cobot/install/mycobot_description/lib/python3.10/site-packages:/home/robotics/ros2_cobot/install/ultraarm/lib/python3.10/site-packages:/home/robotics/ros2_cobot/install/traj_scripts/local/lib/python3.10/dist-packages:/home/robotics/ros2_cobot/install/mypalletizer_communication/lib/python3.10/site-packages:/home/robotics/ros2_cobot/install/mypalletizer_interfaces/local/lib/python3.10/dist-packages:/home/robotics/ros2_cobot/install/mypalletizer_260_pi/lib/python3.10/site-packages:/home/robotics/ros2_cobot/install/mypalletizer_260/lib/python3.10/site-packages:/home/robotics/ros2_cobot/install/myarm_m750/lib/python3.10/site-packages:/home/robotics/ros2_cobot/install/myarm_c650/lib/python3.10/site-packages:/home/robotics/ros2_cobot/install/mycobot_communication/lib/python3.10/site-packages:/home/robotics/ros2_cobot/install/mecharm_communication/lib/python3.10/site-packages:/home/robotics/ros2_cobot/install/mycobot_interfaces/local/lib/python3.10/dist-packages:/home/robotics/ros2_cobot/install/mycobot_630/lib/python3.10/site-packages:/home/robotics/ros2_cobot/install/mycobot_600/lib/python3.10/site-packages:/home/robotics/ros2_cobot/install/mycobot_320pi/lib/python3.10/site-packages:/home/robotics/ros2_cobot/install/mycobot_320_riscv/lib/python3.10/site-packages:/home/robotics/ros2_cobot/install/mycobot_320/lib/python3.10/site-packages:/home/robotics/ros2_cobot/install/mycobot_280pi/lib/python3.10/site-packages:/home/robotics/ros2_cobot/install/mycobot_280jn/lib/python3.10/site-packages:/home/robotics/ros2_cobot/install/mycobot_280_x3pi/lib/python3.10/site-packages:/home/robotics/ros2_cobot/install/mycobot_280_riscv/lib/python3.10/site-packages:/home/robotics/ros2_cobot/install/mycobot_280_rdkx5/lib/python3.10/site-packages:/home/robotics/ros2_cobot/install/mycobot_280_moveit2_control/lib/python3.10/site-packages:/home/robotics/ros2_cobot/install/mycobot_280_arduino/lib/python3.10/site-packages:/home/robotics/ros2_cobot/install/mycobot_280/lib/python3.10/site-packages:/home/robotics/ros2_cobot/install/mybuddy/lib/python3.10/site-packages:/home/robotics/ros2_cobot/install/myarm_300/lib/python3.10/site-packages:/home/robotics/ros2_cobot/install/mecharm_pi/lib/python3.10/site-packages:/home/robotics/ros2_cobot/install/mecharm/lib/python3.10/site-packages:/home/robotics/ros2_cobot/install/mecharm_interfaces/local/lib/python3.10/dist-packages:/opt/ros/humble/lib/python3.10/site-packages:/opt/ros/humble/local/lib/python3.10/dist-packages /usr/bin/python3 -W ignore:setup.py install is deprecated -W ignore:easy_install command is deprecated setup.py egg_info --egg-base ../../../../build/mypalletizer_260 build --build-base /home/robotics/ros2_cobot/build/mypalletizer_260/build install --record /home/robotics/ros2_cobot/build/mypalletizer_260/install.log --single-version-externally-managed install_data
[9.808s] Level 1:colcon.colcon_core.environment:checking '/home/robotics/ros2_cobot/install/mycobot_320_riscv' for CMake module files
[9.810s] DEBUG:colcon.colcon_core.event_handler.log_command:Invoked command in '/home/robotics/ros2_cobot/src/mycobot_ros2/mycobot_320/mycobot_320_riscv' returned '0': AMENT_PREFIX_PATH=/home/robotics/ros2_cobot/install/mycobot_description:/home/robotics/ros2_cobot/install/ultraarm:/home/robotics/ros2_cobot/install/traj_scripts:/home/robotics/ros2_cobot/install/mypalletizer_communication:/home/robotics/ros2_cobot/install/mypalletizer_interfaces:/home/robotics/ros2_cobot/install/mypalletizer_260_pi:/home/robotics/ros2_cobot/install/mypalletizer_260:/home/robotics/ros2_cobot/install/myarm_m750:/home/robotics/ros2_cobot/install/myarm_c650:/home/robotics/ros2_cobot/install/mycobot_communication:/home/robotics/ros2_cobot/install/mecharm_communication:/home/robotics/ros2_cobot/install/mycobot_interfaces:/home/robotics/ros2_cobot/install/mycobot_630:/home/robotics/ros2_cobot/install/mycobot_600:/home/robotics/ros2_cobot/install/mycobot_320pi:/home/robotics/ros2_cobot/install/mycobot_320_riscv:/home/robotics/ros2_cobot/install/mycobot_320:/home/robotics/ros2_cobot/install/mycobot_280rdkx5_moveit2:/home/robotics/ros2_cobot/install/mycobot_280pi:/home/robotics/ros2_cobot/install/mycobot_280jn:/home/robotics/ros2_cobot/install/mycobot_280arduino_moveit2:/home/robotics/ros2_cobot/install/mycobot_280_x3pi:/home/robotics/ros2_cobot/install/mycobot_280_riscv:/home/robotics/ros2_cobot/install/mycobot_280_rdkx5:/home/robotics/ros2_cobot/install/mycobot_280_moveit2_control:/home/robotics/ros2_cobot/install/mycobot_280_moveit2:/home/robotics/ros2_cobot/install/mycobot_280_arduino:/home/robotics/ros2_cobot/install/mycobot_280:/home/robotics/ros2_cobot/install/mybuddy:/home/robotics/ros2_cobot/install/myarm_300:/home/robotics/ros2_cobot/install/mecharm_pi:/home/robotics/ros2_cobot/install/mecharm:/home/robotics/ros2_cobot/install/mecharm_interfaces:/opt/ros/humble PYTHONPATH=/home/robotics/ros2_cobot/build/mycobot_320_riscv/prefix_override:/usr/lib/python3/dist-packages/colcon_core/task/python/colcon_distutils_commands:/home/robotics/ros2_cobot/install/mycobot_320_riscv/lib/python3.10/site-packages:/home/robotics/ros2_cobot/install/mycobot_description/lib/python3.10/site-packages:/home/robotics/ros2_cobot/install/ultraarm/lib/python3.10/site-packages:/home/robotics/ros2_cobot/install/traj_scripts/local/lib/python3.10/dist-packages:/home/robotics/ros2_cobot/install/mypalletizer_communication/lib/python3.10/site-packages:/home/robotics/ros2_cobot/install/mypalletizer_interfaces/local/lib/python3.10/dist-packages:/home/robotics/ros2_cobot/install/mypalletizer_260_pi/lib/python3.10/site-packages:/home/robotics/ros2_cobot/install/mypalletizer_260/lib/python3.10/site-packages:/home/robotics/ros2_cobot/install/myarm_m750/lib/python3.10/site-packages:/home/robotics/ros2_cobot/install/myarm_c650/lib/python3.10/site-packages:/home/robotics/ros2_cobot/install/mycobot_communication/lib/python3.10/site-packages:/home/robotics/ros2_cobot/install/mecharm_communication/lib/python3.10/site-packages:/home/robotics/ros2_cobot/install/mycobot_interfaces/local/lib/python3.10/dist-packages:/home/robotics/ros2_cobot/install/mycobot_630/lib/python3.10/site-packages:/home/robotics/ros2_cobot/install/mycobot_600/lib/python3.10/site-packages:/home/robotics/ros2_cobot/install/mycobot_320pi/lib/python3.10/site-packages:/home/robotics/ros2_cobot/install/mycobot_320_riscv/lib/python3.10/site-packages:/home/robotics/ros2_cobot/install/mycobot_320/lib/python3.10/site-packages:/home/robotics/ros2_cobot/install/mycobot_280pi/lib/python3.10/site-packages:/home/robotics/ros2_cobot/install/mycobot_280jn/lib/python3.10/site-packages:/home/robotics/ros2_cobot/install/mycobot_280_x3pi/lib/python3.10/site-packages:/home/robotics/ros2_cobot/install/mycobot_280_riscv/lib/python3.10/site-packages:/home/robotics/ros2_cobot/install/mycobot_280_rdkx5/lib/python3.10/site-packages:/home/robotics/ros2_cobot/install/mycobot_280_moveit2_control/lib/python3.10/site-packages:/home/robotics/ros2_cobot/install/mycobot_280_arduino/lib/python3.10/site-packages:/home/robotics/ros2_cobot/install/mycobot_280/lib/python3.10/site-packages:/home/robotics/ros2_cobot/install/mybuddy/lib/python3.10/site-packages:/home/robotics/ros2_cobot/install/myarm_300/lib/python3.10/site-packages:/home/robotics/ros2_cobot/install/mecharm_pi/lib/python3.10/site-packages:/home/robotics/ros2_cobot/install/mecharm/lib/python3.10/site-packages:/home/robotics/ros2_cobot/install/mecharm_interfaces/local/lib/python3.10/dist-packages:/opt/ros/humble/lib/python3.10/site-packages:/opt/ros/humble/local/lib/python3.10/dist-packages /usr/bin/python3 -W ignore:setup.py install is deprecated -W ignore:easy_install command is deprecated setup.py egg_info --egg-base ../../../../build/mycobot_320_riscv build --build-base /home/robotics/ros2_cobot/build/mycobot_320_riscv/build install --record /home/robotics/ros2_cobot/build/mycobot_320_riscv/install.log --single-version-externally-managed install_data
[9.810s] Level 1:colcon.colcon_core.environment:checking '/home/robotics/ros2_cobot/install/mycobot_320_riscv' for CMake config files
[9.811s] Level 1:colcon.colcon_core.environment:checking '/home/robotics/ros2_cobot/install/mycobot_320_riscv/lib'
[9.811s] Level 1:colcon.colcon_core.environment:checking '/home/robotics/ros2_cobot/install/mycobot_320_riscv/bin'
[9.811s] Level 1:colcon.colcon_core.environment:checking '/home/robotics/ros2_cobot/install/mycobot_320_riscv/lib/pkgconfig/mycobot_320_riscv.pc'
[9.811s] Level 1:colcon.colcon_core.environment:checking '/home/robotics/ros2_cobot/install/mycobot_320_riscv/lib/python3.10/site-packages'
[9.811s] Level 1:colcon.colcon_core.shell:create_environment_hook('mycobot_320_riscv', 'pythonpath')
[9.811s] INFO:colcon.colcon_core.shell:Creating environment hook '/home/robotics/ros2_cobot/install/mycobot_320_riscv/share/mycobot_320_riscv/hook/pythonpath.ps1'
[9.812s] INFO:colcon.colcon_core.shell:Creating environment descriptor '/home/robotics/ros2_cobot/install/mycobot_320_riscv/share/mycobot_320_riscv/hook/pythonpath.dsv'
[9.812s] INFO:colcon.colcon_core.shell:Creating environment hook '/home/robotics/ros2_cobot/install/mycobot_320_riscv/share/mycobot_320_riscv/hook/pythonpath.sh'
[9.813s] Level 1:colcon.colcon_core.environment:checking '/home/robotics/ros2_cobot/install/mycobot_320_riscv/bin'
[9.813s] Level 1:colcon.colcon_core.environment:create_environment_scripts_only(mycobot_320_riscv)
[9.813s] INFO:colcon.colcon_core.shell:Creating package script '/home/robotics/ros2_cobot/install/mycobot_320_riscv/share/mycobot_320_riscv/package.ps1'
[9.814s] INFO:colcon.colcon_core.shell:Creating package descriptor '/home/robotics/ros2_cobot/install/mycobot_320_riscv/share/mycobot_320_riscv/package.dsv'
[9.814s] INFO:colcon.colcon_core.shell:Creating package script '/home/robotics/ros2_cobot/install/mycobot_320_riscv/share/mycobot_320_riscv/package.sh'
[9.814s] INFO:colcon.colcon_core.shell:Creating package script '/home/robotics/ros2_cobot/install/mycobot_320_riscv/share/mycobot_320_riscv/package.bash'
[9.815s] INFO:colcon.colcon_core.shell:Creating package script '/home/robotics/ros2_cobot/install/mycobot_320_riscv/share/mycobot_320_riscv/package.zsh'
[9.815s] Level 1:colcon.colcon_core.environment:create_file_with_runtime_dependencies(/home/robotics/ros2_cobot/install/mycobot_320_riscv/share/colcon-core/packages/mycobot_320_riscv)
[9.816s] Level 1:colcon.colcon_core.environment:checking '/home/robotics/ros2_cobot/install/mycobot_320' for CMake module files
[9.817s] Level 1:colcon.colcon_core.environment:checking '/home/robotics/ros2_cobot/install/mycobot_320' for CMake config files
[9.817s] DEBUG:colcon.colcon_core.event_handler.log_command:Invoked command in '/home/robotics/ros2_cobot/src/mycobot_ros2/mycobot_320/mycobot_320' returned '0': AMENT_PREFIX_PATH=/home/robotics/ros2_cobot/install/mycobot_description:/home/robotics/ros2_cobot/install/ultraarm:/home/robotics/ros2_cobot/install/traj_scripts:/home/robotics/ros2_cobot/install/mypalletizer_communication:/home/robotics/ros2_cobot/install/mypalletizer_interfaces:/home/robotics/ros2_cobot/install/mypalletizer_260_pi:/home/robotics/ros2_cobot/install/mypalletizer_260:/home/robotics/ros2_cobot/install/myarm_m750:/home/robotics/ros2_cobot/install/myarm_c650:/home/robotics/ros2_cobot/install/mycobot_communication:/home/robotics/ros2_cobot/install/mecharm_communication:/home/robotics/ros2_cobot/install/mycobot_interfaces:/home/robotics/ros2_cobot/install/mycobot_630:/home/robotics/ros2_cobot/install/mycobot_600:/home/robotics/ros2_cobot/install/mycobot_320pi:/home/robotics/ros2_cobot/install/mycobot_320_riscv:/home/robotics/ros2_cobot/install/mycobot_320:/home/robotics/ros2_cobot/install/mycobot_280rdkx5_moveit2:/home/robotics/ros2_cobot/install/mycobot_280pi:/home/robotics/ros2_cobot/install/mycobot_280jn:/home/robotics/ros2_cobot/install/mycobot_280arduino_moveit2:/home/robotics/ros2_cobot/install/mycobot_280_x3pi:/home/robotics/ros2_cobot/install/mycobot_280_riscv:/home/robotics/ros2_cobot/install/mycobot_280_rdkx5:/home/robotics/ros2_cobot/install/mycobot_280_moveit2_control:/home/robotics/ros2_cobot/install/mycobot_280_moveit2:/home/robotics/ros2_cobot/install/mycobot_280_arduino:/home/robotics/ros2_cobot/install/mycobot_280:/home/robotics/ros2_cobot/install/mybuddy:/home/robotics/ros2_cobot/install/myarm_300:/home/robotics/ros2_cobot/install/mecharm_pi:/home/robotics/ros2_cobot/install/mecharm:/home/robotics/ros2_cobot/install/mecharm_interfaces:/opt/ros/humble PYTHONPATH=/home/robotics/ros2_cobot/build/mycobot_320/prefix_override:/usr/lib/python3/dist-packages/colcon_core/task/python/colcon_distutils_commands:/home/robotics/ros2_cobot/install/mycobot_320/lib/python3.10/site-packages:/home/robotics/ros2_cobot/install/mycobot_description/lib/python3.10/site-packages:/home/robotics/ros2_cobot/install/ultraarm/lib/python3.10/site-packages:/home/robotics/ros2_cobot/install/traj_scripts/local/lib/python3.10/dist-packages:/home/robotics/ros2_cobot/install/mypalletizer_communication/lib/python3.10/site-packages:/home/robotics/ros2_cobot/install/mypalletizer_interfaces/local/lib/python3.10/dist-packages:/home/robotics/ros2_cobot/install/mypalletizer_260_pi/lib/python3.10/site-packages:/home/robotics/ros2_cobot/install/mypalletizer_260/lib/python3.10/site-packages:/home/robotics/ros2_cobot/install/myarm_m750/lib/python3.10/site-packages:/home/robotics/ros2_cobot/install/myarm_c650/lib/python3.10/site-packages:/home/robotics/ros2_cobot/install/mycobot_communication/lib/python3.10/site-packages:/home/robotics/ros2_cobot/install/mecharm_communication/lib/python3.10/site-packages:/home/robotics/ros2_cobot/install/mycobot_interfaces/local/lib/python3.10/dist-packages:/home/robotics/ros2_cobot/install/mycobot_630/lib/python3.10/site-packages:/home/robotics/ros2_cobot/install/mycobot_600/lib/python3.10/site-packages:/home/robotics/ros2_cobot/install/mycobot_320pi/lib/python3.10/site-packages:/home/robotics/ros2_cobot/install/mycobot_320_riscv/lib/python3.10/site-packages:/home/robotics/ros2_cobot/install/mycobot_320/lib/python3.10/site-packages:/home/robotics/ros2_cobot/install/mycobot_280pi/lib/python3.10/site-packages:/home/robotics/ros2_cobot/install/mycobot_280jn/lib/python3.10/site-packages:/home/robotics/ros2_cobot/install/mycobot_280_x3pi/lib/python3.10/site-packages:/home/robotics/ros2_cobot/install/mycobot_280_riscv/lib/python3.10/site-packages:/home/robotics/ros2_cobot/install/mycobot_280_rdkx5/lib/python3.10/site-packages:/home/robotics/ros2_cobot/install/mycobot_280_moveit2_control/lib/python3.10/site-packages:/home/robotics/ros2_cobot/install/mycobot_280_arduino/lib/python3.10/site-packages:/home/robotics/ros2_cobot/install/mycobot_280/lib/python3.10/site-packages:/home/robotics/ros2_cobot/install/mybuddy/lib/python3.10/site-packages:/home/robotics/ros2_cobot/install/myarm_300/lib/python3.10/site-packages:/home/robotics/ros2_cobot/install/mecharm_pi/lib/python3.10/site-packages:/home/robotics/ros2_cobot/install/mecharm/lib/python3.10/site-packages:/home/robotics/ros2_cobot/install/mecharm_interfaces/local/lib/python3.10/dist-packages:/opt/ros/humble/lib/python3.10/site-packages:/opt/ros/humble/local/lib/python3.10/dist-packages /usr/bin/python3 -W ignore:setup.py install is deprecated -W ignore:easy_install command is deprecated setup.py egg_info --egg-base ../../../../build/mycobot_320 build --build-base /home/robotics/ros2_cobot/build/mycobot_320/build install --record /home/robotics/ros2_cobot/build/mycobot_320/install.log --single-version-externally-managed install_data
[9.818s] Level 1:colcon.colcon_core.environment:checking '/home/robotics/ros2_cobot/install/mycobot_320/lib'
[9.818s] Level 1:colcon.colcon_core.environment:checking '/home/robotics/ros2_cobot/install/mycobot_320/bin'
[9.818s] Level 1:colcon.colcon_core.environment:checking '/home/robotics/ros2_cobot/install/mycobot_320/lib/pkgconfig/mycobot_320.pc'
[9.818s] Level 1:colcon.colcon_core.environment:checking '/home/robotics/ros2_cobot/install/mycobot_320/lib/python3.10/site-packages'
[9.818s] Level 1:colcon.colcon_core.shell:create_environment_hook('mycobot_320', 'pythonpath')
[9.818s] INFO:colcon.colcon_core.shell:Creating environment hook '/home/robotics/ros2_cobot/install/mycobot_320/share/mycobot_320/hook/pythonpath.ps1'
[9.819s] INFO:colcon.colcon_core.shell:Creating environment descriptor '/home/robotics/ros2_cobot/install/mycobot_320/share/mycobot_320/hook/pythonpath.dsv'
[9.819s] INFO:colcon.colcon_core.shell:Creating environment hook '/home/robotics/ros2_cobot/install/mycobot_320/share/mycobot_320/hook/pythonpath.sh'
[9.820s] Level 1:colcon.colcon_core.environment:checking '/home/robotics/ros2_cobot/install/mycobot_320/bin'
[9.820s] Level 1:colcon.colcon_core.environment:create_environment_scripts_only(mycobot_320)
[9.820s] INFO:colcon.colcon_core.shell:Creating package script '/home/robotics/ros2_cobot/install/mycobot_320/share/mycobot_320/package.ps1'
[9.821s] INFO:colcon.colcon_core.shell:Creating package descriptor '/home/robotics/ros2_cobot/install/mycobot_320/share/mycobot_320/package.dsv'
[9.821s] INFO:colcon.colcon_core.shell:Creating package script '/home/robotics/ros2_cobot/install/mycobot_320/share/mycobot_320/package.sh'
[9.821s] INFO:colcon.colcon_core.shell:Creating package script '/home/robotics/ros2_cobot/install/mycobot_320/share/mycobot_320/package.bash'
[9.822s] INFO:colcon.colcon_core.shell:Creating package script '/home/robotics/ros2_cobot/install/mycobot_320/share/mycobot_320/package.zsh'
[9.822s] Level 1:colcon.colcon_core.environment:create_file_with_runtime_dependencies(/home/robotics/ros2_cobot/install/mycobot_320/share/colcon-core/packages/mycobot_320)
[9.823s] Level 1:colcon.colcon_core.environment:checking '/home/robotics/ros2_cobot/install/mycobot_320pi' for CMake module files
[9.824s] Level 1:colcon.colcon_core.environment:checking '/home/robotics/ros2_cobot/install/mycobot_320pi' for CMake config files
[9.824s] DEBUG:colcon.colcon_core.event_handler.log_command:Invoked command in '/home/robotics/ros2_cobot/src/mycobot_ros2/mycobot_320/mycobot_320pi' returned '0': AMENT_PREFIX_PATH=/home/robotics/ros2_cobot/install/mycobot_description:/home/robotics/ros2_cobot/install/ultraarm:/home/robotics/ros2_cobot/install/traj_scripts:/home/robotics/ros2_cobot/install/mypalletizer_communication:/home/robotics/ros2_cobot/install/mypalletizer_interfaces:/home/robotics/ros2_cobot/install/mypalletizer_260_pi:/home/robotics/ros2_cobot/install/mypalletizer_260:/home/robotics/ros2_cobot/install/myarm_m750:/home/robotics/ros2_cobot/install/myarm_c650:/home/robotics/ros2_cobot/install/mycobot_communication:/home/robotics/ros2_cobot/install/mecharm_communication:/home/robotics/ros2_cobot/install/mycobot_interfaces:/home/robotics/ros2_cobot/install/mycobot_630:/home/robotics/ros2_cobot/install/mycobot_600:/home/robotics/ros2_cobot/install/mycobot_320pi:/home/robotics/ros2_cobot/install/mycobot_320_riscv:/home/robotics/ros2_cobot/install/mycobot_320:/home/robotics/ros2_cobot/install/mycobot_280rdkx5_moveit2:/home/robotics/ros2_cobot/install/mycobot_280pi:/home/robotics/ros2_cobot/install/mycobot_280jn:/home/robotics/ros2_cobot/install/mycobot_280arduino_moveit2:/home/robotics/ros2_cobot/install/mycobot_280_x3pi:/home/robotics/ros2_cobot/install/mycobot_280_riscv:/home/robotics/ros2_cobot/install/mycobot_280_rdkx5:/home/robotics/ros2_cobot/install/mycobot_280_moveit2_control:/home/robotics/ros2_cobot/install/mycobot_280_moveit2:/home/robotics/ros2_cobot/install/mycobot_280_arduino:/home/robotics/ros2_cobot/install/mycobot_280:/home/robotics/ros2_cobot/install/mybuddy:/home/robotics/ros2_cobot/install/myarm_300:/home/robotics/ros2_cobot/install/mecharm_pi:/home/robotics/ros2_cobot/install/mecharm:/home/robotics/ros2_cobot/install/mecharm_interfaces:/opt/ros/humble PYTHONPATH=/home/robotics/ros2_cobot/build/mycobot_320pi/prefix_override:/usr/lib/python3/dist-packages/colcon_core/task/python/colcon_distutils_commands:/home/robotics/ros2_cobot/install/mycobot_320pi/lib/python3.10/site-packages:/home/robotics/ros2_cobot/install/mycobot_description/lib/python3.10/site-packages:/home/robotics/ros2_cobot/install/ultraarm/lib/python3.10/site-packages:/home/robotics/ros2_cobot/install/traj_scripts/local/lib/python3.10/dist-packages:/home/robotics/ros2_cobot/install/mypalletizer_communication/lib/python3.10/site-packages:/home/robotics/ros2_cobot/install/mypalletizer_interfaces/local/lib/python3.10/dist-packages:/home/robotics/ros2_cobot/install/mypalletizer_260_pi/lib/python3.10/site-packages:/home/robotics/ros2_cobot/install/mypalletizer_260/lib/python3.10/site-packages:/home/robotics/ros2_cobot/install/myarm_m750/lib/python3.10/site-packages:/home/robotics/ros2_cobot/install/myarm_c650/lib/python3.10/site-packages:/home/robotics/ros2_cobot/install/mycobot_communication/lib/python3.10/site-packages:/home/robotics/ros2_cobot/install/mecharm_communication/lib/python3.10/site-packages:/home/robotics/ros2_cobot/install/mycobot_interfaces/local/lib/python3.10/dist-packages:/home/robotics/ros2_cobot/install/mycobot_630/lib/python3.10/site-packages:/home/robotics/ros2_cobot/install/mycobot_600/lib/python3.10/site-packages:/home/robotics/ros2_cobot/install/mycobot_320pi/lib/python3.10/site-packages:/home/robotics/ros2_cobot/install/mycobot_320_riscv/lib/python3.10/site-packages:/home/robotics/ros2_cobot/install/mycobot_320/lib/python3.10/site-packages:/home/robotics/ros2_cobot/install/mycobot_280pi/lib/python3.10/site-packages:/home/robotics/ros2_cobot/install/mycobot_280jn/lib/python3.10/site-packages:/home/robotics/ros2_cobot/install/mycobot_280_x3pi/lib/python3.10/site-packages:/home/robotics/ros2_cobot/install/mycobot_280_riscv/lib/python3.10/site-packages:/home/robotics/ros2_cobot/install/mycobot_280_rdkx5/lib/python3.10/site-packages:/home/robotics/ros2_cobot/install/mycobot_280_moveit2_control/lib/python3.10/site-packages:/home/robotics/ros2_cobot/install/mycobot_280_arduino/lib/python3.10/site-packages:/home/robotics/ros2_cobot/install/mycobot_280/lib/python3.10/site-packages:/home/robotics/ros2_cobot/install/mybuddy/lib/python3.10/site-packages:/home/robotics/ros2_cobot/install/myarm_300/lib/python3.10/site-packages:/home/robotics/ros2_cobot/install/mecharm_pi/lib/python3.10/site-packages:/home/robotics/ros2_cobot/install/mecharm/lib/python3.10/site-packages:/home/robotics/ros2_cobot/install/mecharm_interfaces/local/lib/python3.10/dist-packages:/opt/ros/humble/lib/python3.10/site-packages:/opt/ros/humble/local/lib/python3.10/dist-packages /usr/bin/python3 -W ignore:setup.py install is deprecated -W ignore:easy_install command is deprecated setup.py egg_info --egg-base ../../../../build/mycobot_320pi build --build-base /home/robotics/ros2_cobot/build/mycobot_320pi/build install --record /home/robotics/ros2_cobot/build/mycobot_320pi/install.log --single-version-externally-managed install_data
[9.825s] Level 1:colcon.colcon_core.environment:checking '/home/robotics/ros2_cobot/install/mycobot_320pi/lib'
[9.825s] Level 1:colcon.colcon_core.environment:checking '/home/robotics/ros2_cobot/install/mycobot_320pi/bin'
[9.826s] Level 1:colcon.colcon_core.environment:checking '/home/robotics/ros2_cobot/install/mycobot_320pi/lib/pkgconfig/mycobot_320pi.pc'
[9.826s] Level 1:colcon.colcon_core.environment:checking '/home/robotics/ros2_cobot/install/mycobot_320pi/lib/python3.10/site-packages'
[9.826s] Level 1:colcon.colcon_core.shell:create_environment_hook('mycobot_320pi', 'pythonpath')
[9.826s] INFO:colcon.colcon_core.shell:Creating environment hook '/home/robotics/ros2_cobot/install/mycobot_320pi/share/mycobot_320pi/hook/pythonpath.ps1'
[9.827s] INFO:colcon.colcon_core.shell:Creating environment descriptor '/home/robotics/ros2_cobot/install/mycobot_320pi/share/mycobot_320pi/hook/pythonpath.dsv'
[9.827s] INFO:colcon.colcon_core.shell:Creating environment hook '/home/robotics/ros2_cobot/install/mycobot_320pi/share/mycobot_320pi/hook/pythonpath.sh'
[9.828s] Level 1:colcon.colcon_core.environment:checking '/home/robotics/ros2_cobot/install/mycobot_320pi/bin'
[9.828s] Level 1:colcon.colcon_core.environment:create_environment_scripts_only(mycobot_320pi)
[9.828s] INFO:colcon.colcon_core.shell:Creating package script '/home/robotics/ros2_cobot/install/mycobot_320pi/share/mycobot_320pi/package.ps1'
[9.829s] INFO:colcon.colcon_core.shell:Creating package descriptor '/home/robotics/ros2_cobot/install/mycobot_320pi/share/mycobot_320pi/package.dsv'
[9.830s] INFO:colcon.colcon_core.shell:Creating package script '/home/robotics/ros2_cobot/install/mycobot_320pi/share/mycobot_320pi/package.sh'
[9.830s] INFO:colcon.colcon_core.shell:Creating package script '/home/robotics/ros2_cobot/install/mycobot_320pi/share/mycobot_320pi/package.bash'
[9.831s] INFO:colcon.colcon_core.shell:Creating package script '/home/robotics/ros2_cobot/install/mycobot_320pi/share/mycobot_320pi/package.zsh'
[9.832s] Level 1:colcon.colcon_core.environment:create_file_with_runtime_dependencies(/home/robotics/ros2_cobot/install/mycobot_320pi/share/colcon-core/packages/mycobot_320pi)
[9.910s] DEBUG:colcon.colcon_core.event_handler.log_command:Invoking command in '/home/robotics/ros2_cobot/src/mycobot_ros2/myArm/myarm_m750': AMENT_PREFIX_PATH=/home/robotics/ros2_cobot/install/mycobot_communication:/home/robotics/ros2_cobot/install/mycobot_description:/home/robotics/ros2_cobot/install/ultraarm:/home/robotics/ros2_cobot/install/traj_scripts:/home/robotics/ros2_cobot/install/mypalletizer_communication:/home/robotics/ros2_cobot/install/mypalletizer_interfaces:/home/robotics/ros2_cobot/install/mypalletizer_260_pi:/home/robotics/ros2_cobot/install/mypalletizer_260:/home/robotics/ros2_cobot/install/myarm_m750:/home/robotics/ros2_cobot/install/myarm_c650:/home/robotics/ros2_cobot/install/mecharm_communication:/home/robotics/ros2_cobot/install/mycobot_interfaces:/home/robotics/ros2_cobot/install/mycobot_630:/home/robotics/ros2_cobot/install/mycobot_600:/home/robotics/ros2_cobot/install/mycobot_320pi:/home/robotics/ros2_cobot/install/mycobot_320_riscv:/home/robotics/ros2_cobot/install/mycobot_320:/home/robotics/ros2_cobot/install/mycobot_280rdkx5_moveit2:/home/robotics/ros2_cobot/install/mycobot_280pi:/home/robotics/ros2_cobot/install/mycobot_280jn:/home/robotics/ros2_cobot/install/mycobot_280arduino_moveit2:/home/robotics/ros2_cobot/install/mycobot_280_x3pi:/home/robotics/ros2_cobot/install/mycobot_280_riscv:/home/robotics/ros2_cobot/install/mycobot_280_rdkx5:/home/robotics/ros2_cobot/install/mycobot_280_moveit2_control:/home/robotics/ros2_cobot/install/mycobot_280_moveit2:/home/robotics/ros2_cobot/install/mycobot_280_arduino:/home/robotics/ros2_cobot/install/mycobot_280:/home/robotics/ros2_cobot/install/mybuddy:/home/robotics/ros2_cobot/install/myarm_300:/home/robotics/ros2_cobot/install/mecharm_pi:/home/robotics/ros2_cobot/install/mecharm:/home/robotics/ros2_cobot/install/mecharm_interfaces:/opt/ros/humble CMAKE_PREFIX_PATH=/home/robotics/ros2_cobot/install/mycobot_interfaces:/home/robotics/ros2_cobot/install/traj_scripts:/home/robotics/ros2_cobot/install/mypalletizer_interfaces:/home/robotics/ros2_cobot/install/mycobot_280rdkx5_moveit2:/home/robotics/ros2_cobot/install/mycobot_280arduino_moveit2:/home/robotics/ros2_cobot/install/mycobot_280_moveit2:/home/robotics/ros2_cobot/install/mecharm_interfaces LD_LIBRARY_PATH=/home/robotics/ros2_cobot/install/mycobot_interfaces/lib:/home/robotics/ros2_cobot/install/mypalletizer_interfaces/lib:/home/robotics/ros2_cobot/install/mecharm_interfaces/lib:/opt/ros/humble/opt/rviz_ogre_vendor/lib:/opt/ros/humble/lib/x86_64-linux-gnu:/opt/ros/humble/lib PYTHONPATH=/home/robotics/ros2_cobot/build/myarm_m750/prefix_override:/usr/lib/python3/dist-packages/colcon_core/task/python/colcon_distutils_commands:/home/robotics/ros2_cobot/install/myarm_m750/lib/python3.10/site-packages:/home/robotics/ros2_cobot/install/mycobot_communication/lib/python3.10/site-packages:/home/robotics/ros2_cobot/install/mycobot_description/lib/python3.10/site-packages:/home/robotics/ros2_cobot/install/ultraarm/lib/python3.10/site-packages:/home/robotics/ros2_cobot/install/traj_scripts/local/lib/python3.10/dist-packages:/home/robotics/ros2_cobot/install/mypalletizer_communication/lib/python3.10/site-packages:/home/robotics/ros2_cobot/install/mypalletizer_interfaces/local/lib/python3.10/dist-packages:/home/robotics/ros2_cobot/install/mypalletizer_260_pi/lib/python3.10/site-packages:/home/robotics/ros2_cobot/install/mypalletizer_260/lib/python3.10/site-packages:/home/robotics/ros2_cobot/install/myarm_m750/lib/python3.10/site-packages:/home/robotics/ros2_cobot/install/myarm_c650/lib/python3.10/site-packages:/home/robotics/ros2_cobot/install/mecharm_communication/lib/python3.10/site-packages:/home/robotics/ros2_cobot/install/mycobot_interfaces/local/lib/python3.10/dist-packages:/home/robotics/ros2_cobot/install/mycobot_630/lib/python3.10/site-packages:/home/robotics/ros2_cobot/install/mycobot_600/lib/python3.10/site-packages:/home/robotics/ros2_cobot/install/mycobot_320pi/lib/python3.10/site-packages:/home/robotics/ros2_cobot/install/mycobot_320_riscv/lib/python3.10/site-packages:/home/robotics/ros2_cobot/install/mycobot_320/lib/python3.10/site-packages:/home/robotics/ros2_cobot/install/mycobot_280pi/lib/python3.10/site-packages:/home/robotics/ros2_cobot/install/mycobot_280jn/lib/python3.10/site-packages:/home/robotics/ros2_cobot/install/mycobot_280_x3pi/lib/python3.10/site-packages:/home/robotics/ros2_cobot/install/mycobot_280_riscv/lib/python3.10/site-packages:/home/robotics/ros2_cobot/install/mycobot_280_rdkx5/lib/python3.10/site-packages:/home/robotics/ros2_cobot/install/mycobot_280_moveit2_control/lib/python3.10/site-packages:/home/robotics/ros2_cobot/install/mycobot_280_arduino/lib/python3.10/site-packages:/home/robotics/ros2_cobot/install/mycobot_280/lib/python3.10/site-packages:/home/robotics/ros2_cobot/install/mybuddy/lib/python3.10/site-packages:/home/robotics/ros2_cobot/install/myarm_300/lib/python3.10/site-packages:/home/robotics/ros2_cobot/install/mecharm_pi/lib/python3.10/site-packages:/home/robotics/ros2_cobot/install/mecharm/lib/python3.10/site-packages:/home/robotics/ros2_cobot/install/mecharm_interfaces/local/lib/python3.10/dist-packages:/opt/ros/humble/lib/python3.10/site-packages:/opt/ros/humble/local/lib/python3.10/dist-packages /usr/bin/python3 -W ignore:setup.py install is deprecated -W ignore:easy_install command is deprecated setup.py egg_info --egg-base ../../../../build/myarm_m750 build --build-base /home/robotics/ros2_cobot/build/myarm_m750/build install --record /home/robotics/ros2_cobot/build/myarm_m750/install.log --single-version-externally-managed install_data
[9.911s] DEBUG:colcon.colcon_core.event_handler.log_command:Invoking command in '/home/robotics/ros2_cobot/src/mycobot_ros2/ultraArm/ultraarm': AMENT_PREFIX_PATH=/home/robotics/ros2_cobot/install/mycobot_description:/home/robotics/ros2_cobot/install/ultraarm:/home/robotics/ros2_cobot/install/traj_scripts:/home/robotics/ros2_cobot/install/mypalletizer_communication:/home/robotics/ros2_cobot/install/mypalletizer_interfaces:/home/robotics/ros2_cobot/install/mypalletizer_260_pi:/home/robotics/ros2_cobot/install/mypalletizer_260:/home/robotics/ros2_cobot/install/myarm_m750:/home/robotics/ros2_cobot/install/myarm_c650:/home/robotics/ros2_cobot/install/mycobot_communication:/home/robotics/ros2_cobot/install/mecharm_communication:/home/robotics/ros2_cobot/install/mycobot_interfaces:/home/robotics/ros2_cobot/install/mycobot_630:/home/robotics/ros2_cobot/install/mycobot_600:/home/robotics/ros2_cobot/install/mycobot_320pi:/home/robotics/ros2_cobot/install/mycobot_320_riscv:/home/robotics/ros2_cobot/install/mycobot_320:/home/robotics/ros2_cobot/install/mycobot_280rdkx5_moveit2:/home/robotics/ros2_cobot/install/mycobot_280pi:/home/robotics/ros2_cobot/install/mycobot_280jn:/home/robotics/ros2_cobot/install/mycobot_280arduino_moveit2:/home/robotics/ros2_cobot/install/mycobot_280_x3pi:/home/robotics/ros2_cobot/install/mycobot_280_riscv:/home/robotics/ros2_cobot/install/mycobot_280_rdkx5:/home/robotics/ros2_cobot/install/mycobot_280_moveit2_control:/home/robotics/ros2_cobot/install/mycobot_280_moveit2:/home/robotics/ros2_cobot/install/mycobot_280_arduino:/home/robotics/ros2_cobot/install/mycobot_280:/home/robotics/ros2_cobot/install/mybuddy:/home/robotics/ros2_cobot/install/myarm_300:/home/robotics/ros2_cobot/install/mecharm_pi:/home/robotics/ros2_cobot/install/mecharm:/home/robotics/ros2_cobot/install/mecharm_interfaces:/opt/ros/humble PYTHONPATH=/home/robotics/ros2_cobot/build/ultraarm/prefix_override:/usr/lib/python3/dist-packages/colcon_core/task/python/colcon_distutils_commands:/home/robotics/ros2_cobot/install/ultraarm/lib/python3.10/site-packages:/home/robotics/ros2_cobot/install/mycobot_description/lib/python3.10/site-packages:/home/robotics/ros2_cobot/install/ultraarm/lib/python3.10/site-packages:/home/robotics/ros2_cobot/install/traj_scripts/local/lib/python3.10/dist-packages:/home/robotics/ros2_cobot/install/mypalletizer_communication/lib/python3.10/site-packages:/home/robotics/ros2_cobot/install/mypalletizer_interfaces/local/lib/python3.10/dist-packages:/home/robotics/ros2_cobot/install/mypalletizer_260_pi/lib/python3.10/site-packages:/home/robotics/ros2_cobot/install/mypalletizer_260/lib/python3.10/site-packages:/home/robotics/ros2_cobot/install/myarm_m750/lib/python3.10/site-packages:/home/robotics/ros2_cobot/install/myarm_c650/lib/python3.10/site-packages:/home/robotics/ros2_cobot/install/mycobot_communication/lib/python3.10/site-packages:/home/robotics/ros2_cobot/install/mecharm_communication/lib/python3.10/site-packages:/home/robotics/ros2_cobot/install/mycobot_interfaces/local/lib/python3.10/dist-packages:/home/robotics/ros2_cobot/install/mycobot_630/lib/python3.10/site-packages:/home/robotics/ros2_cobot/install/mycobot_600/lib/python3.10/site-packages:/home/robotics/ros2_cobot/install/mycobot_320pi/lib/python3.10/site-packages:/home/robotics/ros2_cobot/install/mycobot_320_riscv/lib/python3.10/site-packages:/home/robotics/ros2_cobot/install/mycobot_320/lib/python3.10/site-packages:/home/robotics/ros2_cobot/install/mycobot_280pi/lib/python3.10/site-packages:/home/robotics/ros2_cobot/install/mycobot_280jn/lib/python3.10/site-packages:/home/robotics/ros2_cobot/install/mycobot_280_x3pi/lib/python3.10/site-packages:/home/robotics/ros2_cobot/install/mycobot_280_riscv/lib/python3.10/site-packages:/home/robotics/ros2_cobot/install/mycobot_280_rdkx5/lib/python3.10/site-packages:/home/robotics/ros2_cobot/install/mycobot_280_moveit2_control/lib/python3.10/site-packages:/home/robotics/ros2_cobot/install/mycobot_280_arduino/lib/python3.10/site-packages:/home/robotics/ros2_cobot/install/mycobot_280/lib/python3.10/site-packages:/home/robotics/ros2_cobot/install/mybuddy/lib/python3.10/site-packages:/home/robotics/ros2_cobot/install/myarm_300/lib/python3.10/site-packages:/home/robotics/ros2_cobot/install/mecharm_pi/lib/python3.10/site-packages:/home/robotics/ros2_cobot/install/mecharm/lib/python3.10/site-packages:/home/robotics/ros2_cobot/install/mecharm_interfaces/local/lib/python3.10/dist-packages:/opt/ros/humble/lib/python3.10/site-packages:/opt/ros/humble/local/lib/python3.10/dist-packages /usr/bin/python3 -W ignore:setup.py install is deprecated -W ignore:easy_install command is deprecated setup.py egg_info --egg-base ../../../../build/ultraarm build --build-base /home/robotics/ros2_cobot/build/ultraarm/build install --record /home/robotics/ros2_cobot/build/ultraarm/install.log --single-version-externally-managed install_data
[9.911s] DEBUG:colcon.colcon_core.event_handler.log_command:Invoking command in '/home/robotics/ros2_cobot/src/mycobot_ros2/mypalletizer_260/mypalletizer_260_pi': AMENT_PREFIX_PATH=/home/robotics/ros2_cobot/install/mycobot_description:/home/robotics/ros2_cobot/install/ultraarm:/home/robotics/ros2_cobot/install/traj_scripts:/home/robotics/ros2_cobot/install/mypalletizer_communication:/home/robotics/ros2_cobot/install/mypalletizer_interfaces:/home/robotics/ros2_cobot/install/mypalletizer_260_pi:/home/robotics/ros2_cobot/install/mypalletizer_260:/home/robotics/ros2_cobot/install/myarm_m750:/home/robotics/ros2_cobot/install/myarm_c650:/home/robotics/ros2_cobot/install/mycobot_communication:/home/robotics/ros2_cobot/install/mecharm_communication:/home/robotics/ros2_cobot/install/mycobot_interfaces:/home/robotics/ros2_cobot/install/mycobot_630:/home/robotics/ros2_cobot/install/mycobot_600:/home/robotics/ros2_cobot/install/mycobot_320pi:/home/robotics/ros2_cobot/install/mycobot_320_riscv:/home/robotics/ros2_cobot/install/mycobot_320:/home/robotics/ros2_cobot/install/mycobot_280rdkx5_moveit2:/home/robotics/ros2_cobot/install/mycobot_280pi:/home/robotics/ros2_cobot/install/mycobot_280jn:/home/robotics/ros2_cobot/install/mycobot_280arduino_moveit2:/home/robotics/ros2_cobot/install/mycobot_280_x3pi:/home/robotics/ros2_cobot/install/mycobot_280_riscv:/home/robotics/ros2_cobot/install/mycobot_280_rdkx5:/home/robotics/ros2_cobot/install/mycobot_280_moveit2_control:/home/robotics/ros2_cobot/install/mycobot_280_moveit2:/home/robotics/ros2_cobot/install/mycobot_280_arduino:/home/robotics/ros2_cobot/install/mycobot_280:/home/robotics/ros2_cobot/install/mybuddy:/home/robotics/ros2_cobot/install/myarm_300:/home/robotics/ros2_cobot/install/mecharm_pi:/home/robotics/ros2_cobot/install/mecharm:/home/robotics/ros2_cobot/install/mecharm_interfaces:/opt/ros/humble PYTHONPATH=/home/robotics/ros2_cobot/build/mypalletizer_260_pi/prefix_override:/usr/lib/python3/dist-packages/colcon_core/task/python/colcon_distutils_commands:/home/robotics/ros2_cobot/install/mypalletizer_260_pi/lib/python3.10/site-packages:/home/robotics/ros2_cobot/install/mycobot_description/lib/python3.10/site-packages:/home/robotics/ros2_cobot/install/ultraarm/lib/python3.10/site-packages:/home/robotics/ros2_cobot/install/traj_scripts/local/lib/python3.10/dist-packages:/home/robotics/ros2_cobot/install/mypalletizer_communication/lib/python3.10/site-packages:/home/robotics/ros2_cobot/install/mypalletizer_interfaces/local/lib/python3.10/dist-packages:/home/robotics/ros2_cobot/install/mypalletizer_260_pi/lib/python3.10/site-packages:/home/robotics/ros2_cobot/install/mypalletizer_260/lib/python3.10/site-packages:/home/robotics/ros2_cobot/install/myarm_m750/lib/python3.10/site-packages:/home/robotics/ros2_cobot/install/myarm_c650/lib/python3.10/site-packages:/home/robotics/ros2_cobot/install/mycobot_communication/lib/python3.10/site-packages:/home/robotics/ros2_cobot/install/mecharm_communication/lib/python3.10/site-packages:/home/robotics/ros2_cobot/install/mycobot_interfaces/local/lib/python3.10/dist-packages:/home/robotics/ros2_cobot/install/mycobot_630/lib/python3.10/site-packages:/home/robotics/ros2_cobot/install/mycobot_600/lib/python3.10/site-packages:/home/robotics/ros2_cobot/install/mycobot_320pi/lib/python3.10/site-packages:/home/robotics/ros2_cobot/install/mycobot_320_riscv/lib/python3.10/site-packages:/home/robotics/ros2_cobot/install/mycobot_320/lib/python3.10/site-packages:/home/robotics/ros2_cobot/install/mycobot_280pi/lib/python3.10/site-packages:/home/robotics/ros2_cobot/install/mycobot_280jn/lib/python3.10/site-packages:/home/robotics/ros2_cobot/install/mycobot_280_x3pi/lib/python3.10/site-packages:/home/robotics/ros2_cobot/install/mycobot_280_riscv/lib/python3.10/site-packages:/home/robotics/ros2_cobot/install/mycobot_280_rdkx5/lib/python3.10/site-packages:/home/robotics/ros2_cobot/install/mycobot_280_moveit2_control/lib/python3.10/site-packages:/home/robotics/ros2_cobot/install/mycobot_280_arduino/lib/python3.10/site-packages:/home/robotics/ros2_cobot/install/mycobot_280/lib/python3.10/site-packages:/home/robotics/ros2_cobot/install/mybuddy/lib/python3.10/site-packages:/home/robotics/ros2_cobot/install/myarm_300/lib/python3.10/site-packages:/home/robotics/ros2_cobot/install/mecharm_pi/lib/python3.10/site-packages:/home/robotics/ros2_cobot/install/mecharm/lib/python3.10/site-packages:/home/robotics/ros2_cobot/install/mecharm_interfaces/local/lib/python3.10/dist-packages:/opt/ros/humble/lib/python3.10/site-packages:/opt/ros/humble/local/lib/python3.10/dist-packages /usr/bin/python3 -W ignore:setup.py install is deprecated -W ignore:easy_install command is deprecated setup.py egg_info --egg-base ../../../../build/mypalletizer_260_pi build --build-base /home/robotics/ros2_cobot/build/mypalletizer_260_pi/build install --record /home/robotics/ros2_cobot/build/mypalletizer_260_pi/install.log --single-version-externally-managed install_data
[9.916s] DEBUG:colcon.colcon_core.event_handler.log_command:Invoking command in '/home/robotics/ros2_cobot/src/mycobot_ros2/mycobot_pro/mycobot_600': AMENT_PREFIX_PATH=/home/robotics/ros2_cobot/install/mycobot_description:/home/robotics/ros2_cobot/install/ultraarm:/home/robotics/ros2_cobot/install/traj_scripts:/home/robotics/ros2_cobot/install/mypalletizer_communication:/home/robotics/ros2_cobot/install/mypalletizer_interfaces:/home/robotics/ros2_cobot/install/mypalletizer_260_pi:/home/robotics/ros2_cobot/install/mypalletizer_260:/home/robotics/ros2_cobot/install/myarm_m750:/home/robotics/ros2_cobot/install/myarm_c650:/home/robotics/ros2_cobot/install/mycobot_communication:/home/robotics/ros2_cobot/install/mecharm_communication:/home/robotics/ros2_cobot/install/mycobot_interfaces:/home/robotics/ros2_cobot/install/mycobot_630:/home/robotics/ros2_cobot/install/mycobot_600:/home/robotics/ros2_cobot/install/mycobot_320pi:/home/robotics/ros2_cobot/install/mycobot_320_riscv:/home/robotics/ros2_cobot/install/mycobot_320:/home/robotics/ros2_cobot/install/mycobot_280rdkx5_moveit2:/home/robotics/ros2_cobot/install/mycobot_280pi:/home/robotics/ros2_cobot/install/mycobot_280jn:/home/robotics/ros2_cobot/install/mycobot_280arduino_moveit2:/home/robotics/ros2_cobot/install/mycobot_280_x3pi:/home/robotics/ros2_cobot/install/mycobot_280_riscv:/home/robotics/ros2_cobot/install/mycobot_280_rdkx5:/home/robotics/ros2_cobot/install/mycobot_280_moveit2_control:/home/robotics/ros2_cobot/install/mycobot_280_moveit2:/home/robotics/ros2_cobot/install/mycobot_280_arduino:/home/robotics/ros2_cobot/install/mycobot_280:/home/robotics/ros2_cobot/install/mybuddy:/home/robotics/ros2_cobot/install/myarm_300:/home/robotics/ros2_cobot/install/mecharm_pi:/home/robotics/ros2_cobot/install/mecharm:/home/robotics/ros2_cobot/install/mecharm_interfaces:/opt/ros/humble PYTHONPATH=/home/robotics/ros2_cobot/build/mycobot_600/prefix_override:/usr/lib/python3/dist-packages/colcon_core/task/python/colcon_distutils_commands:/home/robotics/ros2_cobot/install/mycobot_600/lib/python3.10/site-packages:/home/robotics/ros2_cobot/install/mycobot_description/lib/python3.10/site-packages:/home/robotics/ros2_cobot/install/ultraarm/lib/python3.10/site-packages:/home/robotics/ros2_cobot/install/traj_scripts/local/lib/python3.10/dist-packages:/home/robotics/ros2_cobot/install/mypalletizer_communication/lib/python3.10/site-packages:/home/robotics/ros2_cobot/install/mypalletizer_interfaces/local/lib/python3.10/dist-packages:/home/robotics/ros2_cobot/install/mypalletizer_260_pi/lib/python3.10/site-packages:/home/robotics/ros2_cobot/install/mypalletizer_260/lib/python3.10/site-packages:/home/robotics/ros2_cobot/install/myarm_m750/lib/python3.10/site-packages:/home/robotics/ros2_cobot/install/myarm_c650/lib/python3.10/site-packages:/home/robotics/ros2_cobot/install/mycobot_communication/lib/python3.10/site-packages:/home/robotics/ros2_cobot/install/mecharm_communication/lib/python3.10/site-packages:/home/robotics/ros2_cobot/install/mycobot_interfaces/local/lib/python3.10/dist-packages:/home/robotics/ros2_cobot/install/mycobot_630/lib/python3.10/site-packages:/home/robotics/ros2_cobot/install/mycobot_600/lib/python3.10/site-packages:/home/robotics/ros2_cobot/install/mycobot_320pi/lib/python3.10/site-packages:/home/robotics/ros2_cobot/install/mycobot_320_riscv/lib/python3.10/site-packages:/home/robotics/ros2_cobot/install/mycobot_320/lib/python3.10/site-packages:/home/robotics/ros2_cobot/install/mycobot_280pi/lib/python3.10/site-packages:/home/robotics/ros2_cobot/install/mycobot_280jn/lib/python3.10/site-packages:/home/robotics/ros2_cobot/install/mycobot_280_x3pi/lib/python3.10/site-packages:/home/robotics/ros2_cobot/install/mycobot_280_riscv/lib/python3.10/site-packages:/home/robotics/ros2_cobot/install/mycobot_280_rdkx5/lib/python3.10/site-packages:/home/robotics/ros2_cobot/install/mycobot_280_moveit2_control/lib/python3.10/site-packages:/home/robotics/ros2_cobot/install/mycobot_280_arduino/lib/python3.10/site-packages:/home/robotics/ros2_cobot/install/mycobot_280/lib/python3.10/site-packages:/home/robotics/ros2_cobot/install/mybuddy/lib/python3.10/site-packages:/home/robotics/ros2_cobot/install/myarm_300/lib/python3.10/site-packages:/home/robotics/ros2_cobot/install/mecharm_pi/lib/python3.10/site-packages:/home/robotics/ros2_cobot/install/mecharm/lib/python3.10/site-packages:/home/robotics/ros2_cobot/install/mecharm_interfaces/local/lib/python3.10/dist-packages:/opt/ros/humble/lib/python3.10/site-packages:/opt/ros/humble/local/lib/python3.10/dist-packages /usr/bin/python3 -W ignore:setup.py install is deprecated -W ignore:easy_install command is deprecated setup.py egg_info --egg-base ../../../../build/mycobot_600 build --build-base /home/robotics/ros2_cobot/build/mycobot_600/build install --record /home/robotics/ros2_cobot/build/mycobot_600/install.log --single-version-externally-managed install_data
[9.920s] DEBUG:colcon.colcon_core.event_handler.log_command:Invoking command in '/home/robotics/ros2_cobot/src/mycobot_ros2/mycobot_pro/mycobot_630': AMENT_PREFIX_PATH=/home/robotics/ros2_cobot/install/mycobot_description:/home/robotics/ros2_cobot/install/ultraarm:/home/robotics/ros2_cobot/install/traj_scripts:/home/robotics/ros2_cobot/install/mypalletizer_communication:/home/robotics/ros2_cobot/install/mypalletizer_interfaces:/home/robotics/ros2_cobot/install/mypalletizer_260_pi:/home/robotics/ros2_cobot/install/mypalletizer_260:/home/robotics/ros2_cobot/install/myarm_m750:/home/robotics/ros2_cobot/install/myarm_c650:/home/robotics/ros2_cobot/install/mycobot_communication:/home/robotics/ros2_cobot/install/mecharm_communication:/home/robotics/ros2_cobot/install/mycobot_interfaces:/home/robotics/ros2_cobot/install/mycobot_630:/home/robotics/ros2_cobot/install/mycobot_600:/home/robotics/ros2_cobot/install/mycobot_320pi:/home/robotics/ros2_cobot/install/mycobot_320_riscv:/home/robotics/ros2_cobot/install/mycobot_320:/home/robotics/ros2_cobot/install/mycobot_280rdkx5_moveit2:/home/robotics/ros2_cobot/install/mycobot_280pi:/home/robotics/ros2_cobot/install/mycobot_280jn:/home/robotics/ros2_cobot/install/mycobot_280arduino_moveit2:/home/robotics/ros2_cobot/install/mycobot_280_x3pi:/home/robotics/ros2_cobot/install/mycobot_280_riscv:/home/robotics/ros2_cobot/install/mycobot_280_rdkx5:/home/robotics/ros2_cobot/install/mycobot_280_moveit2_control:/home/robotics/ros2_cobot/install/mycobot_280_moveit2:/home/robotics/ros2_cobot/install/mycobot_280_arduino:/home/robotics/ros2_cobot/install/mycobot_280:/home/robotics/ros2_cobot/install/mybuddy:/home/robotics/ros2_cobot/install/myarm_300:/home/robotics/ros2_cobot/install/mecharm_pi:/home/robotics/ros2_cobot/install/mecharm:/home/robotics/ros2_cobot/install/mecharm_interfaces:/opt/ros/humble PYTHONPATH=/home/robotics/ros2_cobot/build/mycobot_630/prefix_override:/usr/lib/python3/dist-packages/colcon_core/task/python/colcon_distutils_commands:/home/robotics/ros2_cobot/install/mycobot_630/lib/python3.10/site-packages:/home/robotics/ros2_cobot/install/mycobot_description/lib/python3.10/site-packages:/home/robotics/ros2_cobot/install/ultraarm/lib/python3.10/site-packages:/home/robotics/ros2_cobot/install/traj_scripts/local/lib/python3.10/dist-packages:/home/robotics/ros2_cobot/install/mypalletizer_communication/lib/python3.10/site-packages:/home/robotics/ros2_cobot/install/mypalletizer_interfaces/local/lib/python3.10/dist-packages:/home/robotics/ros2_cobot/install/mypalletizer_260_pi/lib/python3.10/site-packages:/home/robotics/ros2_cobot/install/mypalletizer_260/lib/python3.10/site-packages:/home/robotics/ros2_cobot/install/myarm_m750/lib/python3.10/site-packages:/home/robotics/ros2_cobot/install/myarm_c650/lib/python3.10/site-packages:/home/robotics/ros2_cobot/install/mycobot_communication/lib/python3.10/site-packages:/home/robotics/ros2_cobot/install/mecharm_communication/lib/python3.10/site-packages:/home/robotics/ros2_cobot/install/mycobot_interfaces/local/lib/python3.10/dist-packages:/home/robotics/ros2_cobot/install/mycobot_630/lib/python3.10/site-packages:/home/robotics/ros2_cobot/install/mycobot_600/lib/python3.10/site-packages:/home/robotics/ros2_cobot/install/mycobot_320pi/lib/python3.10/site-packages:/home/robotics/ros2_cobot/install/mycobot_320_riscv/lib/python3.10/site-packages:/home/robotics/ros2_cobot/install/mycobot_320/lib/python3.10/site-packages:/home/robotics/ros2_cobot/install/mycobot_280pi/lib/python3.10/site-packages:/home/robotics/ros2_cobot/install/mycobot_280jn/lib/python3.10/site-packages:/home/robotics/ros2_cobot/install/mycobot_280_x3pi/lib/python3.10/site-packages:/home/robotics/ros2_cobot/install/mycobot_280_riscv/lib/python3.10/site-packages:/home/robotics/ros2_cobot/install/mycobot_280_rdkx5/lib/python3.10/site-packages:/home/robotics/ros2_cobot/install/mycobot_280_moveit2_control/lib/python3.10/site-packages:/home/robotics/ros2_cobot/install/mycobot_280_arduino/lib/python3.10/site-packages:/home/robotics/ros2_cobot/install/mycobot_280/lib/python3.10/site-packages:/home/robotics/ros2_cobot/install/mybuddy/lib/python3.10/site-packages:/home/robotics/ros2_cobot/install/myarm_300/lib/python3.10/site-packages:/home/robotics/ros2_cobot/install/mecharm_pi/lib/python3.10/site-packages:/home/robotics/ros2_cobot/install/mecharm/lib/python3.10/site-packages:/home/robotics/ros2_cobot/install/mecharm_interfaces/local/lib/python3.10/dist-packages:/opt/ros/humble/lib/python3.10/site-packages:/opt/ros/humble/local/lib/python3.10/dist-packages /usr/bin/python3 -W ignore:setup.py install is deprecated -W ignore:easy_install command is deprecated setup.py egg_info --egg-base ../../../../build/mycobot_630 build --build-base /home/robotics/ros2_cobot/build/mycobot_630/build install --record /home/robotics/ros2_cobot/build/mycobot_630/install.log --single-version-externally-managed install_data
[9.927s] DEBUG:colcon.colcon_core.event_handler.log_command:Invoking command in '/home/robotics/ros2_cobot/src/mycobot_ros2/myArm/myarm_c650': AMENT_PREFIX_PATH=/home/robotics/ros2_cobot/install/mycobot_communication:/home/robotics/ros2_cobot/install/mycobot_description:/home/robotics/ros2_cobot/install/ultraarm:/home/robotics/ros2_cobot/install/traj_scripts:/home/robotics/ros2_cobot/install/mypalletizer_communication:/home/robotics/ros2_cobot/install/mypalletizer_interfaces:/home/robotics/ros2_cobot/install/mypalletizer_260_pi:/home/robotics/ros2_cobot/install/mypalletizer_260:/home/robotics/ros2_cobot/install/myarm_m750:/home/robotics/ros2_cobot/install/myarm_c650:/home/robotics/ros2_cobot/install/mecharm_communication:/home/robotics/ros2_cobot/install/mycobot_interfaces:/home/robotics/ros2_cobot/install/mycobot_630:/home/robotics/ros2_cobot/install/mycobot_600:/home/robotics/ros2_cobot/install/mycobot_320pi:/home/robotics/ros2_cobot/install/mycobot_320_riscv:/home/robotics/ros2_cobot/install/mycobot_320:/home/robotics/ros2_cobot/install/mycobot_280rdkx5_moveit2:/home/robotics/ros2_cobot/install/mycobot_280pi:/home/robotics/ros2_cobot/install/mycobot_280jn:/home/robotics/ros2_cobot/install/mycobot_280arduino_moveit2:/home/robotics/ros2_cobot/install/mycobot_280_x3pi:/home/robotics/ros2_cobot/install/mycobot_280_riscv:/home/robotics/ros2_cobot/install/mycobot_280_rdkx5:/home/robotics/ros2_cobot/install/mycobot_280_moveit2_control:/home/robotics/ros2_cobot/install/mycobot_280_moveit2:/home/robotics/ros2_cobot/install/mycobot_280_arduino:/home/robotics/ros2_cobot/install/mycobot_280:/home/robotics/ros2_cobot/install/mybuddy:/home/robotics/ros2_cobot/install/myarm_300:/home/robotics/ros2_cobot/install/mecharm_pi:/home/robotics/ros2_cobot/install/mecharm:/home/robotics/ros2_cobot/install/mecharm_interfaces:/opt/ros/humble CMAKE_PREFIX_PATH=/home/robotics/ros2_cobot/install/mycobot_interfaces:/home/robotics/ros2_cobot/install/traj_scripts:/home/robotics/ros2_cobot/install/mypalletizer_interfaces:/home/robotics/ros2_cobot/install/mycobot_280rdkx5_moveit2:/home/robotics/ros2_cobot/install/mycobot_280arduino_moveit2:/home/robotics/ros2_cobot/install/mycobot_280_moveit2:/home/robotics/ros2_cobot/install/mecharm_interfaces LD_LIBRARY_PATH=/home/robotics/ros2_cobot/install/mycobot_interfaces/lib:/home/robotics/ros2_cobot/install/mypalletizer_interfaces/lib:/home/robotics/ros2_cobot/install/mecharm_interfaces/lib:/opt/ros/humble/opt/rviz_ogre_vendor/lib:/opt/ros/humble/lib/x86_64-linux-gnu:/opt/ros/humble/lib PYTHONPATH=/home/robotics/ros2_cobot/build/myarm_c650/prefix_override:/usr/lib/python3/dist-packages/colcon_core/task/python/colcon_distutils_commands:/home/robotics/ros2_cobot/install/myarm_c650/lib/python3.10/site-packages:/home/robotics/ros2_cobot/install/mycobot_communication/lib/python3.10/site-packages:/home/robotics/ros2_cobot/install/mycobot_description/lib/python3.10/site-packages:/home/robotics/ros2_cobot/install/ultraarm/lib/python3.10/site-packages:/home/robotics/ros2_cobot/install/traj_scripts/local/lib/python3.10/dist-packages:/home/robotics/ros2_cobot/install/mypalletizer_communication/lib/python3.10/site-packages:/home/robotics/ros2_cobot/install/mypalletizer_interfaces/local/lib/python3.10/dist-packages:/home/robotics/ros2_cobot/install/mypalletizer_260_pi/lib/python3.10/site-packages:/home/robotics/ros2_cobot/install/mypalletizer_260/lib/python3.10/site-packages:/home/robotics/ros2_cobot/install/myarm_m750/lib/python3.10/site-packages:/home/robotics/ros2_cobot/install/myarm_c650/lib/python3.10/site-packages:/home/robotics/ros2_cobot/install/mecharm_communication/lib/python3.10/site-packages:/home/robotics/ros2_cobot/install/mycobot_interfaces/local/lib/python3.10/dist-packages:/home/robotics/ros2_cobot/install/mycobot_630/lib/python3.10/site-packages:/home/robotics/ros2_cobot/install/mycobot_600/lib/python3.10/site-packages:/home/robotics/ros2_cobot/install/mycobot_320pi/lib/python3.10/site-packages:/home/robotics/ros2_cobot/install/mycobot_320_riscv/lib/python3.10/site-packages:/home/robotics/ros2_cobot/install/mycobot_320/lib/python3.10/site-packages:/home/robotics/ros2_cobot/install/mycobot_280pi/lib/python3.10/site-packages:/home/robotics/ros2_cobot/install/mycobot_280jn/lib/python3.10/site-packages:/home/robotics/ros2_cobot/install/mycobot_280_x3pi/lib/python3.10/site-packages:/home/robotics/ros2_cobot/install/mycobot_280_riscv/lib/python3.10/site-packages:/home/robotics/ros2_cobot/install/mycobot_280_rdkx5/lib/python3.10/site-packages:/home/robotics/ros2_cobot/install/mycobot_280_moveit2_control/lib/python3.10/site-packages:/home/robotics/ros2_cobot/install/mycobot_280_arduino/lib/python3.10/site-packages:/home/robotics/ros2_cobot/install/mycobot_280/lib/python3.10/site-packages:/home/robotics/ros2_cobot/install/mybuddy/lib/python3.10/site-packages:/home/robotics/ros2_cobot/install/myarm_300/lib/python3.10/site-packages:/home/robotics/ros2_cobot/install/mecharm_pi/lib/python3.10/site-packages:/home/robotics/ros2_cobot/install/mecharm/lib/python3.10/site-packages:/home/robotics/ros2_cobot/install/mecharm_interfaces/local/lib/python3.10/dist-packages:/opt/ros/humble/lib/python3.10/site-packages:/opt/ros/humble/local/lib/python3.10/dist-packages /usr/bin/python3 -W ignore:setup.py install is deprecated -W ignore:easy_install command is deprecated setup.py egg_info --egg-base ../../../../build/myarm_c650 build --build-base /home/robotics/ros2_cobot/build/myarm_c650/build install --record /home/robotics/ros2_cobot/build/myarm_c650/install.log --single-version-externally-managed install_data
[9.933s] DEBUG:colcon.colcon_core.event_handler.log_command:Invoking command in '/home/robotics/ros2_cobot/src/mycobot_ros2/mycobot_280/mycobot_280_rdkx5': AMENT_PREFIX_PATH=/home/robotics/ros2_cobot/install/mycobot_communication:/home/robotics/ros2_cobot/install/mycobot_description:/home/robotics/ros2_cobot/install/ultraarm:/home/robotics/ros2_cobot/install/traj_scripts:/home/robotics/ros2_cobot/install/mypalletizer_communication:/home/robotics/ros2_cobot/install/mypalletizer_interfaces:/home/robotics/ros2_cobot/install/mypalletizer_260_pi:/home/robotics/ros2_cobot/install/mypalletizer_260:/home/robotics/ros2_cobot/install/myarm_m750:/home/robotics/ros2_cobot/install/myarm_c650:/home/robotics/ros2_cobot/install/mecharm_communication:/home/robotics/ros2_cobot/install/mycobot_interfaces:/home/robotics/ros2_cobot/install/mycobot_630:/home/robotics/ros2_cobot/install/mycobot_600:/home/robotics/ros2_cobot/install/mycobot_320pi:/home/robotics/ros2_cobot/install/mycobot_320_riscv:/home/robotics/ros2_cobot/install/mycobot_320:/home/robotics/ros2_cobot/install/mycobot_280rdkx5_moveit2:/home/robotics/ros2_cobot/install/mycobot_280pi:/home/robotics/ros2_cobot/install/mycobot_280jn:/home/robotics/ros2_cobot/install/mycobot_280arduino_moveit2:/home/robotics/ros2_cobot/install/mycobot_280_x3pi:/home/robotics/ros2_cobot/install/mycobot_280_riscv:/home/robotics/ros2_cobot/install/mycobot_280_rdkx5:/home/robotics/ros2_cobot/install/mycobot_280_moveit2_control:/home/robotics/ros2_cobot/install/mycobot_280_moveit2:/home/robotics/ros2_cobot/install/mycobot_280_arduino:/home/robotics/ros2_cobot/install/mycobot_280:/home/robotics/ros2_cobot/install/mybuddy:/home/robotics/ros2_cobot/install/myarm_300:/home/robotics/ros2_cobot/install/mecharm_pi:/home/robotics/ros2_cobot/install/mecharm:/home/robotics/ros2_cobot/install/mecharm_interfaces:/opt/ros/humble CMAKE_PREFIX_PATH=/home/robotics/ros2_cobot/install/mycobot_interfaces:/home/robotics/ros2_cobot/install/traj_scripts:/home/robotics/ros2_cobot/install/mypalletizer_interfaces:/home/robotics/ros2_cobot/install/mycobot_280rdkx5_moveit2:/home/robotics/ros2_cobot/install/mycobot_280arduino_moveit2:/home/robotics/ros2_cobot/install/mycobot_280_moveit2:/home/robotics/ros2_cobot/install/mecharm_interfaces LD_LIBRARY_PATH=/home/robotics/ros2_cobot/install/mycobot_interfaces/lib:/home/robotics/ros2_cobot/install/mypalletizer_interfaces/lib:/home/robotics/ros2_cobot/install/mecharm_interfaces/lib:/opt/ros/humble/opt/rviz_ogre_vendor/lib:/opt/ros/humble/lib/x86_64-linux-gnu:/opt/ros/humble/lib PYTHONPATH=/home/robotics/ros2_cobot/build/mycobot_280_rdkx5/prefix_override:/usr/lib/python3/dist-packages/colcon_core/task/python/colcon_distutils_commands:/home/robotics/ros2_cobot/install/mycobot_280_rdkx5/lib/python3.10/site-packages:/home/robotics/ros2_cobot/install/mycobot_communication/lib/python3.10/site-packages:/home/robotics/ros2_cobot/install/mycobot_description/lib/python3.10/site-packages:/home/robotics/ros2_cobot/install/ultraarm/lib/python3.10/site-packages:/home/robotics/ros2_cobot/install/traj_scripts/local/lib/python3.10/dist-packages:/home/robotics/ros2_cobot/install/mypalletizer_communication/lib/python3.10/site-packages:/home/robotics/ros2_cobot/install/mypalletizer_interfaces/local/lib/python3.10/dist-packages:/home/robotics/ros2_cobot/install/mypalletizer_260_pi/lib/python3.10/site-packages:/home/robotics/ros2_cobot/install/mypalletizer_260/lib/python3.10/site-packages:/home/robotics/ros2_cobot/install/myarm_m750/lib/python3.10/site-packages:/home/robotics/ros2_cobot/install/myarm_c650/lib/python3.10/site-packages:/home/robotics/ros2_cobot/install/mecharm_communication/lib/python3.10/site-packages:/home/robotics/ros2_cobot/install/mycobot_interfaces/local/lib/python3.10/dist-packages:/home/robotics/ros2_cobot/install/mycobot_630/lib/python3.10/site-packages:/home/robotics/ros2_cobot/install/mycobot_600/lib/python3.10/site-packages:/home/robotics/ros2_cobot/install/mycobot_320pi/lib/python3.10/site-packages:/home/robotics/ros2_cobot/install/mycobot_320_riscv/lib/python3.10/site-packages:/home/robotics/ros2_cobot/install/mycobot_320/lib/python3.10/site-packages:/home/robotics/ros2_cobot/install/mycobot_280pi/lib/python3.10/site-packages:/home/robotics/ros2_cobot/install/mycobot_280jn/lib/python3.10/site-packages:/home/robotics/ros2_cobot/install/mycobot_280_x3pi/lib/python3.10/site-packages:/home/robotics/ros2_cobot/install/mycobot_280_riscv/lib/python3.10/site-packages:/home/robotics/ros2_cobot/install/mycobot_280_rdkx5/lib/python3.10/site-packages:/home/robotics/ros2_cobot/install/mycobot_280_moveit2_control/lib/python3.10/site-packages:/home/robotics/ros2_cobot/install/mycobot_280_arduino/lib/python3.10/site-packages:/home/robotics/ros2_cobot/install/mycobot_280/lib/python3.10/site-packages:/home/robotics/ros2_cobot/install/mybuddy/lib/python3.10/site-packages:/home/robotics/ros2_cobot/install/myarm_300/lib/python3.10/site-packages:/home/robotics/ros2_cobot/install/mecharm_pi/lib/python3.10/site-packages:/home/robotics/ros2_cobot/install/mecharm/lib/python3.10/site-packages:/home/robotics/ros2_cobot/install/mecharm_interfaces/local/lib/python3.10/dist-packages:/opt/ros/humble/lib/python3.10/site-packages:/opt/ros/humble/local/lib/python3.10/dist-packages /usr/bin/python3 -W ignore:setup.py install is deprecated -W ignore:easy_install command is deprecated setup.py egg_info --egg-base ../../../../build/mycobot_280_rdkx5 build --build-base /home/robotics/ros2_cobot/build/mycobot_280_rdkx5/build install --record /home/robotics/ros2_cobot/build/mycobot_280_rdkx5/install.log --single-version-externally-managed install_data
[10.081s] Level 1:colcon.colcon_core.environment:checking '/home/robotics/ros2_cobot/install/mypalletizer_260' for CMake module files
[10.081s] DEBUG:colcon.colcon_core.event_handler.log_command:Invoked command in '/home/robotics/ros2_cobot/src/mycobot_ros2/mypalletizer_260/mypalletizer_260' returned '0': AMENT_PREFIX_PATH=/home/robotics/ros2_cobot/install/mycobot_description:/home/robotics/ros2_cobot/install/ultraarm:/home/robotics/ros2_cobot/install/traj_scripts:/home/robotics/ros2_cobot/install/mypalletizer_communication:/home/robotics/ros2_cobot/install/mypalletizer_interfaces:/home/robotics/ros2_cobot/install/mypalletizer_260_pi:/home/robotics/ros2_cobot/install/mypalletizer_260:/home/robotics/ros2_cobot/install/myarm_m750:/home/robotics/ros2_cobot/install/myarm_c650:/home/robotics/ros2_cobot/install/mycobot_communication:/home/robotics/ros2_cobot/install/mecharm_communication:/home/robotics/ros2_cobot/install/mycobot_interfaces:/home/robotics/ros2_cobot/install/mycobot_630:/home/robotics/ros2_cobot/install/mycobot_600:/home/robotics/ros2_cobot/install/mycobot_320pi:/home/robotics/ros2_cobot/install/mycobot_320_riscv:/home/robotics/ros2_cobot/install/mycobot_320:/home/robotics/ros2_cobot/install/mycobot_280rdkx5_moveit2:/home/robotics/ros2_cobot/install/mycobot_280pi:/home/robotics/ros2_cobot/install/mycobot_280jn:/home/robotics/ros2_cobot/install/mycobot_280arduino_moveit2:/home/robotics/ros2_cobot/install/mycobot_280_x3pi:/home/robotics/ros2_cobot/install/mycobot_280_riscv:/home/robotics/ros2_cobot/install/mycobot_280_rdkx5:/home/robotics/ros2_cobot/install/mycobot_280_moveit2_control:/home/robotics/ros2_cobot/install/mycobot_280_moveit2:/home/robotics/ros2_cobot/install/mycobot_280_arduino:/home/robotics/ros2_cobot/install/mycobot_280:/home/robotics/ros2_cobot/install/mybuddy:/home/robotics/ros2_cobot/install/myarm_300:/home/robotics/ros2_cobot/install/mecharm_pi:/home/robotics/ros2_cobot/install/mecharm:/home/robotics/ros2_cobot/install/mecharm_interfaces:/opt/ros/humble PYTHONPATH=/home/robotics/ros2_cobot/build/mypalletizer_260/prefix_override:/usr/lib/python3/dist-packages/colcon_core/task/python/colcon_distutils_commands:/home/robotics/ros2_cobot/install/mypalletizer_260/lib/python3.10/site-packages:/home/robotics/ros2_cobot/install/mycobot_description/lib/python3.10/site-packages:/home/robotics/ros2_cobot/install/ultraarm/lib/python3.10/site-packages:/home/robotics/ros2_cobot/install/traj_scripts/local/lib/python3.10/dist-packages:/home/robotics/ros2_cobot/install/mypalletizer_communication/lib/python3.10/site-packages:/home/robotics/ros2_cobot/install/mypalletizer_interfaces/local/lib/python3.10/dist-packages:/home/robotics/ros2_cobot/install/mypalletizer_260_pi/lib/python3.10/site-packages:/home/robotics/ros2_cobot/install/mypalletizer_260/lib/python3.10/site-packages:/home/robotics/ros2_cobot/install/myarm_m750/lib/python3.10/site-packages:/home/robotics/ros2_cobot/install/myarm_c650/lib/python3.10/site-packages:/home/robotics/ros2_cobot/install/mycobot_communication/lib/python3.10/site-packages:/home/robotics/ros2_cobot/install/mecharm_communication/lib/python3.10/site-packages:/home/robotics/ros2_cobot/install/mycobot_interfaces/local/lib/python3.10/dist-packages:/home/robotics/ros2_cobot/install/mycobot_630/lib/python3.10/site-packages:/home/robotics/ros2_cobot/install/mycobot_600/lib/python3.10/site-packages:/home/robotics/ros2_cobot/install/mycobot_320pi/lib/python3.10/site-packages:/home/robotics/ros2_cobot/install/mycobot_320_riscv/lib/python3.10/site-packages:/home/robotics/ros2_cobot/install/mycobot_320/lib/python3.10/site-packages:/home/robotics/ros2_cobot/install/mycobot_280pi/lib/python3.10/site-packages:/home/robotics/ros2_cobot/install/mycobot_280jn/lib/python3.10/site-packages:/home/robotics/ros2_cobot/install/mycobot_280_x3pi/lib/python3.10/site-packages:/home/robotics/ros2_cobot/install/mycobot_280_riscv/lib/python3.10/site-packages:/home/robotics/ros2_cobot/install/mycobot_280_rdkx5/lib/python3.10/site-packages:/home/robotics/ros2_cobot/install/mycobot_280_moveit2_control/lib/python3.10/site-packages:/home/robotics/ros2_cobot/install/mycobot_280_arduino/lib/python3.10/site-packages:/home/robotics/ros2_cobot/install/mycobot_280/lib/python3.10/site-packages:/home/robotics/ros2_cobot/install/mybuddy/lib/python3.10/site-packages:/home/robotics/ros2_cobot/install/myarm_300/lib/python3.10/site-packages:/home/robotics/ros2_cobot/install/mecharm_pi/lib/python3.10/site-packages:/home/robotics/ros2_cobot/install/mecharm/lib/python3.10/site-packages:/home/robotics/ros2_cobot/install/mecharm_interfaces/local/lib/python3.10/dist-packages:/opt/ros/humble/lib/python3.10/site-packages:/opt/ros/humble/local/lib/python3.10/dist-packages /usr/bin/python3 -W ignore:setup.py install is deprecated -W ignore:easy_install command is deprecated setup.py egg_info --egg-base ../../../../build/mypalletizer_260 build --build-base /home/robotics/ros2_cobot/build/mypalletizer_260/build install --record /home/robotics/ros2_cobot/build/mypalletizer_260/install.log --single-version-externally-managed install_data
[10.081s] Level 1:colcon.colcon_core.environment:checking '/home/robotics/ros2_cobot/install/mypalletizer_260' for CMake config files
[10.082s] Level 1:colcon.colcon_core.environment:checking '/home/robotics/ros2_cobot/install/mypalletizer_260/lib'
[10.082s] Level 1:colcon.colcon_core.environment:checking '/home/robotics/ros2_cobot/install/mypalletizer_260/bin'
[10.082s] Level 1:colcon.colcon_core.environment:checking '/home/robotics/ros2_cobot/install/mypalletizer_260/lib/pkgconfig/mypalletizer_260.pc'
[10.082s] Level 1:colcon.colcon_core.environment:checking '/home/robotics/ros2_cobot/install/mypalletizer_260/lib/python3.10/site-packages'
[10.082s] Level 1:colcon.colcon_core.shell:create_environment_hook('mypalletizer_260', 'pythonpath')
[10.082s] INFO:colcon.colcon_core.shell:Creating environment hook '/home/robotics/ros2_cobot/install/mypalletizer_260/share/mypalletizer_260/hook/pythonpath.ps1'
[10.083s] INFO:colcon.colcon_core.shell:Creating environment descriptor '/home/robotics/ros2_cobot/install/mypalletizer_260/share/mypalletizer_260/hook/pythonpath.dsv'
[10.083s] INFO:colcon.colcon_core.shell:Creating environment hook '/home/robotics/ros2_cobot/install/mypalletizer_260/share/mypalletizer_260/hook/pythonpath.sh'
[10.084s] Level 1:colcon.colcon_core.environment:checking '/home/robotics/ros2_cobot/install/mypalletizer_260/bin'
[10.084s] Level 1:colcon.colcon_core.environment:create_environment_scripts_only(mypalletizer_260)
[10.084s] INFO:colcon.colcon_core.shell:Creating package script '/home/robotics/ros2_cobot/install/mypalletizer_260/share/mypalletizer_260/package.ps1'
[10.085s] INFO:colcon.colcon_core.shell:Creating package descriptor '/home/robotics/ros2_cobot/install/mypalletizer_260/share/mypalletizer_260/package.dsv'
[10.085s] INFO:colcon.colcon_core.shell:Creating package script '/home/robotics/ros2_cobot/install/mypalletizer_260/share/mypalletizer_260/package.sh'
[10.085s] INFO:colcon.colcon_core.shell:Creating package script '/home/robotics/ros2_cobot/install/mypalletizer_260/share/mypalletizer_260/package.bash'
[10.086s] INFO:colcon.colcon_core.shell:Creating package script '/home/robotics/ros2_cobot/install/mypalletizer_260/share/mypalletizer_260/package.zsh'
[10.086s] Level 1:colcon.colcon_core.environment:create_file_with_runtime_dependencies(/home/robotics/ros2_cobot/install/mypalletizer_260/share/colcon-core/packages/mypalletizer_260)
[10.184s] Level 1:colcon.colcon_core.environment:checking '/home/robotics/ros2_cobot/install/mypalletizer_260_pi' for CMake module files
[10.185s] DEBUG:colcon.colcon_core.event_handler.log_command:Invoked command in '/home/robotics/ros2_cobot/src/mycobot_ros2/mypalletizer_260/mypalletizer_260_pi' returned '0': AMENT_PREFIX_PATH=/home/robotics/ros2_cobot/install/mycobot_description:/home/robotics/ros2_cobot/install/ultraarm:/home/robotics/ros2_cobot/install/traj_scripts:/home/robotics/ros2_cobot/install/mypalletizer_communication:/home/robotics/ros2_cobot/install/mypalletizer_interfaces:/home/robotics/ros2_cobot/install/mypalletizer_260_pi:/home/robotics/ros2_cobot/install/mypalletizer_260:/home/robotics/ros2_cobot/install/myarm_m750:/home/robotics/ros2_cobot/install/myarm_c650:/home/robotics/ros2_cobot/install/mycobot_communication:/home/robotics/ros2_cobot/install/mecharm_communication:/home/robotics/ros2_cobot/install/mycobot_interfaces:/home/robotics/ros2_cobot/install/mycobot_630:/home/robotics/ros2_cobot/install/mycobot_600:/home/robotics/ros2_cobot/install/mycobot_320pi:/home/robotics/ros2_cobot/install/mycobot_320_riscv:/home/robotics/ros2_cobot/install/mycobot_320:/home/robotics/ros2_cobot/install/mycobot_280rdkx5_moveit2:/home/robotics/ros2_cobot/install/mycobot_280pi:/home/robotics/ros2_cobot/install/mycobot_280jn:/home/robotics/ros2_cobot/install/mycobot_280arduino_moveit2:/home/robotics/ros2_cobot/install/mycobot_280_x3pi:/home/robotics/ros2_cobot/install/mycobot_280_riscv:/home/robotics/ros2_cobot/install/mycobot_280_rdkx5:/home/robotics/ros2_cobot/install/mycobot_280_moveit2_control:/home/robotics/ros2_cobot/install/mycobot_280_moveit2:/home/robotics/ros2_cobot/install/mycobot_280_arduino:/home/robotics/ros2_cobot/install/mycobot_280:/home/robotics/ros2_cobot/install/mybuddy:/home/robotics/ros2_cobot/install/myarm_300:/home/robotics/ros2_cobot/install/mecharm_pi:/home/robotics/ros2_cobot/install/mecharm:/home/robotics/ros2_cobot/install/mecharm_interfaces:/opt/ros/humble PYTHONPATH=/home/robotics/ros2_cobot/build/mypalletizer_260_pi/prefix_override:/usr/lib/python3/dist-packages/colcon_core/task/python/colcon_distutils_commands:/home/robotics/ros2_cobot/install/mypalletizer_260_pi/lib/python3.10/site-packages:/home/robotics/ros2_cobot/install/mycobot_description/lib/python3.10/site-packages:/home/robotics/ros2_cobot/install/ultraarm/lib/python3.10/site-packages:/home/robotics/ros2_cobot/install/traj_scripts/local/lib/python3.10/dist-packages:/home/robotics/ros2_cobot/install/mypalletizer_communication/lib/python3.10/site-packages:/home/robotics/ros2_cobot/install/mypalletizer_interfaces/local/lib/python3.10/dist-packages:/home/robotics/ros2_cobot/install/mypalletizer_260_pi/lib/python3.10/site-packages:/home/robotics/ros2_cobot/install/mypalletizer_260/lib/python3.10/site-packages:/home/robotics/ros2_cobot/install/myarm_m750/lib/python3.10/site-packages:/home/robotics/ros2_cobot/install/myarm_c650/lib/python3.10/site-packages:/home/robotics/ros2_cobot/install/mycobot_communication/lib/python3.10/site-packages:/home/robotics/ros2_cobot/install/mecharm_communication/lib/python3.10/site-packages:/home/robotics/ros2_cobot/install/mycobot_interfaces/local/lib/python3.10/dist-packages:/home/robotics/ros2_cobot/install/mycobot_630/lib/python3.10/site-packages:/home/robotics/ros2_cobot/install/mycobot_600/lib/python3.10/site-packages:/home/robotics/ros2_cobot/install/mycobot_320pi/lib/python3.10/site-packages:/home/robotics/ros2_cobot/install/mycobot_320_riscv/lib/python3.10/site-packages:/home/robotics/ros2_cobot/install/mycobot_320/lib/python3.10/site-packages:/home/robotics/ros2_cobot/install/mycobot_280pi/lib/python3.10/site-packages:/home/robotics/ros2_cobot/install/mycobot_280jn/lib/python3.10/site-packages:/home/robotics/ros2_cobot/install/mycobot_280_x3pi/lib/python3.10/site-packages:/home/robotics/ros2_cobot/install/mycobot_280_riscv/lib/python3.10/site-packages:/home/robotics/ros2_cobot/install/mycobot_280_rdkx5/lib/python3.10/site-packages:/home/robotics/ros2_cobot/install/mycobot_280_moveit2_control/lib/python3.10/site-packages:/home/robotics/ros2_cobot/install/mycobot_280_arduino/lib/python3.10/site-packages:/home/robotics/ros2_cobot/install/mycobot_280/lib/python3.10/site-packages:/home/robotics/ros2_cobot/install/mybuddy/lib/python3.10/site-packages:/home/robotics/ros2_cobot/install/myarm_300/lib/python3.10/site-packages:/home/robotics/ros2_cobot/install/mecharm_pi/lib/python3.10/site-packages:/home/robotics/ros2_cobot/install/mecharm/lib/python3.10/site-packages:/home/robotics/ros2_cobot/install/mecharm_interfaces/local/lib/python3.10/dist-packages:/opt/ros/humble/lib/python3.10/site-packages:/opt/ros/humble/local/lib/python3.10/dist-packages /usr/bin/python3 -W ignore:setup.py install is deprecated -W ignore:easy_install command is deprecated setup.py egg_info --egg-base ../../../../build/mypalletizer_260_pi build --build-base /home/robotics/ros2_cobot/build/mypalletizer_260_pi/build install --record /home/robotics/ros2_cobot/build/mypalletizer_260_pi/install.log --single-version-externally-managed install_data
[10.185s] Level 1:colcon.colcon_core.environment:checking '/home/robotics/ros2_cobot/install/mypalletizer_260_pi' for CMake config files
[10.186s] Level 1:colcon.colcon_core.environment:checking '/home/robotics/ros2_cobot/install/mypalletizer_260_pi/lib'
[10.186s] Level 1:colcon.colcon_core.environment:checking '/home/robotics/ros2_cobot/install/mypalletizer_260_pi/bin'
[10.186s] Level 1:colcon.colcon_core.environment:checking '/home/robotics/ros2_cobot/install/mypalletizer_260_pi/lib/pkgconfig/mypalletizer_260_pi.pc'
[10.186s] Level 1:colcon.colcon_core.environment:checking '/home/robotics/ros2_cobot/install/mypalletizer_260_pi/lib/python3.10/site-packages'
[10.186s] Level 1:colcon.colcon_core.shell:create_environment_hook('mypalletizer_260_pi', 'pythonpath')
[10.186s] INFO:colcon.colcon_core.shell:Creating environment hook '/home/robotics/ros2_cobot/install/mypalletizer_260_pi/share/mypalletizer_260_pi/hook/pythonpath.ps1'
[10.187s] INFO:colcon.colcon_core.shell:Creating environment descriptor '/home/robotics/ros2_cobot/install/mypalletizer_260_pi/share/mypalletizer_260_pi/hook/pythonpath.dsv'
[10.187s] INFO:colcon.colcon_core.shell:Creating environment hook '/home/robotics/ros2_cobot/install/mypalletizer_260_pi/share/mypalletizer_260_pi/hook/pythonpath.sh'
[10.188s] Level 1:colcon.colcon_core.environment:checking '/home/robotics/ros2_cobot/install/mypalletizer_260_pi/bin'
[10.188s] Level 1:colcon.colcon_core.environment:create_environment_scripts_only(mypalletizer_260_pi)
[10.188s] INFO:colcon.colcon_core.shell:Creating package script '/home/robotics/ros2_cobot/install/mypalletizer_260_pi/share/mypalletizer_260_pi/package.ps1'
[10.189s] INFO:colcon.colcon_core.shell:Creating package descriptor '/home/robotics/ros2_cobot/install/mypalletizer_260_pi/share/mypalletizer_260_pi/package.dsv'
[10.189s] INFO:colcon.colcon_core.shell:Creating package script '/home/robotics/ros2_cobot/install/mypalletizer_260_pi/share/mypalletizer_260_pi/package.sh'
[10.190s] INFO:colcon.colcon_core.shell:Creating package script '/home/robotics/ros2_cobot/install/mypalletizer_260_pi/share/mypalletizer_260_pi/package.bash'
[10.190s] INFO:colcon.colcon_core.shell:Creating package script '/home/robotics/ros2_cobot/install/mypalletizer_260_pi/share/mypalletizer_260_pi/package.zsh'
[10.191s] Level 1:colcon.colcon_core.environment:create_file_with_runtime_dependencies(/home/robotics/ros2_cobot/install/mypalletizer_260_pi/share/colcon-core/packages/mypalletizer_260_pi)
[10.193s] Level 1:colcon.colcon_core.environment:checking '/home/robotics/ros2_cobot/install/ultraarm' for CMake module files
[10.193s] Level 1:colcon.colcon_core.environment:checking '/home/robotics/ros2_cobot/install/ultraarm' for CMake config files
[10.193s] DEBUG:colcon.colcon_core.event_handler.log_command:Invoked command in '/home/robotics/ros2_cobot/src/mycobot_ros2/ultraArm/ultraarm' returned '0': AMENT_PREFIX_PATH=/home/robotics/ros2_cobot/install/mycobot_description:/home/robotics/ros2_cobot/install/ultraarm:/home/robotics/ros2_cobot/install/traj_scripts:/home/robotics/ros2_cobot/install/mypalletizer_communication:/home/robotics/ros2_cobot/install/mypalletizer_interfaces:/home/robotics/ros2_cobot/install/mypalletizer_260_pi:/home/robotics/ros2_cobot/install/mypalletizer_260:/home/robotics/ros2_cobot/install/myarm_m750:/home/robotics/ros2_cobot/install/myarm_c650:/home/robotics/ros2_cobot/install/mycobot_communication:/home/robotics/ros2_cobot/install/mecharm_communication:/home/robotics/ros2_cobot/install/mycobot_interfaces:/home/robotics/ros2_cobot/install/mycobot_630:/home/robotics/ros2_cobot/install/mycobot_600:/home/robotics/ros2_cobot/install/mycobot_320pi:/home/robotics/ros2_cobot/install/mycobot_320_riscv:/home/robotics/ros2_cobot/install/mycobot_320:/home/robotics/ros2_cobot/install/mycobot_280rdkx5_moveit2:/home/robotics/ros2_cobot/install/mycobot_280pi:/home/robotics/ros2_cobot/install/mycobot_280jn:/home/robotics/ros2_cobot/install/mycobot_280arduino_moveit2:/home/robotics/ros2_cobot/install/mycobot_280_x3pi:/home/robotics/ros2_cobot/install/mycobot_280_riscv:/home/robotics/ros2_cobot/install/mycobot_280_rdkx5:/home/robotics/ros2_cobot/install/mycobot_280_moveit2_control:/home/robotics/ros2_cobot/install/mycobot_280_moveit2:/home/robotics/ros2_cobot/install/mycobot_280_arduino:/home/robotics/ros2_cobot/install/mycobot_280:/home/robotics/ros2_cobot/install/mybuddy:/home/robotics/ros2_cobot/install/myarm_300:/home/robotics/ros2_cobot/install/mecharm_pi:/home/robotics/ros2_cobot/install/mecharm:/home/robotics/ros2_cobot/install/mecharm_interfaces:/opt/ros/humble PYTHONPATH=/home/robotics/ros2_cobot/build/ultraarm/prefix_override:/usr/lib/python3/dist-packages/colcon_core/task/python/colcon_distutils_commands:/home/robotics/ros2_cobot/install/ultraarm/lib/python3.10/site-packages:/home/robotics/ros2_cobot/install/mycobot_description/lib/python3.10/site-packages:/home/robotics/ros2_cobot/install/ultraarm/lib/python3.10/site-packages:/home/robotics/ros2_cobot/install/traj_scripts/local/lib/python3.10/dist-packages:/home/robotics/ros2_cobot/install/mypalletizer_communication/lib/python3.10/site-packages:/home/robotics/ros2_cobot/install/mypalletizer_interfaces/local/lib/python3.10/dist-packages:/home/robotics/ros2_cobot/install/mypalletizer_260_pi/lib/python3.10/site-packages:/home/robotics/ros2_cobot/install/mypalletizer_260/lib/python3.10/site-packages:/home/robotics/ros2_cobot/install/myarm_m750/lib/python3.10/site-packages:/home/robotics/ros2_cobot/install/myarm_c650/lib/python3.10/site-packages:/home/robotics/ros2_cobot/install/mycobot_communication/lib/python3.10/site-packages:/home/robotics/ros2_cobot/install/mecharm_communication/lib/python3.10/site-packages:/home/robotics/ros2_cobot/install/mycobot_interfaces/local/lib/python3.10/dist-packages:/home/robotics/ros2_cobot/install/mycobot_630/lib/python3.10/site-packages:/home/robotics/ros2_cobot/install/mycobot_600/lib/python3.10/site-packages:/home/robotics/ros2_cobot/install/mycobot_320pi/lib/python3.10/site-packages:/home/robotics/ros2_cobot/install/mycobot_320_riscv/lib/python3.10/site-packages:/home/robotics/ros2_cobot/install/mycobot_320/lib/python3.10/site-packages:/home/robotics/ros2_cobot/install/mycobot_280pi/lib/python3.10/site-packages:/home/robotics/ros2_cobot/install/mycobot_280jn/lib/python3.10/site-packages:/home/robotics/ros2_cobot/install/mycobot_280_x3pi/lib/python3.10/site-packages:/home/robotics/ros2_cobot/install/mycobot_280_riscv/lib/python3.10/site-packages:/home/robotics/ros2_cobot/install/mycobot_280_rdkx5/lib/python3.10/site-packages:/home/robotics/ros2_cobot/install/mycobot_280_moveit2_control/lib/python3.10/site-packages:/home/robotics/ros2_cobot/install/mycobot_280_arduino/lib/python3.10/site-packages:/home/robotics/ros2_cobot/install/mycobot_280/lib/python3.10/site-packages:/home/robotics/ros2_cobot/install/mybuddy/lib/python3.10/site-packages:/home/robotics/ros2_cobot/install/myarm_300/lib/python3.10/site-packages:/home/robotics/ros2_cobot/install/mecharm_pi/lib/python3.10/site-packages:/home/robotics/ros2_cobot/install/mecharm/lib/python3.10/site-packages:/home/robotics/ros2_cobot/install/mecharm_interfaces/local/lib/python3.10/dist-packages:/opt/ros/humble/lib/python3.10/site-packages:/opt/ros/humble/local/lib/python3.10/dist-packages /usr/bin/python3 -W ignore:setup.py install is deprecated -W ignore:easy_install command is deprecated setup.py egg_info --egg-base ../../../../build/ultraarm build --build-base /home/robotics/ros2_cobot/build/ultraarm/build install --record /home/robotics/ros2_cobot/build/ultraarm/install.log --single-version-externally-managed install_data
[10.194s] Level 1:colcon.colcon_core.environment:checking '/home/robotics/ros2_cobot/install/ultraarm/lib'
[10.194s] Level 1:colcon.colcon_core.environment:checking '/home/robotics/ros2_cobot/install/ultraarm/bin'
[10.194s] Level 1:colcon.colcon_core.environment:checking '/home/robotics/ros2_cobot/install/ultraarm/lib/pkgconfig/ultraarm.pc'
[10.194s] Level 1:colcon.colcon_core.environment:checking '/home/robotics/ros2_cobot/install/ultraarm/lib/python3.10/site-packages'
[10.194s] Level 1:colcon.colcon_core.shell:create_environment_hook('ultraarm', 'pythonpath')
[10.194s] INFO:colcon.colcon_core.shell:Creating environment hook '/home/robotics/ros2_cobot/install/ultraarm/share/ultraarm/hook/pythonpath.ps1'
[10.195s] INFO:colcon.colcon_core.shell:Creating environment descriptor '/home/robotics/ros2_cobot/install/ultraarm/share/ultraarm/hook/pythonpath.dsv'
[10.195s] INFO:colcon.colcon_core.shell:Creating environment hook '/home/robotics/ros2_cobot/install/ultraarm/share/ultraarm/hook/pythonpath.sh'
[10.195s] Level 1:colcon.colcon_core.environment:checking '/home/robotics/ros2_cobot/install/ultraarm/bin'
[10.195s] Level 1:colcon.colcon_core.environment:create_environment_scripts_only(ultraarm)
[10.196s] INFO:colcon.colcon_core.shell:Creating package script '/home/robotics/ros2_cobot/install/ultraarm/share/ultraarm/package.ps1'
[10.196s] INFO:colcon.colcon_core.shell:Creating package descriptor '/home/robotics/ros2_cobot/install/ultraarm/share/ultraarm/package.dsv'
[10.196s] INFO:colcon.colcon_core.shell:Creating package script '/home/robotics/ros2_cobot/install/ultraarm/share/ultraarm/package.sh'
[10.197s] INFO:colcon.colcon_core.shell:Creating package script '/home/robotics/ros2_cobot/install/ultraarm/share/ultraarm/package.bash'
[10.197s] INFO:colcon.colcon_core.shell:Creating package script '/home/robotics/ros2_cobot/install/ultraarm/share/ultraarm/package.zsh'
[10.197s] Level 1:colcon.colcon_core.environment:create_file_with_runtime_dependencies(/home/robotics/ros2_cobot/install/ultraarm/share/colcon-core/packages/ultraarm)
[10.200s] Level 1:colcon.colcon_core.environment:checking '/home/robotics/ros2_cobot/install/myarm_c650' for CMake module files
[10.201s] DEBUG:colcon.colcon_core.event_handler.log_command:Invoked command in '/home/robotics/ros2_cobot/src/mycobot_ros2/myArm/myarm_c650' returned '0': AMENT_PREFIX_PATH=/home/robotics/ros2_cobot/install/mycobot_communication:/home/robotics/ros2_cobot/install/mycobot_description:/home/robotics/ros2_cobot/install/ultraarm:/home/robotics/ros2_cobot/install/traj_scripts:/home/robotics/ros2_cobot/install/mypalletizer_communication:/home/robotics/ros2_cobot/install/mypalletizer_interfaces:/home/robotics/ros2_cobot/install/mypalletizer_260_pi:/home/robotics/ros2_cobot/install/mypalletizer_260:/home/robotics/ros2_cobot/install/myarm_m750:/home/robotics/ros2_cobot/install/myarm_c650:/home/robotics/ros2_cobot/install/mecharm_communication:/home/robotics/ros2_cobot/install/mycobot_interfaces:/home/robotics/ros2_cobot/install/mycobot_630:/home/robotics/ros2_cobot/install/mycobot_600:/home/robotics/ros2_cobot/install/mycobot_320pi:/home/robotics/ros2_cobot/install/mycobot_320_riscv:/home/robotics/ros2_cobot/install/mycobot_320:/home/robotics/ros2_cobot/install/mycobot_280rdkx5_moveit2:/home/robotics/ros2_cobot/install/mycobot_280pi:/home/robotics/ros2_cobot/install/mycobot_280jn:/home/robotics/ros2_cobot/install/mycobot_280arduino_moveit2:/home/robotics/ros2_cobot/install/mycobot_280_x3pi:/home/robotics/ros2_cobot/install/mycobot_280_riscv:/home/robotics/ros2_cobot/install/mycobot_280_rdkx5:/home/robotics/ros2_cobot/install/mycobot_280_moveit2_control:/home/robotics/ros2_cobot/install/mycobot_280_moveit2:/home/robotics/ros2_cobot/install/mycobot_280_arduino:/home/robotics/ros2_cobot/install/mycobot_280:/home/robotics/ros2_cobot/install/mybuddy:/home/robotics/ros2_cobot/install/myarm_300:/home/robotics/ros2_cobot/install/mecharm_pi:/home/robotics/ros2_cobot/install/mecharm:/home/robotics/ros2_cobot/install/mecharm_interfaces:/opt/ros/humble CMAKE_PREFIX_PATH=/home/robotics/ros2_cobot/install/mycobot_interfaces:/home/robotics/ros2_cobot/install/traj_scripts:/home/robotics/ros2_cobot/install/mypalletizer_interfaces:/home/robotics/ros2_cobot/install/mycobot_280rdkx5_moveit2:/home/robotics/ros2_cobot/install/mycobot_280arduino_moveit2:/home/robotics/ros2_cobot/install/mycobot_280_moveit2:/home/robotics/ros2_cobot/install/mecharm_interfaces LD_LIBRARY_PATH=/home/robotics/ros2_cobot/install/mycobot_interfaces/lib:/home/robotics/ros2_cobot/install/mypalletizer_interfaces/lib:/home/robotics/ros2_cobot/install/mecharm_interfaces/lib:/opt/ros/humble/opt/rviz_ogre_vendor/lib:/opt/ros/humble/lib/x86_64-linux-gnu:/opt/ros/humble/lib PYTHONPATH=/home/robotics/ros2_cobot/build/myarm_c650/prefix_override:/usr/lib/python3/dist-packages/colcon_core/task/python/colcon_distutils_commands:/home/robotics/ros2_cobot/install/myarm_c650/lib/python3.10/site-packages:/home/robotics/ros2_cobot/install/mycobot_communication/lib/python3.10/site-packages:/home/robotics/ros2_cobot/install/mycobot_description/lib/python3.10/site-packages:/home/robotics/ros2_cobot/install/ultraarm/lib/python3.10/site-packages:/home/robotics/ros2_cobot/install/traj_scripts/local/lib/python3.10/dist-packages:/home/robotics/ros2_cobot/install/mypalletizer_communication/lib/python3.10/site-packages:/home/robotics/ros2_cobot/install/mypalletizer_interfaces/local/lib/python3.10/dist-packages:/home/robotics/ros2_cobot/install/mypalletizer_260_pi/lib/python3.10/site-packages:/home/robotics/ros2_cobot/install/mypalletizer_260/lib/python3.10/site-packages:/home/robotics/ros2_cobot/install/myarm_m750/lib/python3.10/site-packages:/home/robotics/ros2_cobot/install/myarm_c650/lib/python3.10/site-packages:/home/robotics/ros2_cobot/install/mecharm_communication/lib/python3.10/site-packages:/home/robotics/ros2_cobot/install/mycobot_interfaces/local/lib/python3.10/dist-packages:/home/robotics/ros2_cobot/install/mycobot_630/lib/python3.10/site-packages:/home/robotics/ros2_cobot/install/mycobot_600/lib/python3.10/site-packages:/home/robotics/ros2_cobot/install/mycobot_320pi/lib/python3.10/site-packages:/home/robotics/ros2_cobot/install/mycobot_320_riscv/lib/python3.10/site-packages:/home/robotics/ros2_cobot/install/mycobot_320/lib/python3.10/site-packages:/home/robotics/ros2_cobot/install/mycobot_280pi/lib/python3.10/site-packages:/home/robotics/ros2_cobot/install/mycobot_280jn/lib/python3.10/site-packages:/home/robotics/ros2_cobot/install/mycobot_280_x3pi/lib/python3.10/site-packages:/home/robotics/ros2_cobot/install/mycobot_280_riscv/lib/python3.10/site-packages:/home/robotics/ros2_cobot/install/mycobot_280_rdkx5/lib/python3.10/site-packages:/home/robotics/ros2_cobot/install/mycobot_280_moveit2_control/lib/python3.10/site-packages:/home/robotics/ros2_cobot/install/mycobot_280_arduino/lib/python3.10/site-packages:/home/robotics/ros2_cobot/install/mycobot_280/lib/python3.10/site-packages:/home/robotics/ros2_cobot/install/mybuddy/lib/python3.10/site-packages:/home/robotics/ros2_cobot/install/myarm_300/lib/python3.10/site-packages:/home/robotics/ros2_cobot/install/mecharm_pi/lib/python3.10/site-packages:/home/robotics/ros2_cobot/install/mecharm/lib/python3.10/site-packages:/home/robotics/ros2_cobot/install/mecharm_interfaces/local/lib/python3.10/dist-packages:/opt/ros/humble/lib/python3.10/site-packages:/opt/ros/humble/local/lib/python3.10/dist-packages /usr/bin/python3 -W ignore:setup.py install is deprecated -W ignore:easy_install command is deprecated setup.py egg_info --egg-base ../../../../build/myarm_c650 build --build-base /home/robotics/ros2_cobot/build/myarm_c650/build install --record /home/robotics/ros2_cobot/build/myarm_c650/install.log --single-version-externally-managed install_data
[10.202s] Level 1:colcon.colcon_core.environment:checking '/home/robotics/ros2_cobot/install/myarm_c650' for CMake config files
[10.202s] Level 1:colcon.colcon_core.environment:checking '/home/robotics/ros2_cobot/install/myarm_c650/lib'
[10.203s] Level 1:colcon.colcon_core.environment:checking '/home/robotics/ros2_cobot/install/myarm_c650/bin'
[10.203s] Level 1:colcon.colcon_core.environment:checking '/home/robotics/ros2_cobot/install/myarm_c650/lib/pkgconfig/myarm_c650.pc'
[10.203s] Level 1:colcon.colcon_core.environment:checking '/home/robotics/ros2_cobot/install/myarm_c650/lib/python3.10/site-packages'
[10.203s] Level 1:colcon.colcon_core.shell:create_environment_hook('myarm_c650', 'pythonpath')
[10.203s] INFO:colcon.colcon_core.shell:Creating environment hook '/home/robotics/ros2_cobot/install/myarm_c650/share/myarm_c650/hook/pythonpath.ps1'
[10.204s] INFO:colcon.colcon_core.shell:Creating environment descriptor '/home/robotics/ros2_cobot/install/myarm_c650/share/myarm_c650/hook/pythonpath.dsv'
[10.204s] INFO:colcon.colcon_core.shell:Creating environment hook '/home/robotics/ros2_cobot/install/myarm_c650/share/myarm_c650/hook/pythonpath.sh'
[10.205s] Level 1:colcon.colcon_core.environment:checking '/home/robotics/ros2_cobot/install/myarm_c650/bin'
[10.205s] Level 1:colcon.colcon_core.environment:create_environment_scripts_only(myarm_c650)
[10.205s] INFO:colcon.colcon_core.shell:Creating package script '/home/robotics/ros2_cobot/install/myarm_c650/share/myarm_c650/package.ps1'
[10.206s] INFO:colcon.colcon_core.shell:Creating package descriptor '/home/robotics/ros2_cobot/install/myarm_c650/share/myarm_c650/package.dsv'
[10.206s] INFO:colcon.colcon_core.shell:Creating package script '/home/robotics/ros2_cobot/install/myarm_c650/share/myarm_c650/package.sh'
[10.207s] INFO:colcon.colcon_core.shell:Creating package script '/home/robotics/ros2_cobot/install/myarm_c650/share/myarm_c650/package.bash'
[10.208s] INFO:colcon.colcon_core.shell:Creating package script '/home/robotics/ros2_cobot/install/myarm_c650/share/myarm_c650/package.zsh'
[10.208s] Level 1:colcon.colcon_core.environment:create_file_with_runtime_dependencies(/home/robotics/ros2_cobot/install/myarm_c650/share/colcon-core/packages/myarm_c650)
[10.210s] Level 1:colcon.colcon_core.environment:checking '/home/robotics/ros2_cobot/install/mycobot_600' for CMake module files
[10.211s] Level 1:colcon.colcon_core.environment:checking '/home/robotics/ros2_cobot/install/mycobot_600' for CMake config files
[10.211s] DEBUG:colcon.colcon_core.event_handler.log_command:Invoked command in '/home/robotics/ros2_cobot/src/mycobot_ros2/mycobot_pro/mycobot_600' returned '0': AMENT_PREFIX_PATH=/home/robotics/ros2_cobot/install/mycobot_description:/home/robotics/ros2_cobot/install/ultraarm:/home/robotics/ros2_cobot/install/traj_scripts:/home/robotics/ros2_cobot/install/mypalletizer_communication:/home/robotics/ros2_cobot/install/mypalletizer_interfaces:/home/robotics/ros2_cobot/install/mypalletizer_260_pi:/home/robotics/ros2_cobot/install/mypalletizer_260:/home/robotics/ros2_cobot/install/myarm_m750:/home/robotics/ros2_cobot/install/myarm_c650:/home/robotics/ros2_cobot/install/mycobot_communication:/home/robotics/ros2_cobot/install/mecharm_communication:/home/robotics/ros2_cobot/install/mycobot_interfaces:/home/robotics/ros2_cobot/install/mycobot_630:/home/robotics/ros2_cobot/install/mycobot_600:/home/robotics/ros2_cobot/install/mycobot_320pi:/home/robotics/ros2_cobot/install/mycobot_320_riscv:/home/robotics/ros2_cobot/install/mycobot_320:/home/robotics/ros2_cobot/install/mycobot_280rdkx5_moveit2:/home/robotics/ros2_cobot/install/mycobot_280pi:/home/robotics/ros2_cobot/install/mycobot_280jn:/home/robotics/ros2_cobot/install/mycobot_280arduino_moveit2:/home/robotics/ros2_cobot/install/mycobot_280_x3pi:/home/robotics/ros2_cobot/install/mycobot_280_riscv:/home/robotics/ros2_cobot/install/mycobot_280_rdkx5:/home/robotics/ros2_cobot/install/mycobot_280_moveit2_control:/home/robotics/ros2_cobot/install/mycobot_280_moveit2:/home/robotics/ros2_cobot/install/mycobot_280_arduino:/home/robotics/ros2_cobot/install/mycobot_280:/home/robotics/ros2_cobot/install/mybuddy:/home/robotics/ros2_cobot/install/myarm_300:/home/robotics/ros2_cobot/install/mecharm_pi:/home/robotics/ros2_cobot/install/mecharm:/home/robotics/ros2_cobot/install/mecharm_interfaces:/opt/ros/humble PYTHONPATH=/home/robotics/ros2_cobot/build/mycobot_600/prefix_override:/usr/lib/python3/dist-packages/colcon_core/task/python/colcon_distutils_commands:/home/robotics/ros2_cobot/install/mycobot_600/lib/python3.10/site-packages:/home/robotics/ros2_cobot/install/mycobot_description/lib/python3.10/site-packages:/home/robotics/ros2_cobot/install/ultraarm/lib/python3.10/site-packages:/home/robotics/ros2_cobot/install/traj_scripts/local/lib/python3.10/dist-packages:/home/robotics/ros2_cobot/install/mypalletizer_communication/lib/python3.10/site-packages:/home/robotics/ros2_cobot/install/mypalletizer_interfaces/local/lib/python3.10/dist-packages:/home/robotics/ros2_cobot/install/mypalletizer_260_pi/lib/python3.10/site-packages:/home/robotics/ros2_cobot/install/mypalletizer_260/lib/python3.10/site-packages:/home/robotics/ros2_cobot/install/myarm_m750/lib/python3.10/site-packages:/home/robotics/ros2_cobot/install/myarm_c650/lib/python3.10/site-packages:/home/robotics/ros2_cobot/install/mycobot_communication/lib/python3.10/site-packages:/home/robotics/ros2_cobot/install/mecharm_communication/lib/python3.10/site-packages:/home/robotics/ros2_cobot/install/mycobot_interfaces/local/lib/python3.10/dist-packages:/home/robotics/ros2_cobot/install/mycobot_630/lib/python3.10/site-packages:/home/robotics/ros2_cobot/install/mycobot_600/lib/python3.10/site-packages:/home/robotics/ros2_cobot/install/mycobot_320pi/lib/python3.10/site-packages:/home/robotics/ros2_cobot/install/mycobot_320_riscv/lib/python3.10/site-packages:/home/robotics/ros2_cobot/install/mycobot_320/lib/python3.10/site-packages:/home/robotics/ros2_cobot/install/mycobot_280pi/lib/python3.10/site-packages:/home/robotics/ros2_cobot/install/mycobot_280jn/lib/python3.10/site-packages:/home/robotics/ros2_cobot/install/mycobot_280_x3pi/lib/python3.10/site-packages:/home/robotics/ros2_cobot/install/mycobot_280_riscv/lib/python3.10/site-packages:/home/robotics/ros2_cobot/install/mycobot_280_rdkx5/lib/python3.10/site-packages:/home/robotics/ros2_cobot/install/mycobot_280_moveit2_control/lib/python3.10/site-packages:/home/robotics/ros2_cobot/install/mycobot_280_arduino/lib/python3.10/site-packages:/home/robotics/ros2_cobot/install/mycobot_280/lib/python3.10/site-packages:/home/robotics/ros2_cobot/install/mybuddy/lib/python3.10/site-packages:/home/robotics/ros2_cobot/install/myarm_300/lib/python3.10/site-packages:/home/robotics/ros2_cobot/install/mecharm_pi/lib/python3.10/site-packages:/home/robotics/ros2_cobot/install/mecharm/lib/python3.10/site-packages:/home/robotics/ros2_cobot/install/mecharm_interfaces/local/lib/python3.10/dist-packages:/opt/ros/humble/lib/python3.10/site-packages:/opt/ros/humble/local/lib/python3.10/dist-packages /usr/bin/python3 -W ignore:setup.py install is deprecated -W ignore:easy_install command is deprecated setup.py egg_info --egg-base ../../../../build/mycobot_600 build --build-base /home/robotics/ros2_cobot/build/mycobot_600/build install --record /home/robotics/ros2_cobot/build/mycobot_600/install.log --single-version-externally-managed install_data
[10.212s] Level 1:colcon.colcon_core.environment:checking '/home/robotics/ros2_cobot/install/mycobot_600/lib'
[10.212s] Level 1:colcon.colcon_core.environment:checking '/home/robotics/ros2_cobot/install/mycobot_600/bin'
[10.212s] Level 1:colcon.colcon_core.environment:checking '/home/robotics/ros2_cobot/install/mycobot_600/lib/pkgconfig/mycobot_600.pc'
[10.212s] Level 1:colcon.colcon_core.environment:checking '/home/robotics/ros2_cobot/install/mycobot_600/lib/python3.10/site-packages'
[10.212s] Level 1:colcon.colcon_core.shell:create_environment_hook('mycobot_600', 'pythonpath')
[10.212s] INFO:colcon.colcon_core.shell:Creating environment hook '/home/robotics/ros2_cobot/install/mycobot_600/share/mycobot_600/hook/pythonpath.ps1'
[10.212s] INFO:colcon.colcon_core.shell:Creating environment descriptor '/home/robotics/ros2_cobot/install/mycobot_600/share/mycobot_600/hook/pythonpath.dsv'
[10.212s] INFO:colcon.colcon_core.shell:Creating environment hook '/home/robotics/ros2_cobot/install/mycobot_600/share/mycobot_600/hook/pythonpath.sh'
[10.213s] Level 1:colcon.colcon_core.environment:checking '/home/robotics/ros2_cobot/install/mycobot_600/bin'
[10.213s] Level 1:colcon.colcon_core.environment:create_environment_scripts_only(mycobot_600)
[10.213s] INFO:colcon.colcon_core.shell:Creating package script '/home/robotics/ros2_cobot/install/mycobot_600/share/mycobot_600/package.ps1'
[10.214s] INFO:colcon.colcon_core.shell:Creating package descriptor '/home/robotics/ros2_cobot/install/mycobot_600/share/mycobot_600/package.dsv'
[10.214s] INFO:colcon.colcon_core.shell:Creating package script '/home/robotics/ros2_cobot/install/mycobot_600/share/mycobot_600/package.sh'
[10.215s] INFO:colcon.colcon_core.shell:Creating package script '/home/robotics/ros2_cobot/install/mycobot_600/share/mycobot_600/package.bash'
[10.215s] INFO:colcon.colcon_core.shell:Creating package script '/home/robotics/ros2_cobot/install/mycobot_600/share/mycobot_600/package.zsh'
[10.215s] Level 1:colcon.colcon_core.environment:create_file_with_runtime_dependencies(/home/robotics/ros2_cobot/install/mycobot_600/share/colcon-core/packages/mycobot_600)
[10.216s] Level 1:colcon.colcon_core.environment:checking '/home/robotics/ros2_cobot/install/mycobot_280_rdkx5' for CMake module files
[10.216s] Level 1:colcon.colcon_core.environment:checking '/home/robotics/ros2_cobot/install/mycobot_280_rdkx5' for CMake config files
[10.217s] DEBUG:colcon.colcon_core.event_handler.log_command:Invoked command in '/home/robotics/ros2_cobot/src/mycobot_ros2/mycobot_280/mycobot_280_rdkx5' returned '0': AMENT_PREFIX_PATH=/home/robotics/ros2_cobot/install/mycobot_communication:/home/robotics/ros2_cobot/install/mycobot_description:/home/robotics/ros2_cobot/install/ultraarm:/home/robotics/ros2_cobot/install/traj_scripts:/home/robotics/ros2_cobot/install/mypalletizer_communication:/home/robotics/ros2_cobot/install/mypalletizer_interfaces:/home/robotics/ros2_cobot/install/mypalletizer_260_pi:/home/robotics/ros2_cobot/install/mypalletizer_260:/home/robotics/ros2_cobot/install/myarm_m750:/home/robotics/ros2_cobot/install/myarm_c650:/home/robotics/ros2_cobot/install/mecharm_communication:/home/robotics/ros2_cobot/install/mycobot_interfaces:/home/robotics/ros2_cobot/install/mycobot_630:/home/robotics/ros2_cobot/install/mycobot_600:/home/robotics/ros2_cobot/install/mycobot_320pi:/home/robotics/ros2_cobot/install/mycobot_320_riscv:/home/robotics/ros2_cobot/install/mycobot_320:/home/robotics/ros2_cobot/install/mycobot_280rdkx5_moveit2:/home/robotics/ros2_cobot/install/mycobot_280pi:/home/robotics/ros2_cobot/install/mycobot_280jn:/home/robotics/ros2_cobot/install/mycobot_280arduino_moveit2:/home/robotics/ros2_cobot/install/mycobot_280_x3pi:/home/robotics/ros2_cobot/install/mycobot_280_riscv:/home/robotics/ros2_cobot/install/mycobot_280_rdkx5:/home/robotics/ros2_cobot/install/mycobot_280_moveit2_control:/home/robotics/ros2_cobot/install/mycobot_280_moveit2:/home/robotics/ros2_cobot/install/mycobot_280_arduino:/home/robotics/ros2_cobot/install/mycobot_280:/home/robotics/ros2_cobot/install/mybuddy:/home/robotics/ros2_cobot/install/myarm_300:/home/robotics/ros2_cobot/install/mecharm_pi:/home/robotics/ros2_cobot/install/mecharm:/home/robotics/ros2_cobot/install/mecharm_interfaces:/opt/ros/humble CMAKE_PREFIX_PATH=/home/robotics/ros2_cobot/install/mycobot_interfaces:/home/robotics/ros2_cobot/install/traj_scripts:/home/robotics/ros2_cobot/install/mypalletizer_interfaces:/home/robotics/ros2_cobot/install/mycobot_280rdkx5_moveit2:/home/robotics/ros2_cobot/install/mycobot_280arduino_moveit2:/home/robotics/ros2_cobot/install/mycobot_280_moveit2:/home/robotics/ros2_cobot/install/mecharm_interfaces LD_LIBRARY_PATH=/home/robotics/ros2_cobot/install/mycobot_interfaces/lib:/home/robotics/ros2_cobot/install/mypalletizer_interfaces/lib:/home/robotics/ros2_cobot/install/mecharm_interfaces/lib:/opt/ros/humble/opt/rviz_ogre_vendor/lib:/opt/ros/humble/lib/x86_64-linux-gnu:/opt/ros/humble/lib PYTHONPATH=/home/robotics/ros2_cobot/build/mycobot_280_rdkx5/prefix_override:/usr/lib/python3/dist-packages/colcon_core/task/python/colcon_distutils_commands:/home/robotics/ros2_cobot/install/mycobot_280_rdkx5/lib/python3.10/site-packages:/home/robotics/ros2_cobot/install/mycobot_communication/lib/python3.10/site-packages:/home/robotics/ros2_cobot/install/mycobot_description/lib/python3.10/site-packages:/home/robotics/ros2_cobot/install/ultraarm/lib/python3.10/site-packages:/home/robotics/ros2_cobot/install/traj_scripts/local/lib/python3.10/dist-packages:/home/robotics/ros2_cobot/install/mypalletizer_communication/lib/python3.10/site-packages:/home/robotics/ros2_cobot/install/mypalletizer_interfaces/local/lib/python3.10/dist-packages:/home/robotics/ros2_cobot/install/mypalletizer_260_pi/lib/python3.10/site-packages:/home/robotics/ros2_cobot/install/mypalletizer_260/lib/python3.10/site-packages:/home/robotics/ros2_cobot/install/myarm_m750/lib/python3.10/site-packages:/home/robotics/ros2_cobot/install/myarm_c650/lib/python3.10/site-packages:/home/robotics/ros2_cobot/install/mecharm_communication/lib/python3.10/site-packages:/home/robotics/ros2_cobot/install/mycobot_interfaces/local/lib/python3.10/dist-packages:/home/robotics/ros2_cobot/install/mycobot_630/lib/python3.10/site-packages:/home/robotics/ros2_cobot/install/mycobot_600/lib/python3.10/site-packages:/home/robotics/ros2_cobot/install/mycobot_320pi/lib/python3.10/site-packages:/home/robotics/ros2_cobot/install/mycobot_320_riscv/lib/python3.10/site-packages:/home/robotics/ros2_cobot/install/mycobot_320/lib/python3.10/site-packages:/home/robotics/ros2_cobot/install/mycobot_280pi/lib/python3.10/site-packages:/home/robotics/ros2_cobot/install/mycobot_280jn/lib/python3.10/site-packages:/home/robotics/ros2_cobot/install/mycobot_280_x3pi/lib/python3.10/site-packages:/home/robotics/ros2_cobot/install/mycobot_280_riscv/lib/python3.10/site-packages:/home/robotics/ros2_cobot/install/mycobot_280_rdkx5/lib/python3.10/site-packages:/home/robotics/ros2_cobot/install/mycobot_280_moveit2_control/lib/python3.10/site-packages:/home/robotics/ros2_cobot/install/mycobot_280_arduino/lib/python3.10/site-packages:/home/robotics/ros2_cobot/install/mycobot_280/lib/python3.10/site-packages:/home/robotics/ros2_cobot/install/mybuddy/lib/python3.10/site-packages:/home/robotics/ros2_cobot/install/myarm_300/lib/python3.10/site-packages:/home/robotics/ros2_cobot/install/mecharm_pi/lib/python3.10/site-packages:/home/robotics/ros2_cobot/install/mecharm/lib/python3.10/site-packages:/home/robotics/ros2_cobot/install/mecharm_interfaces/local/lib/python3.10/dist-packages:/opt/ros/humble/lib/python3.10/site-packages:/opt/ros/humble/local/lib/python3.10/dist-packages /usr/bin/python3 -W ignore:setup.py install is deprecated -W ignore:easy_install command is deprecated setup.py egg_info --egg-base ../../../../build/mycobot_280_rdkx5 build --build-base /home/robotics/ros2_cobot/build/mycobot_280_rdkx5/build install --record /home/robotics/ros2_cobot/build/mycobot_280_rdkx5/install.log --single-version-externally-managed install_data
[10.218s] Level 1:colcon.colcon_core.environment:checking '/home/robotics/ros2_cobot/install/mycobot_280_rdkx5/lib'
[10.218s] Level 1:colcon.colcon_core.environment:checking '/home/robotics/ros2_cobot/install/mycobot_280_rdkx5/bin'
[10.218s] Level 1:colcon.colcon_core.environment:checking '/home/robotics/ros2_cobot/install/mycobot_280_rdkx5/lib/pkgconfig/mycobot_280_rdkx5.pc'
[10.218s] Level 1:colcon.colcon_core.environment:checking '/home/robotics/ros2_cobot/install/mycobot_280_rdkx5/lib/python3.10/site-packages'
[10.218s] Level 1:colcon.colcon_core.shell:create_environment_hook('mycobot_280_rdkx5', 'pythonpath')
[10.218s] INFO:colcon.colcon_core.shell:Creating environment hook '/home/robotics/ros2_cobot/install/mycobot_280_rdkx5/share/mycobot_280_rdkx5/hook/pythonpath.ps1'
[10.218s] INFO:colcon.colcon_core.shell:Creating environment descriptor '/home/robotics/ros2_cobot/install/mycobot_280_rdkx5/share/mycobot_280_rdkx5/hook/pythonpath.dsv'
[10.218s] INFO:colcon.colcon_core.shell:Creating environment hook '/home/robotics/ros2_cobot/install/mycobot_280_rdkx5/share/mycobot_280_rdkx5/hook/pythonpath.sh'
[10.219s] Level 1:colcon.colcon_core.environment:checking '/home/robotics/ros2_cobot/install/mycobot_280_rdkx5/bin'
[10.219s] Level 1:colcon.colcon_core.environment:create_environment_scripts_only(mycobot_280_rdkx5)
[10.219s] INFO:colcon.colcon_core.shell:Creating package script '/home/robotics/ros2_cobot/install/mycobot_280_rdkx5/share/mycobot_280_rdkx5/package.ps1'
[10.219s] INFO:colcon.colcon_core.shell:Creating package descriptor '/home/robotics/ros2_cobot/install/mycobot_280_rdkx5/share/mycobot_280_rdkx5/package.dsv'
[10.220s] INFO:colcon.colcon_core.shell:Creating package script '/home/robotics/ros2_cobot/install/mycobot_280_rdkx5/share/mycobot_280_rdkx5/package.sh'
[10.220s] INFO:colcon.colcon_core.shell:Creating package script '/home/robotics/ros2_cobot/install/mycobot_280_rdkx5/share/mycobot_280_rdkx5/package.bash'
[10.220s] INFO:colcon.colcon_core.shell:Creating package script '/home/robotics/ros2_cobot/install/mycobot_280_rdkx5/share/mycobot_280_rdkx5/package.zsh'
[10.220s] Level 1:colcon.colcon_core.environment:create_file_with_runtime_dependencies(/home/robotics/ros2_cobot/install/mycobot_280_rdkx5/share/colcon-core/packages/mycobot_280_rdkx5)
[10.273s] Level 1:colcon.colcon_core.environment:checking '/home/robotics/ros2_cobot/install/myarm_m750' for CMake module files
[10.274s] DEBUG:colcon.colcon_core.event_handler.log_command:Invoked command in '/home/robotics/ros2_cobot/src/mycobot_ros2/myArm/myarm_m750' returned '0': AMENT_PREFIX_PATH=/home/robotics/ros2_cobot/install/mycobot_communication:/home/robotics/ros2_cobot/install/mycobot_description:/home/robotics/ros2_cobot/install/ultraarm:/home/robotics/ros2_cobot/install/traj_scripts:/home/robotics/ros2_cobot/install/mypalletizer_communication:/home/robotics/ros2_cobot/install/mypalletizer_interfaces:/home/robotics/ros2_cobot/install/mypalletizer_260_pi:/home/robotics/ros2_cobot/install/mypalletizer_260:/home/robotics/ros2_cobot/install/myarm_m750:/home/robotics/ros2_cobot/install/myarm_c650:/home/robotics/ros2_cobot/install/mecharm_communication:/home/robotics/ros2_cobot/install/mycobot_interfaces:/home/robotics/ros2_cobot/install/mycobot_630:/home/robotics/ros2_cobot/install/mycobot_600:/home/robotics/ros2_cobot/install/mycobot_320pi:/home/robotics/ros2_cobot/install/mycobot_320_riscv:/home/robotics/ros2_cobot/install/mycobot_320:/home/robotics/ros2_cobot/install/mycobot_280rdkx5_moveit2:/home/robotics/ros2_cobot/install/mycobot_280pi:/home/robotics/ros2_cobot/install/mycobot_280jn:/home/robotics/ros2_cobot/install/mycobot_280arduino_moveit2:/home/robotics/ros2_cobot/install/mycobot_280_x3pi:/home/robotics/ros2_cobot/install/mycobot_280_riscv:/home/robotics/ros2_cobot/install/mycobot_280_rdkx5:/home/robotics/ros2_cobot/install/mycobot_280_moveit2_control:/home/robotics/ros2_cobot/install/mycobot_280_moveit2:/home/robotics/ros2_cobot/install/mycobot_280_arduino:/home/robotics/ros2_cobot/install/mycobot_280:/home/robotics/ros2_cobot/install/mybuddy:/home/robotics/ros2_cobot/install/myarm_300:/home/robotics/ros2_cobot/install/mecharm_pi:/home/robotics/ros2_cobot/install/mecharm:/home/robotics/ros2_cobot/install/mecharm_interfaces:/opt/ros/humble CMAKE_PREFIX_PATH=/home/robotics/ros2_cobot/install/mycobot_interfaces:/home/robotics/ros2_cobot/install/traj_scripts:/home/robotics/ros2_cobot/install/mypalletizer_interfaces:/home/robotics/ros2_cobot/install/mycobot_280rdkx5_moveit2:/home/robotics/ros2_cobot/install/mycobot_280arduino_moveit2:/home/robotics/ros2_cobot/install/mycobot_280_moveit2:/home/robotics/ros2_cobot/install/mecharm_interfaces LD_LIBRARY_PATH=/home/robotics/ros2_cobot/install/mycobot_interfaces/lib:/home/robotics/ros2_cobot/install/mypalletizer_interfaces/lib:/home/robotics/ros2_cobot/install/mecharm_interfaces/lib:/opt/ros/humble/opt/rviz_ogre_vendor/lib:/opt/ros/humble/lib/x86_64-linux-gnu:/opt/ros/humble/lib PYTHONPATH=/home/robotics/ros2_cobot/build/myarm_m750/prefix_override:/usr/lib/python3/dist-packages/colcon_core/task/python/colcon_distutils_commands:/home/robotics/ros2_cobot/install/myarm_m750/lib/python3.10/site-packages:/home/robotics/ros2_cobot/install/mycobot_communication/lib/python3.10/site-packages:/home/robotics/ros2_cobot/install/mycobot_description/lib/python3.10/site-packages:/home/robotics/ros2_cobot/install/ultraarm/lib/python3.10/site-packages:/home/robotics/ros2_cobot/install/traj_scripts/local/lib/python3.10/dist-packages:/home/robotics/ros2_cobot/install/mypalletizer_communication/lib/python3.10/site-packages:/home/robotics/ros2_cobot/install/mypalletizer_interfaces/local/lib/python3.10/dist-packages:/home/robotics/ros2_cobot/install/mypalletizer_260_pi/lib/python3.10/site-packages:/home/robotics/ros2_cobot/install/mypalletizer_260/lib/python3.10/site-packages:/home/robotics/ros2_cobot/install/myarm_m750/lib/python3.10/site-packages:/home/robotics/ros2_cobot/install/myarm_c650/lib/python3.10/site-packages:/home/robotics/ros2_cobot/install/mecharm_communication/lib/python3.10/site-packages:/home/robotics/ros2_cobot/install/mycobot_interfaces/local/lib/python3.10/dist-packages:/home/robotics/ros2_cobot/install/mycobot_630/lib/python3.10/site-packages:/home/robotics/ros2_cobot/install/mycobot_600/lib/python3.10/site-packages:/home/robotics/ros2_cobot/install/mycobot_320pi/lib/python3.10/site-packages:/home/robotics/ros2_cobot/install/mycobot_320_riscv/lib/python3.10/site-packages:/home/robotics/ros2_cobot/install/mycobot_320/lib/python3.10/site-packages:/home/robotics/ros2_cobot/install/mycobot_280pi/lib/python3.10/site-packages:/home/robotics/ros2_cobot/install/mycobot_280jn/lib/python3.10/site-packages:/home/robotics/ros2_cobot/install/mycobot_280_x3pi/lib/python3.10/site-packages:/home/robotics/ros2_cobot/install/mycobot_280_riscv/lib/python3.10/site-packages:/home/robotics/ros2_cobot/install/mycobot_280_rdkx5/lib/python3.10/site-packages:/home/robotics/ros2_cobot/install/mycobot_280_moveit2_control/lib/python3.10/site-packages:/home/robotics/ros2_cobot/install/mycobot_280_arduino/lib/python3.10/site-packages:/home/robotics/ros2_cobot/install/mycobot_280/lib/python3.10/site-packages:/home/robotics/ros2_cobot/install/mybuddy/lib/python3.10/site-packages:/home/robotics/ros2_cobot/install/myarm_300/lib/python3.10/site-packages:/home/robotics/ros2_cobot/install/mecharm_pi/lib/python3.10/site-packages:/home/robotics/ros2_cobot/install/mecharm/lib/python3.10/site-packages:/home/robotics/ros2_cobot/install/mecharm_interfaces/local/lib/python3.10/dist-packages:/opt/ros/humble/lib/python3.10/site-packages:/opt/ros/humble/local/lib/python3.10/dist-packages /usr/bin/python3 -W ignore:setup.py install is deprecated -W ignore:easy_install command is deprecated setup.py egg_info --egg-base ../../../../build/myarm_m750 build --build-base /home/robotics/ros2_cobot/build/myarm_m750/build install --record /home/robotics/ros2_cobot/build/myarm_m750/install.log --single-version-externally-managed install_data
[10.274s] Level 1:colcon.colcon_core.environment:checking '/home/robotics/ros2_cobot/install/myarm_m750' for CMake config files
[10.276s] Level 1:colcon.colcon_core.environment:checking '/home/robotics/ros2_cobot/install/myarm_m750/lib'
[10.276s] Level 1:colcon.colcon_core.environment:checking '/home/robotics/ros2_cobot/install/myarm_m750/bin'
[10.276s] Level 1:colcon.colcon_core.environment:checking '/home/robotics/ros2_cobot/install/myarm_m750/lib/pkgconfig/myarm_m750.pc'
[10.277s] Level 1:colcon.colcon_core.environment:checking '/home/robotics/ros2_cobot/install/myarm_m750/lib/python3.10/site-packages'
[10.277s] Level 1:colcon.colcon_core.shell:create_environment_hook('myarm_m750', 'pythonpath')
[10.277s] INFO:colcon.colcon_core.shell:Creating environment hook '/home/robotics/ros2_cobot/install/myarm_m750/share/myarm_m750/hook/pythonpath.ps1'
[10.278s] INFO:colcon.colcon_core.shell:Creating environment descriptor '/home/robotics/ros2_cobot/install/myarm_m750/share/myarm_m750/hook/pythonpath.dsv'
[10.278s] INFO:colcon.colcon_core.shell:Creating environment hook '/home/robotics/ros2_cobot/install/myarm_m750/share/myarm_m750/hook/pythonpath.sh'
[10.279s] Level 1:colcon.colcon_core.environment:checking '/home/robotics/ros2_cobot/install/myarm_m750/bin'
[10.279s] Level 1:colcon.colcon_core.environment:create_environment_scripts_only(myarm_m750)
[10.280s] INFO:colcon.colcon_core.shell:Creating package script '/home/robotics/ros2_cobot/install/myarm_m750/share/myarm_m750/package.ps1'
[10.280s] INFO:colcon.colcon_core.shell:Creating package descriptor '/home/robotics/ros2_cobot/install/myarm_m750/share/myarm_m750/package.dsv'
[10.281s] INFO:colcon.colcon_core.shell:Creating package script '/home/robotics/ros2_cobot/install/myarm_m750/share/myarm_m750/package.sh'
[10.281s] INFO:colcon.colcon_core.shell:Creating package script '/home/robotics/ros2_cobot/install/myarm_m750/share/myarm_m750/package.bash'
[10.282s] INFO:colcon.colcon_core.shell:Creating package script '/home/robotics/ros2_cobot/install/myarm_m750/share/myarm_m750/package.zsh'
[10.282s] Level 1:colcon.colcon_core.environment:create_file_with_runtime_dependencies(/home/robotics/ros2_cobot/install/myarm_m750/share/colcon-core/packages/myarm_m750)
[10.284s] Level 1:colcon.colcon_core.environment:checking '/home/robotics/ros2_cobot/install/mycobot_630' for CMake module files
[10.285s] DEBUG:colcon.colcon_core.event_handler.log_command:Invoked command in '/home/robotics/ros2_cobot/src/mycobot_ros2/mycobot_pro/mycobot_630' returned '0': AMENT_PREFIX_PATH=/home/robotics/ros2_cobot/install/mycobot_description:/home/robotics/ros2_cobot/install/ultraarm:/home/robotics/ros2_cobot/install/traj_scripts:/home/robotics/ros2_cobot/install/mypalletizer_communication:/home/robotics/ros2_cobot/install/mypalletizer_interfaces:/home/robotics/ros2_cobot/install/mypalletizer_260_pi:/home/robotics/ros2_cobot/install/mypalletizer_260:/home/robotics/ros2_cobot/install/myarm_m750:/home/robotics/ros2_cobot/install/myarm_c650:/home/robotics/ros2_cobot/install/mycobot_communication:/home/robotics/ros2_cobot/install/mecharm_communication:/home/robotics/ros2_cobot/install/mycobot_interfaces:/home/robotics/ros2_cobot/install/mycobot_630:/home/robotics/ros2_cobot/install/mycobot_600:/home/robotics/ros2_cobot/install/mycobot_320pi:/home/robotics/ros2_cobot/install/mycobot_320_riscv:/home/robotics/ros2_cobot/install/mycobot_320:/home/robotics/ros2_cobot/install/mycobot_280rdkx5_moveit2:/home/robotics/ros2_cobot/install/mycobot_280pi:/home/robotics/ros2_cobot/install/mycobot_280jn:/home/robotics/ros2_cobot/install/mycobot_280arduino_moveit2:/home/robotics/ros2_cobot/install/mycobot_280_x3pi:/home/robotics/ros2_cobot/install/mycobot_280_riscv:/home/robotics/ros2_cobot/install/mycobot_280_rdkx5:/home/robotics/ros2_cobot/install/mycobot_280_moveit2_control:/home/robotics/ros2_cobot/install/mycobot_280_moveit2:/home/robotics/ros2_cobot/install/mycobot_280_arduino:/home/robotics/ros2_cobot/install/mycobot_280:/home/robotics/ros2_cobot/install/mybuddy:/home/robotics/ros2_cobot/install/myarm_300:/home/robotics/ros2_cobot/install/mecharm_pi:/home/robotics/ros2_cobot/install/mecharm:/home/robotics/ros2_cobot/install/mecharm_interfaces:/opt/ros/humble PYTHONPATH=/home/robotics/ros2_cobot/build/mycobot_630/prefix_override:/usr/lib/python3/dist-packages/colcon_core/task/python/colcon_distutils_commands:/home/robotics/ros2_cobot/install/mycobot_630/lib/python3.10/site-packages:/home/robotics/ros2_cobot/install/mycobot_description/lib/python3.10/site-packages:/home/robotics/ros2_cobot/install/ultraarm/lib/python3.10/site-packages:/home/robotics/ros2_cobot/install/traj_scripts/local/lib/python3.10/dist-packages:/home/robotics/ros2_cobot/install/mypalletizer_communication/lib/python3.10/site-packages:/home/robotics/ros2_cobot/install/mypalletizer_interfaces/local/lib/python3.10/dist-packages:/home/robotics/ros2_cobot/install/mypalletizer_260_pi/lib/python3.10/site-packages:/home/robotics/ros2_cobot/install/mypalletizer_260/lib/python3.10/site-packages:/home/robotics/ros2_cobot/install/myarm_m750/lib/python3.10/site-packages:/home/robotics/ros2_cobot/install/myarm_c650/lib/python3.10/site-packages:/home/robotics/ros2_cobot/install/mycobot_communication/lib/python3.10/site-packages:/home/robotics/ros2_cobot/install/mecharm_communication/lib/python3.10/site-packages:/home/robotics/ros2_cobot/install/mycobot_interfaces/local/lib/python3.10/dist-packages:/home/robotics/ros2_cobot/install/mycobot_630/lib/python3.10/site-packages:/home/robotics/ros2_cobot/install/mycobot_600/lib/python3.10/site-packages:/home/robotics/ros2_cobot/install/mycobot_320pi/lib/python3.10/site-packages:/home/robotics/ros2_cobot/install/mycobot_320_riscv/lib/python3.10/site-packages:/home/robotics/ros2_cobot/install/mycobot_320/lib/python3.10/site-packages:/home/robotics/ros2_cobot/install/mycobot_280pi/lib/python3.10/site-packages:/home/robotics/ros2_cobot/install/mycobot_280jn/lib/python3.10/site-packages:/home/robotics/ros2_cobot/install/mycobot_280_x3pi/lib/python3.10/site-packages:/home/robotics/ros2_cobot/install/mycobot_280_riscv/lib/python3.10/site-packages:/home/robotics/ros2_cobot/install/mycobot_280_rdkx5/lib/python3.10/site-packages:/home/robotics/ros2_cobot/install/mycobot_280_moveit2_control/lib/python3.10/site-packages:/home/robotics/ros2_cobot/install/mycobot_280_arduino/lib/python3.10/site-packages:/home/robotics/ros2_cobot/install/mycobot_280/lib/python3.10/site-packages:/home/robotics/ros2_cobot/install/mybuddy/lib/python3.10/site-packages:/home/robotics/ros2_cobot/install/myarm_300/lib/python3.10/site-packages:/home/robotics/ros2_cobot/install/mecharm_pi/lib/python3.10/site-packages:/home/robotics/ros2_cobot/install/mecharm/lib/python3.10/site-packages:/home/robotics/ros2_cobot/install/mecharm_interfaces/local/lib/python3.10/dist-packages:/opt/ros/humble/lib/python3.10/site-packages:/opt/ros/humble/local/lib/python3.10/dist-packages /usr/bin/python3 -W ignore:setup.py install is deprecated -W ignore:easy_install command is deprecated setup.py egg_info --egg-base ../../../../build/mycobot_630 build --build-base /home/robotics/ros2_cobot/build/mycobot_630/build install --record /home/robotics/ros2_cobot/build/mycobot_630/install.log --single-version-externally-managed install_data
[10.285s] Level 1:colcon.colcon_core.environment:checking '/home/robotics/ros2_cobot/install/mycobot_630' for CMake config files
[10.286s] Level 1:colcon.colcon_core.environment:checking '/home/robotics/ros2_cobot/install/mycobot_630/lib'
[10.286s] Level 1:colcon.colcon_core.environment:checking '/home/robotics/ros2_cobot/install/mycobot_630/bin'
[10.286s] Level 1:colcon.colcon_core.environment:checking '/home/robotics/ros2_cobot/install/mycobot_630/lib/pkgconfig/mycobot_630.pc'
[10.286s] Level 1:colcon.colcon_core.environment:checking '/home/robotics/ros2_cobot/install/mycobot_630/lib/python3.10/site-packages'
[10.287s] Level 1:colcon.colcon_core.shell:create_environment_hook('mycobot_630', 'pythonpath')
[10.287s] INFO:colcon.colcon_core.shell:Creating environment hook '/home/robotics/ros2_cobot/install/mycobot_630/share/mycobot_630/hook/pythonpath.ps1'
[10.287s] INFO:colcon.colcon_core.shell:Creating environment descriptor '/home/robotics/ros2_cobot/install/mycobot_630/share/mycobot_630/hook/pythonpath.dsv'
[10.288s] INFO:colcon.colcon_core.shell:Creating environment hook '/home/robotics/ros2_cobot/install/mycobot_630/share/mycobot_630/hook/pythonpath.sh'
[10.288s] Level 1:colcon.colcon_core.environment:checking '/home/robotics/ros2_cobot/install/mycobot_630/bin'
[10.289s] Level 1:colcon.colcon_core.environment:create_environment_scripts_only(mycobot_630)
[10.289s] INFO:colcon.colcon_core.shell:Creating package script '/home/robotics/ros2_cobot/install/mycobot_630/share/mycobot_630/package.ps1'
[10.290s] INFO:colcon.colcon_core.shell:Creating package descriptor '/home/robotics/ros2_cobot/install/mycobot_630/share/mycobot_630/package.dsv'
[10.290s] INFO:colcon.colcon_core.shell:Creating package script '/home/robotics/ros2_cobot/install/mycobot_630/share/mycobot_630/package.sh'
[10.291s] INFO:colcon.colcon_core.shell:Creating package script '/home/robotics/ros2_cobot/install/mycobot_630/share/mycobot_630/package.bash'
[10.291s] INFO:colcon.colcon_core.shell:Creating package script '/home/robotics/ros2_cobot/install/mycobot_630/share/mycobot_630/package.zsh'
[10.292s] Level 1:colcon.colcon_core.environment:create_file_with_runtime_dependencies(/home/robotics/ros2_cobot/install/mycobot_630/share/colcon-core/packages/mycobot_630)
[10.293s] DEBUG:colcon.colcon_parallel_executor.executor.parallel:closing loop
[10.293s] DEBUG:colcon.colcon_parallel_executor.executor.parallel:loop closed
[10.294s] DEBUG:colcon.colcon_parallel_executor.executor.parallel:run_until_complete finished with '0'
[10.294s] DEBUG:colcon.colcon_core.event_reactor:joining thread
[10.303s] INFO:colcon.colcon_core.plugin_system:Skipping extension 'colcon_notification.desktop_notification.terminal_notifier': Not used on non-Darwin systems
[10.303s] INFO:colcon.colcon_core.plugin_system:Skipping extension 'colcon_notification.desktop_notification.win32': Not used on non-Windows systems
[10.303s] INFO:colcon.colcon_notification.desktop_notification:Sending desktop notification using 'notify2'
[10.317s] DEBUG:colcon.colcon_core.event_reactor:joined thread
[10.317s] INFO:colcon.colcon_core.shell:Creating prefix script '/home/robotics/ros2_cobot/install/local_setup.ps1'
[10.319s] INFO:colcon.colcon_core.shell:Creating prefix util module '/home/robotics/ros2_cobot/install/_local_setup_util_ps1.py'
[10.320s] INFO:colcon.colcon_core.shell:Creating prefix chain script '/home/robotics/ros2_cobot/install/setup.ps1'
[10.323s] INFO:colcon.colcon_core.shell:Creating prefix script '/home/robotics/ros2_cobot/install/local_setup.sh'
[10.324s] INFO:colcon.colcon_core.shell:Creating prefix util module '/home/robotics/ros2_cobot/install/_local_setup_util_sh.py'
[10.324s] INFO:colcon.colcon_core.shell:Creating prefix chain script '/home/robotics/ros2_cobot/install/setup.sh'
[10.328s] INFO:colcon.colcon_core.shell:Creating prefix script '/home/robotics/ros2_cobot/install/local_setup.bash'
[10.329s] INFO:colcon.colcon_core.shell:Creating prefix chain script '/home/robotics/ros2_cobot/install/setup.bash'
[10.332s] INFO:colcon.colcon_core.shell:Creating prefix script '/home/robotics/ros2_cobot/install/local_setup.zsh'
[10.332s] INFO:colcon.colcon_core.shell:Creating prefix chain script '/home/robotics/ros2_cobot/install/setup.zsh'
