[0.066s] DEBUG:colcon:Command line arguments: ['/usr/bin/colcon', 'build']
[0.067s] DEBUG:colcon:Parsed command line arguments: Namespace(log_base=None, log_level=None, verb_name='build', build_base='build', install_base='install', merge_install=False, symlink_install=False, test_result_base=None, continue_on_error=False, executor='parallel', parallel_workers=16, event_handlers=None, ignore_user_meta=False, metas=['./colcon.meta'], base_paths=['.'], packages_ignore=None, packages_ignore_regex=None, paths=None, packages_up_to=None, packages_up_to_regex=None, packages_above=None, packages_above_and_dependencies=None, packages_above_depth=None, packages_select_by_dep=None, packages_skip_by_dep=None, packages_skip_up_to=None, packages_select_build_failed=False, packages_skip_build_finished=False, packages_select_test_failures=False, packages_skip_test_passed=False, packages_select=None, packages_skip=None, packages_select_regex=None, packages_skip_regex=None, packages_start=None, packages_end=None, allow_overriding=[], cmake_args=None, cmake_target=None, cmake_target_skip_unavailable=False, cmake_clean_cache=False, cmake_clean_first=False, cmake_force_configure=False, ament_cmake_args=None, catkin_cmake_args=None, catkin_skip_building_tests=False, mixin_files=None, mixin=None, verb_parser=<colcon_mixin.mixin.mixin_argument.MixinArgumentDecorator object at 0x7e9e5319b790>, verb_extension=<colcon_core.verb.build.BuildVerb object at 0x7e9e532e4d90>, main=<bound method BuildVerb.main of <colcon_core.verb.build.BuildVerb object at 0x7e9e532e4d90>>, mixin_verb=('build',))
[0.173s] Level 1:colcon.colcon_core.package_discovery:discover_packages(colcon_meta) check parameters
[0.174s] Level 1:colcon.colcon_core.package_discovery:discover_packages(recursive) check parameters
[0.174s] Level 1:colcon.colcon_core.package_discovery:discover_packages(ignore) check parameters
[0.174s] Level 1:colcon.colcon_core.package_discovery:discover_packages(path) check parameters
[0.174s] Level 1:colcon.colcon_core.package_discovery:discover_packages(colcon_meta) discover
[0.174s] Level 1:colcon.colcon_core.package_discovery:discover_packages(recursive) discover
[0.174s] INFO:colcon.colcon_core.package_discovery:Crawling recursively for packages in '/home/robotics/ros2_cobot'
[0.174s] Level 1:colcon.colcon_core.package_identification:_identify(.) by extensions ['ignore', 'ignore_ament_install']
[0.174s] Level 1:colcon.colcon_core.package_identification:_identify(.) by extension 'ignore'
[0.174s] Level 1:colcon.colcon_core.package_identification:_identify(.) by extension 'ignore_ament_install'
[0.174s] Level 1:colcon.colcon_core.package_identification:_identify(.) by extensions ['colcon_pkg']
[0.174s] Level 1:colcon.colcon_core.package_identification:_identify(.) by extension 'colcon_pkg'
[0.174s] Level 1:colcon.colcon_core.package_identification:_identify(.) by extensions ['colcon_meta']
[0.174s] Level 1:colcon.colcon_core.package_identification:_identify(.) by extension 'colcon_meta'
[0.174s] Level 1:colcon.colcon_core.package_identification:_identify(.) by extensions ['ros']
[0.174s] Level 1:colcon.colcon_core.package_identification:_identify(.) by extension 'ros'
[0.186s] Level 1:colcon.colcon_core.package_identification:_identify(.) by extensions ['cmake', 'python']
[0.186s] Level 1:colcon.colcon_core.package_identification:_identify(.) by extension 'cmake'
[0.186s] Level 1:colcon.colcon_core.package_identification:_identify(.) by extension 'python'
[0.186s] Level 1:colcon.colcon_core.package_identification:_identify(.) by extensions ['python_setup_py']
[0.186s] Level 1:colcon.colcon_core.package_identification:_identify(.) by extension 'python_setup_py'
[0.186s] Level 1:colcon.colcon_core.package_identification:_identify(build) by extensions ['ignore', 'ignore_ament_install']
[0.186s] Level 1:colcon.colcon_core.package_identification:_identify(build) by extension 'ignore'
[0.186s] Level 1:colcon.colcon_core.package_identification:_identify(build) ignored
[0.186s] Level 1:colcon.colcon_core.package_identification:_identify(install) by extensions ['ignore', 'ignore_ament_install']
[0.186s] Level 1:colcon.colcon_core.package_identification:_identify(install) by extension 'ignore'
[0.186s] Level 1:colcon.colcon_core.package_identification:_identify(install) ignored
[0.186s] Level 1:colcon.colcon_core.package_identification:_identify(log) by extensions ['ignore', 'ignore_ament_install']
[0.186s] Level 1:colcon.colcon_core.package_identification:_identify(log) by extension 'ignore'
[0.186s] Level 1:colcon.colcon_core.package_identification:_identify(log) ignored
[0.186s] Level 1:colcon.colcon_core.package_identification:_identify(src) by extensions ['ignore', 'ignore_ament_install']
[0.186s] Level 1:colcon.colcon_core.package_identification:_identify(src) by extension 'ignore'
[0.186s] Level 1:colcon.colcon_core.package_identification:_identify(src) by extension 'ignore_ament_install'
[0.186s] Level 1:colcon.colcon_core.package_identification:_identify(src) by extensions ['colcon_pkg']
[0.186s] Level 1:colcon.colcon_core.package_identification:_identify(src) by extension 'colcon_pkg'
[0.186s] Level 1:colcon.colcon_core.package_identification:_identify(src) by extensions ['colcon_meta']
[0.186s] Level 1:colcon.colcon_core.package_identification:_identify(src) by extension 'colcon_meta'
[0.186s] Level 1:colcon.colcon_core.package_identification:_identify(src) by extensions ['ros']
[0.186s] Level 1:colcon.colcon_core.package_identification:_identify(src) by extension 'ros'
[0.187s] Level 1:colcon.colcon_core.package_identification:_identify(src) by extensions ['cmake', 'python']
[0.187s] Level 1:colcon.colcon_core.package_identification:_identify(src) by extension 'cmake'
[0.187s] Level 1:colcon.colcon_core.package_identification:_identify(src) by extension 'python'
[0.187s] Level 1:colcon.colcon_core.package_identification:_identify(src) by extensions ['python_setup_py']
[0.187s] Level 1:colcon.colcon_core.package_identification:_identify(src) by extension 'python_setup_py'
[0.187s] Level 1:colcon.colcon_core.package_identification:_identify(src/mycobot_ros2) by extensions ['ignore', 'ignore_ament_install']
[0.187s] Level 1:colcon.colcon_core.package_identification:_identify(src/mycobot_ros2) by extension 'ignore'
[0.187s] Level 1:colcon.colcon_core.package_identification:_identify(src/mycobot_ros2) by extension 'ignore_ament_install'
[0.187s] Level 1:colcon.colcon_core.package_identification:_identify(src/mycobot_ros2) by extensions ['colcon_pkg']
[0.187s] Level 1:colcon.colcon_core.package_identification:_identify(src/mycobot_ros2) by extension 'colcon_pkg'
[0.187s] Level 1:colcon.colcon_core.package_identification:_identify(src/mycobot_ros2) by extensions ['colcon_meta']
[0.187s] Level 1:colcon.colcon_core.package_identification:_identify(src/mycobot_ros2) by extension 'colcon_meta'
[0.187s] Level 1:colcon.colcon_core.package_identification:_identify(src/mycobot_ros2) by extensions ['ros']
[0.187s] Level 1:colcon.colcon_core.package_identification:_identify(src/mycobot_ros2) by extension 'ros'
[0.187s] Level 1:colcon.colcon_core.package_identification:_identify(src/mycobot_ros2) by extensions ['cmake', 'python']
[0.187s] Level 1:colcon.colcon_core.package_identification:_identify(src/mycobot_ros2) by extension 'cmake'
[0.187s] Level 1:colcon.colcon_core.package_identification:_identify(src/mycobot_ros2) by extension 'python'
[0.187s] Level 1:colcon.colcon_core.package_identification:_identify(src/mycobot_ros2) by extensions ['python_setup_py']
[0.187s] Level 1:colcon.colcon_core.package_identification:_identify(src/mycobot_ros2) by extension 'python_setup_py'
[0.187s] Level 1:colcon.colcon_core.package_identification:_identify(src/mycobot_ros2/Mybuddy) by extensions ['ignore', 'ignore_ament_install']
[0.187s] Level 1:colcon.colcon_core.package_identification:_identify(src/mycobot_ros2/Mybuddy) by extension 'ignore'
[0.187s] Level 1:colcon.colcon_core.package_identification:_identify(src/mycobot_ros2/Mybuddy) by extension 'ignore_ament_install'
[0.187s] Level 1:colcon.colcon_core.package_identification:_identify(src/mycobot_ros2/Mybuddy) by extensions ['colcon_pkg']
[0.187s] Level 1:colcon.colcon_core.package_identification:_identify(src/mycobot_ros2/Mybuddy) by extension 'colcon_pkg'
[0.187s] Level 1:colcon.colcon_core.package_identification:_identify(src/mycobot_ros2/Mybuddy) by extensions ['colcon_meta']
[0.187s] Level 1:colcon.colcon_core.package_identification:_identify(src/mycobot_ros2/Mybuddy) by extension 'colcon_meta'
[0.187s] Level 1:colcon.colcon_core.package_identification:_identify(src/mycobot_ros2/Mybuddy) by extensions ['ros']
[0.187s] Level 1:colcon.colcon_core.package_identification:_identify(src/mycobot_ros2/Mybuddy) by extension 'ros'
[0.187s] Level 1:colcon.colcon_core.package_identification:_identify(src/mycobot_ros2/Mybuddy) by extensions ['cmake', 'python']
[0.187s] Level 1:colcon.colcon_core.package_identification:_identify(src/mycobot_ros2/Mybuddy) by extension 'cmake'
[0.187s] Level 1:colcon.colcon_core.package_identification:_identify(src/mycobot_ros2/Mybuddy) by extension 'python'
[0.187s] Level 1:colcon.colcon_core.package_identification:_identify(src/mycobot_ros2/Mybuddy) by extensions ['python_setup_py']
[0.187s] Level 1:colcon.colcon_core.package_identification:_identify(src/mycobot_ros2/Mybuddy) by extension 'python_setup_py'
[0.187s] Level 1:colcon.colcon_core.package_identification:_identify(src/mycobot_ros2/Mybuddy/mybuddy) by extensions ['ignore', 'ignore_ament_install']
[0.187s] Level 1:colcon.colcon_core.package_identification:_identify(src/mycobot_ros2/Mybuddy/mybuddy) by extension 'ignore'
[0.187s] Level 1:colcon.colcon_core.package_identification:_identify(src/mycobot_ros2/Mybuddy/mybuddy) by extension 'ignore_ament_install'
[0.187s] Level 1:colcon.colcon_core.package_identification:_identify(src/mycobot_ros2/Mybuddy/mybuddy) by extensions ['colcon_pkg']
[0.187s] Level 1:colcon.colcon_core.package_identification:_identify(src/mycobot_ros2/Mybuddy/mybuddy) by extension 'colcon_pkg'
[0.187s] Level 1:colcon.colcon_core.package_identification:_identify(src/mycobot_ros2/Mybuddy/mybuddy) by extensions ['colcon_meta']
[0.187s] Level 1:colcon.colcon_core.package_identification:_identify(src/mycobot_ros2/Mybuddy/mybuddy) by extension 'colcon_meta'
[0.187s] Level 1:colcon.colcon_core.package_identification:_identify(src/mycobot_ros2/Mybuddy/mybuddy) by extensions ['ros']
[0.187s] Level 1:colcon.colcon_core.package_identification:_identify(src/mycobot_ros2/Mybuddy/mybuddy) by extension 'ros'
[0.189s] DEBUG:colcon.colcon_core.package_identification:Package 'src/mycobot_ros2/Mybuddy/mybuddy' with type 'ros.ament_python' and name 'mybuddy'
[0.189s] Level 1:colcon.colcon_core.package_identification:_identify(src/mycobot_ros2/demo_img) by extensions ['ignore', 'ignore_ament_install']
[0.189s] Level 1:colcon.colcon_core.package_identification:_identify(src/mycobot_ros2/demo_img) by extension 'ignore'
[0.189s] Level 1:colcon.colcon_core.package_identification:_identify(src/mycobot_ros2/demo_img) by extension 'ignore_ament_install'
[0.189s] Level 1:colcon.colcon_core.package_identification:_identify(src/mycobot_ros2/demo_img) by extensions ['colcon_pkg']
[0.189s] Level 1:colcon.colcon_core.package_identification:_identify(src/mycobot_ros2/demo_img) by extension 'colcon_pkg'
[0.189s] Level 1:colcon.colcon_core.package_identification:_identify(src/mycobot_ros2/demo_img) by extensions ['colcon_meta']
[0.189s] Level 1:colcon.colcon_core.package_identification:_identify(src/mycobot_ros2/demo_img) by extension 'colcon_meta'
[0.189s] Level 1:colcon.colcon_core.package_identification:_identify(src/mycobot_ros2/demo_img) by extensions ['ros']
[0.189s] Level 1:colcon.colcon_core.package_identification:_identify(src/mycobot_ros2/demo_img) by extension 'ros'
[0.189s] Level 1:colcon.colcon_core.package_identification:_identify(src/mycobot_ros2/demo_img) by extensions ['cmake', 'python']
[0.189s] Level 1:colcon.colcon_core.package_identification:_identify(src/mycobot_ros2/demo_img) by extension 'cmake'
[0.189s] Level 1:colcon.colcon_core.package_identification:_identify(src/mycobot_ros2/demo_img) by extension 'python'
[0.189s] Level 1:colcon.colcon_core.package_identification:_identify(src/mycobot_ros2/demo_img) by extensions ['python_setup_py']
[0.189s] Level 1:colcon.colcon_core.package_identification:_identify(src/mycobot_ros2/demo_img) by extension 'python_setup_py'
[0.189s] Level 1:colcon.colcon_core.package_identification:_identify(src/mycobot_ros2/demo_img/260m5) by extensions ['ignore', 'ignore_ament_install']
[0.189s] Level 1:colcon.colcon_core.package_identification:_identify(src/mycobot_ros2/demo_img/260m5) by extension 'ignore'
[0.189s] Level 1:colcon.colcon_core.package_identification:_identify(src/mycobot_ros2/demo_img/260m5) by extension 'ignore_ament_install'
[0.189s] Level 1:colcon.colcon_core.package_identification:_identify(src/mycobot_ros2/demo_img/260m5) by extensions ['colcon_pkg']
[0.189s] Level 1:colcon.colcon_core.package_identification:_identify(src/mycobot_ros2/demo_img/260m5) by extension 'colcon_pkg'
[0.189s] Level 1:colcon.colcon_core.package_identification:_identify(src/mycobot_ros2/demo_img/260m5) by extensions ['colcon_meta']
[0.189s] Level 1:colcon.colcon_core.package_identification:_identify(src/mycobot_ros2/demo_img/260m5) by extension 'colcon_meta'
[0.189s] Level 1:colcon.colcon_core.package_identification:_identify(src/mycobot_ros2/demo_img/260m5) by extensions ['ros']
[0.189s] Level 1:colcon.colcon_core.package_identification:_identify(src/mycobot_ros2/demo_img/260m5) by extension 'ros'
[0.189s] Level 1:colcon.colcon_core.package_identification:_identify(src/mycobot_ros2/demo_img/260m5) by extensions ['cmake', 'python']
[0.189s] Level 1:colcon.colcon_core.package_identification:_identify(src/mycobot_ros2/demo_img/260m5) by extension 'cmake'
[0.189s] Level 1:colcon.colcon_core.package_identification:_identify(src/mycobot_ros2/demo_img/260m5) by extension 'python'
[0.189s] Level 1:colcon.colcon_core.package_identification:_identify(src/mycobot_ros2/demo_img/260m5) by extensions ['python_setup_py']
[0.189s] Level 1:colcon.colcon_core.package_identification:_identify(src/mycobot_ros2/demo_img/260m5) by extension 'python_setup_py'
[0.189s] Level 1:colcon.colcon_core.package_identification:_identify(src/mycobot_ros2/demo_img/260pi) by extensions ['ignore', 'ignore_ament_install']
[0.189s] Level 1:colcon.colcon_core.package_identification:_identify(src/mycobot_ros2/demo_img/260pi) by extension 'ignore'
[0.189s] Level 1:colcon.colcon_core.package_identification:_identify(src/mycobot_ros2/demo_img/260pi) by extension 'ignore_ament_install'
[0.189s] Level 1:colcon.colcon_core.package_identification:_identify(src/mycobot_ros2/demo_img/260pi) by extensions ['colcon_pkg']
[0.189s] Level 1:colcon.colcon_core.package_identification:_identify(src/mycobot_ros2/demo_img/260pi) by extension 'colcon_pkg'
[0.189s] Level 1:colcon.colcon_core.package_identification:_identify(src/mycobot_ros2/demo_img/260pi) by extensions ['colcon_meta']
[0.189s] Level 1:colcon.colcon_core.package_identification:_identify(src/mycobot_ros2/demo_img/260pi) by extension 'colcon_meta'
[0.189s] Level 1:colcon.colcon_core.package_identification:_identify(src/mycobot_ros2/demo_img/260pi) by extensions ['ros']
[0.189s] Level 1:colcon.colcon_core.package_identification:_identify(src/mycobot_ros2/demo_img/260pi) by extension 'ros'
[0.189s] Level 1:colcon.colcon_core.package_identification:_identify(src/mycobot_ros2/demo_img/260pi) by extensions ['cmake', 'python']
[0.190s] Level 1:colcon.colcon_core.package_identification:_identify(src/mycobot_ros2/demo_img/260pi) by extension 'cmake'
[0.190s] Level 1:colcon.colcon_core.package_identification:_identify(src/mycobot_ros2/demo_img/260pi) by extension 'python'
[0.190s] Level 1:colcon.colcon_core.package_identification:_identify(src/mycobot_ros2/demo_img/260pi) by extensions ['python_setup_py']
[0.190s] Level 1:colcon.colcon_core.package_identification:_identify(src/mycobot_ros2/demo_img/260pi) by extension 'python_setup_py'
[0.190s] Level 1:colcon.colcon_core.package_identification:_identify(src/mycobot_ros2/demo_img/270m5) by extensions ['ignore', 'ignore_ament_install']
[0.190s] Level 1:colcon.colcon_core.package_identification:_identify(src/mycobot_ros2/demo_img/270m5) by extension 'ignore'
[0.190s] Level 1:colcon.colcon_core.package_identification:_identify(src/mycobot_ros2/demo_img/270m5) by extension 'ignore_ament_install'
[0.190s] Level 1:colcon.colcon_core.package_identification:_identify(src/mycobot_ros2/demo_img/270m5) by extensions ['colcon_pkg']
[0.190s] Level 1:colcon.colcon_core.package_identification:_identify(src/mycobot_ros2/demo_img/270m5) by extension 'colcon_pkg'
[0.190s] Level 1:colcon.colcon_core.package_identification:_identify(src/mycobot_ros2/demo_img/270m5) by extensions ['colcon_meta']
[0.190s] Level 1:colcon.colcon_core.package_identification:_identify(src/mycobot_ros2/demo_img/270m5) by extension 'colcon_meta'
[0.190s] Level 1:colcon.colcon_core.package_identification:_identify(src/mycobot_ros2/demo_img/270m5) by extensions ['ros']
[0.190s] Level 1:colcon.colcon_core.package_identification:_identify(src/mycobot_ros2/demo_img/270m5) by extension 'ros'
[0.190s] Level 1:colcon.colcon_core.package_identification:_identify(src/mycobot_ros2/demo_img/270m5) by extensions ['cmake', 'python']
[0.190s] Level 1:colcon.colcon_core.package_identification:_identify(src/mycobot_ros2/demo_img/270m5) by extension 'cmake'
[0.190s] Level 1:colcon.colcon_core.package_identification:_identify(src/mycobot_ros2/demo_img/270m5) by extension 'python'
[0.190s] Level 1:colcon.colcon_core.package_identification:_identify(src/mycobot_ros2/demo_img/270m5) by extensions ['python_setup_py']
[0.190s] Level 1:colcon.colcon_core.package_identification:_identify(src/mycobot_ros2/demo_img/270m5) by extension 'python_setup_py'
[0.190s] Level 1:colcon.colcon_core.package_identification:_identify(src/mycobot_ros2/demo_img/270pi) by extensions ['ignore', 'ignore_ament_install']
[0.190s] Level 1:colcon.colcon_core.package_identification:_identify(src/mycobot_ros2/demo_img/270pi) by extension 'ignore'
[0.190s] Level 1:colcon.colcon_core.package_identification:_identify(src/mycobot_ros2/demo_img/270pi) by extension 'ignore_ament_install'
[0.190s] Level 1:colcon.colcon_core.package_identification:_identify(src/mycobot_ros2/demo_img/270pi) by extensions ['colcon_pkg']
[0.190s] Level 1:colcon.colcon_core.package_identification:_identify(src/mycobot_ros2/demo_img/270pi) by extension 'colcon_pkg'
[0.190s] Level 1:colcon.colcon_core.package_identification:_identify(src/mycobot_ros2/demo_img/270pi) by extensions ['colcon_meta']
[0.190s] Level 1:colcon.colcon_core.package_identification:_identify(src/mycobot_ros2/demo_img/270pi) by extension 'colcon_meta'
[0.190s] Level 1:colcon.colcon_core.package_identification:_identify(src/mycobot_ros2/demo_img/270pi) by extensions ['ros']
[0.190s] Level 1:colcon.colcon_core.package_identification:_identify(src/mycobot_ros2/demo_img/270pi) by extension 'ros'
[0.190s] Level 1:colcon.colcon_core.package_identification:_identify(src/mycobot_ros2/demo_img/270pi) by extensions ['cmake', 'python']
[0.190s] Level 1:colcon.colcon_core.package_identification:_identify(src/mycobot_ros2/demo_img/270pi) by extension 'cmake'
[0.190s] Level 1:colcon.colcon_core.package_identification:_identify(src/mycobot_ros2/demo_img/270pi) by extension 'python'
[0.190s] Level 1:colcon.colcon_core.package_identification:_identify(src/mycobot_ros2/demo_img/270pi) by extensions ['python_setup_py']
[0.190s] Level 1:colcon.colcon_core.package_identification:_identify(src/mycobot_ros2/demo_img/270pi) by extension 'python_setup_py'
[0.190s] Level 1:colcon.colcon_core.package_identification:_identify(src/mycobot_ros2/demo_img/280ar) by extensions ['ignore', 'ignore_ament_install']
[0.190s] Level 1:colcon.colcon_core.package_identification:_identify(src/mycobot_ros2/demo_img/280ar) by extension 'ignore'
[0.190s] Level 1:colcon.colcon_core.package_identification:_identify(src/mycobot_ros2/demo_img/280ar) by extension 'ignore_ament_install'
[0.190s] Level 1:colcon.colcon_core.package_identification:_identify(src/mycobot_ros2/demo_img/280ar) by extensions ['colcon_pkg']
[0.190s] Level 1:colcon.colcon_core.package_identification:_identify(src/mycobot_ros2/demo_img/280ar) by extension 'colcon_pkg'
[0.190s] Level 1:colcon.colcon_core.package_identification:_identify(src/mycobot_ros2/demo_img/280ar) by extensions ['colcon_meta']
[0.190s] Level 1:colcon.colcon_core.package_identification:_identify(src/mycobot_ros2/demo_img/280ar) by extension 'colcon_meta'
[0.190s] Level 1:colcon.colcon_core.package_identification:_identify(src/mycobot_ros2/demo_img/280ar) by extensions ['ros']
[0.190s] Level 1:colcon.colcon_core.package_identification:_identify(src/mycobot_ros2/demo_img/280ar) by extension 'ros'
[0.190s] Level 1:colcon.colcon_core.package_identification:_identify(src/mycobot_ros2/demo_img/280ar) by extensions ['cmake', 'python']
[0.190s] Level 1:colcon.colcon_core.package_identification:_identify(src/mycobot_ros2/demo_img/280ar) by extension 'cmake'
[0.190s] Level 1:colcon.colcon_core.package_identification:_identify(src/mycobot_ros2/demo_img/280ar) by extension 'python'
[0.190s] Level 1:colcon.colcon_core.package_identification:_identify(src/mycobot_ros2/demo_img/280ar) by extensions ['python_setup_py']
[0.190s] Level 1:colcon.colcon_core.package_identification:_identify(src/mycobot_ros2/demo_img/280ar) by extension 'python_setup_py'
[0.190s] Level 1:colcon.colcon_core.package_identification:_identify(src/mycobot_ros2/demo_img/280jn) by extensions ['ignore', 'ignore_ament_install']
[0.190s] Level 1:colcon.colcon_core.package_identification:_identify(src/mycobot_ros2/demo_img/280jn) by extension 'ignore'
[0.190s] Level 1:colcon.colcon_core.package_identification:_identify(src/mycobot_ros2/demo_img/280jn) by extension 'ignore_ament_install'
[0.190s] Level 1:colcon.colcon_core.package_identification:_identify(src/mycobot_ros2/demo_img/280jn) by extensions ['colcon_pkg']
[0.190s] Level 1:colcon.colcon_core.package_identification:_identify(src/mycobot_ros2/demo_img/280jn) by extension 'colcon_pkg'
[0.190s] Level 1:colcon.colcon_core.package_identification:_identify(src/mycobot_ros2/demo_img/280jn) by extensions ['colcon_meta']
[0.190s] Level 1:colcon.colcon_core.package_identification:_identify(src/mycobot_ros2/demo_img/280jn) by extension 'colcon_meta'
[0.190s] Level 1:colcon.colcon_core.package_identification:_identify(src/mycobot_ros2/demo_img/280jn) by extensions ['ros']
[0.191s] Level 1:colcon.colcon_core.package_identification:_identify(src/mycobot_ros2/demo_img/280jn) by extension 'ros'
[0.191s] Level 1:colcon.colcon_core.package_identification:_identify(src/mycobot_ros2/demo_img/280jn) by extensions ['cmake', 'python']
[0.191s] Level 1:colcon.colcon_core.package_identification:_identify(src/mycobot_ros2/demo_img/280jn) by extension 'cmake'
[0.191s] Level 1:colcon.colcon_core.package_identification:_identify(src/mycobot_ros2/demo_img/280jn) by extension 'python'
[0.191s] Level 1:colcon.colcon_core.package_identification:_identify(src/mycobot_ros2/demo_img/280jn) by extensions ['python_setup_py']
[0.191s] Level 1:colcon.colcon_core.package_identification:_identify(src/mycobot_ros2/demo_img/280jn) by extension 'python_setup_py'
[0.191s] Level 1:colcon.colcon_core.package_identification:_identify(src/mycobot_ros2/demo_img/280m5) by extensions ['ignore', 'ignore_ament_install']
[0.191s] Level 1:colcon.colcon_core.package_identification:_identify(src/mycobot_ros2/demo_img/280m5) by extension 'ignore'
[0.191s] Level 1:colcon.colcon_core.package_identification:_identify(src/mycobot_ros2/demo_img/280m5) by extension 'ignore_ament_install'
[0.191s] Level 1:colcon.colcon_core.package_identification:_identify(src/mycobot_ros2/demo_img/280m5) by extensions ['colcon_pkg']
[0.191s] Level 1:colcon.colcon_core.package_identification:_identify(src/mycobot_ros2/demo_img/280m5) by extension 'colcon_pkg'
[0.191s] Level 1:colcon.colcon_core.package_identification:_identify(src/mycobot_ros2/demo_img/280m5) by extensions ['colcon_meta']
[0.191s] Level 1:colcon.colcon_core.package_identification:_identify(src/mycobot_ros2/demo_img/280m5) by extension 'colcon_meta'
[0.191s] Level 1:colcon.colcon_core.package_identification:_identify(src/mycobot_ros2/demo_img/280m5) by extensions ['ros']
[0.191s] Level 1:colcon.colcon_core.package_identification:_identify(src/mycobot_ros2/demo_img/280m5) by extension 'ros'
[0.191s] Level 1:colcon.colcon_core.package_identification:_identify(src/mycobot_ros2/demo_img/280m5) by extensions ['cmake', 'python']
[0.191s] Level 1:colcon.colcon_core.package_identification:_identify(src/mycobot_ros2/demo_img/280m5) by extension 'cmake'
[0.191s] Level 1:colcon.colcon_core.package_identification:_identify(src/mycobot_ros2/demo_img/280m5) by extension 'python'
[0.191s] Level 1:colcon.colcon_core.package_identification:_identify(src/mycobot_ros2/demo_img/280m5) by extensions ['python_setup_py']
[0.191s] Level 1:colcon.colcon_core.package_identification:_identify(src/mycobot_ros2/demo_img/280m5) by extension 'python_setup_py'
[0.191s] Level 1:colcon.colcon_core.package_identification:_identify(src/mycobot_ros2/demo_img/280pi) by extensions ['ignore', 'ignore_ament_install']
[0.191s] Level 1:colcon.colcon_core.package_identification:_identify(src/mycobot_ros2/demo_img/280pi) by extension 'ignore'
[0.191s] Level 1:colcon.colcon_core.package_identification:_identify(src/mycobot_ros2/demo_img/280pi) by extension 'ignore_ament_install'
[0.191s] Level 1:colcon.colcon_core.package_identification:_identify(src/mycobot_ros2/demo_img/280pi) by extensions ['colcon_pkg']
[0.191s] Level 1:colcon.colcon_core.package_identification:_identify(src/mycobot_ros2/demo_img/280pi) by extension 'colcon_pkg'
[0.191s] Level 1:colcon.colcon_core.package_identification:_identify(src/mycobot_ros2/demo_img/280pi) by extensions ['colcon_meta']
[0.191s] Level 1:colcon.colcon_core.package_identification:_identify(src/mycobot_ros2/demo_img/280pi) by extension 'colcon_meta'
[0.191s] Level 1:colcon.colcon_core.package_identification:_identify(src/mycobot_ros2/demo_img/280pi) by extensions ['ros']
[0.191s] Level 1:colcon.colcon_core.package_identification:_identify(src/mycobot_ros2/demo_img/280pi) by extension 'ros'
[0.191s] Level 1:colcon.colcon_core.package_identification:_identify(src/mycobot_ros2/demo_img/280pi) by extensions ['cmake', 'python']
[0.191s] Level 1:colcon.colcon_core.package_identification:_identify(src/mycobot_ros2/demo_img/280pi) by extension 'cmake'
[0.191s] Level 1:colcon.colcon_core.package_identification:_identify(src/mycobot_ros2/demo_img/280pi) by extension 'python'
[0.191s] Level 1:colcon.colcon_core.package_identification:_identify(src/mycobot_ros2/demo_img/280pi) by extensions ['python_setup_py']
[0.191s] Level 1:colcon.colcon_core.package_identification:_identify(src/mycobot_ros2/demo_img/280pi) by extension 'python_setup_py'
[0.191s] Level 1:colcon.colcon_core.package_identification:_identify(src/mycobot_ros2/demo_img/320m5_2022) by extensions ['ignore', 'ignore_ament_install']
[0.191s] Level 1:colcon.colcon_core.package_identification:_identify(src/mycobot_ros2/demo_img/320m5_2022) by extension 'ignore'
[0.191s] Level 1:colcon.colcon_core.package_identification:_identify(src/mycobot_ros2/demo_img/320m5_2022) by extension 'ignore_ament_install'
[0.191s] Level 1:colcon.colcon_core.package_identification:_identify(src/mycobot_ros2/demo_img/320m5_2022) by extensions ['colcon_pkg']
[0.191s] Level 1:colcon.colcon_core.package_identification:_identify(src/mycobot_ros2/demo_img/320m5_2022) by extension 'colcon_pkg'
[0.191s] Level 1:colcon.colcon_core.package_identification:_identify(src/mycobot_ros2/demo_img/320m5_2022) by extensions ['colcon_meta']
[0.191s] Level 1:colcon.colcon_core.package_identification:_identify(src/mycobot_ros2/demo_img/320m5_2022) by extension 'colcon_meta'
[0.191s] Level 1:colcon.colcon_core.package_identification:_identify(src/mycobot_ros2/demo_img/320m5_2022) by extensions ['ros']
[0.191s] Level 1:colcon.colcon_core.package_identification:_identify(src/mycobot_ros2/demo_img/320m5_2022) by extension 'ros'
[0.191s] Level 1:colcon.colcon_core.package_identification:_identify(src/mycobot_ros2/demo_img/320m5_2022) by extensions ['cmake', 'python']
[0.191s] Level 1:colcon.colcon_core.package_identification:_identify(src/mycobot_ros2/demo_img/320m5_2022) by extension 'cmake'
[0.191s] Level 1:colcon.colcon_core.package_identification:_identify(src/mycobot_ros2/demo_img/320m5_2022) by extension 'python'
[0.191s] Level 1:colcon.colcon_core.package_identification:_identify(src/mycobot_ros2/demo_img/320m5_2022) by extensions ['python_setup_py']
[0.191s] Level 1:colcon.colcon_core.package_identification:_identify(src/mycobot_ros2/demo_img/320m5_2022) by extension 'python_setup_py'
[0.191s] Level 1:colcon.colcon_core.package_identification:_identify(src/mycobot_ros2/demo_img/320pi_2022) by extensions ['ignore', 'ignore_ament_install']
[0.191s] Level 1:colcon.colcon_core.package_identification:_identify(src/mycobot_ros2/demo_img/320pi_2022) by extension 'ignore'
[0.192s] Level 1:colcon.colcon_core.package_identification:_identify(src/mycobot_ros2/demo_img/320pi_2022) by extension 'ignore_ament_install'
[0.192s] Level 1:colcon.colcon_core.package_identification:_identify(src/mycobot_ros2/demo_img/320pi_2022) by extensions ['colcon_pkg']
[0.192s] Level 1:colcon.colcon_core.package_identification:_identify(src/mycobot_ros2/demo_img/320pi_2022) by extension 'colcon_pkg'
[0.192s] Level 1:colcon.colcon_core.package_identification:_identify(src/mycobot_ros2/demo_img/320pi_2022) by extensions ['colcon_meta']
[0.192s] Level 1:colcon.colcon_core.package_identification:_identify(src/mycobot_ros2/demo_img/320pi_2022) by extension 'colcon_meta'
[0.192s] Level 1:colcon.colcon_core.package_identification:_identify(src/mycobot_ros2/demo_img/320pi_2022) by extensions ['ros']
[0.192s] Level 1:colcon.colcon_core.package_identification:_identify(src/mycobot_ros2/demo_img/320pi_2022) by extension 'ros'
[0.192s] Level 1:colcon.colcon_core.package_identification:_identify(src/mycobot_ros2/demo_img/320pi_2022) by extensions ['cmake', 'python']
[0.192s] Level 1:colcon.colcon_core.package_identification:_identify(src/mycobot_ros2/demo_img/320pi_2022) by extension 'cmake'
[0.192s] Level 1:colcon.colcon_core.package_identification:_identify(src/mycobot_ros2/demo_img/320pi_2022) by extension 'python'
[0.192s] Level 1:colcon.colcon_core.package_identification:_identify(src/mycobot_ros2/demo_img/320pi_2022) by extensions ['python_setup_py']
[0.192s] Level 1:colcon.colcon_core.package_identification:_identify(src/mycobot_ros2/demo_img/320pi_2022) by extension 'python_setup_py'
[0.192s] Level 1:colcon.colcon_core.package_identification:_identify(src/mycobot_ros2/demo_img/myarm300) by extensions ['ignore', 'ignore_ament_install']
[0.192s] Level 1:colcon.colcon_core.package_identification:_identify(src/mycobot_ros2/demo_img/myarm300) by extension 'ignore'
[0.192s] Level 1:colcon.colcon_core.package_identification:_identify(src/mycobot_ros2/demo_img/myarm300) by extension 'ignore_ament_install'
[0.192s] Level 1:colcon.colcon_core.package_identification:_identify(src/mycobot_ros2/demo_img/myarm300) by extensions ['colcon_pkg']
[0.192s] Level 1:colcon.colcon_core.package_identification:_identify(src/mycobot_ros2/demo_img/myarm300) by extension 'colcon_pkg'
[0.192s] Level 1:colcon.colcon_core.package_identification:_identify(src/mycobot_ros2/demo_img/myarm300) by extensions ['colcon_meta']
[0.192s] Level 1:colcon.colcon_core.package_identification:_identify(src/mycobot_ros2/demo_img/myarm300) by extension 'colcon_meta'
[0.192s] Level 1:colcon.colcon_core.package_identification:_identify(src/mycobot_ros2/demo_img/myarm300) by extensions ['ros']
[0.192s] Level 1:colcon.colcon_core.package_identification:_identify(src/mycobot_ros2/demo_img/myarm300) by extension 'ros'
[0.192s] Level 1:colcon.colcon_core.package_identification:_identify(src/mycobot_ros2/demo_img/myarm300) by extensions ['cmake', 'python']
[0.192s] Level 1:colcon.colcon_core.package_identification:_identify(src/mycobot_ros2/demo_img/myarm300) by extension 'cmake'
[0.192s] Level 1:colcon.colcon_core.package_identification:_identify(src/mycobot_ros2/demo_img/myarm300) by extension 'python'
[0.192s] Level 1:colcon.colcon_core.package_identification:_identify(src/mycobot_ros2/demo_img/myarm300) by extensions ['python_setup_py']
[0.192s] Level 1:colcon.colcon_core.package_identification:_identify(src/mycobot_ros2/demo_img/myarm300) by extension 'python_setup_py'
[0.192s] Level 1:colcon.colcon_core.package_identification:_identify(src/mycobot_ros2/demo_img/mybuddy) by extensions ['ignore', 'ignore_ament_install']
[0.192s] Level 1:colcon.colcon_core.package_identification:_identify(src/mycobot_ros2/demo_img/mybuddy) by extension 'ignore'
[0.192s] Level 1:colcon.colcon_core.package_identification:_identify(src/mycobot_ros2/demo_img/mybuddy) by extension 'ignore_ament_install'
[0.192s] Level 1:colcon.colcon_core.package_identification:_identify(src/mycobot_ros2/demo_img/mybuddy) by extensions ['colcon_pkg']
[0.192s] Level 1:colcon.colcon_core.package_identification:_identify(src/mycobot_ros2/demo_img/mybuddy) by extension 'colcon_pkg'
[0.192s] Level 1:colcon.colcon_core.package_identification:_identify(src/mycobot_ros2/demo_img/mybuddy) by extensions ['colcon_meta']
[0.192s] Level 1:colcon.colcon_core.package_identification:_identify(src/mycobot_ros2/demo_img/mybuddy) by extension 'colcon_meta'
[0.192s] Level 1:colcon.colcon_core.package_identification:_identify(src/mycobot_ros2/demo_img/mybuddy) by extensions ['ros']
[0.192s] Level 1:colcon.colcon_core.package_identification:_identify(src/mycobot_ros2/demo_img/mybuddy) by extension 'ros'
[0.192s] Level 1:colcon.colcon_core.package_identification:_identify(src/mycobot_ros2/demo_img/mybuddy) by extensions ['cmake', 'python']
[0.192s] Level 1:colcon.colcon_core.package_identification:_identify(src/mycobot_ros2/demo_img/mybuddy) by extension 'cmake'
[0.192s] Level 1:colcon.colcon_core.package_identification:_identify(src/mycobot_ros2/demo_img/mybuddy) by extension 'python'
[0.192s] Level 1:colcon.colcon_core.package_identification:_identify(src/mycobot_ros2/demo_img/mybuddy) by extensions ['python_setup_py']
[0.192s] Level 1:colcon.colcon_core.package_identification:_identify(src/mycobot_ros2/demo_img/mybuddy) by extension 'python_setup_py'
[0.192s] Level 1:colcon.colcon_core.package_identification:_identify(src/mycobot_ros2/demo_img/pro600) by extensions ['ignore', 'ignore_ament_install']
[0.192s] Level 1:colcon.colcon_core.package_identification:_identify(src/mycobot_ros2/demo_img/pro600) by extension 'ignore'
[0.192s] Level 1:colcon.colcon_core.package_identification:_identify(src/mycobot_ros2/demo_img/pro600) by extension 'ignore_ament_install'
[0.192s] Level 1:colcon.colcon_core.package_identification:_identify(src/mycobot_ros2/demo_img/pro600) by extensions ['colcon_pkg']
[0.192s] Level 1:colcon.colcon_core.package_identification:_identify(src/mycobot_ros2/demo_img/pro600) by extension 'colcon_pkg'
[0.192s] Level 1:colcon.colcon_core.package_identification:_identify(src/mycobot_ros2/demo_img/pro600) by extensions ['colcon_meta']
[0.192s] Level 1:colcon.colcon_core.package_identification:_identify(src/mycobot_ros2/demo_img/pro600) by extension 'colcon_meta'
[0.192s] Level 1:colcon.colcon_core.package_identification:_identify(src/mycobot_ros2/demo_img/pro600) by extensions ['ros']
[0.192s] Level 1:colcon.colcon_core.package_identification:_identify(src/mycobot_ros2/demo_img/pro600) by extension 'ros'
[0.192s] Level 1:colcon.colcon_core.package_identification:_identify(src/mycobot_ros2/demo_img/pro600) by extensions ['cmake', 'python']
[0.192s] Level 1:colcon.colcon_core.package_identification:_identify(src/mycobot_ros2/demo_img/pro600) by extension 'cmake'
[0.192s] Level 1:colcon.colcon_core.package_identification:_identify(src/mycobot_ros2/demo_img/pro600) by extension 'python'
[0.192s] Level 1:colcon.colcon_core.package_identification:_identify(src/mycobot_ros2/demo_img/pro600) by extensions ['python_setup_py']
[0.192s] Level 1:colcon.colcon_core.package_identification:_identify(src/mycobot_ros2/demo_img/pro600) by extension 'python_setup_py'
[0.192s] Level 1:colcon.colcon_core.package_identification:_identify(src/mycobot_ros2/demo_img/pro630) by extensions ['ignore', 'ignore_ament_install']
[0.193s] Level 1:colcon.colcon_core.package_identification:_identify(src/mycobot_ros2/demo_img/pro630) by extension 'ignore'
[0.193s] Level 1:colcon.colcon_core.package_identification:_identify(src/mycobot_ros2/demo_img/pro630) by extension 'ignore_ament_install'
[0.193s] Level 1:colcon.colcon_core.package_identification:_identify(src/mycobot_ros2/demo_img/pro630) by extensions ['colcon_pkg']
[0.193s] Level 1:colcon.colcon_core.package_identification:_identify(src/mycobot_ros2/demo_img/pro630) by extension 'colcon_pkg'
[0.193s] Level 1:colcon.colcon_core.package_identification:_identify(src/mycobot_ros2/demo_img/pro630) by extensions ['colcon_meta']
[0.193s] Level 1:colcon.colcon_core.package_identification:_identify(src/mycobot_ros2/demo_img/pro630) by extension 'colcon_meta'
[0.193s] Level 1:colcon.colcon_core.package_identification:_identify(src/mycobot_ros2/demo_img/pro630) by extensions ['ros']
[0.193s] Level 1:colcon.colcon_core.package_identification:_identify(src/mycobot_ros2/demo_img/pro630) by extension 'ros'
[0.193s] Level 1:colcon.colcon_core.package_identification:_identify(src/mycobot_ros2/demo_img/pro630) by extensions ['cmake', 'python']
[0.193s] Level 1:colcon.colcon_core.package_identification:_identify(src/mycobot_ros2/demo_img/pro630) by extension 'cmake'
[0.193s] Level 1:colcon.colcon_core.package_identification:_identify(src/mycobot_ros2/demo_img/pro630) by extension 'python'
[0.193s] Level 1:colcon.colcon_core.package_identification:_identify(src/mycobot_ros2/demo_img/pro630) by extensions ['python_setup_py']
[0.193s] Level 1:colcon.colcon_core.package_identification:_identify(src/mycobot_ros2/demo_img/pro630) by extension 'python_setup_py'
[0.193s] Level 1:colcon.colcon_core.package_identification:_identify(src/mycobot_ros2/demo_img/ultraArm_p340) by extensions ['ignore', 'ignore_ament_install']
[0.193s] Level 1:colcon.colcon_core.package_identification:_identify(src/mycobot_ros2/demo_img/ultraArm_p340) by extension 'ignore'
[0.193s] Level 1:colcon.colcon_core.package_identification:_identify(src/mycobot_ros2/demo_img/ultraArm_p340) by extension 'ignore_ament_install'
[0.193s] Level 1:colcon.colcon_core.package_identification:_identify(src/mycobot_ros2/demo_img/ultraArm_p340) by extensions ['colcon_pkg']
[0.193s] Level 1:colcon.colcon_core.package_identification:_identify(src/mycobot_ros2/demo_img/ultraArm_p340) by extension 'colcon_pkg'
[0.193s] Level 1:colcon.colcon_core.package_identification:_identify(src/mycobot_ros2/demo_img/ultraArm_p340) by extensions ['colcon_meta']
[0.193s] Level 1:colcon.colcon_core.package_identification:_identify(src/mycobot_ros2/demo_img/ultraArm_p340) by extension 'colcon_meta'
[0.193s] Level 1:colcon.colcon_core.package_identification:_identify(src/mycobot_ros2/demo_img/ultraArm_p340) by extensions ['ros']
[0.193s] Level 1:colcon.colcon_core.package_identification:_identify(src/mycobot_ros2/demo_img/ultraArm_p340) by extension 'ros'
[0.193s] Level 1:colcon.colcon_core.package_identification:_identify(src/mycobot_ros2/demo_img/ultraArm_p340) by extensions ['cmake', 'python']
[0.193s] Level 1:colcon.colcon_core.package_identification:_identify(src/mycobot_ros2/demo_img/ultraArm_p340) by extension 'cmake'
[0.193s] Level 1:colcon.colcon_core.package_identification:_identify(src/mycobot_ros2/demo_img/ultraArm_p340) by extension 'python'
[0.193s] Level 1:colcon.colcon_core.package_identification:_identify(src/mycobot_ros2/demo_img/ultraArm_p340) by extensions ['python_setup_py']
[0.193s] Level 1:colcon.colcon_core.package_identification:_identify(src/mycobot_ros2/demo_img/ultraArm_p340) by extension 'python_setup_py'
[0.193s] Level 1:colcon.colcon_core.package_identification:_identify(src/mycobot_ros2/mecharm) by extensions ['ignore', 'ignore_ament_install']
[0.193s] Level 1:colcon.colcon_core.package_identification:_identify(src/mycobot_ros2/mecharm) by extension 'ignore'
[0.193s] Level 1:colcon.colcon_core.package_identification:_identify(src/mycobot_ros2/mecharm) by extension 'ignore_ament_install'
[0.193s] Level 1:colcon.colcon_core.package_identification:_identify(src/mycobot_ros2/mecharm) by extensions ['colcon_pkg']
[0.193s] Level 1:colcon.colcon_core.package_identification:_identify(src/mycobot_ros2/mecharm) by extension 'colcon_pkg'
[0.193s] Level 1:colcon.colcon_core.package_identification:_identify(src/mycobot_ros2/mecharm) by extensions ['colcon_meta']
[0.193s] Level 1:colcon.colcon_core.package_identification:_identify(src/mycobot_ros2/mecharm) by extension 'colcon_meta'
[0.193s] Level 1:colcon.colcon_core.package_identification:_identify(src/mycobot_ros2/mecharm) by extensions ['ros']
[0.193s] Level 1:colcon.colcon_core.package_identification:_identify(src/mycobot_ros2/mecharm) by extension 'ros'
[0.193s] Level 1:colcon.colcon_core.package_identification:_identify(src/mycobot_ros2/mecharm) by extensions ['cmake', 'python']
[0.193s] Level 1:colcon.colcon_core.package_identification:_identify(src/mycobot_ros2/mecharm) by extension 'cmake'
[0.193s] Level 1:colcon.colcon_core.package_identification:_identify(src/mycobot_ros2/mecharm) by extension 'python'
[0.193s] Level 1:colcon.colcon_core.package_identification:_identify(src/mycobot_ros2/mecharm) by extensions ['python_setup_py']
[0.193s] Level 1:colcon.colcon_core.package_identification:_identify(src/mycobot_ros2/mecharm) by extension 'python_setup_py'
[0.193s] Level 1:colcon.colcon_core.package_identification:_identify(src/mycobot_ros2/mecharm/mecharm) by extensions ['ignore', 'ignore_ament_install']
[0.193s] Level 1:colcon.colcon_core.package_identification:_identify(src/mycobot_ros2/mecharm/mecharm) by extension 'ignore'
[0.193s] Level 1:colcon.colcon_core.package_identification:_identify(src/mycobot_ros2/mecharm/mecharm) by extension 'ignore_ament_install'
[0.193s] Level 1:colcon.colcon_core.package_identification:_identify(src/mycobot_ros2/mecharm/mecharm) by extensions ['colcon_pkg']
[0.193s] Level 1:colcon.colcon_core.package_identification:_identify(src/mycobot_ros2/mecharm/mecharm) by extension 'colcon_pkg'
[0.193s] Level 1:colcon.colcon_core.package_identification:_identify(src/mycobot_ros2/mecharm/mecharm) by extensions ['colcon_meta']
[0.193s] Level 1:colcon.colcon_core.package_identification:_identify(src/mycobot_ros2/mecharm/mecharm) by extension 'colcon_meta'
[0.193s] Level 1:colcon.colcon_core.package_identification:_identify(src/mycobot_ros2/mecharm/mecharm) by extensions ['ros']
[0.193s] Level 1:colcon.colcon_core.package_identification:_identify(src/mycobot_ros2/mecharm/mecharm) by extension 'ros'
[0.194s] DEBUG:colcon.colcon_core.package_identification:Package 'src/mycobot_ros2/mecharm/mecharm' with type 'ros.ament_python' and name 'mecharm'
[0.194s] Level 1:colcon.colcon_core.package_identification:_identify(src/mycobot_ros2/mecharm/mecharm_communication) by extensions ['ignore', 'ignore_ament_install']
[0.194s] Level 1:colcon.colcon_core.package_identification:_identify(src/mycobot_ros2/mecharm/mecharm_communication) by extension 'ignore'
[0.194s] Level 1:colcon.colcon_core.package_identification:_identify(src/mycobot_ros2/mecharm/mecharm_communication) by extension 'ignore_ament_install'
[0.194s] Level 1:colcon.colcon_core.package_identification:_identify(src/mycobot_ros2/mecharm/mecharm_communication) by extensions ['colcon_pkg']
[0.194s] Level 1:colcon.colcon_core.package_identification:_identify(src/mycobot_ros2/mecharm/mecharm_communication) by extension 'colcon_pkg'
[0.194s] Level 1:colcon.colcon_core.package_identification:_identify(src/mycobot_ros2/mecharm/mecharm_communication) by extensions ['colcon_meta']
[0.194s] Level 1:colcon.colcon_core.package_identification:_identify(src/mycobot_ros2/mecharm/mecharm_communication) by extension 'colcon_meta'
[0.194s] Level 1:colcon.colcon_core.package_identification:_identify(src/mycobot_ros2/mecharm/mecharm_communication) by extensions ['ros']
[0.194s] Level 1:colcon.colcon_core.package_identification:_identify(src/mycobot_ros2/mecharm/mecharm_communication) by extension 'ros'
[0.194s] DEBUG:colcon.colcon_core.package_identification:Package 'src/mycobot_ros2/mecharm/mecharm_communication' with type 'ros.ament_python' and name 'mecharm_communication'
[0.194s] Level 1:colcon.colcon_core.package_identification:_identify(src/mycobot_ros2/mecharm/mecharm_interfaces) by extensions ['ignore', 'ignore_ament_install']
[0.194s] Level 1:colcon.colcon_core.package_identification:_identify(src/mycobot_ros2/mecharm/mecharm_interfaces) by extension 'ignore'
[0.194s] Level 1:colcon.colcon_core.package_identification:_identify(src/mycobot_ros2/mecharm/mecharm_interfaces) by extension 'ignore_ament_install'
[0.194s] Level 1:colcon.colcon_core.package_identification:_identify(src/mycobot_ros2/mecharm/mecharm_interfaces) by extensions ['colcon_pkg']
[0.194s] Level 1:colcon.colcon_core.package_identification:_identify(src/mycobot_ros2/mecharm/mecharm_interfaces) by extension 'colcon_pkg'
[0.195s] Level 1:colcon.colcon_core.package_identification:_identify(src/mycobot_ros2/mecharm/mecharm_interfaces) by extensions ['colcon_meta']
[0.195s] Level 1:colcon.colcon_core.package_identification:_identify(src/mycobot_ros2/mecharm/mecharm_interfaces) by extension 'colcon_meta'
[0.195s] Level 1:colcon.colcon_core.package_identification:_identify(src/mycobot_ros2/mecharm/mecharm_interfaces) by extensions ['ros']
[0.195s] Level 1:colcon.colcon_core.package_identification:_identify(src/mycobot_ros2/mecharm/mecharm_interfaces) by extension 'ros'
[0.195s] DEBUG:colcon.colcon_core.package_identification:Package 'src/mycobot_ros2/mecharm/mecharm_interfaces' with type 'ros.ament_cmake' and name 'mecharm_interfaces'
[0.195s] Level 1:colcon.colcon_core.package_identification:_identify(src/mycobot_ros2/mecharm/mecharm_pi) by extensions ['ignore', 'ignore_ament_install']
[0.195s] Level 1:colcon.colcon_core.package_identification:_identify(src/mycobot_ros2/mecharm/mecharm_pi) by extension 'ignore'
[0.195s] Level 1:colcon.colcon_core.package_identification:_identify(src/mycobot_ros2/mecharm/mecharm_pi) by extension 'ignore_ament_install'
[0.195s] Level 1:colcon.colcon_core.package_identification:_identify(src/mycobot_ros2/mecharm/mecharm_pi) by extensions ['colcon_pkg']
[0.195s] Level 1:colcon.colcon_core.package_identification:_identify(src/mycobot_ros2/mecharm/mecharm_pi) by extension 'colcon_pkg'
[0.195s] Level 1:colcon.colcon_core.package_identification:_identify(src/mycobot_ros2/mecharm/mecharm_pi) by extensions ['colcon_meta']
[0.195s] Level 1:colcon.colcon_core.package_identification:_identify(src/mycobot_ros2/mecharm/mecharm_pi) by extension 'colcon_meta'
[0.195s] Level 1:colcon.colcon_core.package_identification:_identify(src/mycobot_ros2/mecharm/mecharm_pi) by extensions ['ros']
[0.195s] Level 1:colcon.colcon_core.package_identification:_identify(src/mycobot_ros2/mecharm/mecharm_pi) by extension 'ros'
[0.195s] DEBUG:colcon.colcon_core.package_identification:Package 'src/mycobot_ros2/mecharm/mecharm_pi' with type 'ros.ament_python' and name 'mecharm_pi'
[0.195s] Level 1:colcon.colcon_core.package_identification:_identify(src/mycobot_ros2/myArm) by extensions ['ignore', 'ignore_ament_install']
[0.196s] Level 1:colcon.colcon_core.package_identification:_identify(src/mycobot_ros2/myArm) by extension 'ignore'
[0.196s] Level 1:colcon.colcon_core.package_identification:_identify(src/mycobot_ros2/myArm) by extension 'ignore_ament_install'
[0.196s] Level 1:colcon.colcon_core.package_identification:_identify(src/mycobot_ros2/myArm) by extensions ['colcon_pkg']
[0.196s] Level 1:colcon.colcon_core.package_identification:_identify(src/mycobot_ros2/myArm) by extension 'colcon_pkg'
[0.196s] Level 1:colcon.colcon_core.package_identification:_identify(src/mycobot_ros2/myArm) by extensions ['colcon_meta']
[0.196s] Level 1:colcon.colcon_core.package_identification:_identify(src/mycobot_ros2/myArm) by extension 'colcon_meta'
[0.196s] Level 1:colcon.colcon_core.package_identification:_identify(src/mycobot_ros2/myArm) by extensions ['ros']
[0.196s] Level 1:colcon.colcon_core.package_identification:_identify(src/mycobot_ros2/myArm) by extension 'ros'
[0.196s] Level 1:colcon.colcon_core.package_identification:_identify(src/mycobot_ros2/myArm) by extensions ['cmake', 'python']
[0.196s] Level 1:colcon.colcon_core.package_identification:_identify(src/mycobot_ros2/myArm) by extension 'cmake'
[0.196s] Level 1:colcon.colcon_core.package_identification:_identify(src/mycobot_ros2/myArm) by extension 'python'
[0.196s] Level 1:colcon.colcon_core.package_identification:_identify(src/mycobot_ros2/myArm) by extensions ['python_setup_py']
[0.196s] Level 1:colcon.colcon_core.package_identification:_identify(src/mycobot_ros2/myArm) by extension 'python_setup_py'
[0.196s] Level 1:colcon.colcon_core.package_identification:_identify(src/mycobot_ros2/myArm/myarm_300) by extensions ['ignore', 'ignore_ament_install']
[0.196s] Level 1:colcon.colcon_core.package_identification:_identify(src/mycobot_ros2/myArm/myarm_300) by extension 'ignore'
[0.196s] Level 1:colcon.colcon_core.package_identification:_identify(src/mycobot_ros2/myArm/myarm_300) by extension 'ignore_ament_install'
[0.196s] Level 1:colcon.colcon_core.package_identification:_identify(src/mycobot_ros2/myArm/myarm_300) by extensions ['colcon_pkg']
[0.196s] Level 1:colcon.colcon_core.package_identification:_identify(src/mycobot_ros2/myArm/myarm_300) by extension 'colcon_pkg'
[0.196s] Level 1:colcon.colcon_core.package_identification:_identify(src/mycobot_ros2/myArm/myarm_300) by extensions ['colcon_meta']
[0.196s] Level 1:colcon.colcon_core.package_identification:_identify(src/mycobot_ros2/myArm/myarm_300) by extension 'colcon_meta'
[0.196s] Level 1:colcon.colcon_core.package_identification:_identify(src/mycobot_ros2/myArm/myarm_300) by extensions ['ros']
[0.196s] Level 1:colcon.colcon_core.package_identification:_identify(src/mycobot_ros2/myArm/myarm_300) by extension 'ros'
[0.196s] DEBUG:colcon.colcon_core.package_identification:Package 'src/mycobot_ros2/myArm/myarm_300' with type 'ros.ament_python' and name 'myarm_300'
[0.196s] Level 1:colcon.colcon_core.package_identification:_identify(src/mycobot_ros2/myArm/myarm_c650) by extensions ['ignore', 'ignore_ament_install']
[0.196s] Level 1:colcon.colcon_core.package_identification:_identify(src/mycobot_ros2/myArm/myarm_c650) by extension 'ignore'
[0.196s] Level 1:colcon.colcon_core.package_identification:_identify(src/mycobot_ros2/myArm/myarm_c650) by extension 'ignore_ament_install'
[0.196s] Level 1:colcon.colcon_core.package_identification:_identify(src/mycobot_ros2/myArm/myarm_c650) by extensions ['colcon_pkg']
[0.196s] Level 1:colcon.colcon_core.package_identification:_identify(src/mycobot_ros2/myArm/myarm_c650) by extension 'colcon_pkg'
[0.196s] Level 1:colcon.colcon_core.package_identification:_identify(src/mycobot_ros2/myArm/myarm_c650) by extensions ['colcon_meta']
[0.196s] Level 1:colcon.colcon_core.package_identification:_identify(src/mycobot_ros2/myArm/myarm_c650) by extension 'colcon_meta'
[0.196s] Level 1:colcon.colcon_core.package_identification:_identify(src/mycobot_ros2/myArm/myarm_c650) by extensions ['ros']
[0.196s] Level 1:colcon.colcon_core.package_identification:_identify(src/mycobot_ros2/myArm/myarm_c650) by extension 'ros'
[0.197s] DEBUG:colcon.colcon_core.package_identification:Package 'src/mycobot_ros2/myArm/myarm_c650' with type 'ros.ament_python' and name 'myarm_c650'
[0.197s] Level 1:colcon.colcon_core.package_identification:_identify(src/mycobot_ros2/myArm/myarm_m750) by extensions ['ignore', 'ignore_ament_install']
[0.197s] Level 1:colcon.colcon_core.package_identification:_identify(src/mycobot_ros2/myArm/myarm_m750) by extension 'ignore'
[0.197s] Level 1:colcon.colcon_core.package_identification:_identify(src/mycobot_ros2/myArm/myarm_m750) by extension 'ignore_ament_install'
[0.197s] Level 1:colcon.colcon_core.package_identification:_identify(src/mycobot_ros2/myArm/myarm_m750) by extensions ['colcon_pkg']
[0.197s] Level 1:colcon.colcon_core.package_identification:_identify(src/mycobot_ros2/myArm/myarm_m750) by extension 'colcon_pkg'
[0.197s] Level 1:colcon.colcon_core.package_identification:_identify(src/mycobot_ros2/myArm/myarm_m750) by extensions ['colcon_meta']
[0.197s] Level 1:colcon.colcon_core.package_identification:_identify(src/mycobot_ros2/myArm/myarm_m750) by extension 'colcon_meta'
[0.197s] Level 1:colcon.colcon_core.package_identification:_identify(src/mycobot_ros2/myArm/myarm_m750) by extensions ['ros']
[0.197s] Level 1:colcon.colcon_core.package_identification:_identify(src/mycobot_ros2/myArm/myarm_m750) by extension 'ros'
[0.198s] DEBUG:colcon.colcon_core.package_identification:Package 'src/mycobot_ros2/myArm/myarm_m750' with type 'ros.ament_python' and name 'myarm_m750'
[0.198s] Level 1:colcon.colcon_core.package_identification:_identify(src/mycobot_ros2/mycobot_280) by extensions ['ignore', 'ignore_ament_install']
[0.198s] Level 1:colcon.colcon_core.package_identification:_identify(src/mycobot_ros2/mycobot_280) by extension 'ignore'
[0.198s] Level 1:colcon.colcon_core.package_identification:_identify(src/mycobot_ros2/mycobot_280) by extension 'ignore_ament_install'
[0.198s] Level 1:colcon.colcon_core.package_identification:_identify(src/mycobot_ros2/mycobot_280) by extensions ['colcon_pkg']
[0.198s] Level 1:colcon.colcon_core.package_identification:_identify(src/mycobot_ros2/mycobot_280) by extension 'colcon_pkg'
[0.198s] Level 1:colcon.colcon_core.package_identification:_identify(src/mycobot_ros2/mycobot_280) by extensions ['colcon_meta']
[0.198s] Level 1:colcon.colcon_core.package_identification:_identify(src/mycobot_ros2/mycobot_280) by extension 'colcon_meta'
[0.198s] Level 1:colcon.colcon_core.package_identification:_identify(src/mycobot_ros2/mycobot_280) by extensions ['ros']
[0.198s] Level 1:colcon.colcon_core.package_identification:_identify(src/mycobot_ros2/mycobot_280) by extension 'ros'
[0.198s] Level 1:colcon.colcon_core.package_identification:_identify(src/mycobot_ros2/mycobot_280) by extensions ['cmake', 'python']
[0.198s] Level 1:colcon.colcon_core.package_identification:_identify(src/mycobot_ros2/mycobot_280) by extension 'cmake'
[0.198s] Level 1:colcon.colcon_core.package_identification:_identify(src/mycobot_ros2/mycobot_280) by extension 'python'
[0.198s] Level 1:colcon.colcon_core.package_identification:_identify(src/mycobot_ros2/mycobot_280) by extensions ['python_setup_py']
[0.198s] Level 1:colcon.colcon_core.package_identification:_identify(src/mycobot_ros2/mycobot_280) by extension 'python_setup_py'
[0.198s] Level 1:colcon.colcon_core.package_identification:_identify(src/mycobot_ros2/mycobot_280/mycobot_280) by extensions ['ignore', 'ignore_ament_install']
[0.198s] Level 1:colcon.colcon_core.package_identification:_identify(src/mycobot_ros2/mycobot_280/mycobot_280) by extension 'ignore'
[0.198s] Level 1:colcon.colcon_core.package_identification:_identify(src/mycobot_ros2/mycobot_280/mycobot_280) by extension 'ignore_ament_install'
[0.198s] Level 1:colcon.colcon_core.package_identification:_identify(src/mycobot_ros2/mycobot_280/mycobot_280) by extensions ['colcon_pkg']
[0.198s] Level 1:colcon.colcon_core.package_identification:_identify(src/mycobot_ros2/mycobot_280/mycobot_280) by extension 'colcon_pkg'
[0.198s] Level 1:colcon.colcon_core.package_identification:_identify(src/mycobot_ros2/mycobot_280/mycobot_280) by extensions ['colcon_meta']
[0.198s] Level 1:colcon.colcon_core.package_identification:_identify(src/mycobot_ros2/mycobot_280/mycobot_280) by extension 'colcon_meta'
[0.198s] Level 1:colcon.colcon_core.package_identification:_identify(src/mycobot_ros2/mycobot_280/mycobot_280) by extensions ['ros']
[0.198s] Level 1:colcon.colcon_core.package_identification:_identify(src/mycobot_ros2/mycobot_280/mycobot_280) by extension 'ros'
[0.198s] DEBUG:colcon.colcon_core.package_identification:Package 'src/mycobot_ros2/mycobot_280/mycobot_280' with type 'ros.ament_python' and name 'mycobot_280'
[0.198s] Level 1:colcon.colcon_core.package_identification:_identify(src/mycobot_ros2/mycobot_280/mycobot_280_arduino) by extensions ['ignore', 'ignore_ament_install']
[0.198s] Level 1:colcon.colcon_core.package_identification:_identify(src/mycobot_ros2/mycobot_280/mycobot_280_arduino) by extension 'ignore'
[0.198s] Level 1:colcon.colcon_core.package_identification:_identify(src/mycobot_ros2/mycobot_280/mycobot_280_arduino) by extension 'ignore_ament_install'
[0.198s] Level 1:colcon.colcon_core.package_identification:_identify(src/mycobot_ros2/mycobot_280/mycobot_280_arduino) by extensions ['colcon_pkg']
[0.199s] Level 1:colcon.colcon_core.package_identification:_identify(src/mycobot_ros2/mycobot_280/mycobot_280_arduino) by extension 'colcon_pkg'
[0.199s] Level 1:colcon.colcon_core.package_identification:_identify(src/mycobot_ros2/mycobot_280/mycobot_280_arduino) by extensions ['colcon_meta']
[0.199s] Level 1:colcon.colcon_core.package_identification:_identify(src/mycobot_ros2/mycobot_280/mycobot_280_arduino) by extension 'colcon_meta'
[0.199s] Level 1:colcon.colcon_core.package_identification:_identify(src/mycobot_ros2/mycobot_280/mycobot_280_arduino) by extensions ['ros']
[0.199s] Level 1:colcon.colcon_core.package_identification:_identify(src/mycobot_ros2/mycobot_280/mycobot_280_arduino) by extension 'ros'
[0.199s] DEBUG:colcon.colcon_core.package_identification:Package 'src/mycobot_ros2/mycobot_280/mycobot_280_arduino' with type 'ros.ament_python' and name 'mycobot_280_arduino'
[0.199s] Level 1:colcon.colcon_core.package_identification:_identify(src/mycobot_ros2/mycobot_280/mycobot_280_moveit2) by extensions ['ignore', 'ignore_ament_install']
[0.199s] Level 1:colcon.colcon_core.package_identification:_identify(src/mycobot_ros2/mycobot_280/mycobot_280_moveit2) by extension 'ignore'
[0.199s] Level 1:colcon.colcon_core.package_identification:_identify(src/mycobot_ros2/mycobot_280/mycobot_280_moveit2) by extension 'ignore_ament_install'
[0.199s] Level 1:colcon.colcon_core.package_identification:_identify(src/mycobot_ros2/mycobot_280/mycobot_280_moveit2) by extensions ['colcon_pkg']
[0.199s] Level 1:colcon.colcon_core.package_identification:_identify(src/mycobot_ros2/mycobot_280/mycobot_280_moveit2) by extension 'colcon_pkg'
[0.199s] Level 1:colcon.colcon_core.package_identification:_identify(src/mycobot_ros2/mycobot_280/mycobot_280_moveit2) by extensions ['colcon_meta']
[0.199s] Level 1:colcon.colcon_core.package_identification:_identify(src/mycobot_ros2/mycobot_280/mycobot_280_moveit2) by extension 'colcon_meta'
[0.199s] Level 1:colcon.colcon_core.package_identification:_identify(src/mycobot_ros2/mycobot_280/mycobot_280_moveit2) by extensions ['ros']
[0.199s] Level 1:colcon.colcon_core.package_identification:_identify(src/mycobot_ros2/mycobot_280/mycobot_280_moveit2) by extension 'ros'
[0.200s] DEBUG:colcon.colcon_core.package_identification:Package 'src/mycobot_ros2/mycobot_280/mycobot_280_moveit2' with type 'ros.ament_cmake' and name 'mycobot_280_moveit2'
[0.200s] Level 1:colcon.colcon_core.package_identification:_identify(src/mycobot_ros2/mycobot_280/mycobot_280_moveit2_control) by extensions ['ignore', 'ignore_ament_install']
[0.200s] Level 1:colcon.colcon_core.package_identification:_identify(src/mycobot_ros2/mycobot_280/mycobot_280_moveit2_control) by extension 'ignore'
[0.200s] Level 1:colcon.colcon_core.package_identification:_identify(src/mycobot_ros2/mycobot_280/mycobot_280_moveit2_control) by extension 'ignore_ament_install'
[0.200s] Level 1:colcon.colcon_core.package_identification:_identify(src/mycobot_ros2/mycobot_280/mycobot_280_moveit2_control) by extensions ['colcon_pkg']
[0.200s] Level 1:colcon.colcon_core.package_identification:_identify(src/mycobot_ros2/mycobot_280/mycobot_280_moveit2_control) by extension 'colcon_pkg'
[0.200s] Level 1:colcon.colcon_core.package_identification:_identify(src/mycobot_ros2/mycobot_280/mycobot_280_moveit2_control) by extensions ['colcon_meta']
[0.200s] Level 1:colcon.colcon_core.package_identification:_identify(src/mycobot_ros2/mycobot_280/mycobot_280_moveit2_control) by extension 'colcon_meta'
[0.200s] Level 1:colcon.colcon_core.package_identification:_identify(src/mycobot_ros2/mycobot_280/mycobot_280_moveit2_control) by extensions ['ros']
[0.200s] Level 1:colcon.colcon_core.package_identification:_identify(src/mycobot_ros2/mycobot_280/mycobot_280_moveit2_control) by extension 'ros'
[0.200s] DEBUG:colcon.colcon_core.package_identification:Package 'src/mycobot_ros2/mycobot_280/mycobot_280_moveit2_control' with type 'ros.ament_python' and name 'mycobot_280_moveit2_control'
[0.200s] Level 1:colcon.colcon_core.package_identification:_identify(src/mycobot_ros2/mycobot_280/mycobot_280_rdkx5) by extensions ['ignore', 'ignore_ament_install']
[0.200s] Level 1:colcon.colcon_core.package_identification:_identify(src/mycobot_ros2/mycobot_280/mycobot_280_rdkx5) by extension 'ignore'
[0.200s] Level 1:colcon.colcon_core.package_identification:_identify(src/mycobot_ros2/mycobot_280/mycobot_280_rdkx5) by extension 'ignore_ament_install'
[0.200s] Level 1:colcon.colcon_core.package_identification:_identify(src/mycobot_ros2/mycobot_280/mycobot_280_rdkx5) by extensions ['colcon_pkg']
[0.200s] Level 1:colcon.colcon_core.package_identification:_identify(src/mycobot_ros2/mycobot_280/mycobot_280_rdkx5) by extension 'colcon_pkg'
[0.200s] Level 1:colcon.colcon_core.package_identification:_identify(src/mycobot_ros2/mycobot_280/mycobot_280_rdkx5) by extensions ['colcon_meta']
[0.200s] Level 1:colcon.colcon_core.package_identification:_identify(src/mycobot_ros2/mycobot_280/mycobot_280_rdkx5) by extension 'colcon_meta'
[0.200s] Level 1:colcon.colcon_core.package_identification:_identify(src/mycobot_ros2/mycobot_280/mycobot_280_rdkx5) by extensions ['ros']
[0.200s] Level 1:colcon.colcon_core.package_identification:_identify(src/mycobot_ros2/mycobot_280/mycobot_280_rdkx5) by extension 'ros'
[0.201s] DEBUG:colcon.colcon_core.package_identification:Package 'src/mycobot_ros2/mycobot_280/mycobot_280_rdkx5' with type 'ros.ament_python' and name 'mycobot_280_rdkx5'
[0.201s] Level 1:colcon.colcon_core.package_identification:_identify(src/mycobot_ros2/mycobot_280/mycobot_280_riscv) by extensions ['ignore', 'ignore_ament_install']
[0.201s] Level 1:colcon.colcon_core.package_identification:_identify(src/mycobot_ros2/mycobot_280/mycobot_280_riscv) by extension 'ignore'
[0.201s] Level 1:colcon.colcon_core.package_identification:_identify(src/mycobot_ros2/mycobot_280/mycobot_280_riscv) by extension 'ignore_ament_install'
[0.201s] Level 1:colcon.colcon_core.package_identification:_identify(src/mycobot_ros2/mycobot_280/mycobot_280_riscv) by extensions ['colcon_pkg']
[0.201s] Level 1:colcon.colcon_core.package_identification:_identify(src/mycobot_ros2/mycobot_280/mycobot_280_riscv) by extension 'colcon_pkg'
[0.201s] Level 1:colcon.colcon_core.package_identification:_identify(src/mycobot_ros2/mycobot_280/mycobot_280_riscv) by extensions ['colcon_meta']
[0.201s] Level 1:colcon.colcon_core.package_identification:_identify(src/mycobot_ros2/mycobot_280/mycobot_280_riscv) by extension 'colcon_meta'
[0.201s] Level 1:colcon.colcon_core.package_identification:_identify(src/mycobot_ros2/mycobot_280/mycobot_280_riscv) by extensions ['ros']
[0.201s] Level 1:colcon.colcon_core.package_identification:_identify(src/mycobot_ros2/mycobot_280/mycobot_280_riscv) by extension 'ros'
[0.201s] DEBUG:colcon.colcon_core.package_identification:Package 'src/mycobot_ros2/mycobot_280/mycobot_280_riscv' with type 'ros.ament_python' and name 'mycobot_280_riscv'
[0.201s] Level 1:colcon.colcon_core.package_identification:_identify(src/mycobot_ros2/mycobot_280/mycobot_280_x3pi) by extensions ['ignore', 'ignore_ament_install']
[0.201s] Level 1:colcon.colcon_core.package_identification:_identify(src/mycobot_ros2/mycobot_280/mycobot_280_x3pi) by extension 'ignore'
[0.201s] Level 1:colcon.colcon_core.package_identification:_identify(src/mycobot_ros2/mycobot_280/mycobot_280_x3pi) by extension 'ignore_ament_install'
[0.201s] Level 1:colcon.colcon_core.package_identification:_identify(src/mycobot_ros2/mycobot_280/mycobot_280_x3pi) by extensions ['colcon_pkg']
[0.201s] Level 1:colcon.colcon_core.package_identification:_identify(src/mycobot_ros2/mycobot_280/mycobot_280_x3pi) by extension 'colcon_pkg'
[0.201s] Level 1:colcon.colcon_core.package_identification:_identify(src/mycobot_ros2/mycobot_280/mycobot_280_x3pi) by extensions ['colcon_meta']
[0.201s] Level 1:colcon.colcon_core.package_identification:_identify(src/mycobot_ros2/mycobot_280/mycobot_280_x3pi) by extension 'colcon_meta'
[0.201s] Level 1:colcon.colcon_core.package_identification:_identify(src/mycobot_ros2/mycobot_280/mycobot_280_x3pi) by extensions ['ros']
[0.201s] Level 1:colcon.colcon_core.package_identification:_identify(src/mycobot_ros2/mycobot_280/mycobot_280_x3pi) by extension 'ros'
[0.202s] DEBUG:colcon.colcon_core.package_identification:Package 'src/mycobot_ros2/mycobot_280/mycobot_280_x3pi' with type 'ros.ament_python' and name 'mycobot_280_x3pi'
[0.202s] Level 1:colcon.colcon_core.package_identification:_identify(src/mycobot_ros2/mycobot_280/mycobot_280arduino_moveit2) by extensions ['ignore', 'ignore_ament_install']
[0.202s] Level 1:colcon.colcon_core.package_identification:_identify(src/mycobot_ros2/mycobot_280/mycobot_280arduino_moveit2) by extension 'ignore'
[0.202s] Level 1:colcon.colcon_core.package_identification:_identify(src/mycobot_ros2/mycobot_280/mycobot_280arduino_moveit2) by extension 'ignore_ament_install'
[0.202s] Level 1:colcon.colcon_core.package_identification:_identify(src/mycobot_ros2/mycobot_280/mycobot_280arduino_moveit2) by extensions ['colcon_pkg']
[0.202s] Level 1:colcon.colcon_core.package_identification:_identify(src/mycobot_ros2/mycobot_280/mycobot_280arduino_moveit2) by extension 'colcon_pkg'
[0.202s] Level 1:colcon.colcon_core.package_identification:_identify(src/mycobot_ros2/mycobot_280/mycobot_280arduino_moveit2) by extensions ['colcon_meta']
[0.202s] Level 1:colcon.colcon_core.package_identification:_identify(src/mycobot_ros2/mycobot_280/mycobot_280arduino_moveit2) by extension 'colcon_meta'
[0.202s] Level 1:colcon.colcon_core.package_identification:_identify(src/mycobot_ros2/mycobot_280/mycobot_280arduino_moveit2) by extensions ['ros']
[0.202s] Level 1:colcon.colcon_core.package_identification:_identify(src/mycobot_ros2/mycobot_280/mycobot_280arduino_moveit2) by extension 'ros'
[0.202s] DEBUG:colcon.colcon_core.package_identification:Package 'src/mycobot_ros2/mycobot_280/mycobot_280arduino_moveit2' with type 'ros.ament_cmake' and name 'mycobot_280arduino_moveit2'
[0.202s] Level 1:colcon.colcon_core.package_identification:_identify(src/mycobot_ros2/mycobot_280/mycobot_280jn) by extensions ['ignore', 'ignore_ament_install']
[0.203s] Level 1:colcon.colcon_core.package_identification:_identify(src/mycobot_ros2/mycobot_280/mycobot_280jn) by extension 'ignore'
[0.203s] Level 1:colcon.colcon_core.package_identification:_identify(src/mycobot_ros2/mycobot_280/mycobot_280jn) by extension 'ignore_ament_install'
[0.203s] Level 1:colcon.colcon_core.package_identification:_identify(src/mycobot_ros2/mycobot_280/mycobot_280jn) by extensions ['colcon_pkg']
[0.203s] Level 1:colcon.colcon_core.package_identification:_identify(src/mycobot_ros2/mycobot_280/mycobot_280jn) by extension 'colcon_pkg'
[0.203s] Level 1:colcon.colcon_core.package_identification:_identify(src/mycobot_ros2/mycobot_280/mycobot_280jn) by extensions ['colcon_meta']
[0.203s] Level 1:colcon.colcon_core.package_identification:_identify(src/mycobot_ros2/mycobot_280/mycobot_280jn) by extension 'colcon_meta'
[0.203s] Level 1:colcon.colcon_core.package_identification:_identify(src/mycobot_ros2/mycobot_280/mycobot_280jn) by extensions ['ros']
[0.203s] Level 1:colcon.colcon_core.package_identification:_identify(src/mycobot_ros2/mycobot_280/mycobot_280jn) by extension 'ros'
[0.203s] DEBUG:colcon.colcon_core.package_identification:Package 'src/mycobot_ros2/mycobot_280/mycobot_280jn' with type 'ros.ament_python' and name 'mycobot_280jn'
[0.203s] Level 1:colcon.colcon_core.package_identification:_identify(src/mycobot_ros2/mycobot_280/mycobot_280pi) by extensions ['ignore', 'ignore_ament_install']
[0.203s] Level 1:colcon.colcon_core.package_identification:_identify(src/mycobot_ros2/mycobot_280/mycobot_280pi) by extension 'ignore'
[0.203s] Level 1:colcon.colcon_core.package_identification:_identify(src/mycobot_ros2/mycobot_280/mycobot_280pi) by extension 'ignore_ament_install'
[0.203s] Level 1:colcon.colcon_core.package_identification:_identify(src/mycobot_ros2/mycobot_280/mycobot_280pi) by extensions ['colcon_pkg']
[0.203s] Level 1:colcon.colcon_core.package_identification:_identify(src/mycobot_ros2/mycobot_280/mycobot_280pi) by extension 'colcon_pkg'
[0.203s] Level 1:colcon.colcon_core.package_identification:_identify(src/mycobot_ros2/mycobot_280/mycobot_280pi) by extensions ['colcon_meta']
[0.203s] Level 1:colcon.colcon_core.package_identification:_identify(src/mycobot_ros2/mycobot_280/mycobot_280pi) by extension 'colcon_meta'
[0.203s] Level 1:colcon.colcon_core.package_identification:_identify(src/mycobot_ros2/mycobot_280/mycobot_280pi) by extensions ['ros']
[0.203s] Level 1:colcon.colcon_core.package_identification:_identify(src/mycobot_ros2/mycobot_280/mycobot_280pi) by extension 'ros'
[0.204s] DEBUG:colcon.colcon_core.package_identification:Package 'src/mycobot_ros2/mycobot_280/mycobot_280pi' with type 'ros.ament_python' and name 'mycobot_280pi'
[0.204s] Level 1:colcon.colcon_core.package_identification:_identify(src/mycobot_ros2/mycobot_280/mycobot_280rdkx5_moveit2) by extensions ['ignore', 'ignore_ament_install']
[0.204s] Level 1:colcon.colcon_core.package_identification:_identify(src/mycobot_ros2/mycobot_280/mycobot_280rdkx5_moveit2) by extension 'ignore'
[0.204s] Level 1:colcon.colcon_core.package_identification:_identify(src/mycobot_ros2/mycobot_280/mycobot_280rdkx5_moveit2) by extension 'ignore_ament_install'
[0.204s] Level 1:colcon.colcon_core.package_identification:_identify(src/mycobot_ros2/mycobot_280/mycobot_280rdkx5_moveit2) by extensions ['colcon_pkg']
[0.204s] Level 1:colcon.colcon_core.package_identification:_identify(src/mycobot_ros2/mycobot_280/mycobot_280rdkx5_moveit2) by extension 'colcon_pkg'
[0.204s] Level 1:colcon.colcon_core.package_identification:_identify(src/mycobot_ros2/mycobot_280/mycobot_280rdkx5_moveit2) by extensions ['colcon_meta']
[0.204s] Level 1:colcon.colcon_core.package_identification:_identify(src/mycobot_ros2/mycobot_280/mycobot_280rdkx5_moveit2) by extension 'colcon_meta'
[0.204s] Level 1:colcon.colcon_core.package_identification:_identify(src/mycobot_ros2/mycobot_280/mycobot_280rdkx5_moveit2) by extensions ['ros']
[0.204s] Level 1:colcon.colcon_core.package_identification:_identify(src/mycobot_ros2/mycobot_280/mycobot_280rdkx5_moveit2) by extension 'ros'
[0.205s] DEBUG:colcon.colcon_core.package_identification:Package 'src/mycobot_ros2/mycobot_280/mycobot_280rdkx5_moveit2' with type 'ros.ament_cmake' and name 'mycobot_280rdkx5_moveit2'
[0.205s] Level 1:colcon.colcon_core.package_identification:_identify(src/mycobot_ros2/mycobot_280/mycobot_interfaces) by extensions ['ignore', 'ignore_ament_install']
[0.205s] Level 1:colcon.colcon_core.package_identification:_identify(src/mycobot_ros2/mycobot_280/mycobot_interfaces) by extension 'ignore'
[0.205s] Level 1:colcon.colcon_core.package_identification:_identify(src/mycobot_ros2/mycobot_280/mycobot_interfaces) by extension 'ignore_ament_install'
[0.205s] Level 1:colcon.colcon_core.package_identification:_identify(src/mycobot_ros2/mycobot_280/mycobot_interfaces) by extensions ['colcon_pkg']
[0.205s] Level 1:colcon.colcon_core.package_identification:_identify(src/mycobot_ros2/mycobot_280/mycobot_interfaces) by extension 'colcon_pkg'
[0.205s] Level 1:colcon.colcon_core.package_identification:_identify(src/mycobot_ros2/mycobot_280/mycobot_interfaces) by extensions ['colcon_meta']
[0.205s] Level 1:colcon.colcon_core.package_identification:_identify(src/mycobot_ros2/mycobot_280/mycobot_interfaces) by extension 'colcon_meta'
[0.205s] Level 1:colcon.colcon_core.package_identification:_identify(src/mycobot_ros2/mycobot_280/mycobot_interfaces) by extensions ['ros']
[0.205s] Level 1:colcon.colcon_core.package_identification:_identify(src/mycobot_ros2/mycobot_280/mycobot_interfaces) by extension 'ros'
[0.205s] DEBUG:colcon.colcon_core.package_identification:Package 'src/mycobot_ros2/mycobot_280/mycobot_interfaces' with type 'ros.ament_cmake' and name 'mycobot_interfaces'
[0.205s] Level 1:colcon.colcon_core.package_identification:_identify(src/mycobot_ros2/mycobot_320) by extensions ['ignore', 'ignore_ament_install']
[0.205s] Level 1:colcon.colcon_core.package_identification:_identify(src/mycobot_ros2/mycobot_320) by extension 'ignore'
[0.205s] Level 1:colcon.colcon_core.package_identification:_identify(src/mycobot_ros2/mycobot_320) by extension 'ignore_ament_install'
[0.205s] Level 1:colcon.colcon_core.package_identification:_identify(src/mycobot_ros2/mycobot_320) by extensions ['colcon_pkg']
[0.205s] Level 1:colcon.colcon_core.package_identification:_identify(src/mycobot_ros2/mycobot_320) by extension 'colcon_pkg'
[0.205s] Level 1:colcon.colcon_core.package_identification:_identify(src/mycobot_ros2/mycobot_320) by extensions ['colcon_meta']
[0.205s] Level 1:colcon.colcon_core.package_identification:_identify(src/mycobot_ros2/mycobot_320) by extension 'colcon_meta'
[0.205s] Level 1:colcon.colcon_core.package_identification:_identify(src/mycobot_ros2/mycobot_320) by extensions ['ros']
[0.205s] Level 1:colcon.colcon_core.package_identification:_identify(src/mycobot_ros2/mycobot_320) by extension 'ros'
[0.205s] Level 1:colcon.colcon_core.package_identification:_identify(src/mycobot_ros2/mycobot_320) by extensions ['cmake', 'python']
[0.205s] Level 1:colcon.colcon_core.package_identification:_identify(src/mycobot_ros2/mycobot_320) by extension 'cmake'
[0.205s] Level 1:colcon.colcon_core.package_identification:_identify(src/mycobot_ros2/mycobot_320) by extension 'python'
[0.205s] Level 1:colcon.colcon_core.package_identification:_identify(src/mycobot_ros2/mycobot_320) by extensions ['python_setup_py']
[0.205s] Level 1:colcon.colcon_core.package_identification:_identify(src/mycobot_ros2/mycobot_320) by extension 'python_setup_py'
[0.205s] Level 1:colcon.colcon_core.package_identification:_identify(src/mycobot_ros2/mycobot_320/mycobot_320) by extensions ['ignore', 'ignore_ament_install']
[0.205s] Level 1:colcon.colcon_core.package_identification:_identify(src/mycobot_ros2/mycobot_320/mycobot_320) by extension 'ignore'
[0.205s] Level 1:colcon.colcon_core.package_identification:_identify(src/mycobot_ros2/mycobot_320/mycobot_320) by extension 'ignore_ament_install'
[0.205s] Level 1:colcon.colcon_core.package_identification:_identify(src/mycobot_ros2/mycobot_320/mycobot_320) by extensions ['colcon_pkg']
[0.205s] Level 1:colcon.colcon_core.package_identification:_identify(src/mycobot_ros2/mycobot_320/mycobot_320) by extension 'colcon_pkg'
[0.205s] Level 1:colcon.colcon_core.package_identification:_identify(src/mycobot_ros2/mycobot_320/mycobot_320) by extensions ['colcon_meta']
[0.205s] Level 1:colcon.colcon_core.package_identification:_identify(src/mycobot_ros2/mycobot_320/mycobot_320) by extension 'colcon_meta'
[0.205s] Level 1:colcon.colcon_core.package_identification:_identify(src/mycobot_ros2/mycobot_320/mycobot_320) by extensions ['ros']
[0.205s] Level 1:colcon.colcon_core.package_identification:_identify(src/mycobot_ros2/mycobot_320/mycobot_320) by extension 'ros'
[0.206s] DEBUG:colcon.colcon_core.package_identification:Package 'src/mycobot_ros2/mycobot_320/mycobot_320' with type 'ros.ament_python' and name 'mycobot_320'
[0.206s] Level 1:colcon.colcon_core.package_identification:_identify(src/mycobot_ros2/mycobot_320/mycobot_320_riscv) by extensions ['ignore', 'ignore_ament_install']
[0.206s] Level 1:colcon.colcon_core.package_identification:_identify(src/mycobot_ros2/mycobot_320/mycobot_320_riscv) by extension 'ignore'
[0.206s] Level 1:colcon.colcon_core.package_identification:_identify(src/mycobot_ros2/mycobot_320/mycobot_320_riscv) by extension 'ignore_ament_install'
[0.206s] Level 1:colcon.colcon_core.package_identification:_identify(src/mycobot_ros2/mycobot_320/mycobot_320_riscv) by extensions ['colcon_pkg']
[0.206s] Level 1:colcon.colcon_core.package_identification:_identify(src/mycobot_ros2/mycobot_320/mycobot_320_riscv) by extension 'colcon_pkg'
[0.206s] Level 1:colcon.colcon_core.package_identification:_identify(src/mycobot_ros2/mycobot_320/mycobot_320_riscv) by extensions ['colcon_meta']
[0.206s] Level 1:colcon.colcon_core.package_identification:_identify(src/mycobot_ros2/mycobot_320/mycobot_320_riscv) by extension 'colcon_meta'
[0.206s] Level 1:colcon.colcon_core.package_identification:_identify(src/mycobot_ros2/mycobot_320/mycobot_320_riscv) by extensions ['ros']
[0.206s] Level 1:colcon.colcon_core.package_identification:_identify(src/mycobot_ros2/mycobot_320/mycobot_320_riscv) by extension 'ros'
[0.206s] DEBUG:colcon.colcon_core.package_identification:Package 'src/mycobot_ros2/mycobot_320/mycobot_320_riscv' with type 'ros.ament_python' and name 'mycobot_320_riscv'
[0.207s] Level 1:colcon.colcon_core.package_identification:_identify(src/mycobot_ros2/mycobot_320/mycobot_320pi) by extensions ['ignore', 'ignore_ament_install']
[0.207s] Level 1:colcon.colcon_core.package_identification:_identify(src/mycobot_ros2/mycobot_320/mycobot_320pi) by extension 'ignore'
[0.207s] Level 1:colcon.colcon_core.package_identification:_identify(src/mycobot_ros2/mycobot_320/mycobot_320pi) by extension 'ignore_ament_install'
[0.207s] Level 1:colcon.colcon_core.package_identification:_identify(src/mycobot_ros2/mycobot_320/mycobot_320pi) by extensions ['colcon_pkg']
[0.207s] Level 1:colcon.colcon_core.package_identification:_identify(src/mycobot_ros2/mycobot_320/mycobot_320pi) by extension 'colcon_pkg'
[0.207s] Level 1:colcon.colcon_core.package_identification:_identify(src/mycobot_ros2/mycobot_320/mycobot_320pi) by extensions ['colcon_meta']
[0.207s] Level 1:colcon.colcon_core.package_identification:_identify(src/mycobot_ros2/mycobot_320/mycobot_320pi) by extension 'colcon_meta'
[0.207s] Level 1:colcon.colcon_core.package_identification:_identify(src/mycobot_ros2/mycobot_320/mycobot_320pi) by extensions ['ros']
[0.207s] Level 1:colcon.colcon_core.package_identification:_identify(src/mycobot_ros2/mycobot_320/mycobot_320pi) by extension 'ros'
[0.207s] DEBUG:colcon.colcon_core.package_identification:Package 'src/mycobot_ros2/mycobot_320/mycobot_320pi' with type 'ros.ament_python' and name 'mycobot_320pi'
[0.207s] Level 1:colcon.colcon_core.package_identification:_identify(src/mycobot_ros2/mycobot_communication) by extensions ['ignore', 'ignore_ament_install']
[0.207s] Level 1:colcon.colcon_core.package_identification:_identify(src/mycobot_ros2/mycobot_communication) by extension 'ignore'
[0.207s] Level 1:colcon.colcon_core.package_identification:_identify(src/mycobot_ros2/mycobot_communication) by extension 'ignore_ament_install'
[0.207s] Level 1:colcon.colcon_core.package_identification:_identify(src/mycobot_ros2/mycobot_communication) by extensions ['colcon_pkg']
[0.207s] Level 1:colcon.colcon_core.package_identification:_identify(src/mycobot_ros2/mycobot_communication) by extension 'colcon_pkg'
[0.207s] Level 1:colcon.colcon_core.package_identification:_identify(src/mycobot_ros2/mycobot_communication) by extensions ['colcon_meta']
[0.207s] Level 1:colcon.colcon_core.package_identification:_identify(src/mycobot_ros2/mycobot_communication) by extension 'colcon_meta'
[0.207s] Level 1:colcon.colcon_core.package_identification:_identify(src/mycobot_ros2/mycobot_communication) by extensions ['ros']
[0.207s] Level 1:colcon.colcon_core.package_identification:_identify(src/mycobot_ros2/mycobot_communication) by extension 'ros'
[0.207s] DEBUG:colcon.colcon_core.package_identification:Package 'src/mycobot_ros2/mycobot_communication' with type 'ros.ament_python' and name 'mycobot_communication'
[0.208s] Level 1:colcon.colcon_core.package_identification:_identify(src/mycobot_ros2/mycobot_description) by extensions ['ignore', 'ignore_ament_install']
[0.208s] Level 1:colcon.colcon_core.package_identification:_identify(src/mycobot_ros2/mycobot_description) by extension 'ignore'
[0.208s] Level 1:colcon.colcon_core.package_identification:_identify(src/mycobot_ros2/mycobot_description) by extension 'ignore_ament_install'
[0.208s] Level 1:colcon.colcon_core.package_identification:_identify(src/mycobot_ros2/mycobot_description) by extensions ['colcon_pkg']
[0.208s] Level 1:colcon.colcon_core.package_identification:_identify(src/mycobot_ros2/mycobot_description) by extension 'colcon_pkg'
[0.208s] Level 1:colcon.colcon_core.package_identification:_identify(src/mycobot_ros2/mycobot_description) by extensions ['colcon_meta']
[0.208s] Level 1:colcon.colcon_core.package_identification:_identify(src/mycobot_ros2/mycobot_description) by extension 'colcon_meta'
[0.208s] Level 1:colcon.colcon_core.package_identification:_identify(src/mycobot_ros2/mycobot_description) by extensions ['ros']
[0.208s] Level 1:colcon.colcon_core.package_identification:_identify(src/mycobot_ros2/mycobot_description) by extension 'ros'
[0.208s] DEBUG:colcon.colcon_core.package_identification:Package 'src/mycobot_ros2/mycobot_description' with type 'ros.ament_python' and name 'mycobot_description'
[0.208s] Level 1:colcon.colcon_core.package_identification:_identify(src/mycobot_ros2/mycobot_pro) by extensions ['ignore', 'ignore_ament_install']
[0.208s] Level 1:colcon.colcon_core.package_identification:_identify(src/mycobot_ros2/mycobot_pro) by extension 'ignore'
[0.208s] Level 1:colcon.colcon_core.package_identification:_identify(src/mycobot_ros2/mycobot_pro) by extension 'ignore_ament_install'
[0.208s] Level 1:colcon.colcon_core.package_identification:_identify(src/mycobot_ros2/mycobot_pro) by extensions ['colcon_pkg']
[0.208s] Level 1:colcon.colcon_core.package_identification:_identify(src/mycobot_ros2/mycobot_pro) by extension 'colcon_pkg'
[0.208s] Level 1:colcon.colcon_core.package_identification:_identify(src/mycobot_ros2/mycobot_pro) by extensions ['colcon_meta']
[0.208s] Level 1:colcon.colcon_core.package_identification:_identify(src/mycobot_ros2/mycobot_pro) by extension 'colcon_meta'
[0.208s] Level 1:colcon.colcon_core.package_identification:_identify(src/mycobot_ros2/mycobot_pro) by extensions ['ros']
[0.208s] Level 1:colcon.colcon_core.package_identification:_identify(src/mycobot_ros2/mycobot_pro) by extension 'ros'
[0.208s] Level 1:colcon.colcon_core.package_identification:_identify(src/mycobot_ros2/mycobot_pro) by extensions ['cmake', 'python']
[0.208s] Level 1:colcon.colcon_core.package_identification:_identify(src/mycobot_ros2/mycobot_pro) by extension 'cmake'
[0.208s] Level 1:colcon.colcon_core.package_identification:_identify(src/mycobot_ros2/mycobot_pro) by extension 'python'
[0.208s] Level 1:colcon.colcon_core.package_identification:_identify(src/mycobot_ros2/mycobot_pro) by extensions ['python_setup_py']
[0.208s] Level 1:colcon.colcon_core.package_identification:_identify(src/mycobot_ros2/mycobot_pro) by extension 'python_setup_py'
[0.208s] Level 1:colcon.colcon_core.package_identification:_identify(src/mycobot_ros2/mycobot_pro/mycobot_600) by extensions ['ignore', 'ignore_ament_install']
[0.208s] Level 1:colcon.colcon_core.package_identification:_identify(src/mycobot_ros2/mycobot_pro/mycobot_600) by extension 'ignore'
[0.208s] Level 1:colcon.colcon_core.package_identification:_identify(src/mycobot_ros2/mycobot_pro/mycobot_600) by extension 'ignore_ament_install'
[0.208s] Level 1:colcon.colcon_core.package_identification:_identify(src/mycobot_ros2/mycobot_pro/mycobot_600) by extensions ['colcon_pkg']
[0.208s] Level 1:colcon.colcon_core.package_identification:_identify(src/mycobot_ros2/mycobot_pro/mycobot_600) by extension 'colcon_pkg'
[0.208s] Level 1:colcon.colcon_core.package_identification:_identify(src/mycobot_ros2/mycobot_pro/mycobot_600) by extensions ['colcon_meta']
[0.208s] Level 1:colcon.colcon_core.package_identification:_identify(src/mycobot_ros2/mycobot_pro/mycobot_600) by extension 'colcon_meta'
[0.208s] Level 1:colcon.colcon_core.package_identification:_identify(src/mycobot_ros2/mycobot_pro/mycobot_600) by extensions ['ros']
[0.208s] Level 1:colcon.colcon_core.package_identification:_identify(src/mycobot_ros2/mycobot_pro/mycobot_600) by extension 'ros'
[0.209s] DEBUG:colcon.colcon_core.package_identification:Package 'src/mycobot_ros2/mycobot_pro/mycobot_600' with type 'ros.ament_python' and name 'mycobot_600'
[0.209s] Level 1:colcon.colcon_core.package_identification:_identify(src/mycobot_ros2/mycobot_pro/mycobot_630) by extensions ['ignore', 'ignore_ament_install']
[0.209s] Level 1:colcon.colcon_core.package_identification:_identify(src/mycobot_ros2/mycobot_pro/mycobot_630) by extension 'ignore'
[0.209s] Level 1:colcon.colcon_core.package_identification:_identify(src/mycobot_ros2/mycobot_pro/mycobot_630) by extension 'ignore_ament_install'
[0.209s] Level 1:colcon.colcon_core.package_identification:_identify(src/mycobot_ros2/mycobot_pro/mycobot_630) by extensions ['colcon_pkg']
[0.209s] Level 1:colcon.colcon_core.package_identification:_identify(src/mycobot_ros2/mycobot_pro/mycobot_630) by extension 'colcon_pkg'
[0.209s] Level 1:colcon.colcon_core.package_identification:_identify(src/mycobot_ros2/mycobot_pro/mycobot_630) by extensions ['colcon_meta']
[0.209s] Level 1:colcon.colcon_core.package_identification:_identify(src/mycobot_ros2/mycobot_pro/mycobot_630) by extension 'colcon_meta'
[0.209s] Level 1:colcon.colcon_core.package_identification:_identify(src/mycobot_ros2/mycobot_pro/mycobot_630) by extensions ['ros']
[0.209s] Level 1:colcon.colcon_core.package_identification:_identify(src/mycobot_ros2/mycobot_pro/mycobot_630) by extension 'ros'
[0.209s] DEBUG:colcon.colcon_core.package_identification:Package 'src/mycobot_ros2/mycobot_pro/mycobot_630' with type 'ros.ament_python' and name 'mycobot_630'
[0.209s] Level 1:colcon.colcon_core.package_identification:_identify(src/mycobot_ros2/mypalletizer_260) by extensions ['ignore', 'ignore_ament_install']
[0.209s] Level 1:colcon.colcon_core.package_identification:_identify(src/mycobot_ros2/mypalletizer_260) by extension 'ignore'
[0.209s] Level 1:colcon.colcon_core.package_identification:_identify(src/mycobot_ros2/mypalletizer_260) by extension 'ignore_ament_install'
[0.209s] Level 1:colcon.colcon_core.package_identification:_identify(src/mycobot_ros2/mypalletizer_260) by extensions ['colcon_pkg']
[0.209s] Level 1:colcon.colcon_core.package_identification:_identify(src/mycobot_ros2/mypalletizer_260) by extension 'colcon_pkg'
[0.209s] Level 1:colcon.colcon_core.package_identification:_identify(src/mycobot_ros2/mypalletizer_260) by extensions ['colcon_meta']
[0.209s] Level 1:colcon.colcon_core.package_identification:_identify(src/mycobot_ros2/mypalletizer_260) by extension 'colcon_meta'
[0.209s] Level 1:colcon.colcon_core.package_identification:_identify(src/mycobot_ros2/mypalletizer_260) by extensions ['ros']
[0.209s] Level 1:colcon.colcon_core.package_identification:_identify(src/mycobot_ros2/mypalletizer_260) by extension 'ros'
[0.210s] Level 1:colcon.colcon_core.package_identification:_identify(src/mycobot_ros2/mypalletizer_260) by extensions ['cmake', 'python']
[0.210s] Level 1:colcon.colcon_core.package_identification:_identify(src/mycobot_ros2/mypalletizer_260) by extension 'cmake'
[0.210s] Level 1:colcon.colcon_core.package_identification:_identify(src/mycobot_ros2/mypalletizer_260) by extension 'python'
[0.210s] Level 1:colcon.colcon_core.package_identification:_identify(src/mycobot_ros2/mypalletizer_260) by extensions ['python_setup_py']
[0.210s] Level 1:colcon.colcon_core.package_identification:_identify(src/mycobot_ros2/mypalletizer_260) by extension 'python_setup_py'
[0.210s] Level 1:colcon.colcon_core.package_identification:_identify(src/mycobot_ros2/mypalletizer_260/mypalletizer_260) by extensions ['ignore', 'ignore_ament_install']
[0.210s] Level 1:colcon.colcon_core.package_identification:_identify(src/mycobot_ros2/mypalletizer_260/mypalletizer_260) by extension 'ignore'
[0.210s] Level 1:colcon.colcon_core.package_identification:_identify(src/mycobot_ros2/mypalletizer_260/mypalletizer_260) by extension 'ignore_ament_install'
[0.210s] Level 1:colcon.colcon_core.package_identification:_identify(src/mycobot_ros2/mypalletizer_260/mypalletizer_260) by extensions ['colcon_pkg']
[0.210s] Level 1:colcon.colcon_core.package_identification:_identify(src/mycobot_ros2/mypalletizer_260/mypalletizer_260) by extension 'colcon_pkg'
[0.210s] Level 1:colcon.colcon_core.package_identification:_identify(src/mycobot_ros2/mypalletizer_260/mypalletizer_260) by extensions ['colcon_meta']
[0.210s] Level 1:colcon.colcon_core.package_identification:_identify(src/mycobot_ros2/mypalletizer_260/mypalletizer_260) by extension 'colcon_meta'
[0.210s] Level 1:colcon.colcon_core.package_identification:_identify(src/mycobot_ros2/mypalletizer_260/mypalletizer_260) by extensions ['ros']
[0.210s] Level 1:colcon.colcon_core.package_identification:_identify(src/mycobot_ros2/mypalletizer_260/mypalletizer_260) by extension 'ros'
[0.210s] DEBUG:colcon.colcon_core.package_identification:Package 'src/mycobot_ros2/mypalletizer_260/mypalletizer_260' with type 'ros.ament_python' and name 'mypalletizer_260'
[0.210s] Level 1:colcon.colcon_core.package_identification:_identify(src/mycobot_ros2/mypalletizer_260/mypalletizer_260_pi) by extensions ['ignore', 'ignore_ament_install']
[0.210s] Level 1:colcon.colcon_core.package_identification:_identify(src/mycobot_ros2/mypalletizer_260/mypalletizer_260_pi) by extension 'ignore'
[0.210s] Level 1:colcon.colcon_core.package_identification:_identify(src/mycobot_ros2/mypalletizer_260/mypalletizer_260_pi) by extension 'ignore_ament_install'
[0.210s] Level 1:colcon.colcon_core.package_identification:_identify(src/mycobot_ros2/mypalletizer_260/mypalletizer_260_pi) by extensions ['colcon_pkg']
[0.210s] Level 1:colcon.colcon_core.package_identification:_identify(src/mycobot_ros2/mypalletizer_260/mypalletizer_260_pi) by extension 'colcon_pkg'
[0.210s] Level 1:colcon.colcon_core.package_identification:_identify(src/mycobot_ros2/mypalletizer_260/mypalletizer_260_pi) by extensions ['colcon_meta']
[0.210s] Level 1:colcon.colcon_core.package_identification:_identify(src/mycobot_ros2/mypalletizer_260/mypalletizer_260_pi) by extension 'colcon_meta'
[0.210s] Level 1:colcon.colcon_core.package_identification:_identify(src/mycobot_ros2/mypalletizer_260/mypalletizer_260_pi) by extensions ['ros']
[0.210s] Level 1:colcon.colcon_core.package_identification:_identify(src/mycobot_ros2/mypalletizer_260/mypalletizer_260_pi) by extension 'ros'
[0.211s] DEBUG:colcon.colcon_core.package_identification:Package 'src/mycobot_ros2/mypalletizer_260/mypalletizer_260_pi' with type 'ros.ament_python' and name 'mypalletizer_260_pi'
[0.211s] Level 1:colcon.colcon_core.package_identification:_identify(src/mycobot_ros2/mypalletizer_260/mypalletizer_communication) by extensions ['ignore', 'ignore_ament_install']
[0.211s] Level 1:colcon.colcon_core.package_identification:_identify(src/mycobot_ros2/mypalletizer_260/mypalletizer_communication) by extension 'ignore'
[0.211s] Level 1:colcon.colcon_core.package_identification:_identify(src/mycobot_ros2/mypalletizer_260/mypalletizer_communication) by extension 'ignore_ament_install'
[0.211s] Level 1:colcon.colcon_core.package_identification:_identify(src/mycobot_ros2/mypalletizer_260/mypalletizer_communication) by extensions ['colcon_pkg']
[0.211s] Level 1:colcon.colcon_core.package_identification:_identify(src/mycobot_ros2/mypalletizer_260/mypalletizer_communication) by extension 'colcon_pkg'
[0.211s] Level 1:colcon.colcon_core.package_identification:_identify(src/mycobot_ros2/mypalletizer_260/mypalletizer_communication) by extensions ['colcon_meta']
[0.211s] Level 1:colcon.colcon_core.package_identification:_identify(src/mycobot_ros2/mypalletizer_260/mypalletizer_communication) by extension 'colcon_meta'
[0.211s] Level 1:colcon.colcon_core.package_identification:_identify(src/mycobot_ros2/mypalletizer_260/mypalletizer_communication) by extensions ['ros']
[0.211s] Level 1:colcon.colcon_core.package_identification:_identify(src/mycobot_ros2/mypalletizer_260/mypalletizer_communication) by extension 'ros'
[0.211s] DEBUG:colcon.colcon_core.package_identification:Package 'src/mycobot_ros2/mypalletizer_260/mypalletizer_communication' with type 'ros.ament_python' and name 'mypalletizer_communication'
[0.211s] Level 1:colcon.colcon_core.package_identification:_identify(src/mycobot_ros2/mypalletizer_260/mypalletizer_interfaces) by extensions ['ignore', 'ignore_ament_install']
[0.211s] Level 1:colcon.colcon_core.package_identification:_identify(src/mycobot_ros2/mypalletizer_260/mypalletizer_interfaces) by extension 'ignore'
[0.211s] Level 1:colcon.colcon_core.package_identification:_identify(src/mycobot_ros2/mypalletizer_260/mypalletizer_interfaces) by extension 'ignore_ament_install'
[0.211s] Level 1:colcon.colcon_core.package_identification:_identify(src/mycobot_ros2/mypalletizer_260/mypalletizer_interfaces) by extensions ['colcon_pkg']
[0.211s] Level 1:colcon.colcon_core.package_identification:_identify(src/mycobot_ros2/mypalletizer_260/mypalletizer_interfaces) by extension 'colcon_pkg'
[0.211s] Level 1:colcon.colcon_core.package_identification:_identify(src/mycobot_ros2/mypalletizer_260/mypalletizer_interfaces) by extensions ['colcon_meta']
[0.211s] Level 1:colcon.colcon_core.package_identification:_identify(src/mycobot_ros2/mypalletizer_260/mypalletizer_interfaces) by extension 'colcon_meta'
[0.211s] Level 1:colcon.colcon_core.package_identification:_identify(src/mycobot_ros2/mypalletizer_260/mypalletizer_interfaces) by extensions ['ros']
[0.211s] Level 1:colcon.colcon_core.package_identification:_identify(src/mycobot_ros2/mypalletizer_260/mypalletizer_interfaces) by extension 'ros'
[0.212s] DEBUG:colcon.colcon_core.package_identification:Package 'src/mycobot_ros2/mypalletizer_260/mypalletizer_interfaces' with type 'ros.ament_cmake' and name 'mypalletizer_interfaces'
[0.212s] Level 1:colcon.colcon_core.package_identification:_identify(src/mycobot_ros2/ultraArm) by extensions ['ignore', 'ignore_ament_install']
[0.212s] Level 1:colcon.colcon_core.package_identification:_identify(src/mycobot_ros2/ultraArm) by extension 'ignore'
[0.212s] Level 1:colcon.colcon_core.package_identification:_identify(src/mycobot_ros2/ultraArm) by extension 'ignore_ament_install'
[0.212s] Level 1:colcon.colcon_core.package_identification:_identify(src/mycobot_ros2/ultraArm) by extensions ['colcon_pkg']
[0.212s] Level 1:colcon.colcon_core.package_identification:_identify(src/mycobot_ros2/ultraArm) by extension 'colcon_pkg'
[0.212s] Level 1:colcon.colcon_core.package_identification:_identify(src/mycobot_ros2/ultraArm) by extensions ['colcon_meta']
[0.212s] Level 1:colcon.colcon_core.package_identification:_identify(src/mycobot_ros2/ultraArm) by extension 'colcon_meta'
[0.212s] Level 1:colcon.colcon_core.package_identification:_identify(src/mycobot_ros2/ultraArm) by extensions ['ros']
[0.212s] Level 1:colcon.colcon_core.package_identification:_identify(src/mycobot_ros2/ultraArm) by extension 'ros'
[0.212s] Level 1:colcon.colcon_core.package_identification:_identify(src/mycobot_ros2/ultraArm) by extensions ['cmake', 'python']
[0.212s] Level 1:colcon.colcon_core.package_identification:_identify(src/mycobot_ros2/ultraArm) by extension 'cmake'
[0.212s] Level 1:colcon.colcon_core.package_identification:_identify(src/mycobot_ros2/ultraArm) by extension 'python'
[0.212s] Level 1:colcon.colcon_core.package_identification:_identify(src/mycobot_ros2/ultraArm) by extensions ['python_setup_py']
[0.212s] Level 1:colcon.colcon_core.package_identification:_identify(src/mycobot_ros2/ultraArm) by extension 'python_setup_py'
[0.212s] Level 1:colcon.colcon_core.package_identification:_identify(src/mycobot_ros2/ultraArm/ultraArm_Testtool) by extensions ['ignore', 'ignore_ament_install']
[0.212s] Level 1:colcon.colcon_core.package_identification:_identify(src/mycobot_ros2/ultraArm/ultraArm_Testtool) by extension 'ignore'
[0.212s] Level 1:colcon.colcon_core.package_identification:_identify(src/mycobot_ros2/ultraArm/ultraArm_Testtool) by extension 'ignore_ament_install'
[0.212s] Level 1:colcon.colcon_core.package_identification:_identify(src/mycobot_ros2/ultraArm/ultraArm_Testtool) by extensions ['colcon_pkg']
[0.212s] Level 1:colcon.colcon_core.package_identification:_identify(src/mycobot_ros2/ultraArm/ultraArm_Testtool) by extension 'colcon_pkg'
[0.212s] Level 1:colcon.colcon_core.package_identification:_identify(src/mycobot_ros2/ultraArm/ultraArm_Testtool) by extensions ['colcon_meta']
[0.212s] Level 1:colcon.colcon_core.package_identification:_identify(src/mycobot_ros2/ultraArm/ultraArm_Testtool) by extension 'colcon_meta'
[0.212s] Level 1:colcon.colcon_core.package_identification:_identify(src/mycobot_ros2/ultraArm/ultraArm_Testtool) by extensions ['ros']
[0.212s] Level 1:colcon.colcon_core.package_identification:_identify(src/mycobot_ros2/ultraArm/ultraArm_Testtool) by extension 'ros'
[0.212s] Level 1:colcon.colcon_core.package_identification:_identify(src/mycobot_ros2/ultraArm/ultraArm_Testtool) by extensions ['cmake', 'python']
[0.212s] Level 1:colcon.colcon_core.package_identification:_identify(src/mycobot_ros2/ultraArm/ultraArm_Testtool) by extension 'cmake'
[0.212s] Level 1:colcon.colcon_core.package_identification:_identify(src/mycobot_ros2/ultraArm/ultraArm_Testtool) by extension 'python'
[0.212s] Level 1:colcon.colcon_core.package_identification:_identify(src/mycobot_ros2/ultraArm/ultraArm_Testtool) by extensions ['python_setup_py']
[0.212s] Level 1:colcon.colcon_core.package_identification:_identify(src/mycobot_ros2/ultraArm/ultraArm_Testtool) by extension 'python_setup_py'
[0.212s] Level 1:colcon.colcon_core.package_identification:_identify(src/mycobot_ros2/ultraArm/ultraArm_Testtool/__pycache__) by extensions ['ignore', 'ignore_ament_install']
[0.212s] Level 1:colcon.colcon_core.package_identification:_identify(src/mycobot_ros2/ultraArm/ultraArm_Testtool/__pycache__) by extension 'ignore'
[0.212s] Level 1:colcon.colcon_core.package_identification:_identify(src/mycobot_ros2/ultraArm/ultraArm_Testtool/__pycache__) by extension 'ignore_ament_install'
[0.212s] Level 1:colcon.colcon_core.package_identification:_identify(src/mycobot_ros2/ultraArm/ultraArm_Testtool/__pycache__) by extensions ['colcon_pkg']
[0.212s] Level 1:colcon.colcon_core.package_identification:_identify(src/mycobot_ros2/ultraArm/ultraArm_Testtool/__pycache__) by extension 'colcon_pkg'
[0.212s] Level 1:colcon.colcon_core.package_identification:_identify(src/mycobot_ros2/ultraArm/ultraArm_Testtool/__pycache__) by extensions ['colcon_meta']
[0.212s] Level 1:colcon.colcon_core.package_identification:_identify(src/mycobot_ros2/ultraArm/ultraArm_Testtool/__pycache__) by extension 'colcon_meta'
[0.212s] Level 1:colcon.colcon_core.package_identification:_identify(src/mycobot_ros2/ultraArm/ultraArm_Testtool/__pycache__) by extensions ['ros']
[0.212s] Level 1:colcon.colcon_core.package_identification:_identify(src/mycobot_ros2/ultraArm/ultraArm_Testtool/__pycache__) by extension 'ros'
[0.212s] Level 1:colcon.colcon_core.package_identification:_identify(src/mycobot_ros2/ultraArm/ultraArm_Testtool/__pycache__) by extensions ['cmake', 'python']
[0.212s] Level 1:colcon.colcon_core.package_identification:_identify(src/mycobot_ros2/ultraArm/ultraArm_Testtool/__pycache__) by extension 'cmake'
[0.212s] Level 1:colcon.colcon_core.package_identification:_identify(src/mycobot_ros2/ultraArm/ultraArm_Testtool/__pycache__) by extension 'python'
[0.212s] Level 1:colcon.colcon_core.package_identification:_identify(src/mycobot_ros2/ultraArm/ultraArm_Testtool/__pycache__) by extensions ['python_setup_py']
[0.213s] Level 1:colcon.colcon_core.package_identification:_identify(src/mycobot_ros2/ultraArm/ultraArm_Testtool/__pycache__) by extension 'python_setup_py'
[0.213s] Level 1:colcon.colcon_core.package_identification:_identify(src/mycobot_ros2/ultraArm/ultraarm) by extensions ['ignore', 'ignore_ament_install']
[0.213s] Level 1:colcon.colcon_core.package_identification:_identify(src/mycobot_ros2/ultraArm/ultraarm) by extension 'ignore'
[0.213s] Level 1:colcon.colcon_core.package_identification:_identify(src/mycobot_ros2/ultraArm/ultraarm) by extension 'ignore_ament_install'
[0.213s] Level 1:colcon.colcon_core.package_identification:_identify(src/mycobot_ros2/ultraArm/ultraarm) by extensions ['colcon_pkg']
[0.213s] Level 1:colcon.colcon_core.package_identification:_identify(src/mycobot_ros2/ultraArm/ultraarm) by extension 'colcon_pkg'
[0.213s] Level 1:colcon.colcon_core.package_identification:_identify(src/mycobot_ros2/ultraArm/ultraarm) by extensions ['colcon_meta']
[0.213s] Level 1:colcon.colcon_core.package_identification:_identify(src/mycobot_ros2/ultraArm/ultraarm) by extension 'colcon_meta'
[0.213s] Level 1:colcon.colcon_core.package_identification:_identify(src/mycobot_ros2/ultraArm/ultraarm) by extensions ['ros']
[0.213s] Level 1:colcon.colcon_core.package_identification:_identify(src/mycobot_ros2/ultraArm/ultraarm) by extension 'ros'
[0.213s] DEBUG:colcon.colcon_core.package_identification:Package 'src/mycobot_ros2/ultraArm/ultraarm' with type 'ros.ament_python' and name 'ultraarm'
[0.213s] Level 1:colcon.colcon_core.package_identification:_identify(src/traj_scripts) by extensions ['ignore', 'ignore_ament_install']
[0.213s] Level 1:colcon.colcon_core.package_identification:_identify(src/traj_scripts) by extension 'ignore'
[0.213s] Level 1:colcon.colcon_core.package_identification:_identify(src/traj_scripts) by extension 'ignore_ament_install'
[0.213s] Level 1:colcon.colcon_core.package_identification:_identify(src/traj_scripts) by extensions ['colcon_pkg']
[0.213s] Level 1:colcon.colcon_core.package_identification:_identify(src/traj_scripts) by extension 'colcon_pkg'
[0.213s] Level 1:colcon.colcon_core.package_identification:_identify(src/traj_scripts) by extensions ['colcon_meta']
[0.213s] Level 1:colcon.colcon_core.package_identification:_identify(src/traj_scripts) by extension 'colcon_meta'
[0.213s] Level 1:colcon.colcon_core.package_identification:_identify(src/traj_scripts) by extensions ['ros']
[0.213s] Level 1:colcon.colcon_core.package_identification:_identify(src/traj_scripts) by extension 'ros'
[0.214s] DEBUG:colcon.colcon_core.package_identification:Package 'src/traj_scripts' with type 'ros.ament_cmake' and name 'traj_scripts'
[0.214s] Level 1:colcon.colcon_core.package_discovery:discover_packages(recursive) using defaults
[0.214s] Level 1:colcon.colcon_core.package_discovery:discover_packages(ignore) discover
[0.214s] Level 1:colcon.colcon_core.package_discovery:discover_packages(ignore) using defaults
[0.214s] Level 1:colcon.colcon_core.package_discovery:discover_packages(path) discover
[0.214s] Level 1:colcon.colcon_core.package_discovery:discover_packages(path) using defaults
[0.231s] Level 1:colcon.colcon_core.package_discovery:discover_packages(prefix_path) check parameters
[0.231s] Level 1:colcon.colcon_core.package_discovery:discover_packages(prefix_path) discover
[0.233s] DEBUG:colcon.colcon_installed_package_information.package_discovery:Found 33 installed packages in /home/robotics/ros2_cobot/install
[0.234s] DEBUG:colcon.colcon_installed_package_information.package_discovery:Found 388 installed packages in /opt/ros/humble
[0.235s] Level 1:colcon.colcon_core.package_discovery:discover_packages(prefix_path) using defaults
[0.260s] Level 5:colcon.colcon_core.verb:set package 'mecharm_interfaces' build argument 'cmake_args' from command line to 'None'
[0.260s] Level 5:colcon.colcon_core.verb:set package 'mecharm_interfaces' build argument 'cmake_target' from command line to 'None'
[0.260s] Level 5:colcon.colcon_core.verb:set package 'mecharm_interfaces' build argument 'cmake_target_skip_unavailable' from command line to 'False'
[0.260s] Level 5:colcon.colcon_core.verb:set package 'mecharm_interfaces' build argument 'cmake_clean_cache' from command line to 'False'
[0.260s] Level 5:colcon.colcon_core.verb:set package 'mecharm_interfaces' build argument 'cmake_clean_first' from command line to 'False'
[0.260s] Level 5:colcon.colcon_core.verb:set package 'mecharm_interfaces' build argument 'cmake_force_configure' from command line to 'False'
[0.260s] Level 5:colcon.colcon_core.verb:set package 'mecharm_interfaces' build argument 'ament_cmake_args' from command line to 'None'
[0.260s] Level 5:colcon.colcon_core.verb:set package 'mecharm_interfaces' build argument 'catkin_cmake_args' from command line to 'None'
[0.260s] Level 5:colcon.colcon_core.verb:set package 'mecharm_interfaces' build argument 'catkin_skip_building_tests' from command line to 'False'
[0.260s] DEBUG:colcon.colcon_core.verb:Building package 'mecharm_interfaces' with the following arguments: {'ament_cmake_args': None, 'build_base': '/home/robotics/ros2_cobot/build/mecharm_interfaces', 'catkin_cmake_args': None, 'catkin_skip_building_tests': False, 'cmake_args': None, 'cmake_clean_cache': False, 'cmake_clean_first': False, 'cmake_force_configure': False, 'cmake_target': None, 'cmake_target_skip_unavailable': False, 'install_base': '/home/robotics/ros2_cobot/install/mecharm_interfaces', 'merge_install': False, 'path': '/home/robotics/ros2_cobot/src/mycobot_ros2/mecharm/mecharm_interfaces', 'symlink_install': False, 'test_result_base': None}
[0.261s] Level 5:colcon.colcon_core.verb:set package 'mycobot_description' build argument 'cmake_args' from command line to 'None'
[0.261s] Level 5:colcon.colcon_core.verb:set package 'mycobot_description' build argument 'cmake_target' from command line to 'None'
[0.261s] Level 5:colcon.colcon_core.verb:set package 'mycobot_description' build argument 'cmake_target_skip_unavailable' from command line to 'False'
[0.261s] Level 5:colcon.colcon_core.verb:set package 'mycobot_description' build argument 'cmake_clean_cache' from command line to 'False'
[0.261s] Level 5:colcon.colcon_core.verb:set package 'mycobot_description' build argument 'cmake_clean_first' from command line to 'False'
[0.261s] Level 5:colcon.colcon_core.verb:set package 'mycobot_description' build argument 'cmake_force_configure' from command line to 'False'
[0.261s] Level 5:colcon.colcon_core.verb:set package 'mycobot_description' build argument 'ament_cmake_args' from command line to 'None'
[0.261s] Level 5:colcon.colcon_core.verb:set package 'mycobot_description' build argument 'catkin_cmake_args' from command line to 'None'
[0.261s] Level 5:colcon.colcon_core.verb:set package 'mycobot_description' build argument 'catkin_skip_building_tests' from command line to 'False'
[0.261s] DEBUG:colcon.colcon_core.verb:Building package 'mycobot_description' with the following arguments: {'ament_cmake_args': None, 'build_base': '/home/robotics/ros2_cobot/build/mycobot_description', 'catkin_cmake_args': None, 'catkin_skip_building_tests': False, 'cmake_args': None, 'cmake_clean_cache': False, 'cmake_clean_first': False, 'cmake_force_configure': False, 'cmake_target': None, 'cmake_target_skip_unavailable': False, 'install_base': '/home/robotics/ros2_cobot/install/mycobot_description', 'merge_install': False, 'path': '/home/robotics/ros2_cobot/src/mycobot_ros2/mycobot_description', 'symlink_install': False, 'test_result_base': None}
[0.261s] Level 5:colcon.colcon_core.verb:set package 'mycobot_interfaces' build argument 'cmake_args' from command line to 'None'
[0.261s] Level 5:colcon.colcon_core.verb:set package 'mycobot_interfaces' build argument 'cmake_target' from command line to 'None'
[0.261s] Level 5:colcon.colcon_core.verb:set package 'mycobot_interfaces' build argument 'cmake_target_skip_unavailable' from command line to 'False'
[0.261s] Level 5:colcon.colcon_core.verb:set package 'mycobot_interfaces' build argument 'cmake_clean_cache' from command line to 'False'
[0.261s] Level 5:colcon.colcon_core.verb:set package 'mycobot_interfaces' build argument 'cmake_clean_first' from command line to 'False'
[0.261s] Level 5:colcon.colcon_core.verb:set package 'mycobot_interfaces' build argument 'cmake_force_configure' from command line to 'False'
[0.261s] Level 5:colcon.colcon_core.verb:set package 'mycobot_interfaces' build argument 'ament_cmake_args' from command line to 'None'
[0.261s] Level 5:colcon.colcon_core.verb:set package 'mycobot_interfaces' build argument 'catkin_cmake_args' from command line to 'None'
[0.261s] Level 5:colcon.colcon_core.verb:set package 'mycobot_interfaces' build argument 'catkin_skip_building_tests' from command line to 'False'
[0.261s] DEBUG:colcon.colcon_core.verb:Building package 'mycobot_interfaces' with the following arguments: {'ament_cmake_args': None, 'build_base': '/home/robotics/ros2_cobot/build/mycobot_interfaces', 'catkin_cmake_args': None, 'catkin_skip_building_tests': False, 'cmake_args': None, 'cmake_clean_cache': False, 'cmake_clean_first': False, 'cmake_force_configure': False, 'cmake_target': None, 'cmake_target_skip_unavailable': False, 'install_base': '/home/robotics/ros2_cobot/install/mycobot_interfaces', 'merge_install': False, 'path': '/home/robotics/ros2_cobot/src/mycobot_ros2/mycobot_280/mycobot_interfaces', 'symlink_install': False, 'test_result_base': None}
[0.261s] Level 5:colcon.colcon_core.verb:set package 'mypalletizer_interfaces' build argument 'cmake_args' from command line to 'None'
[0.261s] Level 5:colcon.colcon_core.verb:set package 'mypalletizer_interfaces' build argument 'cmake_target' from command line to 'None'
[0.261s] Level 5:colcon.colcon_core.verb:set package 'mypalletizer_interfaces' build argument 'cmake_target_skip_unavailable' from command line to 'False'
[0.261s] Level 5:colcon.colcon_core.verb:set package 'mypalletizer_interfaces' build argument 'cmake_clean_cache' from command line to 'False'
[0.261s] Level 5:colcon.colcon_core.verb:set package 'mypalletizer_interfaces' build argument 'cmake_clean_first' from command line to 'False'
[0.261s] Level 5:colcon.colcon_core.verb:set package 'mypalletizer_interfaces' build argument 'cmake_force_configure' from command line to 'False'
[0.261s] Level 5:colcon.colcon_core.verb:set package 'mypalletizer_interfaces' build argument 'ament_cmake_args' from command line to 'None'
[0.261s] Level 5:colcon.colcon_core.verb:set package 'mypalletizer_interfaces' build argument 'catkin_cmake_args' from command line to 'None'
[0.261s] Level 5:colcon.colcon_core.verb:set package 'mypalletizer_interfaces' build argument 'catkin_skip_building_tests' from command line to 'False'
[0.261s] DEBUG:colcon.colcon_core.verb:Building package 'mypalletizer_interfaces' with the following arguments: {'ament_cmake_args': None, 'build_base': '/home/robotics/ros2_cobot/build/mypalletizer_interfaces', 'catkin_cmake_args': None, 'catkin_skip_building_tests': False, 'cmake_args': None, 'cmake_clean_cache': False, 'cmake_clean_first': False, 'cmake_force_configure': False, 'cmake_target': None, 'cmake_target_skip_unavailable': False, 'install_base': '/home/robotics/ros2_cobot/install/mypalletizer_interfaces', 'merge_install': False, 'path': '/home/robotics/ros2_cobot/src/mycobot_ros2/mypalletizer_260/mypalletizer_interfaces', 'symlink_install': False, 'test_result_base': None}
[0.261s] Level 5:colcon.colcon_core.verb:set package 'traj_scripts' build argument 'cmake_args' from command line to 'None'
[0.261s] Level 5:colcon.colcon_core.verb:set package 'traj_scripts' build argument 'cmake_target' from command line to 'None'
[0.261s] Level 5:colcon.colcon_core.verb:set package 'traj_scripts' build argument 'cmake_target_skip_unavailable' from command line to 'False'
[0.261s] Level 5:colcon.colcon_core.verb:set package 'traj_scripts' build argument 'cmake_clean_cache' from command line to 'False'
[0.261s] Level 5:colcon.colcon_core.verb:set package 'traj_scripts' build argument 'cmake_clean_first' from command line to 'False'
[0.261s] Level 5:colcon.colcon_core.verb:set package 'traj_scripts' build argument 'cmake_force_configure' from command line to 'False'
[0.261s] Level 5:colcon.colcon_core.verb:set package 'traj_scripts' build argument 'ament_cmake_args' from command line to 'None'
[0.261s] Level 5:colcon.colcon_core.verb:set package 'traj_scripts' build argument 'catkin_cmake_args' from command line to 'None'
[0.261s] Level 5:colcon.colcon_core.verb:set package 'traj_scripts' build argument 'catkin_skip_building_tests' from command line to 'False'
[0.261s] DEBUG:colcon.colcon_core.verb:Building package 'traj_scripts' with the following arguments: {'ament_cmake_args': None, 'build_base': '/home/robotics/ros2_cobot/build/traj_scripts', 'catkin_cmake_args': None, 'catkin_skip_building_tests': False, 'cmake_args': None, 'cmake_clean_cache': False, 'cmake_clean_first': False, 'cmake_force_configure': False, 'cmake_target': None, 'cmake_target_skip_unavailable': False, 'install_base': '/home/robotics/ros2_cobot/install/traj_scripts', 'merge_install': False, 'path': '/home/robotics/ros2_cobot/src/traj_scripts', 'symlink_install': False, 'test_result_base': None}
[0.262s] Level 5:colcon.colcon_core.verb:set package 'mecharm' build argument 'cmake_args' from command line to 'None'
[0.262s] Level 5:colcon.colcon_core.verb:set package 'mecharm' build argument 'cmake_target' from command line to 'None'
[0.262s] Level 5:colcon.colcon_core.verb:set package 'mecharm' build argument 'cmake_target_skip_unavailable' from command line to 'False'
[0.262s] Level 5:colcon.colcon_core.verb:set package 'mecharm' build argument 'cmake_clean_cache' from command line to 'False'
[0.262s] Level 5:colcon.colcon_core.verb:set package 'mecharm' build argument 'cmake_clean_first' from command line to 'False'
[0.262s] Level 5:colcon.colcon_core.verb:set package 'mecharm' build argument 'cmake_force_configure' from command line to 'False'
[0.262s] Level 5:colcon.colcon_core.verb:set package 'mecharm' build argument 'ament_cmake_args' from command line to 'None'
[0.262s] Level 5:colcon.colcon_core.verb:set package 'mecharm' build argument 'catkin_cmake_args' from command line to 'None'
[0.262s] Level 5:colcon.colcon_core.verb:set package 'mecharm' build argument 'catkin_skip_building_tests' from command line to 'False'
[0.262s] DEBUG:colcon.colcon_core.verb:Building package 'mecharm' with the following arguments: {'ament_cmake_args': None, 'build_base': '/home/robotics/ros2_cobot/build/mecharm', 'catkin_cmake_args': None, 'catkin_skip_building_tests': False, 'cmake_args': None, 'cmake_clean_cache': False, 'cmake_clean_first': False, 'cmake_force_configure': False, 'cmake_target': None, 'cmake_target_skip_unavailable': False, 'install_base': '/home/robotics/ros2_cobot/install/mecharm', 'merge_install': False, 'path': '/home/robotics/ros2_cobot/src/mycobot_ros2/mecharm/mecharm', 'symlink_install': False, 'test_result_base': None}
[0.262s] Level 5:colcon.colcon_core.verb:set package 'mecharm_communication' build argument 'cmake_args' from command line to 'None'
[0.262s] Level 5:colcon.colcon_core.verb:set package 'mecharm_communication' build argument 'cmake_target' from command line to 'None'
[0.262s] Level 5:colcon.colcon_core.verb:set package 'mecharm_communication' build argument 'cmake_target_skip_unavailable' from command line to 'False'
[0.262s] Level 5:colcon.colcon_core.verb:set package 'mecharm_communication' build argument 'cmake_clean_cache' from command line to 'False'
[0.262s] Level 5:colcon.colcon_core.verb:set package 'mecharm_communication' build argument 'cmake_clean_first' from command line to 'False'
[0.262s] Level 5:colcon.colcon_core.verb:set package 'mecharm_communication' build argument 'cmake_force_configure' from command line to 'False'
[0.262s] Level 5:colcon.colcon_core.verb:set package 'mecharm_communication' build argument 'ament_cmake_args' from command line to 'None'
[0.262s] Level 5:colcon.colcon_core.verb:set package 'mecharm_communication' build argument 'catkin_cmake_args' from command line to 'None'
[0.262s] Level 5:colcon.colcon_core.verb:set package 'mecharm_communication' build argument 'catkin_skip_building_tests' from command line to 'False'
[0.262s] DEBUG:colcon.colcon_core.verb:Building package 'mecharm_communication' with the following arguments: {'ament_cmake_args': None, 'build_base': '/home/robotics/ros2_cobot/build/mecharm_communication', 'catkin_cmake_args': None, 'catkin_skip_building_tests': False, 'cmake_args': None, 'cmake_clean_cache': False, 'cmake_clean_first': False, 'cmake_force_configure': False, 'cmake_target': None, 'cmake_target_skip_unavailable': False, 'install_base': '/home/robotics/ros2_cobot/install/mecharm_communication', 'merge_install': False, 'path': '/home/robotics/ros2_cobot/src/mycobot_ros2/mecharm/mecharm_communication', 'symlink_install': False, 'test_result_base': None}
[0.262s] Level 5:colcon.colcon_core.verb:set package 'mecharm_pi' build argument 'cmake_args' from command line to 'None'
[0.262s] Level 5:colcon.colcon_core.verb:set package 'mecharm_pi' build argument 'cmake_target' from command line to 'None'
[0.262s] Level 5:colcon.colcon_core.verb:set package 'mecharm_pi' build argument 'cmake_target_skip_unavailable' from command line to 'False'
[0.262s] Level 5:colcon.colcon_core.verb:set package 'mecharm_pi' build argument 'cmake_clean_cache' from command line to 'False'
[0.262s] Level 5:colcon.colcon_core.verb:set package 'mecharm_pi' build argument 'cmake_clean_first' from command line to 'False'
[0.262s] Level 5:colcon.colcon_core.verb:set package 'mecharm_pi' build argument 'cmake_force_configure' from command line to 'False'
[0.262s] Level 5:colcon.colcon_core.verb:set package 'mecharm_pi' build argument 'ament_cmake_args' from command line to 'None'
[0.262s] Level 5:colcon.colcon_core.verb:set package 'mecharm_pi' build argument 'catkin_cmake_args' from command line to 'None'
[0.262s] Level 5:colcon.colcon_core.verb:set package 'mecharm_pi' build argument 'catkin_skip_building_tests' from command line to 'False'
[0.262s] DEBUG:colcon.colcon_core.verb:Building package 'mecharm_pi' with the following arguments: {'ament_cmake_args': None, 'build_base': '/home/robotics/ros2_cobot/build/mecharm_pi', 'catkin_cmake_args': None, 'catkin_skip_building_tests': False, 'cmake_args': None, 'cmake_clean_cache': False, 'cmake_clean_first': False, 'cmake_force_configure': False, 'cmake_target': None, 'cmake_target_skip_unavailable': False, 'install_base': '/home/robotics/ros2_cobot/install/mecharm_pi', 'merge_install': False, 'path': '/home/robotics/ros2_cobot/src/mycobot_ros2/mecharm/mecharm_pi', 'symlink_install': False, 'test_result_base': None}
[0.262s] Level 5:colcon.colcon_core.verb:set package 'myarm_300' build argument 'cmake_args' from command line to 'None'
[0.262s] Level 5:colcon.colcon_core.verb:set package 'myarm_300' build argument 'cmake_target' from command line to 'None'
[0.262s] Level 5:colcon.colcon_core.verb:set package 'myarm_300' build argument 'cmake_target_skip_unavailable' from command line to 'False'
[0.262s] Level 5:colcon.colcon_core.verb:set package 'myarm_300' build argument 'cmake_clean_cache' from command line to 'False'
[0.262s] Level 5:colcon.colcon_core.verb:set package 'myarm_300' build argument 'cmake_clean_first' from command line to 'False'
[0.262s] Level 5:colcon.colcon_core.verb:set package 'myarm_300' build argument 'cmake_force_configure' from command line to 'False'
[0.262s] Level 5:colcon.colcon_core.verb:set package 'myarm_300' build argument 'ament_cmake_args' from command line to 'None'
[0.262s] Level 5:colcon.colcon_core.verb:set package 'myarm_300' build argument 'catkin_cmake_args' from command line to 'None'
[0.262s] Level 5:colcon.colcon_core.verb:set package 'myarm_300' build argument 'catkin_skip_building_tests' from command line to 'False'
[0.262s] DEBUG:colcon.colcon_core.verb:Building package 'myarm_300' with the following arguments: {'ament_cmake_args': None, 'build_base': '/home/robotics/ros2_cobot/build/myarm_300', 'catkin_cmake_args': None, 'catkin_skip_building_tests': False, 'cmake_args': None, 'cmake_clean_cache': False, 'cmake_clean_first': False, 'cmake_force_configure': False, 'cmake_target': None, 'cmake_target_skip_unavailable': False, 'install_base': '/home/robotics/ros2_cobot/install/myarm_300', 'merge_install': False, 'path': '/home/robotics/ros2_cobot/src/mycobot_ros2/myArm/myarm_300', 'symlink_install': False, 'test_result_base': None}
[0.263s] Level 5:colcon.colcon_core.verb:set package 'mybuddy' build argument 'cmake_args' from command line to 'None'
[0.263s] Level 5:colcon.colcon_core.verb:set package 'mybuddy' build argument 'cmake_target' from command line to 'None'
[0.263s] Level 5:colcon.colcon_core.verb:set package 'mybuddy' build argument 'cmake_target_skip_unavailable' from command line to 'False'
[0.263s] Level 5:colcon.colcon_core.verb:set package 'mybuddy' build argument 'cmake_clean_cache' from command line to 'False'
[0.263s] Level 5:colcon.colcon_core.verb:set package 'mybuddy' build argument 'cmake_clean_first' from command line to 'False'
[0.263s] Level 5:colcon.colcon_core.verb:set package 'mybuddy' build argument 'cmake_force_configure' from command line to 'False'
[0.263s] Level 5:colcon.colcon_core.verb:set package 'mybuddy' build argument 'ament_cmake_args' from command line to 'None'
[0.263s] Level 5:colcon.colcon_core.verb:set package 'mybuddy' build argument 'catkin_cmake_args' from command line to 'None'
[0.263s] Level 5:colcon.colcon_core.verb:set package 'mybuddy' build argument 'catkin_skip_building_tests' from command line to 'False'
[0.263s] DEBUG:colcon.colcon_core.verb:Building package 'mybuddy' with the following arguments: {'ament_cmake_args': None, 'build_base': '/home/robotics/ros2_cobot/build/mybuddy', 'catkin_cmake_args': None, 'catkin_skip_building_tests': False, 'cmake_args': None, 'cmake_clean_cache': False, 'cmake_clean_first': False, 'cmake_force_configure': False, 'cmake_target': None, 'cmake_target_skip_unavailable': False, 'install_base': '/home/robotics/ros2_cobot/install/mybuddy', 'merge_install': False, 'path': '/home/robotics/ros2_cobot/src/mycobot_ros2/Mybuddy/mybuddy', 'symlink_install': False, 'test_result_base': None}
[0.263s] Level 5:colcon.colcon_core.verb:set package 'mycobot_280' build argument 'cmake_args' from command line to 'None'
[0.263s] Level 5:colcon.colcon_core.verb:set package 'mycobot_280' build argument 'cmake_target' from command line to 'None'
[0.263s] Level 5:colcon.colcon_core.verb:set package 'mycobot_280' build argument 'cmake_target_skip_unavailable' from command line to 'False'
[0.263s] Level 5:colcon.colcon_core.verb:set package 'mycobot_280' build argument 'cmake_clean_cache' from command line to 'False'
[0.263s] Level 5:colcon.colcon_core.verb:set package 'mycobot_280' build argument 'cmake_clean_first' from command line to 'False'
[0.263s] Level 5:colcon.colcon_core.verb:set package 'mycobot_280' build argument 'cmake_force_configure' from command line to 'False'
[0.263s] Level 5:colcon.colcon_core.verb:set package 'mycobot_280' build argument 'ament_cmake_args' from command line to 'None'
[0.263s] Level 5:colcon.colcon_core.verb:set package 'mycobot_280' build argument 'catkin_cmake_args' from command line to 'None'
[0.263s] Level 5:colcon.colcon_core.verb:set package 'mycobot_280' build argument 'catkin_skip_building_tests' from command line to 'False'
[0.263s] DEBUG:colcon.colcon_core.verb:Building package 'mycobot_280' with the following arguments: {'ament_cmake_args': None, 'build_base': '/home/robotics/ros2_cobot/build/mycobot_280', 'catkin_cmake_args': None, 'catkin_skip_building_tests': False, 'cmake_args': None, 'cmake_clean_cache': False, 'cmake_clean_first': False, 'cmake_force_configure': False, 'cmake_target': None, 'cmake_target_skip_unavailable': False, 'install_base': '/home/robotics/ros2_cobot/install/mycobot_280', 'merge_install': False, 'path': '/home/robotics/ros2_cobot/src/mycobot_ros2/mycobot_280/mycobot_280', 'symlink_install': False, 'test_result_base': None}
[0.263s] Level 5:colcon.colcon_core.verb:set package 'mycobot_280_arduino' build argument 'cmake_args' from command line to 'None'
[0.263s] Level 5:colcon.colcon_core.verb:set package 'mycobot_280_arduino' build argument 'cmake_target' from command line to 'None'
[0.263s] Level 5:colcon.colcon_core.verb:set package 'mycobot_280_arduino' build argument 'cmake_target_skip_unavailable' from command line to 'False'
[0.263s] Level 5:colcon.colcon_core.verb:set package 'mycobot_280_arduino' build argument 'cmake_clean_cache' from command line to 'False'
[0.263s] Level 5:colcon.colcon_core.verb:set package 'mycobot_280_arduino' build argument 'cmake_clean_first' from command line to 'False'
[0.263s] Level 5:colcon.colcon_core.verb:set package 'mycobot_280_arduino' build argument 'cmake_force_configure' from command line to 'False'
[0.263s] Level 5:colcon.colcon_core.verb:set package 'mycobot_280_arduino' build argument 'ament_cmake_args' from command line to 'None'
[0.263s] Level 5:colcon.colcon_core.verb:set package 'mycobot_280_arduino' build argument 'catkin_cmake_args' from command line to 'None'
[0.263s] Level 5:colcon.colcon_core.verb:set package 'mycobot_280_arduino' build argument 'catkin_skip_building_tests' from command line to 'False'
[0.263s] DEBUG:colcon.colcon_core.verb:Building package 'mycobot_280_arduino' with the following arguments: {'ament_cmake_args': None, 'build_base': '/home/robotics/ros2_cobot/build/mycobot_280_arduino', 'catkin_cmake_args': None, 'catkin_skip_building_tests': False, 'cmake_args': None, 'cmake_clean_cache': False, 'cmake_clean_first': False, 'cmake_force_configure': False, 'cmake_target': None, 'cmake_target_skip_unavailable': False, 'install_base': '/home/robotics/ros2_cobot/install/mycobot_280_arduino', 'merge_install': False, 'path': '/home/robotics/ros2_cobot/src/mycobot_ros2/mycobot_280/mycobot_280_arduino', 'symlink_install': False, 'test_result_base': None}
[0.263s] Level 5:colcon.colcon_core.verb:set package 'mycobot_280_moveit2' build argument 'cmake_args' from command line to 'None'
[0.263s] Level 5:colcon.colcon_core.verb:set package 'mycobot_280_moveit2' build argument 'cmake_target' from command line to 'None'
[0.263s] Level 5:colcon.colcon_core.verb:set package 'mycobot_280_moveit2' build argument 'cmake_target_skip_unavailable' from command line to 'False'
[0.263s] Level 5:colcon.colcon_core.verb:set package 'mycobot_280_moveit2' build argument 'cmake_clean_cache' from command line to 'False'
[0.263s] Level 5:colcon.colcon_core.verb:set package 'mycobot_280_moveit2' build argument 'cmake_clean_first' from command line to 'False'
[0.263s] Level 5:colcon.colcon_core.verb:set package 'mycobot_280_moveit2' build argument 'cmake_force_configure' from command line to 'False'
[0.263s] Level 5:colcon.colcon_core.verb:set package 'mycobot_280_moveit2' build argument 'ament_cmake_args' from command line to 'None'
[0.263s] Level 5:colcon.colcon_core.verb:set package 'mycobot_280_moveit2' build argument 'catkin_cmake_args' from command line to 'None'
[0.263s] Level 5:colcon.colcon_core.verb:set package 'mycobot_280_moveit2' build argument 'catkin_skip_building_tests' from command line to 'False'
[0.263s] DEBUG:colcon.colcon_core.verb:Building package 'mycobot_280_moveit2' with the following arguments: {'ament_cmake_args': None, 'build_base': '/home/robotics/ros2_cobot/build/mycobot_280_moveit2', 'catkin_cmake_args': None, 'catkin_skip_building_tests': False, 'cmake_args': None, 'cmake_clean_cache': False, 'cmake_clean_first': False, 'cmake_force_configure': False, 'cmake_target': None, 'cmake_target_skip_unavailable': False, 'install_base': '/home/robotics/ros2_cobot/install/mycobot_280_moveit2', 'merge_install': False, 'path': '/home/robotics/ros2_cobot/src/mycobot_ros2/mycobot_280/mycobot_280_moveit2', 'symlink_install': False, 'test_result_base': None}
[0.264s] Level 5:colcon.colcon_core.verb:set package 'mycobot_280_moveit2_control' build argument 'cmake_args' from command line to 'None'
[0.264s] Level 5:colcon.colcon_core.verb:set package 'mycobot_280_moveit2_control' build argument 'cmake_target' from command line to 'None'
[0.264s] Level 5:colcon.colcon_core.verb:set package 'mycobot_280_moveit2_control' build argument 'cmake_target_skip_unavailable' from command line to 'False'
[0.264s] Level 5:colcon.colcon_core.verb:set package 'mycobot_280_moveit2_control' build argument 'cmake_clean_cache' from command line to 'False'
[0.264s] Level 5:colcon.colcon_core.verb:set package 'mycobot_280_moveit2_control' build argument 'cmake_clean_first' from command line to 'False'
[0.264s] Level 5:colcon.colcon_core.verb:set package 'mycobot_280_moveit2_control' build argument 'cmake_force_configure' from command line to 'False'
[0.264s] Level 5:colcon.colcon_core.verb:set package 'mycobot_280_moveit2_control' build argument 'ament_cmake_args' from command line to 'None'
[0.264s] Level 5:colcon.colcon_core.verb:set package 'mycobot_280_moveit2_control' build argument 'catkin_cmake_args' from command line to 'None'
[0.264s] Level 5:colcon.colcon_core.verb:set package 'mycobot_280_moveit2_control' build argument 'catkin_skip_building_tests' from command line to 'False'
[0.264s] DEBUG:colcon.colcon_core.verb:Building package 'mycobot_280_moveit2_control' with the following arguments: {'ament_cmake_args': None, 'build_base': '/home/robotics/ros2_cobot/build/mycobot_280_moveit2_control', 'catkin_cmake_args': None, 'catkin_skip_building_tests': False, 'cmake_args': None, 'cmake_clean_cache': False, 'cmake_clean_first': False, 'cmake_force_configure': False, 'cmake_target': None, 'cmake_target_skip_unavailable': False, 'install_base': '/home/robotics/ros2_cobot/install/mycobot_280_moveit2_control', 'merge_install': False, 'path': '/home/robotics/ros2_cobot/src/mycobot_ros2/mycobot_280/mycobot_280_moveit2_control', 'symlink_install': False, 'test_result_base': None}
[0.264s] Level 5:colcon.colcon_core.verb:set package 'mycobot_280_riscv' build argument 'cmake_args' from command line to 'None'
[0.264s] Level 5:colcon.colcon_core.verb:set package 'mycobot_280_riscv' build argument 'cmake_target' from command line to 'None'
[0.264s] Level 5:colcon.colcon_core.verb:set package 'mycobot_280_riscv' build argument 'cmake_target_skip_unavailable' from command line to 'False'
[0.264s] Level 5:colcon.colcon_core.verb:set package 'mycobot_280_riscv' build argument 'cmake_clean_cache' from command line to 'False'
[0.264s] Level 5:colcon.colcon_core.verb:set package 'mycobot_280_riscv' build argument 'cmake_clean_first' from command line to 'False'
[0.264s] Level 5:colcon.colcon_core.verb:set package 'mycobot_280_riscv' build argument 'cmake_force_configure' from command line to 'False'
[0.264s] Level 5:colcon.colcon_core.verb:set package 'mycobot_280_riscv' build argument 'ament_cmake_args' from command line to 'None'
[0.264s] Level 5:colcon.colcon_core.verb:set package 'mycobot_280_riscv' build argument 'catkin_cmake_args' from command line to 'None'
[0.264s] Level 5:colcon.colcon_core.verb:set package 'mycobot_280_riscv' build argument 'catkin_skip_building_tests' from command line to 'False'
[0.264s] DEBUG:colcon.colcon_core.verb:Building package 'mycobot_280_riscv' with the following arguments: {'ament_cmake_args': None, 'build_base': '/home/robotics/ros2_cobot/build/mycobot_280_riscv', 'catkin_cmake_args': None, 'catkin_skip_building_tests': False, 'cmake_args': None, 'cmake_clean_cache': False, 'cmake_clean_first': False, 'cmake_force_configure': False, 'cmake_target': None, 'cmake_target_skip_unavailable': False, 'install_base': '/home/robotics/ros2_cobot/install/mycobot_280_riscv', 'merge_install': False, 'path': '/home/robotics/ros2_cobot/src/mycobot_ros2/mycobot_280/mycobot_280_riscv', 'symlink_install': False, 'test_result_base': None}
[0.264s] Level 5:colcon.colcon_core.verb:set package 'mycobot_280_x3pi' build argument 'cmake_args' from command line to 'None'
[0.264s] Level 5:colcon.colcon_core.verb:set package 'mycobot_280_x3pi' build argument 'cmake_target' from command line to 'None'
[0.264s] Level 5:colcon.colcon_core.verb:set package 'mycobot_280_x3pi' build argument 'cmake_target_skip_unavailable' from command line to 'False'
[0.264s] Level 5:colcon.colcon_core.verb:set package 'mycobot_280_x3pi' build argument 'cmake_clean_cache' from command line to 'False'
[0.264s] Level 5:colcon.colcon_core.verb:set package 'mycobot_280_x3pi' build argument 'cmake_clean_first' from command line to 'False'
[0.264s] Level 5:colcon.colcon_core.verb:set package 'mycobot_280_x3pi' build argument 'cmake_force_configure' from command line to 'False'
[0.264s] Level 5:colcon.colcon_core.verb:set package 'mycobot_280_x3pi' build argument 'ament_cmake_args' from command line to 'None'
[0.264s] Level 5:colcon.colcon_core.verb:set package 'mycobot_280_x3pi' build argument 'catkin_cmake_args' from command line to 'None'
[0.264s] Level 5:colcon.colcon_core.verb:set package 'mycobot_280_x3pi' build argument 'catkin_skip_building_tests' from command line to 'False'
[0.264s] DEBUG:colcon.colcon_core.verb:Building package 'mycobot_280_x3pi' with the following arguments: {'ament_cmake_args': None, 'build_base': '/home/robotics/ros2_cobot/build/mycobot_280_x3pi', 'catkin_cmake_args': None, 'catkin_skip_building_tests': False, 'cmake_args': None, 'cmake_clean_cache': False, 'cmake_clean_first': False, 'cmake_force_configure': False, 'cmake_target': None, 'cmake_target_skip_unavailable': False, 'install_base': '/home/robotics/ros2_cobot/install/mycobot_280_x3pi', 'merge_install': False, 'path': '/home/robotics/ros2_cobot/src/mycobot_ros2/mycobot_280/mycobot_280_x3pi', 'symlink_install': False, 'test_result_base': None}
[0.264s] Level 5:colcon.colcon_core.verb:set package 'mycobot_280arduino_moveit2' build argument 'cmake_args' from command line to 'None'
[0.264s] Level 5:colcon.colcon_core.verb:set package 'mycobot_280arduino_moveit2' build argument 'cmake_target' from command line to 'None'
[0.264s] Level 5:colcon.colcon_core.verb:set package 'mycobot_280arduino_moveit2' build argument 'cmake_target_skip_unavailable' from command line to 'False'
[0.264s] Level 5:colcon.colcon_core.verb:set package 'mycobot_280arduino_moveit2' build argument 'cmake_clean_cache' from command line to 'False'
[0.264s] Level 5:colcon.colcon_core.verb:set package 'mycobot_280arduino_moveit2' build argument 'cmake_clean_first' from command line to 'False'
[0.264s] Level 5:colcon.colcon_core.verb:set package 'mycobot_280arduino_moveit2' build argument 'cmake_force_configure' from command line to 'False'
[0.264s] Level 5:colcon.colcon_core.verb:set package 'mycobot_280arduino_moveit2' build argument 'ament_cmake_args' from command line to 'None'
[0.264s] Level 5:colcon.colcon_core.verb:set package 'mycobot_280arduino_moveit2' build argument 'catkin_cmake_args' from command line to 'None'
[0.264s] Level 5:colcon.colcon_core.verb:set package 'mycobot_280arduino_moveit2' build argument 'catkin_skip_building_tests' from command line to 'False'
[0.264s] DEBUG:colcon.colcon_core.verb:Building package 'mycobot_280arduino_moveit2' with the following arguments: {'ament_cmake_args': None, 'build_base': '/home/robotics/ros2_cobot/build/mycobot_280arduino_moveit2', 'catkin_cmake_args': None, 'catkin_skip_building_tests': False, 'cmake_args': None, 'cmake_clean_cache': False, 'cmake_clean_first': False, 'cmake_force_configure': False, 'cmake_target': None, 'cmake_target_skip_unavailable': False, 'install_base': '/home/robotics/ros2_cobot/install/mycobot_280arduino_moveit2', 'merge_install': False, 'path': '/home/robotics/ros2_cobot/src/mycobot_ros2/mycobot_280/mycobot_280arduino_moveit2', 'symlink_install': False, 'test_result_base': None}
[0.265s] Level 5:colcon.colcon_core.verb:set package 'mycobot_280jn' build argument 'cmake_args' from command line to 'None'
[0.265s] Level 5:colcon.colcon_core.verb:set package 'mycobot_280jn' build argument 'cmake_target' from command line to 'None'
[0.265s] Level 5:colcon.colcon_core.verb:set package 'mycobot_280jn' build argument 'cmake_target_skip_unavailable' from command line to 'False'
[0.265s] Level 5:colcon.colcon_core.verb:set package 'mycobot_280jn' build argument 'cmake_clean_cache' from command line to 'False'
[0.265s] Level 5:colcon.colcon_core.verb:set package 'mycobot_280jn' build argument 'cmake_clean_first' from command line to 'False'
[0.265s] Level 5:colcon.colcon_core.verb:set package 'mycobot_280jn' build argument 'cmake_force_configure' from command line to 'False'
[0.265s] Level 5:colcon.colcon_core.verb:set package 'mycobot_280jn' build argument 'ament_cmake_args' from command line to 'None'
[0.265s] Level 5:colcon.colcon_core.verb:set package 'mycobot_280jn' build argument 'catkin_cmake_args' from command line to 'None'
[0.265s] Level 5:colcon.colcon_core.verb:set package 'mycobot_280jn' build argument 'catkin_skip_building_tests' from command line to 'False'
[0.265s] DEBUG:colcon.colcon_core.verb:Building package 'mycobot_280jn' with the following arguments: {'ament_cmake_args': None, 'build_base': '/home/robotics/ros2_cobot/build/mycobot_280jn', 'catkin_cmake_args': None, 'catkin_skip_building_tests': False, 'cmake_args': None, 'cmake_clean_cache': False, 'cmake_clean_first': False, 'cmake_force_configure': False, 'cmake_target': None, 'cmake_target_skip_unavailable': False, 'install_base': '/home/robotics/ros2_cobot/install/mycobot_280jn', 'merge_install': False, 'path': '/home/robotics/ros2_cobot/src/mycobot_ros2/mycobot_280/mycobot_280jn', 'symlink_install': False, 'test_result_base': None}
[0.265s] Level 5:colcon.colcon_core.verb:set package 'mycobot_280pi' build argument 'cmake_args' from command line to 'None'
[0.265s] Level 5:colcon.colcon_core.verb:set package 'mycobot_280pi' build argument 'cmake_target' from command line to 'None'
[0.265s] Level 5:colcon.colcon_core.verb:set package 'mycobot_280pi' build argument 'cmake_target_skip_unavailable' from command line to 'False'
[0.265s] Level 5:colcon.colcon_core.verb:set package 'mycobot_280pi' build argument 'cmake_clean_cache' from command line to 'False'
[0.265s] Level 5:colcon.colcon_core.verb:set package 'mycobot_280pi' build argument 'cmake_clean_first' from command line to 'False'
[0.265s] Level 5:colcon.colcon_core.verb:set package 'mycobot_280pi' build argument 'cmake_force_configure' from command line to 'False'
[0.265s] Level 5:colcon.colcon_core.verb:set package 'mycobot_280pi' build argument 'ament_cmake_args' from command line to 'None'
[0.265s] Level 5:colcon.colcon_core.verb:set package 'mycobot_280pi' build argument 'catkin_cmake_args' from command line to 'None'
[0.265s] Level 5:colcon.colcon_core.verb:set package 'mycobot_280pi' build argument 'catkin_skip_building_tests' from command line to 'False'
[0.265s] DEBUG:colcon.colcon_core.verb:Building package 'mycobot_280pi' with the following arguments: {'ament_cmake_args': None, 'build_base': '/home/robotics/ros2_cobot/build/mycobot_280pi', 'catkin_cmake_args': None, 'catkin_skip_building_tests': False, 'cmake_args': None, 'cmake_clean_cache': False, 'cmake_clean_first': False, 'cmake_force_configure': False, 'cmake_target': None, 'cmake_target_skip_unavailable': False, 'install_base': '/home/robotics/ros2_cobot/install/mycobot_280pi', 'merge_install': False, 'path': '/home/robotics/ros2_cobot/src/mycobot_ros2/mycobot_280/mycobot_280pi', 'symlink_install': False, 'test_result_base': None}
[0.265s] Level 5:colcon.colcon_core.verb:set package 'mycobot_280rdkx5_moveit2' build argument 'cmake_args' from command line to 'None'
[0.265s] Level 5:colcon.colcon_core.verb:set package 'mycobot_280rdkx5_moveit2' build argument 'cmake_target' from command line to 'None'
[0.265s] Level 5:colcon.colcon_core.verb:set package 'mycobot_280rdkx5_moveit2' build argument 'cmake_target_skip_unavailable' from command line to 'False'
[0.265s] Level 5:colcon.colcon_core.verb:set package 'mycobot_280rdkx5_moveit2' build argument 'cmake_clean_cache' from command line to 'False'
[0.265s] Level 5:colcon.colcon_core.verb:set package 'mycobot_280rdkx5_moveit2' build argument 'cmake_clean_first' from command line to 'False'
[0.265s] Level 5:colcon.colcon_core.verb:set package 'mycobot_280rdkx5_moveit2' build argument 'cmake_force_configure' from command line to 'False'
[0.265s] Level 5:colcon.colcon_core.verb:set package 'mycobot_280rdkx5_moveit2' build argument 'ament_cmake_args' from command line to 'None'
[0.265s] Level 5:colcon.colcon_core.verb:set package 'mycobot_280rdkx5_moveit2' build argument 'catkin_cmake_args' from command line to 'None'
[0.265s] Level 5:colcon.colcon_core.verb:set package 'mycobot_280rdkx5_moveit2' build argument 'catkin_skip_building_tests' from command line to 'False'
[0.265s] DEBUG:colcon.colcon_core.verb:Building package 'mycobot_280rdkx5_moveit2' with the following arguments: {'ament_cmake_args': None, 'build_base': '/home/robotics/ros2_cobot/build/mycobot_280rdkx5_moveit2', 'catkin_cmake_args': None, 'catkin_skip_building_tests': False, 'cmake_args': None, 'cmake_clean_cache': False, 'cmake_clean_first': False, 'cmake_force_configure': False, 'cmake_target': None, 'cmake_target_skip_unavailable': False, 'install_base': '/home/robotics/ros2_cobot/install/mycobot_280rdkx5_moveit2', 'merge_install': False, 'path': '/home/robotics/ros2_cobot/src/mycobot_ros2/mycobot_280/mycobot_280rdkx5_moveit2', 'symlink_install': False, 'test_result_base': None}
[0.265s] Level 5:colcon.colcon_core.verb:set package 'mycobot_320' build argument 'cmake_args' from command line to 'None'
[0.265s] Level 5:colcon.colcon_core.verb:set package 'mycobot_320' build argument 'cmake_target' from command line to 'None'
[0.265s] Level 5:colcon.colcon_core.verb:set package 'mycobot_320' build argument 'cmake_target_skip_unavailable' from command line to 'False'
[0.265s] Level 5:colcon.colcon_core.verb:set package 'mycobot_320' build argument 'cmake_clean_cache' from command line to 'False'
[0.265s] Level 5:colcon.colcon_core.verb:set package 'mycobot_320' build argument 'cmake_clean_first' from command line to 'False'
[0.265s] Level 5:colcon.colcon_core.verb:set package 'mycobot_320' build argument 'cmake_force_configure' from command line to 'False'
[0.265s] Level 5:colcon.colcon_core.verb:set package 'mycobot_320' build argument 'ament_cmake_args' from command line to 'None'
[0.265s] Level 5:colcon.colcon_core.verb:set package 'mycobot_320' build argument 'catkin_cmake_args' from command line to 'None'
[0.265s] Level 5:colcon.colcon_core.verb:set package 'mycobot_320' build argument 'catkin_skip_building_tests' from command line to 'False'
[0.265s] DEBUG:colcon.colcon_core.verb:Building package 'mycobot_320' with the following arguments: {'ament_cmake_args': None, 'build_base': '/home/robotics/ros2_cobot/build/mycobot_320', 'catkin_cmake_args': None, 'catkin_skip_building_tests': False, 'cmake_args': None, 'cmake_clean_cache': False, 'cmake_clean_first': False, 'cmake_force_configure': False, 'cmake_target': None, 'cmake_target_skip_unavailable': False, 'install_base': '/home/robotics/ros2_cobot/install/mycobot_320', 'merge_install': False, 'path': '/home/robotics/ros2_cobot/src/mycobot_ros2/mycobot_320/mycobot_320', 'symlink_install': False, 'test_result_base': None}
[0.265s] Level 5:colcon.colcon_core.verb:set package 'mycobot_320_riscv' build argument 'cmake_args' from command line to 'None'
[0.265s] Level 5:colcon.colcon_core.verb:set package 'mycobot_320_riscv' build argument 'cmake_target' from command line to 'None'
[0.265s] Level 5:colcon.colcon_core.verb:set package 'mycobot_320_riscv' build argument 'cmake_target_skip_unavailable' from command line to 'False'
[0.265s] Level 5:colcon.colcon_core.verb:set package 'mycobot_320_riscv' build argument 'cmake_clean_cache' from command line to 'False'
[0.266s] Level 5:colcon.colcon_core.verb:set package 'mycobot_320_riscv' build argument 'cmake_clean_first' from command line to 'False'
[0.266s] Level 5:colcon.colcon_core.verb:set package 'mycobot_320_riscv' build argument 'cmake_force_configure' from command line to 'False'
[0.266s] Level 5:colcon.colcon_core.verb:set package 'mycobot_320_riscv' build argument 'ament_cmake_args' from command line to 'None'
[0.266s] Level 5:colcon.colcon_core.verb:set package 'mycobot_320_riscv' build argument 'catkin_cmake_args' from command line to 'None'
[0.266s] Level 5:colcon.colcon_core.verb:set package 'mycobot_320_riscv' build argument 'catkin_skip_building_tests' from command line to 'False'
[0.266s] DEBUG:colcon.colcon_core.verb:Building package 'mycobot_320_riscv' with the following arguments: {'ament_cmake_args': None, 'build_base': '/home/robotics/ros2_cobot/build/mycobot_320_riscv', 'catkin_cmake_args': None, 'catkin_skip_building_tests': False, 'cmake_args': None, 'cmake_clean_cache': False, 'cmake_clean_first': False, 'cmake_force_configure': False, 'cmake_target': None, 'cmake_target_skip_unavailable': False, 'install_base': '/home/robotics/ros2_cobot/install/mycobot_320_riscv', 'merge_install': False, 'path': '/home/robotics/ros2_cobot/src/mycobot_ros2/mycobot_320/mycobot_320_riscv', 'symlink_install': False, 'test_result_base': None}
[0.266s] Level 5:colcon.colcon_core.verb:set package 'mycobot_320pi' build argument 'cmake_args' from command line to 'None'
[0.266s] Level 5:colcon.colcon_core.verb:set package 'mycobot_320pi' build argument 'cmake_target' from command line to 'None'
[0.266s] Level 5:colcon.colcon_core.verb:set package 'mycobot_320pi' build argument 'cmake_target_skip_unavailable' from command line to 'False'
[0.266s] Level 5:colcon.colcon_core.verb:set package 'mycobot_320pi' build argument 'cmake_clean_cache' from command line to 'False'
[0.266s] Level 5:colcon.colcon_core.verb:set package 'mycobot_320pi' build argument 'cmake_clean_first' from command line to 'False'
[0.266s] Level 5:colcon.colcon_core.verb:set package 'mycobot_320pi' build argument 'cmake_force_configure' from command line to 'False'
[0.266s] Level 5:colcon.colcon_core.verb:set package 'mycobot_320pi' build argument 'ament_cmake_args' from command line to 'None'
[0.266s] Level 5:colcon.colcon_core.verb:set package 'mycobot_320pi' build argument 'catkin_cmake_args' from command line to 'None'
[0.266s] Level 5:colcon.colcon_core.verb:set package 'mycobot_320pi' build argument 'catkin_skip_building_tests' from command line to 'False'
[0.266s] DEBUG:colcon.colcon_core.verb:Building package 'mycobot_320pi' with the following arguments: {'ament_cmake_args': None, 'build_base': '/home/robotics/ros2_cobot/build/mycobot_320pi', 'catkin_cmake_args': None, 'catkin_skip_building_tests': False, 'cmake_args': None, 'cmake_clean_cache': False, 'cmake_clean_first': False, 'cmake_force_configure': False, 'cmake_target': None, 'cmake_target_skip_unavailable': False, 'install_base': '/home/robotics/ros2_cobot/install/mycobot_320pi', 'merge_install': False, 'path': '/home/robotics/ros2_cobot/src/mycobot_ros2/mycobot_320/mycobot_320pi', 'symlink_install': False, 'test_result_base': None}
[0.266s] Level 5:colcon.colcon_core.verb:set package 'mycobot_600' build argument 'cmake_args' from command line to 'None'
[0.266s] Level 5:colcon.colcon_core.verb:set package 'mycobot_600' build argument 'cmake_target' from command line to 'None'
[0.266s] Level 5:colcon.colcon_core.verb:set package 'mycobot_600' build argument 'cmake_target_skip_unavailable' from command line to 'False'
[0.266s] Level 5:colcon.colcon_core.verb:set package 'mycobot_600' build argument 'cmake_clean_cache' from command line to 'False'
[0.266s] Level 5:colcon.colcon_core.verb:set package 'mycobot_600' build argument 'cmake_clean_first' from command line to 'False'
[0.266s] Level 5:colcon.colcon_core.verb:set package 'mycobot_600' build argument 'cmake_force_configure' from command line to 'False'
[0.266s] Level 5:colcon.colcon_core.verb:set package 'mycobot_600' build argument 'ament_cmake_args' from command line to 'None'
[0.266s] Level 5:colcon.colcon_core.verb:set package 'mycobot_600' build argument 'catkin_cmake_args' from command line to 'None'
[0.266s] Level 5:colcon.colcon_core.verb:set package 'mycobot_600' build argument 'catkin_skip_building_tests' from command line to 'False'
[0.266s] DEBUG:colcon.colcon_core.verb:Building package 'mycobot_600' with the following arguments: {'ament_cmake_args': None, 'build_base': '/home/robotics/ros2_cobot/build/mycobot_600', 'catkin_cmake_args': None, 'catkin_skip_building_tests': False, 'cmake_args': None, 'cmake_clean_cache': False, 'cmake_clean_first': False, 'cmake_force_configure': False, 'cmake_target': None, 'cmake_target_skip_unavailable': False, 'install_base': '/home/robotics/ros2_cobot/install/mycobot_600', 'merge_install': False, 'path': '/home/robotics/ros2_cobot/src/mycobot_ros2/mycobot_pro/mycobot_600', 'symlink_install': False, 'test_result_base': None}
[0.266s] Level 5:colcon.colcon_core.verb:set package 'mycobot_630' build argument 'cmake_args' from command line to 'None'
[0.266s] Level 5:colcon.colcon_core.verb:set package 'mycobot_630' build argument 'cmake_target' from command line to 'None'
[0.266s] Level 5:colcon.colcon_core.verb:set package 'mycobot_630' build argument 'cmake_target_skip_unavailable' from command line to 'False'
[0.266s] Level 5:colcon.colcon_core.verb:set package 'mycobot_630' build argument 'cmake_clean_cache' from command line to 'False'
[0.266s] Level 5:colcon.colcon_core.verb:set package 'mycobot_630' build argument 'cmake_clean_first' from command line to 'False'
[0.266s] Level 5:colcon.colcon_core.verb:set package 'mycobot_630' build argument 'cmake_force_configure' from command line to 'False'
[0.266s] Level 5:colcon.colcon_core.verb:set package 'mycobot_630' build argument 'ament_cmake_args' from command line to 'None'
[0.266s] Level 5:colcon.colcon_core.verb:set package 'mycobot_630' build argument 'catkin_cmake_args' from command line to 'None'
[0.266s] Level 5:colcon.colcon_core.verb:set package 'mycobot_630' build argument 'catkin_skip_building_tests' from command line to 'False'
[0.266s] DEBUG:colcon.colcon_core.verb:Building package 'mycobot_630' with the following arguments: {'ament_cmake_args': None, 'build_base': '/home/robotics/ros2_cobot/build/mycobot_630', 'catkin_cmake_args': None, 'catkin_skip_building_tests': False, 'cmake_args': None, 'cmake_clean_cache': False, 'cmake_clean_first': False, 'cmake_force_configure': False, 'cmake_target': None, 'cmake_target_skip_unavailable': False, 'install_base': '/home/robotics/ros2_cobot/install/mycobot_630', 'merge_install': False, 'path': '/home/robotics/ros2_cobot/src/mycobot_ros2/mycobot_pro/mycobot_630', 'symlink_install': False, 'test_result_base': None}
[0.266s] Level 5:colcon.colcon_core.verb:set package 'mycobot_communication' build argument 'cmake_args' from command line to 'None'
[0.266s] Level 5:colcon.colcon_core.verb:set package 'mycobot_communication' build argument 'cmake_target' from command line to 'None'
[0.266s] Level 5:colcon.colcon_core.verb:set package 'mycobot_communication' build argument 'cmake_target_skip_unavailable' from command line to 'False'
[0.266s] Level 5:colcon.colcon_core.verb:set package 'mycobot_communication' build argument 'cmake_clean_cache' from command line to 'False'
[0.266s] Level 5:colcon.colcon_core.verb:set package 'mycobot_communication' build argument 'cmake_clean_first' from command line to 'False'
[0.266s] Level 5:colcon.colcon_core.verb:set package 'mycobot_communication' build argument 'cmake_force_configure' from command line to 'False'
[0.266s] Level 5:colcon.colcon_core.verb:set package 'mycobot_communication' build argument 'ament_cmake_args' from command line to 'None'
[0.266s] Level 5:colcon.colcon_core.verb:set package 'mycobot_communication' build argument 'catkin_cmake_args' from command line to 'None'
[0.266s] Level 5:colcon.colcon_core.verb:set package 'mycobot_communication' build argument 'catkin_skip_building_tests' from command line to 'False'
[0.266s] DEBUG:colcon.colcon_core.verb:Building package 'mycobot_communication' with the following arguments: {'ament_cmake_args': None, 'build_base': '/home/robotics/ros2_cobot/build/mycobot_communication', 'catkin_cmake_args': None, 'catkin_skip_building_tests': False, 'cmake_args': None, 'cmake_clean_cache': False, 'cmake_clean_first': False, 'cmake_force_configure': False, 'cmake_target': None, 'cmake_target_skip_unavailable': False, 'install_base': '/home/robotics/ros2_cobot/install/mycobot_communication', 'merge_install': False, 'path': '/home/robotics/ros2_cobot/src/mycobot_ros2/mycobot_communication', 'symlink_install': False, 'test_result_base': None}
[0.267s] Level 5:colcon.colcon_core.verb:set package 'mypalletizer_260' build argument 'cmake_args' from command line to 'None'
[0.267s] Level 5:colcon.colcon_core.verb:set package 'mypalletizer_260' build argument 'cmake_target' from command line to 'None'
[0.267s] Level 5:colcon.colcon_core.verb:set package 'mypalletizer_260' build argument 'cmake_target_skip_unavailable' from command line to 'False'
[0.267s] Level 5:colcon.colcon_core.verb:set package 'mypalletizer_260' build argument 'cmake_clean_cache' from command line to 'False'
[0.267s] Level 5:colcon.colcon_core.verb:set package 'mypalletizer_260' build argument 'cmake_clean_first' from command line to 'False'
[0.267s] Level 5:colcon.colcon_core.verb:set package 'mypalletizer_260' build argument 'cmake_force_configure' from command line to 'False'
[0.267s] Level 5:colcon.colcon_core.verb:set package 'mypalletizer_260' build argument 'ament_cmake_args' from command line to 'None'
[0.267s] Level 5:colcon.colcon_core.verb:set package 'mypalletizer_260' build argument 'catkin_cmake_args' from command line to 'None'
[0.267s] Level 5:colcon.colcon_core.verb:set package 'mypalletizer_260' build argument 'catkin_skip_building_tests' from command line to 'False'
[0.267s] DEBUG:colcon.colcon_core.verb:Building package 'mypalletizer_260' with the following arguments: {'ament_cmake_args': None, 'build_base': '/home/robotics/ros2_cobot/build/mypalletizer_260', 'catkin_cmake_args': None, 'catkin_skip_building_tests': False, 'cmake_args': None, 'cmake_clean_cache': False, 'cmake_clean_first': False, 'cmake_force_configure': False, 'cmake_target': None, 'cmake_target_skip_unavailable': False, 'install_base': '/home/robotics/ros2_cobot/install/mypalletizer_260', 'merge_install': False, 'path': '/home/robotics/ros2_cobot/src/mycobot_ros2/mypalletizer_260/mypalletizer_260', 'symlink_install': False, 'test_result_base': None}
[0.267s] Level 5:colcon.colcon_core.verb:set package 'mypalletizer_260_pi' build argument 'cmake_args' from command line to 'None'
[0.267s] Level 5:colcon.colcon_core.verb:set package 'mypalletizer_260_pi' build argument 'cmake_target' from command line to 'None'
[0.267s] Level 5:colcon.colcon_core.verb:set package 'mypalletizer_260_pi' build argument 'cmake_target_skip_unavailable' from command line to 'False'
[0.267s] Level 5:colcon.colcon_core.verb:set package 'mypalletizer_260_pi' build argument 'cmake_clean_cache' from command line to 'False'
[0.267s] Level 5:colcon.colcon_core.verb:set package 'mypalletizer_260_pi' build argument 'cmake_clean_first' from command line to 'False'
[0.267s] Level 5:colcon.colcon_core.verb:set package 'mypalletizer_260_pi' build argument 'cmake_force_configure' from command line to 'False'
[0.267s] Level 5:colcon.colcon_core.verb:set package 'mypalletizer_260_pi' build argument 'ament_cmake_args' from command line to 'None'
[0.267s] Level 5:colcon.colcon_core.verb:set package 'mypalletizer_260_pi' build argument 'catkin_cmake_args' from command line to 'None'
[0.267s] Level 5:colcon.colcon_core.verb:set package 'mypalletizer_260_pi' build argument 'catkin_skip_building_tests' from command line to 'False'
[0.267s] DEBUG:colcon.colcon_core.verb:Building package 'mypalletizer_260_pi' with the following arguments: {'ament_cmake_args': None, 'build_base': '/home/robotics/ros2_cobot/build/mypalletizer_260_pi', 'catkin_cmake_args': None, 'catkin_skip_building_tests': False, 'cmake_args': None, 'cmake_clean_cache': False, 'cmake_clean_first': False, 'cmake_force_configure': False, 'cmake_target': None, 'cmake_target_skip_unavailable': False, 'install_base': '/home/robotics/ros2_cobot/install/mypalletizer_260_pi', 'merge_install': False, 'path': '/home/robotics/ros2_cobot/src/mycobot_ros2/mypalletizer_260/mypalletizer_260_pi', 'symlink_install': False, 'test_result_base': None}
[0.267s] Level 5:colcon.colcon_core.verb:set package 'mypalletizer_communication' build argument 'cmake_args' from command line to 'None'
[0.267s] Level 5:colcon.colcon_core.verb:set package 'mypalletizer_communication' build argument 'cmake_target' from command line to 'None'
[0.267s] Level 5:colcon.colcon_core.verb:set package 'mypalletizer_communication' build argument 'cmake_target_skip_unavailable' from command line to 'False'
[0.267s] Level 5:colcon.colcon_core.verb:set package 'mypalletizer_communication' build argument 'cmake_clean_cache' from command line to 'False'
[0.267s] Level 5:colcon.colcon_core.verb:set package 'mypalletizer_communication' build argument 'cmake_clean_first' from command line to 'False'
[0.267s] Level 5:colcon.colcon_core.verb:set package 'mypalletizer_communication' build argument 'cmake_force_configure' from command line to 'False'
[0.267s] Level 5:colcon.colcon_core.verb:set package 'mypalletizer_communication' build argument 'ament_cmake_args' from command line to 'None'
[0.267s] Level 5:colcon.colcon_core.verb:set package 'mypalletizer_communication' build argument 'catkin_cmake_args' from command line to 'None'
[0.267s] Level 5:colcon.colcon_core.verb:set package 'mypalletizer_communication' build argument 'catkin_skip_building_tests' from command line to 'False'
[0.267s] DEBUG:colcon.colcon_core.verb:Building package 'mypalletizer_communication' with the following arguments: {'ament_cmake_args': None, 'build_base': '/home/robotics/ros2_cobot/build/mypalletizer_communication', 'catkin_cmake_args': None, 'catkin_skip_building_tests': False, 'cmake_args': None, 'cmake_clean_cache': False, 'cmake_clean_first': False, 'cmake_force_configure': False, 'cmake_target': None, 'cmake_target_skip_unavailable': False, 'install_base': '/home/robotics/ros2_cobot/install/mypalletizer_communication', 'merge_install': False, 'path': '/home/robotics/ros2_cobot/src/mycobot_ros2/mypalletizer_260/mypalletizer_communication', 'symlink_install': False, 'test_result_base': None}
[0.267s] Level 5:colcon.colcon_core.verb:set package 'ultraarm' build argument 'cmake_args' from command line to 'None'
[0.267s] Level 5:colcon.colcon_core.verb:set package 'ultraarm' build argument 'cmake_target' from command line to 'None'
[0.267s] Level 5:colcon.colcon_core.verb:set package 'ultraarm' build argument 'cmake_target_skip_unavailable' from command line to 'False'
[0.267s] Level 5:colcon.colcon_core.verb:set package 'ultraarm' build argument 'cmake_clean_cache' from command line to 'False'
[0.267s] Level 5:colcon.colcon_core.verb:set package 'ultraarm' build argument 'cmake_clean_first' from command line to 'False'
[0.267s] Level 5:colcon.colcon_core.verb:set package 'ultraarm' build argument 'cmake_force_configure' from command line to 'False'
[0.267s] Level 5:colcon.colcon_core.verb:set package 'ultraarm' build argument 'ament_cmake_args' from command line to 'None'
[0.267s] Level 5:colcon.colcon_core.verb:set package 'ultraarm' build argument 'catkin_cmake_args' from command line to 'None'
[0.267s] Level 5:colcon.colcon_core.verb:set package 'ultraarm' build argument 'catkin_skip_building_tests' from command line to 'False'
[0.267s] DEBUG:colcon.colcon_core.verb:Building package 'ultraarm' with the following arguments: {'ament_cmake_args': None, 'build_base': '/home/robotics/ros2_cobot/build/ultraarm', 'catkin_cmake_args': None, 'catkin_skip_building_tests': False, 'cmake_args': None, 'cmake_clean_cache': False, 'cmake_clean_first': False, 'cmake_force_configure': False, 'cmake_target': None, 'cmake_target_skip_unavailable': False, 'install_base': '/home/robotics/ros2_cobot/install/ultraarm', 'merge_install': False, 'path': '/home/robotics/ros2_cobot/src/mycobot_ros2/ultraArm/ultraarm', 'symlink_install': False, 'test_result_base': None}
[0.268s] Level 5:colcon.colcon_core.verb:set package 'myarm_c650' build argument 'cmake_args' from command line to 'None'
[0.268s] Level 5:colcon.colcon_core.verb:set package 'myarm_c650' build argument 'cmake_target' from command line to 'None'
[0.268s] Level 5:colcon.colcon_core.verb:set package 'myarm_c650' build argument 'cmake_target_skip_unavailable' from command line to 'False'
[0.268s] Level 5:colcon.colcon_core.verb:set package 'myarm_c650' build argument 'cmake_clean_cache' from command line to 'False'
[0.268s] Level 5:colcon.colcon_core.verb:set package 'myarm_c650' build argument 'cmake_clean_first' from command line to 'False'
[0.268s] Level 5:colcon.colcon_core.verb:set package 'myarm_c650' build argument 'cmake_force_configure' from command line to 'False'
[0.268s] Level 5:colcon.colcon_core.verb:set package 'myarm_c650' build argument 'ament_cmake_args' from command line to 'None'
[0.268s] Level 5:colcon.colcon_core.verb:set package 'myarm_c650' build argument 'catkin_cmake_args' from command line to 'None'
[0.268s] Level 5:colcon.colcon_core.verb:set package 'myarm_c650' build argument 'catkin_skip_building_tests' from command line to 'False'
[0.268s] DEBUG:colcon.colcon_core.verb:Building package 'myarm_c650' with the following arguments: {'ament_cmake_args': None, 'build_base': '/home/robotics/ros2_cobot/build/myarm_c650', 'catkin_cmake_args': None, 'catkin_skip_building_tests': False, 'cmake_args': None, 'cmake_clean_cache': False, 'cmake_clean_first': False, 'cmake_force_configure': False, 'cmake_target': None, 'cmake_target_skip_unavailable': False, 'install_base': '/home/robotics/ros2_cobot/install/myarm_c650', 'merge_install': False, 'path': '/home/robotics/ros2_cobot/src/mycobot_ros2/myArm/myarm_c650', 'symlink_install': False, 'test_result_base': None}
[0.268s] Level 5:colcon.colcon_core.verb:set package 'myarm_m750' build argument 'cmake_args' from command line to 'None'
[0.268s] Level 5:colcon.colcon_core.verb:set package 'myarm_m750' build argument 'cmake_target' from command line to 'None'
[0.268s] Level 5:colcon.colcon_core.verb:set package 'myarm_m750' build argument 'cmake_target_skip_unavailable' from command line to 'False'
[0.268s] Level 5:colcon.colcon_core.verb:set package 'myarm_m750' build argument 'cmake_clean_cache' from command line to 'False'
[0.268s] Level 5:colcon.colcon_core.verb:set package 'myarm_m750' build argument 'cmake_clean_first' from command line to 'False'
[0.268s] Level 5:colcon.colcon_core.verb:set package 'myarm_m750' build argument 'cmake_force_configure' from command line to 'False'
[0.268s] Level 5:colcon.colcon_core.verb:set package 'myarm_m750' build argument 'ament_cmake_args' from command line to 'None'
[0.268s] Level 5:colcon.colcon_core.verb:set package 'myarm_m750' build argument 'catkin_cmake_args' from command line to 'None'
[0.268s] Level 5:colcon.colcon_core.verb:set package 'myarm_m750' build argument 'catkin_skip_building_tests' from command line to 'False'
[0.268s] DEBUG:colcon.colcon_core.verb:Building package 'myarm_m750' with the following arguments: {'ament_cmake_args': None, 'build_base': '/home/robotics/ros2_cobot/build/myarm_m750', 'catkin_cmake_args': None, 'catkin_skip_building_tests': False, 'cmake_args': None, 'cmake_clean_cache': False, 'cmake_clean_first': False, 'cmake_force_configure': False, 'cmake_target': None, 'cmake_target_skip_unavailable': False, 'install_base': '/home/robotics/ros2_cobot/install/myarm_m750', 'merge_install': False, 'path': '/home/robotics/ros2_cobot/src/mycobot_ros2/myArm/myarm_m750', 'symlink_install': False, 'test_result_base': None}
[0.268s] Level 5:colcon.colcon_core.verb:set package 'mycobot_280_rdkx5' build argument 'cmake_args' from command line to 'None'
[0.268s] Level 5:colcon.colcon_core.verb:set package 'mycobot_280_rdkx5' build argument 'cmake_target' from command line to 'None'
[0.268s] Level 5:colcon.colcon_core.verb:set package 'mycobot_280_rdkx5' build argument 'cmake_target_skip_unavailable' from command line to 'False'
[0.268s] Level 5:colcon.colcon_core.verb:set package 'mycobot_280_rdkx5' build argument 'cmake_clean_cache' from command line to 'False'
[0.268s] Level 5:colcon.colcon_core.verb:set package 'mycobot_280_rdkx5' build argument 'cmake_clean_first' from command line to 'False'
[0.268s] Level 5:colcon.colcon_core.verb:set package 'mycobot_280_rdkx5' build argument 'cmake_force_configure' from command line to 'False'
[0.268s] Level 5:colcon.colcon_core.verb:set package 'mycobot_280_rdkx5' build argument 'ament_cmake_args' from command line to 'None'
[0.268s] Level 5:colcon.colcon_core.verb:set package 'mycobot_280_rdkx5' build argument 'catkin_cmake_args' from command line to 'None'
[0.268s] Level 5:colcon.colcon_core.verb:set package 'mycobot_280_rdkx5' build argument 'catkin_skip_building_tests' from command line to 'False'
[0.268s] DEBUG:colcon.colcon_core.verb:Building package 'mycobot_280_rdkx5' with the following arguments: {'ament_cmake_args': None, 'build_base': '/home/robotics/ros2_cobot/build/mycobot_280_rdkx5', 'catkin_cmake_args': None, 'catkin_skip_building_tests': False, 'cmake_args': None, 'cmake_clean_cache': False, 'cmake_clean_first': False, 'cmake_force_configure': False, 'cmake_target': None, 'cmake_target_skip_unavailable': False, 'install_base': '/home/robotics/ros2_cobot/install/mycobot_280_rdkx5', 'merge_install': False, 'path': '/home/robotics/ros2_cobot/src/mycobot_ros2/mycobot_280/mycobot_280_rdkx5', 'symlink_install': False, 'test_result_base': None}
[0.268s] INFO:colcon.colcon_core.executor:Executing jobs using 'parallel' executor
[0.269s] DEBUG:colcon.colcon_parallel_executor.executor.parallel:run_until_complete
[0.269s] INFO:colcon.colcon_ros.task.ament_python.build:Building ROS package in '/home/robotics/ros2_cobot/src/mycobot_ros2/mycobot_description' with build type 'ament_python'
[0.269s] Level 1:colcon.colcon_core.shell:create_environment_hook('mycobot_description', 'ament_prefix_path')
[0.271s] INFO:colcon.colcon_core.plugin_system:Skipping extension 'colcon_core.shell.bat': Not used on non-Windows systems
[0.271s] INFO:colcon.colcon_core.shell:Creating environment hook '/home/robotics/ros2_cobot/install/mycobot_description/share/mycobot_description/hook/ament_prefix_path.ps1'
[0.272s] INFO:colcon.colcon_core.shell:Creating environment descriptor '/home/robotics/ros2_cobot/install/mycobot_description/share/mycobot_description/hook/ament_prefix_path.dsv'
[0.272s] INFO:colcon.colcon_core.shell:Creating environment hook '/home/robotics/ros2_cobot/install/mycobot_description/share/mycobot_description/hook/ament_prefix_path.sh'
[0.272s] INFO:colcon.colcon_core.shell:Skip shell extension 'powershell' for command environment: Not usable outside of PowerShell
[0.272s] DEBUG:colcon.colcon_core.shell:Skip shell extension 'dsv' for command environment
[0.276s] INFO:colcon.colcon_ros.task.ament_cmake.build:Building ROS package in '/home/robotics/ros2_cobot/src/mycobot_ros2/mycobot_280/mycobot_interfaces' with build type 'ament_cmake'
[0.276s] INFO:colcon.colcon_cmake.task.cmake.build:Building CMake package in '/home/robotics/ros2_cobot/src/mycobot_ros2/mycobot_280/mycobot_interfaces'
[0.276s] INFO:colcon.colcon_core.shell:Skip shell extension 'powershell' for command environment: Not usable outside of PowerShell
[0.276s] DEBUG:colcon.colcon_core.shell:Skip shell extension 'dsv' for command environment
[0.279s] INFO:colcon.colcon_ros.task.ament_cmake.build:Building ROS package in '/home/robotics/ros2_cobot/src/mycobot_ros2/mypalletizer_260/mypalletizer_interfaces' with build type 'ament_cmake'
[0.279s] INFO:colcon.colcon_cmake.task.cmake.build:Building CMake package in '/home/robotics/ros2_cobot/src/mycobot_ros2/mypalletizer_260/mypalletizer_interfaces'
[0.279s] INFO:colcon.colcon_core.shell:Skip shell extension 'powershell' for command environment: Not usable outside of PowerShell
[0.279s] DEBUG:colcon.colcon_core.shell:Skip shell extension 'dsv' for command environment
[0.282s] INFO:colcon.colcon_ros.task.ament_cmake.build:Building ROS package in '/home/robotics/ros2_cobot/src/mycobot_ros2/mecharm/mecharm_interfaces' with build type 'ament_cmake'
[0.282s] INFO:colcon.colcon_cmake.task.cmake.build:Building CMake package in '/home/robotics/ros2_cobot/src/mycobot_ros2/mecharm/mecharm_interfaces'
[0.283s] INFO:colcon.colcon_core.shell:Skip shell extension 'powershell' for command environment: Not usable outside of PowerShell
[0.284s] DEBUG:colcon.colcon_core.shell:Skip shell extension 'dsv' for command environment
[0.288s] INFO:colcon.colcon_ros.task.ament_cmake.build:Building ROS package in '/home/robotics/ros2_cobot/src/traj_scripts' with build type 'ament_cmake'
[0.288s] INFO:colcon.colcon_cmake.task.cmake.build:Building CMake package in '/home/robotics/ros2_cobot/src/traj_scripts'
[0.288s] INFO:colcon.colcon_core.shell:Skip shell extension 'powershell' for command environment: Not usable outside of PowerShell
[0.288s] DEBUG:colcon.colcon_core.shell:Skip shell extension 'dsv' for command environment
[0.470s] INFO:colcon.colcon_core.task.python.build:Building Python package in '/home/robotics/ros2_cobot/src/mycobot_ros2/mycobot_description'
[0.470s] INFO:colcon.colcon_core.shell:Skip shell extension 'powershell' for command environment: Not usable outside of PowerShell
[0.471s] DEBUG:colcon.colcon_core.shell:Skip shell extension 'dsv' for command environment
[0.476s] DEBUG:colcon.colcon_core.event_handler.log_command:Invoking command in '/home/robotics/ros2_cobot/build/mycobot_interfaces': CMAKE_PREFIX_PATH=${CMAKE_PREFIX_PATH}:/home/robotics/ros2_cobot/install/ultraarm:/home/robotics/ros2_cobot/install/mypalletizer_communication:/home/robotics/ros2_cobot/install/mypalletizer_260_pi:/home/robotics/ros2_cobot/install/mypalletizer_260:/home/robotics/ros2_cobot/install/myarm_m750:/home/robotics/ros2_cobot/install/myarm_c650:/home/robotics/ros2_cobot/install/mycobot_communication:/home/robotics/ros2_cobot/install/mecharm_communication:/home/robotics/ros2_cobot/install/mycobot_630:/home/robotics/ros2_cobot/install/mycobot_600:/home/robotics/ros2_cobot/install/mycobot_320pi:/home/robotics/ros2_cobot/install/mycobot_320_riscv:/home/robotics/ros2_cobot/install/mycobot_320:/home/robotics/ros2_cobot/install/mycobot_280pi:/home/robotics/ros2_cobot/install/mycobot_280jn:/home/robotics/ros2_cobot/install/mycobot_280_x3pi:/home/robotics/ros2_cobot/install/mycobot_280_riscv:/home/robotics/ros2_cobot/install/mycobot_280_rdkx5:/home/robotics/ros2_cobot/install/mycobot_280_moveit2_control:/home/robotics/ros2_cobot/install/mycobot_280_arduino:/home/robotics/ros2_cobot/install/mycobot_280:/home/robotics/ros2_cobot/install/mybuddy:/home/robotics/ros2_cobot/install/myarm_300:/home/robotics/ros2_cobot/install/mecharm_pi:/home/robotics/ros2_cobot/install/mecharm:/home/robotics/ros2_cobot/install/mycobot_description:/opt/ros/humble /usr/bin/cmake --build /home/robotics/ros2_cobot/build/mycobot_interfaces -- -j16 -l16
[0.480s] DEBUG:colcon.colcon_core.event_handler.log_command:Invoking command in '/home/robotics/ros2_cobot/build/mypalletizer_interfaces': CMAKE_PREFIX_PATH=${CMAKE_PREFIX_PATH}:/home/robotics/ros2_cobot/install/ultraarm:/home/robotics/ros2_cobot/install/mypalletizer_communication:/home/robotics/ros2_cobot/install/mypalletizer_260_pi:/home/robotics/ros2_cobot/install/mypalletizer_260:/home/robotics/ros2_cobot/install/myarm_m750:/home/robotics/ros2_cobot/install/myarm_c650:/home/robotics/ros2_cobot/install/mycobot_communication:/home/robotics/ros2_cobot/install/mecharm_communication:/home/robotics/ros2_cobot/install/mycobot_630:/home/robotics/ros2_cobot/install/mycobot_600:/home/robotics/ros2_cobot/install/mycobot_320pi:/home/robotics/ros2_cobot/install/mycobot_320_riscv:/home/robotics/ros2_cobot/install/mycobot_320:/home/robotics/ros2_cobot/install/mycobot_280pi:/home/robotics/ros2_cobot/install/mycobot_280jn:/home/robotics/ros2_cobot/install/mycobot_280_x3pi:/home/robotics/ros2_cobot/install/mycobot_280_riscv:/home/robotics/ros2_cobot/install/mycobot_280_rdkx5:/home/robotics/ros2_cobot/install/mycobot_280_moveit2_control:/home/robotics/ros2_cobot/install/mycobot_280_arduino:/home/robotics/ros2_cobot/install/mycobot_280:/home/robotics/ros2_cobot/install/mybuddy:/home/robotics/ros2_cobot/install/myarm_300:/home/robotics/ros2_cobot/install/mecharm_pi:/home/robotics/ros2_cobot/install/mecharm:/home/robotics/ros2_cobot/install/mycobot_description:/opt/ros/humble /usr/bin/cmake --build /home/robotics/ros2_cobot/build/mypalletizer_interfaces -- -j16 -l16
[0.483s] DEBUG:colcon.colcon_core.event_handler.log_command:Invoking command in '/home/robotics/ros2_cobot/build/mecharm_interfaces': CMAKE_PREFIX_PATH=${CMAKE_PREFIX_PATH}:/home/robotics/ros2_cobot/install/ultraarm:/home/robotics/ros2_cobot/install/mypalletizer_communication:/home/robotics/ros2_cobot/install/mypalletizer_260_pi:/home/robotics/ros2_cobot/install/mypalletizer_260:/home/robotics/ros2_cobot/install/myarm_m750:/home/robotics/ros2_cobot/install/myarm_c650:/home/robotics/ros2_cobot/install/mycobot_communication:/home/robotics/ros2_cobot/install/mecharm_communication:/home/robotics/ros2_cobot/install/mycobot_630:/home/robotics/ros2_cobot/install/mycobot_600:/home/robotics/ros2_cobot/install/mycobot_320pi:/home/robotics/ros2_cobot/install/mycobot_320_riscv:/home/robotics/ros2_cobot/install/mycobot_320:/home/robotics/ros2_cobot/install/mycobot_280pi:/home/robotics/ros2_cobot/install/mycobot_280jn:/home/robotics/ros2_cobot/install/mycobot_280_x3pi:/home/robotics/ros2_cobot/install/mycobot_280_riscv:/home/robotics/ros2_cobot/install/mycobot_280_rdkx5:/home/robotics/ros2_cobot/install/mycobot_280_moveit2_control:/home/robotics/ros2_cobot/install/mycobot_280_arduino:/home/robotics/ros2_cobot/install/mycobot_280:/home/robotics/ros2_cobot/install/mybuddy:/home/robotics/ros2_cobot/install/myarm_300:/home/robotics/ros2_cobot/install/mecharm_pi:/home/robotics/ros2_cobot/install/mecharm:/home/robotics/ros2_cobot/install/mycobot_description:/opt/ros/humble /usr/bin/cmake --build /home/robotics/ros2_cobot/build/mecharm_interfaces -- -j16 -l16
[0.485s] DEBUG:colcon.colcon_core.event_handler.log_command:Invoking command in '/home/robotics/ros2_cobot/build/traj_scripts': CMAKE_PREFIX_PATH=${CMAKE_PREFIX_PATH}:/home/robotics/ros2_cobot/install/ultraarm:/home/robotics/ros2_cobot/install/mypalletizer_communication:/home/robotics/ros2_cobot/install/mypalletizer_260_pi:/home/robotics/ros2_cobot/install/mypalletizer_260:/home/robotics/ros2_cobot/install/myarm_m750:/home/robotics/ros2_cobot/install/myarm_c650:/home/robotics/ros2_cobot/install/mycobot_communication:/home/robotics/ros2_cobot/install/mecharm_communication:/home/robotics/ros2_cobot/install/mycobot_630:/home/robotics/ros2_cobot/install/mycobot_600:/home/robotics/ros2_cobot/install/mycobot_320pi:/home/robotics/ros2_cobot/install/mycobot_320_riscv:/home/robotics/ros2_cobot/install/mycobot_320:/home/robotics/ros2_cobot/install/mycobot_280pi:/home/robotics/ros2_cobot/install/mycobot_280jn:/home/robotics/ros2_cobot/install/mycobot_280_x3pi:/home/robotics/ros2_cobot/install/mycobot_280_riscv:/home/robotics/ros2_cobot/install/mycobot_280_rdkx5:/home/robotics/ros2_cobot/install/mycobot_280_moveit2_control:/home/robotics/ros2_cobot/install/mycobot_280_arduino:/home/robotics/ros2_cobot/install/mycobot_280:/home/robotics/ros2_cobot/install/mybuddy:/home/robotics/ros2_cobot/install/myarm_300:/home/robotics/ros2_cobot/install/mecharm_pi:/home/robotics/ros2_cobot/install/mecharm:/home/robotics/ros2_cobot/install/mycobot_description:/opt/ros/humble /usr/bin/cmake --build /home/robotics/ros2_cobot/build/traj_scripts -- -j16 -l16
[0.795s] DEBUG:colcon.colcon_core.event_handler.log_command:Invoked command in '/home/robotics/ros2_cobot/build/mypalletizer_interfaces' returned '0': CMAKE_PREFIX_PATH=${CMAKE_PREFIX_PATH}:/home/robotics/ros2_cobot/install/ultraarm:/home/robotics/ros2_cobot/install/mypalletizer_communication:/home/robotics/ros2_cobot/install/mypalletizer_260_pi:/home/robotics/ros2_cobot/install/mypalletizer_260:/home/robotics/ros2_cobot/install/myarm_m750:/home/robotics/ros2_cobot/install/myarm_c650:/home/robotics/ros2_cobot/install/mycobot_communication:/home/robotics/ros2_cobot/install/mecharm_communication:/home/robotics/ros2_cobot/install/mycobot_630:/home/robotics/ros2_cobot/install/mycobot_600:/home/robotics/ros2_cobot/install/mycobot_320pi:/home/robotics/ros2_cobot/install/mycobot_320_riscv:/home/robotics/ros2_cobot/install/mycobot_320:/home/robotics/ros2_cobot/install/mycobot_280pi:/home/robotics/ros2_cobot/install/mycobot_280jn:/home/robotics/ros2_cobot/install/mycobot_280_x3pi:/home/robotics/ros2_cobot/install/mycobot_280_riscv:/home/robotics/ros2_cobot/install/mycobot_280_rdkx5:/home/robotics/ros2_cobot/install/mycobot_280_moveit2_control:/home/robotics/ros2_cobot/install/mycobot_280_arduino:/home/robotics/ros2_cobot/install/mycobot_280:/home/robotics/ros2_cobot/install/mybuddy:/home/robotics/ros2_cobot/install/myarm_300:/home/robotics/ros2_cobot/install/mecharm_pi:/home/robotics/ros2_cobot/install/mecharm:/home/robotics/ros2_cobot/install/mycobot_description:/opt/ros/humble /usr/bin/cmake --build /home/robotics/ros2_cobot/build/mypalletizer_interfaces -- -j16 -l16
[0.806s] DEBUG:colcon.colcon_core.event_handler.log_command:Invoking command in '/home/robotics/ros2_cobot/build/mypalletizer_interfaces': CMAKE_PREFIX_PATH=${CMAKE_PREFIX_PATH}:/home/robotics/ros2_cobot/install/ultraarm:/home/robotics/ros2_cobot/install/mypalletizer_communication:/home/robotics/ros2_cobot/install/mypalletizer_260_pi:/home/robotics/ros2_cobot/install/mypalletizer_260:/home/robotics/ros2_cobot/install/myarm_m750:/home/robotics/ros2_cobot/install/myarm_c650:/home/robotics/ros2_cobot/install/mycobot_communication:/home/robotics/ros2_cobot/install/mecharm_communication:/home/robotics/ros2_cobot/install/mycobot_630:/home/robotics/ros2_cobot/install/mycobot_600:/home/robotics/ros2_cobot/install/mycobot_320pi:/home/robotics/ros2_cobot/install/mycobot_320_riscv:/home/robotics/ros2_cobot/install/mycobot_320:/home/robotics/ros2_cobot/install/mycobot_280pi:/home/robotics/ros2_cobot/install/mycobot_280jn:/home/robotics/ros2_cobot/install/mycobot_280_x3pi:/home/robotics/ros2_cobot/install/mycobot_280_riscv:/home/robotics/ros2_cobot/install/mycobot_280_rdkx5:/home/robotics/ros2_cobot/install/mycobot_280_moveit2_control:/home/robotics/ros2_cobot/install/mycobot_280_arduino:/home/robotics/ros2_cobot/install/mycobot_280:/home/robotics/ros2_cobot/install/mybuddy:/home/robotics/ros2_cobot/install/myarm_300:/home/robotics/ros2_cobot/install/mecharm_pi:/home/robotics/ros2_cobot/install/mecharm:/home/robotics/ros2_cobot/install/mycobot_description:/opt/ros/humble /usr/bin/cmake --install /home/robotics/ros2_cobot/build/mypalletizer_interfaces
[0.808s] DEBUG:colcon.colcon_core.event_handler.log_command:Invoked command in '/home/robotics/ros2_cobot/build/mycobot_interfaces' returned '0': CMAKE_PREFIX_PATH=${CMAKE_PREFIX_PATH}:/home/robotics/ros2_cobot/install/ultraarm:/home/robotics/ros2_cobot/install/mypalletizer_communication:/home/robotics/ros2_cobot/install/mypalletizer_260_pi:/home/robotics/ros2_cobot/install/mypalletizer_260:/home/robotics/ros2_cobot/install/myarm_m750:/home/robotics/ros2_cobot/install/myarm_c650:/home/robotics/ros2_cobot/install/mycobot_communication:/home/robotics/ros2_cobot/install/mecharm_communication:/home/robotics/ros2_cobot/install/mycobot_630:/home/robotics/ros2_cobot/install/mycobot_600:/home/robotics/ros2_cobot/install/mycobot_320pi:/home/robotics/ros2_cobot/install/mycobot_320_riscv:/home/robotics/ros2_cobot/install/mycobot_320:/home/robotics/ros2_cobot/install/mycobot_280pi:/home/robotics/ros2_cobot/install/mycobot_280jn:/home/robotics/ros2_cobot/install/mycobot_280_x3pi:/home/robotics/ros2_cobot/install/mycobot_280_riscv:/home/robotics/ros2_cobot/install/mycobot_280_rdkx5:/home/robotics/ros2_cobot/install/mycobot_280_moveit2_control:/home/robotics/ros2_cobot/install/mycobot_280_arduino:/home/robotics/ros2_cobot/install/mycobot_280:/home/robotics/ros2_cobot/install/mybuddy:/home/robotics/ros2_cobot/install/myarm_300:/home/robotics/ros2_cobot/install/mecharm_pi:/home/robotics/ros2_cobot/install/mecharm:/home/robotics/ros2_cobot/install/mycobot_description:/opt/ros/humble /usr/bin/cmake --build /home/robotics/ros2_cobot/build/mycobot_interfaces -- -j16 -l16
[0.809s] DEBUG:colcon.colcon_core.event_handler.log_command:Invoking command in '/home/robotics/ros2_cobot/build/mycobot_interfaces': CMAKE_PREFIX_PATH=${CMAKE_PREFIX_PATH}:/home/robotics/ros2_cobot/install/ultraarm:/home/robotics/ros2_cobot/install/mypalletizer_communication:/home/robotics/ros2_cobot/install/mypalletizer_260_pi:/home/robotics/ros2_cobot/install/mypalletizer_260:/home/robotics/ros2_cobot/install/myarm_m750:/home/robotics/ros2_cobot/install/myarm_c650:/home/robotics/ros2_cobot/install/mycobot_communication:/home/robotics/ros2_cobot/install/mecharm_communication:/home/robotics/ros2_cobot/install/mycobot_630:/home/robotics/ros2_cobot/install/mycobot_600:/home/robotics/ros2_cobot/install/mycobot_320pi:/home/robotics/ros2_cobot/install/mycobot_320_riscv:/home/robotics/ros2_cobot/install/mycobot_320:/home/robotics/ros2_cobot/install/mycobot_280pi:/home/robotics/ros2_cobot/install/mycobot_280jn:/home/robotics/ros2_cobot/install/mycobot_280_x3pi:/home/robotics/ros2_cobot/install/mycobot_280_riscv:/home/robotics/ros2_cobot/install/mycobot_280_rdkx5:/home/robotics/ros2_cobot/install/mycobot_280_moveit2_control:/home/robotics/ros2_cobot/install/mycobot_280_arduino:/home/robotics/ros2_cobot/install/mycobot_280:/home/robotics/ros2_cobot/install/mybuddy:/home/robotics/ros2_cobot/install/myarm_300:/home/robotics/ros2_cobot/install/mecharm_pi:/home/robotics/ros2_cobot/install/mecharm:/home/robotics/ros2_cobot/install/mycobot_description:/opt/ros/humble /usr/bin/cmake --install /home/robotics/ros2_cobot/build/mycobot_interfaces
[0.842s] DEBUG:colcon.colcon_core.event_handler.log_command:Invoking command in '/home/robotics/ros2_cobot/src/mycobot_ros2/mycobot_description': PYTHONPATH=/home/robotics/ros2_cobot/build/mycobot_description/prefix_override:/usr/lib/python3/dist-packages/colcon_core/task/python/colcon_distutils_commands:/home/robotics/ros2_cobot/install/mycobot_description/lib/python3.10/site-packages:${PYTHONPATH} /usr/bin/python3 -W ignore:setup.py install is deprecated -W ignore:easy_install command is deprecated setup.py egg_info --egg-base ../../../build/mycobot_description build --build-base /home/robotics/ros2_cobot/build/mycobot_description/build install --record /home/robotics/ros2_cobot/build/mycobot_description/install.log --single-version-externally-managed install_data
[0.842s] DEBUG:colcon.colcon_core.event_handler.log_command:Invoked command in '/home/robotics/ros2_cobot/build/traj_scripts' returned '0': CMAKE_PREFIX_PATH=${CMAKE_PREFIX_PATH}:/home/robotics/ros2_cobot/install/ultraarm:/home/robotics/ros2_cobot/install/mypalletizer_communication:/home/robotics/ros2_cobot/install/mypalletizer_260_pi:/home/robotics/ros2_cobot/install/mypalletizer_260:/home/robotics/ros2_cobot/install/myarm_m750:/home/robotics/ros2_cobot/install/myarm_c650:/home/robotics/ros2_cobot/install/mycobot_communication:/home/robotics/ros2_cobot/install/mecharm_communication:/home/robotics/ros2_cobot/install/mycobot_630:/home/robotics/ros2_cobot/install/mycobot_600:/home/robotics/ros2_cobot/install/mycobot_320pi:/home/robotics/ros2_cobot/install/mycobot_320_riscv:/home/robotics/ros2_cobot/install/mycobot_320:/home/robotics/ros2_cobot/install/mycobot_280pi:/home/robotics/ros2_cobot/install/mycobot_280jn:/home/robotics/ros2_cobot/install/mycobot_280_x3pi:/home/robotics/ros2_cobot/install/mycobot_280_riscv:/home/robotics/ros2_cobot/install/mycobot_280_rdkx5:/home/robotics/ros2_cobot/install/mycobot_280_moveit2_control:/home/robotics/ros2_cobot/install/mycobot_280_arduino:/home/robotics/ros2_cobot/install/mycobot_280:/home/robotics/ros2_cobot/install/mybuddy:/home/robotics/ros2_cobot/install/myarm_300:/home/robotics/ros2_cobot/install/mecharm_pi:/home/robotics/ros2_cobot/install/mecharm:/home/robotics/ros2_cobot/install/mycobot_description:/opt/ros/humble /usr/bin/cmake --build /home/robotics/ros2_cobot/build/traj_scripts -- -j16 -l16
[0.843s] DEBUG:colcon.colcon_core.event_handler.log_command:Invoking command in '/home/robotics/ros2_cobot/build/traj_scripts': CMAKE_PREFIX_PATH=${CMAKE_PREFIX_PATH}:/home/robotics/ros2_cobot/install/ultraarm:/home/robotics/ros2_cobot/install/mypalletizer_communication:/home/robotics/ros2_cobot/install/mypalletizer_260_pi:/home/robotics/ros2_cobot/install/mypalletizer_260:/home/robotics/ros2_cobot/install/myarm_m750:/home/robotics/ros2_cobot/install/myarm_c650:/home/robotics/ros2_cobot/install/mycobot_communication:/home/robotics/ros2_cobot/install/mecharm_communication:/home/robotics/ros2_cobot/install/mycobot_630:/home/robotics/ros2_cobot/install/mycobot_600:/home/robotics/ros2_cobot/install/mycobot_320pi:/home/robotics/ros2_cobot/install/mycobot_320_riscv:/home/robotics/ros2_cobot/install/mycobot_320:/home/robotics/ros2_cobot/install/mycobot_280pi:/home/robotics/ros2_cobot/install/mycobot_280jn:/home/robotics/ros2_cobot/install/mycobot_280_x3pi:/home/robotics/ros2_cobot/install/mycobot_280_riscv:/home/robotics/ros2_cobot/install/mycobot_280_rdkx5:/home/robotics/ros2_cobot/install/mycobot_280_moveit2_control:/home/robotics/ros2_cobot/install/mycobot_280_arduino:/home/robotics/ros2_cobot/install/mycobot_280:/home/robotics/ros2_cobot/install/mybuddy:/home/robotics/ros2_cobot/install/myarm_300:/home/robotics/ros2_cobot/install/mecharm_pi:/home/robotics/ros2_cobot/install/mecharm:/home/robotics/ros2_cobot/install/mycobot_description:/opt/ros/humble /usr/bin/cmake --install /home/robotics/ros2_cobot/build/traj_scripts
[0.843s] DEBUG:colcon.colcon_core.event_handler.log_command:Invoked command in '/home/robotics/ros2_cobot/build/mecharm_interfaces' returned '0': CMAKE_PREFIX_PATH=${CMAKE_PREFIX_PATH}:/home/robotics/ros2_cobot/install/ultraarm:/home/robotics/ros2_cobot/install/mypalletizer_communication:/home/robotics/ros2_cobot/install/mypalletizer_260_pi:/home/robotics/ros2_cobot/install/mypalletizer_260:/home/robotics/ros2_cobot/install/myarm_m750:/home/robotics/ros2_cobot/install/myarm_c650:/home/robotics/ros2_cobot/install/mycobot_communication:/home/robotics/ros2_cobot/install/mecharm_communication:/home/robotics/ros2_cobot/install/mycobot_630:/home/robotics/ros2_cobot/install/mycobot_600:/home/robotics/ros2_cobot/install/mycobot_320pi:/home/robotics/ros2_cobot/install/mycobot_320_riscv:/home/robotics/ros2_cobot/install/mycobot_320:/home/robotics/ros2_cobot/install/mycobot_280pi:/home/robotics/ros2_cobot/install/mycobot_280jn:/home/robotics/ros2_cobot/install/mycobot_280_x3pi:/home/robotics/ros2_cobot/install/mycobot_280_riscv:/home/robotics/ros2_cobot/install/mycobot_280_rdkx5:/home/robotics/ros2_cobot/install/mycobot_280_moveit2_control:/home/robotics/ros2_cobot/install/mycobot_280_arduino:/home/robotics/ros2_cobot/install/mycobot_280:/home/robotics/ros2_cobot/install/mybuddy:/home/robotics/ros2_cobot/install/myarm_300:/home/robotics/ros2_cobot/install/mecharm_pi:/home/robotics/ros2_cobot/install/mecharm:/home/robotics/ros2_cobot/install/mycobot_description:/opt/ros/humble /usr/bin/cmake --build /home/robotics/ros2_cobot/build/mecharm_interfaces -- -j16 -l16
[0.843s] DEBUG:colcon.colcon_core.event_handler.log_command:Invoking command in '/home/robotics/ros2_cobot/build/mecharm_interfaces': CMAKE_PREFIX_PATH=${CMAKE_PREFIX_PATH}:/home/robotics/ros2_cobot/install/ultraarm:/home/robotics/ros2_cobot/install/mypalletizer_communication:/home/robotics/ros2_cobot/install/mypalletizer_260_pi:/home/robotics/ros2_cobot/install/mypalletizer_260:/home/robotics/ros2_cobot/install/myarm_m750:/home/robotics/ros2_cobot/install/myarm_c650:/home/robotics/ros2_cobot/install/mycobot_communication:/home/robotics/ros2_cobot/install/mecharm_communication:/home/robotics/ros2_cobot/install/mycobot_630:/home/robotics/ros2_cobot/install/mycobot_600:/home/robotics/ros2_cobot/install/mycobot_320pi:/home/robotics/ros2_cobot/install/mycobot_320_riscv:/home/robotics/ros2_cobot/install/mycobot_320:/home/robotics/ros2_cobot/install/mycobot_280pi:/home/robotics/ros2_cobot/install/mycobot_280jn:/home/robotics/ros2_cobot/install/mycobot_280_x3pi:/home/robotics/ros2_cobot/install/mycobot_280_riscv:/home/robotics/ros2_cobot/install/mycobot_280_rdkx5:/home/robotics/ros2_cobot/install/mycobot_280_moveit2_control:/home/robotics/ros2_cobot/install/mycobot_280_arduino:/home/robotics/ros2_cobot/install/mycobot_280:/home/robotics/ros2_cobot/install/mybuddy:/home/robotics/ros2_cobot/install/myarm_300:/home/robotics/ros2_cobot/install/mecharm_pi:/home/robotics/ros2_cobot/install/mecharm:/home/robotics/ros2_cobot/install/mycobot_description:/opt/ros/humble /usr/bin/cmake --install /home/robotics/ros2_cobot/build/mecharm_interfaces
[0.867s] Level 1:colcon.colcon_core.environment:create_environment_scripts_only(mypalletizer_interfaces)
[0.869s] DEBUG:colcon.colcon_core.event_handler.log_command:Invoked command in '/home/robotics/ros2_cobot/build/mypalletizer_interfaces' returned '0': CMAKE_PREFIX_PATH=${CMAKE_PREFIX_PATH}:/home/robotics/ros2_cobot/install/ultraarm:/home/robotics/ros2_cobot/install/mypalletizer_communication:/home/robotics/ros2_cobot/install/mypalletizer_260_pi:/home/robotics/ros2_cobot/install/mypalletizer_260:/home/robotics/ros2_cobot/install/myarm_m750:/home/robotics/ros2_cobot/install/myarm_c650:/home/robotics/ros2_cobot/install/mycobot_communication:/home/robotics/ros2_cobot/install/mecharm_communication:/home/robotics/ros2_cobot/install/mycobot_630:/home/robotics/ros2_cobot/install/mycobot_600:/home/robotics/ros2_cobot/install/mycobot_320pi:/home/robotics/ros2_cobot/install/mycobot_320_riscv:/home/robotics/ros2_cobot/install/mycobot_320:/home/robotics/ros2_cobot/install/mycobot_280pi:/home/robotics/ros2_cobot/install/mycobot_280jn:/home/robotics/ros2_cobot/install/mycobot_280_x3pi:/home/robotics/ros2_cobot/install/mycobot_280_riscv:/home/robotics/ros2_cobot/install/mycobot_280_rdkx5:/home/robotics/ros2_cobot/install/mycobot_280_moveit2_control:/home/robotics/ros2_cobot/install/mycobot_280_arduino:/home/robotics/ros2_cobot/install/mycobot_280:/home/robotics/ros2_cobot/install/mybuddy:/home/robotics/ros2_cobot/install/myarm_300:/home/robotics/ros2_cobot/install/mecharm_pi:/home/robotics/ros2_cobot/install/mecharm:/home/robotics/ros2_cobot/install/mycobot_description:/opt/ros/humble /usr/bin/cmake --install /home/robotics/ros2_cobot/build/mypalletizer_interfaces
[0.873s] Level 1:colcon.colcon_core.environment:checking '/home/robotics/ros2_cobot/install/mypalletizer_interfaces' for CMake module files
[0.874s] Level 1:colcon.colcon_core.environment:checking '/home/robotics/ros2_cobot/install/mypalletizer_interfaces' for CMake config files
[0.874s] Level 1:colcon.colcon_core.shell:create_environment_hook('mypalletizer_interfaces', 'cmake_prefix_path')
[0.874s] INFO:colcon.colcon_core.shell:Creating environment hook '/home/robotics/ros2_cobot/install/mypalletizer_interfaces/share/mypalletizer_interfaces/hook/cmake_prefix_path.ps1'
[0.875s] INFO:colcon.colcon_core.shell:Creating environment descriptor '/home/robotics/ros2_cobot/install/mypalletizer_interfaces/share/mypalletizer_interfaces/hook/cmake_prefix_path.dsv'
[0.875s] INFO:colcon.colcon_core.shell:Creating environment hook '/home/robotics/ros2_cobot/install/mypalletizer_interfaces/share/mypalletizer_interfaces/hook/cmake_prefix_path.sh'
[0.876s] Level 1:colcon.colcon_core.environment:checking '/home/robotics/ros2_cobot/install/mypalletizer_interfaces/lib'
[0.876s] Level 1:colcon.colcon_core.shell:create_environment_hook('mypalletizer_interfaces', 'ld_library_path_lib')
[0.876s] INFO:colcon.colcon_core.shell:Creating environment hook '/home/robotics/ros2_cobot/install/mypalletizer_interfaces/share/mypalletizer_interfaces/hook/ld_library_path_lib.ps1'
[0.876s] INFO:colcon.colcon_core.shell:Creating environment descriptor '/home/robotics/ros2_cobot/install/mypalletizer_interfaces/share/mypalletizer_interfaces/hook/ld_library_path_lib.dsv'
[0.876s] INFO:colcon.colcon_core.shell:Creating environment hook '/home/robotics/ros2_cobot/install/mypalletizer_interfaces/share/mypalletizer_interfaces/hook/ld_library_path_lib.sh'
[0.877s] Level 1:colcon.colcon_core.environment:checking '/home/robotics/ros2_cobot/install/mypalletizer_interfaces/bin'
[0.877s] Level 1:colcon.colcon_core.environment:checking '/home/robotics/ros2_cobot/install/mypalletizer_interfaces/lib/pkgconfig/mypalletizer_interfaces.pc'
[0.877s] Level 1:colcon.colcon_core.environment:checking '/home/robotics/ros2_cobot/install/mypalletizer_interfaces/lib/python3.10/site-packages'
[0.877s] Level 1:colcon.colcon_core.environment:checking '/home/robotics/ros2_cobot/install/mypalletizer_interfaces/bin'
[0.877s] INFO:colcon.colcon_core.shell:Creating package script '/home/robotics/ros2_cobot/install/mypalletizer_interfaces/share/mypalletizer_interfaces/package.ps1'
[0.878s] INFO:colcon.colcon_core.shell:Creating package descriptor '/home/robotics/ros2_cobot/install/mypalletizer_interfaces/share/mypalletizer_interfaces/package.dsv'
[0.878s] INFO:colcon.colcon_core.shell:Creating package script '/home/robotics/ros2_cobot/install/mypalletizer_interfaces/share/mypalletizer_interfaces/package.sh'
[0.879s] INFO:colcon.colcon_core.shell:Creating package script '/home/robotics/ros2_cobot/install/mypalletizer_interfaces/share/mypalletizer_interfaces/package.bash'
[0.880s] INFO:colcon.colcon_core.shell:Creating package script '/home/robotics/ros2_cobot/install/mypalletizer_interfaces/share/mypalletizer_interfaces/package.zsh'
[0.881s] Level 1:colcon.colcon_core.environment:create_file_with_runtime_dependencies(/home/robotics/ros2_cobot/install/mypalletizer_interfaces/share/colcon-core/packages/mypalletizer_interfaces)
[0.881s] Level 1:colcon.colcon_core.environment:create_environment_scripts_only(mypalletizer_interfaces)
[0.881s] Level 1:colcon.colcon_core.environment:checking '/home/robotics/ros2_cobot/install/mypalletizer_interfaces' for CMake module files
[0.882s] Level 1:colcon.colcon_core.environment:checking '/home/robotics/ros2_cobot/install/mypalletizer_interfaces' for CMake config files
[0.882s] Level 1:colcon.colcon_core.shell:create_environment_hook('mypalletizer_interfaces', 'cmake_prefix_path')
[0.883s] INFO:colcon.colcon_core.shell:Creating environment hook '/home/robotics/ros2_cobot/install/mypalletizer_interfaces/share/mypalletizer_interfaces/hook/cmake_prefix_path.ps1'
[0.883s] INFO:colcon.colcon_core.shell:Creating environment descriptor '/home/robotics/ros2_cobot/install/mypalletizer_interfaces/share/mypalletizer_interfaces/hook/cmake_prefix_path.dsv'
[0.883s] INFO:colcon.colcon_core.shell:Creating environment hook '/home/robotics/ros2_cobot/install/mypalletizer_interfaces/share/mypalletizer_interfaces/hook/cmake_prefix_path.sh'
[0.884s] Level 1:colcon.colcon_core.environment:checking '/home/robotics/ros2_cobot/install/mypalletizer_interfaces/lib'
[0.884s] Level 1:colcon.colcon_core.shell:create_environment_hook('mypalletizer_interfaces', 'ld_library_path_lib')
[0.884s] INFO:colcon.colcon_core.shell:Creating environment hook '/home/robotics/ros2_cobot/install/mypalletizer_interfaces/share/mypalletizer_interfaces/hook/ld_library_path_lib.ps1'
[0.884s] INFO:colcon.colcon_core.shell:Creating environment descriptor '/home/robotics/ros2_cobot/install/mypalletizer_interfaces/share/mypalletizer_interfaces/hook/ld_library_path_lib.dsv'
[0.885s] INFO:colcon.colcon_core.shell:Creating environment hook '/home/robotics/ros2_cobot/install/mypalletizer_interfaces/share/mypalletizer_interfaces/hook/ld_library_path_lib.sh'
[0.886s] Level 1:colcon.colcon_core.environment:checking '/home/robotics/ros2_cobot/install/mypalletizer_interfaces/bin'
[0.886s] Level 1:colcon.colcon_core.environment:checking '/home/robotics/ros2_cobot/install/mypalletizer_interfaces/lib/pkgconfig/mypalletizer_interfaces.pc'
[0.886s] Level 1:colcon.colcon_core.environment:checking '/home/robotics/ros2_cobot/install/mypalletizer_interfaces/lib/python3.10/site-packages'
[0.886s] Level 1:colcon.colcon_core.environment:checking '/home/robotics/ros2_cobot/install/mypalletizer_interfaces/bin'
[0.886s] INFO:colcon.colcon_core.shell:Creating package script '/home/robotics/ros2_cobot/install/mypalletizer_interfaces/share/mypalletizer_interfaces/package.ps1'
[0.887s] INFO:colcon.colcon_core.shell:Creating package descriptor '/home/robotics/ros2_cobot/install/mypalletizer_interfaces/share/mypalletizer_interfaces/package.dsv'
[0.887s] INFO:colcon.colcon_core.shell:Creating package script '/home/robotics/ros2_cobot/install/mypalletizer_interfaces/share/mypalletizer_interfaces/package.sh'
[0.888s] INFO:colcon.colcon_core.shell:Creating package script '/home/robotics/ros2_cobot/install/mypalletizer_interfaces/share/mypalletizer_interfaces/package.bash'
[0.888s] INFO:colcon.colcon_core.shell:Creating package script '/home/robotics/ros2_cobot/install/mypalletizer_interfaces/share/mypalletizer_interfaces/package.zsh'
[0.888s] Level 1:colcon.colcon_core.environment:create_file_with_runtime_dependencies(/home/robotics/ros2_cobot/install/mypalletizer_interfaces/share/colcon-core/packages/mypalletizer_interfaces)
[0.889s] INFO:colcon.colcon_ros.task.ament_python.build:Building ROS package in '/home/robotics/ros2_cobot/src/mycobot_ros2/mypalletizer_260/mypalletizer_communication' with build type 'ament_python'
[0.889s] Level 1:colcon.colcon_core.shell:create_environment_hook('mypalletizer_communication', 'ament_prefix_path')
[0.889s] INFO:colcon.colcon_core.shell:Creating environment hook '/home/robotics/ros2_cobot/install/mypalletizer_communication/share/mypalletizer_communication/hook/ament_prefix_path.ps1'
[0.890s] INFO:colcon.colcon_core.shell:Creating environment descriptor '/home/robotics/ros2_cobot/install/mypalletizer_communication/share/mypalletizer_communication/hook/ament_prefix_path.dsv'
[0.890s] INFO:colcon.colcon_core.shell:Creating environment hook '/home/robotics/ros2_cobot/install/mypalletizer_communication/share/mypalletizer_communication/hook/ament_prefix_path.sh'
[0.890s] INFO:colcon.colcon_core.shell:Skip shell extension 'powershell' for command environment: Not usable outside of PowerShell
[0.890s] DEBUG:colcon.colcon_core.shell:Skip shell extension 'dsv' for command environment
[0.897s] Level 1:colcon.colcon_core.environment:create_environment_scripts_only(mycobot_interfaces)
[0.897s] Level 1:colcon.colcon_core.environment:checking '/home/robotics/ros2_cobot/install/mycobot_interfaces' for CMake module files
[0.898s] DEBUG:colcon.colcon_core.event_handler.log_command:Invoked command in '/home/robotics/ros2_cobot/build/mycobot_interfaces' returned '0': CMAKE_PREFIX_PATH=${CMAKE_PREFIX_PATH}:/home/robotics/ros2_cobot/install/ultraarm:/home/robotics/ros2_cobot/install/mypalletizer_communication:/home/robotics/ros2_cobot/install/mypalletizer_260_pi:/home/robotics/ros2_cobot/install/mypalletizer_260:/home/robotics/ros2_cobot/install/myarm_m750:/home/robotics/ros2_cobot/install/myarm_c650:/home/robotics/ros2_cobot/install/mycobot_communication:/home/robotics/ros2_cobot/install/mecharm_communication:/home/robotics/ros2_cobot/install/mycobot_630:/home/robotics/ros2_cobot/install/mycobot_600:/home/robotics/ros2_cobot/install/mycobot_320pi:/home/robotics/ros2_cobot/install/mycobot_320_riscv:/home/robotics/ros2_cobot/install/mycobot_320:/home/robotics/ros2_cobot/install/mycobot_280pi:/home/robotics/ros2_cobot/install/mycobot_280jn:/home/robotics/ros2_cobot/install/mycobot_280_x3pi:/home/robotics/ros2_cobot/install/mycobot_280_riscv:/home/robotics/ros2_cobot/install/mycobot_280_rdkx5:/home/robotics/ros2_cobot/install/mycobot_280_moveit2_control:/home/robotics/ros2_cobot/install/mycobot_280_arduino:/home/robotics/ros2_cobot/install/mycobot_280:/home/robotics/ros2_cobot/install/mybuddy:/home/robotics/ros2_cobot/install/myarm_300:/home/robotics/ros2_cobot/install/mecharm_pi:/home/robotics/ros2_cobot/install/mecharm:/home/robotics/ros2_cobot/install/mycobot_description:/opt/ros/humble /usr/bin/cmake --install /home/robotics/ros2_cobot/build/mycobot_interfaces
[0.898s] Level 1:colcon.colcon_core.environment:checking '/home/robotics/ros2_cobot/install/mycobot_interfaces' for CMake config files
[0.903s] Level 1:colcon.colcon_core.shell:create_environment_hook('mycobot_interfaces', 'cmake_prefix_path')
[0.903s] INFO:colcon.colcon_core.shell:Creating environment hook '/home/robotics/ros2_cobot/install/mycobot_interfaces/share/mycobot_interfaces/hook/cmake_prefix_path.ps1'
[0.904s] INFO:colcon.colcon_core.shell:Creating environment descriptor '/home/robotics/ros2_cobot/install/mycobot_interfaces/share/mycobot_interfaces/hook/cmake_prefix_path.dsv'
[0.904s] INFO:colcon.colcon_core.shell:Creating environment hook '/home/robotics/ros2_cobot/install/mycobot_interfaces/share/mycobot_interfaces/hook/cmake_prefix_path.sh'
[0.904s] Level 1:colcon.colcon_core.environment:checking '/home/robotics/ros2_cobot/install/mycobot_interfaces/lib'
[0.904s] Level 1:colcon.colcon_core.shell:create_environment_hook('mycobot_interfaces', 'ld_library_path_lib')
[0.904s] INFO:colcon.colcon_core.shell:Creating environment hook '/home/robotics/ros2_cobot/install/mycobot_interfaces/share/mycobot_interfaces/hook/ld_library_path_lib.ps1'
[0.905s] INFO:colcon.colcon_core.shell:Creating environment descriptor '/home/robotics/ros2_cobot/install/mycobot_interfaces/share/mycobot_interfaces/hook/ld_library_path_lib.dsv'
[0.905s] INFO:colcon.colcon_core.shell:Creating environment hook '/home/robotics/ros2_cobot/install/mycobot_interfaces/share/mycobot_interfaces/hook/ld_library_path_lib.sh'
[0.905s] Level 1:colcon.colcon_core.environment:checking '/home/robotics/ros2_cobot/install/mycobot_interfaces/bin'
[0.905s] Level 1:colcon.colcon_core.environment:checking '/home/robotics/ros2_cobot/install/mycobot_interfaces/lib/pkgconfig/mycobot_interfaces.pc'
[0.905s] Level 1:colcon.colcon_core.environment:checking '/home/robotics/ros2_cobot/install/mycobot_interfaces/lib/python3.10/site-packages'
[0.905s] Level 1:colcon.colcon_core.environment:checking '/home/robotics/ros2_cobot/install/mycobot_interfaces/bin'
[0.906s] INFO:colcon.colcon_core.shell:Creating package script '/home/robotics/ros2_cobot/install/mycobot_interfaces/share/mycobot_interfaces/package.ps1'
[0.906s] INFO:colcon.colcon_core.shell:Creating package descriptor '/home/robotics/ros2_cobot/install/mycobot_interfaces/share/mycobot_interfaces/package.dsv'
[0.906s] INFO:colcon.colcon_core.shell:Creating package script '/home/robotics/ros2_cobot/install/mycobot_interfaces/share/mycobot_interfaces/package.sh'
[0.906s] INFO:colcon.colcon_core.shell:Creating package script '/home/robotics/ros2_cobot/install/mycobot_interfaces/share/mycobot_interfaces/package.bash'
[0.907s] INFO:colcon.colcon_core.shell:Creating package script '/home/robotics/ros2_cobot/install/mycobot_interfaces/share/mycobot_interfaces/package.zsh'
[0.907s] Level 1:colcon.colcon_core.environment:create_file_with_runtime_dependencies(/home/robotics/ros2_cobot/install/mycobot_interfaces/share/colcon-core/packages/mycobot_interfaces)
[0.907s] Level 1:colcon.colcon_core.environment:create_environment_scripts_only(mycobot_interfaces)
[0.907s] Level 1:colcon.colcon_core.environment:checking '/home/robotics/ros2_cobot/install/mycobot_interfaces' for CMake module files
[0.908s] Level 1:colcon.colcon_core.environment:checking '/home/robotics/ros2_cobot/install/mycobot_interfaces' for CMake config files
[0.908s] Level 1:colcon.colcon_core.shell:create_environment_hook('mycobot_interfaces', 'cmake_prefix_path')
[0.908s] INFO:colcon.colcon_core.shell:Creating environment hook '/home/robotics/ros2_cobot/install/mycobot_interfaces/share/mycobot_interfaces/hook/cmake_prefix_path.ps1'
[0.908s] INFO:colcon.colcon_core.shell:Creating environment descriptor '/home/robotics/ros2_cobot/install/mycobot_interfaces/share/mycobot_interfaces/hook/cmake_prefix_path.dsv'
[0.909s] INFO:colcon.colcon_core.shell:Creating environment hook '/home/robotics/ros2_cobot/install/mycobot_interfaces/share/mycobot_interfaces/hook/cmake_prefix_path.sh'
[0.909s] Level 1:colcon.colcon_core.environment:checking '/home/robotics/ros2_cobot/install/mycobot_interfaces/lib'
[0.909s] Level 1:colcon.colcon_core.shell:create_environment_hook('mycobot_interfaces', 'ld_library_path_lib')
[0.909s] INFO:colcon.colcon_core.shell:Creating environment hook '/home/robotics/ros2_cobot/install/mycobot_interfaces/share/mycobot_interfaces/hook/ld_library_path_lib.ps1'
[0.910s] INFO:colcon.colcon_core.shell:Creating environment descriptor '/home/robotics/ros2_cobot/install/mycobot_interfaces/share/mycobot_interfaces/hook/ld_library_path_lib.dsv'
[0.910s] INFO:colcon.colcon_core.shell:Creating environment hook '/home/robotics/ros2_cobot/install/mycobot_interfaces/share/mycobot_interfaces/hook/ld_library_path_lib.sh'
[0.910s] Level 1:colcon.colcon_core.environment:checking '/home/robotics/ros2_cobot/install/mycobot_interfaces/bin'
[0.910s] Level 1:colcon.colcon_core.environment:checking '/home/robotics/ros2_cobot/install/mycobot_interfaces/lib/pkgconfig/mycobot_interfaces.pc'
[0.910s] Level 1:colcon.colcon_core.environment:checking '/home/robotics/ros2_cobot/install/mycobot_interfaces/lib/python3.10/site-packages'
[0.910s] Level 1:colcon.colcon_core.environment:checking '/home/robotics/ros2_cobot/install/mycobot_interfaces/bin'
[0.911s] INFO:colcon.colcon_core.shell:Creating package script '/home/robotics/ros2_cobot/install/mycobot_interfaces/share/mycobot_interfaces/package.ps1'
[0.911s] INFO:colcon.colcon_core.shell:Creating package descriptor '/home/robotics/ros2_cobot/install/mycobot_interfaces/share/mycobot_interfaces/package.dsv'
[0.911s] INFO:colcon.colcon_core.shell:Creating package script '/home/robotics/ros2_cobot/install/mycobot_interfaces/share/mycobot_interfaces/package.sh'
[0.912s] INFO:colcon.colcon_core.shell:Creating package script '/home/robotics/ros2_cobot/install/mycobot_interfaces/share/mycobot_interfaces/package.bash'
[0.912s] INFO:colcon.colcon_core.shell:Creating package script '/home/robotics/ros2_cobot/install/mycobot_interfaces/share/mycobot_interfaces/package.zsh'
[0.912s] Level 1:colcon.colcon_core.environment:create_file_with_runtime_dependencies(/home/robotics/ros2_cobot/install/mycobot_interfaces/share/colcon-core/packages/mycobot_interfaces)
[0.913s] Level 1:colcon.colcon_core.environment:create_environment_scripts_only(traj_scripts)
[0.913s] Level 1:colcon.colcon_core.environment:checking '/home/robotics/ros2_cobot/install/traj_scripts' for CMake module files
[0.914s] DEBUG:colcon.colcon_core.event_handler.log_command:Invoked command in '/home/robotics/ros2_cobot/build/traj_scripts' returned '0': CMAKE_PREFIX_PATH=${CMAKE_PREFIX_PATH}:/home/robotics/ros2_cobot/install/ultraarm:/home/robotics/ros2_cobot/install/mypalletizer_communication:/home/robotics/ros2_cobot/install/mypalletizer_260_pi:/home/robotics/ros2_cobot/install/mypalletizer_260:/home/robotics/ros2_cobot/install/myarm_m750:/home/robotics/ros2_cobot/install/myarm_c650:/home/robotics/ros2_cobot/install/mycobot_communication:/home/robotics/ros2_cobot/install/mecharm_communication:/home/robotics/ros2_cobot/install/mycobot_630:/home/robotics/ros2_cobot/install/mycobot_600:/home/robotics/ros2_cobot/install/mycobot_320pi:/home/robotics/ros2_cobot/install/mycobot_320_riscv:/home/robotics/ros2_cobot/install/mycobot_320:/home/robotics/ros2_cobot/install/mycobot_280pi:/home/robotics/ros2_cobot/install/mycobot_280jn:/home/robotics/ros2_cobot/install/mycobot_280_x3pi:/home/robotics/ros2_cobot/install/mycobot_280_riscv:/home/robotics/ros2_cobot/install/mycobot_280_rdkx5:/home/robotics/ros2_cobot/install/mycobot_280_moveit2_control:/home/robotics/ros2_cobot/install/mycobot_280_arduino:/home/robotics/ros2_cobot/install/mycobot_280:/home/robotics/ros2_cobot/install/mybuddy:/home/robotics/ros2_cobot/install/myarm_300:/home/robotics/ros2_cobot/install/mecharm_pi:/home/robotics/ros2_cobot/install/mecharm:/home/robotics/ros2_cobot/install/mycobot_description:/opt/ros/humble /usr/bin/cmake --install /home/robotics/ros2_cobot/build/traj_scripts
[0.914s] Level 1:colcon.colcon_core.environment:checking '/home/robotics/ros2_cobot/install/traj_scripts' for CMake config files
[0.914s] Level 1:colcon.colcon_core.shell:create_environment_hook('traj_scripts', 'cmake_prefix_path')
[0.914s] INFO:colcon.colcon_core.shell:Creating environment hook '/home/robotics/ros2_cobot/install/traj_scripts/share/traj_scripts/hook/cmake_prefix_path.ps1'
[0.914s] INFO:colcon.colcon_core.shell:Creating environment descriptor '/home/robotics/ros2_cobot/install/traj_scripts/share/traj_scripts/hook/cmake_prefix_path.dsv'
[0.914s] INFO:colcon.colcon_core.shell:Creating environment hook '/home/robotics/ros2_cobot/install/traj_scripts/share/traj_scripts/hook/cmake_prefix_path.sh'
[0.915s] Level 1:colcon.colcon_core.environment:checking '/home/robotics/ros2_cobot/install/traj_scripts/lib'
[0.915s] Level 1:colcon.colcon_core.environment:checking '/home/robotics/ros2_cobot/install/traj_scripts/bin'
[0.915s] Level 1:colcon.colcon_core.environment:checking '/home/robotics/ros2_cobot/install/traj_scripts/lib/pkgconfig/traj_scripts.pc'
[0.915s] Level 1:colcon.colcon_core.environment:checking '/home/robotics/ros2_cobot/install/traj_scripts/lib/python3.10/site-packages'
[0.915s] Level 1:colcon.colcon_core.environment:checking '/home/robotics/ros2_cobot/install/traj_scripts/bin'
[0.915s] INFO:colcon.colcon_core.shell:Creating package script '/home/robotics/ros2_cobot/install/traj_scripts/share/traj_scripts/package.ps1'
[0.915s] INFO:colcon.colcon_core.shell:Creating package descriptor '/home/robotics/ros2_cobot/install/traj_scripts/share/traj_scripts/package.dsv'
[0.916s] INFO:colcon.colcon_core.shell:Creating package script '/home/robotics/ros2_cobot/install/traj_scripts/share/traj_scripts/package.sh'
[0.916s] INFO:colcon.colcon_core.shell:Creating package script '/home/robotics/ros2_cobot/install/traj_scripts/share/traj_scripts/package.bash'
[0.916s] INFO:colcon.colcon_core.shell:Creating package script '/home/robotics/ros2_cobot/install/traj_scripts/share/traj_scripts/package.zsh'
[0.916s] Level 1:colcon.colcon_core.environment:create_file_with_runtime_dependencies(/home/robotics/ros2_cobot/install/traj_scripts/share/colcon-core/packages/traj_scripts)
[0.917s] Level 1:colcon.colcon_core.environment:create_environment_scripts_only(traj_scripts)
[0.917s] Level 1:colcon.colcon_core.environment:checking '/home/robotics/ros2_cobot/install/traj_scripts' for CMake module files
[0.917s] Level 1:colcon.colcon_core.environment:checking '/home/robotics/ros2_cobot/install/traj_scripts' for CMake config files
[0.917s] Level 1:colcon.colcon_core.shell:create_environment_hook('traj_scripts', 'cmake_prefix_path')
[0.917s] INFO:colcon.colcon_core.shell:Creating environment hook '/home/robotics/ros2_cobot/install/traj_scripts/share/traj_scripts/hook/cmake_prefix_path.ps1'
[0.917s] INFO:colcon.colcon_core.shell:Creating environment descriptor '/home/robotics/ros2_cobot/install/traj_scripts/share/traj_scripts/hook/cmake_prefix_path.dsv'
[0.918s] INFO:colcon.colcon_core.shell:Creating environment hook '/home/robotics/ros2_cobot/install/traj_scripts/share/traj_scripts/hook/cmake_prefix_path.sh'
[0.918s] Level 1:colcon.colcon_core.environment:checking '/home/robotics/ros2_cobot/install/traj_scripts/lib'
[0.918s] Level 1:colcon.colcon_core.environment:checking '/home/robotics/ros2_cobot/install/traj_scripts/bin'
[0.918s] Level 1:colcon.colcon_core.environment:checking '/home/robotics/ros2_cobot/install/traj_scripts/lib/pkgconfig/traj_scripts.pc'
[0.918s] Level 1:colcon.colcon_core.environment:checking '/home/robotics/ros2_cobot/install/traj_scripts/lib/python3.10/site-packages'
[0.918s] Level 1:colcon.colcon_core.environment:checking '/home/robotics/ros2_cobot/install/traj_scripts/bin'
[0.919s] INFO:colcon.colcon_core.shell:Creating package script '/home/robotics/ros2_cobot/install/traj_scripts/share/traj_scripts/package.ps1'
[0.919s] INFO:colcon.colcon_core.shell:Creating package descriptor '/home/robotics/ros2_cobot/install/traj_scripts/share/traj_scripts/package.dsv'
[0.919s] INFO:colcon.colcon_core.shell:Creating package script '/home/robotics/ros2_cobot/install/traj_scripts/share/traj_scripts/package.sh'
[0.919s] INFO:colcon.colcon_core.shell:Creating package script '/home/robotics/ros2_cobot/install/traj_scripts/share/traj_scripts/package.bash'
[0.920s] INFO:colcon.colcon_core.shell:Creating package script '/home/robotics/ros2_cobot/install/traj_scripts/share/traj_scripts/package.zsh'
[0.920s] Level 1:colcon.colcon_core.environment:create_file_with_runtime_dependencies(/home/robotics/ros2_cobot/install/traj_scripts/share/colcon-core/packages/traj_scripts)
[0.920s] INFO:colcon.colcon_ros.task.ament_python.build:Building ROS package in '/home/robotics/ros2_cobot/src/mycobot_ros2/mycobot_communication' with build type 'ament_python'
[0.920s] Level 1:colcon.colcon_core.shell:create_environment_hook('mycobot_communication', 'ament_prefix_path')
[0.921s] INFO:colcon.colcon_core.shell:Creating environment hook '/home/robotics/ros2_cobot/install/mycobot_communication/share/mycobot_communication/hook/ament_prefix_path.ps1'
[0.921s] INFO:colcon.colcon_core.shell:Creating environment descriptor '/home/robotics/ros2_cobot/install/mycobot_communication/share/mycobot_communication/hook/ament_prefix_path.dsv'
[0.921s] INFO:colcon.colcon_core.shell:Creating environment hook '/home/robotics/ros2_cobot/install/mycobot_communication/share/mycobot_communication/hook/ament_prefix_path.sh'
[0.921s] INFO:colcon.colcon_core.shell:Skip shell extension 'powershell' for command environment: Not usable outside of PowerShell
[0.921s] DEBUG:colcon.colcon_core.shell:Skip shell extension 'dsv' for command environment
[0.925s] INFO:colcon.colcon_ros.task.ament_python.build:Building ROS package in '/home/robotics/ros2_cobot/src/mycobot_ros2/mecharm/mecharm_communication' with build type 'ament_python'
[0.925s] Level 1:colcon.colcon_core.shell:create_environment_hook('mecharm_communication', 'ament_prefix_path')
[0.925s] INFO:colcon.colcon_core.shell:Creating environment hook '/home/robotics/ros2_cobot/install/mecharm_communication/share/mecharm_communication/hook/ament_prefix_path.ps1'
[0.926s] INFO:colcon.colcon_core.shell:Creating environment descriptor '/home/robotics/ros2_cobot/install/mecharm_communication/share/mecharm_communication/hook/ament_prefix_path.dsv'
[0.926s] INFO:colcon.colcon_core.shell:Creating environment hook '/home/robotics/ros2_cobot/install/mecharm_communication/share/mecharm_communication/hook/ament_prefix_path.sh'
[0.926s] INFO:colcon.colcon_core.shell:Skip shell extension 'powershell' for command environment: Not usable outside of PowerShell
[0.926s] DEBUG:colcon.colcon_core.shell:Skip shell extension 'dsv' for command environment
[1.141s] INFO:colcon.colcon_core.task.python.build:Building Python package in '/home/robotics/ros2_cobot/src/mycobot_ros2/mypalletizer_260/mypalletizer_communication'
[1.141s] INFO:colcon.colcon_core.shell:Skip shell extension 'powershell' for command environment: Not usable outside of PowerShell
[1.141s] DEBUG:colcon.colcon_core.shell:Skip shell extension 'dsv' for command environment
[1.149s] Level 1:colcon.colcon_core.environment:create_environment_scripts_only(mecharm_interfaces)
[1.149s] Level 1:colcon.colcon_core.environment:checking '/home/robotics/ros2_cobot/install/mecharm_interfaces' for CMake module files
[1.150s] DEBUG:colcon.colcon_core.event_handler.log_command:Invoked command in '/home/robotics/ros2_cobot/build/mecharm_interfaces' returned '0': CMAKE_PREFIX_PATH=${CMAKE_PREFIX_PATH}:/home/robotics/ros2_cobot/install/ultraarm:/home/robotics/ros2_cobot/install/mypalletizer_communication:/home/robotics/ros2_cobot/install/mypalletizer_260_pi:/home/robotics/ros2_cobot/install/mypalletizer_260:/home/robotics/ros2_cobot/install/myarm_m750:/home/robotics/ros2_cobot/install/myarm_c650:/home/robotics/ros2_cobot/install/mycobot_communication:/home/robotics/ros2_cobot/install/mecharm_communication:/home/robotics/ros2_cobot/install/mycobot_630:/home/robotics/ros2_cobot/install/mycobot_600:/home/robotics/ros2_cobot/install/mycobot_320pi:/home/robotics/ros2_cobot/install/mycobot_320_riscv:/home/robotics/ros2_cobot/install/mycobot_320:/home/robotics/ros2_cobot/install/mycobot_280pi:/home/robotics/ros2_cobot/install/mycobot_280jn:/home/robotics/ros2_cobot/install/mycobot_280_x3pi:/home/robotics/ros2_cobot/install/mycobot_280_riscv:/home/robotics/ros2_cobot/install/mycobot_280_rdkx5:/home/robotics/ros2_cobot/install/mycobot_280_moveit2_control:/home/robotics/ros2_cobot/install/mycobot_280_arduino:/home/robotics/ros2_cobot/install/mycobot_280:/home/robotics/ros2_cobot/install/mybuddy:/home/robotics/ros2_cobot/install/myarm_300:/home/robotics/ros2_cobot/install/mecharm_pi:/home/robotics/ros2_cobot/install/mecharm:/home/robotics/ros2_cobot/install/mycobot_description:/opt/ros/humble /usr/bin/cmake --install /home/robotics/ros2_cobot/build/mecharm_interfaces
[1.151s] Level 1:colcon.colcon_core.environment:checking '/home/robotics/ros2_cobot/install/mecharm_interfaces' for CMake config files
[1.151s] Level 1:colcon.colcon_core.shell:create_environment_hook('mecharm_interfaces', 'cmake_prefix_path')
[1.152s] INFO:colcon.colcon_core.shell:Creating environment hook '/home/robotics/ros2_cobot/install/mecharm_interfaces/share/mecharm_interfaces/hook/cmake_prefix_path.ps1'
[1.152s] INFO:colcon.colcon_core.shell:Creating environment descriptor '/home/robotics/ros2_cobot/install/mecharm_interfaces/share/mecharm_interfaces/hook/cmake_prefix_path.dsv'
[1.153s] INFO:colcon.colcon_core.shell:Creating environment hook '/home/robotics/ros2_cobot/install/mecharm_interfaces/share/mecharm_interfaces/hook/cmake_prefix_path.sh'
[1.153s] Level 1:colcon.colcon_core.environment:checking '/home/robotics/ros2_cobot/install/mecharm_interfaces/lib'
[1.153s] Level 1:colcon.colcon_core.shell:create_environment_hook('mecharm_interfaces', 'ld_library_path_lib')
[1.154s] INFO:colcon.colcon_core.shell:Creating environment hook '/home/robotics/ros2_cobot/install/mecharm_interfaces/share/mecharm_interfaces/hook/ld_library_path_lib.ps1'
[1.154s] INFO:colcon.colcon_core.shell:Creating environment descriptor '/home/robotics/ros2_cobot/install/mecharm_interfaces/share/mecharm_interfaces/hook/ld_library_path_lib.dsv'
[1.155s] INFO:colcon.colcon_core.shell:Creating environment hook '/home/robotics/ros2_cobot/install/mecharm_interfaces/share/mecharm_interfaces/hook/ld_library_path_lib.sh'
[1.155s] Level 1:colcon.colcon_core.environment:checking '/home/robotics/ros2_cobot/install/mecharm_interfaces/bin'
[1.155s] Level 1:colcon.colcon_core.environment:checking '/home/robotics/ros2_cobot/install/mecharm_interfaces/lib/pkgconfig/mecharm_interfaces.pc'
[1.155s] Level 1:colcon.colcon_core.environment:checking '/home/robotics/ros2_cobot/install/mecharm_interfaces/lib/python3.10/site-packages'
[1.156s] Level 1:colcon.colcon_core.environment:checking '/home/robotics/ros2_cobot/install/mecharm_interfaces/bin'
[1.156s] INFO:colcon.colcon_core.shell:Creating package script '/home/robotics/ros2_cobot/install/mecharm_interfaces/share/mecharm_interfaces/package.ps1'
[1.157s] INFO:colcon.colcon_core.shell:Creating package descriptor '/home/robotics/ros2_cobot/install/mecharm_interfaces/share/mecharm_interfaces/package.dsv'
[1.157s] INFO:colcon.colcon_core.shell:Creating package script '/home/robotics/ros2_cobot/install/mecharm_interfaces/share/mecharm_interfaces/package.sh'
[1.158s] INFO:colcon.colcon_core.shell:Creating package script '/home/robotics/ros2_cobot/install/mecharm_interfaces/share/mecharm_interfaces/package.bash'
[1.158s] INFO:colcon.colcon_core.shell:Creating package script '/home/robotics/ros2_cobot/install/mecharm_interfaces/share/mecharm_interfaces/package.zsh'
[1.158s] Level 1:colcon.colcon_core.environment:create_file_with_runtime_dependencies(/home/robotics/ros2_cobot/install/mecharm_interfaces/share/colcon-core/packages/mecharm_interfaces)
[1.159s] Level 1:colcon.colcon_core.environment:create_environment_scripts_only(mecharm_interfaces)
[1.159s] Level 1:colcon.colcon_core.environment:checking '/home/robotics/ros2_cobot/install/mecharm_interfaces' for CMake module files
[1.160s] Level 1:colcon.colcon_core.environment:checking '/home/robotics/ros2_cobot/install/mecharm_interfaces' for CMake config files
[1.161s] Level 1:colcon.colcon_core.shell:create_environment_hook('mecharm_interfaces', 'cmake_prefix_path')
[1.161s] INFO:colcon.colcon_core.shell:Creating environment hook '/home/robotics/ros2_cobot/install/mecharm_interfaces/share/mecharm_interfaces/hook/cmake_prefix_path.ps1'
[1.162s] INFO:colcon.colcon_core.shell:Creating environment descriptor '/home/robotics/ros2_cobot/install/mecharm_interfaces/share/mecharm_interfaces/hook/cmake_prefix_path.dsv'
[1.162s] INFO:colcon.colcon_core.shell:Creating environment hook '/home/robotics/ros2_cobot/install/mecharm_interfaces/share/mecharm_interfaces/hook/cmake_prefix_path.sh'
[1.163s] Level 1:colcon.colcon_core.environment:checking '/home/robotics/ros2_cobot/install/mecharm_interfaces/lib'
[1.163s] Level 1:colcon.colcon_core.shell:create_environment_hook('mecharm_interfaces', 'ld_library_path_lib')
[1.164s] INFO:colcon.colcon_core.shell:Creating environment hook '/home/robotics/ros2_cobot/install/mecharm_interfaces/share/mecharm_interfaces/hook/ld_library_path_lib.ps1'
[1.164s] INFO:colcon.colcon_core.shell:Creating environment descriptor '/home/robotics/ros2_cobot/install/mecharm_interfaces/share/mecharm_interfaces/hook/ld_library_path_lib.dsv'
[1.164s] INFO:colcon.colcon_core.shell:Creating environment hook '/home/robotics/ros2_cobot/install/mecharm_interfaces/share/mecharm_interfaces/hook/ld_library_path_lib.sh'
[1.165s] Level 1:colcon.colcon_core.environment:checking '/home/robotics/ros2_cobot/install/mecharm_interfaces/bin'
[1.165s] Level 1:colcon.colcon_core.environment:checking '/home/robotics/ros2_cobot/install/mecharm_interfaces/lib/pkgconfig/mecharm_interfaces.pc'
[1.165s] Level 1:colcon.colcon_core.environment:checking '/home/robotics/ros2_cobot/install/mecharm_interfaces/lib/python3.10/site-packages'
[1.165s] Level 1:colcon.colcon_core.environment:checking '/home/robotics/ros2_cobot/install/mecharm_interfaces/bin'
[1.166s] INFO:colcon.colcon_core.shell:Creating package script '/home/robotics/ros2_cobot/install/mecharm_interfaces/share/mecharm_interfaces/package.ps1'
[1.166s] INFO:colcon.colcon_core.shell:Creating package descriptor '/home/robotics/ros2_cobot/install/mecharm_interfaces/share/mecharm_interfaces/package.dsv'
[1.167s] INFO:colcon.colcon_core.shell:Creating package script '/home/robotics/ros2_cobot/install/mecharm_interfaces/share/mecharm_interfaces/package.sh'
[1.168s] INFO:colcon.colcon_core.shell:Creating package script '/home/robotics/ros2_cobot/install/mecharm_interfaces/share/mecharm_interfaces/package.bash'
[1.168s] INFO:colcon.colcon_core.shell:Creating package script '/home/robotics/ros2_cobot/install/mecharm_interfaces/share/mecharm_interfaces/package.zsh'
[1.169s] Level 1:colcon.colcon_core.environment:create_file_with_runtime_dependencies(/home/robotics/ros2_cobot/install/mecharm_interfaces/share/colcon-core/packages/mecharm_interfaces)
[1.371s] INFO:colcon.colcon_core.task.python.build:Building Python package in '/home/robotics/ros2_cobot/src/mycobot_ros2/mycobot_communication'
[1.372s] INFO:colcon.colcon_core.shell:Skip shell extension 'powershell' for command environment: Not usable outside of PowerShell
[1.372s] DEBUG:colcon.colcon_core.shell:Skip shell extension 'dsv' for command environment
[1.604s] INFO:colcon.colcon_core.task.python.build:Building Python package in '/home/robotics/ros2_cobot/src/mycobot_ros2/mecharm/mecharm_communication'
[1.604s] INFO:colcon.colcon_core.shell:Skip shell extension 'powershell' for command environment: Not usable outside of PowerShell
[1.604s] DEBUG:colcon.colcon_core.shell:Skip shell extension 'dsv' for command environment
[1.608s] Level 1:colcon.colcon_core.environment:checking '/home/robotics/ros2_cobot/install/mycobot_description' for CMake module files
[1.609s] DEBUG:colcon.colcon_core.event_handler.log_command:Invoked command in '/home/robotics/ros2_cobot/src/mycobot_ros2/mycobot_description' returned '0': PYTHONPATH=/home/robotics/ros2_cobot/build/mycobot_description/prefix_override:/usr/lib/python3/dist-packages/colcon_core/task/python/colcon_distutils_commands:/home/robotics/ros2_cobot/install/mycobot_description/lib/python3.10/site-packages:${PYTHONPATH} /usr/bin/python3 -W ignore:setup.py install is deprecated -W ignore:easy_install command is deprecated setup.py egg_info --egg-base ../../../build/mycobot_description build --build-base /home/robotics/ros2_cobot/build/mycobot_description/build install --record /home/robotics/ros2_cobot/build/mycobot_description/install.log --single-version-externally-managed install_data
[1.609s] Level 1:colcon.colcon_core.environment:checking '/home/robotics/ros2_cobot/install/mycobot_description' for CMake config files
[1.610s] Level 1:colcon.colcon_core.environment:checking '/home/robotics/ros2_cobot/install/mycobot_description/lib'
[1.610s] Level 1:colcon.colcon_core.environment:checking '/home/robotics/ros2_cobot/install/mycobot_description/bin'
[1.610s] Level 1:colcon.colcon_core.environment:checking '/home/robotics/ros2_cobot/install/mycobot_description/lib/pkgconfig/mycobot_description.pc'
[1.610s] Level 1:colcon.colcon_core.environment:checking '/home/robotics/ros2_cobot/install/mycobot_description/lib/python3.10/site-packages'
[1.610s] Level 1:colcon.colcon_core.shell:create_environment_hook('mycobot_description', 'pythonpath')
[1.610s] INFO:colcon.colcon_core.shell:Creating environment hook '/home/robotics/ros2_cobot/install/mycobot_description/share/mycobot_description/hook/pythonpath.ps1'
[1.610s] INFO:colcon.colcon_core.shell:Creating environment descriptor '/home/robotics/ros2_cobot/install/mycobot_description/share/mycobot_description/hook/pythonpath.dsv'
[1.610s] INFO:colcon.colcon_core.shell:Creating environment hook '/home/robotics/ros2_cobot/install/mycobot_description/share/mycobot_description/hook/pythonpath.sh'
[1.611s] Level 1:colcon.colcon_core.environment:checking '/home/robotics/ros2_cobot/install/mycobot_description/bin'
[1.611s] Level 1:colcon.colcon_core.environment:create_environment_scripts_only(mycobot_description)
[1.611s] INFO:colcon.colcon_core.shell:Creating package script '/home/robotics/ros2_cobot/install/mycobot_description/share/mycobot_description/package.ps1'
[1.612s] INFO:colcon.colcon_core.shell:Creating package descriptor '/home/robotics/ros2_cobot/install/mycobot_description/share/mycobot_description/package.dsv'
[1.613s] INFO:colcon.colcon_core.shell:Creating package script '/home/robotics/ros2_cobot/install/mycobot_description/share/mycobot_description/package.sh'
[1.613s] INFO:colcon.colcon_core.shell:Creating package script '/home/robotics/ros2_cobot/install/mycobot_description/share/mycobot_description/package.bash'
[1.614s] INFO:colcon.colcon_core.shell:Creating package script '/home/robotics/ros2_cobot/install/mycobot_description/share/mycobot_description/package.zsh'
[1.614s] Level 1:colcon.colcon_core.environment:create_file_with_runtime_dependencies(/home/robotics/ros2_cobot/install/mycobot_description/share/colcon-core/packages/mycobot_description)
[1.615s] INFO:colcon.colcon_ros.task.ament_python.build:Building ROS package in '/home/robotics/ros2_cobot/src/mycobot_ros2/mecharm/mecharm' with build type 'ament_python'
[1.615s] Level 1:colcon.colcon_core.shell:create_environment_hook('mecharm', 'ament_prefix_path')
[1.616s] INFO:colcon.colcon_core.shell:Creating environment hook '/home/robotics/ros2_cobot/install/mecharm/share/mecharm/hook/ament_prefix_path.ps1'
[1.616s] INFO:colcon.colcon_core.shell:Creating environment descriptor '/home/robotics/ros2_cobot/install/mecharm/share/mecharm/hook/ament_prefix_path.dsv'
[1.617s] INFO:colcon.colcon_core.shell:Creating environment hook '/home/robotics/ros2_cobot/install/mecharm/share/mecharm/hook/ament_prefix_path.sh'
[1.617s] INFO:colcon.colcon_core.shell:Skip shell extension 'powershell' for command environment: Not usable outside of PowerShell
[1.617s] DEBUG:colcon.colcon_core.shell:Skip shell extension 'dsv' for command environment
[1.624s] INFO:colcon.colcon_ros.task.ament_python.build:Building ROS package in '/home/robotics/ros2_cobot/src/mycobot_ros2/mecharm/mecharm_pi' with build type 'ament_python'
[1.625s] Level 1:colcon.colcon_core.shell:create_environment_hook('mecharm_pi', 'ament_prefix_path')
[1.625s] INFO:colcon.colcon_core.shell:Creating environment hook '/home/robotics/ros2_cobot/install/mecharm_pi/share/mecharm_pi/hook/ament_prefix_path.ps1'
[1.626s] INFO:colcon.colcon_core.shell:Creating environment descriptor '/home/robotics/ros2_cobot/install/mecharm_pi/share/mecharm_pi/hook/ament_prefix_path.dsv'
[1.626s] INFO:colcon.colcon_core.shell:Creating environment hook '/home/robotics/ros2_cobot/install/mecharm_pi/share/mecharm_pi/hook/ament_prefix_path.sh'
[1.627s] INFO:colcon.colcon_core.shell:Skip shell extension 'powershell' for command environment: Not usable outside of PowerShell
[1.627s] DEBUG:colcon.colcon_core.shell:Skip shell extension 'dsv' for command environment
[1.630s] INFO:colcon.colcon_ros.task.ament_python.build:Building ROS package in '/home/robotics/ros2_cobot/src/mycobot_ros2/myArm/myarm_300' with build type 'ament_python'
[1.630s] Level 1:colcon.colcon_core.shell:create_environment_hook('myarm_300', 'ament_prefix_path')
[1.631s] INFO:colcon.colcon_core.shell:Creating environment hook '/home/robotics/ros2_cobot/install/myarm_300/share/myarm_300/hook/ament_prefix_path.ps1'
[1.631s] INFO:colcon.colcon_core.shell:Creating environment descriptor '/home/robotics/ros2_cobot/install/myarm_300/share/myarm_300/hook/ament_prefix_path.dsv'
[1.632s] INFO:colcon.colcon_core.shell:Creating environment hook '/home/robotics/ros2_cobot/install/myarm_300/share/myarm_300/hook/ament_prefix_path.sh'
[1.632s] INFO:colcon.colcon_core.shell:Skip shell extension 'powershell' for command environment: Not usable outside of PowerShell
[1.632s] DEBUG:colcon.colcon_core.shell:Skip shell extension 'dsv' for command environment
[1.636s] INFO:colcon.colcon_ros.task.ament_python.build:Building ROS package in '/home/robotics/ros2_cobot/src/mycobot_ros2/Mybuddy/mybuddy' with build type 'ament_python'
[1.636s] Level 1:colcon.colcon_core.shell:create_environment_hook('mybuddy', 'ament_prefix_path')
[1.636s] INFO:colcon.colcon_core.shell:Creating environment hook '/home/robotics/ros2_cobot/install/mybuddy/share/mybuddy/hook/ament_prefix_path.ps1'
[1.636s] INFO:colcon.colcon_core.shell:Creating environment descriptor '/home/robotics/ros2_cobot/install/mybuddy/share/mybuddy/hook/ament_prefix_path.dsv'
[1.636s] INFO:colcon.colcon_core.shell:Creating environment hook '/home/robotics/ros2_cobot/install/mybuddy/share/mybuddy/hook/ament_prefix_path.sh'
[1.637s] INFO:colcon.colcon_core.shell:Skip shell extension 'powershell' for command environment: Not usable outside of PowerShell
[1.637s] DEBUG:colcon.colcon_core.shell:Skip shell extension 'dsv' for command environment
[1.640s] INFO:colcon.colcon_ros.task.ament_python.build:Building ROS package in '/home/robotics/ros2_cobot/src/mycobot_ros2/mycobot_280/mycobot_280' with build type 'ament_python'
[1.641s] Level 1:colcon.colcon_core.shell:create_environment_hook('mycobot_280', 'ament_prefix_path')
[1.641s] INFO:colcon.colcon_core.shell:Creating environment hook '/home/robotics/ros2_cobot/install/mycobot_280/share/mycobot_280/hook/ament_prefix_path.ps1'
[1.641s] INFO:colcon.colcon_core.shell:Creating environment descriptor '/home/robotics/ros2_cobot/install/mycobot_280/share/mycobot_280/hook/ament_prefix_path.dsv'
[1.641s] INFO:colcon.colcon_core.shell:Creating environment hook '/home/robotics/ros2_cobot/install/mycobot_280/share/mycobot_280/hook/ament_prefix_path.sh'
[1.642s] INFO:colcon.colcon_core.shell:Skip shell extension 'powershell' for command environment: Not usable outside of PowerShell
[1.642s] DEBUG:colcon.colcon_core.shell:Skip shell extension 'dsv' for command environment
[1.645s] INFO:colcon.colcon_ros.task.ament_python.build:Building ROS package in '/home/robotics/ros2_cobot/src/mycobot_ros2/mycobot_280/mycobot_280_arduino' with build type 'ament_python'
[1.645s] Level 1:colcon.colcon_core.shell:create_environment_hook('mycobot_280_arduino', 'ament_prefix_path')
[1.646s] INFO:colcon.colcon_core.shell:Creating environment hook '/home/robotics/ros2_cobot/install/mycobot_280_arduino/share/mycobot_280_arduino/hook/ament_prefix_path.ps1'
[1.646s] INFO:colcon.colcon_core.shell:Creating environment descriptor '/home/robotics/ros2_cobot/install/mycobot_280_arduino/share/mycobot_280_arduino/hook/ament_prefix_path.dsv'
[1.646s] INFO:colcon.colcon_core.shell:Creating environment hook '/home/robotics/ros2_cobot/install/mycobot_280_arduino/share/mycobot_280_arduino/hook/ament_prefix_path.sh'
[1.647s] INFO:colcon.colcon_core.shell:Skip shell extension 'powershell' for command environment: Not usable outside of PowerShell
[1.647s] DEBUG:colcon.colcon_core.shell:Skip shell extension 'dsv' for command environment
[1.651s] INFO:colcon.colcon_ros.task.ament_cmake.build:Building ROS package in '/home/robotics/ros2_cobot/src/mycobot_ros2/mycobot_280/mycobot_280_moveit2' with build type 'ament_cmake'
[1.651s] INFO:colcon.colcon_cmake.task.cmake.build:Building CMake package in '/home/robotics/ros2_cobot/src/mycobot_ros2/mycobot_280/mycobot_280_moveit2'
[1.652s] INFO:colcon.colcon_core.shell:Skip shell extension 'powershell' for command environment: Not usable outside of PowerShell
[1.652s] DEBUG:colcon.colcon_core.shell:Skip shell extension 'dsv' for command environment
[1.656s] INFO:colcon.colcon_ros.task.ament_python.build:Building ROS package in '/home/robotics/ros2_cobot/src/mycobot_ros2/mycobot_280/mycobot_280_moveit2_control' with build type 'ament_python'
[1.656s] Level 1:colcon.colcon_core.shell:create_environment_hook('mycobot_280_moveit2_control', 'ament_prefix_path')
[1.657s] INFO:colcon.colcon_core.shell:Creating environment hook '/home/robotics/ros2_cobot/install/mycobot_280_moveit2_control/share/mycobot_280_moveit2_control/hook/ament_prefix_path.ps1'
[1.657s] INFO:colcon.colcon_core.shell:Creating environment descriptor '/home/robotics/ros2_cobot/install/mycobot_280_moveit2_control/share/mycobot_280_moveit2_control/hook/ament_prefix_path.dsv'
[1.657s] INFO:colcon.colcon_core.shell:Creating environment hook '/home/robotics/ros2_cobot/install/mycobot_280_moveit2_control/share/mycobot_280_moveit2_control/hook/ament_prefix_path.sh'
[1.658s] INFO:colcon.colcon_core.shell:Skip shell extension 'powershell' for command environment: Not usable outside of PowerShell
[1.658s] DEBUG:colcon.colcon_core.shell:Skip shell extension 'dsv' for command environment
[1.661s] INFO:colcon.colcon_ros.task.ament_python.build:Building ROS package in '/home/robotics/ros2_cobot/src/mycobot_ros2/mycobot_280/mycobot_280_riscv' with build type 'ament_python'
[1.661s] Level 1:colcon.colcon_core.shell:create_environment_hook('mycobot_280_riscv', 'ament_prefix_path')
[1.661s] INFO:colcon.colcon_core.shell:Creating environment hook '/home/robotics/ros2_cobot/install/mycobot_280_riscv/share/mycobot_280_riscv/hook/ament_prefix_path.ps1'
[1.662s] INFO:colcon.colcon_core.shell:Creating environment descriptor '/home/robotics/ros2_cobot/install/mycobot_280_riscv/share/mycobot_280_riscv/hook/ament_prefix_path.dsv'
[1.662s] INFO:colcon.colcon_core.shell:Creating environment hook '/home/robotics/ros2_cobot/install/mycobot_280_riscv/share/mycobot_280_riscv/hook/ament_prefix_path.sh'
[1.663s] INFO:colcon.colcon_core.shell:Skip shell extension 'powershell' for command environment: Not usable outside of PowerShell
[1.663s] DEBUG:colcon.colcon_core.shell:Skip shell extension 'dsv' for command environment
[1.667s] INFO:colcon.colcon_ros.task.ament_python.build:Building ROS package in '/home/robotics/ros2_cobot/src/mycobot_ros2/mycobot_280/mycobot_280_x3pi' with build type 'ament_python'
[1.667s] Level 1:colcon.colcon_core.shell:create_environment_hook('mycobot_280_x3pi', 'ament_prefix_path')
[1.667s] INFO:colcon.colcon_core.shell:Creating environment hook '/home/robotics/ros2_cobot/install/mycobot_280_x3pi/share/mycobot_280_x3pi/hook/ament_prefix_path.ps1'
[1.668s] INFO:colcon.colcon_core.shell:Creating environment descriptor '/home/robotics/ros2_cobot/install/mycobot_280_x3pi/share/mycobot_280_x3pi/hook/ament_prefix_path.dsv'
[1.668s] INFO:colcon.colcon_core.shell:Creating environment hook '/home/robotics/ros2_cobot/install/mycobot_280_x3pi/share/mycobot_280_x3pi/hook/ament_prefix_path.sh'
[1.669s] INFO:colcon.colcon_core.shell:Skip shell extension 'powershell' for command environment: Not usable outside of PowerShell
[1.669s] DEBUG:colcon.colcon_core.shell:Skip shell extension 'dsv' for command environment
[1.673s] INFO:colcon.colcon_ros.task.ament_cmake.build:Building ROS package in '/home/robotics/ros2_cobot/src/mycobot_ros2/mycobot_280/mycobot_280arduino_moveit2' with build type 'ament_cmake'
[1.673s] INFO:colcon.colcon_cmake.task.cmake.build:Building CMake package in '/home/robotics/ros2_cobot/src/mycobot_ros2/mycobot_280/mycobot_280arduino_moveit2'
[1.673s] INFO:colcon.colcon_core.shell:Skip shell extension 'powershell' for command environment: Not usable outside of PowerShell
[1.673s] DEBUG:colcon.colcon_core.shell:Skip shell extension 'dsv' for command environment
[1.677s] INFO:colcon.colcon_ros.task.ament_python.build:Building ROS package in '/home/robotics/ros2_cobot/src/mycobot_ros2/mycobot_280/mycobot_280jn' with build type 'ament_python'
[1.677s] Level 1:colcon.colcon_core.shell:create_environment_hook('mycobot_280jn', 'ament_prefix_path')
[1.677s] INFO:colcon.colcon_core.shell:Creating environment hook '/home/robotics/ros2_cobot/install/mycobot_280jn/share/mycobot_280jn/hook/ament_prefix_path.ps1'
[1.677s] INFO:colcon.colcon_core.shell:Creating environment descriptor '/home/robotics/ros2_cobot/install/mycobot_280jn/share/mycobot_280jn/hook/ament_prefix_path.dsv'
[1.678s] INFO:colcon.colcon_core.shell:Creating environment hook '/home/robotics/ros2_cobot/install/mycobot_280jn/share/mycobot_280jn/hook/ament_prefix_path.sh'
[1.678s] INFO:colcon.colcon_core.shell:Skip shell extension 'powershell' for command environment: Not usable outside of PowerShell
[1.678s] DEBUG:colcon.colcon_core.shell:Skip shell extension 'dsv' for command environment
[1.683s] INFO:colcon.colcon_ros.task.ament_python.build:Building ROS package in '/home/robotics/ros2_cobot/src/mycobot_ros2/mycobot_280/mycobot_280pi' with build type 'ament_python'
[1.683s] Level 1:colcon.colcon_core.shell:create_environment_hook('mycobot_280pi', 'ament_prefix_path')
[1.683s] INFO:colcon.colcon_core.shell:Creating environment hook '/home/robotics/ros2_cobot/install/mycobot_280pi/share/mycobot_280pi/hook/ament_prefix_path.ps1'
[1.683s] INFO:colcon.colcon_core.shell:Creating environment descriptor '/home/robotics/ros2_cobot/install/mycobot_280pi/share/mycobot_280pi/hook/ament_prefix_path.dsv'
[1.684s] INFO:colcon.colcon_core.shell:Creating environment hook '/home/robotics/ros2_cobot/install/mycobot_280pi/share/mycobot_280pi/hook/ament_prefix_path.sh'
[1.684s] INFO:colcon.colcon_core.shell:Skip shell extension 'powershell' for command environment: Not usable outside of PowerShell
[1.684s] DEBUG:colcon.colcon_core.shell:Skip shell extension 'dsv' for command environment
[1.898s] INFO:colcon.colcon_core.task.python.build:Building Python package in '/home/robotics/ros2_cobot/src/mycobot_ros2/mecharm/mecharm'
[1.899s] INFO:colcon.colcon_core.shell:Skip shell extension 'powershell' for command environment: Not usable outside of PowerShell
[1.899s] DEBUG:colcon.colcon_core.shell:Skip shell extension 'dsv' for command environment
[2.124s] INFO:colcon.colcon_core.task.python.build:Building Python package in '/home/robotics/ros2_cobot/src/mycobot_ros2/mecharm/mecharm_pi'
[2.124s] INFO:colcon.colcon_core.shell:Skip shell extension 'powershell' for command environment: Not usable outside of PowerShell
[2.124s] DEBUG:colcon.colcon_core.shell:Skip shell extension 'dsv' for command environment
[2.333s] INFO:colcon.colcon_core.task.python.build:Building Python package in '/home/robotics/ros2_cobot/src/mycobot_ros2/myArm/myarm_300'
[2.334s] INFO:colcon.colcon_core.shell:Skip shell extension 'powershell' for command environment: Not usable outside of PowerShell
[2.334s] DEBUG:colcon.colcon_core.shell:Skip shell extension 'dsv' for command environment
[2.560s] INFO:colcon.colcon_core.task.python.build:Building Python package in '/home/robotics/ros2_cobot/src/mycobot_ros2/Mybuddy/mybuddy'
[2.561s] INFO:colcon.colcon_core.shell:Skip shell extension 'powershell' for command environment: Not usable outside of PowerShell
[2.561s] DEBUG:colcon.colcon_core.shell:Skip shell extension 'dsv' for command environment
[2.779s] INFO:colcon.colcon_core.task.python.build:Building Python package in '/home/robotics/ros2_cobot/src/mycobot_ros2/mycobot_280/mycobot_280'
[2.779s] INFO:colcon.colcon_core.shell:Skip shell extension 'powershell' for command environment: Not usable outside of PowerShell
[2.779s] DEBUG:colcon.colcon_core.shell:Skip shell extension 'dsv' for command environment
[2.987s] INFO:colcon.colcon_core.task.python.build:Building Python package in '/home/robotics/ros2_cobot/src/mycobot_ros2/mycobot_280/mycobot_280_arduino'
[2.988s] INFO:colcon.colcon_core.shell:Skip shell extension 'powershell' for command environment: Not usable outside of PowerShell
[2.988s] DEBUG:colcon.colcon_core.shell:Skip shell extension 'dsv' for command environment
[2.999s] DEBUG:colcon.colcon_core.event_handler.log_command:Invoking command in '/home/robotics/ros2_cobot/build/mycobot_280_moveit2': AMENT_PREFIX_PATH=/home/robotics/ros2_cobot/install/mycobot_description:/home/robotics/ros2_cobot/install/ultraarm:/home/robotics/ros2_cobot/install/traj_scripts:/home/robotics/ros2_cobot/install/mypalletizer_communication:/home/robotics/ros2_cobot/install/mypalletizer_interfaces:/home/robotics/ros2_cobot/install/mypalletizer_260_pi:/home/robotics/ros2_cobot/install/mypalletizer_260:/home/robotics/ros2_cobot/install/myarm_m750:/home/robotics/ros2_cobot/install/myarm_c650:/home/robotics/ros2_cobot/install/mycobot_communication:/home/robotics/ros2_cobot/install/mecharm_communication:/home/robotics/ros2_cobot/install/mycobot_interfaces:/home/robotics/ros2_cobot/install/mycobot_630:/home/robotics/ros2_cobot/install/mycobot_600:/home/robotics/ros2_cobot/install/mycobot_320pi:/home/robotics/ros2_cobot/install/mycobot_320_riscv:/home/robotics/ros2_cobot/install/mycobot_320:/home/robotics/ros2_cobot/install/mycobot_280rdkx5_moveit2:/home/robotics/ros2_cobot/install/mycobot_280pi:/home/robotics/ros2_cobot/install/mycobot_280jn:/home/robotics/ros2_cobot/install/mycobot_280arduino_moveit2:/home/robotics/ros2_cobot/install/mycobot_280_x3pi:/home/robotics/ros2_cobot/install/mycobot_280_riscv:/home/robotics/ros2_cobot/install/mycobot_280_rdkx5:/home/robotics/ros2_cobot/install/mycobot_280_moveit2_control:/home/robotics/ros2_cobot/install/mycobot_280_moveit2:/home/robotics/ros2_cobot/install/mycobot_280_arduino:/home/robotics/ros2_cobot/install/mycobot_280:/home/robotics/ros2_cobot/install/mybuddy:/home/robotics/ros2_cobot/install/myarm_300:/home/robotics/ros2_cobot/install/mecharm_pi:/home/robotics/ros2_cobot/install/mecharm:/home/robotics/ros2_cobot/install/mecharm_interfaces:/opt/ros/humble CMAKE_PREFIX_PATH=${CMAKE_PREFIX_PATH}:/home/robotics/ros2_cobot/install/ultraarm:/home/robotics/ros2_cobot/install/mypalletizer_communication:/home/robotics/ros2_cobot/install/mypalletizer_260_pi:/home/robotics/ros2_cobot/install/mypalletizer_260:/home/robotics/ros2_cobot/install/myarm_m750:/home/robotics/ros2_cobot/install/myarm_c650:/home/robotics/ros2_cobot/install/mycobot_communication:/home/robotics/ros2_cobot/install/mecharm_communication:/home/robotics/ros2_cobot/install/mycobot_630:/home/robotics/ros2_cobot/install/mycobot_600:/home/robotics/ros2_cobot/install/mycobot_320pi:/home/robotics/ros2_cobot/install/mycobot_320_riscv:/home/robotics/ros2_cobot/install/mycobot_320:/home/robotics/ros2_cobot/install/mycobot_280pi:/home/robotics/ros2_cobot/install/mycobot_280jn:/home/robotics/ros2_cobot/install/mycobot_280_x3pi:/home/robotics/ros2_cobot/install/mycobot_280_riscv:/home/robotics/ros2_cobot/install/mycobot_280_rdkx5:/home/robotics/ros2_cobot/install/mycobot_280_moveit2_control:/home/robotics/ros2_cobot/install/mycobot_280_arduino:/home/robotics/ros2_cobot/install/mycobot_280:/home/robotics/ros2_cobot/install/mybuddy:/home/robotics/ros2_cobot/install/myarm_300:/home/robotics/ros2_cobot/install/mecharm_pi:/home/robotics/ros2_cobot/install/mecharm:/home/robotics/ros2_cobot/install/mycobot_description:/opt/ros/humble PYTHONPATH=/home/robotics/ros2_cobot/install/mycobot_description/lib/python3.10/site-packages:/home/robotics/ros2_cobot/install/ultraarm/lib/python3.10/site-packages:/home/robotics/ros2_cobot/install/traj_scripts/local/lib/python3.10/dist-packages:/home/robotics/ros2_cobot/install/mypalletizer_communication/lib/python3.10/site-packages:/home/robotics/ros2_cobot/install/mypalletizer_interfaces/local/lib/python3.10/dist-packages:/home/robotics/ros2_cobot/install/mypalletizer_260_pi/lib/python3.10/site-packages:/home/robotics/ros2_cobot/install/mypalletizer_260/lib/python3.10/site-packages:/home/robotics/ros2_cobot/install/myarm_m750/lib/python3.10/site-packages:/home/robotics/ros2_cobot/install/myarm_c650/lib/python3.10/site-packages:/home/robotics/ros2_cobot/install/mycobot_communication/lib/python3.10/site-packages:/home/robotics/ros2_cobot/install/mecharm_communication/lib/python3.10/site-packages:/home/robotics/ros2_cobot/install/mycobot_interfaces/local/lib/python3.10/dist-packages:/home/robotics/ros2_cobot/install/mycobot_630/lib/python3.10/site-packages:/home/robotics/ros2_cobot/install/mycobot_600/lib/python3.10/site-packages:/home/robotics/ros2_cobot/install/mycobot_320pi/lib/python3.10/site-packages:/home/robotics/ros2_cobot/install/mycobot_320_riscv/lib/python3.10/site-packages:/home/robotics/ros2_cobot/install/mycobot_320/lib/python3.10/site-packages:/home/robotics/ros2_cobot/install/mycobot_280pi/lib/python3.10/site-packages:/home/robotics/ros2_cobot/install/mycobot_280jn/lib/python3.10/site-packages:/home/robotics/ros2_cobot/install/mycobot_280_x3pi/lib/python3.10/site-packages:/home/robotics/ros2_cobot/install/mycobot_280_riscv/lib/python3.10/site-packages:/home/robotics/ros2_cobot/install/mycobot_280_rdkx5/lib/python3.10/site-packages:/home/robotics/ros2_cobot/install/mycobot_280_moveit2_control/lib/python3.10/site-packages:/home/robotics/ros2_cobot/install/mycobot_280_arduino/lib/python3.10/site-packages:/home/robotics/ros2_cobot/install/mycobot_280/lib/python3.10/site-packages:/home/robotics/ros2_cobot/install/mybuddy/lib/python3.10/site-packages:/home/robotics/ros2_cobot/install/myarm_300/lib/python3.10/site-packages:/home/robotics/ros2_cobot/install/mecharm_pi/lib/python3.10/site-packages:/home/robotics/ros2_cobot/install/mecharm/lib/python3.10/site-packages:/home/robotics/ros2_cobot/install/mecharm_interfaces/local/lib/python3.10/dist-packages:/opt/ros/humble/lib/python3.10/site-packages:/opt/ros/humble/local/lib/python3.10/dist-packages /usr/bin/cmake --build /home/robotics/ros2_cobot/build/mycobot_280_moveit2 -- -j16 -l16
[3.226s] INFO:colcon.colcon_core.task.python.build:Building Python package in '/home/robotics/ros2_cobot/src/mycobot_ros2/mycobot_280/mycobot_280_moveit2_control'
[3.226s] INFO:colcon.colcon_core.shell:Skip shell extension 'powershell' for command environment: Not usable outside of PowerShell
[3.226s] DEBUG:colcon.colcon_core.shell:Skip shell extension 'dsv' for command environment
[3.459s] INFO:colcon.colcon_core.task.python.build:Building Python package in '/home/robotics/ros2_cobot/src/mycobot_ros2/mycobot_280/mycobot_280_riscv'
[3.460s] INFO:colcon.colcon_core.shell:Skip shell extension 'powershell' for command environment: Not usable outside of PowerShell
[3.460s] DEBUG:colcon.colcon_core.shell:Skip shell extension 'dsv' for command environment
[3.673s] INFO:colcon.colcon_core.task.python.build:Building Python package in '/home/robotics/ros2_cobot/src/mycobot_ros2/mycobot_280/mycobot_280_x3pi'
[3.674s] INFO:colcon.colcon_core.shell:Skip shell extension 'powershell' for command environment: Not usable outside of PowerShell
[3.674s] DEBUG:colcon.colcon_core.shell:Skip shell extension 'dsv' for command environment
[3.685s] DEBUG:colcon.colcon_core.event_handler.log_command:Invoking command in '/home/robotics/ros2_cobot/build/mycobot_280arduino_moveit2': AMENT_PREFIX_PATH=/home/robotics/ros2_cobot/install/mycobot_description:/home/robotics/ros2_cobot/install/ultraarm:/home/robotics/ros2_cobot/install/traj_scripts:/home/robotics/ros2_cobot/install/mypalletizer_communication:/home/robotics/ros2_cobot/install/mypalletizer_interfaces:/home/robotics/ros2_cobot/install/mypalletizer_260_pi:/home/robotics/ros2_cobot/install/mypalletizer_260:/home/robotics/ros2_cobot/install/myarm_m750:/home/robotics/ros2_cobot/install/myarm_c650:/home/robotics/ros2_cobot/install/mycobot_communication:/home/robotics/ros2_cobot/install/mecharm_communication:/home/robotics/ros2_cobot/install/mycobot_interfaces:/home/robotics/ros2_cobot/install/mycobot_630:/home/robotics/ros2_cobot/install/mycobot_600:/home/robotics/ros2_cobot/install/mycobot_320pi:/home/robotics/ros2_cobot/install/mycobot_320_riscv:/home/robotics/ros2_cobot/install/mycobot_320:/home/robotics/ros2_cobot/install/mycobot_280rdkx5_moveit2:/home/robotics/ros2_cobot/install/mycobot_280pi:/home/robotics/ros2_cobot/install/mycobot_280jn:/home/robotics/ros2_cobot/install/mycobot_280arduino_moveit2:/home/robotics/ros2_cobot/install/mycobot_280_x3pi:/home/robotics/ros2_cobot/install/mycobot_280_riscv:/home/robotics/ros2_cobot/install/mycobot_280_rdkx5:/home/robotics/ros2_cobot/install/mycobot_280_moveit2_control:/home/robotics/ros2_cobot/install/mycobot_280_moveit2:/home/robotics/ros2_cobot/install/mycobot_280_arduino:/home/robotics/ros2_cobot/install/mycobot_280:/home/robotics/ros2_cobot/install/mybuddy:/home/robotics/ros2_cobot/install/myarm_300:/home/robotics/ros2_cobot/install/mecharm_pi:/home/robotics/ros2_cobot/install/mecharm:/home/robotics/ros2_cobot/install/mecharm_interfaces:/opt/ros/humble CMAKE_PREFIX_PATH=${CMAKE_PREFIX_PATH}:/home/robotics/ros2_cobot/install/ultraarm:/home/robotics/ros2_cobot/install/mypalletizer_communication:/home/robotics/ros2_cobot/install/mypalletizer_260_pi:/home/robotics/ros2_cobot/install/mypalletizer_260:/home/robotics/ros2_cobot/install/myarm_m750:/home/robotics/ros2_cobot/install/myarm_c650:/home/robotics/ros2_cobot/install/mycobot_communication:/home/robotics/ros2_cobot/install/mecharm_communication:/home/robotics/ros2_cobot/install/mycobot_630:/home/robotics/ros2_cobot/install/mycobot_600:/home/robotics/ros2_cobot/install/mycobot_320pi:/home/robotics/ros2_cobot/install/mycobot_320_riscv:/home/robotics/ros2_cobot/install/mycobot_320:/home/robotics/ros2_cobot/install/mycobot_280pi:/home/robotics/ros2_cobot/install/mycobot_280jn:/home/robotics/ros2_cobot/install/mycobot_280_x3pi:/home/robotics/ros2_cobot/install/mycobot_280_riscv:/home/robotics/ros2_cobot/install/mycobot_280_rdkx5:/home/robotics/ros2_cobot/install/mycobot_280_moveit2_control:/home/robotics/ros2_cobot/install/mycobot_280_arduino:/home/robotics/ros2_cobot/install/mycobot_280:/home/robotics/ros2_cobot/install/mybuddy:/home/robotics/ros2_cobot/install/myarm_300:/home/robotics/ros2_cobot/install/mecharm_pi:/home/robotics/ros2_cobot/install/mecharm:/home/robotics/ros2_cobot/install/mycobot_description:/opt/ros/humble PYTHONPATH=/home/robotics/ros2_cobot/install/mycobot_description/lib/python3.10/site-packages:/home/robotics/ros2_cobot/install/ultraarm/lib/python3.10/site-packages:/home/robotics/ros2_cobot/install/traj_scripts/local/lib/python3.10/dist-packages:/home/robotics/ros2_cobot/install/mypalletizer_communication/lib/python3.10/site-packages:/home/robotics/ros2_cobot/install/mypalletizer_interfaces/local/lib/python3.10/dist-packages:/home/robotics/ros2_cobot/install/mypalletizer_260_pi/lib/python3.10/site-packages:/home/robotics/ros2_cobot/install/mypalletizer_260/lib/python3.10/site-packages:/home/robotics/ros2_cobot/install/myarm_m750/lib/python3.10/site-packages:/home/robotics/ros2_cobot/install/myarm_c650/lib/python3.10/site-packages:/home/robotics/ros2_cobot/install/mycobot_communication/lib/python3.10/site-packages:/home/robotics/ros2_cobot/install/mecharm_communication/lib/python3.10/site-packages:/home/robotics/ros2_cobot/install/mycobot_interfaces/local/lib/python3.10/dist-packages:/home/robotics/ros2_cobot/install/mycobot_630/lib/python3.10/site-packages:/home/robotics/ros2_cobot/install/mycobot_600/lib/python3.10/site-packages:/home/robotics/ros2_cobot/install/mycobot_320pi/lib/python3.10/site-packages:/home/robotics/ros2_cobot/install/mycobot_320_riscv/lib/python3.10/site-packages:/home/robotics/ros2_cobot/install/mycobot_320/lib/python3.10/site-packages:/home/robotics/ros2_cobot/install/mycobot_280pi/lib/python3.10/site-packages:/home/robotics/ros2_cobot/install/mycobot_280jn/lib/python3.10/site-packages:/home/robotics/ros2_cobot/install/mycobot_280_x3pi/lib/python3.10/site-packages:/home/robotics/ros2_cobot/install/mycobot_280_riscv/lib/python3.10/site-packages:/home/robotics/ros2_cobot/install/mycobot_280_rdkx5/lib/python3.10/site-packages:/home/robotics/ros2_cobot/install/mycobot_280_moveit2_control/lib/python3.10/site-packages:/home/robotics/ros2_cobot/install/mycobot_280_arduino/lib/python3.10/site-packages:/home/robotics/ros2_cobot/install/mycobot_280/lib/python3.10/site-packages:/home/robotics/ros2_cobot/install/mybuddy/lib/python3.10/site-packages:/home/robotics/ros2_cobot/install/myarm_300/lib/python3.10/site-packages:/home/robotics/ros2_cobot/install/mecharm_pi/lib/python3.10/site-packages:/home/robotics/ros2_cobot/install/mecharm/lib/python3.10/site-packages:/home/robotics/ros2_cobot/install/mecharm_interfaces/local/lib/python3.10/dist-packages:/opt/ros/humble/lib/python3.10/site-packages:/opt/ros/humble/local/lib/python3.10/dist-packages /usr/bin/cmake --build /home/robotics/ros2_cobot/build/mycobot_280arduino_moveit2 -- -j16 -l16
[3.882s] INFO:colcon.colcon_core.task.python.build:Building Python package in '/home/robotics/ros2_cobot/src/mycobot_ros2/mycobot_280/mycobot_280jn'
[3.883s] INFO:colcon.colcon_core.shell:Skip shell extension 'powershell' for command environment: Not usable outside of PowerShell
[3.883s] DEBUG:colcon.colcon_core.shell:Skip shell extension 'dsv' for command environment
[4.087s] INFO:colcon.colcon_core.task.python.build:Building Python package in '/home/robotics/ros2_cobot/src/mycobot_ros2/mycobot_280/mycobot_280pi'
[4.088s] INFO:colcon.colcon_core.shell:Skip shell extension 'powershell' for command environment: Not usable outside of PowerShell
[4.088s] DEBUG:colcon.colcon_core.shell:Skip shell extension 'dsv' for command environment
[4.104s] DEBUG:colcon.colcon_core.event_handler.log_command:Invoked command in '/home/robotics/ros2_cobot/build/mycobot_280arduino_moveit2' returned '0': AMENT_PREFIX_PATH=/home/robotics/ros2_cobot/install/mycobot_description:/home/robotics/ros2_cobot/install/ultraarm:/home/robotics/ros2_cobot/install/traj_scripts:/home/robotics/ros2_cobot/install/mypalletizer_communication:/home/robotics/ros2_cobot/install/mypalletizer_interfaces:/home/robotics/ros2_cobot/install/mypalletizer_260_pi:/home/robotics/ros2_cobot/install/mypalletizer_260:/home/robotics/ros2_cobot/install/myarm_m750:/home/robotics/ros2_cobot/install/myarm_c650:/home/robotics/ros2_cobot/install/mycobot_communication:/home/robotics/ros2_cobot/install/mecharm_communication:/home/robotics/ros2_cobot/install/mycobot_interfaces:/home/robotics/ros2_cobot/install/mycobot_630:/home/robotics/ros2_cobot/install/mycobot_600:/home/robotics/ros2_cobot/install/mycobot_320pi:/home/robotics/ros2_cobot/install/mycobot_320_riscv:/home/robotics/ros2_cobot/install/mycobot_320:/home/robotics/ros2_cobot/install/mycobot_280rdkx5_moveit2:/home/robotics/ros2_cobot/install/mycobot_280pi:/home/robotics/ros2_cobot/install/mycobot_280jn:/home/robotics/ros2_cobot/install/mycobot_280arduino_moveit2:/home/robotics/ros2_cobot/install/mycobot_280_x3pi:/home/robotics/ros2_cobot/install/mycobot_280_riscv:/home/robotics/ros2_cobot/install/mycobot_280_rdkx5:/home/robotics/ros2_cobot/install/mycobot_280_moveit2_control:/home/robotics/ros2_cobot/install/mycobot_280_moveit2:/home/robotics/ros2_cobot/install/mycobot_280_arduino:/home/robotics/ros2_cobot/install/mycobot_280:/home/robotics/ros2_cobot/install/mybuddy:/home/robotics/ros2_cobot/install/myarm_300:/home/robotics/ros2_cobot/install/mecharm_pi:/home/robotics/ros2_cobot/install/mecharm:/home/robotics/ros2_cobot/install/mecharm_interfaces:/opt/ros/humble CMAKE_PREFIX_PATH=${CMAKE_PREFIX_PATH}:/home/robotics/ros2_cobot/install/ultraarm:/home/robotics/ros2_cobot/install/mypalletizer_communication:/home/robotics/ros2_cobot/install/mypalletizer_260_pi:/home/robotics/ros2_cobot/install/mypalletizer_260:/home/robotics/ros2_cobot/install/myarm_m750:/home/robotics/ros2_cobot/install/myarm_c650:/home/robotics/ros2_cobot/install/mycobot_communication:/home/robotics/ros2_cobot/install/mecharm_communication:/home/robotics/ros2_cobot/install/mycobot_630:/home/robotics/ros2_cobot/install/mycobot_600:/home/robotics/ros2_cobot/install/mycobot_320pi:/home/robotics/ros2_cobot/install/mycobot_320_riscv:/home/robotics/ros2_cobot/install/mycobot_320:/home/robotics/ros2_cobot/install/mycobot_280pi:/home/robotics/ros2_cobot/install/mycobot_280jn:/home/robotics/ros2_cobot/install/mycobot_280_x3pi:/home/robotics/ros2_cobot/install/mycobot_280_riscv:/home/robotics/ros2_cobot/install/mycobot_280_rdkx5:/home/robotics/ros2_cobot/install/mycobot_280_moveit2_control:/home/robotics/ros2_cobot/install/mycobot_280_arduino:/home/robotics/ros2_cobot/install/mycobot_280:/home/robotics/ros2_cobot/install/mybuddy:/home/robotics/ros2_cobot/install/myarm_300:/home/robotics/ros2_cobot/install/mecharm_pi:/home/robotics/ros2_cobot/install/mecharm:/home/robotics/ros2_cobot/install/mycobot_description:/opt/ros/humble PYTHONPATH=/home/robotics/ros2_cobot/install/mycobot_description/lib/python3.10/site-packages:/home/robotics/ros2_cobot/install/ultraarm/lib/python3.10/site-packages:/home/robotics/ros2_cobot/install/traj_scripts/local/lib/python3.10/dist-packages:/home/robotics/ros2_cobot/install/mypalletizer_communication/lib/python3.10/site-packages:/home/robotics/ros2_cobot/install/mypalletizer_interfaces/local/lib/python3.10/dist-packages:/home/robotics/ros2_cobot/install/mypalletizer_260_pi/lib/python3.10/site-packages:/home/robotics/ros2_cobot/install/mypalletizer_260/lib/python3.10/site-packages:/home/robotics/ros2_cobot/install/myarm_m750/lib/python3.10/site-packages:/home/robotics/ros2_cobot/install/myarm_c650/lib/python3.10/site-packages:/home/robotics/ros2_cobot/install/mycobot_communication/lib/python3.10/site-packages:/home/robotics/ros2_cobot/install/mecharm_communication/lib/python3.10/site-packages:/home/robotics/ros2_cobot/install/mycobot_interfaces/local/lib/python3.10/dist-packages:/home/robotics/ros2_cobot/install/mycobot_630/lib/python3.10/site-packages:/home/robotics/ros2_cobot/install/mycobot_600/lib/python3.10/site-packages:/home/robotics/ros2_cobot/install/mycobot_320pi/lib/python3.10/site-packages:/home/robotics/ros2_cobot/install/mycobot_320_riscv/lib/python3.10/site-packages:/home/robotics/ros2_cobot/install/mycobot_320/lib/python3.10/site-packages:/home/robotics/ros2_cobot/install/mycobot_280pi/lib/python3.10/site-packages:/home/robotics/ros2_cobot/install/mycobot_280jn/lib/python3.10/site-packages:/home/robotics/ros2_cobot/install/mycobot_280_x3pi/lib/python3.10/site-packages:/home/robotics/ros2_cobot/install/mycobot_280_riscv/lib/python3.10/site-packages:/home/robotics/ros2_cobot/install/mycobot_280_rdkx5/lib/python3.10/site-packages:/home/robotics/ros2_cobot/install/mycobot_280_moveit2_control/lib/python3.10/site-packages:/home/robotics/ros2_cobot/install/mycobot_280_arduino/lib/python3.10/site-packages:/home/robotics/ros2_cobot/install/mycobot_280/lib/python3.10/site-packages:/home/robotics/ros2_cobot/install/mybuddy/lib/python3.10/site-packages:/home/robotics/ros2_cobot/install/myarm_300/lib/python3.10/site-packages:/home/robotics/ros2_cobot/install/mecharm_pi/lib/python3.10/site-packages:/home/robotics/ros2_cobot/install/mecharm/lib/python3.10/site-packages:/home/robotics/ros2_cobot/install/mecharm_interfaces/local/lib/python3.10/dist-packages:/opt/ros/humble/lib/python3.10/site-packages:/opt/ros/humble/local/lib/python3.10/dist-packages /usr/bin/cmake --build /home/robotics/ros2_cobot/build/mycobot_280arduino_moveit2 -- -j16 -l16
[4.105s] DEBUG:colcon.colcon_core.event_handler.log_command:Invoking command in '/home/robotics/ros2_cobot/build/mycobot_280arduino_moveit2': AMENT_PREFIX_PATH=/home/robotics/ros2_cobot/install/mycobot_description:/home/robotics/ros2_cobot/install/ultraarm:/home/robotics/ros2_cobot/install/traj_scripts:/home/robotics/ros2_cobot/install/mypalletizer_communication:/home/robotics/ros2_cobot/install/mypalletizer_interfaces:/home/robotics/ros2_cobot/install/mypalletizer_260_pi:/home/robotics/ros2_cobot/install/mypalletizer_260:/home/robotics/ros2_cobot/install/myarm_m750:/home/robotics/ros2_cobot/install/myarm_c650:/home/robotics/ros2_cobot/install/mycobot_communication:/home/robotics/ros2_cobot/install/mecharm_communication:/home/robotics/ros2_cobot/install/mycobot_interfaces:/home/robotics/ros2_cobot/install/mycobot_630:/home/robotics/ros2_cobot/install/mycobot_600:/home/robotics/ros2_cobot/install/mycobot_320pi:/home/robotics/ros2_cobot/install/mycobot_320_riscv:/home/robotics/ros2_cobot/install/mycobot_320:/home/robotics/ros2_cobot/install/mycobot_280rdkx5_moveit2:/home/robotics/ros2_cobot/install/mycobot_280pi:/home/robotics/ros2_cobot/install/mycobot_280jn:/home/robotics/ros2_cobot/install/mycobot_280arduino_moveit2:/home/robotics/ros2_cobot/install/mycobot_280_x3pi:/home/robotics/ros2_cobot/install/mycobot_280_riscv:/home/robotics/ros2_cobot/install/mycobot_280_rdkx5:/home/robotics/ros2_cobot/install/mycobot_280_moveit2_control:/home/robotics/ros2_cobot/install/mycobot_280_moveit2:/home/robotics/ros2_cobot/install/mycobot_280_arduino:/home/robotics/ros2_cobot/install/mycobot_280:/home/robotics/ros2_cobot/install/mybuddy:/home/robotics/ros2_cobot/install/myarm_300:/home/robotics/ros2_cobot/install/mecharm_pi:/home/robotics/ros2_cobot/install/mecharm:/home/robotics/ros2_cobot/install/mecharm_interfaces:/opt/ros/humble CMAKE_PREFIX_PATH=${CMAKE_PREFIX_PATH}:/home/robotics/ros2_cobot/install/ultraarm:/home/robotics/ros2_cobot/install/mypalletizer_communication:/home/robotics/ros2_cobot/install/mypalletizer_260_pi:/home/robotics/ros2_cobot/install/mypalletizer_260:/home/robotics/ros2_cobot/install/myarm_m750:/home/robotics/ros2_cobot/install/myarm_c650:/home/robotics/ros2_cobot/install/mycobot_communication:/home/robotics/ros2_cobot/install/mecharm_communication:/home/robotics/ros2_cobot/install/mycobot_630:/home/robotics/ros2_cobot/install/mycobot_600:/home/robotics/ros2_cobot/install/mycobot_320pi:/home/robotics/ros2_cobot/install/mycobot_320_riscv:/home/robotics/ros2_cobot/install/mycobot_320:/home/robotics/ros2_cobot/install/mycobot_280pi:/home/robotics/ros2_cobot/install/mycobot_280jn:/home/robotics/ros2_cobot/install/mycobot_280_x3pi:/home/robotics/ros2_cobot/install/mycobot_280_riscv:/home/robotics/ros2_cobot/install/mycobot_280_rdkx5:/home/robotics/ros2_cobot/install/mycobot_280_moveit2_control:/home/robotics/ros2_cobot/install/mycobot_280_arduino:/home/robotics/ros2_cobot/install/mycobot_280:/home/robotics/ros2_cobot/install/mybuddy:/home/robotics/ros2_cobot/install/myarm_300:/home/robotics/ros2_cobot/install/mecharm_pi:/home/robotics/ros2_cobot/install/mecharm:/home/robotics/ros2_cobot/install/mycobot_description:/opt/ros/humble PYTHONPATH=/home/robotics/ros2_cobot/install/mycobot_description/lib/python3.10/site-packages:/home/robotics/ros2_cobot/install/ultraarm/lib/python3.10/site-packages:/home/robotics/ros2_cobot/install/traj_scripts/local/lib/python3.10/dist-packages:/home/robotics/ros2_cobot/install/mypalletizer_communication/lib/python3.10/site-packages:/home/robotics/ros2_cobot/install/mypalletizer_interfaces/local/lib/python3.10/dist-packages:/home/robotics/ros2_cobot/install/mypalletizer_260_pi/lib/python3.10/site-packages:/home/robotics/ros2_cobot/install/mypalletizer_260/lib/python3.10/site-packages:/home/robotics/ros2_cobot/install/myarm_m750/lib/python3.10/site-packages:/home/robotics/ros2_cobot/install/myarm_c650/lib/python3.10/site-packages:/home/robotics/ros2_cobot/install/mycobot_communication/lib/python3.10/site-packages:/home/robotics/ros2_cobot/install/mecharm_communication/lib/python3.10/site-packages:/home/robotics/ros2_cobot/install/mycobot_interfaces/local/lib/python3.10/dist-packages:/home/robotics/ros2_cobot/install/mycobot_630/lib/python3.10/site-packages:/home/robotics/ros2_cobot/install/mycobot_600/lib/python3.10/site-packages:/home/robotics/ros2_cobot/install/mycobot_320pi/lib/python3.10/site-packages:/home/robotics/ros2_cobot/install/mycobot_320_riscv/lib/python3.10/site-packages:/home/robotics/ros2_cobot/install/mycobot_320/lib/python3.10/site-packages:/home/robotics/ros2_cobot/install/mycobot_280pi/lib/python3.10/site-packages:/home/robotics/ros2_cobot/install/mycobot_280jn/lib/python3.10/site-packages:/home/robotics/ros2_cobot/install/mycobot_280_x3pi/lib/python3.10/site-packages:/home/robotics/ros2_cobot/install/mycobot_280_riscv/lib/python3.10/site-packages:/home/robotics/ros2_cobot/install/mycobot_280_rdkx5/lib/python3.10/site-packages:/home/robotics/ros2_cobot/install/mycobot_280_moveit2_control/lib/python3.10/site-packages:/home/robotics/ros2_cobot/install/mycobot_280_arduino/lib/python3.10/site-packages:/home/robotics/ros2_cobot/install/mycobot_280/lib/python3.10/site-packages:/home/robotics/ros2_cobot/install/mybuddy/lib/python3.10/site-packages:/home/robotics/ros2_cobot/install/myarm_300/lib/python3.10/site-packages:/home/robotics/ros2_cobot/install/mecharm_pi/lib/python3.10/site-packages:/home/robotics/ros2_cobot/install/mecharm/lib/python3.10/site-packages:/home/robotics/ros2_cobot/install/mecharm_interfaces/local/lib/python3.10/dist-packages:/opt/ros/humble/lib/python3.10/site-packages:/opt/ros/humble/local/lib/python3.10/dist-packages /usr/bin/cmake --install /home/robotics/ros2_cobot/build/mycobot_280arduino_moveit2
[4.109s] DEBUG:colcon.colcon_core.event_handler.log_command:Invoking command in '/home/robotics/ros2_cobot/src/mycobot_ros2/mecharm/mecharm_communication': CMAKE_PREFIX_PATH=/home/robotics/ros2_cobot/install/mycobot_interfaces:/home/robotics/ros2_cobot/install/traj_scripts:/home/robotics/ros2_cobot/install/mypalletizer_interfaces:/home/robotics/ros2_cobot/install/mycobot_280rdkx5_moveit2:/home/robotics/ros2_cobot/install/mycobot_280arduino_moveit2:/home/robotics/ros2_cobot/install/mycobot_280_moveit2:/home/robotics/ros2_cobot/install/mecharm_interfaces LD_LIBRARY_PATH=/home/robotics/ros2_cobot/install/mycobot_interfaces/lib:/home/robotics/ros2_cobot/install/mypalletizer_interfaces/lib:/home/robotics/ros2_cobot/install/mecharm_interfaces/lib:/opt/ros/humble/opt/rviz_ogre_vendor/lib:/opt/ros/humble/lib/x86_64-linux-gnu:/opt/ros/humble/lib PYTHONPATH=/home/robotics/ros2_cobot/build/mecharm_communication/prefix_override:/usr/lib/python3/dist-packages/colcon_core/task/python/colcon_distutils_commands:/home/robotics/ros2_cobot/install/mecharm_communication/lib/python3.10/site-packages:${PYTHONPATH} /usr/bin/python3 -W ignore:setup.py install is deprecated -W ignore:easy_install command is deprecated setup.py egg_info --egg-base ../../../../build/mecharm_communication build --build-base /home/robotics/ros2_cobot/build/mecharm_communication/build install --record /home/robotics/ros2_cobot/build/mecharm_communication/install.log --single-version-externally-managed install_data
[4.112s] DEBUG:colcon.colcon_core.event_handler.log_command:Invoked command in '/home/robotics/ros2_cobot/build/mycobot_280_moveit2' returned '0': AMENT_PREFIX_PATH=/home/robotics/ros2_cobot/install/mycobot_description:/home/robotics/ros2_cobot/install/ultraarm:/home/robotics/ros2_cobot/install/traj_scripts:/home/robotics/ros2_cobot/install/mypalletizer_communication:/home/robotics/ros2_cobot/install/mypalletizer_interfaces:/home/robotics/ros2_cobot/install/mypalletizer_260_pi:/home/robotics/ros2_cobot/install/mypalletizer_260:/home/robotics/ros2_cobot/install/myarm_m750:/home/robotics/ros2_cobot/install/myarm_c650:/home/robotics/ros2_cobot/install/mycobot_communication:/home/robotics/ros2_cobot/install/mecharm_communication:/home/robotics/ros2_cobot/install/mycobot_interfaces:/home/robotics/ros2_cobot/install/mycobot_630:/home/robotics/ros2_cobot/install/mycobot_600:/home/robotics/ros2_cobot/install/mycobot_320pi:/home/robotics/ros2_cobot/install/mycobot_320_riscv:/home/robotics/ros2_cobot/install/mycobot_320:/home/robotics/ros2_cobot/install/mycobot_280rdkx5_moveit2:/home/robotics/ros2_cobot/install/mycobot_280pi:/home/robotics/ros2_cobot/install/mycobot_280jn:/home/robotics/ros2_cobot/install/mycobot_280arduino_moveit2:/home/robotics/ros2_cobot/install/mycobot_280_x3pi:/home/robotics/ros2_cobot/install/mycobot_280_riscv:/home/robotics/ros2_cobot/install/mycobot_280_rdkx5:/home/robotics/ros2_cobot/install/mycobot_280_moveit2_control:/home/robotics/ros2_cobot/install/mycobot_280_moveit2:/home/robotics/ros2_cobot/install/mycobot_280_arduino:/home/robotics/ros2_cobot/install/mycobot_280:/home/robotics/ros2_cobot/install/mybuddy:/home/robotics/ros2_cobot/install/myarm_300:/home/robotics/ros2_cobot/install/mecharm_pi:/home/robotics/ros2_cobot/install/mecharm:/home/robotics/ros2_cobot/install/mecharm_interfaces:/opt/ros/humble CMAKE_PREFIX_PATH=${CMAKE_PREFIX_PATH}:/home/robotics/ros2_cobot/install/ultraarm:/home/robotics/ros2_cobot/install/mypalletizer_communication:/home/robotics/ros2_cobot/install/mypalletizer_260_pi:/home/robotics/ros2_cobot/install/mypalletizer_260:/home/robotics/ros2_cobot/install/myarm_m750:/home/robotics/ros2_cobot/install/myarm_c650:/home/robotics/ros2_cobot/install/mycobot_communication:/home/robotics/ros2_cobot/install/mecharm_communication:/home/robotics/ros2_cobot/install/mycobot_630:/home/robotics/ros2_cobot/install/mycobot_600:/home/robotics/ros2_cobot/install/mycobot_320pi:/home/robotics/ros2_cobot/install/mycobot_320_riscv:/home/robotics/ros2_cobot/install/mycobot_320:/home/robotics/ros2_cobot/install/mycobot_280pi:/home/robotics/ros2_cobot/install/mycobot_280jn:/home/robotics/ros2_cobot/install/mycobot_280_x3pi:/home/robotics/ros2_cobot/install/mycobot_280_riscv:/home/robotics/ros2_cobot/install/mycobot_280_rdkx5:/home/robotics/ros2_cobot/install/mycobot_280_moveit2_control:/home/robotics/ros2_cobot/install/mycobot_280_arduino:/home/robotics/ros2_cobot/install/mycobot_280:/home/robotics/ros2_cobot/install/mybuddy:/home/robotics/ros2_cobot/install/myarm_300:/home/robotics/ros2_cobot/install/mecharm_pi:/home/robotics/ros2_cobot/install/mecharm:/home/robotics/ros2_cobot/install/mycobot_description:/opt/ros/humble PYTHONPATH=/home/robotics/ros2_cobot/install/mycobot_description/lib/python3.10/site-packages:/home/robotics/ros2_cobot/install/ultraarm/lib/python3.10/site-packages:/home/robotics/ros2_cobot/install/traj_scripts/local/lib/python3.10/dist-packages:/home/robotics/ros2_cobot/install/mypalletizer_communication/lib/python3.10/site-packages:/home/robotics/ros2_cobot/install/mypalletizer_interfaces/local/lib/python3.10/dist-packages:/home/robotics/ros2_cobot/install/mypalletizer_260_pi/lib/python3.10/site-packages:/home/robotics/ros2_cobot/install/mypalletizer_260/lib/python3.10/site-packages:/home/robotics/ros2_cobot/install/myarm_m750/lib/python3.10/site-packages:/home/robotics/ros2_cobot/install/myarm_c650/lib/python3.10/site-packages:/home/robotics/ros2_cobot/install/mycobot_communication/lib/python3.10/site-packages:/home/robotics/ros2_cobot/install/mecharm_communication/lib/python3.10/site-packages:/home/robotics/ros2_cobot/install/mycobot_interfaces/local/lib/python3.10/dist-packages:/home/robotics/ros2_cobot/install/mycobot_630/lib/python3.10/site-packages:/home/robotics/ros2_cobot/install/mycobot_600/lib/python3.10/site-packages:/home/robotics/ros2_cobot/install/mycobot_320pi/lib/python3.10/site-packages:/home/robotics/ros2_cobot/install/mycobot_320_riscv/lib/python3.10/site-packages:/home/robotics/ros2_cobot/install/mycobot_320/lib/python3.10/site-packages:/home/robotics/ros2_cobot/install/mycobot_280pi/lib/python3.10/site-packages:/home/robotics/ros2_cobot/install/mycobot_280jn/lib/python3.10/site-packages:/home/robotics/ros2_cobot/install/mycobot_280_x3pi/lib/python3.10/site-packages:/home/robotics/ros2_cobot/install/mycobot_280_riscv/lib/python3.10/site-packages:/home/robotics/ros2_cobot/install/mycobot_280_rdkx5/lib/python3.10/site-packages:/home/robotics/ros2_cobot/install/mycobot_280_moveit2_control/lib/python3.10/site-packages:/home/robotics/ros2_cobot/install/mycobot_280_arduino/lib/python3.10/site-packages:/home/robotics/ros2_cobot/install/mycobot_280/lib/python3.10/site-packages:/home/robotics/ros2_cobot/install/mybuddy/lib/python3.10/site-packages:/home/robotics/ros2_cobot/install/myarm_300/lib/python3.10/site-packages:/home/robotics/ros2_cobot/install/mecharm_pi/lib/python3.10/site-packages:/home/robotics/ros2_cobot/install/mecharm/lib/python3.10/site-packages:/home/robotics/ros2_cobot/install/mecharm_interfaces/local/lib/python3.10/dist-packages:/opt/ros/humble/lib/python3.10/site-packages:/opt/ros/humble/local/lib/python3.10/dist-packages /usr/bin/cmake --build /home/robotics/ros2_cobot/build/mycobot_280_moveit2 -- -j16 -l16
[4.113s] DEBUG:colcon.colcon_core.event_handler.log_command:Invoking command in '/home/robotics/ros2_cobot/build/mycobot_280_moveit2': AMENT_PREFIX_PATH=/home/robotics/ros2_cobot/install/mycobot_description:/home/robotics/ros2_cobot/install/ultraarm:/home/robotics/ros2_cobot/install/traj_scripts:/home/robotics/ros2_cobot/install/mypalletizer_communication:/home/robotics/ros2_cobot/install/mypalletizer_interfaces:/home/robotics/ros2_cobot/install/mypalletizer_260_pi:/home/robotics/ros2_cobot/install/mypalletizer_260:/home/robotics/ros2_cobot/install/myarm_m750:/home/robotics/ros2_cobot/install/myarm_c650:/home/robotics/ros2_cobot/install/mycobot_communication:/home/robotics/ros2_cobot/install/mecharm_communication:/home/robotics/ros2_cobot/install/mycobot_interfaces:/home/robotics/ros2_cobot/install/mycobot_630:/home/robotics/ros2_cobot/install/mycobot_600:/home/robotics/ros2_cobot/install/mycobot_320pi:/home/robotics/ros2_cobot/install/mycobot_320_riscv:/home/robotics/ros2_cobot/install/mycobot_320:/home/robotics/ros2_cobot/install/mycobot_280rdkx5_moveit2:/home/robotics/ros2_cobot/install/mycobot_280pi:/home/robotics/ros2_cobot/install/mycobot_280jn:/home/robotics/ros2_cobot/install/mycobot_280arduino_moveit2:/home/robotics/ros2_cobot/install/mycobot_280_x3pi:/home/robotics/ros2_cobot/install/mycobot_280_riscv:/home/robotics/ros2_cobot/install/mycobot_280_rdkx5:/home/robotics/ros2_cobot/install/mycobot_280_moveit2_control:/home/robotics/ros2_cobot/install/mycobot_280_moveit2:/home/robotics/ros2_cobot/install/mycobot_280_arduino:/home/robotics/ros2_cobot/install/mycobot_280:/home/robotics/ros2_cobot/install/mybuddy:/home/robotics/ros2_cobot/install/myarm_300:/home/robotics/ros2_cobot/install/mecharm_pi:/home/robotics/ros2_cobot/install/mecharm:/home/robotics/ros2_cobot/install/mecharm_interfaces:/opt/ros/humble CMAKE_PREFIX_PATH=${CMAKE_PREFIX_PATH}:/home/robotics/ros2_cobot/install/ultraarm:/home/robotics/ros2_cobot/install/mypalletizer_communication:/home/robotics/ros2_cobot/install/mypalletizer_260_pi:/home/robotics/ros2_cobot/install/mypalletizer_260:/home/robotics/ros2_cobot/install/myarm_m750:/home/robotics/ros2_cobot/install/myarm_c650:/home/robotics/ros2_cobot/install/mycobot_communication:/home/robotics/ros2_cobot/install/mecharm_communication:/home/robotics/ros2_cobot/install/mycobot_630:/home/robotics/ros2_cobot/install/mycobot_600:/home/robotics/ros2_cobot/install/mycobot_320pi:/home/robotics/ros2_cobot/install/mycobot_320_riscv:/home/robotics/ros2_cobot/install/mycobot_320:/home/robotics/ros2_cobot/install/mycobot_280pi:/home/robotics/ros2_cobot/install/mycobot_280jn:/home/robotics/ros2_cobot/install/mycobot_280_x3pi:/home/robotics/ros2_cobot/install/mycobot_280_riscv:/home/robotics/ros2_cobot/install/mycobot_280_rdkx5:/home/robotics/ros2_cobot/install/mycobot_280_moveit2_control:/home/robotics/ros2_cobot/install/mycobot_280_arduino:/home/robotics/ros2_cobot/install/mycobot_280:/home/robotics/ros2_cobot/install/mybuddy:/home/robotics/ros2_cobot/install/myarm_300:/home/robotics/ros2_cobot/install/mecharm_pi:/home/robotics/ros2_cobot/install/mecharm:/home/robotics/ros2_cobot/install/mycobot_description:/opt/ros/humble PYTHONPATH=/home/robotics/ros2_cobot/install/mycobot_description/lib/python3.10/site-packages:/home/robotics/ros2_cobot/install/ultraarm/lib/python3.10/site-packages:/home/robotics/ros2_cobot/install/traj_scripts/local/lib/python3.10/dist-packages:/home/robotics/ros2_cobot/install/mypalletizer_communication/lib/python3.10/site-packages:/home/robotics/ros2_cobot/install/mypalletizer_interfaces/local/lib/python3.10/dist-packages:/home/robotics/ros2_cobot/install/mypalletizer_260_pi/lib/python3.10/site-packages:/home/robotics/ros2_cobot/install/mypalletizer_260/lib/python3.10/site-packages:/home/robotics/ros2_cobot/install/myarm_m750/lib/python3.10/site-packages:/home/robotics/ros2_cobot/install/myarm_c650/lib/python3.10/site-packages:/home/robotics/ros2_cobot/install/mycobot_communication/lib/python3.10/site-packages:/home/robotics/ros2_cobot/install/mecharm_communication/lib/python3.10/site-packages:/home/robotics/ros2_cobot/install/mycobot_interfaces/local/lib/python3.10/dist-packages:/home/robotics/ros2_cobot/install/mycobot_630/lib/python3.10/site-packages:/home/robotics/ros2_cobot/install/mycobot_600/lib/python3.10/site-packages:/home/robotics/ros2_cobot/install/mycobot_320pi/lib/python3.10/site-packages:/home/robotics/ros2_cobot/install/mycobot_320_riscv/lib/python3.10/site-packages:/home/robotics/ros2_cobot/install/mycobot_320/lib/python3.10/site-packages:/home/robotics/ros2_cobot/install/mycobot_280pi/lib/python3.10/site-packages:/home/robotics/ros2_cobot/install/mycobot_280jn/lib/python3.10/site-packages:/home/robotics/ros2_cobot/install/mycobot_280_x3pi/lib/python3.10/site-packages:/home/robotics/ros2_cobot/install/mycobot_280_riscv/lib/python3.10/site-packages:/home/robotics/ros2_cobot/install/mycobot_280_rdkx5/lib/python3.10/site-packages:/home/robotics/ros2_cobot/install/mycobot_280_moveit2_control/lib/python3.10/site-packages:/home/robotics/ros2_cobot/install/mycobot_280_arduino/lib/python3.10/site-packages:/home/robotics/ros2_cobot/install/mycobot_280/lib/python3.10/site-packages:/home/robotics/ros2_cobot/install/mybuddy/lib/python3.10/site-packages:/home/robotics/ros2_cobot/install/myarm_300/lib/python3.10/site-packages:/home/robotics/ros2_cobot/install/mecharm_pi/lib/python3.10/site-packages:/home/robotics/ros2_cobot/install/mecharm/lib/python3.10/site-packages:/home/robotics/ros2_cobot/install/mecharm_interfaces/local/lib/python3.10/dist-packages:/opt/ros/humble/lib/python3.10/site-packages:/opt/ros/humble/local/lib/python3.10/dist-packages /usr/bin/cmake --install /home/robotics/ros2_cobot/build/mycobot_280_moveit2
[4.117s] DEBUG:colcon.colcon_core.event_handler.log_command:Invoking command in '/home/robotics/ros2_cobot/src/mycobot_ros2/mypalletizer_260/mypalletizer_communication': CMAKE_PREFIX_PATH=/home/robotics/ros2_cobot/install/mypalletizer_interfaces:/home/robotics/ros2_cobot/install/traj_scripts:/home/robotics/ros2_cobot/install/mycobot_interfaces:/home/robotics/ros2_cobot/install/mycobot_280rdkx5_moveit2:/home/robotics/ros2_cobot/install/mycobot_280arduino_moveit2:/home/robotics/ros2_cobot/install/mycobot_280_moveit2:/home/robotics/ros2_cobot/install/mecharm_interfaces PYTHONPATH=/home/robotics/ros2_cobot/build/mypalletizer_communication/prefix_override:/usr/lib/python3/dist-packages/colcon_core/task/python/colcon_distutils_commands:/home/robotics/ros2_cobot/install/mypalletizer_communication/lib/python3.10/site-packages:${PYTHONPATH} /usr/bin/python3 -W ignore:setup.py install is deprecated -W ignore:easy_install command is deprecated setup.py egg_info --egg-base ../../../../build/mypalletizer_communication build --build-base /home/robotics/ros2_cobot/build/mypalletizer_communication/build install --record /home/robotics/ros2_cobot/build/mypalletizer_communication/install.log --single-version-externally-managed install_data
[4.121s] DEBUG:colcon.colcon_core.event_handler.log_command:Invoking command in '/home/robotics/ros2_cobot/src/mycobot_ros2/mycobot_communication': CMAKE_PREFIX_PATH=/home/robotics/ros2_cobot/install/mycobot_interfaces:/home/robotics/ros2_cobot/install/traj_scripts:/home/robotics/ros2_cobot/install/mypalletizer_interfaces:/home/robotics/ros2_cobot/install/mycobot_280rdkx5_moveit2:/home/robotics/ros2_cobot/install/mycobot_280arduino_moveit2:/home/robotics/ros2_cobot/install/mycobot_280_moveit2:/home/robotics/ros2_cobot/install/mecharm_interfaces LD_LIBRARY_PATH=/home/robotics/ros2_cobot/install/mycobot_interfaces/lib:/home/robotics/ros2_cobot/install/mypalletizer_interfaces/lib:/home/robotics/ros2_cobot/install/mecharm_interfaces/lib:/opt/ros/humble/opt/rviz_ogre_vendor/lib:/opt/ros/humble/lib/x86_64-linux-gnu:/opt/ros/humble/lib PYTHONPATH=/home/robotics/ros2_cobot/build/mycobot_communication/prefix_override:/usr/lib/python3/dist-packages/colcon_core/task/python/colcon_distutils_commands:/home/robotics/ros2_cobot/install/mycobot_communication/lib/python3.10/site-packages:${PYTHONPATH} /usr/bin/python3 -W ignore:setup.py install is deprecated -W ignore:easy_install command is deprecated setup.py egg_info --egg-base ../../../build/mycobot_communication build --build-base /home/robotics/ros2_cobot/build/mycobot_communication/build install --record /home/robotics/ros2_cobot/build/mycobot_communication/install.log --single-version-externally-managed install_data
[4.145s] Level 1:colcon.colcon_core.environment:create_environment_scripts_only(mycobot_280arduino_moveit2)
[4.146s] Level 1:colcon.colcon_core.environment:checking '/home/robotics/ros2_cobot/install/mycobot_280arduino_moveit2' for CMake module files
[4.146s] Level 1:colcon.colcon_core.environment:checking '/home/robotics/ros2_cobot/install/mycobot_280arduino_moveit2' for CMake config files
[4.146s] Level 1:colcon.colcon_core.shell:create_environment_hook('mycobot_280arduino_moveit2', 'cmake_prefix_path')
[4.147s] INFO:colcon.colcon_core.shell:Creating environment hook '/home/robotics/ros2_cobot/install/mycobot_280arduino_moveit2/share/mycobot_280arduino_moveit2/hook/cmake_prefix_path.ps1'
[4.147s] INFO:colcon.colcon_core.shell:Creating environment descriptor '/home/robotics/ros2_cobot/install/mycobot_280arduino_moveit2/share/mycobot_280arduino_moveit2/hook/cmake_prefix_path.dsv'
[4.148s] DEBUG:colcon.colcon_core.event_handler.log_command:Invoked command in '/home/robotics/ros2_cobot/build/mycobot_280arduino_moveit2' returned '0': AMENT_PREFIX_PATH=/home/robotics/ros2_cobot/install/mycobot_description:/home/robotics/ros2_cobot/install/ultraarm:/home/robotics/ros2_cobot/install/traj_scripts:/home/robotics/ros2_cobot/install/mypalletizer_communication:/home/robotics/ros2_cobot/install/mypalletizer_interfaces:/home/robotics/ros2_cobot/install/mypalletizer_260_pi:/home/robotics/ros2_cobot/install/mypalletizer_260:/home/robotics/ros2_cobot/install/myarm_m750:/home/robotics/ros2_cobot/install/myarm_c650:/home/robotics/ros2_cobot/install/mycobot_communication:/home/robotics/ros2_cobot/install/mecharm_communication:/home/robotics/ros2_cobot/install/mycobot_interfaces:/home/robotics/ros2_cobot/install/mycobot_630:/home/robotics/ros2_cobot/install/mycobot_600:/home/robotics/ros2_cobot/install/mycobot_320pi:/home/robotics/ros2_cobot/install/mycobot_320_riscv:/home/robotics/ros2_cobot/install/mycobot_320:/home/robotics/ros2_cobot/install/mycobot_280rdkx5_moveit2:/home/robotics/ros2_cobot/install/mycobot_280pi:/home/robotics/ros2_cobot/install/mycobot_280jn:/home/robotics/ros2_cobot/install/mycobot_280arduino_moveit2:/home/robotics/ros2_cobot/install/mycobot_280_x3pi:/home/robotics/ros2_cobot/install/mycobot_280_riscv:/home/robotics/ros2_cobot/install/mycobot_280_rdkx5:/home/robotics/ros2_cobot/install/mycobot_280_moveit2_control:/home/robotics/ros2_cobot/install/mycobot_280_moveit2:/home/robotics/ros2_cobot/install/mycobot_280_arduino:/home/robotics/ros2_cobot/install/mycobot_280:/home/robotics/ros2_cobot/install/mybuddy:/home/robotics/ros2_cobot/install/myarm_300:/home/robotics/ros2_cobot/install/mecharm_pi:/home/robotics/ros2_cobot/install/mecharm:/home/robotics/ros2_cobot/install/mecharm_interfaces:/opt/ros/humble CMAKE_PREFIX_PATH=${CMAKE_PREFIX_PATH}:/home/robotics/ros2_cobot/install/ultraarm:/home/robotics/ros2_cobot/install/mypalletizer_communication:/home/robotics/ros2_cobot/install/mypalletizer_260_pi:/home/robotics/ros2_cobot/install/mypalletizer_260:/home/robotics/ros2_cobot/install/myarm_m750:/home/robotics/ros2_cobot/install/myarm_c650:/home/robotics/ros2_cobot/install/mycobot_communication:/home/robotics/ros2_cobot/install/mecharm_communication:/home/robotics/ros2_cobot/install/mycobot_630:/home/robotics/ros2_cobot/install/mycobot_600:/home/robotics/ros2_cobot/install/mycobot_320pi:/home/robotics/ros2_cobot/install/mycobot_320_riscv:/home/robotics/ros2_cobot/install/mycobot_320:/home/robotics/ros2_cobot/install/mycobot_280pi:/home/robotics/ros2_cobot/install/mycobot_280jn:/home/robotics/ros2_cobot/install/mycobot_280_x3pi:/home/robotics/ros2_cobot/install/mycobot_280_riscv:/home/robotics/ros2_cobot/install/mycobot_280_rdkx5:/home/robotics/ros2_cobot/install/mycobot_280_moveit2_control:/home/robotics/ros2_cobot/install/mycobot_280_arduino:/home/robotics/ros2_cobot/install/mycobot_280:/home/robotics/ros2_cobot/install/mybuddy:/home/robotics/ros2_cobot/install/myarm_300:/home/robotics/ros2_cobot/install/mecharm_pi:/home/robotics/ros2_cobot/install/mecharm:/home/robotics/ros2_cobot/install/mycobot_description:/opt/ros/humble PYTHONPATH=/home/robotics/ros2_cobot/install/mycobot_description/lib/python3.10/site-packages:/home/robotics/ros2_cobot/install/ultraarm/lib/python3.10/site-packages:/home/robotics/ros2_cobot/install/traj_scripts/local/lib/python3.10/dist-packages:/home/robotics/ros2_cobot/install/mypalletizer_communication/lib/python3.10/site-packages:/home/robotics/ros2_cobot/install/mypalletizer_interfaces/local/lib/python3.10/dist-packages:/home/robotics/ros2_cobot/install/mypalletizer_260_pi/lib/python3.10/site-packages:/home/robotics/ros2_cobot/install/mypalletizer_260/lib/python3.10/site-packages:/home/robotics/ros2_cobot/install/myarm_m750/lib/python3.10/site-packages:/home/robotics/ros2_cobot/install/myarm_c650/lib/python3.10/site-packages:/home/robotics/ros2_cobot/install/mycobot_communication/lib/python3.10/site-packages:/home/robotics/ros2_cobot/install/mecharm_communication/lib/python3.10/site-packages:/home/robotics/ros2_cobot/install/mycobot_interfaces/local/lib/python3.10/dist-packages:/home/robotics/ros2_cobot/install/mycobot_630/lib/python3.10/site-packages:/home/robotics/ros2_cobot/install/mycobot_600/lib/python3.10/site-packages:/home/robotics/ros2_cobot/install/mycobot_320pi/lib/python3.10/site-packages:/home/robotics/ros2_cobot/install/mycobot_320_riscv/lib/python3.10/site-packages:/home/robotics/ros2_cobot/install/mycobot_320/lib/python3.10/site-packages:/home/robotics/ros2_cobot/install/mycobot_280pi/lib/python3.10/site-packages:/home/robotics/ros2_cobot/install/mycobot_280jn/lib/python3.10/site-packages:/home/robotics/ros2_cobot/install/mycobot_280_x3pi/lib/python3.10/site-packages:/home/robotics/ros2_cobot/install/mycobot_280_riscv/lib/python3.10/site-packages:/home/robotics/ros2_cobot/install/mycobot_280_rdkx5/lib/python3.10/site-packages:/home/robotics/ros2_cobot/install/mycobot_280_moveit2_control/lib/python3.10/site-packages:/home/robotics/ros2_cobot/install/mycobot_280_arduino/lib/python3.10/site-packages:/home/robotics/ros2_cobot/install/mycobot_280/lib/python3.10/site-packages:/home/robotics/ros2_cobot/install/mybuddy/lib/python3.10/site-packages:/home/robotics/ros2_cobot/install/myarm_300/lib/python3.10/site-packages:/home/robotics/ros2_cobot/install/mecharm_pi/lib/python3.10/site-packages:/home/robotics/ros2_cobot/install/mecharm/lib/python3.10/site-packages:/home/robotics/ros2_cobot/install/mecharm_interfaces/local/lib/python3.10/dist-packages:/opt/ros/humble/lib/python3.10/site-packages:/opt/ros/humble/local/lib/python3.10/dist-packages /usr/bin/cmake --install /home/robotics/ros2_cobot/build/mycobot_280arduino_moveit2
[4.148s] INFO:colcon.colcon_core.shell:Creating environment hook '/home/robotics/ros2_cobot/install/mycobot_280arduino_moveit2/share/mycobot_280arduino_moveit2/hook/cmake_prefix_path.sh'
[4.149s] Level 1:colcon.colcon_core.environment:checking '/home/robotics/ros2_cobot/install/mycobot_280arduino_moveit2/bin'
[4.150s] Level 1:colcon.colcon_core.environment:checking '/home/robotics/ros2_cobot/install/mycobot_280arduino_moveit2/lib/pkgconfig/mycobot_280arduino_moveit2.pc'
[4.150s] Level 1:colcon.colcon_core.environment:checking '/home/robotics/ros2_cobot/install/mycobot_280arduino_moveit2/lib/python3.10/site-packages'
[4.150s] Level 1:colcon.colcon_core.environment:checking '/home/robotics/ros2_cobot/install/mycobot_280arduino_moveit2/bin'
[4.151s] INFO:colcon.colcon_core.shell:Creating package script '/home/robotics/ros2_cobot/install/mycobot_280arduino_moveit2/share/mycobot_280arduino_moveit2/package.ps1'
[4.152s] INFO:colcon.colcon_core.shell:Creating package descriptor '/home/robotics/ros2_cobot/install/mycobot_280arduino_moveit2/share/mycobot_280arduino_moveit2/package.dsv'
[4.153s] INFO:colcon.colcon_core.shell:Creating package script '/home/robotics/ros2_cobot/install/mycobot_280arduino_moveit2/share/mycobot_280arduino_moveit2/package.sh'
[4.153s] INFO:colcon.colcon_core.shell:Creating package script '/home/robotics/ros2_cobot/install/mycobot_280arduino_moveit2/share/mycobot_280arduino_moveit2/package.bash'
[4.154s] INFO:colcon.colcon_core.shell:Creating package script '/home/robotics/ros2_cobot/install/mycobot_280arduino_moveit2/share/mycobot_280arduino_moveit2/package.zsh'
[4.154s] Level 1:colcon.colcon_core.environment:create_file_with_runtime_dependencies(/home/robotics/ros2_cobot/install/mycobot_280arduino_moveit2/share/colcon-core/packages/mycobot_280arduino_moveit2)
[4.155s] Level 1:colcon.colcon_core.environment:create_environment_scripts_only(mycobot_280arduino_moveit2)
[4.155s] Level 1:colcon.colcon_core.environment:checking '/home/robotics/ros2_cobot/install/mycobot_280arduino_moveit2' for CMake module files
[4.155s] Level 1:colcon.colcon_core.environment:checking '/home/robotics/ros2_cobot/install/mycobot_280arduino_moveit2' for CMake config files
[4.156s] Level 1:colcon.colcon_core.shell:create_environment_hook('mycobot_280arduino_moveit2', 'cmake_prefix_path')
[4.156s] INFO:colcon.colcon_core.shell:Creating environment hook '/home/robotics/ros2_cobot/install/mycobot_280arduino_moveit2/share/mycobot_280arduino_moveit2/hook/cmake_prefix_path.ps1'
[4.158s] INFO:colcon.colcon_core.shell:Creating environment descriptor '/home/robotics/ros2_cobot/install/mycobot_280arduino_moveit2/share/mycobot_280arduino_moveit2/hook/cmake_prefix_path.dsv'
[4.160s] INFO:colcon.colcon_core.shell:Creating environment hook '/home/robotics/ros2_cobot/install/mycobot_280arduino_moveit2/share/mycobot_280arduino_moveit2/hook/cmake_prefix_path.sh'
[4.161s] Level 1:colcon.colcon_core.environment:checking '/home/robotics/ros2_cobot/install/mycobot_280arduino_moveit2/bin'
[4.162s] Level 1:colcon.colcon_core.environment:checking '/home/robotics/ros2_cobot/install/mycobot_280arduino_moveit2/lib/pkgconfig/mycobot_280arduino_moveit2.pc'
[4.162s] Level 1:colcon.colcon_core.environment:checking '/home/robotics/ros2_cobot/install/mycobot_280arduino_moveit2/lib/python3.10/site-packages'
[4.163s] Level 1:colcon.colcon_core.environment:checking '/home/robotics/ros2_cobot/install/mycobot_280arduino_moveit2/bin'
[4.163s] INFO:colcon.colcon_core.shell:Creating package script '/home/robotics/ros2_cobot/install/mycobot_280arduino_moveit2/share/mycobot_280arduino_moveit2/package.ps1'
[4.164s] INFO:colcon.colcon_core.shell:Creating package descriptor '/home/robotics/ros2_cobot/install/mycobot_280arduino_moveit2/share/mycobot_280arduino_moveit2/package.dsv'
[4.165s] INFO:colcon.colcon_core.shell:Creating package script '/home/robotics/ros2_cobot/install/mycobot_280arduino_moveit2/share/mycobot_280arduino_moveit2/package.sh'
[4.166s] INFO:colcon.colcon_core.shell:Creating package script '/home/robotics/ros2_cobot/install/mycobot_280arduino_moveit2/share/mycobot_280arduino_moveit2/package.bash'
[4.168s] INFO:colcon.colcon_core.shell:Creating package script '/home/robotics/ros2_cobot/install/mycobot_280arduino_moveit2/share/mycobot_280arduino_moveit2/package.zsh'
[4.169s] Level 1:colcon.colcon_core.environment:create_file_with_runtime_dependencies(/home/robotics/ros2_cobot/install/mycobot_280arduino_moveit2/share/colcon-core/packages/mycobot_280arduino_moveit2)
[4.170s] INFO:colcon.colcon_ros.task.ament_cmake.build:Building ROS package in '/home/robotics/ros2_cobot/src/mycobot_ros2/mycobot_280/mycobot_280rdkx5_moveit2' with build type 'ament_cmake'
[4.171s] INFO:colcon.colcon_cmake.task.cmake.build:Building CMake package in '/home/robotics/ros2_cobot/src/mycobot_ros2/mycobot_280/mycobot_280rdkx5_moveit2'
[4.171s] INFO:colcon.colcon_core.shell:Skip shell extension 'powershell' for command environment: Not usable outside of PowerShell
[4.172s] DEBUG:colcon.colcon_core.shell:Skip shell extension 'dsv' for command environment
[4.180s] Level 1:colcon.colcon_core.environment:create_environment_scripts_only(mycobot_280_moveit2)
[4.181s] Level 1:colcon.colcon_core.environment:checking '/home/robotics/ros2_cobot/install/mycobot_280_moveit2' for CMake module files
[4.181s] Level 1:colcon.colcon_core.environment:checking '/home/robotics/ros2_cobot/install/mycobot_280_moveit2' for CMake config files
[4.182s] Level 1:colcon.colcon_core.shell:create_environment_hook('mycobot_280_moveit2', 'cmake_prefix_path')
[4.183s] DEBUG:colcon.colcon_core.event_handler.log_command:Invoked command in '/home/robotics/ros2_cobot/build/mycobot_280_moveit2' returned '0': AMENT_PREFIX_PATH=/home/robotics/ros2_cobot/install/mycobot_description:/home/robotics/ros2_cobot/install/ultraarm:/home/robotics/ros2_cobot/install/traj_scripts:/home/robotics/ros2_cobot/install/mypalletizer_communication:/home/robotics/ros2_cobot/install/mypalletizer_interfaces:/home/robotics/ros2_cobot/install/mypalletizer_260_pi:/home/robotics/ros2_cobot/install/mypalletizer_260:/home/robotics/ros2_cobot/install/myarm_m750:/home/robotics/ros2_cobot/install/myarm_c650:/home/robotics/ros2_cobot/install/mycobot_communication:/home/robotics/ros2_cobot/install/mecharm_communication:/home/robotics/ros2_cobot/install/mycobot_interfaces:/home/robotics/ros2_cobot/install/mycobot_630:/home/robotics/ros2_cobot/install/mycobot_600:/home/robotics/ros2_cobot/install/mycobot_320pi:/home/robotics/ros2_cobot/install/mycobot_320_riscv:/home/robotics/ros2_cobot/install/mycobot_320:/home/robotics/ros2_cobot/install/mycobot_280rdkx5_moveit2:/home/robotics/ros2_cobot/install/mycobot_280pi:/home/robotics/ros2_cobot/install/mycobot_280jn:/home/robotics/ros2_cobot/install/mycobot_280arduino_moveit2:/home/robotics/ros2_cobot/install/mycobot_280_x3pi:/home/robotics/ros2_cobot/install/mycobot_280_riscv:/home/robotics/ros2_cobot/install/mycobot_280_rdkx5:/home/robotics/ros2_cobot/install/mycobot_280_moveit2_control:/home/robotics/ros2_cobot/install/mycobot_280_moveit2:/home/robotics/ros2_cobot/install/mycobot_280_arduino:/home/robotics/ros2_cobot/install/mycobot_280:/home/robotics/ros2_cobot/install/mybuddy:/home/robotics/ros2_cobot/install/myarm_300:/home/robotics/ros2_cobot/install/mecharm_pi:/home/robotics/ros2_cobot/install/mecharm:/home/robotics/ros2_cobot/install/mecharm_interfaces:/opt/ros/humble CMAKE_PREFIX_PATH=${CMAKE_PREFIX_PATH}:/home/robotics/ros2_cobot/install/ultraarm:/home/robotics/ros2_cobot/install/mypalletizer_communication:/home/robotics/ros2_cobot/install/mypalletizer_260_pi:/home/robotics/ros2_cobot/install/mypalletizer_260:/home/robotics/ros2_cobot/install/myarm_m750:/home/robotics/ros2_cobot/install/myarm_c650:/home/robotics/ros2_cobot/install/mycobot_communication:/home/robotics/ros2_cobot/install/mecharm_communication:/home/robotics/ros2_cobot/install/mycobot_630:/home/robotics/ros2_cobot/install/mycobot_600:/home/robotics/ros2_cobot/install/mycobot_320pi:/home/robotics/ros2_cobot/install/mycobot_320_riscv:/home/robotics/ros2_cobot/install/mycobot_320:/home/robotics/ros2_cobot/install/mycobot_280pi:/home/robotics/ros2_cobot/install/mycobot_280jn:/home/robotics/ros2_cobot/install/mycobot_280_x3pi:/home/robotics/ros2_cobot/install/mycobot_280_riscv:/home/robotics/ros2_cobot/install/mycobot_280_rdkx5:/home/robotics/ros2_cobot/install/mycobot_280_moveit2_control:/home/robotics/ros2_cobot/install/mycobot_280_arduino:/home/robotics/ros2_cobot/install/mycobot_280:/home/robotics/ros2_cobot/install/mybuddy:/home/robotics/ros2_cobot/install/myarm_300:/home/robotics/ros2_cobot/install/mecharm_pi:/home/robotics/ros2_cobot/install/mecharm:/home/robotics/ros2_cobot/install/mycobot_description:/opt/ros/humble PYTHONPATH=/home/robotics/ros2_cobot/install/mycobot_description/lib/python3.10/site-packages:/home/robotics/ros2_cobot/install/ultraarm/lib/python3.10/site-packages:/home/robotics/ros2_cobot/install/traj_scripts/local/lib/python3.10/dist-packages:/home/robotics/ros2_cobot/install/mypalletizer_communication/lib/python3.10/site-packages:/home/robotics/ros2_cobot/install/mypalletizer_interfaces/local/lib/python3.10/dist-packages:/home/robotics/ros2_cobot/install/mypalletizer_260_pi/lib/python3.10/site-packages:/home/robotics/ros2_cobot/install/mypalletizer_260/lib/python3.10/site-packages:/home/robotics/ros2_cobot/install/myarm_m750/lib/python3.10/site-packages:/home/robotics/ros2_cobot/install/myarm_c650/lib/python3.10/site-packages:/home/robotics/ros2_cobot/install/mycobot_communication/lib/python3.10/site-packages:/home/robotics/ros2_cobot/install/mecharm_communication/lib/python3.10/site-packages:/home/robotics/ros2_cobot/install/mycobot_interfaces/local/lib/python3.10/dist-packages:/home/robotics/ros2_cobot/install/mycobot_630/lib/python3.10/site-packages:/home/robotics/ros2_cobot/install/mycobot_600/lib/python3.10/site-packages:/home/robotics/ros2_cobot/install/mycobot_320pi/lib/python3.10/site-packages:/home/robotics/ros2_cobot/install/mycobot_320_riscv/lib/python3.10/site-packages:/home/robotics/ros2_cobot/install/mycobot_320/lib/python3.10/site-packages:/home/robotics/ros2_cobot/install/mycobot_280pi/lib/python3.10/site-packages:/home/robotics/ros2_cobot/install/mycobot_280jn/lib/python3.10/site-packages:/home/robotics/ros2_cobot/install/mycobot_280_x3pi/lib/python3.10/site-packages:/home/robotics/ros2_cobot/install/mycobot_280_riscv/lib/python3.10/site-packages:/home/robotics/ros2_cobot/install/mycobot_280_rdkx5/lib/python3.10/site-packages:/home/robotics/ros2_cobot/install/mycobot_280_moveit2_control/lib/python3.10/site-packages:/home/robotics/ros2_cobot/install/mycobot_280_arduino/lib/python3.10/site-packages:/home/robotics/ros2_cobot/install/mycobot_280/lib/python3.10/site-packages:/home/robotics/ros2_cobot/install/mybuddy/lib/python3.10/site-packages:/home/robotics/ros2_cobot/install/myarm_300/lib/python3.10/site-packages:/home/robotics/ros2_cobot/install/mecharm_pi/lib/python3.10/site-packages:/home/robotics/ros2_cobot/install/mecharm/lib/python3.10/site-packages:/home/robotics/ros2_cobot/install/mecharm_interfaces/local/lib/python3.10/dist-packages:/opt/ros/humble/lib/python3.10/site-packages:/opt/ros/humble/local/lib/python3.10/dist-packages /usr/bin/cmake --install /home/robotics/ros2_cobot/build/mycobot_280_moveit2
[4.183s] INFO:colcon.colcon_core.shell:Creating environment hook '/home/robotics/ros2_cobot/install/mycobot_280_moveit2/share/mycobot_280_moveit2/hook/cmake_prefix_path.ps1'
[4.184s] INFO:colcon.colcon_core.shell:Creating environment descriptor '/home/robotics/ros2_cobot/install/mycobot_280_moveit2/share/mycobot_280_moveit2/hook/cmake_prefix_path.dsv'
[4.185s] INFO:colcon.colcon_core.shell:Creating environment hook '/home/robotics/ros2_cobot/install/mycobot_280_moveit2/share/mycobot_280_moveit2/hook/cmake_prefix_path.sh'
[4.186s] Level 1:colcon.colcon_core.environment:checking '/home/robotics/ros2_cobot/install/mycobot_280_moveit2/bin'
[4.187s] Level 1:colcon.colcon_core.environment:checking '/home/robotics/ros2_cobot/install/mycobot_280_moveit2/lib/pkgconfig/mycobot_280_moveit2.pc'
[4.187s] Level 1:colcon.colcon_core.environment:checking '/home/robotics/ros2_cobot/install/mycobot_280_moveit2/lib/python3.10/site-packages'
[4.187s] Level 1:colcon.colcon_core.environment:checking '/home/robotics/ros2_cobot/install/mycobot_280_moveit2/bin'
[4.188s] INFO:colcon.colcon_core.shell:Creating package script '/home/robotics/ros2_cobot/install/mycobot_280_moveit2/share/mycobot_280_moveit2/package.ps1'
[4.189s] INFO:colcon.colcon_core.shell:Creating package descriptor '/home/robotics/ros2_cobot/install/mycobot_280_moveit2/share/mycobot_280_moveit2/package.dsv'
[4.189s] INFO:colcon.colcon_core.shell:Creating package script '/home/robotics/ros2_cobot/install/mycobot_280_moveit2/share/mycobot_280_moveit2/package.sh'
[4.190s] INFO:colcon.colcon_core.shell:Creating package script '/home/robotics/ros2_cobot/install/mycobot_280_moveit2/share/mycobot_280_moveit2/package.bash'
[4.191s] INFO:colcon.colcon_core.shell:Creating package script '/home/robotics/ros2_cobot/install/mycobot_280_moveit2/share/mycobot_280_moveit2/package.zsh'
[4.192s] Level 1:colcon.colcon_core.environment:create_file_with_runtime_dependencies(/home/robotics/ros2_cobot/install/mycobot_280_moveit2/share/colcon-core/packages/mycobot_280_moveit2)
[4.193s] Level 1:colcon.colcon_core.environment:create_environment_scripts_only(mycobot_280_moveit2)
[4.193s] Level 1:colcon.colcon_core.environment:checking '/home/robotics/ros2_cobot/install/mycobot_280_moveit2' for CMake module files
[4.194s] Level 1:colcon.colcon_core.environment:checking '/home/robotics/ros2_cobot/install/mycobot_280_moveit2' for CMake config files
[4.194s] Level 1:colcon.colcon_core.shell:create_environment_hook('mycobot_280_moveit2', 'cmake_prefix_path')
[4.194s] INFO:colcon.colcon_core.shell:Creating environment hook '/home/robotics/ros2_cobot/install/mycobot_280_moveit2/share/mycobot_280_moveit2/hook/cmake_prefix_path.ps1'
[4.195s] INFO:colcon.colcon_core.shell:Creating environment descriptor '/home/robotics/ros2_cobot/install/mycobot_280_moveit2/share/mycobot_280_moveit2/hook/cmake_prefix_path.dsv'
[4.196s] INFO:colcon.colcon_core.shell:Creating environment hook '/home/robotics/ros2_cobot/install/mycobot_280_moveit2/share/mycobot_280_moveit2/hook/cmake_prefix_path.sh'
[4.197s] Level 1:colcon.colcon_core.environment:checking '/home/robotics/ros2_cobot/install/mycobot_280_moveit2/bin'
[4.198s] Level 1:colcon.colcon_core.environment:checking '/home/robotics/ros2_cobot/install/mycobot_280_moveit2/lib/pkgconfig/mycobot_280_moveit2.pc'
[4.198s] Level 1:colcon.colcon_core.environment:checking '/home/robotics/ros2_cobot/install/mycobot_280_moveit2/lib/python3.10/site-packages'
[4.198s] Level 1:colcon.colcon_core.environment:checking '/home/robotics/ros2_cobot/install/mycobot_280_moveit2/bin'
[4.199s] INFO:colcon.colcon_core.shell:Creating package script '/home/robotics/ros2_cobot/install/mycobot_280_moveit2/share/mycobot_280_moveit2/package.ps1'
[4.200s] INFO:colcon.colcon_core.shell:Creating package descriptor '/home/robotics/ros2_cobot/install/mycobot_280_moveit2/share/mycobot_280_moveit2/package.dsv'
[4.200s] INFO:colcon.colcon_core.shell:Creating package script '/home/robotics/ros2_cobot/install/mycobot_280_moveit2/share/mycobot_280_moveit2/package.sh'
[4.201s] INFO:colcon.colcon_core.shell:Creating package script '/home/robotics/ros2_cobot/install/mycobot_280_moveit2/share/mycobot_280_moveit2/package.bash'
[4.202s] INFO:colcon.colcon_core.shell:Creating package script '/home/robotics/ros2_cobot/install/mycobot_280_moveit2/share/mycobot_280_moveit2/package.zsh'
[4.203s] Level 1:colcon.colcon_core.environment:create_file_with_runtime_dependencies(/home/robotics/ros2_cobot/install/mycobot_280_moveit2/share/colcon-core/packages/mycobot_280_moveit2)
[4.204s] INFO:colcon.colcon_ros.task.ament_python.build:Building ROS package in '/home/robotics/ros2_cobot/src/mycobot_ros2/mycobot_320/mycobot_320' with build type 'ament_python'
[4.205s] Level 1:colcon.colcon_core.shell:create_environment_hook('mycobot_320', 'ament_prefix_path')
[4.206s] INFO:colcon.colcon_core.shell:Creating environment hook '/home/robotics/ros2_cobot/install/mycobot_320/share/mycobot_320/hook/ament_prefix_path.ps1'
[4.207s] INFO:colcon.colcon_core.shell:Creating environment descriptor '/home/robotics/ros2_cobot/install/mycobot_320/share/mycobot_320/hook/ament_prefix_path.dsv'
[4.207s] INFO:colcon.colcon_core.shell:Creating environment hook '/home/robotics/ros2_cobot/install/mycobot_320/share/mycobot_320/hook/ament_prefix_path.sh'
[4.209s] INFO:colcon.colcon_core.shell:Skip shell extension 'powershell' for command environment: Not usable outside of PowerShell
[4.209s] DEBUG:colcon.colcon_core.shell:Skip shell extension 'dsv' for command environment
[4.226s] DEBUG:colcon.colcon_core.event_handler.log_command:Invoking command in '/home/robotics/ros2_cobot/build/mycobot_280rdkx5_moveit2': AMENT_PREFIX_PATH=/home/robotics/ros2_cobot/install/mycobot_description:/home/robotics/ros2_cobot/install/ultraarm:/home/robotics/ros2_cobot/install/traj_scripts:/home/robotics/ros2_cobot/install/mypalletizer_communication:/home/robotics/ros2_cobot/install/mypalletizer_interfaces:/home/robotics/ros2_cobot/install/mypalletizer_260_pi:/home/robotics/ros2_cobot/install/mypalletizer_260:/home/robotics/ros2_cobot/install/myarm_m750:/home/robotics/ros2_cobot/install/myarm_c650:/home/robotics/ros2_cobot/install/mycobot_communication:/home/robotics/ros2_cobot/install/mecharm_communication:/home/robotics/ros2_cobot/install/mycobot_interfaces:/home/robotics/ros2_cobot/install/mycobot_630:/home/robotics/ros2_cobot/install/mycobot_600:/home/robotics/ros2_cobot/install/mycobot_320pi:/home/robotics/ros2_cobot/install/mycobot_320_riscv:/home/robotics/ros2_cobot/install/mycobot_320:/home/robotics/ros2_cobot/install/mycobot_280rdkx5_moveit2:/home/robotics/ros2_cobot/install/mycobot_280pi:/home/robotics/ros2_cobot/install/mycobot_280jn:/home/robotics/ros2_cobot/install/mycobot_280arduino_moveit2:/home/robotics/ros2_cobot/install/mycobot_280_x3pi:/home/robotics/ros2_cobot/install/mycobot_280_riscv:/home/robotics/ros2_cobot/install/mycobot_280_rdkx5:/home/robotics/ros2_cobot/install/mycobot_280_moveit2_control:/home/robotics/ros2_cobot/install/mycobot_280_moveit2:/home/robotics/ros2_cobot/install/mycobot_280_arduino:/home/robotics/ros2_cobot/install/mycobot_280:/home/robotics/ros2_cobot/install/mybuddy:/home/robotics/ros2_cobot/install/myarm_300:/home/robotics/ros2_cobot/install/mecharm_pi:/home/robotics/ros2_cobot/install/mecharm:/home/robotics/ros2_cobot/install/mecharm_interfaces:/opt/ros/humble CMAKE_PREFIX_PATH=${CMAKE_PREFIX_PATH}:/home/robotics/ros2_cobot/install/ultraarm:/home/robotics/ros2_cobot/install/mypalletizer_communication:/home/robotics/ros2_cobot/install/mypalletizer_260_pi:/home/robotics/ros2_cobot/install/mypalletizer_260:/home/robotics/ros2_cobot/install/myarm_m750:/home/robotics/ros2_cobot/install/myarm_c650:/home/robotics/ros2_cobot/install/mycobot_communication:/home/robotics/ros2_cobot/install/mecharm_communication:/home/robotics/ros2_cobot/install/mycobot_630:/home/robotics/ros2_cobot/install/mycobot_600:/home/robotics/ros2_cobot/install/mycobot_320pi:/home/robotics/ros2_cobot/install/mycobot_320_riscv:/home/robotics/ros2_cobot/install/mycobot_320:/home/robotics/ros2_cobot/install/mycobot_280pi:/home/robotics/ros2_cobot/install/mycobot_280jn:/home/robotics/ros2_cobot/install/mycobot_280_x3pi:/home/robotics/ros2_cobot/install/mycobot_280_riscv:/home/robotics/ros2_cobot/install/mycobot_280_rdkx5:/home/robotics/ros2_cobot/install/mycobot_280_moveit2_control:/home/robotics/ros2_cobot/install/mycobot_280_arduino:/home/robotics/ros2_cobot/install/mycobot_280:/home/robotics/ros2_cobot/install/mybuddy:/home/robotics/ros2_cobot/install/myarm_300:/home/robotics/ros2_cobot/install/mecharm_pi:/home/robotics/ros2_cobot/install/mecharm:/home/robotics/ros2_cobot/install/mycobot_description:/opt/ros/humble PYTHONPATH=/home/robotics/ros2_cobot/install/mycobot_description/lib/python3.10/site-packages:/home/robotics/ros2_cobot/install/ultraarm/lib/python3.10/site-packages:/home/robotics/ros2_cobot/install/traj_scripts/local/lib/python3.10/dist-packages:/home/robotics/ros2_cobot/install/mypalletizer_communication/lib/python3.10/site-packages:/home/robotics/ros2_cobot/install/mypalletizer_interfaces/local/lib/python3.10/dist-packages:/home/robotics/ros2_cobot/install/mypalletizer_260_pi/lib/python3.10/site-packages:/home/robotics/ros2_cobot/install/mypalletizer_260/lib/python3.10/site-packages:/home/robotics/ros2_cobot/install/myarm_m750/lib/python3.10/site-packages:/home/robotics/ros2_cobot/install/myarm_c650/lib/python3.10/site-packages:/home/robotics/ros2_cobot/install/mycobot_communication/lib/python3.10/site-packages:/home/robotics/ros2_cobot/install/mecharm_communication/lib/python3.10/site-packages:/home/robotics/ros2_cobot/install/mycobot_interfaces/local/lib/python3.10/dist-packages:/home/robotics/ros2_cobot/install/mycobot_630/lib/python3.10/site-packages:/home/robotics/ros2_cobot/install/mycobot_600/lib/python3.10/site-packages:/home/robotics/ros2_cobot/install/mycobot_320pi/lib/python3.10/site-packages:/home/robotics/ros2_cobot/install/mycobot_320_riscv/lib/python3.10/site-packages:/home/robotics/ros2_cobot/install/mycobot_320/lib/python3.10/site-packages:/home/robotics/ros2_cobot/install/mycobot_280pi/lib/python3.10/site-packages:/home/robotics/ros2_cobot/install/mycobot_280jn/lib/python3.10/site-packages:/home/robotics/ros2_cobot/install/mycobot_280_x3pi/lib/python3.10/site-packages:/home/robotics/ros2_cobot/install/mycobot_280_riscv/lib/python3.10/site-packages:/home/robotics/ros2_cobot/install/mycobot_280_rdkx5/lib/python3.10/site-packages:/home/robotics/ros2_cobot/install/mycobot_280_moveit2_control/lib/python3.10/site-packages:/home/robotics/ros2_cobot/install/mycobot_280_arduino/lib/python3.10/site-packages:/home/robotics/ros2_cobot/install/mycobot_280/lib/python3.10/site-packages:/home/robotics/ros2_cobot/install/mybuddy/lib/python3.10/site-packages:/home/robotics/ros2_cobot/install/myarm_300/lib/python3.10/site-packages:/home/robotics/ros2_cobot/install/mecharm_pi/lib/python3.10/site-packages:/home/robotics/ros2_cobot/install/mecharm/lib/python3.10/site-packages:/home/robotics/ros2_cobot/install/mecharm_interfaces/local/lib/python3.10/dist-packages:/opt/ros/humble/lib/python3.10/site-packages:/opt/ros/humble/local/lib/python3.10/dist-packages /usr/bin/cmake --build /home/robotics/ros2_cobot/build/mycobot_280rdkx5_moveit2 -- -j16 -l16
[4.673s] INFO:colcon.colcon_core.task.python.build:Building Python package in '/home/robotics/ros2_cobot/src/mycobot_ros2/mycobot_320/mycobot_320'
[4.673s] INFO:colcon.colcon_core.shell:Skip shell extension 'powershell' for command environment: Not usable outside of PowerShell
[4.673s] DEBUG:colcon.colcon_core.shell:Skip shell extension 'dsv' for command environment
[4.679s] Level 1:colcon.colcon_core.environment:checking '/home/robotics/ros2_cobot/install/mypalletizer_communication' for CMake module files
[4.679s] DEBUG:colcon.colcon_core.event_handler.log_command:Invoked command in '/home/robotics/ros2_cobot/src/mycobot_ros2/mypalletizer_260/mypalletizer_communication' returned '0': CMAKE_PREFIX_PATH=/home/robotics/ros2_cobot/install/mypalletizer_interfaces:/home/robotics/ros2_cobot/install/traj_scripts:/home/robotics/ros2_cobot/install/mycobot_interfaces:/home/robotics/ros2_cobot/install/mycobot_280rdkx5_moveit2:/home/robotics/ros2_cobot/install/mycobot_280arduino_moveit2:/home/robotics/ros2_cobot/install/mycobot_280_moveit2:/home/robotics/ros2_cobot/install/mecharm_interfaces PYTHONPATH=/home/robotics/ros2_cobot/build/mypalletizer_communication/prefix_override:/usr/lib/python3/dist-packages/colcon_core/task/python/colcon_distutils_commands:/home/robotics/ros2_cobot/install/mypalletizer_communication/lib/python3.10/site-packages:${PYTHONPATH} /usr/bin/python3 -W ignore:setup.py install is deprecated -W ignore:easy_install command is deprecated setup.py egg_info --egg-base ../../../../build/mypalletizer_communication build --build-base /home/robotics/ros2_cobot/build/mypalletizer_communication/build install --record /home/robotics/ros2_cobot/build/mypalletizer_communication/install.log --single-version-externally-managed install_data
[4.680s] Level 1:colcon.colcon_core.environment:checking '/home/robotics/ros2_cobot/install/mypalletizer_communication' for CMake config files
[4.680s] Level 1:colcon.colcon_core.environment:checking '/home/robotics/ros2_cobot/install/mypalletizer_communication/lib'
[4.680s] Level 1:colcon.colcon_core.environment:checking '/home/robotics/ros2_cobot/install/mypalletizer_communication/bin'
[4.680s] Level 1:colcon.colcon_core.environment:checking '/home/robotics/ros2_cobot/install/mypalletizer_communication/lib/pkgconfig/mypalletizer_communication.pc'
[4.680s] Level 1:colcon.colcon_core.environment:checking '/home/robotics/ros2_cobot/install/mypalletizer_communication/lib/python3.10/site-packages'
[4.680s] Level 1:colcon.colcon_core.shell:create_environment_hook('mypalletizer_communication', 'pythonpath')
[4.680s] INFO:colcon.colcon_core.shell:Creating environment hook '/home/robotics/ros2_cobot/install/mypalletizer_communication/share/mypalletizer_communication/hook/pythonpath.ps1'
[4.681s] INFO:colcon.colcon_core.shell:Creating environment descriptor '/home/robotics/ros2_cobot/install/mypalletizer_communication/share/mypalletizer_communication/hook/pythonpath.dsv'
[4.681s] INFO:colcon.colcon_core.shell:Creating environment hook '/home/robotics/ros2_cobot/install/mypalletizer_communication/share/mypalletizer_communication/hook/pythonpath.sh'
[4.681s] Level 1:colcon.colcon_core.environment:checking '/home/robotics/ros2_cobot/install/mypalletizer_communication/bin'
[4.681s] Level 1:colcon.colcon_core.environment:create_environment_scripts_only(mypalletizer_communication)
[4.681s] INFO:colcon.colcon_core.shell:Creating package script '/home/robotics/ros2_cobot/install/mypalletizer_communication/share/mypalletizer_communication/package.ps1'
[4.682s] INFO:colcon.colcon_core.shell:Creating package descriptor '/home/robotics/ros2_cobot/install/mypalletizer_communication/share/mypalletizer_communication/package.dsv'
[4.682s] INFO:colcon.colcon_core.shell:Creating package script '/home/robotics/ros2_cobot/install/mypalletizer_communication/share/mypalletizer_communication/package.sh'
[4.682s] INFO:colcon.colcon_core.shell:Creating package script '/home/robotics/ros2_cobot/install/mypalletizer_communication/share/mypalletizer_communication/package.bash'
[4.682s] INFO:colcon.colcon_core.shell:Creating package script '/home/robotics/ros2_cobot/install/mypalletizer_communication/share/mypalletizer_communication/package.zsh'
[4.682s] Level 1:colcon.colcon_core.environment:create_file_with_runtime_dependencies(/home/robotics/ros2_cobot/install/mypalletizer_communication/share/colcon-core/packages/mypalletizer_communication)
[4.687s] DEBUG:colcon.colcon_core.event_handler.log_command:Invoking command in '/home/robotics/ros2_cobot/src/mycobot_ros2/myArm/myarm_300': AMENT_PREFIX_PATH=/home/robotics/ros2_cobot/install/mycobot_description:/home/robotics/ros2_cobot/install/ultraarm:/home/robotics/ros2_cobot/install/traj_scripts:/home/robotics/ros2_cobot/install/mypalletizer_communication:/home/robotics/ros2_cobot/install/mypalletizer_interfaces:/home/robotics/ros2_cobot/install/mypalletizer_260_pi:/home/robotics/ros2_cobot/install/mypalletizer_260:/home/robotics/ros2_cobot/install/myarm_m750:/home/robotics/ros2_cobot/install/myarm_c650:/home/robotics/ros2_cobot/install/mycobot_communication:/home/robotics/ros2_cobot/install/mecharm_communication:/home/robotics/ros2_cobot/install/mycobot_interfaces:/home/robotics/ros2_cobot/install/mycobot_630:/home/robotics/ros2_cobot/install/mycobot_600:/home/robotics/ros2_cobot/install/mycobot_320pi:/home/robotics/ros2_cobot/install/mycobot_320_riscv:/home/robotics/ros2_cobot/install/mycobot_320:/home/robotics/ros2_cobot/install/mycobot_280rdkx5_moveit2:/home/robotics/ros2_cobot/install/mycobot_280pi:/home/robotics/ros2_cobot/install/mycobot_280jn:/home/robotics/ros2_cobot/install/mycobot_280arduino_moveit2:/home/robotics/ros2_cobot/install/mycobot_280_x3pi:/home/robotics/ros2_cobot/install/mycobot_280_riscv:/home/robotics/ros2_cobot/install/mycobot_280_rdkx5:/home/robotics/ros2_cobot/install/mycobot_280_moveit2_control:/home/robotics/ros2_cobot/install/mycobot_280_moveit2:/home/robotics/ros2_cobot/install/mycobot_280_arduino:/home/robotics/ros2_cobot/install/mycobot_280:/home/robotics/ros2_cobot/install/mybuddy:/home/robotics/ros2_cobot/install/myarm_300:/home/robotics/ros2_cobot/install/mecharm_pi:/home/robotics/ros2_cobot/install/mecharm:/home/robotics/ros2_cobot/install/mecharm_interfaces:/opt/ros/humble PYTHONPATH=/home/robotics/ros2_cobot/build/myarm_300/prefix_override:/usr/lib/python3/dist-packages/colcon_core/task/python/colcon_distutils_commands:/home/robotics/ros2_cobot/install/myarm_300/lib/python3.10/site-packages:/home/robotics/ros2_cobot/install/mycobot_description/lib/python3.10/site-packages:/home/robotics/ros2_cobot/install/ultraarm/lib/python3.10/site-packages:/home/robotics/ros2_cobot/install/traj_scripts/local/lib/python3.10/dist-packages:/home/robotics/ros2_cobot/install/mypalletizer_communication/lib/python3.10/site-packages:/home/robotics/ros2_cobot/install/mypalletizer_interfaces/local/lib/python3.10/dist-packages:/home/robotics/ros2_cobot/install/mypalletizer_260_pi/lib/python3.10/site-packages:/home/robotics/ros2_cobot/install/mypalletizer_260/lib/python3.10/site-packages:/home/robotics/ros2_cobot/install/myarm_m750/lib/python3.10/site-packages:/home/robotics/ros2_cobot/install/myarm_c650/lib/python3.10/site-packages:/home/robotics/ros2_cobot/install/mycobot_communication/lib/python3.10/site-packages:/home/robotics/ros2_cobot/install/mecharm_communication/lib/python3.10/site-packages:/home/robotics/ros2_cobot/install/mycobot_interfaces/local/lib/python3.10/dist-packages:/home/robotics/ros2_cobot/install/mycobot_630/lib/python3.10/site-packages:/home/robotics/ros2_cobot/install/mycobot_600/lib/python3.10/site-packages:/home/robotics/ros2_cobot/install/mycobot_320pi/lib/python3.10/site-packages:/home/robotics/ros2_cobot/install/mycobot_320_riscv/lib/python3.10/site-packages:/home/robotics/ros2_cobot/install/mycobot_320/lib/python3.10/site-packages:/home/robotics/ros2_cobot/install/mycobot_280pi/lib/python3.10/site-packages:/home/robotics/ros2_cobot/install/mycobot_280jn/lib/python3.10/site-packages:/home/robotics/ros2_cobot/install/mycobot_280_x3pi/lib/python3.10/site-packages:/home/robotics/ros2_cobot/install/mycobot_280_riscv/lib/python3.10/site-packages:/home/robotics/ros2_cobot/install/mycobot_280_rdkx5/lib/python3.10/site-packages:/home/robotics/ros2_cobot/install/mycobot_280_moveit2_control/lib/python3.10/site-packages:/home/robotics/ros2_cobot/install/mycobot_280_arduino/lib/python3.10/site-packages:/home/robotics/ros2_cobot/install/mycobot_280/lib/python3.10/site-packages:/home/robotics/ros2_cobot/install/mybuddy/lib/python3.10/site-packages:/home/robotics/ros2_cobot/install/myarm_300/lib/python3.10/site-packages:/home/robotics/ros2_cobot/install/mecharm_pi/lib/python3.10/site-packages:/home/robotics/ros2_cobot/install/mecharm/lib/python3.10/site-packages:/home/robotics/ros2_cobot/install/mecharm_interfaces/local/lib/python3.10/dist-packages:/opt/ros/humble/lib/python3.10/site-packages:/opt/ros/humble/local/lib/python3.10/dist-packages /usr/bin/python3 -W ignore:setup.py install is deprecated -W ignore:easy_install command is deprecated setup.py egg_info --egg-base ../../../../build/myarm_300 build --build-base /home/robotics/ros2_cobot/build/myarm_300/build install --record /home/robotics/ros2_cobot/build/myarm_300/install.log --single-version-externally-managed install_data
[4.690s] DEBUG:colcon.colcon_core.event_handler.log_command:Invoking command in '/home/robotics/ros2_cobot/src/mycobot_ros2/Mybuddy/mybuddy': AMENT_PREFIX_PATH=/home/robotics/ros2_cobot/install/mycobot_description:/home/robotics/ros2_cobot/install/ultraarm:/home/robotics/ros2_cobot/install/traj_scripts:/home/robotics/ros2_cobot/install/mypalletizer_communication:/home/robotics/ros2_cobot/install/mypalletizer_interfaces:/home/robotics/ros2_cobot/install/mypalletizer_260_pi:/home/robotics/ros2_cobot/install/mypalletizer_260:/home/robotics/ros2_cobot/install/myarm_m750:/home/robotics/ros2_cobot/install/myarm_c650:/home/robotics/ros2_cobot/install/mycobot_communication:/home/robotics/ros2_cobot/install/mecharm_communication:/home/robotics/ros2_cobot/install/mycobot_interfaces:/home/robotics/ros2_cobot/install/mycobot_630:/home/robotics/ros2_cobot/install/mycobot_600:/home/robotics/ros2_cobot/install/mycobot_320pi:/home/robotics/ros2_cobot/install/mycobot_320_riscv:/home/robotics/ros2_cobot/install/mycobot_320:/home/robotics/ros2_cobot/install/mycobot_280rdkx5_moveit2:/home/robotics/ros2_cobot/install/mycobot_280pi:/home/robotics/ros2_cobot/install/mycobot_280jn:/home/robotics/ros2_cobot/install/mycobot_280arduino_moveit2:/home/robotics/ros2_cobot/install/mycobot_280_x3pi:/home/robotics/ros2_cobot/install/mycobot_280_riscv:/home/robotics/ros2_cobot/install/mycobot_280_rdkx5:/home/robotics/ros2_cobot/install/mycobot_280_moveit2_control:/home/robotics/ros2_cobot/install/mycobot_280_moveit2:/home/robotics/ros2_cobot/install/mycobot_280_arduino:/home/robotics/ros2_cobot/install/mycobot_280:/home/robotics/ros2_cobot/install/mybuddy:/home/robotics/ros2_cobot/install/myarm_300:/home/robotics/ros2_cobot/install/mecharm_pi:/home/robotics/ros2_cobot/install/mecharm:/home/robotics/ros2_cobot/install/mecharm_interfaces:/opt/ros/humble PYTHONPATH=/home/robotics/ros2_cobot/build/mybuddy/prefix_override:/usr/lib/python3/dist-packages/colcon_core/task/python/colcon_distutils_commands:/home/robotics/ros2_cobot/install/mybuddy/lib/python3.10/site-packages:/home/robotics/ros2_cobot/install/mycobot_description/lib/python3.10/site-packages:/home/robotics/ros2_cobot/install/ultraarm/lib/python3.10/site-packages:/home/robotics/ros2_cobot/install/traj_scripts/local/lib/python3.10/dist-packages:/home/robotics/ros2_cobot/install/mypalletizer_communication/lib/python3.10/site-packages:/home/robotics/ros2_cobot/install/mypalletizer_interfaces/local/lib/python3.10/dist-packages:/home/robotics/ros2_cobot/install/mypalletizer_260_pi/lib/python3.10/site-packages:/home/robotics/ros2_cobot/install/mypalletizer_260/lib/python3.10/site-packages:/home/robotics/ros2_cobot/install/myarm_m750/lib/python3.10/site-packages:/home/robotics/ros2_cobot/install/myarm_c650/lib/python3.10/site-packages:/home/robotics/ros2_cobot/install/mycobot_communication/lib/python3.10/site-packages:/home/robotics/ros2_cobot/install/mecharm_communication/lib/python3.10/site-packages:/home/robotics/ros2_cobot/install/mycobot_interfaces/local/lib/python3.10/dist-packages:/home/robotics/ros2_cobot/install/mycobot_630/lib/python3.10/site-packages:/home/robotics/ros2_cobot/install/mycobot_600/lib/python3.10/site-packages:/home/robotics/ros2_cobot/install/mycobot_320pi/lib/python3.10/site-packages:/home/robotics/ros2_cobot/install/mycobot_320_riscv/lib/python3.10/site-packages:/home/robotics/ros2_cobot/install/mycobot_320/lib/python3.10/site-packages:/home/robotics/ros2_cobot/install/mycobot_280pi/lib/python3.10/site-packages:/home/robotics/ros2_cobot/install/mycobot_280jn/lib/python3.10/site-packages:/home/robotics/ros2_cobot/install/mycobot_280_x3pi/lib/python3.10/site-packages:/home/robotics/ros2_cobot/install/mycobot_280_riscv/lib/python3.10/site-packages:/home/robotics/ros2_cobot/install/mycobot_280_rdkx5/lib/python3.10/site-packages:/home/robotics/ros2_cobot/install/mycobot_280_moveit2_control/lib/python3.10/site-packages:/home/robotics/ros2_cobot/install/mycobot_280_arduino/lib/python3.10/site-packages:/home/robotics/ros2_cobot/install/mycobot_280/lib/python3.10/site-packages:/home/robotics/ros2_cobot/install/mybuddy/lib/python3.10/site-packages:/home/robotics/ros2_cobot/install/myarm_300/lib/python3.10/site-packages:/home/robotics/ros2_cobot/install/mecharm_pi/lib/python3.10/site-packages:/home/robotics/ros2_cobot/install/mecharm/lib/python3.10/site-packages:/home/robotics/ros2_cobot/install/mecharm_interfaces/local/lib/python3.10/dist-packages:/opt/ros/humble/lib/python3.10/site-packages:/opt/ros/humble/local/lib/python3.10/dist-packages /usr/bin/python3 -W ignore:setup.py install is deprecated -W ignore:easy_install command is deprecated setup.py egg_info --egg-base ../../../../build/mybuddy build --build-base /home/robotics/ros2_cobot/build/mybuddy/build install --record /home/robotics/ros2_cobot/build/mybuddy/install.log --single-version-externally-managed install_data
[4.693s] DEBUG:colcon.colcon_core.event_handler.log_command:Invoking command in '/home/robotics/ros2_cobot/src/mycobot_ros2/mycobot_280/mycobot_280': AMENT_PREFIX_PATH=/home/robotics/ros2_cobot/install/mycobot_description:/home/robotics/ros2_cobot/install/ultraarm:/home/robotics/ros2_cobot/install/traj_scripts:/home/robotics/ros2_cobot/install/mypalletizer_communication:/home/robotics/ros2_cobot/install/mypalletizer_interfaces:/home/robotics/ros2_cobot/install/mypalletizer_260_pi:/home/robotics/ros2_cobot/install/mypalletizer_260:/home/robotics/ros2_cobot/install/myarm_m750:/home/robotics/ros2_cobot/install/myarm_c650:/home/robotics/ros2_cobot/install/mycobot_communication:/home/robotics/ros2_cobot/install/mecharm_communication:/home/robotics/ros2_cobot/install/mycobot_interfaces:/home/robotics/ros2_cobot/install/mycobot_630:/home/robotics/ros2_cobot/install/mycobot_600:/home/robotics/ros2_cobot/install/mycobot_320pi:/home/robotics/ros2_cobot/install/mycobot_320_riscv:/home/robotics/ros2_cobot/install/mycobot_320:/home/robotics/ros2_cobot/install/mycobot_280rdkx5_moveit2:/home/robotics/ros2_cobot/install/mycobot_280pi:/home/robotics/ros2_cobot/install/mycobot_280jn:/home/robotics/ros2_cobot/install/mycobot_280arduino_moveit2:/home/robotics/ros2_cobot/install/mycobot_280_x3pi:/home/robotics/ros2_cobot/install/mycobot_280_riscv:/home/robotics/ros2_cobot/install/mycobot_280_rdkx5:/home/robotics/ros2_cobot/install/mycobot_280_moveit2_control:/home/robotics/ros2_cobot/install/mycobot_280_moveit2:/home/robotics/ros2_cobot/install/mycobot_280_arduino:/home/robotics/ros2_cobot/install/mycobot_280:/home/robotics/ros2_cobot/install/mybuddy:/home/robotics/ros2_cobot/install/myarm_300:/home/robotics/ros2_cobot/install/mecharm_pi:/home/robotics/ros2_cobot/install/mecharm:/home/robotics/ros2_cobot/install/mecharm_interfaces:/opt/ros/humble PYTHONPATH=/home/robotics/ros2_cobot/build/mycobot_280/prefix_override:/usr/lib/python3/dist-packages/colcon_core/task/python/colcon_distutils_commands:/home/robotics/ros2_cobot/install/mycobot_280/lib/python3.10/site-packages:/home/robotics/ros2_cobot/install/mycobot_description/lib/python3.10/site-packages:/home/robotics/ros2_cobot/install/ultraarm/lib/python3.10/site-packages:/home/robotics/ros2_cobot/install/traj_scripts/local/lib/python3.10/dist-packages:/home/robotics/ros2_cobot/install/mypalletizer_communication/lib/python3.10/site-packages:/home/robotics/ros2_cobot/install/mypalletizer_interfaces/local/lib/python3.10/dist-packages:/home/robotics/ros2_cobot/install/mypalletizer_260_pi/lib/python3.10/site-packages:/home/robotics/ros2_cobot/install/mypalletizer_260/lib/python3.10/site-packages:/home/robotics/ros2_cobot/install/myarm_m750/lib/python3.10/site-packages:/home/robotics/ros2_cobot/install/myarm_c650/lib/python3.10/site-packages:/home/robotics/ros2_cobot/install/mycobot_communication/lib/python3.10/site-packages:/home/robotics/ros2_cobot/install/mecharm_communication/lib/python3.10/site-packages:/home/robotics/ros2_cobot/install/mycobot_interfaces/local/lib/python3.10/dist-packages:/home/robotics/ros2_cobot/install/mycobot_630/lib/python3.10/site-packages:/home/robotics/ros2_cobot/install/mycobot_600/lib/python3.10/site-packages:/home/robotics/ros2_cobot/install/mycobot_320pi/lib/python3.10/site-packages:/home/robotics/ros2_cobot/install/mycobot_320_riscv/lib/python3.10/site-packages:/home/robotics/ros2_cobot/install/mycobot_320/lib/python3.10/site-packages:/home/robotics/ros2_cobot/install/mycobot_280pi/lib/python3.10/site-packages:/home/robotics/ros2_cobot/install/mycobot_280jn/lib/python3.10/site-packages:/home/robotics/ros2_cobot/install/mycobot_280_x3pi/lib/python3.10/site-packages:/home/robotics/ros2_cobot/install/mycobot_280_riscv/lib/python3.10/site-packages:/home/robotics/ros2_cobot/install/mycobot_280_rdkx5/lib/python3.10/site-packages:/home/robotics/ros2_cobot/install/mycobot_280_moveit2_control/lib/python3.10/site-packages:/home/robotics/ros2_cobot/install/mycobot_280_arduino/lib/python3.10/site-packages:/home/robotics/ros2_cobot/install/mycobot_280/lib/python3.10/site-packages:/home/robotics/ros2_cobot/install/mybuddy/lib/python3.10/site-packages:/home/robotics/ros2_cobot/install/myarm_300/lib/python3.10/site-packages:/home/robotics/ros2_cobot/install/mecharm_pi/lib/python3.10/site-packages:/home/robotics/ros2_cobot/install/mecharm/lib/python3.10/site-packages:/home/robotics/ros2_cobot/install/mecharm_interfaces/local/lib/python3.10/dist-packages:/opt/ros/humble/lib/python3.10/site-packages:/opt/ros/humble/local/lib/python3.10/dist-packages /usr/bin/python3 -W ignore:setup.py install is deprecated -W ignore:easy_install command is deprecated setup.py egg_info --egg-base ../../../../build/mycobot_280 build --build-base /home/robotics/ros2_cobot/build/mycobot_280/build install --record /home/robotics/ros2_cobot/build/mycobot_280/install.log --single-version-externally-managed install_data
[4.696s] DEBUG:colcon.colcon_core.event_handler.log_command:Invoking command in '/home/robotics/ros2_cobot/src/mycobot_ros2/mycobot_280/mycobot_280_x3pi': AMENT_PREFIX_PATH=/home/robotics/ros2_cobot/install/mycobot_description:/home/robotics/ros2_cobot/install/ultraarm:/home/robotics/ros2_cobot/install/traj_scripts:/home/robotics/ros2_cobot/install/mypalletizer_communication:/home/robotics/ros2_cobot/install/mypalletizer_interfaces:/home/robotics/ros2_cobot/install/mypalletizer_260_pi:/home/robotics/ros2_cobot/install/mypalletizer_260:/home/robotics/ros2_cobot/install/myarm_m750:/home/robotics/ros2_cobot/install/myarm_c650:/home/robotics/ros2_cobot/install/mycobot_communication:/home/robotics/ros2_cobot/install/mecharm_communication:/home/robotics/ros2_cobot/install/mycobot_interfaces:/home/robotics/ros2_cobot/install/mycobot_630:/home/robotics/ros2_cobot/install/mycobot_600:/home/robotics/ros2_cobot/install/mycobot_320pi:/home/robotics/ros2_cobot/install/mycobot_320_riscv:/home/robotics/ros2_cobot/install/mycobot_320:/home/robotics/ros2_cobot/install/mycobot_280rdkx5_moveit2:/home/robotics/ros2_cobot/install/mycobot_280pi:/home/robotics/ros2_cobot/install/mycobot_280jn:/home/robotics/ros2_cobot/install/mycobot_280arduino_moveit2:/home/robotics/ros2_cobot/install/mycobot_280_x3pi:/home/robotics/ros2_cobot/install/mycobot_280_riscv:/home/robotics/ros2_cobot/install/mycobot_280_rdkx5:/home/robotics/ros2_cobot/install/mycobot_280_moveit2_control:/home/robotics/ros2_cobot/install/mycobot_280_moveit2:/home/robotics/ros2_cobot/install/mycobot_280_arduino:/home/robotics/ros2_cobot/install/mycobot_280:/home/robotics/ros2_cobot/install/mybuddy:/home/robotics/ros2_cobot/install/myarm_300:/home/robotics/ros2_cobot/install/mecharm_pi:/home/robotics/ros2_cobot/install/mecharm:/home/robotics/ros2_cobot/install/mecharm_interfaces:/opt/ros/humble PYTHONPATH=/home/robotics/ros2_cobot/build/mycobot_280_x3pi/prefix_override:/usr/lib/python3/dist-packages/colcon_core/task/python/colcon_distutils_commands:/home/robotics/ros2_cobot/install/mycobot_280_x3pi/lib/python3.10/site-packages:/home/robotics/ros2_cobot/install/mycobot_description/lib/python3.10/site-packages:/home/robotics/ros2_cobot/install/ultraarm/lib/python3.10/site-packages:/home/robotics/ros2_cobot/install/traj_scripts/local/lib/python3.10/dist-packages:/home/robotics/ros2_cobot/install/mypalletizer_communication/lib/python3.10/site-packages:/home/robotics/ros2_cobot/install/mypalletizer_interfaces/local/lib/python3.10/dist-packages:/home/robotics/ros2_cobot/install/mypalletizer_260_pi/lib/python3.10/site-packages:/home/robotics/ros2_cobot/install/mypalletizer_260/lib/python3.10/site-packages:/home/robotics/ros2_cobot/install/myarm_m750/lib/python3.10/site-packages:/home/robotics/ros2_cobot/install/myarm_c650/lib/python3.10/site-packages:/home/robotics/ros2_cobot/install/mycobot_communication/lib/python3.10/site-packages:/home/robotics/ros2_cobot/install/mecharm_communication/lib/python3.10/site-packages:/home/robotics/ros2_cobot/install/mycobot_interfaces/local/lib/python3.10/dist-packages:/home/robotics/ros2_cobot/install/mycobot_630/lib/python3.10/site-packages:/home/robotics/ros2_cobot/install/mycobot_600/lib/python3.10/site-packages:/home/robotics/ros2_cobot/install/mycobot_320pi/lib/python3.10/site-packages:/home/robotics/ros2_cobot/install/mycobot_320_riscv/lib/python3.10/site-packages:/home/robotics/ros2_cobot/install/mycobot_320/lib/python3.10/site-packages:/home/robotics/ros2_cobot/install/mycobot_280pi/lib/python3.10/site-packages:/home/robotics/ros2_cobot/install/mycobot_280jn/lib/python3.10/site-packages:/home/robotics/ros2_cobot/install/mycobot_280_x3pi/lib/python3.10/site-packages:/home/robotics/ros2_cobot/install/mycobot_280_riscv/lib/python3.10/site-packages:/home/robotics/ros2_cobot/install/mycobot_280_rdkx5/lib/python3.10/site-packages:/home/robotics/ros2_cobot/install/mycobot_280_moveit2_control/lib/python3.10/site-packages:/home/robotics/ros2_cobot/install/mycobot_280_arduino/lib/python3.10/site-packages:/home/robotics/ros2_cobot/install/mycobot_280/lib/python3.10/site-packages:/home/robotics/ros2_cobot/install/mybuddy/lib/python3.10/site-packages:/home/robotics/ros2_cobot/install/myarm_300/lib/python3.10/site-packages:/home/robotics/ros2_cobot/install/mecharm_pi/lib/python3.10/site-packages:/home/robotics/ros2_cobot/install/mecharm/lib/python3.10/site-packages:/home/robotics/ros2_cobot/install/mecharm_interfaces/local/lib/python3.10/dist-packages:/opt/ros/humble/lib/python3.10/site-packages:/opt/ros/humble/local/lib/python3.10/dist-packages /usr/bin/python3 -W ignore:setup.py install is deprecated -W ignore:easy_install command is deprecated setup.py egg_info --egg-base ../../../../build/mycobot_280_x3pi build --build-base /home/robotics/ros2_cobot/build/mycobot_280_x3pi/build install --record /home/robotics/ros2_cobot/build/mycobot_280_x3pi/install.log --single-version-externally-managed install_data
[4.700s] INFO:colcon.colcon_ros.task.ament_python.build:Building ROS package in '/home/robotics/ros2_cobot/src/mycobot_ros2/mycobot_320/mycobot_320_riscv' with build type 'ament_python'
[4.700s] Level 1:colcon.colcon_core.shell:create_environment_hook('mycobot_320_riscv', 'ament_prefix_path')
[4.701s] INFO:colcon.colcon_core.shell:Creating environment hook '/home/robotics/ros2_cobot/install/mycobot_320_riscv/share/mycobot_320_riscv/hook/ament_prefix_path.ps1'
[4.701s] DEBUG:colcon.colcon_core.event_handler.log_command:Invoking command in '/home/robotics/ros2_cobot/src/mycobot_ros2/mycobot_280/mycobot_280jn': AMENT_PREFIX_PATH=/home/robotics/ros2_cobot/install/mycobot_description:/home/robotics/ros2_cobot/install/ultraarm:/home/robotics/ros2_cobot/install/traj_scripts:/home/robotics/ros2_cobot/install/mypalletizer_communication:/home/robotics/ros2_cobot/install/mypalletizer_interfaces:/home/robotics/ros2_cobot/install/mypalletizer_260_pi:/home/robotics/ros2_cobot/install/mypalletizer_260:/home/robotics/ros2_cobot/install/myarm_m750:/home/robotics/ros2_cobot/install/myarm_c650:/home/robotics/ros2_cobot/install/mycobot_communication:/home/robotics/ros2_cobot/install/mecharm_communication:/home/robotics/ros2_cobot/install/mycobot_interfaces:/home/robotics/ros2_cobot/install/mycobot_630:/home/robotics/ros2_cobot/install/mycobot_600:/home/robotics/ros2_cobot/install/mycobot_320pi:/home/robotics/ros2_cobot/install/mycobot_320_riscv:/home/robotics/ros2_cobot/install/mycobot_320:/home/robotics/ros2_cobot/install/mycobot_280rdkx5_moveit2:/home/robotics/ros2_cobot/install/mycobot_280pi:/home/robotics/ros2_cobot/install/mycobot_280jn:/home/robotics/ros2_cobot/install/mycobot_280arduino_moveit2:/home/robotics/ros2_cobot/install/mycobot_280_x3pi:/home/robotics/ros2_cobot/install/mycobot_280_riscv:/home/robotics/ros2_cobot/install/mycobot_280_rdkx5:/home/robotics/ros2_cobot/install/mycobot_280_moveit2_control:/home/robotics/ros2_cobot/install/mycobot_280_moveit2:/home/robotics/ros2_cobot/install/mycobot_280_arduino:/home/robotics/ros2_cobot/install/mycobot_280:/home/robotics/ros2_cobot/install/mybuddy:/home/robotics/ros2_cobot/install/myarm_300:/home/robotics/ros2_cobot/install/mecharm_pi:/home/robotics/ros2_cobot/install/mecharm:/home/robotics/ros2_cobot/install/mecharm_interfaces:/opt/ros/humble PYTHONPATH=/home/robotics/ros2_cobot/build/mycobot_280jn/prefix_override:/usr/lib/python3/dist-packages/colcon_core/task/python/colcon_distutils_commands:/home/robotics/ros2_cobot/install/mycobot_280jn/lib/python3.10/site-packages:/home/robotics/ros2_cobot/install/mycobot_description/lib/python3.10/site-packages:/home/robotics/ros2_cobot/install/ultraarm/lib/python3.10/site-packages:/home/robotics/ros2_cobot/install/traj_scripts/local/lib/python3.10/dist-packages:/home/robotics/ros2_cobot/install/mypalletizer_communication/lib/python3.10/site-packages:/home/robotics/ros2_cobot/install/mypalletizer_interfaces/local/lib/python3.10/dist-packages:/home/robotics/ros2_cobot/install/mypalletizer_260_pi/lib/python3.10/site-packages:/home/robotics/ros2_cobot/install/mypalletizer_260/lib/python3.10/site-packages:/home/robotics/ros2_cobot/install/myarm_m750/lib/python3.10/site-packages:/home/robotics/ros2_cobot/install/myarm_c650/lib/python3.10/site-packages:/home/robotics/ros2_cobot/install/mycobot_communication/lib/python3.10/site-packages:/home/robotics/ros2_cobot/install/mecharm_communication/lib/python3.10/site-packages:/home/robotics/ros2_cobot/install/mycobot_interfaces/local/lib/python3.10/dist-packages:/home/robotics/ros2_cobot/install/mycobot_630/lib/python3.10/site-packages:/home/robotics/ros2_cobot/install/mycobot_600/lib/python3.10/site-packages:/home/robotics/ros2_cobot/install/mycobot_320pi/lib/python3.10/site-packages:/home/robotics/ros2_cobot/install/mycobot_320_riscv/lib/python3.10/site-packages:/home/robotics/ros2_cobot/install/mycobot_320/lib/python3.10/site-packages:/home/robotics/ros2_cobot/install/mycobot_280pi/lib/python3.10/site-packages:/home/robotics/ros2_cobot/install/mycobot_280jn/lib/python3.10/site-packages:/home/robotics/ros2_cobot/install/mycobot_280_x3pi/lib/python3.10/site-packages:/home/robotics/ros2_cobot/install/mycobot_280_riscv/lib/python3.10/site-packages:/home/robotics/ros2_cobot/install/mycobot_280_rdkx5/lib/python3.10/site-packages:/home/robotics/ros2_cobot/install/mycobot_280_moveit2_control/lib/python3.10/site-packages:/home/robotics/ros2_cobot/install/mycobot_280_arduino/lib/python3.10/site-packages:/home/robotics/ros2_cobot/install/mycobot_280/lib/python3.10/site-packages:/home/robotics/ros2_cobot/install/mybuddy/lib/python3.10/site-packages:/home/robotics/ros2_cobot/install/myarm_300/lib/python3.10/site-packages:/home/robotics/ros2_cobot/install/mecharm_pi/lib/python3.10/site-packages:/home/robotics/ros2_cobot/install/mecharm/lib/python3.10/site-packages:/home/robotics/ros2_cobot/install/mecharm_interfaces/local/lib/python3.10/dist-packages:/opt/ros/humble/lib/python3.10/site-packages:/opt/ros/humble/local/lib/python3.10/dist-packages /usr/bin/python3 -W ignore:setup.py install is deprecated -W ignore:easy_install command is deprecated setup.py egg_info --egg-base ../../../../build/mycobot_280jn build --build-base /home/robotics/ros2_cobot/build/mycobot_280jn/build install --record /home/robotics/ros2_cobot/build/mycobot_280jn/install.log --single-version-externally-managed install_data
[4.701s] INFO:colcon.colcon_core.shell:Creating environment descriptor '/home/robotics/ros2_cobot/install/mycobot_320_riscv/share/mycobot_320_riscv/hook/ament_prefix_path.dsv'
[4.702s] INFO:colcon.colcon_core.shell:Creating environment hook '/home/robotics/ros2_cobot/install/mycobot_320_riscv/share/mycobot_320_riscv/hook/ament_prefix_path.sh'
[4.703s] INFO:colcon.colcon_core.shell:Skip shell extension 'powershell' for command environment: Not usable outside of PowerShell
[4.703s] DEBUG:colcon.colcon_core.shell:Skip shell extension 'dsv' for command environment
[4.704s] DEBUG:colcon.colcon_core.event_handler.log_command:Invoking command in '/home/robotics/ros2_cobot/src/mycobot_ros2/mecharm/mecharm': AMENT_PREFIX_PATH=/home/robotics/ros2_cobot/install/mycobot_description:/home/robotics/ros2_cobot/install/ultraarm:/home/robotics/ros2_cobot/install/traj_scripts:/home/robotics/ros2_cobot/install/mypalletizer_communication:/home/robotics/ros2_cobot/install/mypalletizer_interfaces:/home/robotics/ros2_cobot/install/mypalletizer_260_pi:/home/robotics/ros2_cobot/install/mypalletizer_260:/home/robotics/ros2_cobot/install/myarm_m750:/home/robotics/ros2_cobot/install/myarm_c650:/home/robotics/ros2_cobot/install/mycobot_communication:/home/robotics/ros2_cobot/install/mecharm_communication:/home/robotics/ros2_cobot/install/mycobot_interfaces:/home/robotics/ros2_cobot/install/mycobot_630:/home/robotics/ros2_cobot/install/mycobot_600:/home/robotics/ros2_cobot/install/mycobot_320pi:/home/robotics/ros2_cobot/install/mycobot_320_riscv:/home/robotics/ros2_cobot/install/mycobot_320:/home/robotics/ros2_cobot/install/mycobot_280rdkx5_moveit2:/home/robotics/ros2_cobot/install/mycobot_280pi:/home/robotics/ros2_cobot/install/mycobot_280jn:/home/robotics/ros2_cobot/install/mycobot_280arduino_moveit2:/home/robotics/ros2_cobot/install/mycobot_280_x3pi:/home/robotics/ros2_cobot/install/mycobot_280_riscv:/home/robotics/ros2_cobot/install/mycobot_280_rdkx5:/home/robotics/ros2_cobot/install/mycobot_280_moveit2_control:/home/robotics/ros2_cobot/install/mycobot_280_moveit2:/home/robotics/ros2_cobot/install/mycobot_280_arduino:/home/robotics/ros2_cobot/install/mycobot_280:/home/robotics/ros2_cobot/install/mybuddy:/home/robotics/ros2_cobot/install/myarm_300:/home/robotics/ros2_cobot/install/mecharm_pi:/home/robotics/ros2_cobot/install/mecharm:/home/robotics/ros2_cobot/install/mecharm_interfaces:/opt/ros/humble PYTHONPATH=/home/robotics/ros2_cobot/build/mecharm/prefix_override:/usr/lib/python3/dist-packages/colcon_core/task/python/colcon_distutils_commands:/home/robotics/ros2_cobot/install/mecharm/lib/python3.10/site-packages:/home/robotics/ros2_cobot/install/mycobot_description/lib/python3.10/site-packages:/home/robotics/ros2_cobot/install/ultraarm/lib/python3.10/site-packages:/home/robotics/ros2_cobot/install/traj_scripts/local/lib/python3.10/dist-packages:/home/robotics/ros2_cobot/install/mypalletizer_communication/lib/python3.10/site-packages:/home/robotics/ros2_cobot/install/mypalletizer_interfaces/local/lib/python3.10/dist-packages:/home/robotics/ros2_cobot/install/mypalletizer_260_pi/lib/python3.10/site-packages:/home/robotics/ros2_cobot/install/mypalletizer_260/lib/python3.10/site-packages:/home/robotics/ros2_cobot/install/myarm_m750/lib/python3.10/site-packages:/home/robotics/ros2_cobot/install/myarm_c650/lib/python3.10/site-packages:/home/robotics/ros2_cobot/install/mycobot_communication/lib/python3.10/site-packages:/home/robotics/ros2_cobot/install/mecharm_communication/lib/python3.10/site-packages:/home/robotics/ros2_cobot/install/mycobot_interfaces/local/lib/python3.10/dist-packages:/home/robotics/ros2_cobot/install/mycobot_630/lib/python3.10/site-packages:/home/robotics/ros2_cobot/install/mycobot_600/lib/python3.10/site-packages:/home/robotics/ros2_cobot/install/mycobot_320pi/lib/python3.10/site-packages:/home/robotics/ros2_cobot/install/mycobot_320_riscv/lib/python3.10/site-packages:/home/robotics/ros2_cobot/install/mycobot_320/lib/python3.10/site-packages:/home/robotics/ros2_cobot/install/mycobot_280pi/lib/python3.10/site-packages:/home/robotics/ros2_cobot/install/mycobot_280jn/lib/python3.10/site-packages:/home/robotics/ros2_cobot/install/mycobot_280_x3pi/lib/python3.10/site-packages:/home/robotics/ros2_cobot/install/mycobot_280_riscv/lib/python3.10/site-packages:/home/robotics/ros2_cobot/install/mycobot_280_rdkx5/lib/python3.10/site-packages:/home/robotics/ros2_cobot/install/mycobot_280_moveit2_control/lib/python3.10/site-packages:/home/robotics/ros2_cobot/install/mycobot_280_arduino/lib/python3.10/site-packages:/home/robotics/ros2_cobot/install/mycobot_280/lib/python3.10/site-packages:/home/robotics/ros2_cobot/install/mybuddy/lib/python3.10/site-packages:/home/robotics/ros2_cobot/install/myarm_300/lib/python3.10/site-packages:/home/robotics/ros2_cobot/install/mecharm_pi/lib/python3.10/site-packages:/home/robotics/ros2_cobot/install/mecharm/lib/python3.10/site-packages:/home/robotics/ros2_cobot/install/mecharm_interfaces/local/lib/python3.10/dist-packages:/opt/ros/humble/lib/python3.10/site-packages:/opt/ros/humble/local/lib/python3.10/dist-packages /usr/bin/python3 -W ignore:setup.py install is deprecated -W ignore:easy_install command is deprecated setup.py egg_info --egg-base ../../../../build/mecharm build --build-base /home/robotics/ros2_cobot/build/mecharm/build install --record /home/robotics/ros2_cobot/build/mecharm/install.log --single-version-externally-managed install_data
[4.706s] DEBUG:colcon.colcon_core.event_handler.log_command:Invoking command in '/home/robotics/ros2_cobot/src/mycobot_ros2/mycobot_280/mycobot_280_arduino': AMENT_PREFIX_PATH=/home/robotics/ros2_cobot/install/mycobot_description:/home/robotics/ros2_cobot/install/ultraarm:/home/robotics/ros2_cobot/install/traj_scripts:/home/robotics/ros2_cobot/install/mypalletizer_communication:/home/robotics/ros2_cobot/install/mypalletizer_interfaces:/home/robotics/ros2_cobot/install/mypalletizer_260_pi:/home/robotics/ros2_cobot/install/mypalletizer_260:/home/robotics/ros2_cobot/install/myarm_m750:/home/robotics/ros2_cobot/install/myarm_c650:/home/robotics/ros2_cobot/install/mycobot_communication:/home/robotics/ros2_cobot/install/mecharm_communication:/home/robotics/ros2_cobot/install/mycobot_interfaces:/home/robotics/ros2_cobot/install/mycobot_630:/home/robotics/ros2_cobot/install/mycobot_600:/home/robotics/ros2_cobot/install/mycobot_320pi:/home/robotics/ros2_cobot/install/mycobot_320_riscv:/home/robotics/ros2_cobot/install/mycobot_320:/home/robotics/ros2_cobot/install/mycobot_280rdkx5_moveit2:/home/robotics/ros2_cobot/install/mycobot_280pi:/home/robotics/ros2_cobot/install/mycobot_280jn:/home/robotics/ros2_cobot/install/mycobot_280arduino_moveit2:/home/robotics/ros2_cobot/install/mycobot_280_x3pi:/home/robotics/ros2_cobot/install/mycobot_280_riscv:/home/robotics/ros2_cobot/install/mycobot_280_rdkx5:/home/robotics/ros2_cobot/install/mycobot_280_moveit2_control:/home/robotics/ros2_cobot/install/mycobot_280_moveit2:/home/robotics/ros2_cobot/install/mycobot_280_arduino:/home/robotics/ros2_cobot/install/mycobot_280:/home/robotics/ros2_cobot/install/mybuddy:/home/robotics/ros2_cobot/install/myarm_300:/home/robotics/ros2_cobot/install/mecharm_pi:/home/robotics/ros2_cobot/install/mecharm:/home/robotics/ros2_cobot/install/mecharm_interfaces:/opt/ros/humble PYTHONPATH=/home/robotics/ros2_cobot/build/mycobot_280_arduino/prefix_override:/usr/lib/python3/dist-packages/colcon_core/task/python/colcon_distutils_commands:/home/robotics/ros2_cobot/install/mycobot_280_arduino/lib/python3.10/site-packages:/home/robotics/ros2_cobot/install/mycobot_description/lib/python3.10/site-packages:/home/robotics/ros2_cobot/install/ultraarm/lib/python3.10/site-packages:/home/robotics/ros2_cobot/install/traj_scripts/local/lib/python3.10/dist-packages:/home/robotics/ros2_cobot/install/mypalletizer_communication/lib/python3.10/site-packages:/home/robotics/ros2_cobot/install/mypalletizer_interfaces/local/lib/python3.10/dist-packages:/home/robotics/ros2_cobot/install/mypalletizer_260_pi/lib/python3.10/site-packages:/home/robotics/ros2_cobot/install/mypalletizer_260/lib/python3.10/site-packages:/home/robotics/ros2_cobot/install/myarm_m750/lib/python3.10/site-packages:/home/robotics/ros2_cobot/install/myarm_c650/lib/python3.10/site-packages:/home/robotics/ros2_cobot/install/mycobot_communication/lib/python3.10/site-packages:/home/robotics/ros2_cobot/install/mecharm_communication/lib/python3.10/site-packages:/home/robotics/ros2_cobot/install/mycobot_interfaces/local/lib/python3.10/dist-packages:/home/robotics/ros2_cobot/install/mycobot_630/lib/python3.10/site-packages:/home/robotics/ros2_cobot/install/mycobot_600/lib/python3.10/site-packages:/home/robotics/ros2_cobot/install/mycobot_320pi/lib/python3.10/site-packages:/home/robotics/ros2_cobot/install/mycobot_320_riscv/lib/python3.10/site-packages:/home/robotics/ros2_cobot/install/mycobot_320/lib/python3.10/site-packages:/home/robotics/ros2_cobot/install/mycobot_280pi/lib/python3.10/site-packages:/home/robotics/ros2_cobot/install/mycobot_280jn/lib/python3.10/site-packages:/home/robotics/ros2_cobot/install/mycobot_280_x3pi/lib/python3.10/site-packages:/home/robotics/ros2_cobot/install/mycobot_280_riscv/lib/python3.10/site-packages:/home/robotics/ros2_cobot/install/mycobot_280_rdkx5/lib/python3.10/site-packages:/home/robotics/ros2_cobot/install/mycobot_280_moveit2_control/lib/python3.10/site-packages:/home/robotics/ros2_cobot/install/mycobot_280_arduino/lib/python3.10/site-packages:/home/robotics/ros2_cobot/install/mycobot_280/lib/python3.10/site-packages:/home/robotics/ros2_cobot/install/mybuddy/lib/python3.10/site-packages:/home/robotics/ros2_cobot/install/myarm_300/lib/python3.10/site-packages:/home/robotics/ros2_cobot/install/mecharm_pi/lib/python3.10/site-packages:/home/robotics/ros2_cobot/install/mecharm/lib/python3.10/site-packages:/home/robotics/ros2_cobot/install/mecharm_interfaces/local/lib/python3.10/dist-packages:/opt/ros/humble/lib/python3.10/site-packages:/opt/ros/humble/local/lib/python3.10/dist-packages /usr/bin/python3 -W ignore:setup.py install is deprecated -W ignore:easy_install command is deprecated setup.py egg_info --egg-base ../../../../build/mycobot_280_arduino build --build-base /home/robotics/ros2_cobot/build/mycobot_280_arduino/build install --record /home/robotics/ros2_cobot/build/mycobot_280_arduino/install.log --single-version-externally-managed install_data
[4.708s] DEBUG:colcon.colcon_core.event_handler.log_command:Invoking command in '/home/robotics/ros2_cobot/src/mycobot_ros2/mycobot_280/mycobot_280_riscv': AMENT_PREFIX_PATH=/home/robotics/ros2_cobot/install/mycobot_description:/home/robotics/ros2_cobot/install/ultraarm:/home/robotics/ros2_cobot/install/traj_scripts:/home/robotics/ros2_cobot/install/mypalletizer_communication:/home/robotics/ros2_cobot/install/mypalletizer_interfaces:/home/robotics/ros2_cobot/install/mypalletizer_260_pi:/home/robotics/ros2_cobot/install/mypalletizer_260:/home/robotics/ros2_cobot/install/myarm_m750:/home/robotics/ros2_cobot/install/myarm_c650:/home/robotics/ros2_cobot/install/mycobot_communication:/home/robotics/ros2_cobot/install/mecharm_communication:/home/robotics/ros2_cobot/install/mycobot_interfaces:/home/robotics/ros2_cobot/install/mycobot_630:/home/robotics/ros2_cobot/install/mycobot_600:/home/robotics/ros2_cobot/install/mycobot_320pi:/home/robotics/ros2_cobot/install/mycobot_320_riscv:/home/robotics/ros2_cobot/install/mycobot_320:/home/robotics/ros2_cobot/install/mycobot_280rdkx5_moveit2:/home/robotics/ros2_cobot/install/mycobot_280pi:/home/robotics/ros2_cobot/install/mycobot_280jn:/home/robotics/ros2_cobot/install/mycobot_280arduino_moveit2:/home/robotics/ros2_cobot/install/mycobot_280_x3pi:/home/robotics/ros2_cobot/install/mycobot_280_riscv:/home/robotics/ros2_cobot/install/mycobot_280_rdkx5:/home/robotics/ros2_cobot/install/mycobot_280_moveit2_control:/home/robotics/ros2_cobot/install/mycobot_280_moveit2:/home/robotics/ros2_cobot/install/mycobot_280_arduino:/home/robotics/ros2_cobot/install/mycobot_280:/home/robotics/ros2_cobot/install/mybuddy:/home/robotics/ros2_cobot/install/myarm_300:/home/robotics/ros2_cobot/install/mecharm_pi:/home/robotics/ros2_cobot/install/mecharm:/home/robotics/ros2_cobot/install/mecharm_interfaces:/opt/ros/humble PYTHONPATH=/home/robotics/ros2_cobot/build/mycobot_280_riscv/prefix_override:/usr/lib/python3/dist-packages/colcon_core/task/python/colcon_distutils_commands:/home/robotics/ros2_cobot/install/mycobot_280_riscv/lib/python3.10/site-packages:/home/robotics/ros2_cobot/install/mycobot_description/lib/python3.10/site-packages:/home/robotics/ros2_cobot/install/ultraarm/lib/python3.10/site-packages:/home/robotics/ros2_cobot/install/traj_scripts/local/lib/python3.10/dist-packages:/home/robotics/ros2_cobot/install/mypalletizer_communication/lib/python3.10/site-packages:/home/robotics/ros2_cobot/install/mypalletizer_interfaces/local/lib/python3.10/dist-packages:/home/robotics/ros2_cobot/install/mypalletizer_260_pi/lib/python3.10/site-packages:/home/robotics/ros2_cobot/install/mypalletizer_260/lib/python3.10/site-packages:/home/robotics/ros2_cobot/install/myarm_m750/lib/python3.10/site-packages:/home/robotics/ros2_cobot/install/myarm_c650/lib/python3.10/site-packages:/home/robotics/ros2_cobot/install/mycobot_communication/lib/python3.10/site-packages:/home/robotics/ros2_cobot/install/mecharm_communication/lib/python3.10/site-packages:/home/robotics/ros2_cobot/install/mycobot_interfaces/local/lib/python3.10/dist-packages:/home/robotics/ros2_cobot/install/mycobot_630/lib/python3.10/site-packages:/home/robotics/ros2_cobot/install/mycobot_600/lib/python3.10/site-packages:/home/robotics/ros2_cobot/install/mycobot_320pi/lib/python3.10/site-packages:/home/robotics/ros2_cobot/install/mycobot_320_riscv/lib/python3.10/site-packages:/home/robotics/ros2_cobot/install/mycobot_320/lib/python3.10/site-packages:/home/robotics/ros2_cobot/install/mycobot_280pi/lib/python3.10/site-packages:/home/robotics/ros2_cobot/install/mycobot_280jn/lib/python3.10/site-packages:/home/robotics/ros2_cobot/install/mycobot_280_x3pi/lib/python3.10/site-packages:/home/robotics/ros2_cobot/install/mycobot_280_riscv/lib/python3.10/site-packages:/home/robotics/ros2_cobot/install/mycobot_280_rdkx5/lib/python3.10/site-packages:/home/robotics/ros2_cobot/install/mycobot_280_moveit2_control/lib/python3.10/site-packages:/home/robotics/ros2_cobot/install/mycobot_280_arduino/lib/python3.10/site-packages:/home/robotics/ros2_cobot/install/mycobot_280/lib/python3.10/site-packages:/home/robotics/ros2_cobot/install/mybuddy/lib/python3.10/site-packages:/home/robotics/ros2_cobot/install/myarm_300/lib/python3.10/site-packages:/home/robotics/ros2_cobot/install/mecharm_pi/lib/python3.10/site-packages:/home/robotics/ros2_cobot/install/mecharm/lib/python3.10/site-packages:/home/robotics/ros2_cobot/install/mecharm_interfaces/local/lib/python3.10/dist-packages:/opt/ros/humble/lib/python3.10/site-packages:/opt/ros/humble/local/lib/python3.10/dist-packages /usr/bin/python3 -W ignore:setup.py install is deprecated -W ignore:easy_install command is deprecated setup.py egg_info --egg-base ../../../../build/mycobot_280_riscv build --build-base /home/robotics/ros2_cobot/build/mycobot_280_riscv/build install --record /home/robotics/ros2_cobot/build/mycobot_280_riscv/install.log --single-version-externally-managed install_data
[4.714s] DEBUG:colcon.colcon_core.event_handler.log_command:Invoking command in '/home/robotics/ros2_cobot/src/mycobot_ros2/mycobot_280/mycobot_280_moveit2_control': AMENT_PREFIX_PATH=/home/robotics/ros2_cobot/install/mycobot_description:/home/robotics/ros2_cobot/install/ultraarm:/home/robotics/ros2_cobot/install/traj_scripts:/home/robotics/ros2_cobot/install/mypalletizer_communication:/home/robotics/ros2_cobot/install/mypalletizer_interfaces:/home/robotics/ros2_cobot/install/mypalletizer_260_pi:/home/robotics/ros2_cobot/install/mypalletizer_260:/home/robotics/ros2_cobot/install/myarm_m750:/home/robotics/ros2_cobot/install/myarm_c650:/home/robotics/ros2_cobot/install/mycobot_communication:/home/robotics/ros2_cobot/install/mecharm_communication:/home/robotics/ros2_cobot/install/mycobot_interfaces:/home/robotics/ros2_cobot/install/mycobot_630:/home/robotics/ros2_cobot/install/mycobot_600:/home/robotics/ros2_cobot/install/mycobot_320pi:/home/robotics/ros2_cobot/install/mycobot_320_riscv:/home/robotics/ros2_cobot/install/mycobot_320:/home/robotics/ros2_cobot/install/mycobot_280rdkx5_moveit2:/home/robotics/ros2_cobot/install/mycobot_280pi:/home/robotics/ros2_cobot/install/mycobot_280jn:/home/robotics/ros2_cobot/install/mycobot_280arduino_moveit2:/home/robotics/ros2_cobot/install/mycobot_280_x3pi:/home/robotics/ros2_cobot/install/mycobot_280_riscv:/home/robotics/ros2_cobot/install/mycobot_280_rdkx5:/home/robotics/ros2_cobot/install/mycobot_280_moveit2_control:/home/robotics/ros2_cobot/install/mycobot_280_moveit2:/home/robotics/ros2_cobot/install/mycobot_280_arduino:/home/robotics/ros2_cobot/install/mycobot_280:/home/robotics/ros2_cobot/install/mybuddy:/home/robotics/ros2_cobot/install/myarm_300:/home/robotics/ros2_cobot/install/mecharm_pi:/home/robotics/ros2_cobot/install/mecharm:/home/robotics/ros2_cobot/install/mecharm_interfaces:/opt/ros/humble PYTHONPATH=/home/robotics/ros2_cobot/build/mycobot_280_moveit2_control/prefix_override:/usr/lib/python3/dist-packages/colcon_core/task/python/colcon_distutils_commands:/home/robotics/ros2_cobot/install/mycobot_280_moveit2_control/lib/python3.10/site-packages:/home/robotics/ros2_cobot/install/mycobot_description/lib/python3.10/site-packages:/home/robotics/ros2_cobot/install/ultraarm/lib/python3.10/site-packages:/home/robotics/ros2_cobot/install/traj_scripts/local/lib/python3.10/dist-packages:/home/robotics/ros2_cobot/install/mypalletizer_communication/lib/python3.10/site-packages:/home/robotics/ros2_cobot/install/mypalletizer_interfaces/local/lib/python3.10/dist-packages:/home/robotics/ros2_cobot/install/mypalletizer_260_pi/lib/python3.10/site-packages:/home/robotics/ros2_cobot/install/mypalletizer_260/lib/python3.10/site-packages:/home/robotics/ros2_cobot/install/myarm_m750/lib/python3.10/site-packages:/home/robotics/ros2_cobot/install/myarm_c650/lib/python3.10/site-packages:/home/robotics/ros2_cobot/install/mycobot_communication/lib/python3.10/site-packages:/home/robotics/ros2_cobot/install/mecharm_communication/lib/python3.10/site-packages:/home/robotics/ros2_cobot/install/mycobot_interfaces/local/lib/python3.10/dist-packages:/home/robotics/ros2_cobot/install/mycobot_630/lib/python3.10/site-packages:/home/robotics/ros2_cobot/install/mycobot_600/lib/python3.10/site-packages:/home/robotics/ros2_cobot/install/mycobot_320pi/lib/python3.10/site-packages:/home/robotics/ros2_cobot/install/mycobot_320_riscv/lib/python3.10/site-packages:/home/robotics/ros2_cobot/install/mycobot_320/lib/python3.10/site-packages:/home/robotics/ros2_cobot/install/mycobot_280pi/lib/python3.10/site-packages:/home/robotics/ros2_cobot/install/mycobot_280jn/lib/python3.10/site-packages:/home/robotics/ros2_cobot/install/mycobot_280_x3pi/lib/python3.10/site-packages:/home/robotics/ros2_cobot/install/mycobot_280_riscv/lib/python3.10/site-packages:/home/robotics/ros2_cobot/install/mycobot_280_rdkx5/lib/python3.10/site-packages:/home/robotics/ros2_cobot/install/mycobot_280_moveit2_control/lib/python3.10/site-packages:/home/robotics/ros2_cobot/install/mycobot_280_arduino/lib/python3.10/site-packages:/home/robotics/ros2_cobot/install/mycobot_280/lib/python3.10/site-packages:/home/robotics/ros2_cobot/install/mybuddy/lib/python3.10/site-packages:/home/robotics/ros2_cobot/install/myarm_300/lib/python3.10/site-packages:/home/robotics/ros2_cobot/install/mecharm_pi/lib/python3.10/site-packages:/home/robotics/ros2_cobot/install/mecharm/lib/python3.10/site-packages:/home/robotics/ros2_cobot/install/mecharm_interfaces/local/lib/python3.10/dist-packages:/opt/ros/humble/lib/python3.10/site-packages:/opt/ros/humble/local/lib/python3.10/dist-packages /usr/bin/python3 -W ignore:setup.py install is deprecated -W ignore:easy_install command is deprecated setup.py egg_info --egg-base ../../../../build/mycobot_280_moveit2_control build --build-base /home/robotics/ros2_cobot/build/mycobot_280_moveit2_control/build install --record /home/robotics/ros2_cobot/build/mycobot_280_moveit2_control/install.log --single-version-externally-managed install_data
[4.715s] Level 1:colcon.colcon_core.environment:checking '/home/robotics/ros2_cobot/install/mycobot_communication' for CMake module files
[4.715s] Level 1:colcon.colcon_core.environment:checking '/home/robotics/ros2_cobot/install/mycobot_communication' for CMake config files
[4.716s] Level 1:colcon.colcon_core.environment:checking '/home/robotics/ros2_cobot/install/mycobot_communication/lib'
[4.716s] DEBUG:colcon.colcon_core.event_handler.log_command:Invoking command in '/home/robotics/ros2_cobot/src/mycobot_ros2/mecharm/mecharm_pi': AMENT_PREFIX_PATH=/home/robotics/ros2_cobot/install/mycobot_description:/home/robotics/ros2_cobot/install/ultraarm:/home/robotics/ros2_cobot/install/traj_scripts:/home/robotics/ros2_cobot/install/mypalletizer_communication:/home/robotics/ros2_cobot/install/mypalletizer_interfaces:/home/robotics/ros2_cobot/install/mypalletizer_260_pi:/home/robotics/ros2_cobot/install/mypalletizer_260:/home/robotics/ros2_cobot/install/myarm_m750:/home/robotics/ros2_cobot/install/myarm_c650:/home/robotics/ros2_cobot/install/mycobot_communication:/home/robotics/ros2_cobot/install/mecharm_communication:/home/robotics/ros2_cobot/install/mycobot_interfaces:/home/robotics/ros2_cobot/install/mycobot_630:/home/robotics/ros2_cobot/install/mycobot_600:/home/robotics/ros2_cobot/install/mycobot_320pi:/home/robotics/ros2_cobot/install/mycobot_320_riscv:/home/robotics/ros2_cobot/install/mycobot_320:/home/robotics/ros2_cobot/install/mycobot_280rdkx5_moveit2:/home/robotics/ros2_cobot/install/mycobot_280pi:/home/robotics/ros2_cobot/install/mycobot_280jn:/home/robotics/ros2_cobot/install/mycobot_280arduino_moveit2:/home/robotics/ros2_cobot/install/mycobot_280_x3pi:/home/robotics/ros2_cobot/install/mycobot_280_riscv:/home/robotics/ros2_cobot/install/mycobot_280_rdkx5:/home/robotics/ros2_cobot/install/mycobot_280_moveit2_control:/home/robotics/ros2_cobot/install/mycobot_280_moveit2:/home/robotics/ros2_cobot/install/mycobot_280_arduino:/home/robotics/ros2_cobot/install/mycobot_280:/home/robotics/ros2_cobot/install/mybuddy:/home/robotics/ros2_cobot/install/myarm_300:/home/robotics/ros2_cobot/install/mecharm_pi:/home/robotics/ros2_cobot/install/mecharm:/home/robotics/ros2_cobot/install/mecharm_interfaces:/opt/ros/humble PYTHONPATH=/home/robotics/ros2_cobot/build/mecharm_pi/prefix_override:/usr/lib/python3/dist-packages/colcon_core/task/python/colcon_distutils_commands:/home/robotics/ros2_cobot/install/mecharm_pi/lib/python3.10/site-packages:/home/robotics/ros2_cobot/install/mycobot_description/lib/python3.10/site-packages:/home/robotics/ros2_cobot/install/ultraarm/lib/python3.10/site-packages:/home/robotics/ros2_cobot/install/traj_scripts/local/lib/python3.10/dist-packages:/home/robotics/ros2_cobot/install/mypalletizer_communication/lib/python3.10/site-packages:/home/robotics/ros2_cobot/install/mypalletizer_interfaces/local/lib/python3.10/dist-packages:/home/robotics/ros2_cobot/install/mypalletizer_260_pi/lib/python3.10/site-packages:/home/robotics/ros2_cobot/install/mypalletizer_260/lib/python3.10/site-packages:/home/robotics/ros2_cobot/install/myarm_m750/lib/python3.10/site-packages:/home/robotics/ros2_cobot/install/myarm_c650/lib/python3.10/site-packages:/home/robotics/ros2_cobot/install/mycobot_communication/lib/python3.10/site-packages:/home/robotics/ros2_cobot/install/mecharm_communication/lib/python3.10/site-packages:/home/robotics/ros2_cobot/install/mycobot_interfaces/local/lib/python3.10/dist-packages:/home/robotics/ros2_cobot/install/mycobot_630/lib/python3.10/site-packages:/home/robotics/ros2_cobot/install/mycobot_600/lib/python3.10/site-packages:/home/robotics/ros2_cobot/install/mycobot_320pi/lib/python3.10/site-packages:/home/robotics/ros2_cobot/install/mycobot_320_riscv/lib/python3.10/site-packages:/home/robotics/ros2_cobot/install/mycobot_320/lib/python3.10/site-packages:/home/robotics/ros2_cobot/install/mycobot_280pi/lib/python3.10/site-packages:/home/robotics/ros2_cobot/install/mycobot_280jn/lib/python3.10/site-packages:/home/robotics/ros2_cobot/install/mycobot_280_x3pi/lib/python3.10/site-packages:/home/robotics/ros2_cobot/install/mycobot_280_riscv/lib/python3.10/site-packages:/home/robotics/ros2_cobot/install/mycobot_280_rdkx5/lib/python3.10/site-packages:/home/robotics/ros2_cobot/install/mycobot_280_moveit2_control/lib/python3.10/site-packages:/home/robotics/ros2_cobot/install/mycobot_280_arduino/lib/python3.10/site-packages:/home/robotics/ros2_cobot/install/mycobot_280/lib/python3.10/site-packages:/home/robotics/ros2_cobot/install/mybuddy/lib/python3.10/site-packages:/home/robotics/ros2_cobot/install/myarm_300/lib/python3.10/site-packages:/home/robotics/ros2_cobot/install/mecharm_pi/lib/python3.10/site-packages:/home/robotics/ros2_cobot/install/mecharm/lib/python3.10/site-packages:/home/robotics/ros2_cobot/install/mecharm_interfaces/local/lib/python3.10/dist-packages:/opt/ros/humble/lib/python3.10/site-packages:/opt/ros/humble/local/lib/python3.10/dist-packages /usr/bin/python3 -W ignore:setup.py install is deprecated -W ignore:easy_install command is deprecated setup.py egg_info --egg-base ../../../../build/mecharm_pi build --build-base /home/robotics/ros2_cobot/build/mecharm_pi/build install --record /home/robotics/ros2_cobot/build/mecharm_pi/install.log --single-version-externally-managed install_data
[4.717s] Level 1:colcon.colcon_core.environment:checking '/home/robotics/ros2_cobot/install/mycobot_communication/bin'
[4.717s] Level 1:colcon.colcon_core.environment:checking '/home/robotics/ros2_cobot/install/mycobot_communication/lib/pkgconfig/mycobot_communication.pc'
[4.717s] Level 1:colcon.colcon_core.environment:checking '/home/robotics/ros2_cobot/install/mycobot_communication/lib/python3.10/site-packages'
[4.717s] Level 1:colcon.colcon_core.shell:create_environment_hook('mycobot_communication', 'pythonpath')
[4.717s] DEBUG:colcon.colcon_core.event_handler.log_command:Invoked command in '/home/robotics/ros2_cobot/build/mycobot_280rdkx5_moveit2' returned '0': AMENT_PREFIX_PATH=/home/robotics/ros2_cobot/install/mycobot_description:/home/robotics/ros2_cobot/install/ultraarm:/home/robotics/ros2_cobot/install/traj_scripts:/home/robotics/ros2_cobot/install/mypalletizer_communication:/home/robotics/ros2_cobot/install/mypalletizer_interfaces:/home/robotics/ros2_cobot/install/mypalletizer_260_pi:/home/robotics/ros2_cobot/install/mypalletizer_260:/home/robotics/ros2_cobot/install/myarm_m750:/home/robotics/ros2_cobot/install/myarm_c650:/home/robotics/ros2_cobot/install/mycobot_communication:/home/robotics/ros2_cobot/install/mecharm_communication:/home/robotics/ros2_cobot/install/mycobot_interfaces:/home/robotics/ros2_cobot/install/mycobot_630:/home/robotics/ros2_cobot/install/mycobot_600:/home/robotics/ros2_cobot/install/mycobot_320pi:/home/robotics/ros2_cobot/install/mycobot_320_riscv:/home/robotics/ros2_cobot/install/mycobot_320:/home/robotics/ros2_cobot/install/mycobot_280rdkx5_moveit2:/home/robotics/ros2_cobot/install/mycobot_280pi:/home/robotics/ros2_cobot/install/mycobot_280jn:/home/robotics/ros2_cobot/install/mycobot_280arduino_moveit2:/home/robotics/ros2_cobot/install/mycobot_280_x3pi:/home/robotics/ros2_cobot/install/mycobot_280_riscv:/home/robotics/ros2_cobot/install/mycobot_280_rdkx5:/home/robotics/ros2_cobot/install/mycobot_280_moveit2_control:/home/robotics/ros2_cobot/install/mycobot_280_moveit2:/home/robotics/ros2_cobot/install/mycobot_280_arduino:/home/robotics/ros2_cobot/install/mycobot_280:/home/robotics/ros2_cobot/install/mybuddy:/home/robotics/ros2_cobot/install/myarm_300:/home/robotics/ros2_cobot/install/mecharm_pi:/home/robotics/ros2_cobot/install/mecharm:/home/robotics/ros2_cobot/install/mecharm_interfaces:/opt/ros/humble CMAKE_PREFIX_PATH=${CMAKE_PREFIX_PATH}:/home/robotics/ros2_cobot/install/ultraarm:/home/robotics/ros2_cobot/install/mypalletizer_communication:/home/robotics/ros2_cobot/install/mypalletizer_260_pi:/home/robotics/ros2_cobot/install/mypalletizer_260:/home/robotics/ros2_cobot/install/myarm_m750:/home/robotics/ros2_cobot/install/myarm_c650:/home/robotics/ros2_cobot/install/mycobot_communication:/home/robotics/ros2_cobot/install/mecharm_communication:/home/robotics/ros2_cobot/install/mycobot_630:/home/robotics/ros2_cobot/install/mycobot_600:/home/robotics/ros2_cobot/install/mycobot_320pi:/home/robotics/ros2_cobot/install/mycobot_320_riscv:/home/robotics/ros2_cobot/install/mycobot_320:/home/robotics/ros2_cobot/install/mycobot_280pi:/home/robotics/ros2_cobot/install/mycobot_280jn:/home/robotics/ros2_cobot/install/mycobot_280_x3pi:/home/robotics/ros2_cobot/install/mycobot_280_riscv:/home/robotics/ros2_cobot/install/mycobot_280_rdkx5:/home/robotics/ros2_cobot/install/mycobot_280_moveit2_control:/home/robotics/ros2_cobot/install/mycobot_280_arduino:/home/robotics/ros2_cobot/install/mycobot_280:/home/robotics/ros2_cobot/install/mybuddy:/home/robotics/ros2_cobot/install/myarm_300:/home/robotics/ros2_cobot/install/mecharm_pi:/home/robotics/ros2_cobot/install/mecharm:/home/robotics/ros2_cobot/install/mycobot_description:/opt/ros/humble PYTHONPATH=/home/robotics/ros2_cobot/install/mycobot_description/lib/python3.10/site-packages:/home/robotics/ros2_cobot/install/ultraarm/lib/python3.10/site-packages:/home/robotics/ros2_cobot/install/traj_scripts/local/lib/python3.10/dist-packages:/home/robotics/ros2_cobot/install/mypalletizer_communication/lib/python3.10/site-packages:/home/robotics/ros2_cobot/install/mypalletizer_interfaces/local/lib/python3.10/dist-packages:/home/robotics/ros2_cobot/install/mypalletizer_260_pi/lib/python3.10/site-packages:/home/robotics/ros2_cobot/install/mypalletizer_260/lib/python3.10/site-packages:/home/robotics/ros2_cobot/install/myarm_m750/lib/python3.10/site-packages:/home/robotics/ros2_cobot/install/myarm_c650/lib/python3.10/site-packages:/home/robotics/ros2_cobot/install/mycobot_communication/lib/python3.10/site-packages:/home/robotics/ros2_cobot/install/mecharm_communication/lib/python3.10/site-packages:/home/robotics/ros2_cobot/install/mycobot_interfaces/local/lib/python3.10/dist-packages:/home/robotics/ros2_cobot/install/mycobot_630/lib/python3.10/site-packages:/home/robotics/ros2_cobot/install/mycobot_600/lib/python3.10/site-packages:/home/robotics/ros2_cobot/install/mycobot_320pi/lib/python3.10/site-packages:/home/robotics/ros2_cobot/install/mycobot_320_riscv/lib/python3.10/site-packages:/home/robotics/ros2_cobot/install/mycobot_320/lib/python3.10/site-packages:/home/robotics/ros2_cobot/install/mycobot_280pi/lib/python3.10/site-packages:/home/robotics/ros2_cobot/install/mycobot_280jn/lib/python3.10/site-packages:/home/robotics/ros2_cobot/install/mycobot_280_x3pi/lib/python3.10/site-packages:/home/robotics/ros2_cobot/install/mycobot_280_riscv/lib/python3.10/site-packages:/home/robotics/ros2_cobot/install/mycobot_280_rdkx5/lib/python3.10/site-packages:/home/robotics/ros2_cobot/install/mycobot_280_moveit2_control/lib/python3.10/site-packages:/home/robotics/ros2_cobot/install/mycobot_280_arduino/lib/python3.10/site-packages:/home/robotics/ros2_cobot/install/mycobot_280/lib/python3.10/site-packages:/home/robotics/ros2_cobot/install/mybuddy/lib/python3.10/site-packages:/home/robotics/ros2_cobot/install/myarm_300/lib/python3.10/site-packages:/home/robotics/ros2_cobot/install/mecharm_pi/lib/python3.10/site-packages:/home/robotics/ros2_cobot/install/mecharm/lib/python3.10/site-packages:/home/robotics/ros2_cobot/install/mecharm_interfaces/local/lib/python3.10/dist-packages:/opt/ros/humble/lib/python3.10/site-packages:/opt/ros/humble/local/lib/python3.10/dist-packages /usr/bin/cmake --build /home/robotics/ros2_cobot/build/mycobot_280rdkx5_moveit2 -- -j16 -l16
[4.718s] INFO:colcon.colcon_core.shell:Creating environment hook '/home/robotics/ros2_cobot/install/mycobot_communication/share/mycobot_communication/hook/pythonpath.ps1'
[4.718s] DEBUG:colcon.colcon_core.event_handler.log_command:Invoking command in '/home/robotics/ros2_cobot/build/mycobot_280rdkx5_moveit2': AMENT_PREFIX_PATH=/home/robotics/ros2_cobot/install/mycobot_description:/home/robotics/ros2_cobot/install/ultraarm:/home/robotics/ros2_cobot/install/traj_scripts:/home/robotics/ros2_cobot/install/mypalletizer_communication:/home/robotics/ros2_cobot/install/mypalletizer_interfaces:/home/robotics/ros2_cobot/install/mypalletizer_260_pi:/home/robotics/ros2_cobot/install/mypalletizer_260:/home/robotics/ros2_cobot/install/myarm_m750:/home/robotics/ros2_cobot/install/myarm_c650:/home/robotics/ros2_cobot/install/mycobot_communication:/home/robotics/ros2_cobot/install/mecharm_communication:/home/robotics/ros2_cobot/install/mycobot_interfaces:/home/robotics/ros2_cobot/install/mycobot_630:/home/robotics/ros2_cobot/install/mycobot_600:/home/robotics/ros2_cobot/install/mycobot_320pi:/home/robotics/ros2_cobot/install/mycobot_320_riscv:/home/robotics/ros2_cobot/install/mycobot_320:/home/robotics/ros2_cobot/install/mycobot_280rdkx5_moveit2:/home/robotics/ros2_cobot/install/mycobot_280pi:/home/robotics/ros2_cobot/install/mycobot_280jn:/home/robotics/ros2_cobot/install/mycobot_280arduino_moveit2:/home/robotics/ros2_cobot/install/mycobot_280_x3pi:/home/robotics/ros2_cobot/install/mycobot_280_riscv:/home/robotics/ros2_cobot/install/mycobot_280_rdkx5:/home/robotics/ros2_cobot/install/mycobot_280_moveit2_control:/home/robotics/ros2_cobot/install/mycobot_280_moveit2:/home/robotics/ros2_cobot/install/mycobot_280_arduino:/home/robotics/ros2_cobot/install/mycobot_280:/home/robotics/ros2_cobot/install/mybuddy:/home/robotics/ros2_cobot/install/myarm_300:/home/robotics/ros2_cobot/install/mecharm_pi:/home/robotics/ros2_cobot/install/mecharm:/home/robotics/ros2_cobot/install/mecharm_interfaces:/opt/ros/humble CMAKE_PREFIX_PATH=${CMAKE_PREFIX_PATH}:/home/robotics/ros2_cobot/install/ultraarm:/home/robotics/ros2_cobot/install/mypalletizer_communication:/home/robotics/ros2_cobot/install/mypalletizer_260_pi:/home/robotics/ros2_cobot/install/mypalletizer_260:/home/robotics/ros2_cobot/install/myarm_m750:/home/robotics/ros2_cobot/install/myarm_c650:/home/robotics/ros2_cobot/install/mycobot_communication:/home/robotics/ros2_cobot/install/mecharm_communication:/home/robotics/ros2_cobot/install/mycobot_630:/home/robotics/ros2_cobot/install/mycobot_600:/home/robotics/ros2_cobot/install/mycobot_320pi:/home/robotics/ros2_cobot/install/mycobot_320_riscv:/home/robotics/ros2_cobot/install/mycobot_320:/home/robotics/ros2_cobot/install/mycobot_280pi:/home/robotics/ros2_cobot/install/mycobot_280jn:/home/robotics/ros2_cobot/install/mycobot_280_x3pi:/home/robotics/ros2_cobot/install/mycobot_280_riscv:/home/robotics/ros2_cobot/install/mycobot_280_rdkx5:/home/robotics/ros2_cobot/install/mycobot_280_moveit2_control:/home/robotics/ros2_cobot/install/mycobot_280_arduino:/home/robotics/ros2_cobot/install/mycobot_280:/home/robotics/ros2_cobot/install/mybuddy:/home/robotics/ros2_cobot/install/myarm_300:/home/robotics/ros2_cobot/install/mecharm_pi:/home/robotics/ros2_cobot/install/mecharm:/home/robotics/ros2_cobot/install/mycobot_description:/opt/ros/humble PYTHONPATH=/home/robotics/ros2_cobot/install/mycobot_description/lib/python3.10/site-packages:/home/robotics/ros2_cobot/install/ultraarm/lib/python3.10/site-packages:/home/robotics/ros2_cobot/install/traj_scripts/local/lib/python3.10/dist-packages:/home/robotics/ros2_cobot/install/mypalletizer_communication/lib/python3.10/site-packages:/home/robotics/ros2_cobot/install/mypalletizer_interfaces/local/lib/python3.10/dist-packages:/home/robotics/ros2_cobot/install/mypalletizer_260_pi/lib/python3.10/site-packages:/home/robotics/ros2_cobot/install/mypalletizer_260/lib/python3.10/site-packages:/home/robotics/ros2_cobot/install/myarm_m750/lib/python3.10/site-packages:/home/robotics/ros2_cobot/install/myarm_c650/lib/python3.10/site-packages:/home/robotics/ros2_cobot/install/mycobot_communication/lib/python3.10/site-packages:/home/robotics/ros2_cobot/install/mecharm_communication/lib/python3.10/site-packages:/home/robotics/ros2_cobot/install/mycobot_interfaces/local/lib/python3.10/dist-packages:/home/robotics/ros2_cobot/install/mycobot_630/lib/python3.10/site-packages:/home/robotics/ros2_cobot/install/mycobot_600/lib/python3.10/site-packages:/home/robotics/ros2_cobot/install/mycobot_320pi/lib/python3.10/site-packages:/home/robotics/ros2_cobot/install/mycobot_320_riscv/lib/python3.10/site-packages:/home/robotics/ros2_cobot/install/mycobot_320/lib/python3.10/site-packages:/home/robotics/ros2_cobot/install/mycobot_280pi/lib/python3.10/site-packages:/home/robotics/ros2_cobot/install/mycobot_280jn/lib/python3.10/site-packages:/home/robotics/ros2_cobot/install/mycobot_280_x3pi/lib/python3.10/site-packages:/home/robotics/ros2_cobot/install/mycobot_280_riscv/lib/python3.10/site-packages:/home/robotics/ros2_cobot/install/mycobot_280_rdkx5/lib/python3.10/site-packages:/home/robotics/ros2_cobot/install/mycobot_280_moveit2_control/lib/python3.10/site-packages:/home/robotics/ros2_cobot/install/mycobot_280_arduino/lib/python3.10/site-packages:/home/robotics/ros2_cobot/install/mycobot_280/lib/python3.10/site-packages:/home/robotics/ros2_cobot/install/mybuddy/lib/python3.10/site-packages:/home/robotics/ros2_cobot/install/myarm_300/lib/python3.10/site-packages:/home/robotics/ros2_cobot/install/mecharm_pi/lib/python3.10/site-packages:/home/robotics/ros2_cobot/install/mecharm/lib/python3.10/site-packages:/home/robotics/ros2_cobot/install/mecharm_interfaces/local/lib/python3.10/dist-packages:/opt/ros/humble/lib/python3.10/site-packages:/opt/ros/humble/local/lib/python3.10/dist-packages /usr/bin/cmake --install /home/robotics/ros2_cobot/build/mycobot_280rdkx5_moveit2
[4.719s] DEBUG:colcon.colcon_core.event_handler.log_command:Invoked command in '/home/robotics/ros2_cobot/src/mycobot_ros2/mycobot_communication' returned '0': CMAKE_PREFIX_PATH=/home/robotics/ros2_cobot/install/mycobot_interfaces:/home/robotics/ros2_cobot/install/traj_scripts:/home/robotics/ros2_cobot/install/mypalletizer_interfaces:/home/robotics/ros2_cobot/install/mycobot_280rdkx5_moveit2:/home/robotics/ros2_cobot/install/mycobot_280arduino_moveit2:/home/robotics/ros2_cobot/install/mycobot_280_moveit2:/home/robotics/ros2_cobot/install/mecharm_interfaces LD_LIBRARY_PATH=/home/robotics/ros2_cobot/install/mycobot_interfaces/lib:/home/robotics/ros2_cobot/install/mypalletizer_interfaces/lib:/home/robotics/ros2_cobot/install/mecharm_interfaces/lib:/opt/ros/humble/opt/rviz_ogre_vendor/lib:/opt/ros/humble/lib/x86_64-linux-gnu:/opt/ros/humble/lib PYTHONPATH=/home/robotics/ros2_cobot/build/mycobot_communication/prefix_override:/usr/lib/python3/dist-packages/colcon_core/task/python/colcon_distutils_commands:/home/robotics/ros2_cobot/install/mycobot_communication/lib/python3.10/site-packages:${PYTHONPATH} /usr/bin/python3 -W ignore:setup.py install is deprecated -W ignore:easy_install command is deprecated setup.py egg_info --egg-base ../../../build/mycobot_communication build --build-base /home/robotics/ros2_cobot/build/mycobot_communication/build install --record /home/robotics/ros2_cobot/build/mycobot_communication/install.log --single-version-externally-managed install_data
[4.719s] INFO:colcon.colcon_core.shell:Creating environment descriptor '/home/robotics/ros2_cobot/install/mycobot_communication/share/mycobot_communication/hook/pythonpath.dsv'
[4.719s] INFO:colcon.colcon_core.shell:Creating environment hook '/home/robotics/ros2_cobot/install/mycobot_communication/share/mycobot_communication/hook/pythonpath.sh'
[4.720s] Level 1:colcon.colcon_core.environment:checking '/home/robotics/ros2_cobot/install/mycobot_communication/bin'
[4.720s] Level 1:colcon.colcon_core.environment:create_environment_scripts_only(mycobot_communication)
[4.720s] INFO:colcon.colcon_core.shell:Creating package script '/home/robotics/ros2_cobot/install/mycobot_communication/share/mycobot_communication/package.ps1'
[4.721s] INFO:colcon.colcon_core.shell:Creating package descriptor '/home/robotics/ros2_cobot/install/mycobot_communication/share/mycobot_communication/package.dsv'
[4.721s] INFO:colcon.colcon_core.shell:Creating package script '/home/robotics/ros2_cobot/install/mycobot_communication/share/mycobot_communication/package.sh'
[4.722s] INFO:colcon.colcon_core.shell:Creating package script '/home/robotics/ros2_cobot/install/mycobot_communication/share/mycobot_communication/package.bash'
[4.722s] INFO:colcon.colcon_core.shell:Creating package script '/home/robotics/ros2_cobot/install/mycobot_communication/share/mycobot_communication/package.zsh'
[4.722s] Level 1:colcon.colcon_core.environment:create_file_with_runtime_dependencies(/home/robotics/ros2_cobot/install/mycobot_communication/share/colcon-core/packages/mycobot_communication)
[4.723s] Level 1:colcon.colcon_core.environment:checking '/home/robotics/ros2_cobot/install/mecharm_communication' for CMake module files
[4.724s] DEBUG:colcon.colcon_core.event_handler.log_command:Invoked command in '/home/robotics/ros2_cobot/src/mycobot_ros2/mecharm/mecharm_communication' returned '0': CMAKE_PREFIX_PATH=/home/robotics/ros2_cobot/install/mycobot_interfaces:/home/robotics/ros2_cobot/install/traj_scripts:/home/robotics/ros2_cobot/install/mypalletizer_interfaces:/home/robotics/ros2_cobot/install/mycobot_280rdkx5_moveit2:/home/robotics/ros2_cobot/install/mycobot_280arduino_moveit2:/home/robotics/ros2_cobot/install/mycobot_280_moveit2:/home/robotics/ros2_cobot/install/mecharm_interfaces LD_LIBRARY_PATH=/home/robotics/ros2_cobot/install/mycobot_interfaces/lib:/home/robotics/ros2_cobot/install/mypalletizer_interfaces/lib:/home/robotics/ros2_cobot/install/mecharm_interfaces/lib:/opt/ros/humble/opt/rviz_ogre_vendor/lib:/opt/ros/humble/lib/x86_64-linux-gnu:/opt/ros/humble/lib PYTHONPATH=/home/robotics/ros2_cobot/build/mecharm_communication/prefix_override:/usr/lib/python3/dist-packages/colcon_core/task/python/colcon_distutils_commands:/home/robotics/ros2_cobot/install/mecharm_communication/lib/python3.10/site-packages:${PYTHONPATH} /usr/bin/python3 -W ignore:setup.py install is deprecated -W ignore:easy_install command is deprecated setup.py egg_info --egg-base ../../../../build/mecharm_communication build --build-base /home/robotics/ros2_cobot/build/mecharm_communication/build install --record /home/robotics/ros2_cobot/build/mecharm_communication/install.log --single-version-externally-managed install_data
[4.724s] Level 1:colcon.colcon_core.environment:checking '/home/robotics/ros2_cobot/install/mecharm_communication' for CMake config files
[4.725s] Level 1:colcon.colcon_core.environment:checking '/home/robotics/ros2_cobot/install/mecharm_communication/lib'
[4.725s] Level 1:colcon.colcon_core.environment:checking '/home/robotics/ros2_cobot/install/mecharm_communication/bin'
[4.725s] Level 1:colcon.colcon_core.environment:checking '/home/robotics/ros2_cobot/install/mecharm_communication/lib/pkgconfig/mecharm_communication.pc'
[4.725s] Level 1:colcon.colcon_core.environment:checking '/home/robotics/ros2_cobot/install/mecharm_communication/lib/python3.10/site-packages'
[4.725s] Level 1:colcon.colcon_core.shell:create_environment_hook('mecharm_communication', 'pythonpath')
[4.725s] INFO:colcon.colcon_core.shell:Creating environment hook '/home/robotics/ros2_cobot/install/mecharm_communication/share/mecharm_communication/hook/pythonpath.ps1'
[4.726s] INFO:colcon.colcon_core.shell:Creating environment descriptor '/home/robotics/ros2_cobot/install/mecharm_communication/share/mecharm_communication/hook/pythonpath.dsv'
[4.727s] INFO:colcon.colcon_core.shell:Creating environment hook '/home/robotics/ros2_cobot/install/mecharm_communication/share/mecharm_communication/hook/pythonpath.sh'
[4.727s] Level 1:colcon.colcon_core.environment:checking '/home/robotics/ros2_cobot/install/mecharm_communication/bin'
[4.727s] Level 1:colcon.colcon_core.environment:create_environment_scripts_only(mecharm_communication)
[4.728s] INFO:colcon.colcon_core.shell:Creating package script '/home/robotics/ros2_cobot/install/mecharm_communication/share/mecharm_communication/package.ps1'
[4.728s] INFO:colcon.colcon_core.shell:Creating package descriptor '/home/robotics/ros2_cobot/install/mecharm_communication/share/mecharm_communication/package.dsv'
[4.728s] INFO:colcon.colcon_core.shell:Creating package script '/home/robotics/ros2_cobot/install/mecharm_communication/share/mecharm_communication/package.sh'
[4.729s] INFO:colcon.colcon_core.shell:Creating package script '/home/robotics/ros2_cobot/install/mecharm_communication/share/mecharm_communication/package.bash'
[4.729s] INFO:colcon.colcon_core.shell:Creating package script '/home/robotics/ros2_cobot/install/mecharm_communication/share/mecharm_communication/package.zsh'
[4.730s] Level 1:colcon.colcon_core.environment:create_file_with_runtime_dependencies(/home/robotics/ros2_cobot/install/mecharm_communication/share/colcon-core/packages/mecharm_communication)
[4.740s] INFO:colcon.colcon_ros.task.ament_python.build:Building ROS package in '/home/robotics/ros2_cobot/src/mycobot_ros2/mycobot_320/mycobot_320pi' with build type 'ament_python'
[4.740s] Level 1:colcon.colcon_core.shell:create_environment_hook('mycobot_320pi', 'ament_prefix_path')
[4.741s] INFO:colcon.colcon_core.shell:Creating environment hook '/home/robotics/ros2_cobot/install/mycobot_320pi/share/mycobot_320pi/hook/ament_prefix_path.ps1'
[4.741s] DEBUG:colcon.colcon_core.event_handler.log_command:Invoking command in '/home/robotics/ros2_cobot/src/mycobot_ros2/mycobot_280/mycobot_280pi': AMENT_PREFIX_PATH=/home/robotics/ros2_cobot/install/mycobot_description:/home/robotics/ros2_cobot/install/ultraarm:/home/robotics/ros2_cobot/install/traj_scripts:/home/robotics/ros2_cobot/install/mypalletizer_communication:/home/robotics/ros2_cobot/install/mypalletizer_interfaces:/home/robotics/ros2_cobot/install/mypalletizer_260_pi:/home/robotics/ros2_cobot/install/mypalletizer_260:/home/robotics/ros2_cobot/install/myarm_m750:/home/robotics/ros2_cobot/install/myarm_c650:/home/robotics/ros2_cobot/install/mycobot_communication:/home/robotics/ros2_cobot/install/mecharm_communication:/home/robotics/ros2_cobot/install/mycobot_interfaces:/home/robotics/ros2_cobot/install/mycobot_630:/home/robotics/ros2_cobot/install/mycobot_600:/home/robotics/ros2_cobot/install/mycobot_320pi:/home/robotics/ros2_cobot/install/mycobot_320_riscv:/home/robotics/ros2_cobot/install/mycobot_320:/home/robotics/ros2_cobot/install/mycobot_280rdkx5_moveit2:/home/robotics/ros2_cobot/install/mycobot_280pi:/home/robotics/ros2_cobot/install/mycobot_280jn:/home/robotics/ros2_cobot/install/mycobot_280arduino_moveit2:/home/robotics/ros2_cobot/install/mycobot_280_x3pi:/home/robotics/ros2_cobot/install/mycobot_280_riscv:/home/robotics/ros2_cobot/install/mycobot_280_rdkx5:/home/robotics/ros2_cobot/install/mycobot_280_moveit2_control:/home/robotics/ros2_cobot/install/mycobot_280_moveit2:/home/robotics/ros2_cobot/install/mycobot_280_arduino:/home/robotics/ros2_cobot/install/mycobot_280:/home/robotics/ros2_cobot/install/mybuddy:/home/robotics/ros2_cobot/install/myarm_300:/home/robotics/ros2_cobot/install/mecharm_pi:/home/robotics/ros2_cobot/install/mecharm:/home/robotics/ros2_cobot/install/mecharm_interfaces:/opt/ros/humble PYTHONPATH=/home/robotics/ros2_cobot/build/mycobot_280pi/prefix_override:/usr/lib/python3/dist-packages/colcon_core/task/python/colcon_distutils_commands:/home/robotics/ros2_cobot/install/mycobot_280pi/lib/python3.10/site-packages:/home/robotics/ros2_cobot/install/mycobot_description/lib/python3.10/site-packages:/home/robotics/ros2_cobot/install/ultraarm/lib/python3.10/site-packages:/home/robotics/ros2_cobot/install/traj_scripts/local/lib/python3.10/dist-packages:/home/robotics/ros2_cobot/install/mypalletizer_communication/lib/python3.10/site-packages:/home/robotics/ros2_cobot/install/mypalletizer_interfaces/local/lib/python3.10/dist-packages:/home/robotics/ros2_cobot/install/mypalletizer_260_pi/lib/python3.10/site-packages:/home/robotics/ros2_cobot/install/mypalletizer_260/lib/python3.10/site-packages:/home/robotics/ros2_cobot/install/myarm_m750/lib/python3.10/site-packages:/home/robotics/ros2_cobot/install/myarm_c650/lib/python3.10/site-packages:/home/robotics/ros2_cobot/install/mycobot_communication/lib/python3.10/site-packages:/home/robotics/ros2_cobot/install/mecharm_communication/lib/python3.10/site-packages:/home/robotics/ros2_cobot/install/mycobot_interfaces/local/lib/python3.10/dist-packages:/home/robotics/ros2_cobot/install/mycobot_630/lib/python3.10/site-packages:/home/robotics/ros2_cobot/install/mycobot_600/lib/python3.10/site-packages:/home/robotics/ros2_cobot/install/mycobot_320pi/lib/python3.10/site-packages:/home/robotics/ros2_cobot/install/mycobot_320_riscv/lib/python3.10/site-packages:/home/robotics/ros2_cobot/install/mycobot_320/lib/python3.10/site-packages:/home/robotics/ros2_cobot/install/mycobot_280pi/lib/python3.10/site-packages:/home/robotics/ros2_cobot/install/mycobot_280jn/lib/python3.10/site-packages:/home/robotics/ros2_cobot/install/mycobot_280_x3pi/lib/python3.10/site-packages:/home/robotics/ros2_cobot/install/mycobot_280_riscv/lib/python3.10/site-packages:/home/robotics/ros2_cobot/install/mycobot_280_rdkx5/lib/python3.10/site-packages:/home/robotics/ros2_cobot/install/mycobot_280_moveit2_control/lib/python3.10/site-packages:/home/robotics/ros2_cobot/install/mycobot_280_arduino/lib/python3.10/site-packages:/home/robotics/ros2_cobot/install/mycobot_280/lib/python3.10/site-packages:/home/robotics/ros2_cobot/install/mybuddy/lib/python3.10/site-packages:/home/robotics/ros2_cobot/install/myarm_300/lib/python3.10/site-packages:/home/robotics/ros2_cobot/install/mecharm_pi/lib/python3.10/site-packages:/home/robotics/ros2_cobot/install/mecharm/lib/python3.10/site-packages:/home/robotics/ros2_cobot/install/mecharm_interfaces/local/lib/python3.10/dist-packages:/opt/ros/humble/lib/python3.10/site-packages:/opt/ros/humble/local/lib/python3.10/dist-packages /usr/bin/python3 -W ignore:setup.py install is deprecated -W ignore:easy_install command is deprecated setup.py egg_info --egg-base ../../../../build/mycobot_280pi build --build-base /home/robotics/ros2_cobot/build/mycobot_280pi/build install --record /home/robotics/ros2_cobot/build/mycobot_280pi/install.log --single-version-externally-managed install_data
[4.741s] INFO:colcon.colcon_core.shell:Creating environment descriptor '/home/robotics/ros2_cobot/install/mycobot_320pi/share/mycobot_320pi/hook/ament_prefix_path.dsv'
[4.742s] INFO:colcon.colcon_core.shell:Creating environment hook '/home/robotics/ros2_cobot/install/mycobot_320pi/share/mycobot_320pi/hook/ament_prefix_path.sh'
[4.743s] INFO:colcon.colcon_core.shell:Skip shell extension 'powershell' for command environment: Not usable outside of PowerShell
[4.743s] DEBUG:colcon.colcon_core.shell:Skip shell extension 'dsv' for command environment
[4.750s] INFO:colcon.colcon_ros.task.ament_python.build:Building ROS package in '/home/robotics/ros2_cobot/src/mycobot_ros2/mycobot_pro/mycobot_600' with build type 'ament_python'
[4.750s] Level 1:colcon.colcon_core.shell:create_environment_hook('mycobot_600', 'ament_prefix_path')
[4.750s] INFO:colcon.colcon_core.shell:Creating environment hook '/home/robotics/ros2_cobot/install/mycobot_600/share/mycobot_600/hook/ament_prefix_path.ps1'
[4.751s] INFO:colcon.colcon_core.shell:Creating environment descriptor '/home/robotics/ros2_cobot/install/mycobot_600/share/mycobot_600/hook/ament_prefix_path.dsv'
[4.752s] INFO:colcon.colcon_core.shell:Creating environment hook '/home/robotics/ros2_cobot/install/mycobot_600/share/mycobot_600/hook/ament_prefix_path.sh'
[4.753s] INFO:colcon.colcon_core.shell:Skip shell extension 'powershell' for command environment: Not usable outside of PowerShell
[4.753s] DEBUG:colcon.colcon_core.shell:Skip shell extension 'dsv' for command environment
[5.143s] INFO:colcon.colcon_core.task.python.build:Building Python package in '/home/robotics/ros2_cobot/src/mycobot_ros2/mycobot_320/mycobot_320_riscv'
[5.143s] INFO:colcon.colcon_core.shell:Skip shell extension 'powershell' for command environment: Not usable outside of PowerShell
[5.143s] DEBUG:colcon.colcon_core.shell:Skip shell extension 'dsv' for command environment
[5.374s] INFO:colcon.colcon_core.task.python.build:Building Python package in '/home/robotics/ros2_cobot/src/mycobot_ros2/mycobot_320/mycobot_320pi'
[5.375s] INFO:colcon.colcon_core.shell:Skip shell extension 'powershell' for command environment: Not usable outside of PowerShell
[5.375s] DEBUG:colcon.colcon_core.shell:Skip shell extension 'dsv' for command environment
[5.583s] INFO:colcon.colcon_core.task.python.build:Building Python package in '/home/robotics/ros2_cobot/src/mycobot_ros2/mycobot_pro/mycobot_600'
[5.583s] INFO:colcon.colcon_core.shell:Skip shell extension 'powershell' for command environment: Not usable outside of PowerShell
[5.583s] DEBUG:colcon.colcon_core.shell:Skip shell extension 'dsv' for command environment
[5.594s] Level 1:colcon.colcon_core.environment:checking '/home/robotics/ros2_cobot/install/mycobot_280' for CMake module files
[5.595s] DEBUG:colcon.colcon_core.event_handler.log_command:Invoked command in '/home/robotics/ros2_cobot/src/mycobot_ros2/mycobot_280/mycobot_280' returned '0': AMENT_PREFIX_PATH=/home/robotics/ros2_cobot/install/mycobot_description:/home/robotics/ros2_cobot/install/ultraarm:/home/robotics/ros2_cobot/install/traj_scripts:/home/robotics/ros2_cobot/install/mypalletizer_communication:/home/robotics/ros2_cobot/install/mypalletizer_interfaces:/home/robotics/ros2_cobot/install/mypalletizer_260_pi:/home/robotics/ros2_cobot/install/mypalletizer_260:/home/robotics/ros2_cobot/install/myarm_m750:/home/robotics/ros2_cobot/install/myarm_c650:/home/robotics/ros2_cobot/install/mycobot_communication:/home/robotics/ros2_cobot/install/mecharm_communication:/home/robotics/ros2_cobot/install/mycobot_interfaces:/home/robotics/ros2_cobot/install/mycobot_630:/home/robotics/ros2_cobot/install/mycobot_600:/home/robotics/ros2_cobot/install/mycobot_320pi:/home/robotics/ros2_cobot/install/mycobot_320_riscv:/home/robotics/ros2_cobot/install/mycobot_320:/home/robotics/ros2_cobot/install/mycobot_280rdkx5_moveit2:/home/robotics/ros2_cobot/install/mycobot_280pi:/home/robotics/ros2_cobot/install/mycobot_280jn:/home/robotics/ros2_cobot/install/mycobot_280arduino_moveit2:/home/robotics/ros2_cobot/install/mycobot_280_x3pi:/home/robotics/ros2_cobot/install/mycobot_280_riscv:/home/robotics/ros2_cobot/install/mycobot_280_rdkx5:/home/robotics/ros2_cobot/install/mycobot_280_moveit2_control:/home/robotics/ros2_cobot/install/mycobot_280_moveit2:/home/robotics/ros2_cobot/install/mycobot_280_arduino:/home/robotics/ros2_cobot/install/mycobot_280:/home/robotics/ros2_cobot/install/mybuddy:/home/robotics/ros2_cobot/install/myarm_300:/home/robotics/ros2_cobot/install/mecharm_pi:/home/robotics/ros2_cobot/install/mecharm:/home/robotics/ros2_cobot/install/mecharm_interfaces:/opt/ros/humble PYTHONPATH=/home/robotics/ros2_cobot/build/mycobot_280/prefix_override:/usr/lib/python3/dist-packages/colcon_core/task/python/colcon_distutils_commands:/home/robotics/ros2_cobot/install/mycobot_280/lib/python3.10/site-packages:/home/robotics/ros2_cobot/install/mycobot_description/lib/python3.10/site-packages:/home/robotics/ros2_cobot/install/ultraarm/lib/python3.10/site-packages:/home/robotics/ros2_cobot/install/traj_scripts/local/lib/python3.10/dist-packages:/home/robotics/ros2_cobot/install/mypalletizer_communication/lib/python3.10/site-packages:/home/robotics/ros2_cobot/install/mypalletizer_interfaces/local/lib/python3.10/dist-packages:/home/robotics/ros2_cobot/install/mypalletizer_260_pi/lib/python3.10/site-packages:/home/robotics/ros2_cobot/install/mypalletizer_260/lib/python3.10/site-packages:/home/robotics/ros2_cobot/install/myarm_m750/lib/python3.10/site-packages:/home/robotics/ros2_cobot/install/myarm_c650/lib/python3.10/site-packages:/home/robotics/ros2_cobot/install/mycobot_communication/lib/python3.10/site-packages:/home/robotics/ros2_cobot/install/mecharm_communication/lib/python3.10/site-packages:/home/robotics/ros2_cobot/install/mycobot_interfaces/local/lib/python3.10/dist-packages:/home/robotics/ros2_cobot/install/mycobot_630/lib/python3.10/site-packages:/home/robotics/ros2_cobot/install/mycobot_600/lib/python3.10/site-packages:/home/robotics/ros2_cobot/install/mycobot_320pi/lib/python3.10/site-packages:/home/robotics/ros2_cobot/install/mycobot_320_riscv/lib/python3.10/site-packages:/home/robotics/ros2_cobot/install/mycobot_320/lib/python3.10/site-packages:/home/robotics/ros2_cobot/install/mycobot_280pi/lib/python3.10/site-packages:/home/robotics/ros2_cobot/install/mycobot_280jn/lib/python3.10/site-packages:/home/robotics/ros2_cobot/install/mycobot_280_x3pi/lib/python3.10/site-packages:/home/robotics/ros2_cobot/install/mycobot_280_riscv/lib/python3.10/site-packages:/home/robotics/ros2_cobot/install/mycobot_280_rdkx5/lib/python3.10/site-packages:/home/robotics/ros2_cobot/install/mycobot_280_moveit2_control/lib/python3.10/site-packages:/home/robotics/ros2_cobot/install/mycobot_280_arduino/lib/python3.10/site-packages:/home/robotics/ros2_cobot/install/mycobot_280/lib/python3.10/site-packages:/home/robotics/ros2_cobot/install/mybuddy/lib/python3.10/site-packages:/home/robotics/ros2_cobot/install/myarm_300/lib/python3.10/site-packages:/home/robotics/ros2_cobot/install/mecharm_pi/lib/python3.10/site-packages:/home/robotics/ros2_cobot/install/mecharm/lib/python3.10/site-packages:/home/robotics/ros2_cobot/install/mecharm_interfaces/local/lib/python3.10/dist-packages:/opt/ros/humble/lib/python3.10/site-packages:/opt/ros/humble/local/lib/python3.10/dist-packages /usr/bin/python3 -W ignore:setup.py install is deprecated -W ignore:easy_install command is deprecated setup.py egg_info --egg-base ../../../../build/mycobot_280 build --build-base /home/robotics/ros2_cobot/build/mycobot_280/build install --record /home/robotics/ros2_cobot/build/mycobot_280/install.log --single-version-externally-managed install_data
[5.595s] Level 1:colcon.colcon_core.environment:checking '/home/robotics/ros2_cobot/install/mycobot_280' for CMake config files
[5.596s] Level 1:colcon.colcon_core.environment:checking '/home/robotics/ros2_cobot/install/mycobot_280/lib'
[5.596s] Level 1:colcon.colcon_core.environment:checking '/home/robotics/ros2_cobot/install/mycobot_280/bin'
[5.596s] Level 1:colcon.colcon_core.environment:checking '/home/robotics/ros2_cobot/install/mycobot_280/lib/pkgconfig/mycobot_280.pc'
[5.596s] Level 1:colcon.colcon_core.environment:checking '/home/robotics/ros2_cobot/install/mycobot_280/lib/python3.10/site-packages'
[5.596s] Level 1:colcon.colcon_core.shell:create_environment_hook('mycobot_280', 'pythonpath')
[5.597s] INFO:colcon.colcon_core.shell:Creating environment hook '/home/robotics/ros2_cobot/install/mycobot_280/share/mycobot_280/hook/pythonpath.ps1'
[5.597s] INFO:colcon.colcon_core.shell:Creating environment descriptor '/home/robotics/ros2_cobot/install/mycobot_280/share/mycobot_280/hook/pythonpath.dsv'
[5.598s] INFO:colcon.colcon_core.shell:Creating environment hook '/home/robotics/ros2_cobot/install/mycobot_280/share/mycobot_280/hook/pythonpath.sh'
[5.598s] Level 1:colcon.colcon_core.environment:checking '/home/robotics/ros2_cobot/install/mycobot_280/bin'
[5.599s] Level 1:colcon.colcon_core.environment:create_environment_scripts_only(mycobot_280)
[5.599s] INFO:colcon.colcon_core.shell:Creating package script '/home/robotics/ros2_cobot/install/mycobot_280/share/mycobot_280/package.ps1'
[5.600s] INFO:colcon.colcon_core.shell:Creating package descriptor '/home/robotics/ros2_cobot/install/mycobot_280/share/mycobot_280/package.dsv'
[5.600s] INFO:colcon.colcon_core.shell:Creating package script '/home/robotics/ros2_cobot/install/mycobot_280/share/mycobot_280/package.sh'
[5.601s] INFO:colcon.colcon_core.shell:Creating package script '/home/robotics/ros2_cobot/install/mycobot_280/share/mycobot_280/package.bash'
[5.601s] INFO:colcon.colcon_core.shell:Creating package script '/home/robotics/ros2_cobot/install/mycobot_280/share/mycobot_280/package.zsh'
[5.602s] Level 1:colcon.colcon_core.environment:create_file_with_runtime_dependencies(/home/robotics/ros2_cobot/install/mycobot_280/share/colcon-core/packages/mycobot_280)
[5.602s] Level 1:colcon.colcon_core.environment:checking '/home/robotics/ros2_cobot/install/mycobot_280_x3pi' for CMake module files
[5.603s] Level 1:colcon.colcon_core.environment:checking '/home/robotics/ros2_cobot/install/mycobot_280_x3pi' for CMake config files
[5.604s] DEBUG:colcon.colcon_core.event_handler.log_command:Invoked command in '/home/robotics/ros2_cobot/src/mycobot_ros2/mycobot_280/mycobot_280_x3pi' returned '0': AMENT_PREFIX_PATH=/home/robotics/ros2_cobot/install/mycobot_description:/home/robotics/ros2_cobot/install/ultraarm:/home/robotics/ros2_cobot/install/traj_scripts:/home/robotics/ros2_cobot/install/mypalletizer_communication:/home/robotics/ros2_cobot/install/mypalletizer_interfaces:/home/robotics/ros2_cobot/install/mypalletizer_260_pi:/home/robotics/ros2_cobot/install/mypalletizer_260:/home/robotics/ros2_cobot/install/myarm_m750:/home/robotics/ros2_cobot/install/myarm_c650:/home/robotics/ros2_cobot/install/mycobot_communication:/home/robotics/ros2_cobot/install/mecharm_communication:/home/robotics/ros2_cobot/install/mycobot_interfaces:/home/robotics/ros2_cobot/install/mycobot_630:/home/robotics/ros2_cobot/install/mycobot_600:/home/robotics/ros2_cobot/install/mycobot_320pi:/home/robotics/ros2_cobot/install/mycobot_320_riscv:/home/robotics/ros2_cobot/install/mycobot_320:/home/robotics/ros2_cobot/install/mycobot_280rdkx5_moveit2:/home/robotics/ros2_cobot/install/mycobot_280pi:/home/robotics/ros2_cobot/install/mycobot_280jn:/home/robotics/ros2_cobot/install/mycobot_280arduino_moveit2:/home/robotics/ros2_cobot/install/mycobot_280_x3pi:/home/robotics/ros2_cobot/install/mycobot_280_riscv:/home/robotics/ros2_cobot/install/mycobot_280_rdkx5:/home/robotics/ros2_cobot/install/mycobot_280_moveit2_control:/home/robotics/ros2_cobot/install/mycobot_280_moveit2:/home/robotics/ros2_cobot/install/mycobot_280_arduino:/home/robotics/ros2_cobot/install/mycobot_280:/home/robotics/ros2_cobot/install/mybuddy:/home/robotics/ros2_cobot/install/myarm_300:/home/robotics/ros2_cobot/install/mecharm_pi:/home/robotics/ros2_cobot/install/mecharm:/home/robotics/ros2_cobot/install/mecharm_interfaces:/opt/ros/humble PYTHONPATH=/home/robotics/ros2_cobot/build/mycobot_280_x3pi/prefix_override:/usr/lib/python3/dist-packages/colcon_core/task/python/colcon_distutils_commands:/home/robotics/ros2_cobot/install/mycobot_280_x3pi/lib/python3.10/site-packages:/home/robotics/ros2_cobot/install/mycobot_description/lib/python3.10/site-packages:/home/robotics/ros2_cobot/install/ultraarm/lib/python3.10/site-packages:/home/robotics/ros2_cobot/install/traj_scripts/local/lib/python3.10/dist-packages:/home/robotics/ros2_cobot/install/mypalletizer_communication/lib/python3.10/site-packages:/home/robotics/ros2_cobot/install/mypalletizer_interfaces/local/lib/python3.10/dist-packages:/home/robotics/ros2_cobot/install/mypalletizer_260_pi/lib/python3.10/site-packages:/home/robotics/ros2_cobot/install/mypalletizer_260/lib/python3.10/site-packages:/home/robotics/ros2_cobot/install/myarm_m750/lib/python3.10/site-packages:/home/robotics/ros2_cobot/install/myarm_c650/lib/python3.10/site-packages:/home/robotics/ros2_cobot/install/mycobot_communication/lib/python3.10/site-packages:/home/robotics/ros2_cobot/install/mecharm_communication/lib/python3.10/site-packages:/home/robotics/ros2_cobot/install/mycobot_interfaces/local/lib/python3.10/dist-packages:/home/robotics/ros2_cobot/install/mycobot_630/lib/python3.10/site-packages:/home/robotics/ros2_cobot/install/mycobot_600/lib/python3.10/site-packages:/home/robotics/ros2_cobot/install/mycobot_320pi/lib/python3.10/site-packages:/home/robotics/ros2_cobot/install/mycobot_320_riscv/lib/python3.10/site-packages:/home/robotics/ros2_cobot/install/mycobot_320/lib/python3.10/site-packages:/home/robotics/ros2_cobot/install/mycobot_280pi/lib/python3.10/site-packages:/home/robotics/ros2_cobot/install/mycobot_280jn/lib/python3.10/site-packages:/home/robotics/ros2_cobot/install/mycobot_280_x3pi/lib/python3.10/site-packages:/home/robotics/ros2_cobot/install/mycobot_280_riscv/lib/python3.10/site-packages:/home/robotics/ros2_cobot/install/mycobot_280_rdkx5/lib/python3.10/site-packages:/home/robotics/ros2_cobot/install/mycobot_280_moveit2_control/lib/python3.10/site-packages:/home/robotics/ros2_cobot/install/mycobot_280_arduino/lib/python3.10/site-packages:/home/robotics/ros2_cobot/install/mycobot_280/lib/python3.10/site-packages:/home/robotics/ros2_cobot/install/mybuddy/lib/python3.10/site-packages:/home/robotics/ros2_cobot/install/myarm_300/lib/python3.10/site-packages:/home/robotics/ros2_cobot/install/mecharm_pi/lib/python3.10/site-packages:/home/robotics/ros2_cobot/install/mecharm/lib/python3.10/site-packages:/home/robotics/ros2_cobot/install/mecharm_interfaces/local/lib/python3.10/dist-packages:/opt/ros/humble/lib/python3.10/site-packages:/opt/ros/humble/local/lib/python3.10/dist-packages /usr/bin/python3 -W ignore:setup.py install is deprecated -W ignore:easy_install command is deprecated setup.py egg_info --egg-base ../../../../build/mycobot_280_x3pi build --build-base /home/robotics/ros2_cobot/build/mycobot_280_x3pi/build install --record /home/robotics/ros2_cobot/build/mycobot_280_x3pi/install.log --single-version-externally-managed install_data
[5.604s] Level 1:colcon.colcon_core.environment:checking '/home/robotics/ros2_cobot/install/mycobot_280_x3pi/lib'
[5.605s] Level 1:colcon.colcon_core.environment:checking '/home/robotics/ros2_cobot/install/mycobot_280_x3pi/bin'
[5.605s] Level 1:colcon.colcon_core.environment:checking '/home/robotics/ros2_cobot/install/mycobot_280_x3pi/lib/pkgconfig/mycobot_280_x3pi.pc'
[5.605s] Level 1:colcon.colcon_core.environment:checking '/home/robotics/ros2_cobot/install/mycobot_280_x3pi/lib/python3.10/site-packages'
[5.605s] Level 1:colcon.colcon_core.shell:create_environment_hook('mycobot_280_x3pi', 'pythonpath')
[5.605s] INFO:colcon.colcon_core.shell:Creating environment hook '/home/robotics/ros2_cobot/install/mycobot_280_x3pi/share/mycobot_280_x3pi/hook/pythonpath.ps1'
[5.606s] INFO:colcon.colcon_core.shell:Creating environment descriptor '/home/robotics/ros2_cobot/install/mycobot_280_x3pi/share/mycobot_280_x3pi/hook/pythonpath.dsv'
[5.606s] INFO:colcon.colcon_core.shell:Creating environment hook '/home/robotics/ros2_cobot/install/mycobot_280_x3pi/share/mycobot_280_x3pi/hook/pythonpath.sh'
[5.607s] Level 1:colcon.colcon_core.environment:checking '/home/robotics/ros2_cobot/install/mycobot_280_x3pi/bin'
[5.607s] Level 1:colcon.colcon_core.environment:create_environment_scripts_only(mycobot_280_x3pi)
[5.607s] INFO:colcon.colcon_core.shell:Creating package script '/home/robotics/ros2_cobot/install/mycobot_280_x3pi/share/mycobot_280_x3pi/package.ps1'
[5.608s] INFO:colcon.colcon_core.shell:Creating package descriptor '/home/robotics/ros2_cobot/install/mycobot_280_x3pi/share/mycobot_280_x3pi/package.dsv'
[5.609s] INFO:colcon.colcon_core.shell:Creating package script '/home/robotics/ros2_cobot/install/mycobot_280_x3pi/share/mycobot_280_x3pi/package.sh'
[5.609s] INFO:colcon.colcon_core.shell:Creating package script '/home/robotics/ros2_cobot/install/mycobot_280_x3pi/share/mycobot_280_x3pi/package.bash'
[5.609s] INFO:colcon.colcon_core.shell:Creating package script '/home/robotics/ros2_cobot/install/mycobot_280_x3pi/share/mycobot_280_x3pi/package.zsh'
[5.610s] Level 1:colcon.colcon_core.environment:create_file_with_runtime_dependencies(/home/robotics/ros2_cobot/install/mycobot_280_x3pi/share/colcon-core/packages/mycobot_280_x3pi)
[5.610s] Level 1:colcon.colcon_core.environment:checking '/home/robotics/ros2_cobot/install/mybuddy' for CMake module files
[5.611s] Level 1:colcon.colcon_core.environment:checking '/home/robotics/ros2_cobot/install/mybuddy' for CMake config files
[5.612s] DEBUG:colcon.colcon_core.event_handler.log_command:Invoked command in '/home/robotics/ros2_cobot/src/mycobot_ros2/Mybuddy/mybuddy' returned '0': AMENT_PREFIX_PATH=/home/robotics/ros2_cobot/install/mycobot_description:/home/robotics/ros2_cobot/install/ultraarm:/home/robotics/ros2_cobot/install/traj_scripts:/home/robotics/ros2_cobot/install/mypalletizer_communication:/home/robotics/ros2_cobot/install/mypalletizer_interfaces:/home/robotics/ros2_cobot/install/mypalletizer_260_pi:/home/robotics/ros2_cobot/install/mypalletizer_260:/home/robotics/ros2_cobot/install/myarm_m750:/home/robotics/ros2_cobot/install/myarm_c650:/home/robotics/ros2_cobot/install/mycobot_communication:/home/robotics/ros2_cobot/install/mecharm_communication:/home/robotics/ros2_cobot/install/mycobot_interfaces:/home/robotics/ros2_cobot/install/mycobot_630:/home/robotics/ros2_cobot/install/mycobot_600:/home/robotics/ros2_cobot/install/mycobot_320pi:/home/robotics/ros2_cobot/install/mycobot_320_riscv:/home/robotics/ros2_cobot/install/mycobot_320:/home/robotics/ros2_cobot/install/mycobot_280rdkx5_moveit2:/home/robotics/ros2_cobot/install/mycobot_280pi:/home/robotics/ros2_cobot/install/mycobot_280jn:/home/robotics/ros2_cobot/install/mycobot_280arduino_moveit2:/home/robotics/ros2_cobot/install/mycobot_280_x3pi:/home/robotics/ros2_cobot/install/mycobot_280_riscv:/home/robotics/ros2_cobot/install/mycobot_280_rdkx5:/home/robotics/ros2_cobot/install/mycobot_280_moveit2_control:/home/robotics/ros2_cobot/install/mycobot_280_moveit2:/home/robotics/ros2_cobot/install/mycobot_280_arduino:/home/robotics/ros2_cobot/install/mycobot_280:/home/robotics/ros2_cobot/install/mybuddy:/home/robotics/ros2_cobot/install/myarm_300:/home/robotics/ros2_cobot/install/mecharm_pi:/home/robotics/ros2_cobot/install/mecharm:/home/robotics/ros2_cobot/install/mecharm_interfaces:/opt/ros/humble PYTHONPATH=/home/robotics/ros2_cobot/build/mybuddy/prefix_override:/usr/lib/python3/dist-packages/colcon_core/task/python/colcon_distutils_commands:/home/robotics/ros2_cobot/install/mybuddy/lib/python3.10/site-packages:/home/robotics/ros2_cobot/install/mycobot_description/lib/python3.10/site-packages:/home/robotics/ros2_cobot/install/ultraarm/lib/python3.10/site-packages:/home/robotics/ros2_cobot/install/traj_scripts/local/lib/python3.10/dist-packages:/home/robotics/ros2_cobot/install/mypalletizer_communication/lib/python3.10/site-packages:/home/robotics/ros2_cobot/install/mypalletizer_interfaces/local/lib/python3.10/dist-packages:/home/robotics/ros2_cobot/install/mypalletizer_260_pi/lib/python3.10/site-packages:/home/robotics/ros2_cobot/install/mypalletizer_260/lib/python3.10/site-packages:/home/robotics/ros2_cobot/install/myarm_m750/lib/python3.10/site-packages:/home/robotics/ros2_cobot/install/myarm_c650/lib/python3.10/site-packages:/home/robotics/ros2_cobot/install/mycobot_communication/lib/python3.10/site-packages:/home/robotics/ros2_cobot/install/mecharm_communication/lib/python3.10/site-packages:/home/robotics/ros2_cobot/install/mycobot_interfaces/local/lib/python3.10/dist-packages:/home/robotics/ros2_cobot/install/mycobot_630/lib/python3.10/site-packages:/home/robotics/ros2_cobot/install/mycobot_600/lib/python3.10/site-packages:/home/robotics/ros2_cobot/install/mycobot_320pi/lib/python3.10/site-packages:/home/robotics/ros2_cobot/install/mycobot_320_riscv/lib/python3.10/site-packages:/home/robotics/ros2_cobot/install/mycobot_320/lib/python3.10/site-packages:/home/robotics/ros2_cobot/install/mycobot_280pi/lib/python3.10/site-packages:/home/robotics/ros2_cobot/install/mycobot_280jn/lib/python3.10/site-packages:/home/robotics/ros2_cobot/install/mycobot_280_x3pi/lib/python3.10/site-packages:/home/robotics/ros2_cobot/install/mycobot_280_riscv/lib/python3.10/site-packages:/home/robotics/ros2_cobot/install/mycobot_280_rdkx5/lib/python3.10/site-packages:/home/robotics/ros2_cobot/install/mycobot_280_moveit2_control/lib/python3.10/site-packages:/home/robotics/ros2_cobot/install/mycobot_280_arduino/lib/python3.10/site-packages:/home/robotics/ros2_cobot/install/mycobot_280/lib/python3.10/site-packages:/home/robotics/ros2_cobot/install/mybuddy/lib/python3.10/site-packages:/home/robotics/ros2_cobot/install/myarm_300/lib/python3.10/site-packages:/home/robotics/ros2_cobot/install/mecharm_pi/lib/python3.10/site-packages:/home/robotics/ros2_cobot/install/mecharm/lib/python3.10/site-packages:/home/robotics/ros2_cobot/install/mecharm_interfaces/local/lib/python3.10/dist-packages:/opt/ros/humble/lib/python3.10/site-packages:/opt/ros/humble/local/lib/python3.10/dist-packages /usr/bin/python3 -W ignore:setup.py install is deprecated -W ignore:easy_install command is deprecated setup.py egg_info --egg-base ../../../../build/mybuddy build --build-base /home/robotics/ros2_cobot/build/mybuddy/build install --record /home/robotics/ros2_cobot/build/mybuddy/install.log --single-version-externally-managed install_data
[5.613s] Level 1:colcon.colcon_core.environment:checking '/home/robotics/ros2_cobot/install/mybuddy/lib'
[5.613s] Level 1:colcon.colcon_core.environment:checking '/home/robotics/ros2_cobot/install/mybuddy/bin'
[5.613s] Level 1:colcon.colcon_core.environment:checking '/home/robotics/ros2_cobot/install/mybuddy/lib/pkgconfig/mybuddy.pc'
[5.613s] Level 1:colcon.colcon_core.environment:checking '/home/robotics/ros2_cobot/install/mybuddy/lib/python3.10/site-packages'
[5.613s] Level 1:colcon.colcon_core.shell:create_environment_hook('mybuddy', 'pythonpath')
[5.613s] INFO:colcon.colcon_core.shell:Creating environment hook '/home/robotics/ros2_cobot/install/mybuddy/share/mybuddy/hook/pythonpath.ps1'
[5.614s] INFO:colcon.colcon_core.shell:Creating environment descriptor '/home/robotics/ros2_cobot/install/mybuddy/share/mybuddy/hook/pythonpath.dsv'
[5.614s] INFO:colcon.colcon_core.shell:Creating environment hook '/home/robotics/ros2_cobot/install/mybuddy/share/mybuddy/hook/pythonpath.sh'
[5.615s] Level 1:colcon.colcon_core.environment:checking '/home/robotics/ros2_cobot/install/mybuddy/bin'
[5.615s] Level 1:colcon.colcon_core.environment:create_environment_scripts_only(mybuddy)
[5.616s] INFO:colcon.colcon_core.shell:Creating package script '/home/robotics/ros2_cobot/install/mybuddy/share/mybuddy/package.ps1'
[5.616s] INFO:colcon.colcon_core.shell:Creating package descriptor '/home/robotics/ros2_cobot/install/mybuddy/share/mybuddy/package.dsv'
[5.617s] INFO:colcon.colcon_core.shell:Creating package script '/home/robotics/ros2_cobot/install/mybuddy/share/mybuddy/package.sh'
[5.617s] INFO:colcon.colcon_core.shell:Creating package script '/home/robotics/ros2_cobot/install/mybuddy/share/mybuddy/package.bash'
[5.618s] INFO:colcon.colcon_core.shell:Creating package script '/home/robotics/ros2_cobot/install/mybuddy/share/mybuddy/package.zsh'
[5.618s] Level 1:colcon.colcon_core.environment:create_file_with_runtime_dependencies(/home/robotics/ros2_cobot/install/mybuddy/share/colcon-core/packages/mybuddy)
[5.619s] Level 1:colcon.colcon_core.environment:checking '/home/robotics/ros2_cobot/install/mecharm' for CMake module files
[5.621s] DEBUG:colcon.colcon_core.event_handler.log_command:Invoked command in '/home/robotics/ros2_cobot/src/mycobot_ros2/mecharm/mecharm' returned '0': AMENT_PREFIX_PATH=/home/robotics/ros2_cobot/install/mycobot_description:/home/robotics/ros2_cobot/install/ultraarm:/home/robotics/ros2_cobot/install/traj_scripts:/home/robotics/ros2_cobot/install/mypalletizer_communication:/home/robotics/ros2_cobot/install/mypalletizer_interfaces:/home/robotics/ros2_cobot/install/mypalletizer_260_pi:/home/robotics/ros2_cobot/install/mypalletizer_260:/home/robotics/ros2_cobot/install/myarm_m750:/home/robotics/ros2_cobot/install/myarm_c650:/home/robotics/ros2_cobot/install/mycobot_communication:/home/robotics/ros2_cobot/install/mecharm_communication:/home/robotics/ros2_cobot/install/mycobot_interfaces:/home/robotics/ros2_cobot/install/mycobot_630:/home/robotics/ros2_cobot/install/mycobot_600:/home/robotics/ros2_cobot/install/mycobot_320pi:/home/robotics/ros2_cobot/install/mycobot_320_riscv:/home/robotics/ros2_cobot/install/mycobot_320:/home/robotics/ros2_cobot/install/mycobot_280rdkx5_moveit2:/home/robotics/ros2_cobot/install/mycobot_280pi:/home/robotics/ros2_cobot/install/mycobot_280jn:/home/robotics/ros2_cobot/install/mycobot_280arduino_moveit2:/home/robotics/ros2_cobot/install/mycobot_280_x3pi:/home/robotics/ros2_cobot/install/mycobot_280_riscv:/home/robotics/ros2_cobot/install/mycobot_280_rdkx5:/home/robotics/ros2_cobot/install/mycobot_280_moveit2_control:/home/robotics/ros2_cobot/install/mycobot_280_moveit2:/home/robotics/ros2_cobot/install/mycobot_280_arduino:/home/robotics/ros2_cobot/install/mycobot_280:/home/robotics/ros2_cobot/install/mybuddy:/home/robotics/ros2_cobot/install/myarm_300:/home/robotics/ros2_cobot/install/mecharm_pi:/home/robotics/ros2_cobot/install/mecharm:/home/robotics/ros2_cobot/install/mecharm_interfaces:/opt/ros/humble PYTHONPATH=/home/robotics/ros2_cobot/build/mecharm/prefix_override:/usr/lib/python3/dist-packages/colcon_core/task/python/colcon_distutils_commands:/home/robotics/ros2_cobot/install/mecharm/lib/python3.10/site-packages:/home/robotics/ros2_cobot/install/mycobot_description/lib/python3.10/site-packages:/home/robotics/ros2_cobot/install/ultraarm/lib/python3.10/site-packages:/home/robotics/ros2_cobot/install/traj_scripts/local/lib/python3.10/dist-packages:/home/robotics/ros2_cobot/install/mypalletizer_communication/lib/python3.10/site-packages:/home/robotics/ros2_cobot/install/mypalletizer_interfaces/local/lib/python3.10/dist-packages:/home/robotics/ros2_cobot/install/mypalletizer_260_pi/lib/python3.10/site-packages:/home/robotics/ros2_cobot/install/mypalletizer_260/lib/python3.10/site-packages:/home/robotics/ros2_cobot/install/myarm_m750/lib/python3.10/site-packages:/home/robotics/ros2_cobot/install/myarm_c650/lib/python3.10/site-packages:/home/robotics/ros2_cobot/install/mycobot_communication/lib/python3.10/site-packages:/home/robotics/ros2_cobot/install/mecharm_communication/lib/python3.10/site-packages:/home/robotics/ros2_cobot/install/mycobot_interfaces/local/lib/python3.10/dist-packages:/home/robotics/ros2_cobot/install/mycobot_630/lib/python3.10/site-packages:/home/robotics/ros2_cobot/install/mycobot_600/lib/python3.10/site-packages:/home/robotics/ros2_cobot/install/mycobot_320pi/lib/python3.10/site-packages:/home/robotics/ros2_cobot/install/mycobot_320_riscv/lib/python3.10/site-packages:/home/robotics/ros2_cobot/install/mycobot_320/lib/python3.10/site-packages:/home/robotics/ros2_cobot/install/mycobot_280pi/lib/python3.10/site-packages:/home/robotics/ros2_cobot/install/mycobot_280jn/lib/python3.10/site-packages:/home/robotics/ros2_cobot/install/mycobot_280_x3pi/lib/python3.10/site-packages:/home/robotics/ros2_cobot/install/mycobot_280_riscv/lib/python3.10/site-packages:/home/robotics/ros2_cobot/install/mycobot_280_rdkx5/lib/python3.10/site-packages:/home/robotics/ros2_cobot/install/mycobot_280_moveit2_control/lib/python3.10/site-packages:/home/robotics/ros2_cobot/install/mycobot_280_arduino/lib/python3.10/site-packages:/home/robotics/ros2_cobot/install/mycobot_280/lib/python3.10/site-packages:/home/robotics/ros2_cobot/install/mybuddy/lib/python3.10/site-packages:/home/robotics/ros2_cobot/install/myarm_300/lib/python3.10/site-packages:/home/robotics/ros2_cobot/install/mecharm_pi/lib/python3.10/site-packages:/home/robotics/ros2_cobot/install/mecharm/lib/python3.10/site-packages:/home/robotics/ros2_cobot/install/mecharm_interfaces/local/lib/python3.10/dist-packages:/opt/ros/humble/lib/python3.10/site-packages:/opt/ros/humble/local/lib/python3.10/dist-packages /usr/bin/python3 -W ignore:setup.py install is deprecated -W ignore:easy_install command is deprecated setup.py egg_info --egg-base ../../../../build/mecharm build --build-base /home/robotics/ros2_cobot/build/mecharm/build install --record /home/robotics/ros2_cobot/build/mecharm/install.log --single-version-externally-managed install_data
[5.621s] Level 1:colcon.colcon_core.environment:checking '/home/robotics/ros2_cobot/install/mecharm' for CMake config files
[5.622s] Level 1:colcon.colcon_core.environment:checking '/home/robotics/ros2_cobot/install/mecharm/lib'
[5.622s] Level 1:colcon.colcon_core.environment:checking '/home/robotics/ros2_cobot/install/mecharm/bin'
[5.623s] Level 1:colcon.colcon_core.environment:checking '/home/robotics/ros2_cobot/install/mecharm/lib/pkgconfig/mecharm.pc'
[5.623s] Level 1:colcon.colcon_core.environment:checking '/home/robotics/ros2_cobot/install/mecharm/lib/python3.10/site-packages'
[5.623s] Level 1:colcon.colcon_core.shell:create_environment_hook('mecharm', 'pythonpath')
[5.623s] INFO:colcon.colcon_core.shell:Creating environment hook '/home/robotics/ros2_cobot/install/mecharm/share/mecharm/hook/pythonpath.ps1'
[5.624s] INFO:colcon.colcon_core.shell:Creating environment descriptor '/home/robotics/ros2_cobot/install/mecharm/share/mecharm/hook/pythonpath.dsv'
[5.625s] INFO:colcon.colcon_core.shell:Creating environment hook '/home/robotics/ros2_cobot/install/mecharm/share/mecharm/hook/pythonpath.sh'
[5.625s] Level 1:colcon.colcon_core.environment:checking '/home/robotics/ros2_cobot/install/mecharm/bin'
[5.625s] Level 1:colcon.colcon_core.environment:create_environment_scripts_only(mecharm)
[5.626s] INFO:colcon.colcon_core.shell:Creating package script '/home/robotics/ros2_cobot/install/mecharm/share/mecharm/package.ps1'
[5.626s] INFO:colcon.colcon_core.shell:Creating package descriptor '/home/robotics/ros2_cobot/install/mecharm/share/mecharm/package.dsv'
[5.627s] INFO:colcon.colcon_core.shell:Creating package script '/home/robotics/ros2_cobot/install/mecharm/share/mecharm/package.sh'
[5.628s] INFO:colcon.colcon_core.shell:Creating package script '/home/robotics/ros2_cobot/install/mecharm/share/mecharm/package.bash'
[5.628s] INFO:colcon.colcon_core.shell:Creating package script '/home/robotics/ros2_cobot/install/mecharm/share/mecharm/package.zsh'
[5.628s] Level 1:colcon.colcon_core.environment:create_file_with_runtime_dependencies(/home/robotics/ros2_cobot/install/mecharm/share/colcon-core/packages/mecharm)
[5.629s] Level 1:colcon.colcon_core.environment:create_environment_scripts_only(mycobot_280rdkx5_moveit2)
[5.629s] Level 1:colcon.colcon_core.environment:checking '/home/robotics/ros2_cobot/install/mycobot_280rdkx5_moveit2' for CMake module files
[5.630s] DEBUG:colcon.colcon_core.event_handler.log_command:Invoked command in '/home/robotics/ros2_cobot/build/mycobot_280rdkx5_moveit2' returned '0': AMENT_PREFIX_PATH=/home/robotics/ros2_cobot/install/mycobot_description:/home/robotics/ros2_cobot/install/ultraarm:/home/robotics/ros2_cobot/install/traj_scripts:/home/robotics/ros2_cobot/install/mypalletizer_communication:/home/robotics/ros2_cobot/install/mypalletizer_interfaces:/home/robotics/ros2_cobot/install/mypalletizer_260_pi:/home/robotics/ros2_cobot/install/mypalletizer_260:/home/robotics/ros2_cobot/install/myarm_m750:/home/robotics/ros2_cobot/install/myarm_c650:/home/robotics/ros2_cobot/install/mycobot_communication:/home/robotics/ros2_cobot/install/mecharm_communication:/home/robotics/ros2_cobot/install/mycobot_interfaces:/home/robotics/ros2_cobot/install/mycobot_630:/home/robotics/ros2_cobot/install/mycobot_600:/home/robotics/ros2_cobot/install/mycobot_320pi:/home/robotics/ros2_cobot/install/mycobot_320_riscv:/home/robotics/ros2_cobot/install/mycobot_320:/home/robotics/ros2_cobot/install/mycobot_280rdkx5_moveit2:/home/robotics/ros2_cobot/install/mycobot_280pi:/home/robotics/ros2_cobot/install/mycobot_280jn:/home/robotics/ros2_cobot/install/mycobot_280arduino_moveit2:/home/robotics/ros2_cobot/install/mycobot_280_x3pi:/home/robotics/ros2_cobot/install/mycobot_280_riscv:/home/robotics/ros2_cobot/install/mycobot_280_rdkx5:/home/robotics/ros2_cobot/install/mycobot_280_moveit2_control:/home/robotics/ros2_cobot/install/mycobot_280_moveit2:/home/robotics/ros2_cobot/install/mycobot_280_arduino:/home/robotics/ros2_cobot/install/mycobot_280:/home/robotics/ros2_cobot/install/mybuddy:/home/robotics/ros2_cobot/install/myarm_300:/home/robotics/ros2_cobot/install/mecharm_pi:/home/robotics/ros2_cobot/install/mecharm:/home/robotics/ros2_cobot/install/mecharm_interfaces:/opt/ros/humble CMAKE_PREFIX_PATH=${CMAKE_PREFIX_PATH}:/home/robotics/ros2_cobot/install/ultraarm:/home/robotics/ros2_cobot/install/mypalletizer_communication:/home/robotics/ros2_cobot/install/mypalletizer_260_pi:/home/robotics/ros2_cobot/install/mypalletizer_260:/home/robotics/ros2_cobot/install/myarm_m750:/home/robotics/ros2_cobot/install/myarm_c650:/home/robotics/ros2_cobot/install/mycobot_communication:/home/robotics/ros2_cobot/install/mecharm_communication:/home/robotics/ros2_cobot/install/mycobot_630:/home/robotics/ros2_cobot/install/mycobot_600:/home/robotics/ros2_cobot/install/mycobot_320pi:/home/robotics/ros2_cobot/install/mycobot_320_riscv:/home/robotics/ros2_cobot/install/mycobot_320:/home/robotics/ros2_cobot/install/mycobot_280pi:/home/robotics/ros2_cobot/install/mycobot_280jn:/home/robotics/ros2_cobot/install/mycobot_280_x3pi:/home/robotics/ros2_cobot/install/mycobot_280_riscv:/home/robotics/ros2_cobot/install/mycobot_280_rdkx5:/home/robotics/ros2_cobot/install/mycobot_280_moveit2_control:/home/robotics/ros2_cobot/install/mycobot_280_arduino:/home/robotics/ros2_cobot/install/mycobot_280:/home/robotics/ros2_cobot/install/mybuddy:/home/robotics/ros2_cobot/install/myarm_300:/home/robotics/ros2_cobot/install/mecharm_pi:/home/robotics/ros2_cobot/install/mecharm:/home/robotics/ros2_cobot/install/mycobot_description:/opt/ros/humble PYTHONPATH=/home/robotics/ros2_cobot/install/mycobot_description/lib/python3.10/site-packages:/home/robotics/ros2_cobot/install/ultraarm/lib/python3.10/site-packages:/home/robotics/ros2_cobot/install/traj_scripts/local/lib/python3.10/dist-packages:/home/robotics/ros2_cobot/install/mypalletizer_communication/lib/python3.10/site-packages:/home/robotics/ros2_cobot/install/mypalletizer_interfaces/local/lib/python3.10/dist-packages:/home/robotics/ros2_cobot/install/mypalletizer_260_pi/lib/python3.10/site-packages:/home/robotics/ros2_cobot/install/mypalletizer_260/lib/python3.10/site-packages:/home/robotics/ros2_cobot/install/myarm_m750/lib/python3.10/site-packages:/home/robotics/ros2_cobot/install/myarm_c650/lib/python3.10/site-packages:/home/robotics/ros2_cobot/install/mycobot_communication/lib/python3.10/site-packages:/home/robotics/ros2_cobot/install/mecharm_communication/lib/python3.10/site-packages:/home/robotics/ros2_cobot/install/mycobot_interfaces/local/lib/python3.10/dist-packages:/home/robotics/ros2_cobot/install/mycobot_630/lib/python3.10/site-packages:/home/robotics/ros2_cobot/install/mycobot_600/lib/python3.10/site-packages:/home/robotics/ros2_cobot/install/mycobot_320pi/lib/python3.10/site-packages:/home/robotics/ros2_cobot/install/mycobot_320_riscv/lib/python3.10/site-packages:/home/robotics/ros2_cobot/install/mycobot_320/lib/python3.10/site-packages:/home/robotics/ros2_cobot/install/mycobot_280pi/lib/python3.10/site-packages:/home/robotics/ros2_cobot/install/mycobot_280jn/lib/python3.10/site-packages:/home/robotics/ros2_cobot/install/mycobot_280_x3pi/lib/python3.10/site-packages:/home/robotics/ros2_cobot/install/mycobot_280_riscv/lib/python3.10/site-packages:/home/robotics/ros2_cobot/install/mycobot_280_rdkx5/lib/python3.10/site-packages:/home/robotics/ros2_cobot/install/mycobot_280_moveit2_control/lib/python3.10/site-packages:/home/robotics/ros2_cobot/install/mycobot_280_arduino/lib/python3.10/site-packages:/home/robotics/ros2_cobot/install/mycobot_280/lib/python3.10/site-packages:/home/robotics/ros2_cobot/install/mybuddy/lib/python3.10/site-packages:/home/robotics/ros2_cobot/install/myarm_300/lib/python3.10/site-packages:/home/robotics/ros2_cobot/install/mecharm_pi/lib/python3.10/site-packages:/home/robotics/ros2_cobot/install/mecharm/lib/python3.10/site-packages:/home/robotics/ros2_cobot/install/mecharm_interfaces/local/lib/python3.10/dist-packages:/opt/ros/humble/lib/python3.10/site-packages:/opt/ros/humble/local/lib/python3.10/dist-packages /usr/bin/cmake --install /home/robotics/ros2_cobot/build/mycobot_280rdkx5_moveit2
[5.631s] Level 1:colcon.colcon_core.environment:checking '/home/robotics/ros2_cobot/install/mycobot_280rdkx5_moveit2' for CMake config files
[5.631s] Level 1:colcon.colcon_core.shell:create_environment_hook('mycobot_280rdkx5_moveit2', 'cmake_prefix_path')
[5.631s] INFO:colcon.colcon_core.shell:Creating environment hook '/home/robotics/ros2_cobot/install/mycobot_280rdkx5_moveit2/share/mycobot_280rdkx5_moveit2/hook/cmake_prefix_path.ps1'
[5.632s] INFO:colcon.colcon_core.shell:Creating environment descriptor '/home/robotics/ros2_cobot/install/mycobot_280rdkx5_moveit2/share/mycobot_280rdkx5_moveit2/hook/cmake_prefix_path.dsv'
[5.632s] INFO:colcon.colcon_core.shell:Creating environment hook '/home/robotics/ros2_cobot/install/mycobot_280rdkx5_moveit2/share/mycobot_280rdkx5_moveit2/hook/cmake_prefix_path.sh'
[5.633s] Level 1:colcon.colcon_core.environment:checking '/home/robotics/ros2_cobot/install/mycobot_280rdkx5_moveit2/bin'
[5.633s] Level 1:colcon.colcon_core.environment:checking '/home/robotics/ros2_cobot/install/mycobot_280rdkx5_moveit2/lib/pkgconfig/mycobot_280rdkx5_moveit2.pc'
[5.633s] Level 1:colcon.colcon_core.environment:checking '/home/robotics/ros2_cobot/install/mycobot_280rdkx5_moveit2/lib/python3.10/site-packages'
[5.634s] Level 1:colcon.colcon_core.environment:checking '/home/robotics/ros2_cobot/install/mycobot_280rdkx5_moveit2/bin'
[5.634s] INFO:colcon.colcon_core.shell:Creating package script '/home/robotics/ros2_cobot/install/mycobot_280rdkx5_moveit2/share/mycobot_280rdkx5_moveit2/package.ps1'
[5.635s] INFO:colcon.colcon_core.shell:Creating package descriptor '/home/robotics/ros2_cobot/install/mycobot_280rdkx5_moveit2/share/mycobot_280rdkx5_moveit2/package.dsv'
[5.635s] INFO:colcon.colcon_core.shell:Creating package script '/home/robotics/ros2_cobot/install/mycobot_280rdkx5_moveit2/share/mycobot_280rdkx5_moveit2/package.sh'
[5.636s] INFO:colcon.colcon_core.shell:Creating package script '/home/robotics/ros2_cobot/install/mycobot_280rdkx5_moveit2/share/mycobot_280rdkx5_moveit2/package.bash'
[5.637s] INFO:colcon.colcon_core.shell:Creating package script '/home/robotics/ros2_cobot/install/mycobot_280rdkx5_moveit2/share/mycobot_280rdkx5_moveit2/package.zsh'
[5.637s] Level 1:colcon.colcon_core.environment:create_file_with_runtime_dependencies(/home/robotics/ros2_cobot/install/mycobot_280rdkx5_moveit2/share/colcon-core/packages/mycobot_280rdkx5_moveit2)
[5.638s] Level 1:colcon.colcon_core.environment:create_environment_scripts_only(mycobot_280rdkx5_moveit2)
[5.639s] Level 1:colcon.colcon_core.environment:checking '/home/robotics/ros2_cobot/install/mycobot_280rdkx5_moveit2' for CMake module files
[5.639s] Level 1:colcon.colcon_core.environment:checking '/home/robotics/ros2_cobot/install/mycobot_280rdkx5_moveit2' for CMake config files
[5.639s] Level 1:colcon.colcon_core.shell:create_environment_hook('mycobot_280rdkx5_moveit2', 'cmake_prefix_path')
[5.640s] INFO:colcon.colcon_core.shell:Creating environment hook '/home/robotics/ros2_cobot/install/mycobot_280rdkx5_moveit2/share/mycobot_280rdkx5_moveit2/hook/cmake_prefix_path.ps1'
[5.641s] INFO:colcon.colcon_core.shell:Creating environment descriptor '/home/robotics/ros2_cobot/install/mycobot_280rdkx5_moveit2/share/mycobot_280rdkx5_moveit2/hook/cmake_prefix_path.dsv'
[5.641s] INFO:colcon.colcon_core.shell:Creating environment hook '/home/robotics/ros2_cobot/install/mycobot_280rdkx5_moveit2/share/mycobot_280rdkx5_moveit2/hook/cmake_prefix_path.sh'
[5.642s] Level 1:colcon.colcon_core.environment:checking '/home/robotics/ros2_cobot/install/mycobot_280rdkx5_moveit2/bin'
[5.642s] Level 1:colcon.colcon_core.environment:checking '/home/robotics/ros2_cobot/install/mycobot_280rdkx5_moveit2/lib/pkgconfig/mycobot_280rdkx5_moveit2.pc'
[5.642s] Level 1:colcon.colcon_core.environment:checking '/home/robotics/ros2_cobot/install/mycobot_280rdkx5_moveit2/lib/python3.10/site-packages'
[5.642s] Level 1:colcon.colcon_core.environment:checking '/home/robotics/ros2_cobot/install/mycobot_280rdkx5_moveit2/bin'
[5.643s] INFO:colcon.colcon_core.shell:Creating package script '/home/robotics/ros2_cobot/install/mycobot_280rdkx5_moveit2/share/mycobot_280rdkx5_moveit2/package.ps1'
[5.643s] INFO:colcon.colcon_core.shell:Creating package descriptor '/home/robotics/ros2_cobot/install/mycobot_280rdkx5_moveit2/share/mycobot_280rdkx5_moveit2/package.dsv'
[5.644s] INFO:colcon.colcon_core.shell:Creating package script '/home/robotics/ros2_cobot/install/mycobot_280rdkx5_moveit2/share/mycobot_280rdkx5_moveit2/package.sh'
[5.644s] INFO:colcon.colcon_core.shell:Creating package script '/home/robotics/ros2_cobot/install/mycobot_280rdkx5_moveit2/share/mycobot_280rdkx5_moveit2/package.bash'
[5.645s] INFO:colcon.colcon_core.shell:Creating package script '/home/robotics/ros2_cobot/install/mycobot_280rdkx5_moveit2/share/mycobot_280rdkx5_moveit2/package.zsh'
[5.646s] Level 1:colcon.colcon_core.environment:create_file_with_runtime_dependencies(/home/robotics/ros2_cobot/install/mycobot_280rdkx5_moveit2/share/colcon-core/packages/mycobot_280rdkx5_moveit2)
[5.646s] Level 1:colcon.colcon_core.environment:checking '/home/robotics/ros2_cobot/install/mycobot_280jn' for CMake module files
[5.648s] Level 1:colcon.colcon_core.environment:checking '/home/robotics/ros2_cobot/install/mycobot_280jn' for CMake config files
[5.648s] DEBUG:colcon.colcon_core.event_handler.log_command:Invoked command in '/home/robotics/ros2_cobot/src/mycobot_ros2/mycobot_280/mycobot_280jn' returned '0': AMENT_PREFIX_PATH=/home/robotics/ros2_cobot/install/mycobot_description:/home/robotics/ros2_cobot/install/ultraarm:/home/robotics/ros2_cobot/install/traj_scripts:/home/robotics/ros2_cobot/install/mypalletizer_communication:/home/robotics/ros2_cobot/install/mypalletizer_interfaces:/home/robotics/ros2_cobot/install/mypalletizer_260_pi:/home/robotics/ros2_cobot/install/mypalletizer_260:/home/robotics/ros2_cobot/install/myarm_m750:/home/robotics/ros2_cobot/install/myarm_c650:/home/robotics/ros2_cobot/install/mycobot_communication:/home/robotics/ros2_cobot/install/mecharm_communication:/home/robotics/ros2_cobot/install/mycobot_interfaces:/home/robotics/ros2_cobot/install/mycobot_630:/home/robotics/ros2_cobot/install/mycobot_600:/home/robotics/ros2_cobot/install/mycobot_320pi:/home/robotics/ros2_cobot/install/mycobot_320_riscv:/home/robotics/ros2_cobot/install/mycobot_320:/home/robotics/ros2_cobot/install/mycobot_280rdkx5_moveit2:/home/robotics/ros2_cobot/install/mycobot_280pi:/home/robotics/ros2_cobot/install/mycobot_280jn:/home/robotics/ros2_cobot/install/mycobot_280arduino_moveit2:/home/robotics/ros2_cobot/install/mycobot_280_x3pi:/home/robotics/ros2_cobot/install/mycobot_280_riscv:/home/robotics/ros2_cobot/install/mycobot_280_rdkx5:/home/robotics/ros2_cobot/install/mycobot_280_moveit2_control:/home/robotics/ros2_cobot/install/mycobot_280_moveit2:/home/robotics/ros2_cobot/install/mycobot_280_arduino:/home/robotics/ros2_cobot/install/mycobot_280:/home/robotics/ros2_cobot/install/mybuddy:/home/robotics/ros2_cobot/install/myarm_300:/home/robotics/ros2_cobot/install/mecharm_pi:/home/robotics/ros2_cobot/install/mecharm:/home/robotics/ros2_cobot/install/mecharm_interfaces:/opt/ros/humble PYTHONPATH=/home/robotics/ros2_cobot/build/mycobot_280jn/prefix_override:/usr/lib/python3/dist-packages/colcon_core/task/python/colcon_distutils_commands:/home/robotics/ros2_cobot/install/mycobot_280jn/lib/python3.10/site-packages:/home/robotics/ros2_cobot/install/mycobot_description/lib/python3.10/site-packages:/home/robotics/ros2_cobot/install/ultraarm/lib/python3.10/site-packages:/home/robotics/ros2_cobot/install/traj_scripts/local/lib/python3.10/dist-packages:/home/robotics/ros2_cobot/install/mypalletizer_communication/lib/python3.10/site-packages:/home/robotics/ros2_cobot/install/mypalletizer_interfaces/local/lib/python3.10/dist-packages:/home/robotics/ros2_cobot/install/mypalletizer_260_pi/lib/python3.10/site-packages:/home/robotics/ros2_cobot/install/mypalletizer_260/lib/python3.10/site-packages:/home/robotics/ros2_cobot/install/myarm_m750/lib/python3.10/site-packages:/home/robotics/ros2_cobot/install/myarm_c650/lib/python3.10/site-packages:/home/robotics/ros2_cobot/install/mycobot_communication/lib/python3.10/site-packages:/home/robotics/ros2_cobot/install/mecharm_communication/lib/python3.10/site-packages:/home/robotics/ros2_cobot/install/mycobot_interfaces/local/lib/python3.10/dist-packages:/home/robotics/ros2_cobot/install/mycobot_630/lib/python3.10/site-packages:/home/robotics/ros2_cobot/install/mycobot_600/lib/python3.10/site-packages:/home/robotics/ros2_cobot/install/mycobot_320pi/lib/python3.10/site-packages:/home/robotics/ros2_cobot/install/mycobot_320_riscv/lib/python3.10/site-packages:/home/robotics/ros2_cobot/install/mycobot_320/lib/python3.10/site-packages:/home/robotics/ros2_cobot/install/mycobot_280pi/lib/python3.10/site-packages:/home/robotics/ros2_cobot/install/mycobot_280jn/lib/python3.10/site-packages:/home/robotics/ros2_cobot/install/mycobot_280_x3pi/lib/python3.10/site-packages:/home/robotics/ros2_cobot/install/mycobot_280_riscv/lib/python3.10/site-packages:/home/robotics/ros2_cobot/install/mycobot_280_rdkx5/lib/python3.10/site-packages:/home/robotics/ros2_cobot/install/mycobot_280_moveit2_control/lib/python3.10/site-packages:/home/robotics/ros2_cobot/install/mycobot_280_arduino/lib/python3.10/site-packages:/home/robotics/ros2_cobot/install/mycobot_280/lib/python3.10/site-packages:/home/robotics/ros2_cobot/install/mybuddy/lib/python3.10/site-packages:/home/robotics/ros2_cobot/install/myarm_300/lib/python3.10/site-packages:/home/robotics/ros2_cobot/install/mecharm_pi/lib/python3.10/site-packages:/home/robotics/ros2_cobot/install/mecharm/lib/python3.10/site-packages:/home/robotics/ros2_cobot/install/mecharm_interfaces/local/lib/python3.10/dist-packages:/opt/ros/humble/lib/python3.10/site-packages:/opt/ros/humble/local/lib/python3.10/dist-packages /usr/bin/python3 -W ignore:setup.py install is deprecated -W ignore:easy_install command is deprecated setup.py egg_info --egg-base ../../../../build/mycobot_280jn build --build-base /home/robotics/ros2_cobot/build/mycobot_280jn/build install --record /home/robotics/ros2_cobot/build/mycobot_280jn/install.log --single-version-externally-managed install_data
[5.649s] Level 1:colcon.colcon_core.environment:checking '/home/robotics/ros2_cobot/install/mycobot_280jn/lib'
[5.649s] Level 1:colcon.colcon_core.environment:checking '/home/robotics/ros2_cobot/install/mycobot_280jn/bin'
[5.649s] Level 1:colcon.colcon_core.environment:checking '/home/robotics/ros2_cobot/install/mycobot_280jn/lib/pkgconfig/mycobot_280jn.pc'
[5.649s] Level 1:colcon.colcon_core.environment:checking '/home/robotics/ros2_cobot/install/mycobot_280jn/lib/python3.10/site-packages'
[5.649s] Level 1:colcon.colcon_core.shell:create_environment_hook('mycobot_280jn', 'pythonpath')
[5.649s] INFO:colcon.colcon_core.shell:Creating environment hook '/home/robotics/ros2_cobot/install/mycobot_280jn/share/mycobot_280jn/hook/pythonpath.ps1'
[5.650s] INFO:colcon.colcon_core.shell:Creating environment descriptor '/home/robotics/ros2_cobot/install/mycobot_280jn/share/mycobot_280jn/hook/pythonpath.dsv'
[5.651s] INFO:colcon.colcon_core.shell:Creating environment hook '/home/robotics/ros2_cobot/install/mycobot_280jn/share/mycobot_280jn/hook/pythonpath.sh'
[5.651s] Level 1:colcon.colcon_core.environment:checking '/home/robotics/ros2_cobot/install/mycobot_280jn/bin'
[5.651s] Level 1:colcon.colcon_core.environment:create_environment_scripts_only(mycobot_280jn)
[5.652s] INFO:colcon.colcon_core.shell:Creating package script '/home/robotics/ros2_cobot/install/mycobot_280jn/share/mycobot_280jn/package.ps1'
[5.652s] INFO:colcon.colcon_core.shell:Creating package descriptor '/home/robotics/ros2_cobot/install/mycobot_280jn/share/mycobot_280jn/package.dsv'
[5.653s] INFO:colcon.colcon_core.shell:Creating package script '/home/robotics/ros2_cobot/install/mycobot_280jn/share/mycobot_280jn/package.sh'
[5.653s] INFO:colcon.colcon_core.shell:Creating package script '/home/robotics/ros2_cobot/install/mycobot_280jn/share/mycobot_280jn/package.bash'
[5.654s] INFO:colcon.colcon_core.shell:Creating package script '/home/robotics/ros2_cobot/install/mycobot_280jn/share/mycobot_280jn/package.zsh'
[5.654s] Level 1:colcon.colcon_core.environment:create_file_with_runtime_dependencies(/home/robotics/ros2_cobot/install/mycobot_280jn/share/colcon-core/packages/mycobot_280jn)
[5.655s] Level 1:colcon.colcon_core.environment:checking '/home/robotics/ros2_cobot/install/myarm_300' for CMake module files
[5.656s] Level 1:colcon.colcon_core.environment:checking '/home/robotics/ros2_cobot/install/myarm_300' for CMake config files
[5.656s] DEBUG:colcon.colcon_core.event_handler.log_command:Invoked command in '/home/robotics/ros2_cobot/src/mycobot_ros2/myArm/myarm_300' returned '0': AMENT_PREFIX_PATH=/home/robotics/ros2_cobot/install/mycobot_description:/home/robotics/ros2_cobot/install/ultraarm:/home/robotics/ros2_cobot/install/traj_scripts:/home/robotics/ros2_cobot/install/mypalletizer_communication:/home/robotics/ros2_cobot/install/mypalletizer_interfaces:/home/robotics/ros2_cobot/install/mypalletizer_260_pi:/home/robotics/ros2_cobot/install/mypalletizer_260:/home/robotics/ros2_cobot/install/myarm_m750:/home/robotics/ros2_cobot/install/myarm_c650:/home/robotics/ros2_cobot/install/mycobot_communication:/home/robotics/ros2_cobot/install/mecharm_communication:/home/robotics/ros2_cobot/install/mycobot_interfaces:/home/robotics/ros2_cobot/install/mycobot_630:/home/robotics/ros2_cobot/install/mycobot_600:/home/robotics/ros2_cobot/install/mycobot_320pi:/home/robotics/ros2_cobot/install/mycobot_320_riscv:/home/robotics/ros2_cobot/install/mycobot_320:/home/robotics/ros2_cobot/install/mycobot_280rdkx5_moveit2:/home/robotics/ros2_cobot/install/mycobot_280pi:/home/robotics/ros2_cobot/install/mycobot_280jn:/home/robotics/ros2_cobot/install/mycobot_280arduino_moveit2:/home/robotics/ros2_cobot/install/mycobot_280_x3pi:/home/robotics/ros2_cobot/install/mycobot_280_riscv:/home/robotics/ros2_cobot/install/mycobot_280_rdkx5:/home/robotics/ros2_cobot/install/mycobot_280_moveit2_control:/home/robotics/ros2_cobot/install/mycobot_280_moveit2:/home/robotics/ros2_cobot/install/mycobot_280_arduino:/home/robotics/ros2_cobot/install/mycobot_280:/home/robotics/ros2_cobot/install/mybuddy:/home/robotics/ros2_cobot/install/myarm_300:/home/robotics/ros2_cobot/install/mecharm_pi:/home/robotics/ros2_cobot/install/mecharm:/home/robotics/ros2_cobot/install/mecharm_interfaces:/opt/ros/humble PYTHONPATH=/home/robotics/ros2_cobot/build/myarm_300/prefix_override:/usr/lib/python3/dist-packages/colcon_core/task/python/colcon_distutils_commands:/home/robotics/ros2_cobot/install/myarm_300/lib/python3.10/site-packages:/home/robotics/ros2_cobot/install/mycobot_description/lib/python3.10/site-packages:/home/robotics/ros2_cobot/install/ultraarm/lib/python3.10/site-packages:/home/robotics/ros2_cobot/install/traj_scripts/local/lib/python3.10/dist-packages:/home/robotics/ros2_cobot/install/mypalletizer_communication/lib/python3.10/site-packages:/home/robotics/ros2_cobot/install/mypalletizer_interfaces/local/lib/python3.10/dist-packages:/home/robotics/ros2_cobot/install/mypalletizer_260_pi/lib/python3.10/site-packages:/home/robotics/ros2_cobot/install/mypalletizer_260/lib/python3.10/site-packages:/home/robotics/ros2_cobot/install/myarm_m750/lib/python3.10/site-packages:/home/robotics/ros2_cobot/install/myarm_c650/lib/python3.10/site-packages:/home/robotics/ros2_cobot/install/mycobot_communication/lib/python3.10/site-packages:/home/robotics/ros2_cobot/install/mecharm_communication/lib/python3.10/site-packages:/home/robotics/ros2_cobot/install/mycobot_interfaces/local/lib/python3.10/dist-packages:/home/robotics/ros2_cobot/install/mycobot_630/lib/python3.10/site-packages:/home/robotics/ros2_cobot/install/mycobot_600/lib/python3.10/site-packages:/home/robotics/ros2_cobot/install/mycobot_320pi/lib/python3.10/site-packages:/home/robotics/ros2_cobot/install/mycobot_320_riscv/lib/python3.10/site-packages:/home/robotics/ros2_cobot/install/mycobot_320/lib/python3.10/site-packages:/home/robotics/ros2_cobot/install/mycobot_280pi/lib/python3.10/site-packages:/home/robotics/ros2_cobot/install/mycobot_280jn/lib/python3.10/site-packages:/home/robotics/ros2_cobot/install/mycobot_280_x3pi/lib/python3.10/site-packages:/home/robotics/ros2_cobot/install/mycobot_280_riscv/lib/python3.10/site-packages:/home/robotics/ros2_cobot/install/mycobot_280_rdkx5/lib/python3.10/site-packages:/home/robotics/ros2_cobot/install/mycobot_280_moveit2_control/lib/python3.10/site-packages:/home/robotics/ros2_cobot/install/mycobot_280_arduino/lib/python3.10/site-packages:/home/robotics/ros2_cobot/install/mycobot_280/lib/python3.10/site-packages:/home/robotics/ros2_cobot/install/mybuddy/lib/python3.10/site-packages:/home/robotics/ros2_cobot/install/myarm_300/lib/python3.10/site-packages:/home/robotics/ros2_cobot/install/mecharm_pi/lib/python3.10/site-packages:/home/robotics/ros2_cobot/install/mecharm/lib/python3.10/site-packages:/home/robotics/ros2_cobot/install/mecharm_interfaces/local/lib/python3.10/dist-packages:/opt/ros/humble/lib/python3.10/site-packages:/opt/ros/humble/local/lib/python3.10/dist-packages /usr/bin/python3 -W ignore:setup.py install is deprecated -W ignore:easy_install command is deprecated setup.py egg_info --egg-base ../../../../build/myarm_300 build --build-base /home/robotics/ros2_cobot/build/myarm_300/build install --record /home/robotics/ros2_cobot/build/myarm_300/install.log --single-version-externally-managed install_data
[5.657s] Level 1:colcon.colcon_core.environment:checking '/home/robotics/ros2_cobot/install/myarm_300/lib'
[5.657s] Level 1:colcon.colcon_core.environment:checking '/home/robotics/ros2_cobot/install/myarm_300/bin'
[5.657s] Level 1:colcon.colcon_core.environment:checking '/home/robotics/ros2_cobot/install/myarm_300/lib/pkgconfig/myarm_300.pc'
[5.658s] Level 1:colcon.colcon_core.environment:checking '/home/robotics/ros2_cobot/install/myarm_300/lib/python3.10/site-packages'
[5.658s] Level 1:colcon.colcon_core.shell:create_environment_hook('myarm_300', 'pythonpath')
[5.658s] INFO:colcon.colcon_core.shell:Creating environment hook '/home/robotics/ros2_cobot/install/myarm_300/share/myarm_300/hook/pythonpath.ps1'
[5.659s] INFO:colcon.colcon_core.shell:Creating environment descriptor '/home/robotics/ros2_cobot/install/myarm_300/share/myarm_300/hook/pythonpath.dsv'
[5.659s] INFO:colcon.colcon_core.shell:Creating environment hook '/home/robotics/ros2_cobot/install/myarm_300/share/myarm_300/hook/pythonpath.sh'
[5.660s] Level 1:colcon.colcon_core.environment:checking '/home/robotics/ros2_cobot/install/myarm_300/bin'
[5.660s] Level 1:colcon.colcon_core.environment:create_environment_scripts_only(myarm_300)
[5.660s] INFO:colcon.colcon_core.shell:Creating package script '/home/robotics/ros2_cobot/install/myarm_300/share/myarm_300/package.ps1'
[5.661s] INFO:colcon.colcon_core.shell:Creating package descriptor '/home/robotics/ros2_cobot/install/myarm_300/share/myarm_300/package.dsv'
[5.662s] INFO:colcon.colcon_core.shell:Creating package script '/home/robotics/ros2_cobot/install/myarm_300/share/myarm_300/package.sh'
[5.663s] INFO:colcon.colcon_core.shell:Creating package script '/home/robotics/ros2_cobot/install/myarm_300/share/myarm_300/package.bash'
[5.663s] INFO:colcon.colcon_core.shell:Creating package script '/home/robotics/ros2_cobot/install/myarm_300/share/myarm_300/package.zsh'
[5.664s] Level 1:colcon.colcon_core.environment:create_file_with_runtime_dependencies(/home/robotics/ros2_cobot/install/myarm_300/share/colcon-core/packages/myarm_300)
[5.664s] Level 1:colcon.colcon_core.environment:checking '/home/robotics/ros2_cobot/install/mycobot_280_riscv' for CMake module files
[5.666s] DEBUG:colcon.colcon_core.event_handler.log_command:Invoked command in '/home/robotics/ros2_cobot/src/mycobot_ros2/mycobot_280/mycobot_280_riscv' returned '0': AMENT_PREFIX_PATH=/home/robotics/ros2_cobot/install/mycobot_description:/home/robotics/ros2_cobot/install/ultraarm:/home/robotics/ros2_cobot/install/traj_scripts:/home/robotics/ros2_cobot/install/mypalletizer_communication:/home/robotics/ros2_cobot/install/mypalletizer_interfaces:/home/robotics/ros2_cobot/install/mypalletizer_260_pi:/home/robotics/ros2_cobot/install/mypalletizer_260:/home/robotics/ros2_cobot/install/myarm_m750:/home/robotics/ros2_cobot/install/myarm_c650:/home/robotics/ros2_cobot/install/mycobot_communication:/home/robotics/ros2_cobot/install/mecharm_communication:/home/robotics/ros2_cobot/install/mycobot_interfaces:/home/robotics/ros2_cobot/install/mycobot_630:/home/robotics/ros2_cobot/install/mycobot_600:/home/robotics/ros2_cobot/install/mycobot_320pi:/home/robotics/ros2_cobot/install/mycobot_320_riscv:/home/robotics/ros2_cobot/install/mycobot_320:/home/robotics/ros2_cobot/install/mycobot_280rdkx5_moveit2:/home/robotics/ros2_cobot/install/mycobot_280pi:/home/robotics/ros2_cobot/install/mycobot_280jn:/home/robotics/ros2_cobot/install/mycobot_280arduino_moveit2:/home/robotics/ros2_cobot/install/mycobot_280_x3pi:/home/robotics/ros2_cobot/install/mycobot_280_riscv:/home/robotics/ros2_cobot/install/mycobot_280_rdkx5:/home/robotics/ros2_cobot/install/mycobot_280_moveit2_control:/home/robotics/ros2_cobot/install/mycobot_280_moveit2:/home/robotics/ros2_cobot/install/mycobot_280_arduino:/home/robotics/ros2_cobot/install/mycobot_280:/home/robotics/ros2_cobot/install/mybuddy:/home/robotics/ros2_cobot/install/myarm_300:/home/robotics/ros2_cobot/install/mecharm_pi:/home/robotics/ros2_cobot/install/mecharm:/home/robotics/ros2_cobot/install/mecharm_interfaces:/opt/ros/humble PYTHONPATH=/home/robotics/ros2_cobot/build/mycobot_280_riscv/prefix_override:/usr/lib/python3/dist-packages/colcon_core/task/python/colcon_distutils_commands:/home/robotics/ros2_cobot/install/mycobot_280_riscv/lib/python3.10/site-packages:/home/robotics/ros2_cobot/install/mycobot_description/lib/python3.10/site-packages:/home/robotics/ros2_cobot/install/ultraarm/lib/python3.10/site-packages:/home/robotics/ros2_cobot/install/traj_scripts/local/lib/python3.10/dist-packages:/home/robotics/ros2_cobot/install/mypalletizer_communication/lib/python3.10/site-packages:/home/robotics/ros2_cobot/install/mypalletizer_interfaces/local/lib/python3.10/dist-packages:/home/robotics/ros2_cobot/install/mypalletizer_260_pi/lib/python3.10/site-packages:/home/robotics/ros2_cobot/install/mypalletizer_260/lib/python3.10/site-packages:/home/robotics/ros2_cobot/install/myarm_m750/lib/python3.10/site-packages:/home/robotics/ros2_cobot/install/myarm_c650/lib/python3.10/site-packages:/home/robotics/ros2_cobot/install/mycobot_communication/lib/python3.10/site-packages:/home/robotics/ros2_cobot/install/mecharm_communication/lib/python3.10/site-packages:/home/robotics/ros2_cobot/install/mycobot_interfaces/local/lib/python3.10/dist-packages:/home/robotics/ros2_cobot/install/mycobot_630/lib/python3.10/site-packages:/home/robotics/ros2_cobot/install/mycobot_600/lib/python3.10/site-packages:/home/robotics/ros2_cobot/install/mycobot_320pi/lib/python3.10/site-packages:/home/robotics/ros2_cobot/install/mycobot_320_riscv/lib/python3.10/site-packages:/home/robotics/ros2_cobot/install/mycobot_320/lib/python3.10/site-packages:/home/robotics/ros2_cobot/install/mycobot_280pi/lib/python3.10/site-packages:/home/robotics/ros2_cobot/install/mycobot_280jn/lib/python3.10/site-packages:/home/robotics/ros2_cobot/install/mycobot_280_x3pi/lib/python3.10/site-packages:/home/robotics/ros2_cobot/install/mycobot_280_riscv/lib/python3.10/site-packages:/home/robotics/ros2_cobot/install/mycobot_280_rdkx5/lib/python3.10/site-packages:/home/robotics/ros2_cobot/install/mycobot_280_moveit2_control/lib/python3.10/site-packages:/home/robotics/ros2_cobot/install/mycobot_280_arduino/lib/python3.10/site-packages:/home/robotics/ros2_cobot/install/mycobot_280/lib/python3.10/site-packages:/home/robotics/ros2_cobot/install/mybuddy/lib/python3.10/site-packages:/home/robotics/ros2_cobot/install/myarm_300/lib/python3.10/site-packages:/home/robotics/ros2_cobot/install/mecharm_pi/lib/python3.10/site-packages:/home/robotics/ros2_cobot/install/mecharm/lib/python3.10/site-packages:/home/robotics/ros2_cobot/install/mecharm_interfaces/local/lib/python3.10/dist-packages:/opt/ros/humble/lib/python3.10/site-packages:/opt/ros/humble/local/lib/python3.10/dist-packages /usr/bin/python3 -W ignore:setup.py install is deprecated -W ignore:easy_install command is deprecated setup.py egg_info --egg-base ../../../../build/mycobot_280_riscv build --build-base /home/robotics/ros2_cobot/build/mycobot_280_riscv/build install --record /home/robotics/ros2_cobot/build/mycobot_280_riscv/install.log --single-version-externally-managed install_data
[5.666s] Level 1:colcon.colcon_core.environment:checking '/home/robotics/ros2_cobot/install/mycobot_280_riscv' for CMake config files
[5.667s] Level 1:colcon.colcon_core.environment:checking '/home/robotics/ros2_cobot/install/mycobot_280_riscv/lib'
[5.667s] Level 1:colcon.colcon_core.environment:checking '/home/robotics/ros2_cobot/install/mycobot_280_riscv/bin'
[5.667s] Level 1:colcon.colcon_core.environment:checking '/home/robotics/ros2_cobot/install/mycobot_280_riscv/lib/pkgconfig/mycobot_280_riscv.pc'
[5.667s] Level 1:colcon.colcon_core.environment:checking '/home/robotics/ros2_cobot/install/mycobot_280_riscv/lib/python3.10/site-packages'
[5.667s] Level 1:colcon.colcon_core.shell:create_environment_hook('mycobot_280_riscv', 'pythonpath')
[5.667s] INFO:colcon.colcon_core.shell:Creating environment hook '/home/robotics/ros2_cobot/install/mycobot_280_riscv/share/mycobot_280_riscv/hook/pythonpath.ps1'
[5.668s] INFO:colcon.colcon_core.shell:Creating environment descriptor '/home/robotics/ros2_cobot/install/mycobot_280_riscv/share/mycobot_280_riscv/hook/pythonpath.dsv'
[5.669s] INFO:colcon.colcon_core.shell:Creating environment hook '/home/robotics/ros2_cobot/install/mycobot_280_riscv/share/mycobot_280_riscv/hook/pythonpath.sh'
[5.670s] Level 1:colcon.colcon_core.environment:checking '/home/robotics/ros2_cobot/install/mycobot_280_riscv/bin'
[5.670s] Level 1:colcon.colcon_core.environment:create_environment_scripts_only(mycobot_280_riscv)
[5.670s] INFO:colcon.colcon_core.shell:Creating package script '/home/robotics/ros2_cobot/install/mycobot_280_riscv/share/mycobot_280_riscv/package.ps1'
[5.671s] INFO:colcon.colcon_core.shell:Creating package descriptor '/home/robotics/ros2_cobot/install/mycobot_280_riscv/share/mycobot_280_riscv/package.dsv'
[5.672s] INFO:colcon.colcon_core.shell:Creating package script '/home/robotics/ros2_cobot/install/mycobot_280_riscv/share/mycobot_280_riscv/package.sh'
[5.672s] INFO:colcon.colcon_core.shell:Creating package script '/home/robotics/ros2_cobot/install/mycobot_280_riscv/share/mycobot_280_riscv/package.bash'
[5.673s] INFO:colcon.colcon_core.shell:Creating package script '/home/robotics/ros2_cobot/install/mycobot_280_riscv/share/mycobot_280_riscv/package.zsh'
[5.673s] Level 1:colcon.colcon_core.environment:create_file_with_runtime_dependencies(/home/robotics/ros2_cobot/install/mycobot_280_riscv/share/colcon-core/packages/mycobot_280_riscv)
[5.674s] Level 1:colcon.colcon_core.environment:checking '/home/robotics/ros2_cobot/install/mycobot_280_moveit2_control' for CMake module files
[5.675s] Level 1:colcon.colcon_core.environment:checking '/home/robotics/ros2_cobot/install/mycobot_280_moveit2_control' for CMake config files
[5.676s] DEBUG:colcon.colcon_core.event_handler.log_command:Invoked command in '/home/robotics/ros2_cobot/src/mycobot_ros2/mycobot_280/mycobot_280_moveit2_control' returned '0': AMENT_PREFIX_PATH=/home/robotics/ros2_cobot/install/mycobot_description:/home/robotics/ros2_cobot/install/ultraarm:/home/robotics/ros2_cobot/install/traj_scripts:/home/robotics/ros2_cobot/install/mypalletizer_communication:/home/robotics/ros2_cobot/install/mypalletizer_interfaces:/home/robotics/ros2_cobot/install/mypalletizer_260_pi:/home/robotics/ros2_cobot/install/mypalletizer_260:/home/robotics/ros2_cobot/install/myarm_m750:/home/robotics/ros2_cobot/install/myarm_c650:/home/robotics/ros2_cobot/install/mycobot_communication:/home/robotics/ros2_cobot/install/mecharm_communication:/home/robotics/ros2_cobot/install/mycobot_interfaces:/home/robotics/ros2_cobot/install/mycobot_630:/home/robotics/ros2_cobot/install/mycobot_600:/home/robotics/ros2_cobot/install/mycobot_320pi:/home/robotics/ros2_cobot/install/mycobot_320_riscv:/home/robotics/ros2_cobot/install/mycobot_320:/home/robotics/ros2_cobot/install/mycobot_280rdkx5_moveit2:/home/robotics/ros2_cobot/install/mycobot_280pi:/home/robotics/ros2_cobot/install/mycobot_280jn:/home/robotics/ros2_cobot/install/mycobot_280arduino_moveit2:/home/robotics/ros2_cobot/install/mycobot_280_x3pi:/home/robotics/ros2_cobot/install/mycobot_280_riscv:/home/robotics/ros2_cobot/install/mycobot_280_rdkx5:/home/robotics/ros2_cobot/install/mycobot_280_moveit2_control:/home/robotics/ros2_cobot/install/mycobot_280_moveit2:/home/robotics/ros2_cobot/install/mycobot_280_arduino:/home/robotics/ros2_cobot/install/mycobot_280:/home/robotics/ros2_cobot/install/mybuddy:/home/robotics/ros2_cobot/install/myarm_300:/home/robotics/ros2_cobot/install/mecharm_pi:/home/robotics/ros2_cobot/install/mecharm:/home/robotics/ros2_cobot/install/mecharm_interfaces:/opt/ros/humble PYTHONPATH=/home/robotics/ros2_cobot/build/mycobot_280_moveit2_control/prefix_override:/usr/lib/python3/dist-packages/colcon_core/task/python/colcon_distutils_commands:/home/robotics/ros2_cobot/install/mycobot_280_moveit2_control/lib/python3.10/site-packages:/home/robotics/ros2_cobot/install/mycobot_description/lib/python3.10/site-packages:/home/robotics/ros2_cobot/install/ultraarm/lib/python3.10/site-packages:/home/robotics/ros2_cobot/install/traj_scripts/local/lib/python3.10/dist-packages:/home/robotics/ros2_cobot/install/mypalletizer_communication/lib/python3.10/site-packages:/home/robotics/ros2_cobot/install/mypalletizer_interfaces/local/lib/python3.10/dist-packages:/home/robotics/ros2_cobot/install/mypalletizer_260_pi/lib/python3.10/site-packages:/home/robotics/ros2_cobot/install/mypalletizer_260/lib/python3.10/site-packages:/home/robotics/ros2_cobot/install/myarm_m750/lib/python3.10/site-packages:/home/robotics/ros2_cobot/install/myarm_c650/lib/python3.10/site-packages:/home/robotics/ros2_cobot/install/mycobot_communication/lib/python3.10/site-packages:/home/robotics/ros2_cobot/install/mecharm_communication/lib/python3.10/site-packages:/home/robotics/ros2_cobot/install/mycobot_interfaces/local/lib/python3.10/dist-packages:/home/robotics/ros2_cobot/install/mycobot_630/lib/python3.10/site-packages:/home/robotics/ros2_cobot/install/mycobot_600/lib/python3.10/site-packages:/home/robotics/ros2_cobot/install/mycobot_320pi/lib/python3.10/site-packages:/home/robotics/ros2_cobot/install/mycobot_320_riscv/lib/python3.10/site-packages:/home/robotics/ros2_cobot/install/mycobot_320/lib/python3.10/site-packages:/home/robotics/ros2_cobot/install/mycobot_280pi/lib/python3.10/site-packages:/home/robotics/ros2_cobot/install/mycobot_280jn/lib/python3.10/site-packages:/home/robotics/ros2_cobot/install/mycobot_280_x3pi/lib/python3.10/site-packages:/home/robotics/ros2_cobot/install/mycobot_280_riscv/lib/python3.10/site-packages:/home/robotics/ros2_cobot/install/mycobot_280_rdkx5/lib/python3.10/site-packages:/home/robotics/ros2_cobot/install/mycobot_280_moveit2_control/lib/python3.10/site-packages:/home/robotics/ros2_cobot/install/mycobot_280_arduino/lib/python3.10/site-packages:/home/robotics/ros2_cobot/install/mycobot_280/lib/python3.10/site-packages:/home/robotics/ros2_cobot/install/mybuddy/lib/python3.10/site-packages:/home/robotics/ros2_cobot/install/myarm_300/lib/python3.10/site-packages:/home/robotics/ros2_cobot/install/mecharm_pi/lib/python3.10/site-packages:/home/robotics/ros2_cobot/install/mecharm/lib/python3.10/site-packages:/home/robotics/ros2_cobot/install/mecharm_interfaces/local/lib/python3.10/dist-packages:/opt/ros/humble/lib/python3.10/site-packages:/opt/ros/humble/local/lib/python3.10/dist-packages /usr/bin/python3 -W ignore:setup.py install is deprecated -W ignore:easy_install command is deprecated setup.py egg_info --egg-base ../../../../build/mycobot_280_moveit2_control build --build-base /home/robotics/ros2_cobot/build/mycobot_280_moveit2_control/build install --record /home/robotics/ros2_cobot/build/mycobot_280_moveit2_control/install.log --single-version-externally-managed install_data
[5.676s] Level 1:colcon.colcon_core.environment:checking '/home/robotics/ros2_cobot/install/mycobot_280_moveit2_control/lib'
[5.677s] Level 1:colcon.colcon_core.environment:checking '/home/robotics/ros2_cobot/install/mycobot_280_moveit2_control/bin'
[5.677s] Level 1:colcon.colcon_core.environment:checking '/home/robotics/ros2_cobot/install/mycobot_280_moveit2_control/lib/pkgconfig/mycobot_280_moveit2_control.pc'
[5.677s] Level 1:colcon.colcon_core.environment:checking '/home/robotics/ros2_cobot/install/mycobot_280_moveit2_control/lib/python3.10/site-packages'
[5.677s] Level 1:colcon.colcon_core.shell:create_environment_hook('mycobot_280_moveit2_control', 'pythonpath')
[5.677s] INFO:colcon.colcon_core.shell:Creating environment hook '/home/robotics/ros2_cobot/install/mycobot_280_moveit2_control/share/mycobot_280_moveit2_control/hook/pythonpath.ps1'
[5.678s] INFO:colcon.colcon_core.shell:Creating environment descriptor '/home/robotics/ros2_cobot/install/mycobot_280_moveit2_control/share/mycobot_280_moveit2_control/hook/pythonpath.dsv'
[5.678s] INFO:colcon.colcon_core.shell:Creating environment hook '/home/robotics/ros2_cobot/install/mycobot_280_moveit2_control/share/mycobot_280_moveit2_control/hook/pythonpath.sh'
[5.679s] Level 1:colcon.colcon_core.environment:checking '/home/robotics/ros2_cobot/install/mycobot_280_moveit2_control/bin'
[5.679s] Level 1:colcon.colcon_core.environment:create_environment_scripts_only(mycobot_280_moveit2_control)
[5.680s] INFO:colcon.colcon_core.shell:Creating package script '/home/robotics/ros2_cobot/install/mycobot_280_moveit2_control/share/mycobot_280_moveit2_control/package.ps1'
[5.681s] INFO:colcon.colcon_core.shell:Creating package descriptor '/home/robotics/ros2_cobot/install/mycobot_280_moveit2_control/share/mycobot_280_moveit2_control/package.dsv'
[5.681s] INFO:colcon.colcon_core.shell:Creating package script '/home/robotics/ros2_cobot/install/mycobot_280_moveit2_control/share/mycobot_280_moveit2_control/package.sh'
[5.682s] INFO:colcon.colcon_core.shell:Creating package script '/home/robotics/ros2_cobot/install/mycobot_280_moveit2_control/share/mycobot_280_moveit2_control/package.bash'
[5.683s] INFO:colcon.colcon_core.shell:Creating package script '/home/robotics/ros2_cobot/install/mycobot_280_moveit2_control/share/mycobot_280_moveit2_control/package.zsh'
[5.683s] Level 1:colcon.colcon_core.environment:create_file_with_runtime_dependencies(/home/robotics/ros2_cobot/install/mycobot_280_moveit2_control/share/colcon-core/packages/mycobot_280_moveit2_control)
[5.684s] Level 1:colcon.colcon_core.environment:checking '/home/robotics/ros2_cobot/install/mecharm_pi' for CMake module files
[5.685s] Level 1:colcon.colcon_core.environment:checking '/home/robotics/ros2_cobot/install/mecharm_pi' for CMake config files
[5.685s] DEBUG:colcon.colcon_core.event_handler.log_command:Invoked command in '/home/robotics/ros2_cobot/src/mycobot_ros2/mecharm/mecharm_pi' returned '0': AMENT_PREFIX_PATH=/home/robotics/ros2_cobot/install/mycobot_description:/home/robotics/ros2_cobot/install/ultraarm:/home/robotics/ros2_cobot/install/traj_scripts:/home/robotics/ros2_cobot/install/mypalletizer_communication:/home/robotics/ros2_cobot/install/mypalletizer_interfaces:/home/robotics/ros2_cobot/install/mypalletizer_260_pi:/home/robotics/ros2_cobot/install/mypalletizer_260:/home/robotics/ros2_cobot/install/myarm_m750:/home/robotics/ros2_cobot/install/myarm_c650:/home/robotics/ros2_cobot/install/mycobot_communication:/home/robotics/ros2_cobot/install/mecharm_communication:/home/robotics/ros2_cobot/install/mycobot_interfaces:/home/robotics/ros2_cobot/install/mycobot_630:/home/robotics/ros2_cobot/install/mycobot_600:/home/robotics/ros2_cobot/install/mycobot_320pi:/home/robotics/ros2_cobot/install/mycobot_320_riscv:/home/robotics/ros2_cobot/install/mycobot_320:/home/robotics/ros2_cobot/install/mycobot_280rdkx5_moveit2:/home/robotics/ros2_cobot/install/mycobot_280pi:/home/robotics/ros2_cobot/install/mycobot_280jn:/home/robotics/ros2_cobot/install/mycobot_280arduino_moveit2:/home/robotics/ros2_cobot/install/mycobot_280_x3pi:/home/robotics/ros2_cobot/install/mycobot_280_riscv:/home/robotics/ros2_cobot/install/mycobot_280_rdkx5:/home/robotics/ros2_cobot/install/mycobot_280_moveit2_control:/home/robotics/ros2_cobot/install/mycobot_280_moveit2:/home/robotics/ros2_cobot/install/mycobot_280_arduino:/home/robotics/ros2_cobot/install/mycobot_280:/home/robotics/ros2_cobot/install/mybuddy:/home/robotics/ros2_cobot/install/myarm_300:/home/robotics/ros2_cobot/install/mecharm_pi:/home/robotics/ros2_cobot/install/mecharm:/home/robotics/ros2_cobot/install/mecharm_interfaces:/opt/ros/humble PYTHONPATH=/home/robotics/ros2_cobot/build/mecharm_pi/prefix_override:/usr/lib/python3/dist-packages/colcon_core/task/python/colcon_distutils_commands:/home/robotics/ros2_cobot/install/mecharm_pi/lib/python3.10/site-packages:/home/robotics/ros2_cobot/install/mycobot_description/lib/python3.10/site-packages:/home/robotics/ros2_cobot/install/ultraarm/lib/python3.10/site-packages:/home/robotics/ros2_cobot/install/traj_scripts/local/lib/python3.10/dist-packages:/home/robotics/ros2_cobot/install/mypalletizer_communication/lib/python3.10/site-packages:/home/robotics/ros2_cobot/install/mypalletizer_interfaces/local/lib/python3.10/dist-packages:/home/robotics/ros2_cobot/install/mypalletizer_260_pi/lib/python3.10/site-packages:/home/robotics/ros2_cobot/install/mypalletizer_260/lib/python3.10/site-packages:/home/robotics/ros2_cobot/install/myarm_m750/lib/python3.10/site-packages:/home/robotics/ros2_cobot/install/myarm_c650/lib/python3.10/site-packages:/home/robotics/ros2_cobot/install/mycobot_communication/lib/python3.10/site-packages:/home/robotics/ros2_cobot/install/mecharm_communication/lib/python3.10/site-packages:/home/robotics/ros2_cobot/install/mycobot_interfaces/local/lib/python3.10/dist-packages:/home/robotics/ros2_cobot/install/mycobot_630/lib/python3.10/site-packages:/home/robotics/ros2_cobot/install/mycobot_600/lib/python3.10/site-packages:/home/robotics/ros2_cobot/install/mycobot_320pi/lib/python3.10/site-packages:/home/robotics/ros2_cobot/install/mycobot_320_riscv/lib/python3.10/site-packages:/home/robotics/ros2_cobot/install/mycobot_320/lib/python3.10/site-packages:/home/robotics/ros2_cobot/install/mycobot_280pi/lib/python3.10/site-packages:/home/robotics/ros2_cobot/install/mycobot_280jn/lib/python3.10/site-packages:/home/robotics/ros2_cobot/install/mycobot_280_x3pi/lib/python3.10/site-packages:/home/robotics/ros2_cobot/install/mycobot_280_riscv/lib/python3.10/site-packages:/home/robotics/ros2_cobot/install/mycobot_280_rdkx5/lib/python3.10/site-packages:/home/robotics/ros2_cobot/install/mycobot_280_moveit2_control/lib/python3.10/site-packages:/home/robotics/ros2_cobot/install/mycobot_280_arduino/lib/python3.10/site-packages:/home/robotics/ros2_cobot/install/mycobot_280/lib/python3.10/site-packages:/home/robotics/ros2_cobot/install/mybuddy/lib/python3.10/site-packages:/home/robotics/ros2_cobot/install/myarm_300/lib/python3.10/site-packages:/home/robotics/ros2_cobot/install/mecharm_pi/lib/python3.10/site-packages:/home/robotics/ros2_cobot/install/mecharm/lib/python3.10/site-packages:/home/robotics/ros2_cobot/install/mecharm_interfaces/local/lib/python3.10/dist-packages:/opt/ros/humble/lib/python3.10/site-packages:/opt/ros/humble/local/lib/python3.10/dist-packages /usr/bin/python3 -W ignore:setup.py install is deprecated -W ignore:easy_install command is deprecated setup.py egg_info --egg-base ../../../../build/mecharm_pi build --build-base /home/robotics/ros2_cobot/build/mecharm_pi/build install --record /home/robotics/ros2_cobot/build/mecharm_pi/install.log --single-version-externally-managed install_data
[5.686s] Level 1:colcon.colcon_core.environment:checking '/home/robotics/ros2_cobot/install/mecharm_pi/lib'
[5.686s] Level 1:colcon.colcon_core.environment:checking '/home/robotics/ros2_cobot/install/mecharm_pi/bin'
[5.686s] Level 1:colcon.colcon_core.environment:checking '/home/robotics/ros2_cobot/install/mecharm_pi/lib/pkgconfig/mecharm_pi.pc'
[5.687s] Level 1:colcon.colcon_core.environment:checking '/home/robotics/ros2_cobot/install/mecharm_pi/lib/python3.10/site-packages'
[5.687s] Level 1:colcon.colcon_core.shell:create_environment_hook('mecharm_pi', 'pythonpath')
[5.687s] INFO:colcon.colcon_core.shell:Creating environment hook '/home/robotics/ros2_cobot/install/mecharm_pi/share/mecharm_pi/hook/pythonpath.ps1'
[5.688s] INFO:colcon.colcon_core.shell:Creating environment descriptor '/home/robotics/ros2_cobot/install/mecharm_pi/share/mecharm_pi/hook/pythonpath.dsv'
[5.688s] INFO:colcon.colcon_core.shell:Creating environment hook '/home/robotics/ros2_cobot/install/mecharm_pi/share/mecharm_pi/hook/pythonpath.sh'
[5.689s] Level 1:colcon.colcon_core.environment:checking '/home/robotics/ros2_cobot/install/mecharm_pi/bin'
[5.689s] Level 1:colcon.colcon_core.environment:create_environment_scripts_only(mecharm_pi)
[5.690s] INFO:colcon.colcon_core.shell:Creating package script '/home/robotics/ros2_cobot/install/mecharm_pi/share/mecharm_pi/package.ps1'
[5.690s] INFO:colcon.colcon_core.shell:Creating package descriptor '/home/robotics/ros2_cobot/install/mecharm_pi/share/mecharm_pi/package.dsv'
[5.691s] INFO:colcon.colcon_core.shell:Creating package script '/home/robotics/ros2_cobot/install/mecharm_pi/share/mecharm_pi/package.sh'
[5.692s] INFO:colcon.colcon_core.shell:Creating package script '/home/robotics/ros2_cobot/install/mecharm_pi/share/mecharm_pi/package.bash'
[5.692s] INFO:colcon.colcon_core.shell:Creating package script '/home/robotics/ros2_cobot/install/mecharm_pi/share/mecharm_pi/package.zsh'
[5.692s] Level 1:colcon.colcon_core.environment:create_file_with_runtime_dependencies(/home/robotics/ros2_cobot/install/mecharm_pi/share/colcon-core/packages/mecharm_pi)
[5.693s] Level 1:colcon.colcon_core.environment:checking '/home/robotics/ros2_cobot/install/mycobot_280_arduino' for CMake module files
[5.694s] Level 1:colcon.colcon_core.environment:checking '/home/robotics/ros2_cobot/install/mycobot_280_arduino' for CMake config files
[5.695s] DEBUG:colcon.colcon_core.event_handler.log_command:Invoked command in '/home/robotics/ros2_cobot/src/mycobot_ros2/mycobot_280/mycobot_280_arduino' returned '0': AMENT_PREFIX_PATH=/home/robotics/ros2_cobot/install/mycobot_description:/home/robotics/ros2_cobot/install/ultraarm:/home/robotics/ros2_cobot/install/traj_scripts:/home/robotics/ros2_cobot/install/mypalletizer_communication:/home/robotics/ros2_cobot/install/mypalletizer_interfaces:/home/robotics/ros2_cobot/install/mypalletizer_260_pi:/home/robotics/ros2_cobot/install/mypalletizer_260:/home/robotics/ros2_cobot/install/myarm_m750:/home/robotics/ros2_cobot/install/myarm_c650:/home/robotics/ros2_cobot/install/mycobot_communication:/home/robotics/ros2_cobot/install/mecharm_communication:/home/robotics/ros2_cobot/install/mycobot_interfaces:/home/robotics/ros2_cobot/install/mycobot_630:/home/robotics/ros2_cobot/install/mycobot_600:/home/robotics/ros2_cobot/install/mycobot_320pi:/home/robotics/ros2_cobot/install/mycobot_320_riscv:/home/robotics/ros2_cobot/install/mycobot_320:/home/robotics/ros2_cobot/install/mycobot_280rdkx5_moveit2:/home/robotics/ros2_cobot/install/mycobot_280pi:/home/robotics/ros2_cobot/install/mycobot_280jn:/home/robotics/ros2_cobot/install/mycobot_280arduino_moveit2:/home/robotics/ros2_cobot/install/mycobot_280_x3pi:/home/robotics/ros2_cobot/install/mycobot_280_riscv:/home/robotics/ros2_cobot/install/mycobot_280_rdkx5:/home/robotics/ros2_cobot/install/mycobot_280_moveit2_control:/home/robotics/ros2_cobot/install/mycobot_280_moveit2:/home/robotics/ros2_cobot/install/mycobot_280_arduino:/home/robotics/ros2_cobot/install/mycobot_280:/home/robotics/ros2_cobot/install/mybuddy:/home/robotics/ros2_cobot/install/myarm_300:/home/robotics/ros2_cobot/install/mecharm_pi:/home/robotics/ros2_cobot/install/mecharm:/home/robotics/ros2_cobot/install/mecharm_interfaces:/opt/ros/humble PYTHONPATH=/home/robotics/ros2_cobot/build/mycobot_280_arduino/prefix_override:/usr/lib/python3/dist-packages/colcon_core/task/python/colcon_distutils_commands:/home/robotics/ros2_cobot/install/mycobot_280_arduino/lib/python3.10/site-packages:/home/robotics/ros2_cobot/install/mycobot_description/lib/python3.10/site-packages:/home/robotics/ros2_cobot/install/ultraarm/lib/python3.10/site-packages:/home/robotics/ros2_cobot/install/traj_scripts/local/lib/python3.10/dist-packages:/home/robotics/ros2_cobot/install/mypalletizer_communication/lib/python3.10/site-packages:/home/robotics/ros2_cobot/install/mypalletizer_interfaces/local/lib/python3.10/dist-packages:/home/robotics/ros2_cobot/install/mypalletizer_260_pi/lib/python3.10/site-packages:/home/robotics/ros2_cobot/install/mypalletizer_260/lib/python3.10/site-packages:/home/robotics/ros2_cobot/install/myarm_m750/lib/python3.10/site-packages:/home/robotics/ros2_cobot/install/myarm_c650/lib/python3.10/site-packages:/home/robotics/ros2_cobot/install/mycobot_communication/lib/python3.10/site-packages:/home/robotics/ros2_cobot/install/mecharm_communication/lib/python3.10/site-packages:/home/robotics/ros2_cobot/install/mycobot_interfaces/local/lib/python3.10/dist-packages:/home/robotics/ros2_cobot/install/mycobot_630/lib/python3.10/site-packages:/home/robotics/ros2_cobot/install/mycobot_600/lib/python3.10/site-packages:/home/robotics/ros2_cobot/install/mycobot_320pi/lib/python3.10/site-packages:/home/robotics/ros2_cobot/install/mycobot_320_riscv/lib/python3.10/site-packages:/home/robotics/ros2_cobot/install/mycobot_320/lib/python3.10/site-packages:/home/robotics/ros2_cobot/install/mycobot_280pi/lib/python3.10/site-packages:/home/robotics/ros2_cobot/install/mycobot_280jn/lib/python3.10/site-packages:/home/robotics/ros2_cobot/install/mycobot_280_x3pi/lib/python3.10/site-packages:/home/robotics/ros2_cobot/install/mycobot_280_riscv/lib/python3.10/site-packages:/home/robotics/ros2_cobot/install/mycobot_280_rdkx5/lib/python3.10/site-packages:/home/robotics/ros2_cobot/install/mycobot_280_moveit2_control/lib/python3.10/site-packages:/home/robotics/ros2_cobot/install/mycobot_280_arduino/lib/python3.10/site-packages:/home/robotics/ros2_cobot/install/mycobot_280/lib/python3.10/site-packages:/home/robotics/ros2_cobot/install/mybuddy/lib/python3.10/site-packages:/home/robotics/ros2_cobot/install/myarm_300/lib/python3.10/site-packages:/home/robotics/ros2_cobot/install/mecharm_pi/lib/python3.10/site-packages:/home/robotics/ros2_cobot/install/mecharm/lib/python3.10/site-packages:/home/robotics/ros2_cobot/install/mecharm_interfaces/local/lib/python3.10/dist-packages:/opt/ros/humble/lib/python3.10/site-packages:/opt/ros/humble/local/lib/python3.10/dist-packages /usr/bin/python3 -W ignore:setup.py install is deprecated -W ignore:easy_install command is deprecated setup.py egg_info --egg-base ../../../../build/mycobot_280_arduino build --build-base /home/robotics/ros2_cobot/build/mycobot_280_arduino/build install --record /home/robotics/ros2_cobot/build/mycobot_280_arduino/install.log --single-version-externally-managed install_data
[5.696s] Level 1:colcon.colcon_core.environment:checking '/home/robotics/ros2_cobot/install/mycobot_280_arduino/lib'
[5.696s] Level 1:colcon.colcon_core.environment:checking '/home/robotics/ros2_cobot/install/mycobot_280_arduino/bin'
[5.696s] Level 1:colcon.colcon_core.environment:checking '/home/robotics/ros2_cobot/install/mycobot_280_arduino/lib/pkgconfig/mycobot_280_arduino.pc'
[5.696s] Level 1:colcon.colcon_core.environment:checking '/home/robotics/ros2_cobot/install/mycobot_280_arduino/lib/python3.10/site-packages'
[5.696s] Level 1:colcon.colcon_core.shell:create_environment_hook('mycobot_280_arduino', 'pythonpath')
[5.697s] INFO:colcon.colcon_core.shell:Creating environment hook '/home/robotics/ros2_cobot/install/mycobot_280_arduino/share/mycobot_280_arduino/hook/pythonpath.ps1'
[5.697s] INFO:colcon.colcon_core.shell:Creating environment descriptor '/home/robotics/ros2_cobot/install/mycobot_280_arduino/share/mycobot_280_arduino/hook/pythonpath.dsv'
[5.698s] INFO:colcon.colcon_core.shell:Creating environment hook '/home/robotics/ros2_cobot/install/mycobot_280_arduino/share/mycobot_280_arduino/hook/pythonpath.sh'
[5.698s] Level 1:colcon.colcon_core.environment:checking '/home/robotics/ros2_cobot/install/mycobot_280_arduino/bin'
[5.699s] Level 1:colcon.colcon_core.environment:create_environment_scripts_only(mycobot_280_arduino)
[5.699s] INFO:colcon.colcon_core.shell:Creating package script '/home/robotics/ros2_cobot/install/mycobot_280_arduino/share/mycobot_280_arduino/package.ps1'
[5.700s] INFO:colcon.colcon_core.shell:Creating package descriptor '/home/robotics/ros2_cobot/install/mycobot_280_arduino/share/mycobot_280_arduino/package.dsv'
[5.700s] INFO:colcon.colcon_core.shell:Creating package script '/home/robotics/ros2_cobot/install/mycobot_280_arduino/share/mycobot_280_arduino/package.sh'
[5.702s] INFO:colcon.colcon_core.shell:Creating package script '/home/robotics/ros2_cobot/install/mycobot_280_arduino/share/mycobot_280_arduino/package.bash'
[5.702s] INFO:colcon.colcon_core.shell:Creating package script '/home/robotics/ros2_cobot/install/mycobot_280_arduino/share/mycobot_280_arduino/package.zsh'
[5.703s] Level 1:colcon.colcon_core.environment:create_file_with_runtime_dependencies(/home/robotics/ros2_cobot/install/mycobot_280_arduino/share/colcon-core/packages/mycobot_280_arduino)
[5.704s] INFO:colcon.colcon_ros.task.ament_python.build:Building ROS package in '/home/robotics/ros2_cobot/src/mycobot_ros2/mycobot_pro/mycobot_630' with build type 'ament_python'
[5.704s] Level 1:colcon.colcon_core.shell:create_environment_hook('mycobot_630', 'ament_prefix_path')
[5.705s] INFO:colcon.colcon_core.shell:Creating environment hook '/home/robotics/ros2_cobot/install/mycobot_630/share/mycobot_630/hook/ament_prefix_path.ps1'
[5.705s] INFO:colcon.colcon_core.shell:Creating environment descriptor '/home/robotics/ros2_cobot/install/mycobot_630/share/mycobot_630/hook/ament_prefix_path.dsv'
[5.706s] INFO:colcon.colcon_core.shell:Creating environment hook '/home/robotics/ros2_cobot/install/mycobot_630/share/mycobot_630/hook/ament_prefix_path.sh'
[5.707s] INFO:colcon.colcon_core.shell:Skip shell extension 'powershell' for command environment: Not usable outside of PowerShell
[5.707s] DEBUG:colcon.colcon_core.shell:Skip shell extension 'dsv' for command environment
[5.716s] INFO:colcon.colcon_ros.task.ament_python.build:Building ROS package in '/home/robotics/ros2_cobot/src/mycobot_ros2/mypalletizer_260/mypalletizer_260' with build type 'ament_python'
[5.716s] Level 1:colcon.colcon_core.shell:create_environment_hook('mypalletizer_260', 'ament_prefix_path')
[5.716s] INFO:colcon.colcon_core.shell:Creating environment hook '/home/robotics/ros2_cobot/install/mypalletizer_260/share/mypalletizer_260/hook/ament_prefix_path.ps1'
[5.717s] INFO:colcon.colcon_core.shell:Creating environment descriptor '/home/robotics/ros2_cobot/install/mypalletizer_260/share/mypalletizer_260/hook/ament_prefix_path.dsv'
[5.718s] INFO:colcon.colcon_core.shell:Creating environment hook '/home/robotics/ros2_cobot/install/mypalletizer_260/share/mypalletizer_260/hook/ament_prefix_path.sh'
[5.719s] INFO:colcon.colcon_core.shell:Skip shell extension 'powershell' for command environment: Not usable outside of PowerShell
[5.719s] DEBUG:colcon.colcon_core.shell:Skip shell extension 'dsv' for command environment
[5.728s] INFO:colcon.colcon_ros.task.ament_python.build:Building ROS package in '/home/robotics/ros2_cobot/src/mycobot_ros2/mypalletizer_260/mypalletizer_260_pi' with build type 'ament_python'
[5.728s] Level 1:colcon.colcon_core.shell:create_environment_hook('mypalletizer_260_pi', 'ament_prefix_path')
[5.729s] INFO:colcon.colcon_core.shell:Creating environment hook '/home/robotics/ros2_cobot/install/mypalletizer_260_pi/share/mypalletizer_260_pi/hook/ament_prefix_path.ps1'
[5.730s] INFO:colcon.colcon_core.shell:Creating environment descriptor '/home/robotics/ros2_cobot/install/mypalletizer_260_pi/share/mypalletizer_260_pi/hook/ament_prefix_path.dsv'
[5.730s] INFO:colcon.colcon_core.shell:Creating environment hook '/home/robotics/ros2_cobot/install/mypalletizer_260_pi/share/mypalletizer_260_pi/hook/ament_prefix_path.sh'
[5.731s] INFO:colcon.colcon_core.shell:Skip shell extension 'powershell' for command environment: Not usable outside of PowerShell
[5.731s] DEBUG:colcon.colcon_core.shell:Skip shell extension 'dsv' for command environment
[5.741s] INFO:colcon.colcon_ros.task.ament_python.build:Building ROS package in '/home/robotics/ros2_cobot/src/mycobot_ros2/ultraArm/ultraarm' with build type 'ament_python'
[5.741s] Level 1:colcon.colcon_core.shell:create_environment_hook('ultraarm', 'ament_prefix_path')
[5.742s] INFO:colcon.colcon_core.shell:Creating environment hook '/home/robotics/ros2_cobot/install/ultraarm/share/ultraarm/hook/ament_prefix_path.ps1'
[5.743s] INFO:colcon.colcon_core.shell:Creating environment descriptor '/home/robotics/ros2_cobot/install/ultraarm/share/ultraarm/hook/ament_prefix_path.dsv'
[5.743s] INFO:colcon.colcon_core.shell:Creating environment hook '/home/robotics/ros2_cobot/install/ultraarm/share/ultraarm/hook/ament_prefix_path.sh'
[5.745s] INFO:colcon.colcon_core.shell:Skip shell extension 'powershell' for command environment: Not usable outside of PowerShell
[5.745s] DEBUG:colcon.colcon_core.shell:Skip shell extension 'dsv' for command environment
[5.754s] INFO:colcon.colcon_ros.task.ament_python.build:Building ROS package in '/home/robotics/ros2_cobot/src/mycobot_ros2/myArm/myarm_c650' with build type 'ament_python'
[5.754s] Level 1:colcon.colcon_core.shell:create_environment_hook('myarm_c650', 'ament_prefix_path')
[5.754s] INFO:colcon.colcon_core.shell:Creating environment hook '/home/robotics/ros2_cobot/install/myarm_c650/share/myarm_c650/hook/ament_prefix_path.ps1'
[5.755s] INFO:colcon.colcon_core.shell:Creating environment descriptor '/home/robotics/ros2_cobot/install/myarm_c650/share/myarm_c650/hook/ament_prefix_path.dsv'
[5.756s] INFO:colcon.colcon_core.shell:Creating environment hook '/home/robotics/ros2_cobot/install/myarm_c650/share/myarm_c650/hook/ament_prefix_path.sh'
[5.757s] INFO:colcon.colcon_core.shell:Skip shell extension 'powershell' for command environment: Not usable outside of PowerShell
[5.757s] DEBUG:colcon.colcon_core.shell:Skip shell extension 'dsv' for command environment
[5.768s] INFO:colcon.colcon_ros.task.ament_python.build:Building ROS package in '/home/robotics/ros2_cobot/src/mycobot_ros2/myArm/myarm_m750' with build type 'ament_python'
[5.768s] Level 1:colcon.colcon_core.shell:create_environment_hook('myarm_m750', 'ament_prefix_path')
[5.769s] INFO:colcon.colcon_core.shell:Creating environment hook '/home/robotics/ros2_cobot/install/myarm_m750/share/myarm_m750/hook/ament_prefix_path.ps1'
[5.770s] INFO:colcon.colcon_core.shell:Creating environment descriptor '/home/robotics/ros2_cobot/install/myarm_m750/share/myarm_m750/hook/ament_prefix_path.dsv'
[5.770s] INFO:colcon.colcon_core.shell:Creating environment hook '/home/robotics/ros2_cobot/install/myarm_m750/share/myarm_m750/hook/ament_prefix_path.sh'
[5.771s] INFO:colcon.colcon_core.shell:Skip shell extension 'powershell' for command environment: Not usable outside of PowerShell
[5.771s] DEBUG:colcon.colcon_core.shell:Skip shell extension 'dsv' for command environment
[5.781s] INFO:colcon.colcon_ros.task.ament_python.build:Building ROS package in '/home/robotics/ros2_cobot/src/mycobot_ros2/mycobot_280/mycobot_280_rdkx5' with build type 'ament_python'
[5.781s] Level 1:colcon.colcon_core.shell:create_environment_hook('mycobot_280_rdkx5', 'ament_prefix_path')
[5.782s] INFO:colcon.colcon_core.shell:Creating environment hook '/home/robotics/ros2_cobot/install/mycobot_280_rdkx5/share/mycobot_280_rdkx5/hook/ament_prefix_path.ps1'
[5.782s] INFO:colcon.colcon_core.shell:Creating environment descriptor '/home/robotics/ros2_cobot/install/mycobot_280_rdkx5/share/mycobot_280_rdkx5/hook/ament_prefix_path.dsv'
[5.783s] INFO:colcon.colcon_core.shell:Creating environment hook '/home/robotics/ros2_cobot/install/mycobot_280_rdkx5/share/mycobot_280_rdkx5/hook/ament_prefix_path.sh'
[5.784s] INFO:colcon.colcon_core.shell:Skip shell extension 'powershell' for command environment: Not usable outside of PowerShell
[5.784s] DEBUG:colcon.colcon_core.shell:Skip shell extension 'dsv' for command environment
[5.794s] Level 1:colcon.colcon_core.environment:checking '/home/robotics/ros2_cobot/install/mycobot_280pi' for CMake module files
[5.794s] DEBUG:colcon.colcon_core.event_handler.log_command:Invoked command in '/home/robotics/ros2_cobot/src/mycobot_ros2/mycobot_280/mycobot_280pi' returned '0': AMENT_PREFIX_PATH=/home/robotics/ros2_cobot/install/mycobot_description:/home/robotics/ros2_cobot/install/ultraarm:/home/robotics/ros2_cobot/install/traj_scripts:/home/robotics/ros2_cobot/install/mypalletizer_communication:/home/robotics/ros2_cobot/install/mypalletizer_interfaces:/home/robotics/ros2_cobot/install/mypalletizer_260_pi:/home/robotics/ros2_cobot/install/mypalletizer_260:/home/robotics/ros2_cobot/install/myarm_m750:/home/robotics/ros2_cobot/install/myarm_c650:/home/robotics/ros2_cobot/install/mycobot_communication:/home/robotics/ros2_cobot/install/mecharm_communication:/home/robotics/ros2_cobot/install/mycobot_interfaces:/home/robotics/ros2_cobot/install/mycobot_630:/home/robotics/ros2_cobot/install/mycobot_600:/home/robotics/ros2_cobot/install/mycobot_320pi:/home/robotics/ros2_cobot/install/mycobot_320_riscv:/home/robotics/ros2_cobot/install/mycobot_320:/home/robotics/ros2_cobot/install/mycobot_280rdkx5_moveit2:/home/robotics/ros2_cobot/install/mycobot_280pi:/home/robotics/ros2_cobot/install/mycobot_280jn:/home/robotics/ros2_cobot/install/mycobot_280arduino_moveit2:/home/robotics/ros2_cobot/install/mycobot_280_x3pi:/home/robotics/ros2_cobot/install/mycobot_280_riscv:/home/robotics/ros2_cobot/install/mycobot_280_rdkx5:/home/robotics/ros2_cobot/install/mycobot_280_moveit2_control:/home/robotics/ros2_cobot/install/mycobot_280_moveit2:/home/robotics/ros2_cobot/install/mycobot_280_arduino:/home/robotics/ros2_cobot/install/mycobot_280:/home/robotics/ros2_cobot/install/mybuddy:/home/robotics/ros2_cobot/install/myarm_300:/home/robotics/ros2_cobot/install/mecharm_pi:/home/robotics/ros2_cobot/install/mecharm:/home/robotics/ros2_cobot/install/mecharm_interfaces:/opt/ros/humble PYTHONPATH=/home/robotics/ros2_cobot/build/mycobot_280pi/prefix_override:/usr/lib/python3/dist-packages/colcon_core/task/python/colcon_distutils_commands:/home/robotics/ros2_cobot/install/mycobot_280pi/lib/python3.10/site-packages:/home/robotics/ros2_cobot/install/mycobot_description/lib/python3.10/site-packages:/home/robotics/ros2_cobot/install/ultraarm/lib/python3.10/site-packages:/home/robotics/ros2_cobot/install/traj_scripts/local/lib/python3.10/dist-packages:/home/robotics/ros2_cobot/install/mypalletizer_communication/lib/python3.10/site-packages:/home/robotics/ros2_cobot/install/mypalletizer_interfaces/local/lib/python3.10/dist-packages:/home/robotics/ros2_cobot/install/mypalletizer_260_pi/lib/python3.10/site-packages:/home/robotics/ros2_cobot/install/mypalletizer_260/lib/python3.10/site-packages:/home/robotics/ros2_cobot/install/myarm_m750/lib/python3.10/site-packages:/home/robotics/ros2_cobot/install/myarm_c650/lib/python3.10/site-packages:/home/robotics/ros2_cobot/install/mycobot_communication/lib/python3.10/site-packages:/home/robotics/ros2_cobot/install/mecharm_communication/lib/python3.10/site-packages:/home/robotics/ros2_cobot/install/mycobot_interfaces/local/lib/python3.10/dist-packages:/home/robotics/ros2_cobot/install/mycobot_630/lib/python3.10/site-packages:/home/robotics/ros2_cobot/install/mycobot_600/lib/python3.10/site-packages:/home/robotics/ros2_cobot/install/mycobot_320pi/lib/python3.10/site-packages:/home/robotics/ros2_cobot/install/mycobot_320_riscv/lib/python3.10/site-packages:/home/robotics/ros2_cobot/install/mycobot_320/lib/python3.10/site-packages:/home/robotics/ros2_cobot/install/mycobot_280pi/lib/python3.10/site-packages:/home/robotics/ros2_cobot/install/mycobot_280jn/lib/python3.10/site-packages:/home/robotics/ros2_cobot/install/mycobot_280_x3pi/lib/python3.10/site-packages:/home/robotics/ros2_cobot/install/mycobot_280_riscv/lib/python3.10/site-packages:/home/robotics/ros2_cobot/install/mycobot_280_rdkx5/lib/python3.10/site-packages:/home/robotics/ros2_cobot/install/mycobot_280_moveit2_control/lib/python3.10/site-packages:/home/robotics/ros2_cobot/install/mycobot_280_arduino/lib/python3.10/site-packages:/home/robotics/ros2_cobot/install/mycobot_280/lib/python3.10/site-packages:/home/robotics/ros2_cobot/install/mybuddy/lib/python3.10/site-packages:/home/robotics/ros2_cobot/install/myarm_300/lib/python3.10/site-packages:/home/robotics/ros2_cobot/install/mecharm_pi/lib/python3.10/site-packages:/home/robotics/ros2_cobot/install/mecharm/lib/python3.10/site-packages:/home/robotics/ros2_cobot/install/mecharm_interfaces/local/lib/python3.10/dist-packages:/opt/ros/humble/lib/python3.10/site-packages:/opt/ros/humble/local/lib/python3.10/dist-packages /usr/bin/python3 -W ignore:setup.py install is deprecated -W ignore:easy_install command is deprecated setup.py egg_info --egg-base ../../../../build/mycobot_280pi build --build-base /home/robotics/ros2_cobot/build/mycobot_280pi/build install --record /home/robotics/ros2_cobot/build/mycobot_280pi/install.log --single-version-externally-managed install_data
[5.795s] Level 1:colcon.colcon_core.environment:checking '/home/robotics/ros2_cobot/install/mycobot_280pi' for CMake config files
[5.795s] Level 1:colcon.colcon_core.environment:checking '/home/robotics/ros2_cobot/install/mycobot_280pi/lib'
[5.796s] Level 1:colcon.colcon_core.environment:checking '/home/robotics/ros2_cobot/install/mycobot_280pi/bin'
[5.796s] Level 1:colcon.colcon_core.environment:checking '/home/robotics/ros2_cobot/install/mycobot_280pi/lib/pkgconfig/mycobot_280pi.pc'
[5.796s] Level 1:colcon.colcon_core.environment:checking '/home/robotics/ros2_cobot/install/mycobot_280pi/lib/python3.10/site-packages'
[5.796s] Level 1:colcon.colcon_core.shell:create_environment_hook('mycobot_280pi', 'pythonpath')
[5.797s] INFO:colcon.colcon_core.shell:Creating environment hook '/home/robotics/ros2_cobot/install/mycobot_280pi/share/mycobot_280pi/hook/pythonpath.ps1'
[5.797s] INFO:colcon.colcon_core.shell:Creating environment descriptor '/home/robotics/ros2_cobot/install/mycobot_280pi/share/mycobot_280pi/hook/pythonpath.dsv'
[5.798s] INFO:colcon.colcon_core.shell:Creating environment hook '/home/robotics/ros2_cobot/install/mycobot_280pi/share/mycobot_280pi/hook/pythonpath.sh'
[5.799s] Level 1:colcon.colcon_core.environment:checking '/home/robotics/ros2_cobot/install/mycobot_280pi/bin'
[5.799s] Level 1:colcon.colcon_core.environment:create_environment_scripts_only(mycobot_280pi)
[5.799s] INFO:colcon.colcon_core.shell:Creating package script '/home/robotics/ros2_cobot/install/mycobot_280pi/share/mycobot_280pi/package.ps1'
[5.800s] INFO:colcon.colcon_core.shell:Creating package descriptor '/home/robotics/ros2_cobot/install/mycobot_280pi/share/mycobot_280pi/package.dsv'
[5.801s] INFO:colcon.colcon_core.shell:Creating package script '/home/robotics/ros2_cobot/install/mycobot_280pi/share/mycobot_280pi/package.sh'
[5.802s] INFO:colcon.colcon_core.shell:Creating package script '/home/robotics/ros2_cobot/install/mycobot_280pi/share/mycobot_280pi/package.bash'
[5.802s] INFO:colcon.colcon_core.shell:Creating package script '/home/robotics/ros2_cobot/install/mycobot_280pi/share/mycobot_280pi/package.zsh'
[5.802s] Level 1:colcon.colcon_core.environment:create_file_with_runtime_dependencies(/home/robotics/ros2_cobot/install/mycobot_280pi/share/colcon-core/packages/mycobot_280pi)
[5.809s] DEBUG:colcon.colcon_core.event_handler.log_command:Invoking command in '/home/robotics/ros2_cobot/src/mycobot_ros2/mycobot_320/mycobot_320': AMENT_PREFIX_PATH=/home/robotics/ros2_cobot/install/mycobot_description:/home/robotics/ros2_cobot/install/ultraarm:/home/robotics/ros2_cobot/install/traj_scripts:/home/robotics/ros2_cobot/install/mypalletizer_communication:/home/robotics/ros2_cobot/install/mypalletizer_interfaces:/home/robotics/ros2_cobot/install/mypalletizer_260_pi:/home/robotics/ros2_cobot/install/mypalletizer_260:/home/robotics/ros2_cobot/install/myarm_m750:/home/robotics/ros2_cobot/install/myarm_c650:/home/robotics/ros2_cobot/install/mycobot_communication:/home/robotics/ros2_cobot/install/mecharm_communication:/home/robotics/ros2_cobot/install/mycobot_interfaces:/home/robotics/ros2_cobot/install/mycobot_630:/home/robotics/ros2_cobot/install/mycobot_600:/home/robotics/ros2_cobot/install/mycobot_320pi:/home/robotics/ros2_cobot/install/mycobot_320_riscv:/home/robotics/ros2_cobot/install/mycobot_320:/home/robotics/ros2_cobot/install/mycobot_280rdkx5_moveit2:/home/robotics/ros2_cobot/install/mycobot_280pi:/home/robotics/ros2_cobot/install/mycobot_280jn:/home/robotics/ros2_cobot/install/mycobot_280arduino_moveit2:/home/robotics/ros2_cobot/install/mycobot_280_x3pi:/home/robotics/ros2_cobot/install/mycobot_280_riscv:/home/robotics/ros2_cobot/install/mycobot_280_rdkx5:/home/robotics/ros2_cobot/install/mycobot_280_moveit2_control:/home/robotics/ros2_cobot/install/mycobot_280_moveit2:/home/robotics/ros2_cobot/install/mycobot_280_arduino:/home/robotics/ros2_cobot/install/mycobot_280:/home/robotics/ros2_cobot/install/mybuddy:/home/robotics/ros2_cobot/install/myarm_300:/home/robotics/ros2_cobot/install/mecharm_pi:/home/robotics/ros2_cobot/install/mecharm:/home/robotics/ros2_cobot/install/mecharm_interfaces:/opt/ros/humble PYTHONPATH=/home/robotics/ros2_cobot/build/mycobot_320/prefix_override:/usr/lib/python3/dist-packages/colcon_core/task/python/colcon_distutils_commands:/home/robotics/ros2_cobot/install/mycobot_320/lib/python3.10/site-packages:/home/robotics/ros2_cobot/install/mycobot_description/lib/python3.10/site-packages:/home/robotics/ros2_cobot/install/ultraarm/lib/python3.10/site-packages:/home/robotics/ros2_cobot/install/traj_scripts/local/lib/python3.10/dist-packages:/home/robotics/ros2_cobot/install/mypalletizer_communication/lib/python3.10/site-packages:/home/robotics/ros2_cobot/install/mypalletizer_interfaces/local/lib/python3.10/dist-packages:/home/robotics/ros2_cobot/install/mypalletizer_260_pi/lib/python3.10/site-packages:/home/robotics/ros2_cobot/install/mypalletizer_260/lib/python3.10/site-packages:/home/robotics/ros2_cobot/install/myarm_m750/lib/python3.10/site-packages:/home/robotics/ros2_cobot/install/myarm_c650/lib/python3.10/site-packages:/home/robotics/ros2_cobot/install/mycobot_communication/lib/python3.10/site-packages:/home/robotics/ros2_cobot/install/mecharm_communication/lib/python3.10/site-packages:/home/robotics/ros2_cobot/install/mycobot_interfaces/local/lib/python3.10/dist-packages:/home/robotics/ros2_cobot/install/mycobot_630/lib/python3.10/site-packages:/home/robotics/ros2_cobot/install/mycobot_600/lib/python3.10/site-packages:/home/robotics/ros2_cobot/install/mycobot_320pi/lib/python3.10/site-packages:/home/robotics/ros2_cobot/install/mycobot_320_riscv/lib/python3.10/site-packages:/home/robotics/ros2_cobot/install/mycobot_320/lib/python3.10/site-packages:/home/robotics/ros2_cobot/install/mycobot_280pi/lib/python3.10/site-packages:/home/robotics/ros2_cobot/install/mycobot_280jn/lib/python3.10/site-packages:/home/robotics/ros2_cobot/install/mycobot_280_x3pi/lib/python3.10/site-packages:/home/robotics/ros2_cobot/install/mycobot_280_riscv/lib/python3.10/site-packages:/home/robotics/ros2_cobot/install/mycobot_280_rdkx5/lib/python3.10/site-packages:/home/robotics/ros2_cobot/install/mycobot_280_moveit2_control/lib/python3.10/site-packages:/home/robotics/ros2_cobot/install/mycobot_280_arduino/lib/python3.10/site-packages:/home/robotics/ros2_cobot/install/mycobot_280/lib/python3.10/site-packages:/home/robotics/ros2_cobot/install/mybuddy/lib/python3.10/site-packages:/home/robotics/ros2_cobot/install/myarm_300/lib/python3.10/site-packages:/home/robotics/ros2_cobot/install/mecharm_pi/lib/python3.10/site-packages:/home/robotics/ros2_cobot/install/mecharm/lib/python3.10/site-packages:/home/robotics/ros2_cobot/install/mecharm_interfaces/local/lib/python3.10/dist-packages:/opt/ros/humble/lib/python3.10/site-packages:/opt/ros/humble/local/lib/python3.10/dist-packages /usr/bin/python3 -W ignore:setup.py install is deprecated -W ignore:easy_install command is deprecated setup.py egg_info --egg-base ../../../../build/mycobot_320 build --build-base /home/robotics/ros2_cobot/build/mycobot_320/build install --record /home/robotics/ros2_cobot/build/mycobot_320/install.log --single-version-externally-managed install_data
[6.048s] INFO:colcon.colcon_core.task.python.build:Building Python package in '/home/robotics/ros2_cobot/src/mycobot_ros2/mycobot_pro/mycobot_630'
[6.049s] INFO:colcon.colcon_core.shell:Skip shell extension 'powershell' for command environment: Not usable outside of PowerShell
[6.049s] DEBUG:colcon.colcon_core.shell:Skip shell extension 'dsv' for command environment
[6.289s] INFO:colcon.colcon_core.task.python.build:Building Python package in '/home/robotics/ros2_cobot/src/mycobot_ros2/mypalletizer_260/mypalletizer_260'
[6.290s] INFO:colcon.colcon_core.shell:Skip shell extension 'powershell' for command environment: Not usable outside of PowerShell
[6.290s] DEBUG:colcon.colcon_core.shell:Skip shell extension 'dsv' for command environment
[6.512s] INFO:colcon.colcon_core.task.python.build:Building Python package in '/home/robotics/ros2_cobot/src/mycobot_ros2/mypalletizer_260/mypalletizer_260_pi'
[6.512s] INFO:colcon.colcon_core.shell:Skip shell extension 'powershell' for command environment: Not usable outside of PowerShell
[6.513s] DEBUG:colcon.colcon_core.shell:Skip shell extension 'dsv' for command environment
[6.718s] INFO:colcon.colcon_core.task.python.build:Building Python package in '/home/robotics/ros2_cobot/src/mycobot_ros2/ultraArm/ultraarm'
[6.719s] INFO:colcon.colcon_core.shell:Skip shell extension 'powershell' for command environment: Not usable outside of PowerShell
[6.719s] DEBUG:colcon.colcon_core.shell:Skip shell extension 'dsv' for command environment
[6.931s] INFO:colcon.colcon_core.task.python.build:Building Python package in '/home/robotics/ros2_cobot/src/mycobot_ros2/myArm/myarm_c650'
[6.931s] INFO:colcon.colcon_core.shell:Skip shell extension 'powershell' for command environment: Not usable outside of PowerShell
[6.931s] DEBUG:colcon.colcon_core.shell:Skip shell extension 'dsv' for command environment
[7.148s] INFO:colcon.colcon_core.task.python.build:Building Python package in '/home/robotics/ros2_cobot/src/mycobot_ros2/myArm/myarm_m750'
[7.149s] INFO:colcon.colcon_core.shell:Skip shell extension 'powershell' for command environment: Not usable outside of PowerShell
[7.149s] DEBUG:colcon.colcon_core.shell:Skip shell extension 'dsv' for command environment
[7.373s] INFO:colcon.colcon_core.task.python.build:Building Python package in '/home/robotics/ros2_cobot/src/mycobot_ros2/mycobot_280/mycobot_280_rdkx5'
[7.373s] INFO:colcon.colcon_core.shell:Skip shell extension 'powershell' for command environment: Not usable outside of PowerShell
[7.373s] DEBUG:colcon.colcon_core.shell:Skip shell extension 'dsv' for command environment
[7.387s] Level 1:colcon.colcon_core.environment:checking '/home/robotics/ros2_cobot/install/mycobot_320' for CMake module files
[7.388s] DEBUG:colcon.colcon_core.event_handler.log_command:Invoked command in '/home/robotics/ros2_cobot/src/mycobot_ros2/mycobot_320/mycobot_320' returned '0': AMENT_PREFIX_PATH=/home/robotics/ros2_cobot/install/mycobot_description:/home/robotics/ros2_cobot/install/ultraarm:/home/robotics/ros2_cobot/install/traj_scripts:/home/robotics/ros2_cobot/install/mypalletizer_communication:/home/robotics/ros2_cobot/install/mypalletizer_interfaces:/home/robotics/ros2_cobot/install/mypalletizer_260_pi:/home/robotics/ros2_cobot/install/mypalletizer_260:/home/robotics/ros2_cobot/install/myarm_m750:/home/robotics/ros2_cobot/install/myarm_c650:/home/robotics/ros2_cobot/install/mycobot_communication:/home/robotics/ros2_cobot/install/mecharm_communication:/home/robotics/ros2_cobot/install/mycobot_interfaces:/home/robotics/ros2_cobot/install/mycobot_630:/home/robotics/ros2_cobot/install/mycobot_600:/home/robotics/ros2_cobot/install/mycobot_320pi:/home/robotics/ros2_cobot/install/mycobot_320_riscv:/home/robotics/ros2_cobot/install/mycobot_320:/home/robotics/ros2_cobot/install/mycobot_280rdkx5_moveit2:/home/robotics/ros2_cobot/install/mycobot_280pi:/home/robotics/ros2_cobot/install/mycobot_280jn:/home/robotics/ros2_cobot/install/mycobot_280arduino_moveit2:/home/robotics/ros2_cobot/install/mycobot_280_x3pi:/home/robotics/ros2_cobot/install/mycobot_280_riscv:/home/robotics/ros2_cobot/install/mycobot_280_rdkx5:/home/robotics/ros2_cobot/install/mycobot_280_moveit2_control:/home/robotics/ros2_cobot/install/mycobot_280_moveit2:/home/robotics/ros2_cobot/install/mycobot_280_arduino:/home/robotics/ros2_cobot/install/mycobot_280:/home/robotics/ros2_cobot/install/mybuddy:/home/robotics/ros2_cobot/install/myarm_300:/home/robotics/ros2_cobot/install/mecharm_pi:/home/robotics/ros2_cobot/install/mecharm:/home/robotics/ros2_cobot/install/mecharm_interfaces:/opt/ros/humble PYTHONPATH=/home/robotics/ros2_cobot/build/mycobot_320/prefix_override:/usr/lib/python3/dist-packages/colcon_core/task/python/colcon_distutils_commands:/home/robotics/ros2_cobot/install/mycobot_320/lib/python3.10/site-packages:/home/robotics/ros2_cobot/install/mycobot_description/lib/python3.10/site-packages:/home/robotics/ros2_cobot/install/ultraarm/lib/python3.10/site-packages:/home/robotics/ros2_cobot/install/traj_scripts/local/lib/python3.10/dist-packages:/home/robotics/ros2_cobot/install/mypalletizer_communication/lib/python3.10/site-packages:/home/robotics/ros2_cobot/install/mypalletizer_interfaces/local/lib/python3.10/dist-packages:/home/robotics/ros2_cobot/install/mypalletizer_260_pi/lib/python3.10/site-packages:/home/robotics/ros2_cobot/install/mypalletizer_260/lib/python3.10/site-packages:/home/robotics/ros2_cobot/install/myarm_m750/lib/python3.10/site-packages:/home/robotics/ros2_cobot/install/myarm_c650/lib/python3.10/site-packages:/home/robotics/ros2_cobot/install/mycobot_communication/lib/python3.10/site-packages:/home/robotics/ros2_cobot/install/mecharm_communication/lib/python3.10/site-packages:/home/robotics/ros2_cobot/install/mycobot_interfaces/local/lib/python3.10/dist-packages:/home/robotics/ros2_cobot/install/mycobot_630/lib/python3.10/site-packages:/home/robotics/ros2_cobot/install/mycobot_600/lib/python3.10/site-packages:/home/robotics/ros2_cobot/install/mycobot_320pi/lib/python3.10/site-packages:/home/robotics/ros2_cobot/install/mycobot_320_riscv/lib/python3.10/site-packages:/home/robotics/ros2_cobot/install/mycobot_320/lib/python3.10/site-packages:/home/robotics/ros2_cobot/install/mycobot_280pi/lib/python3.10/site-packages:/home/robotics/ros2_cobot/install/mycobot_280jn/lib/python3.10/site-packages:/home/robotics/ros2_cobot/install/mycobot_280_x3pi/lib/python3.10/site-packages:/home/robotics/ros2_cobot/install/mycobot_280_riscv/lib/python3.10/site-packages:/home/robotics/ros2_cobot/install/mycobot_280_rdkx5/lib/python3.10/site-packages:/home/robotics/ros2_cobot/install/mycobot_280_moveit2_control/lib/python3.10/site-packages:/home/robotics/ros2_cobot/install/mycobot_280_arduino/lib/python3.10/site-packages:/home/robotics/ros2_cobot/install/mycobot_280/lib/python3.10/site-packages:/home/robotics/ros2_cobot/install/mybuddy/lib/python3.10/site-packages:/home/robotics/ros2_cobot/install/myarm_300/lib/python3.10/site-packages:/home/robotics/ros2_cobot/install/mecharm_pi/lib/python3.10/site-packages:/home/robotics/ros2_cobot/install/mecharm/lib/python3.10/site-packages:/home/robotics/ros2_cobot/install/mecharm_interfaces/local/lib/python3.10/dist-packages:/opt/ros/humble/lib/python3.10/site-packages:/opt/ros/humble/local/lib/python3.10/dist-packages /usr/bin/python3 -W ignore:setup.py install is deprecated -W ignore:easy_install command is deprecated setup.py egg_info --egg-base ../../../../build/mycobot_320 build --build-base /home/robotics/ros2_cobot/build/mycobot_320/build install --record /home/robotics/ros2_cobot/build/mycobot_320/install.log --single-version-externally-managed install_data
[7.388s] Level 1:colcon.colcon_core.environment:checking '/home/robotics/ros2_cobot/install/mycobot_320' for CMake config files
[7.389s] Level 1:colcon.colcon_core.environment:checking '/home/robotics/ros2_cobot/install/mycobot_320/lib'
[7.389s] Level 1:colcon.colcon_core.environment:checking '/home/robotics/ros2_cobot/install/mycobot_320/bin'
[7.390s] Level 1:colcon.colcon_core.environment:checking '/home/robotics/ros2_cobot/install/mycobot_320/lib/pkgconfig/mycobot_320.pc'
[7.390s] Level 1:colcon.colcon_core.environment:checking '/home/robotics/ros2_cobot/install/mycobot_320/lib/python3.10/site-packages'
[7.390s] Level 1:colcon.colcon_core.shell:create_environment_hook('mycobot_320', 'pythonpath')
[7.390s] INFO:colcon.colcon_core.shell:Creating environment hook '/home/robotics/ros2_cobot/install/mycobot_320/share/mycobot_320/hook/pythonpath.ps1'
[7.391s] INFO:colcon.colcon_core.shell:Creating environment descriptor '/home/robotics/ros2_cobot/install/mycobot_320/share/mycobot_320/hook/pythonpath.dsv'
[7.392s] INFO:colcon.colcon_core.shell:Creating environment hook '/home/robotics/ros2_cobot/install/mycobot_320/share/mycobot_320/hook/pythonpath.sh'
[7.393s] Level 1:colcon.colcon_core.environment:checking '/home/robotics/ros2_cobot/install/mycobot_320/bin'
[7.393s] Level 1:colcon.colcon_core.environment:create_environment_scripts_only(mycobot_320)
[7.393s] INFO:colcon.colcon_core.shell:Creating package script '/home/robotics/ros2_cobot/install/mycobot_320/share/mycobot_320/package.ps1'
[7.394s] INFO:colcon.colcon_core.shell:Creating package descriptor '/home/robotics/ros2_cobot/install/mycobot_320/share/mycobot_320/package.dsv'
[7.395s] INFO:colcon.colcon_core.shell:Creating package script '/home/robotics/ros2_cobot/install/mycobot_320/share/mycobot_320/package.sh'
[7.396s] INFO:colcon.colcon_core.shell:Creating package script '/home/robotics/ros2_cobot/install/mycobot_320/share/mycobot_320/package.bash'
[7.396s] INFO:colcon.colcon_core.shell:Creating package script '/home/robotics/ros2_cobot/install/mycobot_320/share/mycobot_320/package.zsh'
[7.397s] Level 1:colcon.colcon_core.environment:create_file_with_runtime_dependencies(/home/robotics/ros2_cobot/install/mycobot_320/share/colcon-core/packages/mycobot_320)
[7.403s] DEBUG:colcon.colcon_core.event_handler.log_command:Invoking command in '/home/robotics/ros2_cobot/src/mycobot_ros2/mycobot_320/mycobot_320_riscv': AMENT_PREFIX_PATH=/home/robotics/ros2_cobot/install/mycobot_description:/home/robotics/ros2_cobot/install/ultraarm:/home/robotics/ros2_cobot/install/traj_scripts:/home/robotics/ros2_cobot/install/mypalletizer_communication:/home/robotics/ros2_cobot/install/mypalletizer_interfaces:/home/robotics/ros2_cobot/install/mypalletizer_260_pi:/home/robotics/ros2_cobot/install/mypalletizer_260:/home/robotics/ros2_cobot/install/myarm_m750:/home/robotics/ros2_cobot/install/myarm_c650:/home/robotics/ros2_cobot/install/mycobot_communication:/home/robotics/ros2_cobot/install/mecharm_communication:/home/robotics/ros2_cobot/install/mycobot_interfaces:/home/robotics/ros2_cobot/install/mycobot_630:/home/robotics/ros2_cobot/install/mycobot_600:/home/robotics/ros2_cobot/install/mycobot_320pi:/home/robotics/ros2_cobot/install/mycobot_320_riscv:/home/robotics/ros2_cobot/install/mycobot_320:/home/robotics/ros2_cobot/install/mycobot_280rdkx5_moveit2:/home/robotics/ros2_cobot/install/mycobot_280pi:/home/robotics/ros2_cobot/install/mycobot_280jn:/home/robotics/ros2_cobot/install/mycobot_280arduino_moveit2:/home/robotics/ros2_cobot/install/mycobot_280_x3pi:/home/robotics/ros2_cobot/install/mycobot_280_riscv:/home/robotics/ros2_cobot/install/mycobot_280_rdkx5:/home/robotics/ros2_cobot/install/mycobot_280_moveit2_control:/home/robotics/ros2_cobot/install/mycobot_280_moveit2:/home/robotics/ros2_cobot/install/mycobot_280_arduino:/home/robotics/ros2_cobot/install/mycobot_280:/home/robotics/ros2_cobot/install/mybuddy:/home/robotics/ros2_cobot/install/myarm_300:/home/robotics/ros2_cobot/install/mecharm_pi:/home/robotics/ros2_cobot/install/mecharm:/home/robotics/ros2_cobot/install/mecharm_interfaces:/opt/ros/humble PYTHONPATH=/home/robotics/ros2_cobot/build/mycobot_320_riscv/prefix_override:/usr/lib/python3/dist-packages/colcon_core/task/python/colcon_distutils_commands:/home/robotics/ros2_cobot/install/mycobot_320_riscv/lib/python3.10/site-packages:/home/robotics/ros2_cobot/install/mycobot_description/lib/python3.10/site-packages:/home/robotics/ros2_cobot/install/ultraarm/lib/python3.10/site-packages:/home/robotics/ros2_cobot/install/traj_scripts/local/lib/python3.10/dist-packages:/home/robotics/ros2_cobot/install/mypalletizer_communication/lib/python3.10/site-packages:/home/robotics/ros2_cobot/install/mypalletizer_interfaces/local/lib/python3.10/dist-packages:/home/robotics/ros2_cobot/install/mypalletizer_260_pi/lib/python3.10/site-packages:/home/robotics/ros2_cobot/install/mypalletizer_260/lib/python3.10/site-packages:/home/robotics/ros2_cobot/install/myarm_m750/lib/python3.10/site-packages:/home/robotics/ros2_cobot/install/myarm_c650/lib/python3.10/site-packages:/home/robotics/ros2_cobot/install/mycobot_communication/lib/python3.10/site-packages:/home/robotics/ros2_cobot/install/mecharm_communication/lib/python3.10/site-packages:/home/robotics/ros2_cobot/install/mycobot_interfaces/local/lib/python3.10/dist-packages:/home/robotics/ros2_cobot/install/mycobot_630/lib/python3.10/site-packages:/home/robotics/ros2_cobot/install/mycobot_600/lib/python3.10/site-packages:/home/robotics/ros2_cobot/install/mycobot_320pi/lib/python3.10/site-packages:/home/robotics/ros2_cobot/install/mycobot_320_riscv/lib/python3.10/site-packages:/home/robotics/ros2_cobot/install/mycobot_320/lib/python3.10/site-packages:/home/robotics/ros2_cobot/install/mycobot_280pi/lib/python3.10/site-packages:/home/robotics/ros2_cobot/install/mycobot_280jn/lib/python3.10/site-packages:/home/robotics/ros2_cobot/install/mycobot_280_x3pi/lib/python3.10/site-packages:/home/robotics/ros2_cobot/install/mycobot_280_riscv/lib/python3.10/site-packages:/home/robotics/ros2_cobot/install/mycobot_280_rdkx5/lib/python3.10/site-packages:/home/robotics/ros2_cobot/install/mycobot_280_moveit2_control/lib/python3.10/site-packages:/home/robotics/ros2_cobot/install/mycobot_280_arduino/lib/python3.10/site-packages:/home/robotics/ros2_cobot/install/mycobot_280/lib/python3.10/site-packages:/home/robotics/ros2_cobot/install/mybuddy/lib/python3.10/site-packages:/home/robotics/ros2_cobot/install/myarm_300/lib/python3.10/site-packages:/home/robotics/ros2_cobot/install/mecharm_pi/lib/python3.10/site-packages:/home/robotics/ros2_cobot/install/mecharm/lib/python3.10/site-packages:/home/robotics/ros2_cobot/install/mecharm_interfaces/local/lib/python3.10/dist-packages:/opt/ros/humble/lib/python3.10/site-packages:/opt/ros/humble/local/lib/python3.10/dist-packages /usr/bin/python3 -W ignore:setup.py install is deprecated -W ignore:easy_install command is deprecated setup.py egg_info --egg-base ../../../../build/mycobot_320_riscv build --build-base /home/robotics/ros2_cobot/build/mycobot_320_riscv/build install --record /home/robotics/ros2_cobot/build/mycobot_320_riscv/install.log --single-version-externally-managed install_data
[7.406s] DEBUG:colcon.colcon_core.event_handler.log_command:Invoking command in '/home/robotics/ros2_cobot/src/mycobot_ros2/mycobot_pro/mycobot_600': AMENT_PREFIX_PATH=/home/robotics/ros2_cobot/install/mycobot_description:/home/robotics/ros2_cobot/install/ultraarm:/home/robotics/ros2_cobot/install/traj_scripts:/home/robotics/ros2_cobot/install/mypalletizer_communication:/home/robotics/ros2_cobot/install/mypalletizer_interfaces:/home/robotics/ros2_cobot/install/mypalletizer_260_pi:/home/robotics/ros2_cobot/install/mypalletizer_260:/home/robotics/ros2_cobot/install/myarm_m750:/home/robotics/ros2_cobot/install/myarm_c650:/home/robotics/ros2_cobot/install/mycobot_communication:/home/robotics/ros2_cobot/install/mecharm_communication:/home/robotics/ros2_cobot/install/mycobot_interfaces:/home/robotics/ros2_cobot/install/mycobot_630:/home/robotics/ros2_cobot/install/mycobot_600:/home/robotics/ros2_cobot/install/mycobot_320pi:/home/robotics/ros2_cobot/install/mycobot_320_riscv:/home/robotics/ros2_cobot/install/mycobot_320:/home/robotics/ros2_cobot/install/mycobot_280rdkx5_moveit2:/home/robotics/ros2_cobot/install/mycobot_280pi:/home/robotics/ros2_cobot/install/mycobot_280jn:/home/robotics/ros2_cobot/install/mycobot_280arduino_moveit2:/home/robotics/ros2_cobot/install/mycobot_280_x3pi:/home/robotics/ros2_cobot/install/mycobot_280_riscv:/home/robotics/ros2_cobot/install/mycobot_280_rdkx5:/home/robotics/ros2_cobot/install/mycobot_280_moveit2_control:/home/robotics/ros2_cobot/install/mycobot_280_moveit2:/home/robotics/ros2_cobot/install/mycobot_280_arduino:/home/robotics/ros2_cobot/install/mycobot_280:/home/robotics/ros2_cobot/install/mybuddy:/home/robotics/ros2_cobot/install/myarm_300:/home/robotics/ros2_cobot/install/mecharm_pi:/home/robotics/ros2_cobot/install/mecharm:/home/robotics/ros2_cobot/install/mecharm_interfaces:/opt/ros/humble PYTHONPATH=/home/robotics/ros2_cobot/build/mycobot_600/prefix_override:/usr/lib/python3/dist-packages/colcon_core/task/python/colcon_distutils_commands:/home/robotics/ros2_cobot/install/mycobot_600/lib/python3.10/site-packages:/home/robotics/ros2_cobot/install/mycobot_description/lib/python3.10/site-packages:/home/robotics/ros2_cobot/install/ultraarm/lib/python3.10/site-packages:/home/robotics/ros2_cobot/install/traj_scripts/local/lib/python3.10/dist-packages:/home/robotics/ros2_cobot/install/mypalletizer_communication/lib/python3.10/site-packages:/home/robotics/ros2_cobot/install/mypalletizer_interfaces/local/lib/python3.10/dist-packages:/home/robotics/ros2_cobot/install/mypalletizer_260_pi/lib/python3.10/site-packages:/home/robotics/ros2_cobot/install/mypalletizer_260/lib/python3.10/site-packages:/home/robotics/ros2_cobot/install/myarm_m750/lib/python3.10/site-packages:/home/robotics/ros2_cobot/install/myarm_c650/lib/python3.10/site-packages:/home/robotics/ros2_cobot/install/mycobot_communication/lib/python3.10/site-packages:/home/robotics/ros2_cobot/install/mecharm_communication/lib/python3.10/site-packages:/home/robotics/ros2_cobot/install/mycobot_interfaces/local/lib/python3.10/dist-packages:/home/robotics/ros2_cobot/install/mycobot_630/lib/python3.10/site-packages:/home/robotics/ros2_cobot/install/mycobot_600/lib/python3.10/site-packages:/home/robotics/ros2_cobot/install/mycobot_320pi/lib/python3.10/site-packages:/home/robotics/ros2_cobot/install/mycobot_320_riscv/lib/python3.10/site-packages:/home/robotics/ros2_cobot/install/mycobot_320/lib/python3.10/site-packages:/home/robotics/ros2_cobot/install/mycobot_280pi/lib/python3.10/site-packages:/home/robotics/ros2_cobot/install/mycobot_280jn/lib/python3.10/site-packages:/home/robotics/ros2_cobot/install/mycobot_280_x3pi/lib/python3.10/site-packages:/home/robotics/ros2_cobot/install/mycobot_280_riscv/lib/python3.10/site-packages:/home/robotics/ros2_cobot/install/mycobot_280_rdkx5/lib/python3.10/site-packages:/home/robotics/ros2_cobot/install/mycobot_280_moveit2_control/lib/python3.10/site-packages:/home/robotics/ros2_cobot/install/mycobot_280_arduino/lib/python3.10/site-packages:/home/robotics/ros2_cobot/install/mycobot_280/lib/python3.10/site-packages:/home/robotics/ros2_cobot/install/mybuddy/lib/python3.10/site-packages:/home/robotics/ros2_cobot/install/myarm_300/lib/python3.10/site-packages:/home/robotics/ros2_cobot/install/mecharm_pi/lib/python3.10/site-packages:/home/robotics/ros2_cobot/install/mecharm/lib/python3.10/site-packages:/home/robotics/ros2_cobot/install/mecharm_interfaces/local/lib/python3.10/dist-packages:/opt/ros/humble/lib/python3.10/site-packages:/opt/ros/humble/local/lib/python3.10/dist-packages /usr/bin/python3 -W ignore:setup.py install is deprecated -W ignore:easy_install command is deprecated setup.py egg_info --egg-base ../../../../build/mycobot_600 build --build-base /home/robotics/ros2_cobot/build/mycobot_600/build install --record /home/robotics/ros2_cobot/build/mycobot_600/install.log --single-version-externally-managed install_data
[7.408s] DEBUG:colcon.colcon_core.event_handler.log_command:Invoking command in '/home/robotics/ros2_cobot/src/mycobot_ros2/mycobot_320/mycobot_320pi': AMENT_PREFIX_PATH=/home/robotics/ros2_cobot/install/mycobot_description:/home/robotics/ros2_cobot/install/ultraarm:/home/robotics/ros2_cobot/install/traj_scripts:/home/robotics/ros2_cobot/install/mypalletizer_communication:/home/robotics/ros2_cobot/install/mypalletizer_interfaces:/home/robotics/ros2_cobot/install/mypalletizer_260_pi:/home/robotics/ros2_cobot/install/mypalletizer_260:/home/robotics/ros2_cobot/install/myarm_m750:/home/robotics/ros2_cobot/install/myarm_c650:/home/robotics/ros2_cobot/install/mycobot_communication:/home/robotics/ros2_cobot/install/mecharm_communication:/home/robotics/ros2_cobot/install/mycobot_interfaces:/home/robotics/ros2_cobot/install/mycobot_630:/home/robotics/ros2_cobot/install/mycobot_600:/home/robotics/ros2_cobot/install/mycobot_320pi:/home/robotics/ros2_cobot/install/mycobot_320_riscv:/home/robotics/ros2_cobot/install/mycobot_320:/home/robotics/ros2_cobot/install/mycobot_280rdkx5_moveit2:/home/robotics/ros2_cobot/install/mycobot_280pi:/home/robotics/ros2_cobot/install/mycobot_280jn:/home/robotics/ros2_cobot/install/mycobot_280arduino_moveit2:/home/robotics/ros2_cobot/install/mycobot_280_x3pi:/home/robotics/ros2_cobot/install/mycobot_280_riscv:/home/robotics/ros2_cobot/install/mycobot_280_rdkx5:/home/robotics/ros2_cobot/install/mycobot_280_moveit2_control:/home/robotics/ros2_cobot/install/mycobot_280_moveit2:/home/robotics/ros2_cobot/install/mycobot_280_arduino:/home/robotics/ros2_cobot/install/mycobot_280:/home/robotics/ros2_cobot/install/mybuddy:/home/robotics/ros2_cobot/install/myarm_300:/home/robotics/ros2_cobot/install/mecharm_pi:/home/robotics/ros2_cobot/install/mecharm:/home/robotics/ros2_cobot/install/mecharm_interfaces:/opt/ros/humble PYTHONPATH=/home/robotics/ros2_cobot/build/mycobot_320pi/prefix_override:/usr/lib/python3/dist-packages/colcon_core/task/python/colcon_distutils_commands:/home/robotics/ros2_cobot/install/mycobot_320pi/lib/python3.10/site-packages:/home/robotics/ros2_cobot/install/mycobot_description/lib/python3.10/site-packages:/home/robotics/ros2_cobot/install/ultraarm/lib/python3.10/site-packages:/home/robotics/ros2_cobot/install/traj_scripts/local/lib/python3.10/dist-packages:/home/robotics/ros2_cobot/install/mypalletizer_communication/lib/python3.10/site-packages:/home/robotics/ros2_cobot/install/mypalletizer_interfaces/local/lib/python3.10/dist-packages:/home/robotics/ros2_cobot/install/mypalletizer_260_pi/lib/python3.10/site-packages:/home/robotics/ros2_cobot/install/mypalletizer_260/lib/python3.10/site-packages:/home/robotics/ros2_cobot/install/myarm_m750/lib/python3.10/site-packages:/home/robotics/ros2_cobot/install/myarm_c650/lib/python3.10/site-packages:/home/robotics/ros2_cobot/install/mycobot_communication/lib/python3.10/site-packages:/home/robotics/ros2_cobot/install/mecharm_communication/lib/python3.10/site-packages:/home/robotics/ros2_cobot/install/mycobot_interfaces/local/lib/python3.10/dist-packages:/home/robotics/ros2_cobot/install/mycobot_630/lib/python3.10/site-packages:/home/robotics/ros2_cobot/install/mycobot_600/lib/python3.10/site-packages:/home/robotics/ros2_cobot/install/mycobot_320pi/lib/python3.10/site-packages:/home/robotics/ros2_cobot/install/mycobot_320_riscv/lib/python3.10/site-packages:/home/robotics/ros2_cobot/install/mycobot_320/lib/python3.10/site-packages:/home/robotics/ros2_cobot/install/mycobot_280pi/lib/python3.10/site-packages:/home/robotics/ros2_cobot/install/mycobot_280jn/lib/python3.10/site-packages:/home/robotics/ros2_cobot/install/mycobot_280_x3pi/lib/python3.10/site-packages:/home/robotics/ros2_cobot/install/mycobot_280_riscv/lib/python3.10/site-packages:/home/robotics/ros2_cobot/install/mycobot_280_rdkx5/lib/python3.10/site-packages:/home/robotics/ros2_cobot/install/mycobot_280_moveit2_control/lib/python3.10/site-packages:/home/robotics/ros2_cobot/install/mycobot_280_arduino/lib/python3.10/site-packages:/home/robotics/ros2_cobot/install/mycobot_280/lib/python3.10/site-packages:/home/robotics/ros2_cobot/install/mybuddy/lib/python3.10/site-packages:/home/robotics/ros2_cobot/install/myarm_300/lib/python3.10/site-packages:/home/robotics/ros2_cobot/install/mecharm_pi/lib/python3.10/site-packages:/home/robotics/ros2_cobot/install/mecharm/lib/python3.10/site-packages:/home/robotics/ros2_cobot/install/mecharm_interfaces/local/lib/python3.10/dist-packages:/opt/ros/humble/lib/python3.10/site-packages:/opt/ros/humble/local/lib/python3.10/dist-packages /usr/bin/python3 -W ignore:setup.py install is deprecated -W ignore:easy_install command is deprecated setup.py egg_info --egg-base ../../../../build/mycobot_320pi build --build-base /home/robotics/ros2_cobot/build/mycobot_320pi/build install --record /home/robotics/ros2_cobot/build/mycobot_320pi/install.log --single-version-externally-managed install_data
[7.707s] Level 1:colcon.colcon_core.environment:checking '/home/robotics/ros2_cobot/install/mycobot_320pi' for CMake module files
[7.708s] DEBUG:colcon.colcon_core.event_handler.log_command:Invoked command in '/home/robotics/ros2_cobot/src/mycobot_ros2/mycobot_320/mycobot_320pi' returned '0': AMENT_PREFIX_PATH=/home/robotics/ros2_cobot/install/mycobot_description:/home/robotics/ros2_cobot/install/ultraarm:/home/robotics/ros2_cobot/install/traj_scripts:/home/robotics/ros2_cobot/install/mypalletizer_communication:/home/robotics/ros2_cobot/install/mypalletizer_interfaces:/home/robotics/ros2_cobot/install/mypalletizer_260_pi:/home/robotics/ros2_cobot/install/mypalletizer_260:/home/robotics/ros2_cobot/install/myarm_m750:/home/robotics/ros2_cobot/install/myarm_c650:/home/robotics/ros2_cobot/install/mycobot_communication:/home/robotics/ros2_cobot/install/mecharm_communication:/home/robotics/ros2_cobot/install/mycobot_interfaces:/home/robotics/ros2_cobot/install/mycobot_630:/home/robotics/ros2_cobot/install/mycobot_600:/home/robotics/ros2_cobot/install/mycobot_320pi:/home/robotics/ros2_cobot/install/mycobot_320_riscv:/home/robotics/ros2_cobot/install/mycobot_320:/home/robotics/ros2_cobot/install/mycobot_280rdkx5_moveit2:/home/robotics/ros2_cobot/install/mycobot_280pi:/home/robotics/ros2_cobot/install/mycobot_280jn:/home/robotics/ros2_cobot/install/mycobot_280arduino_moveit2:/home/robotics/ros2_cobot/install/mycobot_280_x3pi:/home/robotics/ros2_cobot/install/mycobot_280_riscv:/home/robotics/ros2_cobot/install/mycobot_280_rdkx5:/home/robotics/ros2_cobot/install/mycobot_280_moveit2_control:/home/robotics/ros2_cobot/install/mycobot_280_moveit2:/home/robotics/ros2_cobot/install/mycobot_280_arduino:/home/robotics/ros2_cobot/install/mycobot_280:/home/robotics/ros2_cobot/install/mybuddy:/home/robotics/ros2_cobot/install/myarm_300:/home/robotics/ros2_cobot/install/mecharm_pi:/home/robotics/ros2_cobot/install/mecharm:/home/robotics/ros2_cobot/install/mecharm_interfaces:/opt/ros/humble PYTHONPATH=/home/robotics/ros2_cobot/build/mycobot_320pi/prefix_override:/usr/lib/python3/dist-packages/colcon_core/task/python/colcon_distutils_commands:/home/robotics/ros2_cobot/install/mycobot_320pi/lib/python3.10/site-packages:/home/robotics/ros2_cobot/install/mycobot_description/lib/python3.10/site-packages:/home/robotics/ros2_cobot/install/ultraarm/lib/python3.10/site-packages:/home/robotics/ros2_cobot/install/traj_scripts/local/lib/python3.10/dist-packages:/home/robotics/ros2_cobot/install/mypalletizer_communication/lib/python3.10/site-packages:/home/robotics/ros2_cobot/install/mypalletizer_interfaces/local/lib/python3.10/dist-packages:/home/robotics/ros2_cobot/install/mypalletizer_260_pi/lib/python3.10/site-packages:/home/robotics/ros2_cobot/install/mypalletizer_260/lib/python3.10/site-packages:/home/robotics/ros2_cobot/install/myarm_m750/lib/python3.10/site-packages:/home/robotics/ros2_cobot/install/myarm_c650/lib/python3.10/site-packages:/home/robotics/ros2_cobot/install/mycobot_communication/lib/python3.10/site-packages:/home/robotics/ros2_cobot/install/mecharm_communication/lib/python3.10/site-packages:/home/robotics/ros2_cobot/install/mycobot_interfaces/local/lib/python3.10/dist-packages:/home/robotics/ros2_cobot/install/mycobot_630/lib/python3.10/site-packages:/home/robotics/ros2_cobot/install/mycobot_600/lib/python3.10/site-packages:/home/robotics/ros2_cobot/install/mycobot_320pi/lib/python3.10/site-packages:/home/robotics/ros2_cobot/install/mycobot_320_riscv/lib/python3.10/site-packages:/home/robotics/ros2_cobot/install/mycobot_320/lib/python3.10/site-packages:/home/robotics/ros2_cobot/install/mycobot_280pi/lib/python3.10/site-packages:/home/robotics/ros2_cobot/install/mycobot_280jn/lib/python3.10/site-packages:/home/robotics/ros2_cobot/install/mycobot_280_x3pi/lib/python3.10/site-packages:/home/robotics/ros2_cobot/install/mycobot_280_riscv/lib/python3.10/site-packages:/home/robotics/ros2_cobot/install/mycobot_280_rdkx5/lib/python3.10/site-packages:/home/robotics/ros2_cobot/install/mycobot_280_moveit2_control/lib/python3.10/site-packages:/home/robotics/ros2_cobot/install/mycobot_280_arduino/lib/python3.10/site-packages:/home/robotics/ros2_cobot/install/mycobot_280/lib/python3.10/site-packages:/home/robotics/ros2_cobot/install/mybuddy/lib/python3.10/site-packages:/home/robotics/ros2_cobot/install/myarm_300/lib/python3.10/site-packages:/home/robotics/ros2_cobot/install/mecharm_pi/lib/python3.10/site-packages:/home/robotics/ros2_cobot/install/mecharm/lib/python3.10/site-packages:/home/robotics/ros2_cobot/install/mecharm_interfaces/local/lib/python3.10/dist-packages:/opt/ros/humble/lib/python3.10/site-packages:/opt/ros/humble/local/lib/python3.10/dist-packages /usr/bin/python3 -W ignore:setup.py install is deprecated -W ignore:easy_install command is deprecated setup.py egg_info --egg-base ../../../../build/mycobot_320pi build --build-base /home/robotics/ros2_cobot/build/mycobot_320pi/build install --record /home/robotics/ros2_cobot/build/mycobot_320pi/install.log --single-version-externally-managed install_data
[7.708s] Level 1:colcon.colcon_core.environment:checking '/home/robotics/ros2_cobot/install/mycobot_320pi' for CMake config files
[7.709s] Level 1:colcon.colcon_core.environment:checking '/home/robotics/ros2_cobot/install/mycobot_320pi/lib'
[7.709s] Level 1:colcon.colcon_core.environment:checking '/home/robotics/ros2_cobot/install/mycobot_320pi/bin'
[7.709s] Level 1:colcon.colcon_core.environment:checking '/home/robotics/ros2_cobot/install/mycobot_320pi/lib/pkgconfig/mycobot_320pi.pc'
[7.709s] Level 1:colcon.colcon_core.environment:checking '/home/robotics/ros2_cobot/install/mycobot_320pi/lib/python3.10/site-packages'
[7.709s] Level 1:colcon.colcon_core.shell:create_environment_hook('mycobot_320pi', 'pythonpath')
[7.710s] INFO:colcon.colcon_core.shell:Creating environment hook '/home/robotics/ros2_cobot/install/mycobot_320pi/share/mycobot_320pi/hook/pythonpath.ps1'
[7.710s] INFO:colcon.colcon_core.shell:Creating environment descriptor '/home/robotics/ros2_cobot/install/mycobot_320pi/share/mycobot_320pi/hook/pythonpath.dsv'
[7.710s] INFO:colcon.colcon_core.shell:Creating environment hook '/home/robotics/ros2_cobot/install/mycobot_320pi/share/mycobot_320pi/hook/pythonpath.sh'
[7.711s] Level 1:colcon.colcon_core.environment:checking '/home/robotics/ros2_cobot/install/mycobot_320pi/bin'
[7.711s] Level 1:colcon.colcon_core.environment:create_environment_scripts_only(mycobot_320pi)
[7.711s] INFO:colcon.colcon_core.shell:Creating package script '/home/robotics/ros2_cobot/install/mycobot_320pi/share/mycobot_320pi/package.ps1'
[7.712s] INFO:colcon.colcon_core.shell:Creating package descriptor '/home/robotics/ros2_cobot/install/mycobot_320pi/share/mycobot_320pi/package.dsv'
[7.713s] INFO:colcon.colcon_core.shell:Creating package script '/home/robotics/ros2_cobot/install/mycobot_320pi/share/mycobot_320pi/package.sh'
[7.713s] INFO:colcon.colcon_core.shell:Creating package script '/home/robotics/ros2_cobot/install/mycobot_320pi/share/mycobot_320pi/package.bash'
[7.713s] INFO:colcon.colcon_core.shell:Creating package script '/home/robotics/ros2_cobot/install/mycobot_320pi/share/mycobot_320pi/package.zsh'
[7.714s] Level 1:colcon.colcon_core.environment:create_file_with_runtime_dependencies(/home/robotics/ros2_cobot/install/mycobot_320pi/share/colcon-core/packages/mycobot_320pi)
[7.715s] Level 1:colcon.colcon_core.environment:checking '/home/robotics/ros2_cobot/install/mycobot_320_riscv' for CMake module files
[7.715s] DEBUG:colcon.colcon_core.event_handler.log_command:Invoked command in '/home/robotics/ros2_cobot/src/mycobot_ros2/mycobot_320/mycobot_320_riscv' returned '0': AMENT_PREFIX_PATH=/home/robotics/ros2_cobot/install/mycobot_description:/home/robotics/ros2_cobot/install/ultraarm:/home/robotics/ros2_cobot/install/traj_scripts:/home/robotics/ros2_cobot/install/mypalletizer_communication:/home/robotics/ros2_cobot/install/mypalletizer_interfaces:/home/robotics/ros2_cobot/install/mypalletizer_260_pi:/home/robotics/ros2_cobot/install/mypalletizer_260:/home/robotics/ros2_cobot/install/myarm_m750:/home/robotics/ros2_cobot/install/myarm_c650:/home/robotics/ros2_cobot/install/mycobot_communication:/home/robotics/ros2_cobot/install/mecharm_communication:/home/robotics/ros2_cobot/install/mycobot_interfaces:/home/robotics/ros2_cobot/install/mycobot_630:/home/robotics/ros2_cobot/install/mycobot_600:/home/robotics/ros2_cobot/install/mycobot_320pi:/home/robotics/ros2_cobot/install/mycobot_320_riscv:/home/robotics/ros2_cobot/install/mycobot_320:/home/robotics/ros2_cobot/install/mycobot_280rdkx5_moveit2:/home/robotics/ros2_cobot/install/mycobot_280pi:/home/robotics/ros2_cobot/install/mycobot_280jn:/home/robotics/ros2_cobot/install/mycobot_280arduino_moveit2:/home/robotics/ros2_cobot/install/mycobot_280_x3pi:/home/robotics/ros2_cobot/install/mycobot_280_riscv:/home/robotics/ros2_cobot/install/mycobot_280_rdkx5:/home/robotics/ros2_cobot/install/mycobot_280_moveit2_control:/home/robotics/ros2_cobot/install/mycobot_280_moveit2:/home/robotics/ros2_cobot/install/mycobot_280_arduino:/home/robotics/ros2_cobot/install/mycobot_280:/home/robotics/ros2_cobot/install/mybuddy:/home/robotics/ros2_cobot/install/myarm_300:/home/robotics/ros2_cobot/install/mecharm_pi:/home/robotics/ros2_cobot/install/mecharm:/home/robotics/ros2_cobot/install/mecharm_interfaces:/opt/ros/humble PYTHONPATH=/home/robotics/ros2_cobot/build/mycobot_320_riscv/prefix_override:/usr/lib/python3/dist-packages/colcon_core/task/python/colcon_distutils_commands:/home/robotics/ros2_cobot/install/mycobot_320_riscv/lib/python3.10/site-packages:/home/robotics/ros2_cobot/install/mycobot_description/lib/python3.10/site-packages:/home/robotics/ros2_cobot/install/ultraarm/lib/python3.10/site-packages:/home/robotics/ros2_cobot/install/traj_scripts/local/lib/python3.10/dist-packages:/home/robotics/ros2_cobot/install/mypalletizer_communication/lib/python3.10/site-packages:/home/robotics/ros2_cobot/install/mypalletizer_interfaces/local/lib/python3.10/dist-packages:/home/robotics/ros2_cobot/install/mypalletizer_260_pi/lib/python3.10/site-packages:/home/robotics/ros2_cobot/install/mypalletizer_260/lib/python3.10/site-packages:/home/robotics/ros2_cobot/install/myarm_m750/lib/python3.10/site-packages:/home/robotics/ros2_cobot/install/myarm_c650/lib/python3.10/site-packages:/home/robotics/ros2_cobot/install/mycobot_communication/lib/python3.10/site-packages:/home/robotics/ros2_cobot/install/mecharm_communication/lib/python3.10/site-packages:/home/robotics/ros2_cobot/install/mycobot_interfaces/local/lib/python3.10/dist-packages:/home/robotics/ros2_cobot/install/mycobot_630/lib/python3.10/site-packages:/home/robotics/ros2_cobot/install/mycobot_600/lib/python3.10/site-packages:/home/robotics/ros2_cobot/install/mycobot_320pi/lib/python3.10/site-packages:/home/robotics/ros2_cobot/install/mycobot_320_riscv/lib/python3.10/site-packages:/home/robotics/ros2_cobot/install/mycobot_320/lib/python3.10/site-packages:/home/robotics/ros2_cobot/install/mycobot_280pi/lib/python3.10/site-packages:/home/robotics/ros2_cobot/install/mycobot_280jn/lib/python3.10/site-packages:/home/robotics/ros2_cobot/install/mycobot_280_x3pi/lib/python3.10/site-packages:/home/robotics/ros2_cobot/install/mycobot_280_riscv/lib/python3.10/site-packages:/home/robotics/ros2_cobot/install/mycobot_280_rdkx5/lib/python3.10/site-packages:/home/robotics/ros2_cobot/install/mycobot_280_moveit2_control/lib/python3.10/site-packages:/home/robotics/ros2_cobot/install/mycobot_280_arduino/lib/python3.10/site-packages:/home/robotics/ros2_cobot/install/mycobot_280/lib/python3.10/site-packages:/home/robotics/ros2_cobot/install/mybuddy/lib/python3.10/site-packages:/home/robotics/ros2_cobot/install/myarm_300/lib/python3.10/site-packages:/home/robotics/ros2_cobot/install/mecharm_pi/lib/python3.10/site-packages:/home/robotics/ros2_cobot/install/mecharm/lib/python3.10/site-packages:/home/robotics/ros2_cobot/install/mecharm_interfaces/local/lib/python3.10/dist-packages:/opt/ros/humble/lib/python3.10/site-packages:/opt/ros/humble/local/lib/python3.10/dist-packages /usr/bin/python3 -W ignore:setup.py install is deprecated -W ignore:easy_install command is deprecated setup.py egg_info --egg-base ../../../../build/mycobot_320_riscv build --build-base /home/robotics/ros2_cobot/build/mycobot_320_riscv/build install --record /home/robotics/ros2_cobot/build/mycobot_320_riscv/install.log --single-version-externally-managed install_data
[7.715s] Level 1:colcon.colcon_core.environment:checking '/home/robotics/ros2_cobot/install/mycobot_320_riscv' for CMake config files
[7.716s] Level 1:colcon.colcon_core.environment:checking '/home/robotics/ros2_cobot/install/mycobot_320_riscv/lib'
[7.716s] Level 1:colcon.colcon_core.environment:checking '/home/robotics/ros2_cobot/install/mycobot_320_riscv/bin'
[7.716s] Level 1:colcon.colcon_core.environment:checking '/home/robotics/ros2_cobot/install/mycobot_320_riscv/lib/pkgconfig/mycobot_320_riscv.pc'
[7.716s] Level 1:colcon.colcon_core.environment:checking '/home/robotics/ros2_cobot/install/mycobot_320_riscv/lib/python3.10/site-packages'
[7.716s] Level 1:colcon.colcon_core.shell:create_environment_hook('mycobot_320_riscv', 'pythonpath')
[7.716s] INFO:colcon.colcon_core.shell:Creating environment hook '/home/robotics/ros2_cobot/install/mycobot_320_riscv/share/mycobot_320_riscv/hook/pythonpath.ps1'
[7.717s] INFO:colcon.colcon_core.shell:Creating environment descriptor '/home/robotics/ros2_cobot/install/mycobot_320_riscv/share/mycobot_320_riscv/hook/pythonpath.dsv'
[7.717s] INFO:colcon.colcon_core.shell:Creating environment hook '/home/robotics/ros2_cobot/install/mycobot_320_riscv/share/mycobot_320_riscv/hook/pythonpath.sh'
[7.718s] Level 1:colcon.colcon_core.environment:checking '/home/robotics/ros2_cobot/install/mycobot_320_riscv/bin'
[7.718s] Level 1:colcon.colcon_core.environment:create_environment_scripts_only(mycobot_320_riscv)
[7.718s] INFO:colcon.colcon_core.shell:Creating package script '/home/robotics/ros2_cobot/install/mycobot_320_riscv/share/mycobot_320_riscv/package.ps1'
[7.719s] INFO:colcon.colcon_core.shell:Creating package descriptor '/home/robotics/ros2_cobot/install/mycobot_320_riscv/share/mycobot_320_riscv/package.dsv'
[7.719s] INFO:colcon.colcon_core.shell:Creating package script '/home/robotics/ros2_cobot/install/mycobot_320_riscv/share/mycobot_320_riscv/package.sh'
[7.719s] INFO:colcon.colcon_core.shell:Creating package script '/home/robotics/ros2_cobot/install/mycobot_320_riscv/share/mycobot_320_riscv/package.bash'
[7.719s] INFO:colcon.colcon_core.shell:Creating package script '/home/robotics/ros2_cobot/install/mycobot_320_riscv/share/mycobot_320_riscv/package.zsh'
[7.720s] Level 1:colcon.colcon_core.environment:create_file_with_runtime_dependencies(/home/robotics/ros2_cobot/install/mycobot_320_riscv/share/colcon-core/packages/mycobot_320_riscv)
[7.784s] DEBUG:colcon.colcon_core.event_handler.log_command:Invoking command in '/home/robotics/ros2_cobot/src/mycobot_ros2/ultraArm/ultraarm': AMENT_PREFIX_PATH=/home/robotics/ros2_cobot/install/mycobot_description:/home/robotics/ros2_cobot/install/ultraarm:/home/robotics/ros2_cobot/install/traj_scripts:/home/robotics/ros2_cobot/install/mypalletizer_communication:/home/robotics/ros2_cobot/install/mypalletizer_interfaces:/home/robotics/ros2_cobot/install/mypalletizer_260_pi:/home/robotics/ros2_cobot/install/mypalletizer_260:/home/robotics/ros2_cobot/install/myarm_m750:/home/robotics/ros2_cobot/install/myarm_c650:/home/robotics/ros2_cobot/install/mycobot_communication:/home/robotics/ros2_cobot/install/mecharm_communication:/home/robotics/ros2_cobot/install/mycobot_interfaces:/home/robotics/ros2_cobot/install/mycobot_630:/home/robotics/ros2_cobot/install/mycobot_600:/home/robotics/ros2_cobot/install/mycobot_320pi:/home/robotics/ros2_cobot/install/mycobot_320_riscv:/home/robotics/ros2_cobot/install/mycobot_320:/home/robotics/ros2_cobot/install/mycobot_280rdkx5_moveit2:/home/robotics/ros2_cobot/install/mycobot_280pi:/home/robotics/ros2_cobot/install/mycobot_280jn:/home/robotics/ros2_cobot/install/mycobot_280arduino_moveit2:/home/robotics/ros2_cobot/install/mycobot_280_x3pi:/home/robotics/ros2_cobot/install/mycobot_280_riscv:/home/robotics/ros2_cobot/install/mycobot_280_rdkx5:/home/robotics/ros2_cobot/install/mycobot_280_moveit2_control:/home/robotics/ros2_cobot/install/mycobot_280_moveit2:/home/robotics/ros2_cobot/install/mycobot_280_arduino:/home/robotics/ros2_cobot/install/mycobot_280:/home/robotics/ros2_cobot/install/mybuddy:/home/robotics/ros2_cobot/install/myarm_300:/home/robotics/ros2_cobot/install/mecharm_pi:/home/robotics/ros2_cobot/install/mecharm:/home/robotics/ros2_cobot/install/mecharm_interfaces:/opt/ros/humble PYTHONPATH=/home/robotics/ros2_cobot/build/ultraarm/prefix_override:/usr/lib/python3/dist-packages/colcon_core/task/python/colcon_distutils_commands:/home/robotics/ros2_cobot/install/ultraarm/lib/python3.10/site-packages:/home/robotics/ros2_cobot/install/mycobot_description/lib/python3.10/site-packages:/home/robotics/ros2_cobot/install/ultraarm/lib/python3.10/site-packages:/home/robotics/ros2_cobot/install/traj_scripts/local/lib/python3.10/dist-packages:/home/robotics/ros2_cobot/install/mypalletizer_communication/lib/python3.10/site-packages:/home/robotics/ros2_cobot/install/mypalletizer_interfaces/local/lib/python3.10/dist-packages:/home/robotics/ros2_cobot/install/mypalletizer_260_pi/lib/python3.10/site-packages:/home/robotics/ros2_cobot/install/mypalletizer_260/lib/python3.10/site-packages:/home/robotics/ros2_cobot/install/myarm_m750/lib/python3.10/site-packages:/home/robotics/ros2_cobot/install/myarm_c650/lib/python3.10/site-packages:/home/robotics/ros2_cobot/install/mycobot_communication/lib/python3.10/site-packages:/home/robotics/ros2_cobot/install/mecharm_communication/lib/python3.10/site-packages:/home/robotics/ros2_cobot/install/mycobot_interfaces/local/lib/python3.10/dist-packages:/home/robotics/ros2_cobot/install/mycobot_630/lib/python3.10/site-packages:/home/robotics/ros2_cobot/install/mycobot_600/lib/python3.10/site-packages:/home/robotics/ros2_cobot/install/mycobot_320pi/lib/python3.10/site-packages:/home/robotics/ros2_cobot/install/mycobot_320_riscv/lib/python3.10/site-packages:/home/robotics/ros2_cobot/install/mycobot_320/lib/python3.10/site-packages:/home/robotics/ros2_cobot/install/mycobot_280pi/lib/python3.10/site-packages:/home/robotics/ros2_cobot/install/mycobot_280jn/lib/python3.10/site-packages:/home/robotics/ros2_cobot/install/mycobot_280_x3pi/lib/python3.10/site-packages:/home/robotics/ros2_cobot/install/mycobot_280_riscv/lib/python3.10/site-packages:/home/robotics/ros2_cobot/install/mycobot_280_rdkx5/lib/python3.10/site-packages:/home/robotics/ros2_cobot/install/mycobot_280_moveit2_control/lib/python3.10/site-packages:/home/robotics/ros2_cobot/install/mycobot_280_arduino/lib/python3.10/site-packages:/home/robotics/ros2_cobot/install/mycobot_280/lib/python3.10/site-packages:/home/robotics/ros2_cobot/install/mybuddy/lib/python3.10/site-packages:/home/robotics/ros2_cobot/install/myarm_300/lib/python3.10/site-packages:/home/robotics/ros2_cobot/install/mecharm_pi/lib/python3.10/site-packages:/home/robotics/ros2_cobot/install/mecharm/lib/python3.10/site-packages:/home/robotics/ros2_cobot/install/mecharm_interfaces/local/lib/python3.10/dist-packages:/opt/ros/humble/lib/python3.10/site-packages:/opt/ros/humble/local/lib/python3.10/dist-packages /usr/bin/python3 -W ignore:setup.py install is deprecated -W ignore:easy_install command is deprecated setup.py egg_info --egg-base ../../../../build/ultraarm build --build-base /home/robotics/ros2_cobot/build/ultraarm/build install --record /home/robotics/ros2_cobot/build/ultraarm/install.log --single-version-externally-managed install_data
[7.793s] Level 1:colcon.colcon_core.environment:checking '/home/robotics/ros2_cobot/install/mycobot_600' for CMake module files
[7.794s] DEBUG:colcon.colcon_core.event_handler.log_command:Invoked command in '/home/robotics/ros2_cobot/src/mycobot_ros2/mycobot_pro/mycobot_600' returned '0': AMENT_PREFIX_PATH=/home/robotics/ros2_cobot/install/mycobot_description:/home/robotics/ros2_cobot/install/ultraarm:/home/robotics/ros2_cobot/install/traj_scripts:/home/robotics/ros2_cobot/install/mypalletizer_communication:/home/robotics/ros2_cobot/install/mypalletizer_interfaces:/home/robotics/ros2_cobot/install/mypalletizer_260_pi:/home/robotics/ros2_cobot/install/mypalletizer_260:/home/robotics/ros2_cobot/install/myarm_m750:/home/robotics/ros2_cobot/install/myarm_c650:/home/robotics/ros2_cobot/install/mycobot_communication:/home/robotics/ros2_cobot/install/mecharm_communication:/home/robotics/ros2_cobot/install/mycobot_interfaces:/home/robotics/ros2_cobot/install/mycobot_630:/home/robotics/ros2_cobot/install/mycobot_600:/home/robotics/ros2_cobot/install/mycobot_320pi:/home/robotics/ros2_cobot/install/mycobot_320_riscv:/home/robotics/ros2_cobot/install/mycobot_320:/home/robotics/ros2_cobot/install/mycobot_280rdkx5_moveit2:/home/robotics/ros2_cobot/install/mycobot_280pi:/home/robotics/ros2_cobot/install/mycobot_280jn:/home/robotics/ros2_cobot/install/mycobot_280arduino_moveit2:/home/robotics/ros2_cobot/install/mycobot_280_x3pi:/home/robotics/ros2_cobot/install/mycobot_280_riscv:/home/robotics/ros2_cobot/install/mycobot_280_rdkx5:/home/robotics/ros2_cobot/install/mycobot_280_moveit2_control:/home/robotics/ros2_cobot/install/mycobot_280_moveit2:/home/robotics/ros2_cobot/install/mycobot_280_arduino:/home/robotics/ros2_cobot/install/mycobot_280:/home/robotics/ros2_cobot/install/mybuddy:/home/robotics/ros2_cobot/install/myarm_300:/home/robotics/ros2_cobot/install/mecharm_pi:/home/robotics/ros2_cobot/install/mecharm:/home/robotics/ros2_cobot/install/mecharm_interfaces:/opt/ros/humble PYTHONPATH=/home/robotics/ros2_cobot/build/mycobot_600/prefix_override:/usr/lib/python3/dist-packages/colcon_core/task/python/colcon_distutils_commands:/home/robotics/ros2_cobot/install/mycobot_600/lib/python3.10/site-packages:/home/robotics/ros2_cobot/install/mycobot_description/lib/python3.10/site-packages:/home/robotics/ros2_cobot/install/ultraarm/lib/python3.10/site-packages:/home/robotics/ros2_cobot/install/traj_scripts/local/lib/python3.10/dist-packages:/home/robotics/ros2_cobot/install/mypalletizer_communication/lib/python3.10/site-packages:/home/robotics/ros2_cobot/install/mypalletizer_interfaces/local/lib/python3.10/dist-packages:/home/robotics/ros2_cobot/install/mypalletizer_260_pi/lib/python3.10/site-packages:/home/robotics/ros2_cobot/install/mypalletizer_260/lib/python3.10/site-packages:/home/robotics/ros2_cobot/install/myarm_m750/lib/python3.10/site-packages:/home/robotics/ros2_cobot/install/myarm_c650/lib/python3.10/site-packages:/home/robotics/ros2_cobot/install/mycobot_communication/lib/python3.10/site-packages:/home/robotics/ros2_cobot/install/mecharm_communication/lib/python3.10/site-packages:/home/robotics/ros2_cobot/install/mycobot_interfaces/local/lib/python3.10/dist-packages:/home/robotics/ros2_cobot/install/mycobot_630/lib/python3.10/site-packages:/home/robotics/ros2_cobot/install/mycobot_600/lib/python3.10/site-packages:/home/robotics/ros2_cobot/install/mycobot_320pi/lib/python3.10/site-packages:/home/robotics/ros2_cobot/install/mycobot_320_riscv/lib/python3.10/site-packages:/home/robotics/ros2_cobot/install/mycobot_320/lib/python3.10/site-packages:/home/robotics/ros2_cobot/install/mycobot_280pi/lib/python3.10/site-packages:/home/robotics/ros2_cobot/install/mycobot_280jn/lib/python3.10/site-packages:/home/robotics/ros2_cobot/install/mycobot_280_x3pi/lib/python3.10/site-packages:/home/robotics/ros2_cobot/install/mycobot_280_riscv/lib/python3.10/site-packages:/home/robotics/ros2_cobot/install/mycobot_280_rdkx5/lib/python3.10/site-packages:/home/robotics/ros2_cobot/install/mycobot_280_moveit2_control/lib/python3.10/site-packages:/home/robotics/ros2_cobot/install/mycobot_280_arduino/lib/python3.10/site-packages:/home/robotics/ros2_cobot/install/mycobot_280/lib/python3.10/site-packages:/home/robotics/ros2_cobot/install/mybuddy/lib/python3.10/site-packages:/home/robotics/ros2_cobot/install/myarm_300/lib/python3.10/site-packages:/home/robotics/ros2_cobot/install/mecharm_pi/lib/python3.10/site-packages:/home/robotics/ros2_cobot/install/mecharm/lib/python3.10/site-packages:/home/robotics/ros2_cobot/install/mecharm_interfaces/local/lib/python3.10/dist-packages:/opt/ros/humble/lib/python3.10/site-packages:/opt/ros/humble/local/lib/python3.10/dist-packages /usr/bin/python3 -W ignore:setup.py install is deprecated -W ignore:easy_install command is deprecated setup.py egg_info --egg-base ../../../../build/mycobot_600 build --build-base /home/robotics/ros2_cobot/build/mycobot_600/build install --record /home/robotics/ros2_cobot/build/mycobot_600/install.log --single-version-externally-managed install_data
[7.794s] Level 1:colcon.colcon_core.environment:checking '/home/robotics/ros2_cobot/install/mycobot_600' for CMake config files
[7.795s] Level 1:colcon.colcon_core.environment:checking '/home/robotics/ros2_cobot/install/mycobot_600/lib'
[7.795s] Level 1:colcon.colcon_core.environment:checking '/home/robotics/ros2_cobot/install/mycobot_600/bin'
[7.795s] Level 1:colcon.colcon_core.environment:checking '/home/robotics/ros2_cobot/install/mycobot_600/lib/pkgconfig/mycobot_600.pc'
[7.795s] Level 1:colcon.colcon_core.environment:checking '/home/robotics/ros2_cobot/install/mycobot_600/lib/python3.10/site-packages'
[7.795s] Level 1:colcon.colcon_core.shell:create_environment_hook('mycobot_600', 'pythonpath')
[7.795s] INFO:colcon.colcon_core.shell:Creating environment hook '/home/robotics/ros2_cobot/install/mycobot_600/share/mycobot_600/hook/pythonpath.ps1'
[7.796s] INFO:colcon.colcon_core.shell:Creating environment descriptor '/home/robotics/ros2_cobot/install/mycobot_600/share/mycobot_600/hook/pythonpath.dsv'
[7.797s] INFO:colcon.colcon_core.shell:Creating environment hook '/home/robotics/ros2_cobot/install/mycobot_600/share/mycobot_600/hook/pythonpath.sh'
[7.797s] Level 1:colcon.colcon_core.environment:checking '/home/robotics/ros2_cobot/install/mycobot_600/bin'
[7.797s] Level 1:colcon.colcon_core.environment:create_environment_scripts_only(mycobot_600)
[7.798s] INFO:colcon.colcon_core.shell:Creating package script '/home/robotics/ros2_cobot/install/mycobot_600/share/mycobot_600/package.ps1'
[7.798s] INFO:colcon.colcon_core.shell:Creating package descriptor '/home/robotics/ros2_cobot/install/mycobot_600/share/mycobot_600/package.dsv'
[7.799s] INFO:colcon.colcon_core.shell:Creating package script '/home/robotics/ros2_cobot/install/mycobot_600/share/mycobot_600/package.sh'
[7.799s] INFO:colcon.colcon_core.shell:Creating package script '/home/robotics/ros2_cobot/install/mycobot_600/share/mycobot_600/package.bash'
[7.799s] INFO:colcon.colcon_core.shell:Creating package script '/home/robotics/ros2_cobot/install/mycobot_600/share/mycobot_600/package.zsh'
[7.800s] Level 1:colcon.colcon_core.environment:create_file_with_runtime_dependencies(/home/robotics/ros2_cobot/install/mycobot_600/share/colcon-core/packages/mycobot_600)
[7.885s] DEBUG:colcon.colcon_core.event_handler.log_command:Invoking command in '/home/robotics/ros2_cobot/src/mycobot_ros2/mycobot_pro/mycobot_630': AMENT_PREFIX_PATH=/home/robotics/ros2_cobot/install/mycobot_description:/home/robotics/ros2_cobot/install/ultraarm:/home/robotics/ros2_cobot/install/traj_scripts:/home/robotics/ros2_cobot/install/mypalletizer_communication:/home/robotics/ros2_cobot/install/mypalletizer_interfaces:/home/robotics/ros2_cobot/install/mypalletizer_260_pi:/home/robotics/ros2_cobot/install/mypalletizer_260:/home/robotics/ros2_cobot/install/myarm_m750:/home/robotics/ros2_cobot/install/myarm_c650:/home/robotics/ros2_cobot/install/mycobot_communication:/home/robotics/ros2_cobot/install/mecharm_communication:/home/robotics/ros2_cobot/install/mycobot_interfaces:/home/robotics/ros2_cobot/install/mycobot_630:/home/robotics/ros2_cobot/install/mycobot_600:/home/robotics/ros2_cobot/install/mycobot_320pi:/home/robotics/ros2_cobot/install/mycobot_320_riscv:/home/robotics/ros2_cobot/install/mycobot_320:/home/robotics/ros2_cobot/install/mycobot_280rdkx5_moveit2:/home/robotics/ros2_cobot/install/mycobot_280pi:/home/robotics/ros2_cobot/install/mycobot_280jn:/home/robotics/ros2_cobot/install/mycobot_280arduino_moveit2:/home/robotics/ros2_cobot/install/mycobot_280_x3pi:/home/robotics/ros2_cobot/install/mycobot_280_riscv:/home/robotics/ros2_cobot/install/mycobot_280_rdkx5:/home/robotics/ros2_cobot/install/mycobot_280_moveit2_control:/home/robotics/ros2_cobot/install/mycobot_280_moveit2:/home/robotics/ros2_cobot/install/mycobot_280_arduino:/home/robotics/ros2_cobot/install/mycobot_280:/home/robotics/ros2_cobot/install/mybuddy:/home/robotics/ros2_cobot/install/myarm_300:/home/robotics/ros2_cobot/install/mecharm_pi:/home/robotics/ros2_cobot/install/mecharm:/home/robotics/ros2_cobot/install/mecharm_interfaces:/opt/ros/humble PYTHONPATH=/home/robotics/ros2_cobot/build/mycobot_630/prefix_override:/usr/lib/python3/dist-packages/colcon_core/task/python/colcon_distutils_commands:/home/robotics/ros2_cobot/install/mycobot_630/lib/python3.10/site-packages:/home/robotics/ros2_cobot/install/mycobot_description/lib/python3.10/site-packages:/home/robotics/ros2_cobot/install/ultraarm/lib/python3.10/site-packages:/home/robotics/ros2_cobot/install/traj_scripts/local/lib/python3.10/dist-packages:/home/robotics/ros2_cobot/install/mypalletizer_communication/lib/python3.10/site-packages:/home/robotics/ros2_cobot/install/mypalletizer_interfaces/local/lib/python3.10/dist-packages:/home/robotics/ros2_cobot/install/mypalletizer_260_pi/lib/python3.10/site-packages:/home/robotics/ros2_cobot/install/mypalletizer_260/lib/python3.10/site-packages:/home/robotics/ros2_cobot/install/myarm_m750/lib/python3.10/site-packages:/home/robotics/ros2_cobot/install/myarm_c650/lib/python3.10/site-packages:/home/robotics/ros2_cobot/install/mycobot_communication/lib/python3.10/site-packages:/home/robotics/ros2_cobot/install/mecharm_communication/lib/python3.10/site-packages:/home/robotics/ros2_cobot/install/mycobot_interfaces/local/lib/python3.10/dist-packages:/home/robotics/ros2_cobot/install/mycobot_630/lib/python3.10/site-packages:/home/robotics/ros2_cobot/install/mycobot_600/lib/python3.10/site-packages:/home/robotics/ros2_cobot/install/mycobot_320pi/lib/python3.10/site-packages:/home/robotics/ros2_cobot/install/mycobot_320_riscv/lib/python3.10/site-packages:/home/robotics/ros2_cobot/install/mycobot_320/lib/python3.10/site-packages:/home/robotics/ros2_cobot/install/mycobot_280pi/lib/python3.10/site-packages:/home/robotics/ros2_cobot/install/mycobot_280jn/lib/python3.10/site-packages:/home/robotics/ros2_cobot/install/mycobot_280_x3pi/lib/python3.10/site-packages:/home/robotics/ros2_cobot/install/mycobot_280_riscv/lib/python3.10/site-packages:/home/robotics/ros2_cobot/install/mycobot_280_rdkx5/lib/python3.10/site-packages:/home/robotics/ros2_cobot/install/mycobot_280_moveit2_control/lib/python3.10/site-packages:/home/robotics/ros2_cobot/install/mycobot_280_arduino/lib/python3.10/site-packages:/home/robotics/ros2_cobot/install/mycobot_280/lib/python3.10/site-packages:/home/robotics/ros2_cobot/install/mybuddy/lib/python3.10/site-packages:/home/robotics/ros2_cobot/install/myarm_300/lib/python3.10/site-packages:/home/robotics/ros2_cobot/install/mecharm_pi/lib/python3.10/site-packages:/home/robotics/ros2_cobot/install/mecharm/lib/python3.10/site-packages:/home/robotics/ros2_cobot/install/mecharm_interfaces/local/lib/python3.10/dist-packages:/opt/ros/humble/lib/python3.10/site-packages:/opt/ros/humble/local/lib/python3.10/dist-packages /usr/bin/python3 -W ignore:setup.py install is deprecated -W ignore:easy_install command is deprecated setup.py egg_info --egg-base ../../../../build/mycobot_630 build --build-base /home/robotics/ros2_cobot/build/mycobot_630/build install --record /home/robotics/ros2_cobot/build/mycobot_630/install.log --single-version-externally-managed install_data
[7.897s] DEBUG:colcon.colcon_core.event_handler.log_command:Invoking command in '/home/robotics/ros2_cobot/src/mycobot_ros2/myArm/myarm_c650': AMENT_PREFIX_PATH=/home/robotics/ros2_cobot/install/mycobot_communication:/home/robotics/ros2_cobot/install/mycobot_description:/home/robotics/ros2_cobot/install/ultraarm:/home/robotics/ros2_cobot/install/traj_scripts:/home/robotics/ros2_cobot/install/mypalletizer_communication:/home/robotics/ros2_cobot/install/mypalletizer_interfaces:/home/robotics/ros2_cobot/install/mypalletizer_260_pi:/home/robotics/ros2_cobot/install/mypalletizer_260:/home/robotics/ros2_cobot/install/myarm_m750:/home/robotics/ros2_cobot/install/myarm_c650:/home/robotics/ros2_cobot/install/mecharm_communication:/home/robotics/ros2_cobot/install/mycobot_interfaces:/home/robotics/ros2_cobot/install/mycobot_630:/home/robotics/ros2_cobot/install/mycobot_600:/home/robotics/ros2_cobot/install/mycobot_320pi:/home/robotics/ros2_cobot/install/mycobot_320_riscv:/home/robotics/ros2_cobot/install/mycobot_320:/home/robotics/ros2_cobot/install/mycobot_280rdkx5_moveit2:/home/robotics/ros2_cobot/install/mycobot_280pi:/home/robotics/ros2_cobot/install/mycobot_280jn:/home/robotics/ros2_cobot/install/mycobot_280arduino_moveit2:/home/robotics/ros2_cobot/install/mycobot_280_x3pi:/home/robotics/ros2_cobot/install/mycobot_280_riscv:/home/robotics/ros2_cobot/install/mycobot_280_rdkx5:/home/robotics/ros2_cobot/install/mycobot_280_moveit2_control:/home/robotics/ros2_cobot/install/mycobot_280_moveit2:/home/robotics/ros2_cobot/install/mycobot_280_arduino:/home/robotics/ros2_cobot/install/mycobot_280:/home/robotics/ros2_cobot/install/mybuddy:/home/robotics/ros2_cobot/install/myarm_300:/home/robotics/ros2_cobot/install/mecharm_pi:/home/robotics/ros2_cobot/install/mecharm:/home/robotics/ros2_cobot/install/mecharm_interfaces:/opt/ros/humble CMAKE_PREFIX_PATH=/home/robotics/ros2_cobot/install/mycobot_interfaces:/home/robotics/ros2_cobot/install/traj_scripts:/home/robotics/ros2_cobot/install/mypalletizer_interfaces:/home/robotics/ros2_cobot/install/mycobot_280rdkx5_moveit2:/home/robotics/ros2_cobot/install/mycobot_280arduino_moveit2:/home/robotics/ros2_cobot/install/mycobot_280_moveit2:/home/robotics/ros2_cobot/install/mecharm_interfaces LD_LIBRARY_PATH=/home/robotics/ros2_cobot/install/mycobot_interfaces/lib:/home/robotics/ros2_cobot/install/mypalletizer_interfaces/lib:/home/robotics/ros2_cobot/install/mecharm_interfaces/lib:/opt/ros/humble/opt/rviz_ogre_vendor/lib:/opt/ros/humble/lib/x86_64-linux-gnu:/opt/ros/humble/lib PYTHONPATH=/home/robotics/ros2_cobot/build/myarm_c650/prefix_override:/usr/lib/python3/dist-packages/colcon_core/task/python/colcon_distutils_commands:/home/robotics/ros2_cobot/install/myarm_c650/lib/python3.10/site-packages:/home/robotics/ros2_cobot/install/mycobot_communication/lib/python3.10/site-packages:/home/robotics/ros2_cobot/install/mycobot_description/lib/python3.10/site-packages:/home/robotics/ros2_cobot/install/ultraarm/lib/python3.10/site-packages:/home/robotics/ros2_cobot/install/traj_scripts/local/lib/python3.10/dist-packages:/home/robotics/ros2_cobot/install/mypalletizer_communication/lib/python3.10/site-packages:/home/robotics/ros2_cobot/install/mypalletizer_interfaces/local/lib/python3.10/dist-packages:/home/robotics/ros2_cobot/install/mypalletizer_260_pi/lib/python3.10/site-packages:/home/robotics/ros2_cobot/install/mypalletizer_260/lib/python3.10/site-packages:/home/robotics/ros2_cobot/install/myarm_m750/lib/python3.10/site-packages:/home/robotics/ros2_cobot/install/myarm_c650/lib/python3.10/site-packages:/home/robotics/ros2_cobot/install/mecharm_communication/lib/python3.10/site-packages:/home/robotics/ros2_cobot/install/mycobot_interfaces/local/lib/python3.10/dist-packages:/home/robotics/ros2_cobot/install/mycobot_630/lib/python3.10/site-packages:/home/robotics/ros2_cobot/install/mycobot_600/lib/python3.10/site-packages:/home/robotics/ros2_cobot/install/mycobot_320pi/lib/python3.10/site-packages:/home/robotics/ros2_cobot/install/mycobot_320_riscv/lib/python3.10/site-packages:/home/robotics/ros2_cobot/install/mycobot_320/lib/python3.10/site-packages:/home/robotics/ros2_cobot/install/mycobot_280pi/lib/python3.10/site-packages:/home/robotics/ros2_cobot/install/mycobot_280jn/lib/python3.10/site-packages:/home/robotics/ros2_cobot/install/mycobot_280_x3pi/lib/python3.10/site-packages:/home/robotics/ros2_cobot/install/mycobot_280_riscv/lib/python3.10/site-packages:/home/robotics/ros2_cobot/install/mycobot_280_rdkx5/lib/python3.10/site-packages:/home/robotics/ros2_cobot/install/mycobot_280_moveit2_control/lib/python3.10/site-packages:/home/robotics/ros2_cobot/install/mycobot_280_arduino/lib/python3.10/site-packages:/home/robotics/ros2_cobot/install/mycobot_280/lib/python3.10/site-packages:/home/robotics/ros2_cobot/install/mybuddy/lib/python3.10/site-packages:/home/robotics/ros2_cobot/install/myarm_300/lib/python3.10/site-packages:/home/robotics/ros2_cobot/install/mecharm_pi/lib/python3.10/site-packages:/home/robotics/ros2_cobot/install/mecharm/lib/python3.10/site-packages:/home/robotics/ros2_cobot/install/mecharm_interfaces/local/lib/python3.10/dist-packages:/opt/ros/humble/lib/python3.10/site-packages:/opt/ros/humble/local/lib/python3.10/dist-packages /usr/bin/python3 -W ignore:setup.py install is deprecated -W ignore:easy_install command is deprecated setup.py egg_info --egg-base ../../../../build/myarm_c650 build --build-base /home/robotics/ros2_cobot/build/myarm_c650/build install --record /home/robotics/ros2_cobot/build/myarm_c650/install.log --single-version-externally-managed install_data
[7.902s] DEBUG:colcon.colcon_core.event_handler.log_command:Invoking command in '/home/robotics/ros2_cobot/src/mycobot_ros2/mypalletizer_260/mypalletizer_260': AMENT_PREFIX_PATH=/home/robotics/ros2_cobot/install/mycobot_description:/home/robotics/ros2_cobot/install/ultraarm:/home/robotics/ros2_cobot/install/traj_scripts:/home/robotics/ros2_cobot/install/mypalletizer_communication:/home/robotics/ros2_cobot/install/mypalletizer_interfaces:/home/robotics/ros2_cobot/install/mypalletizer_260_pi:/home/robotics/ros2_cobot/install/mypalletizer_260:/home/robotics/ros2_cobot/install/myarm_m750:/home/robotics/ros2_cobot/install/myarm_c650:/home/robotics/ros2_cobot/install/mycobot_communication:/home/robotics/ros2_cobot/install/mecharm_communication:/home/robotics/ros2_cobot/install/mycobot_interfaces:/home/robotics/ros2_cobot/install/mycobot_630:/home/robotics/ros2_cobot/install/mycobot_600:/home/robotics/ros2_cobot/install/mycobot_320pi:/home/robotics/ros2_cobot/install/mycobot_320_riscv:/home/robotics/ros2_cobot/install/mycobot_320:/home/robotics/ros2_cobot/install/mycobot_280rdkx5_moveit2:/home/robotics/ros2_cobot/install/mycobot_280pi:/home/robotics/ros2_cobot/install/mycobot_280jn:/home/robotics/ros2_cobot/install/mycobot_280arduino_moveit2:/home/robotics/ros2_cobot/install/mycobot_280_x3pi:/home/robotics/ros2_cobot/install/mycobot_280_riscv:/home/robotics/ros2_cobot/install/mycobot_280_rdkx5:/home/robotics/ros2_cobot/install/mycobot_280_moveit2_control:/home/robotics/ros2_cobot/install/mycobot_280_moveit2:/home/robotics/ros2_cobot/install/mycobot_280_arduino:/home/robotics/ros2_cobot/install/mycobot_280:/home/robotics/ros2_cobot/install/mybuddy:/home/robotics/ros2_cobot/install/myarm_300:/home/robotics/ros2_cobot/install/mecharm_pi:/home/robotics/ros2_cobot/install/mecharm:/home/robotics/ros2_cobot/install/mecharm_interfaces:/opt/ros/humble PYTHONPATH=/home/robotics/ros2_cobot/build/mypalletizer_260/prefix_override:/usr/lib/python3/dist-packages/colcon_core/task/python/colcon_distutils_commands:/home/robotics/ros2_cobot/install/mypalletizer_260/lib/python3.10/site-packages:/home/robotics/ros2_cobot/install/mycobot_description/lib/python3.10/site-packages:/home/robotics/ros2_cobot/install/ultraarm/lib/python3.10/site-packages:/home/robotics/ros2_cobot/install/traj_scripts/local/lib/python3.10/dist-packages:/home/robotics/ros2_cobot/install/mypalletizer_communication/lib/python3.10/site-packages:/home/robotics/ros2_cobot/install/mypalletizer_interfaces/local/lib/python3.10/dist-packages:/home/robotics/ros2_cobot/install/mypalletizer_260_pi/lib/python3.10/site-packages:/home/robotics/ros2_cobot/install/mypalletizer_260/lib/python3.10/site-packages:/home/robotics/ros2_cobot/install/myarm_m750/lib/python3.10/site-packages:/home/robotics/ros2_cobot/install/myarm_c650/lib/python3.10/site-packages:/home/robotics/ros2_cobot/install/mycobot_communication/lib/python3.10/site-packages:/home/robotics/ros2_cobot/install/mecharm_communication/lib/python3.10/site-packages:/home/robotics/ros2_cobot/install/mycobot_interfaces/local/lib/python3.10/dist-packages:/home/robotics/ros2_cobot/install/mycobot_630/lib/python3.10/site-packages:/home/robotics/ros2_cobot/install/mycobot_600/lib/python3.10/site-packages:/home/robotics/ros2_cobot/install/mycobot_320pi/lib/python3.10/site-packages:/home/robotics/ros2_cobot/install/mycobot_320_riscv/lib/python3.10/site-packages:/home/robotics/ros2_cobot/install/mycobot_320/lib/python3.10/site-packages:/home/robotics/ros2_cobot/install/mycobot_280pi/lib/python3.10/site-packages:/home/robotics/ros2_cobot/install/mycobot_280jn/lib/python3.10/site-packages:/home/robotics/ros2_cobot/install/mycobot_280_x3pi/lib/python3.10/site-packages:/home/robotics/ros2_cobot/install/mycobot_280_riscv/lib/python3.10/site-packages:/home/robotics/ros2_cobot/install/mycobot_280_rdkx5/lib/python3.10/site-packages:/home/robotics/ros2_cobot/install/mycobot_280_moveit2_control/lib/python3.10/site-packages:/home/robotics/ros2_cobot/install/mycobot_280_arduino/lib/python3.10/site-packages:/home/robotics/ros2_cobot/install/mycobot_280/lib/python3.10/site-packages:/home/robotics/ros2_cobot/install/mybuddy/lib/python3.10/site-packages:/home/robotics/ros2_cobot/install/myarm_300/lib/python3.10/site-packages:/home/robotics/ros2_cobot/install/mecharm_pi/lib/python3.10/site-packages:/home/robotics/ros2_cobot/install/mecharm/lib/python3.10/site-packages:/home/robotics/ros2_cobot/install/mecharm_interfaces/local/lib/python3.10/dist-packages:/opt/ros/humble/lib/python3.10/site-packages:/opt/ros/humble/local/lib/python3.10/dist-packages /usr/bin/python3 -W ignore:setup.py install is deprecated -W ignore:easy_install command is deprecated setup.py egg_info --egg-base ../../../../build/mypalletizer_260 build --build-base /home/robotics/ros2_cobot/build/mypalletizer_260/build install --record /home/robotics/ros2_cobot/build/mypalletizer_260/install.log --single-version-externally-managed install_data
[7.909s] DEBUG:colcon.colcon_core.event_handler.log_command:Invoking command in '/home/robotics/ros2_cobot/src/mycobot_ros2/myArm/myarm_m750': AMENT_PREFIX_PATH=/home/robotics/ros2_cobot/install/mycobot_communication:/home/robotics/ros2_cobot/install/mycobot_description:/home/robotics/ros2_cobot/install/ultraarm:/home/robotics/ros2_cobot/install/traj_scripts:/home/robotics/ros2_cobot/install/mypalletizer_communication:/home/robotics/ros2_cobot/install/mypalletizer_interfaces:/home/robotics/ros2_cobot/install/mypalletizer_260_pi:/home/robotics/ros2_cobot/install/mypalletizer_260:/home/robotics/ros2_cobot/install/myarm_m750:/home/robotics/ros2_cobot/install/myarm_c650:/home/robotics/ros2_cobot/install/mecharm_communication:/home/robotics/ros2_cobot/install/mycobot_interfaces:/home/robotics/ros2_cobot/install/mycobot_630:/home/robotics/ros2_cobot/install/mycobot_600:/home/robotics/ros2_cobot/install/mycobot_320pi:/home/robotics/ros2_cobot/install/mycobot_320_riscv:/home/robotics/ros2_cobot/install/mycobot_320:/home/robotics/ros2_cobot/install/mycobot_280rdkx5_moveit2:/home/robotics/ros2_cobot/install/mycobot_280pi:/home/robotics/ros2_cobot/install/mycobot_280jn:/home/robotics/ros2_cobot/install/mycobot_280arduino_moveit2:/home/robotics/ros2_cobot/install/mycobot_280_x3pi:/home/robotics/ros2_cobot/install/mycobot_280_riscv:/home/robotics/ros2_cobot/install/mycobot_280_rdkx5:/home/robotics/ros2_cobot/install/mycobot_280_moveit2_control:/home/robotics/ros2_cobot/install/mycobot_280_moveit2:/home/robotics/ros2_cobot/install/mycobot_280_arduino:/home/robotics/ros2_cobot/install/mycobot_280:/home/robotics/ros2_cobot/install/mybuddy:/home/robotics/ros2_cobot/install/myarm_300:/home/robotics/ros2_cobot/install/mecharm_pi:/home/robotics/ros2_cobot/install/mecharm:/home/robotics/ros2_cobot/install/mecharm_interfaces:/opt/ros/humble CMAKE_PREFIX_PATH=/home/robotics/ros2_cobot/install/mycobot_interfaces:/home/robotics/ros2_cobot/install/traj_scripts:/home/robotics/ros2_cobot/install/mypalletizer_interfaces:/home/robotics/ros2_cobot/install/mycobot_280rdkx5_moveit2:/home/robotics/ros2_cobot/install/mycobot_280arduino_moveit2:/home/robotics/ros2_cobot/install/mycobot_280_moveit2:/home/robotics/ros2_cobot/install/mecharm_interfaces LD_LIBRARY_PATH=/home/robotics/ros2_cobot/install/mycobot_interfaces/lib:/home/robotics/ros2_cobot/install/mypalletizer_interfaces/lib:/home/robotics/ros2_cobot/install/mecharm_interfaces/lib:/opt/ros/humble/opt/rviz_ogre_vendor/lib:/opt/ros/humble/lib/x86_64-linux-gnu:/opt/ros/humble/lib PYTHONPATH=/home/robotics/ros2_cobot/build/myarm_m750/prefix_override:/usr/lib/python3/dist-packages/colcon_core/task/python/colcon_distutils_commands:/home/robotics/ros2_cobot/install/myarm_m750/lib/python3.10/site-packages:/home/robotics/ros2_cobot/install/mycobot_communication/lib/python3.10/site-packages:/home/robotics/ros2_cobot/install/mycobot_description/lib/python3.10/site-packages:/home/robotics/ros2_cobot/install/ultraarm/lib/python3.10/site-packages:/home/robotics/ros2_cobot/install/traj_scripts/local/lib/python3.10/dist-packages:/home/robotics/ros2_cobot/install/mypalletizer_communication/lib/python3.10/site-packages:/home/robotics/ros2_cobot/install/mypalletizer_interfaces/local/lib/python3.10/dist-packages:/home/robotics/ros2_cobot/install/mypalletizer_260_pi/lib/python3.10/site-packages:/home/robotics/ros2_cobot/install/mypalletizer_260/lib/python3.10/site-packages:/home/robotics/ros2_cobot/install/myarm_m750/lib/python3.10/site-packages:/home/robotics/ros2_cobot/install/myarm_c650/lib/python3.10/site-packages:/home/robotics/ros2_cobot/install/mecharm_communication/lib/python3.10/site-packages:/home/robotics/ros2_cobot/install/mycobot_interfaces/local/lib/python3.10/dist-packages:/home/robotics/ros2_cobot/install/mycobot_630/lib/python3.10/site-packages:/home/robotics/ros2_cobot/install/mycobot_600/lib/python3.10/site-packages:/home/robotics/ros2_cobot/install/mycobot_320pi/lib/python3.10/site-packages:/home/robotics/ros2_cobot/install/mycobot_320_riscv/lib/python3.10/site-packages:/home/robotics/ros2_cobot/install/mycobot_320/lib/python3.10/site-packages:/home/robotics/ros2_cobot/install/mycobot_280pi/lib/python3.10/site-packages:/home/robotics/ros2_cobot/install/mycobot_280jn/lib/python3.10/site-packages:/home/robotics/ros2_cobot/install/mycobot_280_x3pi/lib/python3.10/site-packages:/home/robotics/ros2_cobot/install/mycobot_280_riscv/lib/python3.10/site-packages:/home/robotics/ros2_cobot/install/mycobot_280_rdkx5/lib/python3.10/site-packages:/home/robotics/ros2_cobot/install/mycobot_280_moveit2_control/lib/python3.10/site-packages:/home/robotics/ros2_cobot/install/mycobot_280_arduino/lib/python3.10/site-packages:/home/robotics/ros2_cobot/install/mycobot_280/lib/python3.10/site-packages:/home/robotics/ros2_cobot/install/mybuddy/lib/python3.10/site-packages:/home/robotics/ros2_cobot/install/myarm_300/lib/python3.10/site-packages:/home/robotics/ros2_cobot/install/mecharm_pi/lib/python3.10/site-packages:/home/robotics/ros2_cobot/install/mecharm/lib/python3.10/site-packages:/home/robotics/ros2_cobot/install/mecharm_interfaces/local/lib/python3.10/dist-packages:/opt/ros/humble/lib/python3.10/site-packages:/opt/ros/humble/local/lib/python3.10/dist-packages /usr/bin/python3 -W ignore:setup.py install is deprecated -W ignore:easy_install command is deprecated setup.py egg_info --egg-base ../../../../build/myarm_m750 build --build-base /home/robotics/ros2_cobot/build/myarm_m750/build install --record /home/robotics/ros2_cobot/build/myarm_m750/install.log --single-version-externally-managed install_data
[7.910s] DEBUG:colcon.colcon_core.event_handler.log_command:Invoking command in '/home/robotics/ros2_cobot/src/mycobot_ros2/mypalletizer_260/mypalletizer_260_pi': AMENT_PREFIX_PATH=/home/robotics/ros2_cobot/install/mycobot_description:/home/robotics/ros2_cobot/install/ultraarm:/home/robotics/ros2_cobot/install/traj_scripts:/home/robotics/ros2_cobot/install/mypalletizer_communication:/home/robotics/ros2_cobot/install/mypalletizer_interfaces:/home/robotics/ros2_cobot/install/mypalletizer_260_pi:/home/robotics/ros2_cobot/install/mypalletizer_260:/home/robotics/ros2_cobot/install/myarm_m750:/home/robotics/ros2_cobot/install/myarm_c650:/home/robotics/ros2_cobot/install/mycobot_communication:/home/robotics/ros2_cobot/install/mecharm_communication:/home/robotics/ros2_cobot/install/mycobot_interfaces:/home/robotics/ros2_cobot/install/mycobot_630:/home/robotics/ros2_cobot/install/mycobot_600:/home/robotics/ros2_cobot/install/mycobot_320pi:/home/robotics/ros2_cobot/install/mycobot_320_riscv:/home/robotics/ros2_cobot/install/mycobot_320:/home/robotics/ros2_cobot/install/mycobot_280rdkx5_moveit2:/home/robotics/ros2_cobot/install/mycobot_280pi:/home/robotics/ros2_cobot/install/mycobot_280jn:/home/robotics/ros2_cobot/install/mycobot_280arduino_moveit2:/home/robotics/ros2_cobot/install/mycobot_280_x3pi:/home/robotics/ros2_cobot/install/mycobot_280_riscv:/home/robotics/ros2_cobot/install/mycobot_280_rdkx5:/home/robotics/ros2_cobot/install/mycobot_280_moveit2_control:/home/robotics/ros2_cobot/install/mycobot_280_moveit2:/home/robotics/ros2_cobot/install/mycobot_280_arduino:/home/robotics/ros2_cobot/install/mycobot_280:/home/robotics/ros2_cobot/install/mybuddy:/home/robotics/ros2_cobot/install/myarm_300:/home/robotics/ros2_cobot/install/mecharm_pi:/home/robotics/ros2_cobot/install/mecharm:/home/robotics/ros2_cobot/install/mecharm_interfaces:/opt/ros/humble PYTHONPATH=/home/robotics/ros2_cobot/build/mypalletizer_260_pi/prefix_override:/usr/lib/python3/dist-packages/colcon_core/task/python/colcon_distutils_commands:/home/robotics/ros2_cobot/install/mypalletizer_260_pi/lib/python3.10/site-packages:/home/robotics/ros2_cobot/install/mycobot_description/lib/python3.10/site-packages:/home/robotics/ros2_cobot/install/ultraarm/lib/python3.10/site-packages:/home/robotics/ros2_cobot/install/traj_scripts/local/lib/python3.10/dist-packages:/home/robotics/ros2_cobot/install/mypalletizer_communication/lib/python3.10/site-packages:/home/robotics/ros2_cobot/install/mypalletizer_interfaces/local/lib/python3.10/dist-packages:/home/robotics/ros2_cobot/install/mypalletizer_260_pi/lib/python3.10/site-packages:/home/robotics/ros2_cobot/install/mypalletizer_260/lib/python3.10/site-packages:/home/robotics/ros2_cobot/install/myarm_m750/lib/python3.10/site-packages:/home/robotics/ros2_cobot/install/myarm_c650/lib/python3.10/site-packages:/home/robotics/ros2_cobot/install/mycobot_communication/lib/python3.10/site-packages:/home/robotics/ros2_cobot/install/mecharm_communication/lib/python3.10/site-packages:/home/robotics/ros2_cobot/install/mycobot_interfaces/local/lib/python3.10/dist-packages:/home/robotics/ros2_cobot/install/mycobot_630/lib/python3.10/site-packages:/home/robotics/ros2_cobot/install/mycobot_600/lib/python3.10/site-packages:/home/robotics/ros2_cobot/install/mycobot_320pi/lib/python3.10/site-packages:/home/robotics/ros2_cobot/install/mycobot_320_riscv/lib/python3.10/site-packages:/home/robotics/ros2_cobot/install/mycobot_320/lib/python3.10/site-packages:/home/robotics/ros2_cobot/install/mycobot_280pi/lib/python3.10/site-packages:/home/robotics/ros2_cobot/install/mycobot_280jn/lib/python3.10/site-packages:/home/robotics/ros2_cobot/install/mycobot_280_x3pi/lib/python3.10/site-packages:/home/robotics/ros2_cobot/install/mycobot_280_riscv/lib/python3.10/site-packages:/home/robotics/ros2_cobot/install/mycobot_280_rdkx5/lib/python3.10/site-packages:/home/robotics/ros2_cobot/install/mycobot_280_moveit2_control/lib/python3.10/site-packages:/home/robotics/ros2_cobot/install/mycobot_280_arduino/lib/python3.10/site-packages:/home/robotics/ros2_cobot/install/mycobot_280/lib/python3.10/site-packages:/home/robotics/ros2_cobot/install/mybuddy/lib/python3.10/site-packages:/home/robotics/ros2_cobot/install/myarm_300/lib/python3.10/site-packages:/home/robotics/ros2_cobot/install/mecharm_pi/lib/python3.10/site-packages:/home/robotics/ros2_cobot/install/mecharm/lib/python3.10/site-packages:/home/robotics/ros2_cobot/install/mecharm_interfaces/local/lib/python3.10/dist-packages:/opt/ros/humble/lib/python3.10/site-packages:/opt/ros/humble/local/lib/python3.10/dist-packages /usr/bin/python3 -W ignore:setup.py install is deprecated -W ignore:easy_install command is deprecated setup.py egg_info --egg-base ../../../../build/mypalletizer_260_pi build --build-base /home/robotics/ros2_cobot/build/mypalletizer_260_pi/build install --record /home/robotics/ros2_cobot/build/mypalletizer_260_pi/install.log --single-version-externally-managed install_data
[7.916s] DEBUG:colcon.colcon_core.event_handler.log_command:Invoking command in '/home/robotics/ros2_cobot/src/mycobot_ros2/mycobot_280/mycobot_280_rdkx5': AMENT_PREFIX_PATH=/home/robotics/ros2_cobot/install/mycobot_communication:/home/robotics/ros2_cobot/install/mycobot_description:/home/robotics/ros2_cobot/install/ultraarm:/home/robotics/ros2_cobot/install/traj_scripts:/home/robotics/ros2_cobot/install/mypalletizer_communication:/home/robotics/ros2_cobot/install/mypalletizer_interfaces:/home/robotics/ros2_cobot/install/mypalletizer_260_pi:/home/robotics/ros2_cobot/install/mypalletizer_260:/home/robotics/ros2_cobot/install/myarm_m750:/home/robotics/ros2_cobot/install/myarm_c650:/home/robotics/ros2_cobot/install/mecharm_communication:/home/robotics/ros2_cobot/install/mycobot_interfaces:/home/robotics/ros2_cobot/install/mycobot_630:/home/robotics/ros2_cobot/install/mycobot_600:/home/robotics/ros2_cobot/install/mycobot_320pi:/home/robotics/ros2_cobot/install/mycobot_320_riscv:/home/robotics/ros2_cobot/install/mycobot_320:/home/robotics/ros2_cobot/install/mycobot_280rdkx5_moveit2:/home/robotics/ros2_cobot/install/mycobot_280pi:/home/robotics/ros2_cobot/install/mycobot_280jn:/home/robotics/ros2_cobot/install/mycobot_280arduino_moveit2:/home/robotics/ros2_cobot/install/mycobot_280_x3pi:/home/robotics/ros2_cobot/install/mycobot_280_riscv:/home/robotics/ros2_cobot/install/mycobot_280_rdkx5:/home/robotics/ros2_cobot/install/mycobot_280_moveit2_control:/home/robotics/ros2_cobot/install/mycobot_280_moveit2:/home/robotics/ros2_cobot/install/mycobot_280_arduino:/home/robotics/ros2_cobot/install/mycobot_280:/home/robotics/ros2_cobot/install/mybuddy:/home/robotics/ros2_cobot/install/myarm_300:/home/robotics/ros2_cobot/install/mecharm_pi:/home/robotics/ros2_cobot/install/mecharm:/home/robotics/ros2_cobot/install/mecharm_interfaces:/opt/ros/humble CMAKE_PREFIX_PATH=/home/robotics/ros2_cobot/install/mycobot_interfaces:/home/robotics/ros2_cobot/install/traj_scripts:/home/robotics/ros2_cobot/install/mypalletizer_interfaces:/home/robotics/ros2_cobot/install/mycobot_280rdkx5_moveit2:/home/robotics/ros2_cobot/install/mycobot_280arduino_moveit2:/home/robotics/ros2_cobot/install/mycobot_280_moveit2:/home/robotics/ros2_cobot/install/mecharm_interfaces LD_LIBRARY_PATH=/home/robotics/ros2_cobot/install/mycobot_interfaces/lib:/home/robotics/ros2_cobot/install/mypalletizer_interfaces/lib:/home/robotics/ros2_cobot/install/mecharm_interfaces/lib:/opt/ros/humble/opt/rviz_ogre_vendor/lib:/opt/ros/humble/lib/x86_64-linux-gnu:/opt/ros/humble/lib PYTHONPATH=/home/robotics/ros2_cobot/build/mycobot_280_rdkx5/prefix_override:/usr/lib/python3/dist-packages/colcon_core/task/python/colcon_distutils_commands:/home/robotics/ros2_cobot/install/mycobot_280_rdkx5/lib/python3.10/site-packages:/home/robotics/ros2_cobot/install/mycobot_communication/lib/python3.10/site-packages:/home/robotics/ros2_cobot/install/mycobot_description/lib/python3.10/site-packages:/home/robotics/ros2_cobot/install/ultraarm/lib/python3.10/site-packages:/home/robotics/ros2_cobot/install/traj_scripts/local/lib/python3.10/dist-packages:/home/robotics/ros2_cobot/install/mypalletizer_communication/lib/python3.10/site-packages:/home/robotics/ros2_cobot/install/mypalletizer_interfaces/local/lib/python3.10/dist-packages:/home/robotics/ros2_cobot/install/mypalletizer_260_pi/lib/python3.10/site-packages:/home/robotics/ros2_cobot/install/mypalletizer_260/lib/python3.10/site-packages:/home/robotics/ros2_cobot/install/myarm_m750/lib/python3.10/site-packages:/home/robotics/ros2_cobot/install/myarm_c650/lib/python3.10/site-packages:/home/robotics/ros2_cobot/install/mecharm_communication/lib/python3.10/site-packages:/home/robotics/ros2_cobot/install/mycobot_interfaces/local/lib/python3.10/dist-packages:/home/robotics/ros2_cobot/install/mycobot_630/lib/python3.10/site-packages:/home/robotics/ros2_cobot/install/mycobot_600/lib/python3.10/site-packages:/home/robotics/ros2_cobot/install/mycobot_320pi/lib/python3.10/site-packages:/home/robotics/ros2_cobot/install/mycobot_320_riscv/lib/python3.10/site-packages:/home/robotics/ros2_cobot/install/mycobot_320/lib/python3.10/site-packages:/home/robotics/ros2_cobot/install/mycobot_280pi/lib/python3.10/site-packages:/home/robotics/ros2_cobot/install/mycobot_280jn/lib/python3.10/site-packages:/home/robotics/ros2_cobot/install/mycobot_280_x3pi/lib/python3.10/site-packages:/home/robotics/ros2_cobot/install/mycobot_280_riscv/lib/python3.10/site-packages:/home/robotics/ros2_cobot/install/mycobot_280_rdkx5/lib/python3.10/site-packages:/home/robotics/ros2_cobot/install/mycobot_280_moveit2_control/lib/python3.10/site-packages:/home/robotics/ros2_cobot/install/mycobot_280_arduino/lib/python3.10/site-packages:/home/robotics/ros2_cobot/install/mycobot_280/lib/python3.10/site-packages:/home/robotics/ros2_cobot/install/mybuddy/lib/python3.10/site-packages:/home/robotics/ros2_cobot/install/myarm_300/lib/python3.10/site-packages:/home/robotics/ros2_cobot/install/mecharm_pi/lib/python3.10/site-packages:/home/robotics/ros2_cobot/install/mecharm/lib/python3.10/site-packages:/home/robotics/ros2_cobot/install/mecharm_interfaces/local/lib/python3.10/dist-packages:/opt/ros/humble/lib/python3.10/site-packages:/opt/ros/humble/local/lib/python3.10/dist-packages /usr/bin/python3 -W ignore:setup.py install is deprecated -W ignore:easy_install command is deprecated setup.py egg_info --egg-base ../../../../build/mycobot_280_rdkx5 build --build-base /home/robotics/ros2_cobot/build/mycobot_280_rdkx5/build install --record /home/robotics/ros2_cobot/build/mycobot_280_rdkx5/install.log --single-version-externally-managed install_data
[8.095s] Level 1:colcon.colcon_core.environment:checking '/home/robotics/ros2_cobot/install/ultraarm' for CMake module files
[8.096s] DEBUG:colcon.colcon_core.event_handler.log_command:Invoked command in '/home/robotics/ros2_cobot/src/mycobot_ros2/ultraArm/ultraarm' returned '0': AMENT_PREFIX_PATH=/home/robotics/ros2_cobot/install/mycobot_description:/home/robotics/ros2_cobot/install/ultraarm:/home/robotics/ros2_cobot/install/traj_scripts:/home/robotics/ros2_cobot/install/mypalletizer_communication:/home/robotics/ros2_cobot/install/mypalletizer_interfaces:/home/robotics/ros2_cobot/install/mypalletizer_260_pi:/home/robotics/ros2_cobot/install/mypalletizer_260:/home/robotics/ros2_cobot/install/myarm_m750:/home/robotics/ros2_cobot/install/myarm_c650:/home/robotics/ros2_cobot/install/mycobot_communication:/home/robotics/ros2_cobot/install/mecharm_communication:/home/robotics/ros2_cobot/install/mycobot_interfaces:/home/robotics/ros2_cobot/install/mycobot_630:/home/robotics/ros2_cobot/install/mycobot_600:/home/robotics/ros2_cobot/install/mycobot_320pi:/home/robotics/ros2_cobot/install/mycobot_320_riscv:/home/robotics/ros2_cobot/install/mycobot_320:/home/robotics/ros2_cobot/install/mycobot_280rdkx5_moveit2:/home/robotics/ros2_cobot/install/mycobot_280pi:/home/robotics/ros2_cobot/install/mycobot_280jn:/home/robotics/ros2_cobot/install/mycobot_280arduino_moveit2:/home/robotics/ros2_cobot/install/mycobot_280_x3pi:/home/robotics/ros2_cobot/install/mycobot_280_riscv:/home/robotics/ros2_cobot/install/mycobot_280_rdkx5:/home/robotics/ros2_cobot/install/mycobot_280_moveit2_control:/home/robotics/ros2_cobot/install/mycobot_280_moveit2:/home/robotics/ros2_cobot/install/mycobot_280_arduino:/home/robotics/ros2_cobot/install/mycobot_280:/home/robotics/ros2_cobot/install/mybuddy:/home/robotics/ros2_cobot/install/myarm_300:/home/robotics/ros2_cobot/install/mecharm_pi:/home/robotics/ros2_cobot/install/mecharm:/home/robotics/ros2_cobot/install/mecharm_interfaces:/opt/ros/humble PYTHONPATH=/home/robotics/ros2_cobot/build/ultraarm/prefix_override:/usr/lib/python3/dist-packages/colcon_core/task/python/colcon_distutils_commands:/home/robotics/ros2_cobot/install/ultraarm/lib/python3.10/site-packages:/home/robotics/ros2_cobot/install/mycobot_description/lib/python3.10/site-packages:/home/robotics/ros2_cobot/install/ultraarm/lib/python3.10/site-packages:/home/robotics/ros2_cobot/install/traj_scripts/local/lib/python3.10/dist-packages:/home/robotics/ros2_cobot/install/mypalletizer_communication/lib/python3.10/site-packages:/home/robotics/ros2_cobot/install/mypalletizer_interfaces/local/lib/python3.10/dist-packages:/home/robotics/ros2_cobot/install/mypalletizer_260_pi/lib/python3.10/site-packages:/home/robotics/ros2_cobot/install/mypalletizer_260/lib/python3.10/site-packages:/home/robotics/ros2_cobot/install/myarm_m750/lib/python3.10/site-packages:/home/robotics/ros2_cobot/install/myarm_c650/lib/python3.10/site-packages:/home/robotics/ros2_cobot/install/mycobot_communication/lib/python3.10/site-packages:/home/robotics/ros2_cobot/install/mecharm_communication/lib/python3.10/site-packages:/home/robotics/ros2_cobot/install/mycobot_interfaces/local/lib/python3.10/dist-packages:/home/robotics/ros2_cobot/install/mycobot_630/lib/python3.10/site-packages:/home/robotics/ros2_cobot/install/mycobot_600/lib/python3.10/site-packages:/home/robotics/ros2_cobot/install/mycobot_320pi/lib/python3.10/site-packages:/home/robotics/ros2_cobot/install/mycobot_320_riscv/lib/python3.10/site-packages:/home/robotics/ros2_cobot/install/mycobot_320/lib/python3.10/site-packages:/home/robotics/ros2_cobot/install/mycobot_280pi/lib/python3.10/site-packages:/home/robotics/ros2_cobot/install/mycobot_280jn/lib/python3.10/site-packages:/home/robotics/ros2_cobot/install/mycobot_280_x3pi/lib/python3.10/site-packages:/home/robotics/ros2_cobot/install/mycobot_280_riscv/lib/python3.10/site-packages:/home/robotics/ros2_cobot/install/mycobot_280_rdkx5/lib/python3.10/site-packages:/home/robotics/ros2_cobot/install/mycobot_280_moveit2_control/lib/python3.10/site-packages:/home/robotics/ros2_cobot/install/mycobot_280_arduino/lib/python3.10/site-packages:/home/robotics/ros2_cobot/install/mycobot_280/lib/python3.10/site-packages:/home/robotics/ros2_cobot/install/mybuddy/lib/python3.10/site-packages:/home/robotics/ros2_cobot/install/myarm_300/lib/python3.10/site-packages:/home/robotics/ros2_cobot/install/mecharm_pi/lib/python3.10/site-packages:/home/robotics/ros2_cobot/install/mecharm/lib/python3.10/site-packages:/home/robotics/ros2_cobot/install/mecharm_interfaces/local/lib/python3.10/dist-packages:/opt/ros/humble/lib/python3.10/site-packages:/opt/ros/humble/local/lib/python3.10/dist-packages /usr/bin/python3 -W ignore:setup.py install is deprecated -W ignore:easy_install command is deprecated setup.py egg_info --egg-base ../../../../build/ultraarm build --build-base /home/robotics/ros2_cobot/build/ultraarm/build install --record /home/robotics/ros2_cobot/build/ultraarm/install.log --single-version-externally-managed install_data
[8.096s] Level 1:colcon.colcon_core.environment:checking '/home/robotics/ros2_cobot/install/ultraarm' for CMake config files
[8.097s] Level 1:colcon.colcon_core.environment:checking '/home/robotics/ros2_cobot/install/ultraarm/lib'
[8.097s] Level 1:colcon.colcon_core.environment:checking '/home/robotics/ros2_cobot/install/ultraarm/bin'
[8.097s] Level 1:colcon.colcon_core.environment:checking '/home/robotics/ros2_cobot/install/ultraarm/lib/pkgconfig/ultraarm.pc'
[8.097s] Level 1:colcon.colcon_core.environment:checking '/home/robotics/ros2_cobot/install/ultraarm/lib/python3.10/site-packages'
[8.097s] Level 1:colcon.colcon_core.shell:create_environment_hook('ultraarm', 'pythonpath')
[8.097s] INFO:colcon.colcon_core.shell:Creating environment hook '/home/robotics/ros2_cobot/install/ultraarm/share/ultraarm/hook/pythonpath.ps1'
[8.097s] INFO:colcon.colcon_core.shell:Creating environment descriptor '/home/robotics/ros2_cobot/install/ultraarm/share/ultraarm/hook/pythonpath.dsv'
[8.097s] INFO:colcon.colcon_core.shell:Creating environment hook '/home/robotics/ros2_cobot/install/ultraarm/share/ultraarm/hook/pythonpath.sh'
[8.098s] Level 1:colcon.colcon_core.environment:checking '/home/robotics/ros2_cobot/install/ultraarm/bin'
[8.098s] Level 1:colcon.colcon_core.environment:create_environment_scripts_only(ultraarm)
[8.098s] INFO:colcon.colcon_core.shell:Creating package script '/home/robotics/ros2_cobot/install/ultraarm/share/ultraarm/package.ps1'
[8.098s] INFO:colcon.colcon_core.shell:Creating package descriptor '/home/robotics/ros2_cobot/install/ultraarm/share/ultraarm/package.dsv'
[8.099s] INFO:colcon.colcon_core.shell:Creating package script '/home/robotics/ros2_cobot/install/ultraarm/share/ultraarm/package.sh'
[8.099s] INFO:colcon.colcon_core.shell:Creating package script '/home/robotics/ros2_cobot/install/ultraarm/share/ultraarm/package.bash'
[8.099s] INFO:colcon.colcon_core.shell:Creating package script '/home/robotics/ros2_cobot/install/ultraarm/share/ultraarm/package.zsh'
[8.099s] Level 1:colcon.colcon_core.environment:create_file_with_runtime_dependencies(/home/robotics/ros2_cobot/install/ultraarm/share/colcon-core/packages/ultraarm)
[8.173s] Level 1:colcon.colcon_core.environment:checking '/home/robotics/ros2_cobot/install/mycobot_630' for CMake module files
[8.174s] DEBUG:colcon.colcon_core.event_handler.log_command:Invoked command in '/home/robotics/ros2_cobot/src/mycobot_ros2/mycobot_pro/mycobot_630' returned '0': AMENT_PREFIX_PATH=/home/robotics/ros2_cobot/install/mycobot_description:/home/robotics/ros2_cobot/install/ultraarm:/home/robotics/ros2_cobot/install/traj_scripts:/home/robotics/ros2_cobot/install/mypalletizer_communication:/home/robotics/ros2_cobot/install/mypalletizer_interfaces:/home/robotics/ros2_cobot/install/mypalletizer_260_pi:/home/robotics/ros2_cobot/install/mypalletizer_260:/home/robotics/ros2_cobot/install/myarm_m750:/home/robotics/ros2_cobot/install/myarm_c650:/home/robotics/ros2_cobot/install/mycobot_communication:/home/robotics/ros2_cobot/install/mecharm_communication:/home/robotics/ros2_cobot/install/mycobot_interfaces:/home/robotics/ros2_cobot/install/mycobot_630:/home/robotics/ros2_cobot/install/mycobot_600:/home/robotics/ros2_cobot/install/mycobot_320pi:/home/robotics/ros2_cobot/install/mycobot_320_riscv:/home/robotics/ros2_cobot/install/mycobot_320:/home/robotics/ros2_cobot/install/mycobot_280rdkx5_moveit2:/home/robotics/ros2_cobot/install/mycobot_280pi:/home/robotics/ros2_cobot/install/mycobot_280jn:/home/robotics/ros2_cobot/install/mycobot_280arduino_moveit2:/home/robotics/ros2_cobot/install/mycobot_280_x3pi:/home/robotics/ros2_cobot/install/mycobot_280_riscv:/home/robotics/ros2_cobot/install/mycobot_280_rdkx5:/home/robotics/ros2_cobot/install/mycobot_280_moveit2_control:/home/robotics/ros2_cobot/install/mycobot_280_moveit2:/home/robotics/ros2_cobot/install/mycobot_280_arduino:/home/robotics/ros2_cobot/install/mycobot_280:/home/robotics/ros2_cobot/install/mybuddy:/home/robotics/ros2_cobot/install/myarm_300:/home/robotics/ros2_cobot/install/mecharm_pi:/home/robotics/ros2_cobot/install/mecharm:/home/robotics/ros2_cobot/install/mecharm_interfaces:/opt/ros/humble PYTHONPATH=/home/robotics/ros2_cobot/build/mycobot_630/prefix_override:/usr/lib/python3/dist-packages/colcon_core/task/python/colcon_distutils_commands:/home/robotics/ros2_cobot/install/mycobot_630/lib/python3.10/site-packages:/home/robotics/ros2_cobot/install/mycobot_description/lib/python3.10/site-packages:/home/robotics/ros2_cobot/install/ultraarm/lib/python3.10/site-packages:/home/robotics/ros2_cobot/install/traj_scripts/local/lib/python3.10/dist-packages:/home/robotics/ros2_cobot/install/mypalletizer_communication/lib/python3.10/site-packages:/home/robotics/ros2_cobot/install/mypalletizer_interfaces/local/lib/python3.10/dist-packages:/home/robotics/ros2_cobot/install/mypalletizer_260_pi/lib/python3.10/site-packages:/home/robotics/ros2_cobot/install/mypalletizer_260/lib/python3.10/site-packages:/home/robotics/ros2_cobot/install/myarm_m750/lib/python3.10/site-packages:/home/robotics/ros2_cobot/install/myarm_c650/lib/python3.10/site-packages:/home/robotics/ros2_cobot/install/mycobot_communication/lib/python3.10/site-packages:/home/robotics/ros2_cobot/install/mecharm_communication/lib/python3.10/site-packages:/home/robotics/ros2_cobot/install/mycobot_interfaces/local/lib/python3.10/dist-packages:/home/robotics/ros2_cobot/install/mycobot_630/lib/python3.10/site-packages:/home/robotics/ros2_cobot/install/mycobot_600/lib/python3.10/site-packages:/home/robotics/ros2_cobot/install/mycobot_320pi/lib/python3.10/site-packages:/home/robotics/ros2_cobot/install/mycobot_320_riscv/lib/python3.10/site-packages:/home/robotics/ros2_cobot/install/mycobot_320/lib/python3.10/site-packages:/home/robotics/ros2_cobot/install/mycobot_280pi/lib/python3.10/site-packages:/home/robotics/ros2_cobot/install/mycobot_280jn/lib/python3.10/site-packages:/home/robotics/ros2_cobot/install/mycobot_280_x3pi/lib/python3.10/site-packages:/home/robotics/ros2_cobot/install/mycobot_280_riscv/lib/python3.10/site-packages:/home/robotics/ros2_cobot/install/mycobot_280_rdkx5/lib/python3.10/site-packages:/home/robotics/ros2_cobot/install/mycobot_280_moveit2_control/lib/python3.10/site-packages:/home/robotics/ros2_cobot/install/mycobot_280_arduino/lib/python3.10/site-packages:/home/robotics/ros2_cobot/install/mycobot_280/lib/python3.10/site-packages:/home/robotics/ros2_cobot/install/mybuddy/lib/python3.10/site-packages:/home/robotics/ros2_cobot/install/myarm_300/lib/python3.10/site-packages:/home/robotics/ros2_cobot/install/mecharm_pi/lib/python3.10/site-packages:/home/robotics/ros2_cobot/install/mecharm/lib/python3.10/site-packages:/home/robotics/ros2_cobot/install/mecharm_interfaces/local/lib/python3.10/dist-packages:/opt/ros/humble/lib/python3.10/site-packages:/opt/ros/humble/local/lib/python3.10/dist-packages /usr/bin/python3 -W ignore:setup.py install is deprecated -W ignore:easy_install command is deprecated setup.py egg_info --egg-base ../../../../build/mycobot_630 build --build-base /home/robotics/ros2_cobot/build/mycobot_630/build install --record /home/robotics/ros2_cobot/build/mycobot_630/install.log --single-version-externally-managed install_data
[8.174s] Level 1:colcon.colcon_core.environment:checking '/home/robotics/ros2_cobot/install/mycobot_630' for CMake config files
[8.174s] Level 1:colcon.colcon_core.environment:checking '/home/robotics/ros2_cobot/install/mycobot_630/lib'
[8.175s] Level 1:colcon.colcon_core.environment:checking '/home/robotics/ros2_cobot/install/mycobot_630/bin'
[8.175s] Level 1:colcon.colcon_core.environment:checking '/home/robotics/ros2_cobot/install/mycobot_630/lib/pkgconfig/mycobot_630.pc'
[8.175s] Level 1:colcon.colcon_core.environment:checking '/home/robotics/ros2_cobot/install/mycobot_630/lib/python3.10/site-packages'
[8.175s] Level 1:colcon.colcon_core.shell:create_environment_hook('mycobot_630', 'pythonpath')
[8.175s] INFO:colcon.colcon_core.shell:Creating environment hook '/home/robotics/ros2_cobot/install/mycobot_630/share/mycobot_630/hook/pythonpath.ps1'
[8.175s] INFO:colcon.colcon_core.shell:Creating environment descriptor '/home/robotics/ros2_cobot/install/mycobot_630/share/mycobot_630/hook/pythonpath.dsv'
[8.176s] INFO:colcon.colcon_core.shell:Creating environment hook '/home/robotics/ros2_cobot/install/mycobot_630/share/mycobot_630/hook/pythonpath.sh'
[8.176s] Level 1:colcon.colcon_core.environment:checking '/home/robotics/ros2_cobot/install/mycobot_630/bin'
[8.176s] Level 1:colcon.colcon_core.environment:create_environment_scripts_only(mycobot_630)
[8.177s] INFO:colcon.colcon_core.shell:Creating package script '/home/robotics/ros2_cobot/install/mycobot_630/share/mycobot_630/package.ps1'
[8.177s] INFO:colcon.colcon_core.shell:Creating package descriptor '/home/robotics/ros2_cobot/install/mycobot_630/share/mycobot_630/package.dsv'
[8.177s] INFO:colcon.colcon_core.shell:Creating package script '/home/robotics/ros2_cobot/install/mycobot_630/share/mycobot_630/package.sh'
[8.178s] INFO:colcon.colcon_core.shell:Creating package script '/home/robotics/ros2_cobot/install/mycobot_630/share/mycobot_630/package.bash'
[8.178s] INFO:colcon.colcon_core.shell:Creating package script '/home/robotics/ros2_cobot/install/mycobot_630/share/mycobot_630/package.zsh'
[8.178s] Level 1:colcon.colcon_core.environment:create_file_with_runtime_dependencies(/home/robotics/ros2_cobot/install/mycobot_630/share/colcon-core/packages/mycobot_630)
[8.179s] Level 1:colcon.colcon_core.environment:checking '/home/robotics/ros2_cobot/install/myarm_c650' for CMake module files
[8.180s] Level 1:colcon.colcon_core.environment:checking '/home/robotics/ros2_cobot/install/myarm_c650' for CMake config files
[8.180s] DEBUG:colcon.colcon_core.event_handler.log_command:Invoked command in '/home/robotics/ros2_cobot/src/mycobot_ros2/myArm/myarm_c650' returned '0': AMENT_PREFIX_PATH=/home/robotics/ros2_cobot/install/mycobot_communication:/home/robotics/ros2_cobot/install/mycobot_description:/home/robotics/ros2_cobot/install/ultraarm:/home/robotics/ros2_cobot/install/traj_scripts:/home/robotics/ros2_cobot/install/mypalletizer_communication:/home/robotics/ros2_cobot/install/mypalletizer_interfaces:/home/robotics/ros2_cobot/install/mypalletizer_260_pi:/home/robotics/ros2_cobot/install/mypalletizer_260:/home/robotics/ros2_cobot/install/myarm_m750:/home/robotics/ros2_cobot/install/myarm_c650:/home/robotics/ros2_cobot/install/mecharm_communication:/home/robotics/ros2_cobot/install/mycobot_interfaces:/home/robotics/ros2_cobot/install/mycobot_630:/home/robotics/ros2_cobot/install/mycobot_600:/home/robotics/ros2_cobot/install/mycobot_320pi:/home/robotics/ros2_cobot/install/mycobot_320_riscv:/home/robotics/ros2_cobot/install/mycobot_320:/home/robotics/ros2_cobot/install/mycobot_280rdkx5_moveit2:/home/robotics/ros2_cobot/install/mycobot_280pi:/home/robotics/ros2_cobot/install/mycobot_280jn:/home/robotics/ros2_cobot/install/mycobot_280arduino_moveit2:/home/robotics/ros2_cobot/install/mycobot_280_x3pi:/home/robotics/ros2_cobot/install/mycobot_280_riscv:/home/robotics/ros2_cobot/install/mycobot_280_rdkx5:/home/robotics/ros2_cobot/install/mycobot_280_moveit2_control:/home/robotics/ros2_cobot/install/mycobot_280_moveit2:/home/robotics/ros2_cobot/install/mycobot_280_arduino:/home/robotics/ros2_cobot/install/mycobot_280:/home/robotics/ros2_cobot/install/mybuddy:/home/robotics/ros2_cobot/install/myarm_300:/home/robotics/ros2_cobot/install/mecharm_pi:/home/robotics/ros2_cobot/install/mecharm:/home/robotics/ros2_cobot/install/mecharm_interfaces:/opt/ros/humble CMAKE_PREFIX_PATH=/home/robotics/ros2_cobot/install/mycobot_interfaces:/home/robotics/ros2_cobot/install/traj_scripts:/home/robotics/ros2_cobot/install/mypalletizer_interfaces:/home/robotics/ros2_cobot/install/mycobot_280rdkx5_moveit2:/home/robotics/ros2_cobot/install/mycobot_280arduino_moveit2:/home/robotics/ros2_cobot/install/mycobot_280_moveit2:/home/robotics/ros2_cobot/install/mecharm_interfaces LD_LIBRARY_PATH=/home/robotics/ros2_cobot/install/mycobot_interfaces/lib:/home/robotics/ros2_cobot/install/mypalletizer_interfaces/lib:/home/robotics/ros2_cobot/install/mecharm_interfaces/lib:/opt/ros/humble/opt/rviz_ogre_vendor/lib:/opt/ros/humble/lib/x86_64-linux-gnu:/opt/ros/humble/lib PYTHONPATH=/home/robotics/ros2_cobot/build/myarm_c650/prefix_override:/usr/lib/python3/dist-packages/colcon_core/task/python/colcon_distutils_commands:/home/robotics/ros2_cobot/install/myarm_c650/lib/python3.10/site-packages:/home/robotics/ros2_cobot/install/mycobot_communication/lib/python3.10/site-packages:/home/robotics/ros2_cobot/install/mycobot_description/lib/python3.10/site-packages:/home/robotics/ros2_cobot/install/ultraarm/lib/python3.10/site-packages:/home/robotics/ros2_cobot/install/traj_scripts/local/lib/python3.10/dist-packages:/home/robotics/ros2_cobot/install/mypalletizer_communication/lib/python3.10/site-packages:/home/robotics/ros2_cobot/install/mypalletizer_interfaces/local/lib/python3.10/dist-packages:/home/robotics/ros2_cobot/install/mypalletizer_260_pi/lib/python3.10/site-packages:/home/robotics/ros2_cobot/install/mypalletizer_260/lib/python3.10/site-packages:/home/robotics/ros2_cobot/install/myarm_m750/lib/python3.10/site-packages:/home/robotics/ros2_cobot/install/myarm_c650/lib/python3.10/site-packages:/home/robotics/ros2_cobot/install/mecharm_communication/lib/python3.10/site-packages:/home/robotics/ros2_cobot/install/mycobot_interfaces/local/lib/python3.10/dist-packages:/home/robotics/ros2_cobot/install/mycobot_630/lib/python3.10/site-packages:/home/robotics/ros2_cobot/install/mycobot_600/lib/python3.10/site-packages:/home/robotics/ros2_cobot/install/mycobot_320pi/lib/python3.10/site-packages:/home/robotics/ros2_cobot/install/mycobot_320_riscv/lib/python3.10/site-packages:/home/robotics/ros2_cobot/install/mycobot_320/lib/python3.10/site-packages:/home/robotics/ros2_cobot/install/mycobot_280pi/lib/python3.10/site-packages:/home/robotics/ros2_cobot/install/mycobot_280jn/lib/python3.10/site-packages:/home/robotics/ros2_cobot/install/mycobot_280_x3pi/lib/python3.10/site-packages:/home/robotics/ros2_cobot/install/mycobot_280_riscv/lib/python3.10/site-packages:/home/robotics/ros2_cobot/install/mycobot_280_rdkx5/lib/python3.10/site-packages:/home/robotics/ros2_cobot/install/mycobot_280_moveit2_control/lib/python3.10/site-packages:/home/robotics/ros2_cobot/install/mycobot_280_arduino/lib/python3.10/site-packages:/home/robotics/ros2_cobot/install/mycobot_280/lib/python3.10/site-packages:/home/robotics/ros2_cobot/install/mybuddy/lib/python3.10/site-packages:/home/robotics/ros2_cobot/install/myarm_300/lib/python3.10/site-packages:/home/robotics/ros2_cobot/install/mecharm_pi/lib/python3.10/site-packages:/home/robotics/ros2_cobot/install/mecharm/lib/python3.10/site-packages:/home/robotics/ros2_cobot/install/mecharm_interfaces/local/lib/python3.10/dist-packages:/opt/ros/humble/lib/python3.10/site-packages:/opt/ros/humble/local/lib/python3.10/dist-packages /usr/bin/python3 -W ignore:setup.py install is deprecated -W ignore:easy_install command is deprecated setup.py egg_info --egg-base ../../../../build/myarm_c650 build --build-base /home/robotics/ros2_cobot/build/myarm_c650/build install --record /home/robotics/ros2_cobot/build/myarm_c650/install.log --single-version-externally-managed install_data
[8.181s] Level 1:colcon.colcon_core.environment:checking '/home/robotics/ros2_cobot/install/myarm_c650/lib'
[8.181s] Level 1:colcon.colcon_core.environment:checking '/home/robotics/ros2_cobot/install/myarm_c650/bin'
[8.181s] Level 1:colcon.colcon_core.environment:checking '/home/robotics/ros2_cobot/install/myarm_c650/lib/pkgconfig/myarm_c650.pc'
[8.181s] Level 1:colcon.colcon_core.environment:checking '/home/robotics/ros2_cobot/install/myarm_c650/lib/python3.10/site-packages'
[8.181s] Level 1:colcon.colcon_core.shell:create_environment_hook('myarm_c650', 'pythonpath')
[8.181s] INFO:colcon.colcon_core.shell:Creating environment hook '/home/robotics/ros2_cobot/install/myarm_c650/share/myarm_c650/hook/pythonpath.ps1'
[8.182s] INFO:colcon.colcon_core.shell:Creating environment descriptor '/home/robotics/ros2_cobot/install/myarm_c650/share/myarm_c650/hook/pythonpath.dsv'
[8.182s] INFO:colcon.colcon_core.shell:Creating environment hook '/home/robotics/ros2_cobot/install/myarm_c650/share/myarm_c650/hook/pythonpath.sh'
[8.182s] Level 1:colcon.colcon_core.environment:checking '/home/robotics/ros2_cobot/install/myarm_c650/bin'
[8.182s] Level 1:colcon.colcon_core.environment:create_environment_scripts_only(myarm_c650)
[8.182s] INFO:colcon.colcon_core.shell:Creating package script '/home/robotics/ros2_cobot/install/myarm_c650/share/myarm_c650/package.ps1'
[8.183s] INFO:colcon.colcon_core.shell:Creating package descriptor '/home/robotics/ros2_cobot/install/myarm_c650/share/myarm_c650/package.dsv'
[8.183s] INFO:colcon.colcon_core.shell:Creating package script '/home/robotics/ros2_cobot/install/myarm_c650/share/myarm_c650/package.sh'
[8.183s] INFO:colcon.colcon_core.shell:Creating package script '/home/robotics/ros2_cobot/install/myarm_c650/share/myarm_c650/package.bash'
[8.183s] INFO:colcon.colcon_core.shell:Creating package script '/home/robotics/ros2_cobot/install/myarm_c650/share/myarm_c650/package.zsh'
[8.184s] Level 1:colcon.colcon_core.environment:create_file_with_runtime_dependencies(/home/robotics/ros2_cobot/install/myarm_c650/share/colcon-core/packages/myarm_c650)
[8.184s] Level 1:colcon.colcon_core.environment:checking '/home/robotics/ros2_cobot/install/mypalletizer_260' for CMake module files
[8.185s] DEBUG:colcon.colcon_core.event_handler.log_command:Invoked command in '/home/robotics/ros2_cobot/src/mycobot_ros2/mypalletizer_260/mypalletizer_260' returned '0': AMENT_PREFIX_PATH=/home/robotics/ros2_cobot/install/mycobot_description:/home/robotics/ros2_cobot/install/ultraarm:/home/robotics/ros2_cobot/install/traj_scripts:/home/robotics/ros2_cobot/install/mypalletizer_communication:/home/robotics/ros2_cobot/install/mypalletizer_interfaces:/home/robotics/ros2_cobot/install/mypalletizer_260_pi:/home/robotics/ros2_cobot/install/mypalletizer_260:/home/robotics/ros2_cobot/install/myarm_m750:/home/robotics/ros2_cobot/install/myarm_c650:/home/robotics/ros2_cobot/install/mycobot_communication:/home/robotics/ros2_cobot/install/mecharm_communication:/home/robotics/ros2_cobot/install/mycobot_interfaces:/home/robotics/ros2_cobot/install/mycobot_630:/home/robotics/ros2_cobot/install/mycobot_600:/home/robotics/ros2_cobot/install/mycobot_320pi:/home/robotics/ros2_cobot/install/mycobot_320_riscv:/home/robotics/ros2_cobot/install/mycobot_320:/home/robotics/ros2_cobot/install/mycobot_280rdkx5_moveit2:/home/robotics/ros2_cobot/install/mycobot_280pi:/home/robotics/ros2_cobot/install/mycobot_280jn:/home/robotics/ros2_cobot/install/mycobot_280arduino_moveit2:/home/robotics/ros2_cobot/install/mycobot_280_x3pi:/home/robotics/ros2_cobot/install/mycobot_280_riscv:/home/robotics/ros2_cobot/install/mycobot_280_rdkx5:/home/robotics/ros2_cobot/install/mycobot_280_moveit2_control:/home/robotics/ros2_cobot/install/mycobot_280_moveit2:/home/robotics/ros2_cobot/install/mycobot_280_arduino:/home/robotics/ros2_cobot/install/mycobot_280:/home/robotics/ros2_cobot/install/mybuddy:/home/robotics/ros2_cobot/install/myarm_300:/home/robotics/ros2_cobot/install/mecharm_pi:/home/robotics/ros2_cobot/install/mecharm:/home/robotics/ros2_cobot/install/mecharm_interfaces:/opt/ros/humble PYTHONPATH=/home/robotics/ros2_cobot/build/mypalletizer_260/prefix_override:/usr/lib/python3/dist-packages/colcon_core/task/python/colcon_distutils_commands:/home/robotics/ros2_cobot/install/mypalletizer_260/lib/python3.10/site-packages:/home/robotics/ros2_cobot/install/mycobot_description/lib/python3.10/site-packages:/home/robotics/ros2_cobot/install/ultraarm/lib/python3.10/site-packages:/home/robotics/ros2_cobot/install/traj_scripts/local/lib/python3.10/dist-packages:/home/robotics/ros2_cobot/install/mypalletizer_communication/lib/python3.10/site-packages:/home/robotics/ros2_cobot/install/mypalletizer_interfaces/local/lib/python3.10/dist-packages:/home/robotics/ros2_cobot/install/mypalletizer_260_pi/lib/python3.10/site-packages:/home/robotics/ros2_cobot/install/mypalletizer_260/lib/python3.10/site-packages:/home/robotics/ros2_cobot/install/myarm_m750/lib/python3.10/site-packages:/home/robotics/ros2_cobot/install/myarm_c650/lib/python3.10/site-packages:/home/robotics/ros2_cobot/install/mycobot_communication/lib/python3.10/site-packages:/home/robotics/ros2_cobot/install/mecharm_communication/lib/python3.10/site-packages:/home/robotics/ros2_cobot/install/mycobot_interfaces/local/lib/python3.10/dist-packages:/home/robotics/ros2_cobot/install/mycobot_630/lib/python3.10/site-packages:/home/robotics/ros2_cobot/install/mycobot_600/lib/python3.10/site-packages:/home/robotics/ros2_cobot/install/mycobot_320pi/lib/python3.10/site-packages:/home/robotics/ros2_cobot/install/mycobot_320_riscv/lib/python3.10/site-packages:/home/robotics/ros2_cobot/install/mycobot_320/lib/python3.10/site-packages:/home/robotics/ros2_cobot/install/mycobot_280pi/lib/python3.10/site-packages:/home/robotics/ros2_cobot/install/mycobot_280jn/lib/python3.10/site-packages:/home/robotics/ros2_cobot/install/mycobot_280_x3pi/lib/python3.10/site-packages:/home/robotics/ros2_cobot/install/mycobot_280_riscv/lib/python3.10/site-packages:/home/robotics/ros2_cobot/install/mycobot_280_rdkx5/lib/python3.10/site-packages:/home/robotics/ros2_cobot/install/mycobot_280_moveit2_control/lib/python3.10/site-packages:/home/robotics/ros2_cobot/install/mycobot_280_arduino/lib/python3.10/site-packages:/home/robotics/ros2_cobot/install/mycobot_280/lib/python3.10/site-packages:/home/robotics/ros2_cobot/install/mybuddy/lib/python3.10/site-packages:/home/robotics/ros2_cobot/install/myarm_300/lib/python3.10/site-packages:/home/robotics/ros2_cobot/install/mecharm_pi/lib/python3.10/site-packages:/home/robotics/ros2_cobot/install/mecharm/lib/python3.10/site-packages:/home/robotics/ros2_cobot/install/mecharm_interfaces/local/lib/python3.10/dist-packages:/opt/ros/humble/lib/python3.10/site-packages:/opt/ros/humble/local/lib/python3.10/dist-packages /usr/bin/python3 -W ignore:setup.py install is deprecated -W ignore:easy_install command is deprecated setup.py egg_info --egg-base ../../../../build/mypalletizer_260 build --build-base /home/robotics/ros2_cobot/build/mypalletizer_260/build install --record /home/robotics/ros2_cobot/build/mypalletizer_260/install.log --single-version-externally-managed install_data
[8.185s] Level 1:colcon.colcon_core.environment:checking '/home/robotics/ros2_cobot/install/mypalletizer_260' for CMake config files
[8.185s] Level 1:colcon.colcon_core.environment:checking '/home/robotics/ros2_cobot/install/mypalletizer_260/lib'
[8.185s] Level 1:colcon.colcon_core.environment:checking '/home/robotics/ros2_cobot/install/mypalletizer_260/bin'
[8.186s] Level 1:colcon.colcon_core.environment:checking '/home/robotics/ros2_cobot/install/mypalletizer_260/lib/pkgconfig/mypalletizer_260.pc'
[8.186s] Level 1:colcon.colcon_core.environment:checking '/home/robotics/ros2_cobot/install/mypalletizer_260/lib/python3.10/site-packages'
[8.186s] Level 1:colcon.colcon_core.shell:create_environment_hook('mypalletizer_260', 'pythonpath')
[8.186s] INFO:colcon.colcon_core.shell:Creating environment hook '/home/robotics/ros2_cobot/install/mypalletizer_260/share/mypalletizer_260/hook/pythonpath.ps1'
[8.186s] INFO:colcon.colcon_core.shell:Creating environment descriptor '/home/robotics/ros2_cobot/install/mypalletizer_260/share/mypalletizer_260/hook/pythonpath.dsv'
[8.186s] INFO:colcon.colcon_core.shell:Creating environment hook '/home/robotics/ros2_cobot/install/mypalletizer_260/share/mypalletizer_260/hook/pythonpath.sh'
[8.187s] Level 1:colcon.colcon_core.environment:checking '/home/robotics/ros2_cobot/install/mypalletizer_260/bin'
[8.187s] Level 1:colcon.colcon_core.environment:create_environment_scripts_only(mypalletizer_260)
[8.187s] INFO:colcon.colcon_core.shell:Creating package script '/home/robotics/ros2_cobot/install/mypalletizer_260/share/mypalletizer_260/package.ps1'
[8.187s] INFO:colcon.colcon_core.shell:Creating package descriptor '/home/robotics/ros2_cobot/install/mypalletizer_260/share/mypalletizer_260/package.dsv'
[8.187s] INFO:colcon.colcon_core.shell:Creating package script '/home/robotics/ros2_cobot/install/mypalletizer_260/share/mypalletizer_260/package.sh'
[8.187s] INFO:colcon.colcon_core.shell:Creating package script '/home/robotics/ros2_cobot/install/mypalletizer_260/share/mypalletizer_260/package.bash'
[8.188s] INFO:colcon.colcon_core.shell:Creating package script '/home/robotics/ros2_cobot/install/mypalletizer_260/share/mypalletizer_260/package.zsh'
[8.188s] Level 1:colcon.colcon_core.environment:create_file_with_runtime_dependencies(/home/robotics/ros2_cobot/install/mypalletizer_260/share/colcon-core/packages/mypalletizer_260)
[8.189s] Level 1:colcon.colcon_core.environment:checking '/home/robotics/ros2_cobot/install/mycobot_280_rdkx5' for CMake module files
[8.189s] DEBUG:colcon.colcon_core.event_handler.log_command:Invoked command in '/home/robotics/ros2_cobot/src/mycobot_ros2/mycobot_280/mycobot_280_rdkx5' returned '0': AMENT_PREFIX_PATH=/home/robotics/ros2_cobot/install/mycobot_communication:/home/robotics/ros2_cobot/install/mycobot_description:/home/robotics/ros2_cobot/install/ultraarm:/home/robotics/ros2_cobot/install/traj_scripts:/home/robotics/ros2_cobot/install/mypalletizer_communication:/home/robotics/ros2_cobot/install/mypalletizer_interfaces:/home/robotics/ros2_cobot/install/mypalletizer_260_pi:/home/robotics/ros2_cobot/install/mypalletizer_260:/home/robotics/ros2_cobot/install/myarm_m750:/home/robotics/ros2_cobot/install/myarm_c650:/home/robotics/ros2_cobot/install/mecharm_communication:/home/robotics/ros2_cobot/install/mycobot_interfaces:/home/robotics/ros2_cobot/install/mycobot_630:/home/robotics/ros2_cobot/install/mycobot_600:/home/robotics/ros2_cobot/install/mycobot_320pi:/home/robotics/ros2_cobot/install/mycobot_320_riscv:/home/robotics/ros2_cobot/install/mycobot_320:/home/robotics/ros2_cobot/install/mycobot_280rdkx5_moveit2:/home/robotics/ros2_cobot/install/mycobot_280pi:/home/robotics/ros2_cobot/install/mycobot_280jn:/home/robotics/ros2_cobot/install/mycobot_280arduino_moveit2:/home/robotics/ros2_cobot/install/mycobot_280_x3pi:/home/robotics/ros2_cobot/install/mycobot_280_riscv:/home/robotics/ros2_cobot/install/mycobot_280_rdkx5:/home/robotics/ros2_cobot/install/mycobot_280_moveit2_control:/home/robotics/ros2_cobot/install/mycobot_280_moveit2:/home/robotics/ros2_cobot/install/mycobot_280_arduino:/home/robotics/ros2_cobot/install/mycobot_280:/home/robotics/ros2_cobot/install/mybuddy:/home/robotics/ros2_cobot/install/myarm_300:/home/robotics/ros2_cobot/install/mecharm_pi:/home/robotics/ros2_cobot/install/mecharm:/home/robotics/ros2_cobot/install/mecharm_interfaces:/opt/ros/humble CMAKE_PREFIX_PATH=/home/robotics/ros2_cobot/install/mycobot_interfaces:/home/robotics/ros2_cobot/install/traj_scripts:/home/robotics/ros2_cobot/install/mypalletizer_interfaces:/home/robotics/ros2_cobot/install/mycobot_280rdkx5_moveit2:/home/robotics/ros2_cobot/install/mycobot_280arduino_moveit2:/home/robotics/ros2_cobot/install/mycobot_280_moveit2:/home/robotics/ros2_cobot/install/mecharm_interfaces LD_LIBRARY_PATH=/home/robotics/ros2_cobot/install/mycobot_interfaces/lib:/home/robotics/ros2_cobot/install/mypalletizer_interfaces/lib:/home/robotics/ros2_cobot/install/mecharm_interfaces/lib:/opt/ros/humble/opt/rviz_ogre_vendor/lib:/opt/ros/humble/lib/x86_64-linux-gnu:/opt/ros/humble/lib PYTHONPATH=/home/robotics/ros2_cobot/build/mycobot_280_rdkx5/prefix_override:/usr/lib/python3/dist-packages/colcon_core/task/python/colcon_distutils_commands:/home/robotics/ros2_cobot/install/mycobot_280_rdkx5/lib/python3.10/site-packages:/home/robotics/ros2_cobot/install/mycobot_communication/lib/python3.10/site-packages:/home/robotics/ros2_cobot/install/mycobot_description/lib/python3.10/site-packages:/home/robotics/ros2_cobot/install/ultraarm/lib/python3.10/site-packages:/home/robotics/ros2_cobot/install/traj_scripts/local/lib/python3.10/dist-packages:/home/robotics/ros2_cobot/install/mypalletizer_communication/lib/python3.10/site-packages:/home/robotics/ros2_cobot/install/mypalletizer_interfaces/local/lib/python3.10/dist-packages:/home/robotics/ros2_cobot/install/mypalletizer_260_pi/lib/python3.10/site-packages:/home/robotics/ros2_cobot/install/mypalletizer_260/lib/python3.10/site-packages:/home/robotics/ros2_cobot/install/myarm_m750/lib/python3.10/site-packages:/home/robotics/ros2_cobot/install/myarm_c650/lib/python3.10/site-packages:/home/robotics/ros2_cobot/install/mecharm_communication/lib/python3.10/site-packages:/home/robotics/ros2_cobot/install/mycobot_interfaces/local/lib/python3.10/dist-packages:/home/robotics/ros2_cobot/install/mycobot_630/lib/python3.10/site-packages:/home/robotics/ros2_cobot/install/mycobot_600/lib/python3.10/site-packages:/home/robotics/ros2_cobot/install/mycobot_320pi/lib/python3.10/site-packages:/home/robotics/ros2_cobot/install/mycobot_320_riscv/lib/python3.10/site-packages:/home/robotics/ros2_cobot/install/mycobot_320/lib/python3.10/site-packages:/home/robotics/ros2_cobot/install/mycobot_280pi/lib/python3.10/site-packages:/home/robotics/ros2_cobot/install/mycobot_280jn/lib/python3.10/site-packages:/home/robotics/ros2_cobot/install/mycobot_280_x3pi/lib/python3.10/site-packages:/home/robotics/ros2_cobot/install/mycobot_280_riscv/lib/python3.10/site-packages:/home/robotics/ros2_cobot/install/mycobot_280_rdkx5/lib/python3.10/site-packages:/home/robotics/ros2_cobot/install/mycobot_280_moveit2_control/lib/python3.10/site-packages:/home/robotics/ros2_cobot/install/mycobot_280_arduino/lib/python3.10/site-packages:/home/robotics/ros2_cobot/install/mycobot_280/lib/python3.10/site-packages:/home/robotics/ros2_cobot/install/mybuddy/lib/python3.10/site-packages:/home/robotics/ros2_cobot/install/myarm_300/lib/python3.10/site-packages:/home/robotics/ros2_cobot/install/mecharm_pi/lib/python3.10/site-packages:/home/robotics/ros2_cobot/install/mecharm/lib/python3.10/site-packages:/home/robotics/ros2_cobot/install/mecharm_interfaces/local/lib/python3.10/dist-packages:/opt/ros/humble/lib/python3.10/site-packages:/opt/ros/humble/local/lib/python3.10/dist-packages /usr/bin/python3 -W ignore:setup.py install is deprecated -W ignore:easy_install command is deprecated setup.py egg_info --egg-base ../../../../build/mycobot_280_rdkx5 build --build-base /home/robotics/ros2_cobot/build/mycobot_280_rdkx5/build install --record /home/robotics/ros2_cobot/build/mycobot_280_rdkx5/install.log --single-version-externally-managed install_data
[8.189s] Level 1:colcon.colcon_core.environment:checking '/home/robotics/ros2_cobot/install/mycobot_280_rdkx5' for CMake config files
[8.190s] Level 1:colcon.colcon_core.environment:checking '/home/robotics/ros2_cobot/install/mycobot_280_rdkx5/lib'
[8.190s] Level 1:colcon.colcon_core.environment:checking '/home/robotics/ros2_cobot/install/mycobot_280_rdkx5/bin'
[8.190s] Level 1:colcon.colcon_core.environment:checking '/home/robotics/ros2_cobot/install/mycobot_280_rdkx5/lib/pkgconfig/mycobot_280_rdkx5.pc'
[8.190s] Level 1:colcon.colcon_core.environment:checking '/home/robotics/ros2_cobot/install/mycobot_280_rdkx5/lib/python3.10/site-packages'
[8.190s] Level 1:colcon.colcon_core.shell:create_environment_hook('mycobot_280_rdkx5', 'pythonpath')
[8.190s] INFO:colcon.colcon_core.shell:Creating environment hook '/home/robotics/ros2_cobot/install/mycobot_280_rdkx5/share/mycobot_280_rdkx5/hook/pythonpath.ps1'
[8.191s] INFO:colcon.colcon_core.shell:Creating environment descriptor '/home/robotics/ros2_cobot/install/mycobot_280_rdkx5/share/mycobot_280_rdkx5/hook/pythonpath.dsv'
[8.191s] INFO:colcon.colcon_core.shell:Creating environment hook '/home/robotics/ros2_cobot/install/mycobot_280_rdkx5/share/mycobot_280_rdkx5/hook/pythonpath.sh'
[8.192s] Level 1:colcon.colcon_core.environment:checking '/home/robotics/ros2_cobot/install/mycobot_280_rdkx5/bin'
[8.192s] Level 1:colcon.colcon_core.environment:create_environment_scripts_only(mycobot_280_rdkx5)
[8.192s] INFO:colcon.colcon_core.shell:Creating package script '/home/robotics/ros2_cobot/install/mycobot_280_rdkx5/share/mycobot_280_rdkx5/package.ps1'
[8.193s] INFO:colcon.colcon_core.shell:Creating package descriptor '/home/robotics/ros2_cobot/install/mycobot_280_rdkx5/share/mycobot_280_rdkx5/package.dsv'
[8.193s] INFO:colcon.colcon_core.shell:Creating package script '/home/robotics/ros2_cobot/install/mycobot_280_rdkx5/share/mycobot_280_rdkx5/package.sh'
[8.193s] INFO:colcon.colcon_core.shell:Creating package script '/home/robotics/ros2_cobot/install/mycobot_280_rdkx5/share/mycobot_280_rdkx5/package.bash'
[8.194s] INFO:colcon.colcon_core.shell:Creating package script '/home/robotics/ros2_cobot/install/mycobot_280_rdkx5/share/mycobot_280_rdkx5/package.zsh'
[8.194s] Level 1:colcon.colcon_core.environment:create_file_with_runtime_dependencies(/home/robotics/ros2_cobot/install/mycobot_280_rdkx5/share/colcon-core/packages/mycobot_280_rdkx5)
[8.235s] Level 1:colcon.colcon_core.environment:checking '/home/robotics/ros2_cobot/install/myarm_m750' for CMake module files
[8.236s] DEBUG:colcon.colcon_core.event_handler.log_command:Invoked command in '/home/robotics/ros2_cobot/src/mycobot_ros2/myArm/myarm_m750' returned '0': AMENT_PREFIX_PATH=/home/robotics/ros2_cobot/install/mycobot_communication:/home/robotics/ros2_cobot/install/mycobot_description:/home/robotics/ros2_cobot/install/ultraarm:/home/robotics/ros2_cobot/install/traj_scripts:/home/robotics/ros2_cobot/install/mypalletizer_communication:/home/robotics/ros2_cobot/install/mypalletizer_interfaces:/home/robotics/ros2_cobot/install/mypalletizer_260_pi:/home/robotics/ros2_cobot/install/mypalletizer_260:/home/robotics/ros2_cobot/install/myarm_m750:/home/robotics/ros2_cobot/install/myarm_c650:/home/robotics/ros2_cobot/install/mecharm_communication:/home/robotics/ros2_cobot/install/mycobot_interfaces:/home/robotics/ros2_cobot/install/mycobot_630:/home/robotics/ros2_cobot/install/mycobot_600:/home/robotics/ros2_cobot/install/mycobot_320pi:/home/robotics/ros2_cobot/install/mycobot_320_riscv:/home/robotics/ros2_cobot/install/mycobot_320:/home/robotics/ros2_cobot/install/mycobot_280rdkx5_moveit2:/home/robotics/ros2_cobot/install/mycobot_280pi:/home/robotics/ros2_cobot/install/mycobot_280jn:/home/robotics/ros2_cobot/install/mycobot_280arduino_moveit2:/home/robotics/ros2_cobot/install/mycobot_280_x3pi:/home/robotics/ros2_cobot/install/mycobot_280_riscv:/home/robotics/ros2_cobot/install/mycobot_280_rdkx5:/home/robotics/ros2_cobot/install/mycobot_280_moveit2_control:/home/robotics/ros2_cobot/install/mycobot_280_moveit2:/home/robotics/ros2_cobot/install/mycobot_280_arduino:/home/robotics/ros2_cobot/install/mycobot_280:/home/robotics/ros2_cobot/install/mybuddy:/home/robotics/ros2_cobot/install/myarm_300:/home/robotics/ros2_cobot/install/mecharm_pi:/home/robotics/ros2_cobot/install/mecharm:/home/robotics/ros2_cobot/install/mecharm_interfaces:/opt/ros/humble CMAKE_PREFIX_PATH=/home/robotics/ros2_cobot/install/mycobot_interfaces:/home/robotics/ros2_cobot/install/traj_scripts:/home/robotics/ros2_cobot/install/mypalletizer_interfaces:/home/robotics/ros2_cobot/install/mycobot_280rdkx5_moveit2:/home/robotics/ros2_cobot/install/mycobot_280arduino_moveit2:/home/robotics/ros2_cobot/install/mycobot_280_moveit2:/home/robotics/ros2_cobot/install/mecharm_interfaces LD_LIBRARY_PATH=/home/robotics/ros2_cobot/install/mycobot_interfaces/lib:/home/robotics/ros2_cobot/install/mypalletizer_interfaces/lib:/home/robotics/ros2_cobot/install/mecharm_interfaces/lib:/opt/ros/humble/opt/rviz_ogre_vendor/lib:/opt/ros/humble/lib/x86_64-linux-gnu:/opt/ros/humble/lib PYTHONPATH=/home/robotics/ros2_cobot/build/myarm_m750/prefix_override:/usr/lib/python3/dist-packages/colcon_core/task/python/colcon_distutils_commands:/home/robotics/ros2_cobot/install/myarm_m750/lib/python3.10/site-packages:/home/robotics/ros2_cobot/install/mycobot_communication/lib/python3.10/site-packages:/home/robotics/ros2_cobot/install/mycobot_description/lib/python3.10/site-packages:/home/robotics/ros2_cobot/install/ultraarm/lib/python3.10/site-packages:/home/robotics/ros2_cobot/install/traj_scripts/local/lib/python3.10/dist-packages:/home/robotics/ros2_cobot/install/mypalletizer_communication/lib/python3.10/site-packages:/home/robotics/ros2_cobot/install/mypalletizer_interfaces/local/lib/python3.10/dist-packages:/home/robotics/ros2_cobot/install/mypalletizer_260_pi/lib/python3.10/site-packages:/home/robotics/ros2_cobot/install/mypalletizer_260/lib/python3.10/site-packages:/home/robotics/ros2_cobot/install/myarm_m750/lib/python3.10/site-packages:/home/robotics/ros2_cobot/install/myarm_c650/lib/python3.10/site-packages:/home/robotics/ros2_cobot/install/mecharm_communication/lib/python3.10/site-packages:/home/robotics/ros2_cobot/install/mycobot_interfaces/local/lib/python3.10/dist-packages:/home/robotics/ros2_cobot/install/mycobot_630/lib/python3.10/site-packages:/home/robotics/ros2_cobot/install/mycobot_600/lib/python3.10/site-packages:/home/robotics/ros2_cobot/install/mycobot_320pi/lib/python3.10/site-packages:/home/robotics/ros2_cobot/install/mycobot_320_riscv/lib/python3.10/site-packages:/home/robotics/ros2_cobot/install/mycobot_320/lib/python3.10/site-packages:/home/robotics/ros2_cobot/install/mycobot_280pi/lib/python3.10/site-packages:/home/robotics/ros2_cobot/install/mycobot_280jn/lib/python3.10/site-packages:/home/robotics/ros2_cobot/install/mycobot_280_x3pi/lib/python3.10/site-packages:/home/robotics/ros2_cobot/install/mycobot_280_riscv/lib/python3.10/site-packages:/home/robotics/ros2_cobot/install/mycobot_280_rdkx5/lib/python3.10/site-packages:/home/robotics/ros2_cobot/install/mycobot_280_moveit2_control/lib/python3.10/site-packages:/home/robotics/ros2_cobot/install/mycobot_280_arduino/lib/python3.10/site-packages:/home/robotics/ros2_cobot/install/mycobot_280/lib/python3.10/site-packages:/home/robotics/ros2_cobot/install/mybuddy/lib/python3.10/site-packages:/home/robotics/ros2_cobot/install/myarm_300/lib/python3.10/site-packages:/home/robotics/ros2_cobot/install/mecharm_pi/lib/python3.10/site-packages:/home/robotics/ros2_cobot/install/mecharm/lib/python3.10/site-packages:/home/robotics/ros2_cobot/install/mecharm_interfaces/local/lib/python3.10/dist-packages:/opt/ros/humble/lib/python3.10/site-packages:/opt/ros/humble/local/lib/python3.10/dist-packages /usr/bin/python3 -W ignore:setup.py install is deprecated -W ignore:easy_install command is deprecated setup.py egg_info --egg-base ../../../../build/myarm_m750 build --build-base /home/robotics/ros2_cobot/build/myarm_m750/build install --record /home/robotics/ros2_cobot/build/myarm_m750/install.log --single-version-externally-managed install_data
[8.237s] Level 1:colcon.colcon_core.environment:checking '/home/robotics/ros2_cobot/install/myarm_m750' for CMake config files
[8.237s] Level 1:colcon.colcon_core.environment:checking '/home/robotics/ros2_cobot/install/myarm_m750/lib'
[8.237s] Level 1:colcon.colcon_core.environment:checking '/home/robotics/ros2_cobot/install/myarm_m750/bin'
[8.238s] Level 1:colcon.colcon_core.environment:checking '/home/robotics/ros2_cobot/install/myarm_m750/lib/pkgconfig/myarm_m750.pc'
[8.238s] Level 1:colcon.colcon_core.environment:checking '/home/robotics/ros2_cobot/install/myarm_m750/lib/python3.10/site-packages'
[8.238s] Level 1:colcon.colcon_core.shell:create_environment_hook('myarm_m750', 'pythonpath')
[8.238s] INFO:colcon.colcon_core.shell:Creating environment hook '/home/robotics/ros2_cobot/install/myarm_m750/share/myarm_m750/hook/pythonpath.ps1'
[8.239s] INFO:colcon.colcon_core.shell:Creating environment descriptor '/home/robotics/ros2_cobot/install/myarm_m750/share/myarm_m750/hook/pythonpath.dsv'
[8.239s] INFO:colcon.colcon_core.shell:Creating environment hook '/home/robotics/ros2_cobot/install/myarm_m750/share/myarm_m750/hook/pythonpath.sh'
[8.240s] Level 1:colcon.colcon_core.environment:checking '/home/robotics/ros2_cobot/install/myarm_m750/bin'
[8.240s] Level 1:colcon.colcon_core.environment:create_environment_scripts_only(myarm_m750)
[8.240s] INFO:colcon.colcon_core.shell:Creating package script '/home/robotics/ros2_cobot/install/myarm_m750/share/myarm_m750/package.ps1'
[8.241s] INFO:colcon.colcon_core.shell:Creating package descriptor '/home/robotics/ros2_cobot/install/myarm_m750/share/myarm_m750/package.dsv'
[8.241s] INFO:colcon.colcon_core.shell:Creating package script '/home/robotics/ros2_cobot/install/myarm_m750/share/myarm_m750/package.sh'
[8.242s] INFO:colcon.colcon_core.shell:Creating package script '/home/robotics/ros2_cobot/install/myarm_m750/share/myarm_m750/package.bash'
[8.242s] INFO:colcon.colcon_core.shell:Creating package script '/home/robotics/ros2_cobot/install/myarm_m750/share/myarm_m750/package.zsh'
[8.243s] Level 1:colcon.colcon_core.environment:create_file_with_runtime_dependencies(/home/robotics/ros2_cobot/install/myarm_m750/share/colcon-core/packages/myarm_m750)
[8.244s] Level 1:colcon.colcon_core.environment:checking '/home/robotics/ros2_cobot/install/mypalletizer_260_pi' for CMake module files
[8.245s] DEBUG:colcon.colcon_core.event_handler.log_command:Invoked command in '/home/robotics/ros2_cobot/src/mycobot_ros2/mypalletizer_260/mypalletizer_260_pi' returned '0': AMENT_PREFIX_PATH=/home/robotics/ros2_cobot/install/mycobot_description:/home/robotics/ros2_cobot/install/ultraarm:/home/robotics/ros2_cobot/install/traj_scripts:/home/robotics/ros2_cobot/install/mypalletizer_communication:/home/robotics/ros2_cobot/install/mypalletizer_interfaces:/home/robotics/ros2_cobot/install/mypalletizer_260_pi:/home/robotics/ros2_cobot/install/mypalletizer_260:/home/robotics/ros2_cobot/install/myarm_m750:/home/robotics/ros2_cobot/install/myarm_c650:/home/robotics/ros2_cobot/install/mycobot_communication:/home/robotics/ros2_cobot/install/mecharm_communication:/home/robotics/ros2_cobot/install/mycobot_interfaces:/home/robotics/ros2_cobot/install/mycobot_630:/home/robotics/ros2_cobot/install/mycobot_600:/home/robotics/ros2_cobot/install/mycobot_320pi:/home/robotics/ros2_cobot/install/mycobot_320_riscv:/home/robotics/ros2_cobot/install/mycobot_320:/home/robotics/ros2_cobot/install/mycobot_280rdkx5_moveit2:/home/robotics/ros2_cobot/install/mycobot_280pi:/home/robotics/ros2_cobot/install/mycobot_280jn:/home/robotics/ros2_cobot/install/mycobot_280arduino_moveit2:/home/robotics/ros2_cobot/install/mycobot_280_x3pi:/home/robotics/ros2_cobot/install/mycobot_280_riscv:/home/robotics/ros2_cobot/install/mycobot_280_rdkx5:/home/robotics/ros2_cobot/install/mycobot_280_moveit2_control:/home/robotics/ros2_cobot/install/mycobot_280_moveit2:/home/robotics/ros2_cobot/install/mycobot_280_arduino:/home/robotics/ros2_cobot/install/mycobot_280:/home/robotics/ros2_cobot/install/mybuddy:/home/robotics/ros2_cobot/install/myarm_300:/home/robotics/ros2_cobot/install/mecharm_pi:/home/robotics/ros2_cobot/install/mecharm:/home/robotics/ros2_cobot/install/mecharm_interfaces:/opt/ros/humble PYTHONPATH=/home/robotics/ros2_cobot/build/mypalletizer_260_pi/prefix_override:/usr/lib/python3/dist-packages/colcon_core/task/python/colcon_distutils_commands:/home/robotics/ros2_cobot/install/mypalletizer_260_pi/lib/python3.10/site-packages:/home/robotics/ros2_cobot/install/mycobot_description/lib/python3.10/site-packages:/home/robotics/ros2_cobot/install/ultraarm/lib/python3.10/site-packages:/home/robotics/ros2_cobot/install/traj_scripts/local/lib/python3.10/dist-packages:/home/robotics/ros2_cobot/install/mypalletizer_communication/lib/python3.10/site-packages:/home/robotics/ros2_cobot/install/mypalletizer_interfaces/local/lib/python3.10/dist-packages:/home/robotics/ros2_cobot/install/mypalletizer_260_pi/lib/python3.10/site-packages:/home/robotics/ros2_cobot/install/mypalletizer_260/lib/python3.10/site-packages:/home/robotics/ros2_cobot/install/myarm_m750/lib/python3.10/site-packages:/home/robotics/ros2_cobot/install/myarm_c650/lib/python3.10/site-packages:/home/robotics/ros2_cobot/install/mycobot_communication/lib/python3.10/site-packages:/home/robotics/ros2_cobot/install/mecharm_communication/lib/python3.10/site-packages:/home/robotics/ros2_cobot/install/mycobot_interfaces/local/lib/python3.10/dist-packages:/home/robotics/ros2_cobot/install/mycobot_630/lib/python3.10/site-packages:/home/robotics/ros2_cobot/install/mycobot_600/lib/python3.10/site-packages:/home/robotics/ros2_cobot/install/mycobot_320pi/lib/python3.10/site-packages:/home/robotics/ros2_cobot/install/mycobot_320_riscv/lib/python3.10/site-packages:/home/robotics/ros2_cobot/install/mycobot_320/lib/python3.10/site-packages:/home/robotics/ros2_cobot/install/mycobot_280pi/lib/python3.10/site-packages:/home/robotics/ros2_cobot/install/mycobot_280jn/lib/python3.10/site-packages:/home/robotics/ros2_cobot/install/mycobot_280_x3pi/lib/python3.10/site-packages:/home/robotics/ros2_cobot/install/mycobot_280_riscv/lib/python3.10/site-packages:/home/robotics/ros2_cobot/install/mycobot_280_rdkx5/lib/python3.10/site-packages:/home/robotics/ros2_cobot/install/mycobot_280_moveit2_control/lib/python3.10/site-packages:/home/robotics/ros2_cobot/install/mycobot_280_arduino/lib/python3.10/site-packages:/home/robotics/ros2_cobot/install/mycobot_280/lib/python3.10/site-packages:/home/robotics/ros2_cobot/install/mybuddy/lib/python3.10/site-packages:/home/robotics/ros2_cobot/install/myarm_300/lib/python3.10/site-packages:/home/robotics/ros2_cobot/install/mecharm_pi/lib/python3.10/site-packages:/home/robotics/ros2_cobot/install/mecharm/lib/python3.10/site-packages:/home/robotics/ros2_cobot/install/mecharm_interfaces/local/lib/python3.10/dist-packages:/opt/ros/humble/lib/python3.10/site-packages:/opt/ros/humble/local/lib/python3.10/dist-packages /usr/bin/python3 -W ignore:setup.py install is deprecated -W ignore:easy_install command is deprecated setup.py egg_info --egg-base ../../../../build/mypalletizer_260_pi build --build-base /home/robotics/ros2_cobot/build/mypalletizer_260_pi/build install --record /home/robotics/ros2_cobot/build/mypalletizer_260_pi/install.log --single-version-externally-managed install_data
[8.245s] Level 1:colcon.colcon_core.environment:checking '/home/robotics/ros2_cobot/install/mypalletizer_260_pi' for CMake config files
[8.245s] Level 1:colcon.colcon_core.environment:checking '/home/robotics/ros2_cobot/install/mypalletizer_260_pi/lib'
[8.245s] Level 1:colcon.colcon_core.environment:checking '/home/robotics/ros2_cobot/install/mypalletizer_260_pi/bin'
[8.245s] Level 1:colcon.colcon_core.environment:checking '/home/robotics/ros2_cobot/install/mypalletizer_260_pi/lib/pkgconfig/mypalletizer_260_pi.pc'
[8.246s] Level 1:colcon.colcon_core.environment:checking '/home/robotics/ros2_cobot/install/mypalletizer_260_pi/lib/python3.10/site-packages'
[8.246s] Level 1:colcon.colcon_core.shell:create_environment_hook('mypalletizer_260_pi', 'pythonpath')
[8.246s] INFO:colcon.colcon_core.shell:Creating environment hook '/home/robotics/ros2_cobot/install/mypalletizer_260_pi/share/mypalletizer_260_pi/hook/pythonpath.ps1'
[8.246s] INFO:colcon.colcon_core.shell:Creating environment descriptor '/home/robotics/ros2_cobot/install/mypalletizer_260_pi/share/mypalletizer_260_pi/hook/pythonpath.dsv'
[8.246s] INFO:colcon.colcon_core.shell:Creating environment hook '/home/robotics/ros2_cobot/install/mypalletizer_260_pi/share/mypalletizer_260_pi/hook/pythonpath.sh'
[8.246s] Level 1:colcon.colcon_core.environment:checking '/home/robotics/ros2_cobot/install/mypalletizer_260_pi/bin'
[8.246s] Level 1:colcon.colcon_core.environment:create_environment_scripts_only(mypalletizer_260_pi)
[8.247s] INFO:colcon.colcon_core.shell:Creating package script '/home/robotics/ros2_cobot/install/mypalletizer_260_pi/share/mypalletizer_260_pi/package.ps1'
[8.247s] INFO:colcon.colcon_core.shell:Creating package descriptor '/home/robotics/ros2_cobot/install/mypalletizer_260_pi/share/mypalletizer_260_pi/package.dsv'
[8.247s] INFO:colcon.colcon_core.shell:Creating package script '/home/robotics/ros2_cobot/install/mypalletizer_260_pi/share/mypalletizer_260_pi/package.sh'
[8.247s] INFO:colcon.colcon_core.shell:Creating package script '/home/robotics/ros2_cobot/install/mypalletizer_260_pi/share/mypalletizer_260_pi/package.bash'
[8.247s] INFO:colcon.colcon_core.shell:Creating package script '/home/robotics/ros2_cobot/install/mypalletizer_260_pi/share/mypalletizer_260_pi/package.zsh'
[8.248s] Level 1:colcon.colcon_core.environment:create_file_with_runtime_dependencies(/home/robotics/ros2_cobot/install/mypalletizer_260_pi/share/colcon-core/packages/mypalletizer_260_pi)
[8.248s] DEBUG:colcon.colcon_parallel_executor.executor.parallel:closing loop
[8.248s] DEBUG:colcon.colcon_parallel_executor.executor.parallel:loop closed
[8.248s] DEBUG:colcon.colcon_parallel_executor.executor.parallel:run_until_complete finished with '0'
[8.248s] DEBUG:colcon.colcon_core.event_reactor:joining thread
[8.258s] INFO:colcon.colcon_core.plugin_system:Skipping extension 'colcon_notification.desktop_notification.terminal_notifier': Not used on non-Darwin systems
[8.258s] INFO:colcon.colcon_core.plugin_system:Skipping extension 'colcon_notification.desktop_notification.win32': Not used on non-Windows systems
[8.258s] INFO:colcon.colcon_notification.desktop_notification:Sending desktop notification using 'notify2'
[8.270s] DEBUG:colcon.colcon_core.event_reactor:joined thread
[8.270s] INFO:colcon.colcon_core.shell:Creating prefix script '/home/robotics/ros2_cobot/install/local_setup.ps1'
[8.271s] INFO:colcon.colcon_core.shell:Creating prefix util module '/home/robotics/ros2_cobot/install/_local_setup_util_ps1.py'
[8.272s] INFO:colcon.colcon_core.shell:Creating prefix chain script '/home/robotics/ros2_cobot/install/setup.ps1'
[8.273s] INFO:colcon.colcon_core.shell:Creating prefix script '/home/robotics/ros2_cobot/install/local_setup.sh'
[8.273s] INFO:colcon.colcon_core.shell:Creating prefix util module '/home/robotics/ros2_cobot/install/_local_setup_util_sh.py'
[8.274s] INFO:colcon.colcon_core.shell:Creating prefix chain script '/home/robotics/ros2_cobot/install/setup.sh'
[8.275s] INFO:colcon.colcon_core.shell:Creating prefix script '/home/robotics/ros2_cobot/install/local_setup.bash'
[8.275s] INFO:colcon.colcon_core.shell:Creating prefix chain script '/home/robotics/ros2_cobot/install/setup.bash'
[8.276s] INFO:colcon.colcon_core.shell:Creating prefix script '/home/robotics/ros2_cobot/install/local_setup.zsh'
[8.276s] INFO:colcon.colcon_core.shell:Creating prefix chain script '/home/robotics/ros2_cobot/install/setup.zsh'
