[0.076s] DEBUG:colcon:Command line arguments: ['/usr/bin/colcon', 'build']
[0.076s] DEBUG:colcon:Parsed command line arguments: Namespace(log_base=None, log_level=None, verb_name='build', build_base='build', install_base='install', merge_install=False, symlink_install=False, test_result_base=None, continue_on_error=False, executor='parallel', parallel_workers=16, event_handlers=None, ignore_user_meta=False, metas=['./colcon.meta'], base_paths=['.'], packages_ignore=None, packages_ignore_regex=None, paths=None, packages_up_to=None, packages_up_to_regex=None, packages_above=None, packages_above_and_dependencies=None, packages_above_depth=None, packages_select_by_dep=None, packages_skip_by_dep=None, packages_skip_up_to=None, packages_select_build_failed=False, packages_skip_build_finished=False, packages_select_test_failures=False, packages_skip_test_passed=False, packages_select=None, packages_skip=None, packages_select_regex=None, packages_skip_regex=None, packages_start=None, packages_end=None, allow_overriding=[], cmake_args=None, cmake_target=None, cmake_target_skip_unavailable=False, cmake_clean_cache=False, cmake_clean_first=False, cmake_force_configure=False, ament_cmake_args=None, catkin_cmake_args=None, catkin_skip_building_tests=False, mixin_files=None, mixin=None, verb_parser=<colcon_mixin.mixin.mixin_argument.MixinArgumentDecorator object at 0x7ed1a369b820>, verb_extension=<colcon_core.verb.build.BuildVerb object at 0x7ed1a37e4e20>, main=<bound method BuildVerb.main of <colcon_core.verb.build.BuildVerb object at 0x7ed1a37e4e20>>, mixin_verb=('build',))
[0.203s] Level 1:colcon.colcon_core.package_discovery:discover_packages(colcon_meta) check parameters
[0.203s] Level 1:colcon.colcon_core.package_discovery:discover_packages(recursive) check parameters
[0.203s] Level 1:colcon.colcon_core.package_discovery:discover_packages(ignore) check parameters
[0.203s] Level 1:colcon.colcon_core.package_discovery:discover_packages(path) check parameters
[0.203s] Level 1:colcon.colcon_core.package_discovery:discover_packages(colcon_meta) discover
[0.203s] Level 1:colcon.colcon_core.package_discovery:discover_packages(recursive) discover
[0.203s] INFO:colcon.colcon_core.package_discovery:Crawling recursively for packages in '/home/robotics/ros2_cobot'
[0.203s] Level 1:colcon.colcon_core.package_identification:_identify(.) by extensions ['ignore', 'ignore_ament_install']
[0.203s] Level 1:colcon.colcon_core.package_identification:_identify(.) by extension 'ignore'
[0.204s] Level 1:colcon.colcon_core.package_identification:_identify(.) by extension 'ignore_ament_install'
[0.204s] Level 1:colcon.colcon_core.package_identification:_identify(.) by extensions ['colcon_pkg']
[0.204s] Level 1:colcon.colcon_core.package_identification:_identify(.) by extension 'colcon_pkg'
[0.204s] Level 1:colcon.colcon_core.package_identification:_identify(.) by extensions ['colcon_meta']
[0.204s] Level 1:colcon.colcon_core.package_identification:_identify(.) by extension 'colcon_meta'
[0.204s] Level 1:colcon.colcon_core.package_identification:_identify(.) by extensions ['ros']
[0.204s] Level 1:colcon.colcon_core.package_identification:_identify(.) by extension 'ros'
[0.228s] Level 1:colcon.colcon_core.package_identification:_identify(.) by extensions ['cmake', 'python']
[0.228s] Level 1:colcon.colcon_core.package_identification:_identify(.) by extension 'cmake'
[0.228s] Level 1:colcon.colcon_core.package_identification:_identify(.) by extension 'python'
[0.228s] Level 1:colcon.colcon_core.package_identification:_identify(.) by extensions ['python_setup_py']
[0.228s] Level 1:colcon.colcon_core.package_identification:_identify(.) by extension 'python_setup_py'
[0.228s] Level 1:colcon.colcon_core.package_identification:_identify(build) by extensions ['ignore', 'ignore_ament_install']
[0.228s] Level 1:colcon.colcon_core.package_identification:_identify(build) by extension 'ignore'
[0.228s] Level 1:colcon.colcon_core.package_identification:_identify(build) ignored
[0.228s] Level 1:colcon.colcon_core.package_identification:_identify(install) by extensions ['ignore', 'ignore_ament_install']
[0.228s] Level 1:colcon.colcon_core.package_identification:_identify(install) by extension 'ignore'
[0.228s] Level 1:colcon.colcon_core.package_identification:_identify(install) ignored
[0.229s] Level 1:colcon.colcon_core.package_identification:_identify(log) by extensions ['ignore', 'ignore_ament_install']
[0.229s] Level 1:colcon.colcon_core.package_identification:_identify(log) by extension 'ignore'
[0.229s] Level 1:colcon.colcon_core.package_identification:_identify(log) ignored
[0.229s] Level 1:colcon.colcon_core.package_identification:_identify(src) by extensions ['ignore', 'ignore_ament_install']
[0.229s] Level 1:colcon.colcon_core.package_identification:_identify(src) by extension 'ignore'
[0.229s] Level 1:colcon.colcon_core.package_identification:_identify(src) by extension 'ignore_ament_install'
[0.229s] Level 1:colcon.colcon_core.package_identification:_identify(src) by extensions ['colcon_pkg']
[0.229s] Level 1:colcon.colcon_core.package_identification:_identify(src) by extension 'colcon_pkg'
[0.229s] Level 1:colcon.colcon_core.package_identification:_identify(src) by extensions ['colcon_meta']
[0.229s] Level 1:colcon.colcon_core.package_identification:_identify(src) by extension 'colcon_meta'
[0.229s] Level 1:colcon.colcon_core.package_identification:_identify(src) by extensions ['ros']
[0.229s] Level 1:colcon.colcon_core.package_identification:_identify(src) by extension 'ros'
[0.229s] Level 1:colcon.colcon_core.package_identification:_identify(src) by extensions ['cmake', 'python']
[0.229s] Level 1:colcon.colcon_core.package_identification:_identify(src) by extension 'cmake'
[0.229s] Level 1:colcon.colcon_core.package_identification:_identify(src) by extension 'python'
[0.229s] Level 1:colcon.colcon_core.package_identification:_identify(src) by extensions ['python_setup_py']
[0.229s] Level 1:colcon.colcon_core.package_identification:_identify(src) by extension 'python_setup_py'
[0.229s] Level 1:colcon.colcon_core.package_identification:_identify(src/mycobot_ros2) by extensions ['ignore', 'ignore_ament_install']
[0.229s] Level 1:colcon.colcon_core.package_identification:_identify(src/mycobot_ros2) by extension 'ignore'
[0.229s] Level 1:colcon.colcon_core.package_identification:_identify(src/mycobot_ros2) by extension 'ignore_ament_install'
[0.229s] Level 1:colcon.colcon_core.package_identification:_identify(src/mycobot_ros2) by extensions ['colcon_pkg']
[0.229s] Level 1:colcon.colcon_core.package_identification:_identify(src/mycobot_ros2) by extension 'colcon_pkg'
[0.229s] Level 1:colcon.colcon_core.package_identification:_identify(src/mycobot_ros2) by extensions ['colcon_meta']
[0.229s] Level 1:colcon.colcon_core.package_identification:_identify(src/mycobot_ros2) by extension 'colcon_meta'
[0.229s] Level 1:colcon.colcon_core.package_identification:_identify(src/mycobot_ros2) by extensions ['ros']
[0.229s] Level 1:colcon.colcon_core.package_identification:_identify(src/mycobot_ros2) by extension 'ros'
[0.229s] Level 1:colcon.colcon_core.package_identification:_identify(src/mycobot_ros2) by extensions ['cmake', 'python']
[0.229s] Level 1:colcon.colcon_core.package_identification:_identify(src/mycobot_ros2) by extension 'cmake'
[0.229s] Level 1:colcon.colcon_core.package_identification:_identify(src/mycobot_ros2) by extension 'python'
[0.230s] Level 1:colcon.colcon_core.package_identification:_identify(src/mycobot_ros2) by extensions ['python_setup_py']
[0.230s] Level 1:colcon.colcon_core.package_identification:_identify(src/mycobot_ros2) by extension 'python_setup_py'
[0.230s] Level 1:colcon.colcon_core.package_identification:_identify(src/mycobot_ros2/Mybuddy) by extensions ['ignore', 'ignore_ament_install']
[0.230s] Level 1:colcon.colcon_core.package_identification:_identify(src/mycobot_ros2/Mybuddy) by extension 'ignore'
[0.230s] Level 1:colcon.colcon_core.package_identification:_identify(src/mycobot_ros2/Mybuddy) by extension 'ignore_ament_install'
[0.230s] Level 1:colcon.colcon_core.package_identification:_identify(src/mycobot_ros2/Mybuddy) by extensions ['colcon_pkg']
[0.230s] Level 1:colcon.colcon_core.package_identification:_identify(src/mycobot_ros2/Mybuddy) by extension 'colcon_pkg'
[0.230s] Level 1:colcon.colcon_core.package_identification:_identify(src/mycobot_ros2/Mybuddy) by extensions ['colcon_meta']
[0.230s] Level 1:colcon.colcon_core.package_identification:_identify(src/mycobot_ros2/Mybuddy) by extension 'colcon_meta'
[0.230s] Level 1:colcon.colcon_core.package_identification:_identify(src/mycobot_ros2/Mybuddy) by extensions ['ros']
[0.230s] Level 1:colcon.colcon_core.package_identification:_identify(src/mycobot_ros2/Mybuddy) by extension 'ros'
[0.230s] Level 1:colcon.colcon_core.package_identification:_identify(src/mycobot_ros2/Mybuddy) by extensions ['cmake', 'python']
[0.230s] Level 1:colcon.colcon_core.package_identification:_identify(src/mycobot_ros2/Mybuddy) by extension 'cmake'
[0.230s] Level 1:colcon.colcon_core.package_identification:_identify(src/mycobot_ros2/Mybuddy) by extension 'python'
[0.230s] Level 1:colcon.colcon_core.package_identification:_identify(src/mycobot_ros2/Mybuddy) by extensions ['python_setup_py']
[0.230s] Level 1:colcon.colcon_core.package_identification:_identify(src/mycobot_ros2/Mybuddy) by extension 'python_setup_py'
[0.230s] Level 1:colcon.colcon_core.package_identification:_identify(src/mycobot_ros2/Mybuddy/mybuddy) by extensions ['ignore', 'ignore_ament_install']
[0.230s] Level 1:colcon.colcon_core.package_identification:_identify(src/mycobot_ros2/Mybuddy/mybuddy) by extension 'ignore'
[0.230s] Level 1:colcon.colcon_core.package_identification:_identify(src/mycobot_ros2/Mybuddy/mybuddy) by extension 'ignore_ament_install'
[0.230s] Level 1:colcon.colcon_core.package_identification:_identify(src/mycobot_ros2/Mybuddy/mybuddy) by extensions ['colcon_pkg']
[0.230s] Level 1:colcon.colcon_core.package_identification:_identify(src/mycobot_ros2/Mybuddy/mybuddy) by extension 'colcon_pkg'
[0.230s] Level 1:colcon.colcon_core.package_identification:_identify(src/mycobot_ros2/Mybuddy/mybuddy) by extensions ['colcon_meta']
[0.230s] Level 1:colcon.colcon_core.package_identification:_identify(src/mycobot_ros2/Mybuddy/mybuddy) by extension 'colcon_meta'
[0.230s] Level 1:colcon.colcon_core.package_identification:_identify(src/mycobot_ros2/Mybuddy/mybuddy) by extensions ['ros']
[0.230s] Level 1:colcon.colcon_core.package_identification:_identify(src/mycobot_ros2/Mybuddy/mybuddy) by extension 'ros'
[0.233s] DEBUG:colcon.colcon_core.package_identification:Package 'src/mycobot_ros2/Mybuddy/mybuddy' with type 'ros.ament_python' and name 'mybuddy'
[0.234s] Level 1:colcon.colcon_core.package_identification:_identify(src/mycobot_ros2/demo_img) by extensions ['ignore', 'ignore_ament_install']
[0.234s] Level 1:colcon.colcon_core.package_identification:_identify(src/mycobot_ros2/demo_img) by extension 'ignore'
[0.234s] Level 1:colcon.colcon_core.package_identification:_identify(src/mycobot_ros2/demo_img) by extension 'ignore_ament_install'
[0.234s] Level 1:colcon.colcon_core.package_identification:_identify(src/mycobot_ros2/demo_img) by extensions ['colcon_pkg']
[0.234s] Level 1:colcon.colcon_core.package_identification:_identify(src/mycobot_ros2/demo_img) by extension 'colcon_pkg'
[0.234s] Level 1:colcon.colcon_core.package_identification:_identify(src/mycobot_ros2/demo_img) by extensions ['colcon_meta']
[0.234s] Level 1:colcon.colcon_core.package_identification:_identify(src/mycobot_ros2/demo_img) by extension 'colcon_meta'
[0.234s] Level 1:colcon.colcon_core.package_identification:_identify(src/mycobot_ros2/demo_img) by extensions ['ros']
[0.234s] Level 1:colcon.colcon_core.package_identification:_identify(src/mycobot_ros2/demo_img) by extension 'ros'
[0.234s] Level 1:colcon.colcon_core.package_identification:_identify(src/mycobot_ros2/demo_img) by extensions ['cmake', 'python']
[0.234s] Level 1:colcon.colcon_core.package_identification:_identify(src/mycobot_ros2/demo_img) by extension 'cmake'
[0.234s] Level 1:colcon.colcon_core.package_identification:_identify(src/mycobot_ros2/demo_img) by extension 'python'
[0.234s] Level 1:colcon.colcon_core.package_identification:_identify(src/mycobot_ros2/demo_img) by extensions ['python_setup_py']
[0.234s] Level 1:colcon.colcon_core.package_identification:_identify(src/mycobot_ros2/demo_img) by extension 'python_setup_py'
[0.234s] Level 1:colcon.colcon_core.package_identification:_identify(src/mycobot_ros2/demo_img/260m5) by extensions ['ignore', 'ignore_ament_install']
[0.234s] Level 1:colcon.colcon_core.package_identification:_identify(src/mycobot_ros2/demo_img/260m5) by extension 'ignore'
[0.234s] Level 1:colcon.colcon_core.package_identification:_identify(src/mycobot_ros2/demo_img/260m5) by extension 'ignore_ament_install'
[0.234s] Level 1:colcon.colcon_core.package_identification:_identify(src/mycobot_ros2/demo_img/260m5) by extensions ['colcon_pkg']
[0.234s] Level 1:colcon.colcon_core.package_identification:_identify(src/mycobot_ros2/demo_img/260m5) by extension 'colcon_pkg'
[0.234s] Level 1:colcon.colcon_core.package_identification:_identify(src/mycobot_ros2/demo_img/260m5) by extensions ['colcon_meta']
[0.234s] Level 1:colcon.colcon_core.package_identification:_identify(src/mycobot_ros2/demo_img/260m5) by extension 'colcon_meta'
[0.234s] Level 1:colcon.colcon_core.package_identification:_identify(src/mycobot_ros2/demo_img/260m5) by extensions ['ros']
[0.234s] Level 1:colcon.colcon_core.package_identification:_identify(src/mycobot_ros2/demo_img/260m5) by extension 'ros'
[0.234s] Level 1:colcon.colcon_core.package_identification:_identify(src/mycobot_ros2/demo_img/260m5) by extensions ['cmake', 'python']
[0.234s] Level 1:colcon.colcon_core.package_identification:_identify(src/mycobot_ros2/demo_img/260m5) by extension 'cmake'
[0.234s] Level 1:colcon.colcon_core.package_identification:_identify(src/mycobot_ros2/demo_img/260m5) by extension 'python'
[0.234s] Level 1:colcon.colcon_core.package_identification:_identify(src/mycobot_ros2/demo_img/260m5) by extensions ['python_setup_py']
[0.234s] Level 1:colcon.colcon_core.package_identification:_identify(src/mycobot_ros2/demo_img/260m5) by extension 'python_setup_py'
[0.234s] Level 1:colcon.colcon_core.package_identification:_identify(src/mycobot_ros2/demo_img/260pi) by extensions ['ignore', 'ignore_ament_install']
[0.234s] Level 1:colcon.colcon_core.package_identification:_identify(src/mycobot_ros2/demo_img/260pi) by extension 'ignore'
[0.234s] Level 1:colcon.colcon_core.package_identification:_identify(src/mycobot_ros2/demo_img/260pi) by extension 'ignore_ament_install'
[0.234s] Level 1:colcon.colcon_core.package_identification:_identify(src/mycobot_ros2/demo_img/260pi) by extensions ['colcon_pkg']
[0.234s] Level 1:colcon.colcon_core.package_identification:_identify(src/mycobot_ros2/demo_img/260pi) by extension 'colcon_pkg'
[0.234s] Level 1:colcon.colcon_core.package_identification:_identify(src/mycobot_ros2/demo_img/260pi) by extensions ['colcon_meta']
[0.234s] Level 1:colcon.colcon_core.package_identification:_identify(src/mycobot_ros2/demo_img/260pi) by extension 'colcon_meta'
[0.234s] Level 1:colcon.colcon_core.package_identification:_identify(src/mycobot_ros2/demo_img/260pi) by extensions ['ros']
[0.234s] Level 1:colcon.colcon_core.package_identification:_identify(src/mycobot_ros2/demo_img/260pi) by extension 'ros'
[0.234s] Level 1:colcon.colcon_core.package_identification:_identify(src/mycobot_ros2/demo_img/260pi) by extensions ['cmake', 'python']
[0.234s] Level 1:colcon.colcon_core.package_identification:_identify(src/mycobot_ros2/demo_img/260pi) by extension 'cmake'
[0.235s] Level 1:colcon.colcon_core.package_identification:_identify(src/mycobot_ros2/demo_img/260pi) by extension 'python'
[0.235s] Level 1:colcon.colcon_core.package_identification:_identify(src/mycobot_ros2/demo_img/260pi) by extensions ['python_setup_py']
[0.235s] Level 1:colcon.colcon_core.package_identification:_identify(src/mycobot_ros2/demo_img/260pi) by extension 'python_setup_py'
[0.235s] Level 1:colcon.colcon_core.package_identification:_identify(src/mycobot_ros2/demo_img/270m5) by extensions ['ignore', 'ignore_ament_install']
[0.235s] Level 1:colcon.colcon_core.package_identification:_identify(src/mycobot_ros2/demo_img/270m5) by extension 'ignore'
[0.235s] Level 1:colcon.colcon_core.package_identification:_identify(src/mycobot_ros2/demo_img/270m5) by extension 'ignore_ament_install'
[0.235s] Level 1:colcon.colcon_core.package_identification:_identify(src/mycobot_ros2/demo_img/270m5) by extensions ['colcon_pkg']
[0.235s] Level 1:colcon.colcon_core.package_identification:_identify(src/mycobot_ros2/demo_img/270m5) by extension 'colcon_pkg'
[0.235s] Level 1:colcon.colcon_core.package_identification:_identify(src/mycobot_ros2/demo_img/270m5) by extensions ['colcon_meta']
[0.235s] Level 1:colcon.colcon_core.package_identification:_identify(src/mycobot_ros2/demo_img/270m5) by extension 'colcon_meta'
[0.235s] Level 1:colcon.colcon_core.package_identification:_identify(src/mycobot_ros2/demo_img/270m5) by extensions ['ros']
[0.235s] Level 1:colcon.colcon_core.package_identification:_identify(src/mycobot_ros2/demo_img/270m5) by extension 'ros'
[0.235s] Level 1:colcon.colcon_core.package_identification:_identify(src/mycobot_ros2/demo_img/270m5) by extensions ['cmake', 'python']
[0.235s] Level 1:colcon.colcon_core.package_identification:_identify(src/mycobot_ros2/demo_img/270m5) by extension 'cmake'
[0.235s] Level 1:colcon.colcon_core.package_identification:_identify(src/mycobot_ros2/demo_img/270m5) by extension 'python'
[0.235s] Level 1:colcon.colcon_core.package_identification:_identify(src/mycobot_ros2/demo_img/270m5) by extensions ['python_setup_py']
[0.235s] Level 1:colcon.colcon_core.package_identification:_identify(src/mycobot_ros2/demo_img/270m5) by extension 'python_setup_py'
[0.235s] Level 1:colcon.colcon_core.package_identification:_identify(src/mycobot_ros2/demo_img/270pi) by extensions ['ignore', 'ignore_ament_install']
[0.235s] Level 1:colcon.colcon_core.package_identification:_identify(src/mycobot_ros2/demo_img/270pi) by extension 'ignore'
[0.235s] Level 1:colcon.colcon_core.package_identification:_identify(src/mycobot_ros2/demo_img/270pi) by extension 'ignore_ament_install'
[0.235s] Level 1:colcon.colcon_core.package_identification:_identify(src/mycobot_ros2/demo_img/270pi) by extensions ['colcon_pkg']
[0.235s] Level 1:colcon.colcon_core.package_identification:_identify(src/mycobot_ros2/demo_img/270pi) by extension 'colcon_pkg'
[0.235s] Level 1:colcon.colcon_core.package_identification:_identify(src/mycobot_ros2/demo_img/270pi) by extensions ['colcon_meta']
[0.235s] Level 1:colcon.colcon_core.package_identification:_identify(src/mycobot_ros2/demo_img/270pi) by extension 'colcon_meta'
[0.235s] Level 1:colcon.colcon_core.package_identification:_identify(src/mycobot_ros2/demo_img/270pi) by extensions ['ros']
[0.235s] Level 1:colcon.colcon_core.package_identification:_identify(src/mycobot_ros2/demo_img/270pi) by extension 'ros'
[0.235s] Level 1:colcon.colcon_core.package_identification:_identify(src/mycobot_ros2/demo_img/270pi) by extensions ['cmake', 'python']
[0.235s] Level 1:colcon.colcon_core.package_identification:_identify(src/mycobot_ros2/demo_img/270pi) by extension 'cmake'
[0.235s] Level 1:colcon.colcon_core.package_identification:_identify(src/mycobot_ros2/demo_img/270pi) by extension 'python'
[0.235s] Level 1:colcon.colcon_core.package_identification:_identify(src/mycobot_ros2/demo_img/270pi) by extensions ['python_setup_py']
[0.235s] Level 1:colcon.colcon_core.package_identification:_identify(src/mycobot_ros2/demo_img/270pi) by extension 'python_setup_py'
[0.235s] Level 1:colcon.colcon_core.package_identification:_identify(src/mycobot_ros2/demo_img/280ar) by extensions ['ignore', 'ignore_ament_install']
[0.235s] Level 1:colcon.colcon_core.package_identification:_identify(src/mycobot_ros2/demo_img/280ar) by extension 'ignore'
[0.235s] Level 1:colcon.colcon_core.package_identification:_identify(src/mycobot_ros2/demo_img/280ar) by extension 'ignore_ament_install'
[0.235s] Level 1:colcon.colcon_core.package_identification:_identify(src/mycobot_ros2/demo_img/280ar) by extensions ['colcon_pkg']
[0.235s] Level 1:colcon.colcon_core.package_identification:_identify(src/mycobot_ros2/demo_img/280ar) by extension 'colcon_pkg'
[0.235s] Level 1:colcon.colcon_core.package_identification:_identify(src/mycobot_ros2/demo_img/280ar) by extensions ['colcon_meta']
[0.235s] Level 1:colcon.colcon_core.package_identification:_identify(src/mycobot_ros2/demo_img/280ar) by extension 'colcon_meta'
[0.235s] Level 1:colcon.colcon_core.package_identification:_identify(src/mycobot_ros2/demo_img/280ar) by extensions ['ros']
[0.235s] Level 1:colcon.colcon_core.package_identification:_identify(src/mycobot_ros2/demo_img/280ar) by extension 'ros'
[0.235s] Level 1:colcon.colcon_core.package_identification:_identify(src/mycobot_ros2/demo_img/280ar) by extensions ['cmake', 'python']
[0.235s] Level 1:colcon.colcon_core.package_identification:_identify(src/mycobot_ros2/demo_img/280ar) by extension 'cmake'
[0.235s] Level 1:colcon.colcon_core.package_identification:_identify(src/mycobot_ros2/demo_img/280ar) by extension 'python'
[0.235s] Level 1:colcon.colcon_core.package_identification:_identify(src/mycobot_ros2/demo_img/280ar) by extensions ['python_setup_py']
[0.235s] Level 1:colcon.colcon_core.package_identification:_identify(src/mycobot_ros2/demo_img/280ar) by extension 'python_setup_py'
[0.236s] Level 1:colcon.colcon_core.package_identification:_identify(src/mycobot_ros2/demo_img/280jn) by extensions ['ignore', 'ignore_ament_install']
[0.236s] Level 1:colcon.colcon_core.package_identification:_identify(src/mycobot_ros2/demo_img/280jn) by extension 'ignore'
[0.236s] Level 1:colcon.colcon_core.package_identification:_identify(src/mycobot_ros2/demo_img/280jn) by extension 'ignore_ament_install'
[0.236s] Level 1:colcon.colcon_core.package_identification:_identify(src/mycobot_ros2/demo_img/280jn) by extensions ['colcon_pkg']
[0.236s] Level 1:colcon.colcon_core.package_identification:_identify(src/mycobot_ros2/demo_img/280jn) by extension 'colcon_pkg'
[0.236s] Level 1:colcon.colcon_core.package_identification:_identify(src/mycobot_ros2/demo_img/280jn) by extensions ['colcon_meta']
[0.236s] Level 1:colcon.colcon_core.package_identification:_identify(src/mycobot_ros2/demo_img/280jn) by extension 'colcon_meta'
[0.236s] Level 1:colcon.colcon_core.package_identification:_identify(src/mycobot_ros2/demo_img/280jn) by extensions ['ros']
[0.236s] Level 1:colcon.colcon_core.package_identification:_identify(src/mycobot_ros2/demo_img/280jn) by extension 'ros'
[0.236s] Level 1:colcon.colcon_core.package_identification:_identify(src/mycobot_ros2/demo_img/280jn) by extensions ['cmake', 'python']
[0.236s] Level 1:colcon.colcon_core.package_identification:_identify(src/mycobot_ros2/demo_img/280jn) by extension 'cmake'
[0.236s] Level 1:colcon.colcon_core.package_identification:_identify(src/mycobot_ros2/demo_img/280jn) by extension 'python'
[0.236s] Level 1:colcon.colcon_core.package_identification:_identify(src/mycobot_ros2/demo_img/280jn) by extensions ['python_setup_py']
[0.236s] Level 1:colcon.colcon_core.package_identification:_identify(src/mycobot_ros2/demo_img/280jn) by extension 'python_setup_py'
[0.236s] Level 1:colcon.colcon_core.package_identification:_identify(src/mycobot_ros2/demo_img/280m5) by extensions ['ignore', 'ignore_ament_install']
[0.236s] Level 1:colcon.colcon_core.package_identification:_identify(src/mycobot_ros2/demo_img/280m5) by extension 'ignore'
[0.236s] Level 1:colcon.colcon_core.package_identification:_identify(src/mycobot_ros2/demo_img/280m5) by extension 'ignore_ament_install'
[0.236s] Level 1:colcon.colcon_core.package_identification:_identify(src/mycobot_ros2/demo_img/280m5) by extensions ['colcon_pkg']
[0.236s] Level 1:colcon.colcon_core.package_identification:_identify(src/mycobot_ros2/demo_img/280m5) by extension 'colcon_pkg'
[0.236s] Level 1:colcon.colcon_core.package_identification:_identify(src/mycobot_ros2/demo_img/280m5) by extensions ['colcon_meta']
[0.236s] Level 1:colcon.colcon_core.package_identification:_identify(src/mycobot_ros2/demo_img/280m5) by extension 'colcon_meta'
[0.236s] Level 1:colcon.colcon_core.package_identification:_identify(src/mycobot_ros2/demo_img/280m5) by extensions ['ros']
[0.236s] Level 1:colcon.colcon_core.package_identification:_identify(src/mycobot_ros2/demo_img/280m5) by extension 'ros'
[0.236s] Level 1:colcon.colcon_core.package_identification:_identify(src/mycobot_ros2/demo_img/280m5) by extensions ['cmake', 'python']
[0.236s] Level 1:colcon.colcon_core.package_identification:_identify(src/mycobot_ros2/demo_img/280m5) by extension 'cmake'
[0.236s] Level 1:colcon.colcon_core.package_identification:_identify(src/mycobot_ros2/demo_img/280m5) by extension 'python'
[0.236s] Level 1:colcon.colcon_core.package_identification:_identify(src/mycobot_ros2/demo_img/280m5) by extensions ['python_setup_py']
[0.236s] Level 1:colcon.colcon_core.package_identification:_identify(src/mycobot_ros2/demo_img/280m5) by extension 'python_setup_py'
[0.236s] Level 1:colcon.colcon_core.package_identification:_identify(src/mycobot_ros2/demo_img/280pi) by extensions ['ignore', 'ignore_ament_install']
[0.236s] Level 1:colcon.colcon_core.package_identification:_identify(src/mycobot_ros2/demo_img/280pi) by extension 'ignore'
[0.236s] Level 1:colcon.colcon_core.package_identification:_identify(src/mycobot_ros2/demo_img/280pi) by extension 'ignore_ament_install'
[0.236s] Level 1:colcon.colcon_core.package_identification:_identify(src/mycobot_ros2/demo_img/280pi) by extensions ['colcon_pkg']
[0.236s] Level 1:colcon.colcon_core.package_identification:_identify(src/mycobot_ros2/demo_img/280pi) by extension 'colcon_pkg'
[0.236s] Level 1:colcon.colcon_core.package_identification:_identify(src/mycobot_ros2/demo_img/280pi) by extensions ['colcon_meta']
[0.236s] Level 1:colcon.colcon_core.package_identification:_identify(src/mycobot_ros2/demo_img/280pi) by extension 'colcon_meta'
[0.236s] Level 1:colcon.colcon_core.package_identification:_identify(src/mycobot_ros2/demo_img/280pi) by extensions ['ros']
[0.236s] Level 1:colcon.colcon_core.package_identification:_identify(src/mycobot_ros2/demo_img/280pi) by extension 'ros'
[0.236s] Level 1:colcon.colcon_core.package_identification:_identify(src/mycobot_ros2/demo_img/280pi) by extensions ['cmake', 'python']
[0.236s] Level 1:colcon.colcon_core.package_identification:_identify(src/mycobot_ros2/demo_img/280pi) by extension 'cmake'
[0.236s] Level 1:colcon.colcon_core.package_identification:_identify(src/mycobot_ros2/demo_img/280pi) by extension 'python'
[0.236s] Level 1:colcon.colcon_core.package_identification:_identify(src/mycobot_ros2/demo_img/280pi) by extensions ['python_setup_py']
[0.236s] Level 1:colcon.colcon_core.package_identification:_identify(src/mycobot_ros2/demo_img/280pi) by extension 'python_setup_py'
[0.236s] Level 1:colcon.colcon_core.package_identification:_identify(src/mycobot_ros2/demo_img/320m5_2022) by extensions ['ignore', 'ignore_ament_install']
[0.236s] Level 1:colcon.colcon_core.package_identification:_identify(src/mycobot_ros2/demo_img/320m5_2022) by extension 'ignore'
[0.236s] Level 1:colcon.colcon_core.package_identification:_identify(src/mycobot_ros2/demo_img/320m5_2022) by extension 'ignore_ament_install'
[0.236s] Level 1:colcon.colcon_core.package_identification:_identify(src/mycobot_ros2/demo_img/320m5_2022) by extensions ['colcon_pkg']
[0.236s] Level 1:colcon.colcon_core.package_identification:_identify(src/mycobot_ros2/demo_img/320m5_2022) by extension 'colcon_pkg'
[0.236s] Level 1:colcon.colcon_core.package_identification:_identify(src/mycobot_ros2/demo_img/320m5_2022) by extensions ['colcon_meta']
[0.236s] Level 1:colcon.colcon_core.package_identification:_identify(src/mycobot_ros2/demo_img/320m5_2022) by extension 'colcon_meta'
[0.237s] Level 1:colcon.colcon_core.package_identification:_identify(src/mycobot_ros2/demo_img/320m5_2022) by extensions ['ros']
[0.237s] Level 1:colcon.colcon_core.package_identification:_identify(src/mycobot_ros2/demo_img/320m5_2022) by extension 'ros'
[0.237s] Level 1:colcon.colcon_core.package_identification:_identify(src/mycobot_ros2/demo_img/320m5_2022) by extensions ['cmake', 'python']
[0.237s] Level 1:colcon.colcon_core.package_identification:_identify(src/mycobot_ros2/demo_img/320m5_2022) by extension 'cmake'
[0.237s] Level 1:colcon.colcon_core.package_identification:_identify(src/mycobot_ros2/demo_img/320m5_2022) by extension 'python'
[0.237s] Level 1:colcon.colcon_core.package_identification:_identify(src/mycobot_ros2/demo_img/320m5_2022) by extensions ['python_setup_py']
[0.237s] Level 1:colcon.colcon_core.package_identification:_identify(src/mycobot_ros2/demo_img/320m5_2022) by extension 'python_setup_py'
[0.237s] Level 1:colcon.colcon_core.package_identification:_identify(src/mycobot_ros2/demo_img/320pi_2022) by extensions ['ignore', 'ignore_ament_install']
[0.237s] Level 1:colcon.colcon_core.package_identification:_identify(src/mycobot_ros2/demo_img/320pi_2022) by extension 'ignore'
[0.237s] Level 1:colcon.colcon_core.package_identification:_identify(src/mycobot_ros2/demo_img/320pi_2022) by extension 'ignore_ament_install'
[0.237s] Level 1:colcon.colcon_core.package_identification:_identify(src/mycobot_ros2/demo_img/320pi_2022) by extensions ['colcon_pkg']
[0.237s] Level 1:colcon.colcon_core.package_identification:_identify(src/mycobot_ros2/demo_img/320pi_2022) by extension 'colcon_pkg'
[0.237s] Level 1:colcon.colcon_core.package_identification:_identify(src/mycobot_ros2/demo_img/320pi_2022) by extensions ['colcon_meta']
[0.237s] Level 1:colcon.colcon_core.package_identification:_identify(src/mycobot_ros2/demo_img/320pi_2022) by extension 'colcon_meta'
[0.237s] Level 1:colcon.colcon_core.package_identification:_identify(src/mycobot_ros2/demo_img/320pi_2022) by extensions ['ros']
[0.237s] Level 1:colcon.colcon_core.package_identification:_identify(src/mycobot_ros2/demo_img/320pi_2022) by extension 'ros'
[0.237s] Level 1:colcon.colcon_core.package_identification:_identify(src/mycobot_ros2/demo_img/320pi_2022) by extensions ['cmake', 'python']
[0.237s] Level 1:colcon.colcon_core.package_identification:_identify(src/mycobot_ros2/demo_img/320pi_2022) by extension 'cmake'
[0.237s] Level 1:colcon.colcon_core.package_identification:_identify(src/mycobot_ros2/demo_img/320pi_2022) by extension 'python'
[0.237s] Level 1:colcon.colcon_core.package_identification:_identify(src/mycobot_ros2/demo_img/320pi_2022) by extensions ['python_setup_py']
[0.237s] Level 1:colcon.colcon_core.package_identification:_identify(src/mycobot_ros2/demo_img/320pi_2022) by extension 'python_setup_py'
[0.237s] Level 1:colcon.colcon_core.package_identification:_identify(src/mycobot_ros2/demo_img/myarm300) by extensions ['ignore', 'ignore_ament_install']
[0.237s] Level 1:colcon.colcon_core.package_identification:_identify(src/mycobot_ros2/demo_img/myarm300) by extension 'ignore'
[0.237s] Level 1:colcon.colcon_core.package_identification:_identify(src/mycobot_ros2/demo_img/myarm300) by extension 'ignore_ament_install'
[0.237s] Level 1:colcon.colcon_core.package_identification:_identify(src/mycobot_ros2/demo_img/myarm300) by extensions ['colcon_pkg']
[0.237s] Level 1:colcon.colcon_core.package_identification:_identify(src/mycobot_ros2/demo_img/myarm300) by extension 'colcon_pkg'
[0.237s] Level 1:colcon.colcon_core.package_identification:_identify(src/mycobot_ros2/demo_img/myarm300) by extensions ['colcon_meta']
[0.237s] Level 1:colcon.colcon_core.package_identification:_identify(src/mycobot_ros2/demo_img/myarm300) by extension 'colcon_meta'
[0.237s] Level 1:colcon.colcon_core.package_identification:_identify(src/mycobot_ros2/demo_img/myarm300) by extensions ['ros']
[0.237s] Level 1:colcon.colcon_core.package_identification:_identify(src/mycobot_ros2/demo_img/myarm300) by extension 'ros'
[0.237s] Level 1:colcon.colcon_core.package_identification:_identify(src/mycobot_ros2/demo_img/myarm300) by extensions ['cmake', 'python']
[0.237s] Level 1:colcon.colcon_core.package_identification:_identify(src/mycobot_ros2/demo_img/myarm300) by extension 'cmake'
[0.237s] Level 1:colcon.colcon_core.package_identification:_identify(src/mycobot_ros2/demo_img/myarm300) by extension 'python'
[0.237s] Level 1:colcon.colcon_core.package_identification:_identify(src/mycobot_ros2/demo_img/myarm300) by extensions ['python_setup_py']
[0.237s] Level 1:colcon.colcon_core.package_identification:_identify(src/mycobot_ros2/demo_img/myarm300) by extension 'python_setup_py'
[0.237s] Level 1:colcon.colcon_core.package_identification:_identify(src/mycobot_ros2/demo_img/mybuddy) by extensions ['ignore', 'ignore_ament_install']
[0.237s] Level 1:colcon.colcon_core.package_identification:_identify(src/mycobot_ros2/demo_img/mybuddy) by extension 'ignore'
[0.237s] Level 1:colcon.colcon_core.package_identification:_identify(src/mycobot_ros2/demo_img/mybuddy) by extension 'ignore_ament_install'
[0.237s] Level 1:colcon.colcon_core.package_identification:_identify(src/mycobot_ros2/demo_img/mybuddy) by extensions ['colcon_pkg']
[0.237s] Level 1:colcon.colcon_core.package_identification:_identify(src/mycobot_ros2/demo_img/mybuddy) by extension 'colcon_pkg'
[0.237s] Level 1:colcon.colcon_core.package_identification:_identify(src/mycobot_ros2/demo_img/mybuddy) by extensions ['colcon_meta']
[0.237s] Level 1:colcon.colcon_core.package_identification:_identify(src/mycobot_ros2/demo_img/mybuddy) by extension 'colcon_meta'
[0.237s] Level 1:colcon.colcon_core.package_identification:_identify(src/mycobot_ros2/demo_img/mybuddy) by extensions ['ros']
[0.237s] Level 1:colcon.colcon_core.package_identification:_identify(src/mycobot_ros2/demo_img/mybuddy) by extension 'ros'
[0.237s] Level 1:colcon.colcon_core.package_identification:_identify(src/mycobot_ros2/demo_img/mybuddy) by extensions ['cmake', 'python']
[0.237s] Level 1:colcon.colcon_core.package_identification:_identify(src/mycobot_ros2/demo_img/mybuddy) by extension 'cmake'
[0.237s] Level 1:colcon.colcon_core.package_identification:_identify(src/mycobot_ros2/demo_img/mybuddy) by extension 'python'
[0.237s] Level 1:colcon.colcon_core.package_identification:_identify(src/mycobot_ros2/demo_img/mybuddy) by extensions ['python_setup_py']
[0.237s] Level 1:colcon.colcon_core.package_identification:_identify(src/mycobot_ros2/demo_img/mybuddy) by extension 'python_setup_py'
[0.237s] Level 1:colcon.colcon_core.package_identification:_identify(src/mycobot_ros2/demo_img/pro600) by extensions ['ignore', 'ignore_ament_install']
[0.238s] Level 1:colcon.colcon_core.package_identification:_identify(src/mycobot_ros2/demo_img/pro600) by extension 'ignore'
[0.238s] Level 1:colcon.colcon_core.package_identification:_identify(src/mycobot_ros2/demo_img/pro600) by extension 'ignore_ament_install'
[0.238s] Level 1:colcon.colcon_core.package_identification:_identify(src/mycobot_ros2/demo_img/pro600) by extensions ['colcon_pkg']
[0.238s] Level 1:colcon.colcon_core.package_identification:_identify(src/mycobot_ros2/demo_img/pro600) by extension 'colcon_pkg'
[0.238s] Level 1:colcon.colcon_core.package_identification:_identify(src/mycobot_ros2/demo_img/pro600) by extensions ['colcon_meta']
[0.238s] Level 1:colcon.colcon_core.package_identification:_identify(src/mycobot_ros2/demo_img/pro600) by extension 'colcon_meta'
[0.238s] Level 1:colcon.colcon_core.package_identification:_identify(src/mycobot_ros2/demo_img/pro600) by extensions ['ros']
[0.238s] Level 1:colcon.colcon_core.package_identification:_identify(src/mycobot_ros2/demo_img/pro600) by extension 'ros'
[0.238s] Level 1:colcon.colcon_core.package_identification:_identify(src/mycobot_ros2/demo_img/pro600) by extensions ['cmake', 'python']
[0.238s] Level 1:colcon.colcon_core.package_identification:_identify(src/mycobot_ros2/demo_img/pro600) by extension 'cmake'
[0.238s] Level 1:colcon.colcon_core.package_identification:_identify(src/mycobot_ros2/demo_img/pro600) by extension 'python'
[0.238s] Level 1:colcon.colcon_core.package_identification:_identify(src/mycobot_ros2/demo_img/pro600) by extensions ['python_setup_py']
[0.238s] Level 1:colcon.colcon_core.package_identification:_identify(src/mycobot_ros2/demo_img/pro600) by extension 'python_setup_py'
[0.238s] Level 1:colcon.colcon_core.package_identification:_identify(src/mycobot_ros2/demo_img/pro630) by extensions ['ignore', 'ignore_ament_install']
[0.238s] Level 1:colcon.colcon_core.package_identification:_identify(src/mycobot_ros2/demo_img/pro630) by extension 'ignore'
[0.238s] Level 1:colcon.colcon_core.package_identification:_identify(src/mycobot_ros2/demo_img/pro630) by extension 'ignore_ament_install'
[0.238s] Level 1:colcon.colcon_core.package_identification:_identify(src/mycobot_ros2/demo_img/pro630) by extensions ['colcon_pkg']
[0.238s] Level 1:colcon.colcon_core.package_identification:_identify(src/mycobot_ros2/demo_img/pro630) by extension 'colcon_pkg'
[0.238s] Level 1:colcon.colcon_core.package_identification:_identify(src/mycobot_ros2/demo_img/pro630) by extensions ['colcon_meta']
[0.238s] Level 1:colcon.colcon_core.package_identification:_identify(src/mycobot_ros2/demo_img/pro630) by extension 'colcon_meta'
[0.238s] Level 1:colcon.colcon_core.package_identification:_identify(src/mycobot_ros2/demo_img/pro630) by extensions ['ros']
[0.238s] Level 1:colcon.colcon_core.package_identification:_identify(src/mycobot_ros2/demo_img/pro630) by extension 'ros'
[0.238s] Level 1:colcon.colcon_core.package_identification:_identify(src/mycobot_ros2/demo_img/pro630) by extensions ['cmake', 'python']
[0.238s] Level 1:colcon.colcon_core.package_identification:_identify(src/mycobot_ros2/demo_img/pro630) by extension 'cmake'
[0.238s] Level 1:colcon.colcon_core.package_identification:_identify(src/mycobot_ros2/demo_img/pro630) by extension 'python'
[0.238s] Level 1:colcon.colcon_core.package_identification:_identify(src/mycobot_ros2/demo_img/pro630) by extensions ['python_setup_py']
[0.238s] Level 1:colcon.colcon_core.package_identification:_identify(src/mycobot_ros2/demo_img/pro630) by extension 'python_setup_py'
[0.238s] Level 1:colcon.colcon_core.package_identification:_identify(src/mycobot_ros2/demo_img/ultraArm_p340) by extensions ['ignore', 'ignore_ament_install']
[0.238s] Level 1:colcon.colcon_core.package_identification:_identify(src/mycobot_ros2/demo_img/ultraArm_p340) by extension 'ignore'
[0.238s] Level 1:colcon.colcon_core.package_identification:_identify(src/mycobot_ros2/demo_img/ultraArm_p340) by extension 'ignore_ament_install'
[0.238s] Level 1:colcon.colcon_core.package_identification:_identify(src/mycobot_ros2/demo_img/ultraArm_p340) by extensions ['colcon_pkg']
[0.238s] Level 1:colcon.colcon_core.package_identification:_identify(src/mycobot_ros2/demo_img/ultraArm_p340) by extension 'colcon_pkg'
[0.238s] Level 1:colcon.colcon_core.package_identification:_identify(src/mycobot_ros2/demo_img/ultraArm_p340) by extensions ['colcon_meta']
[0.238s] Level 1:colcon.colcon_core.package_identification:_identify(src/mycobot_ros2/demo_img/ultraArm_p340) by extension 'colcon_meta'
[0.238s] Level 1:colcon.colcon_core.package_identification:_identify(src/mycobot_ros2/demo_img/ultraArm_p340) by extensions ['ros']
[0.238s] Level 1:colcon.colcon_core.package_identification:_identify(src/mycobot_ros2/demo_img/ultraArm_p340) by extension 'ros'
[0.238s] Level 1:colcon.colcon_core.package_identification:_identify(src/mycobot_ros2/demo_img/ultraArm_p340) by extensions ['cmake', 'python']
[0.238s] Level 1:colcon.colcon_core.package_identification:_identify(src/mycobot_ros2/demo_img/ultraArm_p340) by extension 'cmake'
[0.238s] Level 1:colcon.colcon_core.package_identification:_identify(src/mycobot_ros2/demo_img/ultraArm_p340) by extension 'python'
[0.238s] Level 1:colcon.colcon_core.package_identification:_identify(src/mycobot_ros2/demo_img/ultraArm_p340) by extensions ['python_setup_py']
[0.238s] Level 1:colcon.colcon_core.package_identification:_identify(src/mycobot_ros2/demo_img/ultraArm_p340) by extension 'python_setup_py'
[0.238s] Level 1:colcon.colcon_core.package_identification:_identify(src/mycobot_ros2/mecharm) by extensions ['ignore', 'ignore_ament_install']
[0.238s] Level 1:colcon.colcon_core.package_identification:_identify(src/mycobot_ros2/mecharm) by extension 'ignore'
[0.238s] Level 1:colcon.colcon_core.package_identification:_identify(src/mycobot_ros2/mecharm) by extension 'ignore_ament_install'
[0.238s] Level 1:colcon.colcon_core.package_identification:_identify(src/mycobot_ros2/mecharm) by extensions ['colcon_pkg']
[0.238s] Level 1:colcon.colcon_core.package_identification:_identify(src/mycobot_ros2/mecharm) by extension 'colcon_pkg'
[0.238s] Level 1:colcon.colcon_core.package_identification:_identify(src/mycobot_ros2/mecharm) by extensions ['colcon_meta']
[0.238s] Level 1:colcon.colcon_core.package_identification:_identify(src/mycobot_ros2/mecharm) by extension 'colcon_meta'
[0.238s] Level 1:colcon.colcon_core.package_identification:_identify(src/mycobot_ros2/mecharm) by extensions ['ros']
[0.238s] Level 1:colcon.colcon_core.package_identification:_identify(src/mycobot_ros2/mecharm) by extension 'ros'
[0.238s] Level 1:colcon.colcon_core.package_identification:_identify(src/mycobot_ros2/mecharm) by extensions ['cmake', 'python']
[0.238s] Level 1:colcon.colcon_core.package_identification:_identify(src/mycobot_ros2/mecharm) by extension 'cmake'
[0.238s] Level 1:colcon.colcon_core.package_identification:_identify(src/mycobot_ros2/mecharm) by extension 'python'
[0.238s] Level 1:colcon.colcon_core.package_identification:_identify(src/mycobot_ros2/mecharm) by extensions ['python_setup_py']
[0.238s] Level 1:colcon.colcon_core.package_identification:_identify(src/mycobot_ros2/mecharm) by extension 'python_setup_py'
[0.239s] Level 1:colcon.colcon_core.package_identification:_identify(src/mycobot_ros2/mecharm/mecharm) by extensions ['ignore', 'ignore_ament_install']
[0.239s] Level 1:colcon.colcon_core.package_identification:_identify(src/mycobot_ros2/mecharm/mecharm) by extension 'ignore'
[0.239s] Level 1:colcon.colcon_core.package_identification:_identify(src/mycobot_ros2/mecharm/mecharm) by extension 'ignore_ament_install'
[0.239s] Level 1:colcon.colcon_core.package_identification:_identify(src/mycobot_ros2/mecharm/mecharm) by extensions ['colcon_pkg']
[0.239s] Level 1:colcon.colcon_core.package_identification:_identify(src/mycobot_ros2/mecharm/mecharm) by extension 'colcon_pkg'
[0.239s] Level 1:colcon.colcon_core.package_identification:_identify(src/mycobot_ros2/mecharm/mecharm) by extensions ['colcon_meta']
[0.239s] Level 1:colcon.colcon_core.package_identification:_identify(src/mycobot_ros2/mecharm/mecharm) by extension 'colcon_meta'
[0.239s] Level 1:colcon.colcon_core.package_identification:_identify(src/mycobot_ros2/mecharm/mecharm) by extensions ['ros']
[0.239s] Level 1:colcon.colcon_core.package_identification:_identify(src/mycobot_ros2/mecharm/mecharm) by extension 'ros'
[0.239s] DEBUG:colcon.colcon_core.package_identification:Package 'src/mycobot_ros2/mecharm/mecharm' with type 'ros.ament_python' and name 'mecharm'
[0.239s] Level 1:colcon.colcon_core.package_identification:_identify(src/mycobot_ros2/mecharm/mecharm_communication) by extensions ['ignore', 'ignore_ament_install']
[0.239s] Level 1:colcon.colcon_core.package_identification:_identify(src/mycobot_ros2/mecharm/mecharm_communication) by extension 'ignore'
[0.239s] Level 1:colcon.colcon_core.package_identification:_identify(src/mycobot_ros2/mecharm/mecharm_communication) by extension 'ignore_ament_install'
[0.239s] Level 1:colcon.colcon_core.package_identification:_identify(src/mycobot_ros2/mecharm/mecharm_communication) by extensions ['colcon_pkg']
[0.239s] Level 1:colcon.colcon_core.package_identification:_identify(src/mycobot_ros2/mecharm/mecharm_communication) by extension 'colcon_pkg'
[0.239s] Level 1:colcon.colcon_core.package_identification:_identify(src/mycobot_ros2/mecharm/mecharm_communication) by extensions ['colcon_meta']
[0.239s] Level 1:colcon.colcon_core.package_identification:_identify(src/mycobot_ros2/mecharm/mecharm_communication) by extension 'colcon_meta'
[0.239s] Level 1:colcon.colcon_core.package_identification:_identify(src/mycobot_ros2/mecharm/mecharm_communication) by extensions ['ros']
[0.239s] Level 1:colcon.colcon_core.package_identification:_identify(src/mycobot_ros2/mecharm/mecharm_communication) by extension 'ros'
[0.240s] DEBUG:colcon.colcon_core.package_identification:Package 'src/mycobot_ros2/mecharm/mecharm_communication' with type 'ros.ament_python' and name 'mecharm_communication'
[0.240s] Level 1:colcon.colcon_core.package_identification:_identify(src/mycobot_ros2/mecharm/mecharm_interfaces) by extensions ['ignore', 'ignore_ament_install']
[0.240s] Level 1:colcon.colcon_core.package_identification:_identify(src/mycobot_ros2/mecharm/mecharm_interfaces) by extension 'ignore'
[0.240s] Level 1:colcon.colcon_core.package_identification:_identify(src/mycobot_ros2/mecharm/mecharm_interfaces) by extension 'ignore_ament_install'
[0.240s] Level 1:colcon.colcon_core.package_identification:_identify(src/mycobot_ros2/mecharm/mecharm_interfaces) by extensions ['colcon_pkg']
[0.240s] Level 1:colcon.colcon_core.package_identification:_identify(src/mycobot_ros2/mecharm/mecharm_interfaces) by extension 'colcon_pkg'
[0.240s] Level 1:colcon.colcon_core.package_identification:_identify(src/mycobot_ros2/mecharm/mecharm_interfaces) by extensions ['colcon_meta']
[0.240s] Level 1:colcon.colcon_core.package_identification:_identify(src/mycobot_ros2/mecharm/mecharm_interfaces) by extension 'colcon_meta'
[0.240s] Level 1:colcon.colcon_core.package_identification:_identify(src/mycobot_ros2/mecharm/mecharm_interfaces) by extensions ['ros']
[0.240s] Level 1:colcon.colcon_core.package_identification:_identify(src/mycobot_ros2/mecharm/mecharm_interfaces) by extension 'ros'
[0.240s] DEBUG:colcon.colcon_core.package_identification:Package 'src/mycobot_ros2/mecharm/mecharm_interfaces' with type 'ros.ament_cmake' and name 'mecharm_interfaces'
[0.240s] Level 1:colcon.colcon_core.package_identification:_identify(src/mycobot_ros2/mecharm/mecharm_pi) by extensions ['ignore', 'ignore_ament_install']
[0.240s] Level 1:colcon.colcon_core.package_identification:_identify(src/mycobot_ros2/mecharm/mecharm_pi) by extension 'ignore'
[0.240s] Level 1:colcon.colcon_core.package_identification:_identify(src/mycobot_ros2/mecharm/mecharm_pi) by extension 'ignore_ament_install'
[0.240s] Level 1:colcon.colcon_core.package_identification:_identify(src/mycobot_ros2/mecharm/mecharm_pi) by extensions ['colcon_pkg']
[0.240s] Level 1:colcon.colcon_core.package_identification:_identify(src/mycobot_ros2/mecharm/mecharm_pi) by extension 'colcon_pkg'
[0.240s] Level 1:colcon.colcon_core.package_identification:_identify(src/mycobot_ros2/mecharm/mecharm_pi) by extensions ['colcon_meta']
[0.240s] Level 1:colcon.colcon_core.package_identification:_identify(src/mycobot_ros2/mecharm/mecharm_pi) by extension 'colcon_meta'
[0.240s] Level 1:colcon.colcon_core.package_identification:_identify(src/mycobot_ros2/mecharm/mecharm_pi) by extensions ['ros']
[0.240s] Level 1:colcon.colcon_core.package_identification:_identify(src/mycobot_ros2/mecharm/mecharm_pi) by extension 'ros'
[0.241s] DEBUG:colcon.colcon_core.package_identification:Package 'src/mycobot_ros2/mecharm/mecharm_pi' with type 'ros.ament_python' and name 'mecharm_pi'
[0.241s] Level 1:colcon.colcon_core.package_identification:_identify(src/mycobot_ros2/myArm) by extensions ['ignore', 'ignore_ament_install']
[0.241s] Level 1:colcon.colcon_core.package_identification:_identify(src/mycobot_ros2/myArm) by extension 'ignore'
[0.241s] Level 1:colcon.colcon_core.package_identification:_identify(src/mycobot_ros2/myArm) by extension 'ignore_ament_install'
[0.241s] Level 1:colcon.colcon_core.package_identification:_identify(src/mycobot_ros2/myArm) by extensions ['colcon_pkg']
[0.241s] Level 1:colcon.colcon_core.package_identification:_identify(src/mycobot_ros2/myArm) by extension 'colcon_pkg'
[0.241s] Level 1:colcon.colcon_core.package_identification:_identify(src/mycobot_ros2/myArm) by extensions ['colcon_meta']
[0.241s] Level 1:colcon.colcon_core.package_identification:_identify(src/mycobot_ros2/myArm) by extension 'colcon_meta'
[0.241s] Level 1:colcon.colcon_core.package_identification:_identify(src/mycobot_ros2/myArm) by extensions ['ros']
[0.241s] Level 1:colcon.colcon_core.package_identification:_identify(src/mycobot_ros2/myArm) by extension 'ros'
[0.241s] Level 1:colcon.colcon_core.package_identification:_identify(src/mycobot_ros2/myArm) by extensions ['cmake', 'python']
[0.241s] Level 1:colcon.colcon_core.package_identification:_identify(src/mycobot_ros2/myArm) by extension 'cmake'
[0.241s] Level 1:colcon.colcon_core.package_identification:_identify(src/mycobot_ros2/myArm) by extension 'python'
[0.241s] Level 1:colcon.colcon_core.package_identification:_identify(src/mycobot_ros2/myArm) by extensions ['python_setup_py']
[0.241s] Level 1:colcon.colcon_core.package_identification:_identify(src/mycobot_ros2/myArm) by extension 'python_setup_py'
[0.241s] Level 1:colcon.colcon_core.package_identification:_identify(src/mycobot_ros2/myArm/myarm_300) by extensions ['ignore', 'ignore_ament_install']
[0.241s] Level 1:colcon.colcon_core.package_identification:_identify(src/mycobot_ros2/myArm/myarm_300) by extension 'ignore'
[0.241s] Level 1:colcon.colcon_core.package_identification:_identify(src/mycobot_ros2/myArm/myarm_300) by extension 'ignore_ament_install'
[0.241s] Level 1:colcon.colcon_core.package_identification:_identify(src/mycobot_ros2/myArm/myarm_300) by extensions ['colcon_pkg']
[0.241s] Level 1:colcon.colcon_core.package_identification:_identify(src/mycobot_ros2/myArm/myarm_300) by extension 'colcon_pkg'
[0.241s] Level 1:colcon.colcon_core.package_identification:_identify(src/mycobot_ros2/myArm/myarm_300) by extensions ['colcon_meta']
[0.241s] Level 1:colcon.colcon_core.package_identification:_identify(src/mycobot_ros2/myArm/myarm_300) by extension 'colcon_meta'
[0.241s] Level 1:colcon.colcon_core.package_identification:_identify(src/mycobot_ros2/myArm/myarm_300) by extensions ['ros']
[0.241s] Level 1:colcon.colcon_core.package_identification:_identify(src/mycobot_ros2/myArm/myarm_300) by extension 'ros'
[0.242s] DEBUG:colcon.colcon_core.package_identification:Package 'src/mycobot_ros2/myArm/myarm_300' with type 'ros.ament_python' and name 'myarm_300'
[0.242s] Level 1:colcon.colcon_core.package_identification:_identify(src/mycobot_ros2/myArm/myarm_c650) by extensions ['ignore', 'ignore_ament_install']
[0.242s] Level 1:colcon.colcon_core.package_identification:_identify(src/mycobot_ros2/myArm/myarm_c650) by extension 'ignore'
[0.242s] Level 1:colcon.colcon_core.package_identification:_identify(src/mycobot_ros2/myArm/myarm_c650) by extension 'ignore_ament_install'
[0.242s] Level 1:colcon.colcon_core.package_identification:_identify(src/mycobot_ros2/myArm/myarm_c650) by extensions ['colcon_pkg']
[0.242s] Level 1:colcon.colcon_core.package_identification:_identify(src/mycobot_ros2/myArm/myarm_c650) by extension 'colcon_pkg'
[0.242s] Level 1:colcon.colcon_core.package_identification:_identify(src/mycobot_ros2/myArm/myarm_c650) by extensions ['colcon_meta']
[0.242s] Level 1:colcon.colcon_core.package_identification:_identify(src/mycobot_ros2/myArm/myarm_c650) by extension 'colcon_meta'
[0.242s] Level 1:colcon.colcon_core.package_identification:_identify(src/mycobot_ros2/myArm/myarm_c650) by extensions ['ros']
[0.242s] Level 1:colcon.colcon_core.package_identification:_identify(src/mycobot_ros2/myArm/myarm_c650) by extension 'ros'
[0.242s] DEBUG:colcon.colcon_core.package_identification:Package 'src/mycobot_ros2/myArm/myarm_c650' with type 'ros.ament_python' and name 'myarm_c650'
[0.242s] Level 1:colcon.colcon_core.package_identification:_identify(src/mycobot_ros2/myArm/myarm_m750) by extensions ['ignore', 'ignore_ament_install']
[0.242s] Level 1:colcon.colcon_core.package_identification:_identify(src/mycobot_ros2/myArm/myarm_m750) by extension 'ignore'
[0.242s] Level 1:colcon.colcon_core.package_identification:_identify(src/mycobot_ros2/myArm/myarm_m750) by extension 'ignore_ament_install'
[0.243s] Level 1:colcon.colcon_core.package_identification:_identify(src/mycobot_ros2/myArm/myarm_m750) by extensions ['colcon_pkg']
[0.243s] Level 1:colcon.colcon_core.package_identification:_identify(src/mycobot_ros2/myArm/myarm_m750) by extension 'colcon_pkg'
[0.243s] Level 1:colcon.colcon_core.package_identification:_identify(src/mycobot_ros2/myArm/myarm_m750) by extensions ['colcon_meta']
[0.243s] Level 1:colcon.colcon_core.package_identification:_identify(src/mycobot_ros2/myArm/myarm_m750) by extension 'colcon_meta'
[0.243s] Level 1:colcon.colcon_core.package_identification:_identify(src/mycobot_ros2/myArm/myarm_m750) by extensions ['ros']
[0.243s] Level 1:colcon.colcon_core.package_identification:_identify(src/mycobot_ros2/myArm/myarm_m750) by extension 'ros'
[0.243s] DEBUG:colcon.colcon_core.package_identification:Package 'src/mycobot_ros2/myArm/myarm_m750' with type 'ros.ament_python' and name 'myarm_m750'
[0.243s] Level 1:colcon.colcon_core.package_identification:_identify(src/mycobot_ros2/mycobot_280) by extensions ['ignore', 'ignore_ament_install']
[0.243s] Level 1:colcon.colcon_core.package_identification:_identify(src/mycobot_ros2/mycobot_280) by extension 'ignore'
[0.243s] Level 1:colcon.colcon_core.package_identification:_identify(src/mycobot_ros2/mycobot_280) by extension 'ignore_ament_install'
[0.243s] Level 1:colcon.colcon_core.package_identification:_identify(src/mycobot_ros2/mycobot_280) by extensions ['colcon_pkg']
[0.243s] Level 1:colcon.colcon_core.package_identification:_identify(src/mycobot_ros2/mycobot_280) by extension 'colcon_pkg'
[0.243s] Level 1:colcon.colcon_core.package_identification:_identify(src/mycobot_ros2/mycobot_280) by extensions ['colcon_meta']
[0.243s] Level 1:colcon.colcon_core.package_identification:_identify(src/mycobot_ros2/mycobot_280) by extension 'colcon_meta'
[0.243s] Level 1:colcon.colcon_core.package_identification:_identify(src/mycobot_ros2/mycobot_280) by extensions ['ros']
[0.243s] Level 1:colcon.colcon_core.package_identification:_identify(src/mycobot_ros2/mycobot_280) by extension 'ros'
[0.243s] Level 1:colcon.colcon_core.package_identification:_identify(src/mycobot_ros2/mycobot_280) by extensions ['cmake', 'python']
[0.243s] Level 1:colcon.colcon_core.package_identification:_identify(src/mycobot_ros2/mycobot_280) by extension 'cmake'
[0.243s] Level 1:colcon.colcon_core.package_identification:_identify(src/mycobot_ros2/mycobot_280) by extension 'python'
[0.243s] Level 1:colcon.colcon_core.package_identification:_identify(src/mycobot_ros2/mycobot_280) by extensions ['python_setup_py']
[0.243s] Level 1:colcon.colcon_core.package_identification:_identify(src/mycobot_ros2/mycobot_280) by extension 'python_setup_py'
[0.243s] Level 1:colcon.colcon_core.package_identification:_identify(src/mycobot_ros2/mycobot_280/mycobot_280) by extensions ['ignore', 'ignore_ament_install']
[0.243s] Level 1:colcon.colcon_core.package_identification:_identify(src/mycobot_ros2/mycobot_280/mycobot_280) by extension 'ignore'
[0.243s] Level 1:colcon.colcon_core.package_identification:_identify(src/mycobot_ros2/mycobot_280/mycobot_280) by extension 'ignore_ament_install'
[0.243s] Level 1:colcon.colcon_core.package_identification:_identify(src/mycobot_ros2/mycobot_280/mycobot_280) by extensions ['colcon_pkg']
[0.243s] Level 1:colcon.colcon_core.package_identification:_identify(src/mycobot_ros2/mycobot_280/mycobot_280) by extension 'colcon_pkg'
[0.243s] Level 1:colcon.colcon_core.package_identification:_identify(src/mycobot_ros2/mycobot_280/mycobot_280) by extensions ['colcon_meta']
[0.243s] Level 1:colcon.colcon_core.package_identification:_identify(src/mycobot_ros2/mycobot_280/mycobot_280) by extension 'colcon_meta'
[0.243s] Level 1:colcon.colcon_core.package_identification:_identify(src/mycobot_ros2/mycobot_280/mycobot_280) by extensions ['ros']
[0.243s] Level 1:colcon.colcon_core.package_identification:_identify(src/mycobot_ros2/mycobot_280/mycobot_280) by extension 'ros'
[0.244s] DEBUG:colcon.colcon_core.package_identification:Package 'src/mycobot_ros2/mycobot_280/mycobot_280' with type 'ros.ament_python' and name 'mycobot_280'
[0.244s] Level 1:colcon.colcon_core.package_identification:_identify(src/mycobot_ros2/mycobot_280/mycobot_280_arduino) by extensions ['ignore', 'ignore_ament_install']
[0.244s] Level 1:colcon.colcon_core.package_identification:_identify(src/mycobot_ros2/mycobot_280/mycobot_280_arduino) by extension 'ignore'
[0.244s] Level 1:colcon.colcon_core.package_identification:_identify(src/mycobot_ros2/mycobot_280/mycobot_280_arduino) by extension 'ignore_ament_install'
[0.244s] Level 1:colcon.colcon_core.package_identification:_identify(src/mycobot_ros2/mycobot_280/mycobot_280_arduino) by extensions ['colcon_pkg']
[0.244s] Level 1:colcon.colcon_core.package_identification:_identify(src/mycobot_ros2/mycobot_280/mycobot_280_arduino) by extension 'colcon_pkg'
[0.244s] Level 1:colcon.colcon_core.package_identification:_identify(src/mycobot_ros2/mycobot_280/mycobot_280_arduino) by extensions ['colcon_meta']
[0.244s] Level 1:colcon.colcon_core.package_identification:_identify(src/mycobot_ros2/mycobot_280/mycobot_280_arduino) by extension 'colcon_meta'
[0.244s] Level 1:colcon.colcon_core.package_identification:_identify(src/mycobot_ros2/mycobot_280/mycobot_280_arduino) by extensions ['ros']
[0.244s] Level 1:colcon.colcon_core.package_identification:_identify(src/mycobot_ros2/mycobot_280/mycobot_280_arduino) by extension 'ros'
[0.244s] DEBUG:colcon.colcon_core.package_identification:Package 'src/mycobot_ros2/mycobot_280/mycobot_280_arduino' with type 'ros.ament_python' and name 'mycobot_280_arduino'
[0.245s] Level 1:colcon.colcon_core.package_identification:_identify(src/mycobot_ros2/mycobot_280/mycobot_280_moveit2) by extensions ['ignore', 'ignore_ament_install']
[0.245s] Level 1:colcon.colcon_core.package_identification:_identify(src/mycobot_ros2/mycobot_280/mycobot_280_moveit2) by extension 'ignore'
[0.245s] Level 1:colcon.colcon_core.package_identification:_identify(src/mycobot_ros2/mycobot_280/mycobot_280_moveit2) by extension 'ignore_ament_install'
[0.245s] Level 1:colcon.colcon_core.package_identification:_identify(src/mycobot_ros2/mycobot_280/mycobot_280_moveit2) by extensions ['colcon_pkg']
[0.245s] Level 1:colcon.colcon_core.package_identification:_identify(src/mycobot_ros2/mycobot_280/mycobot_280_moveit2) by extension 'colcon_pkg'
[0.245s] Level 1:colcon.colcon_core.package_identification:_identify(src/mycobot_ros2/mycobot_280/mycobot_280_moveit2) by extensions ['colcon_meta']
[0.245s] Level 1:colcon.colcon_core.package_identification:_identify(src/mycobot_ros2/mycobot_280/mycobot_280_moveit2) by extension 'colcon_meta'
[0.245s] Level 1:colcon.colcon_core.package_identification:_identify(src/mycobot_ros2/mycobot_280/mycobot_280_moveit2) by extensions ['ros']
[0.245s] Level 1:colcon.colcon_core.package_identification:_identify(src/mycobot_ros2/mycobot_280/mycobot_280_moveit2) by extension 'ros'
[0.245s] DEBUG:colcon.colcon_core.package_identification:Package 'src/mycobot_ros2/mycobot_280/mycobot_280_moveit2' with type 'ros.ament_cmake' and name 'mycobot_280_moveit2'
[0.245s] Level 1:colcon.colcon_core.package_identification:_identify(src/mycobot_ros2/mycobot_280/mycobot_280_moveit2_control) by extensions ['ignore', 'ignore_ament_install']
[0.245s] Level 1:colcon.colcon_core.package_identification:_identify(src/mycobot_ros2/mycobot_280/mycobot_280_moveit2_control) by extension 'ignore'
[0.245s] Level 1:colcon.colcon_core.package_identification:_identify(src/mycobot_ros2/mycobot_280/mycobot_280_moveit2_control) by extension 'ignore_ament_install'
[0.245s] Level 1:colcon.colcon_core.package_identification:_identify(src/mycobot_ros2/mycobot_280/mycobot_280_moveit2_control) by extensions ['colcon_pkg']
[0.245s] Level 1:colcon.colcon_core.package_identification:_identify(src/mycobot_ros2/mycobot_280/mycobot_280_moveit2_control) by extension 'colcon_pkg'
[0.245s] Level 1:colcon.colcon_core.package_identification:_identify(src/mycobot_ros2/mycobot_280/mycobot_280_moveit2_control) by extensions ['colcon_meta']
[0.245s] Level 1:colcon.colcon_core.package_identification:_identify(src/mycobot_ros2/mycobot_280/mycobot_280_moveit2_control) by extension 'colcon_meta'
[0.245s] Level 1:colcon.colcon_core.package_identification:_identify(src/mycobot_ros2/mycobot_280/mycobot_280_moveit2_control) by extensions ['ros']
[0.245s] Level 1:colcon.colcon_core.package_identification:_identify(src/mycobot_ros2/mycobot_280/mycobot_280_moveit2_control) by extension 'ros'
[0.246s] DEBUG:colcon.colcon_core.package_identification:Package 'src/mycobot_ros2/mycobot_280/mycobot_280_moveit2_control' with type 'ros.ament_python' and name 'mycobot_280_moveit2_control'
[0.246s] Level 1:colcon.colcon_core.package_identification:_identify(src/mycobot_ros2/mycobot_280/mycobot_280_rdkx5) by extensions ['ignore', 'ignore_ament_install']
[0.246s] Level 1:colcon.colcon_core.package_identification:_identify(src/mycobot_ros2/mycobot_280/mycobot_280_rdkx5) by extension 'ignore'
[0.246s] Level 1:colcon.colcon_core.package_identification:_identify(src/mycobot_ros2/mycobot_280/mycobot_280_rdkx5) by extension 'ignore_ament_install'
[0.246s] Level 1:colcon.colcon_core.package_identification:_identify(src/mycobot_ros2/mycobot_280/mycobot_280_rdkx5) by extensions ['colcon_pkg']
[0.246s] Level 1:colcon.colcon_core.package_identification:_identify(src/mycobot_ros2/mycobot_280/mycobot_280_rdkx5) by extension 'colcon_pkg'
[0.246s] Level 1:colcon.colcon_core.package_identification:_identify(src/mycobot_ros2/mycobot_280/mycobot_280_rdkx5) by extensions ['colcon_meta']
[0.246s] Level 1:colcon.colcon_core.package_identification:_identify(src/mycobot_ros2/mycobot_280/mycobot_280_rdkx5) by extension 'colcon_meta'
[0.246s] Level 1:colcon.colcon_core.package_identification:_identify(src/mycobot_ros2/mycobot_280/mycobot_280_rdkx5) by extensions ['ros']
[0.246s] Level 1:colcon.colcon_core.package_identification:_identify(src/mycobot_ros2/mycobot_280/mycobot_280_rdkx5) by extension 'ros'
[0.247s] DEBUG:colcon.colcon_core.package_identification:Package 'src/mycobot_ros2/mycobot_280/mycobot_280_rdkx5' with type 'ros.ament_python' and name 'mycobot_280_rdkx5'
[0.247s] Level 1:colcon.colcon_core.package_identification:_identify(src/mycobot_ros2/mycobot_280/mycobot_280_riscv) by extensions ['ignore', 'ignore_ament_install']
[0.247s] Level 1:colcon.colcon_core.package_identification:_identify(src/mycobot_ros2/mycobot_280/mycobot_280_riscv) by extension 'ignore'
[0.247s] Level 1:colcon.colcon_core.package_identification:_identify(src/mycobot_ros2/mycobot_280/mycobot_280_riscv) by extension 'ignore_ament_install'
[0.247s] Level 1:colcon.colcon_core.package_identification:_identify(src/mycobot_ros2/mycobot_280/mycobot_280_riscv) by extensions ['colcon_pkg']
[0.247s] Level 1:colcon.colcon_core.package_identification:_identify(src/mycobot_ros2/mycobot_280/mycobot_280_riscv) by extension 'colcon_pkg'
[0.247s] Level 1:colcon.colcon_core.package_identification:_identify(src/mycobot_ros2/mycobot_280/mycobot_280_riscv) by extensions ['colcon_meta']
[0.247s] Level 1:colcon.colcon_core.package_identification:_identify(src/mycobot_ros2/mycobot_280/mycobot_280_riscv) by extension 'colcon_meta'
[0.247s] Level 1:colcon.colcon_core.package_identification:_identify(src/mycobot_ros2/mycobot_280/mycobot_280_riscv) by extensions ['ros']
[0.247s] Level 1:colcon.colcon_core.package_identification:_identify(src/mycobot_ros2/mycobot_280/mycobot_280_riscv) by extension 'ros'
[0.247s] DEBUG:colcon.colcon_core.package_identification:Package 'src/mycobot_ros2/mycobot_280/mycobot_280_riscv' with type 'ros.ament_python' and name 'mycobot_280_riscv'
[0.247s] Level 1:colcon.colcon_core.package_identification:_identify(src/mycobot_ros2/mycobot_280/mycobot_280_x3pi) by extensions ['ignore', 'ignore_ament_install']
[0.247s] Level 1:colcon.colcon_core.package_identification:_identify(src/mycobot_ros2/mycobot_280/mycobot_280_x3pi) by extension 'ignore'
[0.248s] Level 1:colcon.colcon_core.package_identification:_identify(src/mycobot_ros2/mycobot_280/mycobot_280_x3pi) by extension 'ignore_ament_install'
[0.248s] Level 1:colcon.colcon_core.package_identification:_identify(src/mycobot_ros2/mycobot_280/mycobot_280_x3pi) by extensions ['colcon_pkg']
[0.248s] Level 1:colcon.colcon_core.package_identification:_identify(src/mycobot_ros2/mycobot_280/mycobot_280_x3pi) by extension 'colcon_pkg'
[0.248s] Level 1:colcon.colcon_core.package_identification:_identify(src/mycobot_ros2/mycobot_280/mycobot_280_x3pi) by extensions ['colcon_meta']
[0.248s] Level 1:colcon.colcon_core.package_identification:_identify(src/mycobot_ros2/mycobot_280/mycobot_280_x3pi) by extension 'colcon_meta'
[0.248s] Level 1:colcon.colcon_core.package_identification:_identify(src/mycobot_ros2/mycobot_280/mycobot_280_x3pi) by extensions ['ros']
[0.248s] Level 1:colcon.colcon_core.package_identification:_identify(src/mycobot_ros2/mycobot_280/mycobot_280_x3pi) by extension 'ros'
[0.248s] DEBUG:colcon.colcon_core.package_identification:Package 'src/mycobot_ros2/mycobot_280/mycobot_280_x3pi' with type 'ros.ament_python' and name 'mycobot_280_x3pi'
[0.248s] Level 1:colcon.colcon_core.package_identification:_identify(src/mycobot_ros2/mycobot_280/mycobot_280arduino_moveit2) by extensions ['ignore', 'ignore_ament_install']
[0.248s] Level 1:colcon.colcon_core.package_identification:_identify(src/mycobot_ros2/mycobot_280/mycobot_280arduino_moveit2) by extension 'ignore'
[0.248s] Level 1:colcon.colcon_core.package_identification:_identify(src/mycobot_ros2/mycobot_280/mycobot_280arduino_moveit2) by extension 'ignore_ament_install'
[0.248s] Level 1:colcon.colcon_core.package_identification:_identify(src/mycobot_ros2/mycobot_280/mycobot_280arduino_moveit2) by extensions ['colcon_pkg']
[0.248s] Level 1:colcon.colcon_core.package_identification:_identify(src/mycobot_ros2/mycobot_280/mycobot_280arduino_moveit2) by extension 'colcon_pkg'
[0.248s] Level 1:colcon.colcon_core.package_identification:_identify(src/mycobot_ros2/mycobot_280/mycobot_280arduino_moveit2) by extensions ['colcon_meta']
[0.248s] Level 1:colcon.colcon_core.package_identification:_identify(src/mycobot_ros2/mycobot_280/mycobot_280arduino_moveit2) by extension 'colcon_meta'
[0.248s] Level 1:colcon.colcon_core.package_identification:_identify(src/mycobot_ros2/mycobot_280/mycobot_280arduino_moveit2) by extensions ['ros']
[0.248s] Level 1:colcon.colcon_core.package_identification:_identify(src/mycobot_ros2/mycobot_280/mycobot_280arduino_moveit2) by extension 'ros'
[0.249s] DEBUG:colcon.colcon_core.package_identification:Package 'src/mycobot_ros2/mycobot_280/mycobot_280arduino_moveit2' with type 'ros.ament_cmake' and name 'mycobot_280arduino_moveit2'
[0.249s] Level 1:colcon.colcon_core.package_identification:_identify(src/mycobot_ros2/mycobot_280/mycobot_280jn) by extensions ['ignore', 'ignore_ament_install']
[0.249s] Level 1:colcon.colcon_core.package_identification:_identify(src/mycobot_ros2/mycobot_280/mycobot_280jn) by extension 'ignore'
[0.249s] Level 1:colcon.colcon_core.package_identification:_identify(src/mycobot_ros2/mycobot_280/mycobot_280jn) by extension 'ignore_ament_install'
[0.249s] Level 1:colcon.colcon_core.package_identification:_identify(src/mycobot_ros2/mycobot_280/mycobot_280jn) by extensions ['colcon_pkg']
[0.249s] Level 1:colcon.colcon_core.package_identification:_identify(src/mycobot_ros2/mycobot_280/mycobot_280jn) by extension 'colcon_pkg'
[0.249s] Level 1:colcon.colcon_core.package_identification:_identify(src/mycobot_ros2/mycobot_280/mycobot_280jn) by extensions ['colcon_meta']
[0.249s] Level 1:colcon.colcon_core.package_identification:_identify(src/mycobot_ros2/mycobot_280/mycobot_280jn) by extension 'colcon_meta'
[0.249s] Level 1:colcon.colcon_core.package_identification:_identify(src/mycobot_ros2/mycobot_280/mycobot_280jn) by extensions ['ros']
[0.249s] Level 1:colcon.colcon_core.package_identification:_identify(src/mycobot_ros2/mycobot_280/mycobot_280jn) by extension 'ros'
[0.251s] DEBUG:colcon.colcon_core.package_identification:Package 'src/mycobot_ros2/mycobot_280/mycobot_280jn' with type 'ros.ament_python' and name 'mycobot_280jn'
[0.251s] Level 1:colcon.colcon_core.package_identification:_identify(src/mycobot_ros2/mycobot_280/mycobot_280pi) by extensions ['ignore', 'ignore_ament_install']
[0.251s] Level 1:colcon.colcon_core.package_identification:_identify(src/mycobot_ros2/mycobot_280/mycobot_280pi) by extension 'ignore'
[0.251s] Level 1:colcon.colcon_core.package_identification:_identify(src/mycobot_ros2/mycobot_280/mycobot_280pi) by extension 'ignore_ament_install'
[0.251s] Level 1:colcon.colcon_core.package_identification:_identify(src/mycobot_ros2/mycobot_280/mycobot_280pi) by extensions ['colcon_pkg']
[0.251s] Level 1:colcon.colcon_core.package_identification:_identify(src/mycobot_ros2/mycobot_280/mycobot_280pi) by extension 'colcon_pkg'
[0.251s] Level 1:colcon.colcon_core.package_identification:_identify(src/mycobot_ros2/mycobot_280/mycobot_280pi) by extensions ['colcon_meta']
[0.251s] Level 1:colcon.colcon_core.package_identification:_identify(src/mycobot_ros2/mycobot_280/mycobot_280pi) by extension 'colcon_meta'
[0.251s] Level 1:colcon.colcon_core.package_identification:_identify(src/mycobot_ros2/mycobot_280/mycobot_280pi) by extensions ['ros']
[0.251s] Level 1:colcon.colcon_core.package_identification:_identify(src/mycobot_ros2/mycobot_280/mycobot_280pi) by extension 'ros'
[0.251s] DEBUG:colcon.colcon_core.package_identification:Package 'src/mycobot_ros2/mycobot_280/mycobot_280pi' with type 'ros.ament_python' and name 'mycobot_280pi'
[0.252s] Level 1:colcon.colcon_core.package_identification:_identify(src/mycobot_ros2/mycobot_280/mycobot_280rdkx5_moveit2) by extensions ['ignore', 'ignore_ament_install']
[0.252s] Level 1:colcon.colcon_core.package_identification:_identify(src/mycobot_ros2/mycobot_280/mycobot_280rdkx5_moveit2) by extension 'ignore'
[0.252s] Level 1:colcon.colcon_core.package_identification:_identify(src/mycobot_ros2/mycobot_280/mycobot_280rdkx5_moveit2) by extension 'ignore_ament_install'
[0.252s] Level 1:colcon.colcon_core.package_identification:_identify(src/mycobot_ros2/mycobot_280/mycobot_280rdkx5_moveit2) by extensions ['colcon_pkg']
[0.252s] Level 1:colcon.colcon_core.package_identification:_identify(src/mycobot_ros2/mycobot_280/mycobot_280rdkx5_moveit2) by extension 'colcon_pkg'
[0.252s] Level 1:colcon.colcon_core.package_identification:_identify(src/mycobot_ros2/mycobot_280/mycobot_280rdkx5_moveit2) by extensions ['colcon_meta']
[0.252s] Level 1:colcon.colcon_core.package_identification:_identify(src/mycobot_ros2/mycobot_280/mycobot_280rdkx5_moveit2) by extension 'colcon_meta'
[0.252s] Level 1:colcon.colcon_core.package_identification:_identify(src/mycobot_ros2/mycobot_280/mycobot_280rdkx5_moveit2) by extensions ['ros']
[0.252s] Level 1:colcon.colcon_core.package_identification:_identify(src/mycobot_ros2/mycobot_280/mycobot_280rdkx5_moveit2) by extension 'ros'
[0.252s] DEBUG:colcon.colcon_core.package_identification:Package 'src/mycobot_ros2/mycobot_280/mycobot_280rdkx5_moveit2' with type 'ros.ament_cmake' and name 'mycobot_280rdkx5_moveit2'
[0.252s] Level 1:colcon.colcon_core.package_identification:_identify(src/mycobot_ros2/mycobot_280/mycobot_interfaces) by extensions ['ignore', 'ignore_ament_install']
[0.252s] Level 1:colcon.colcon_core.package_identification:_identify(src/mycobot_ros2/mycobot_280/mycobot_interfaces) by extension 'ignore'
[0.252s] Level 1:colcon.colcon_core.package_identification:_identify(src/mycobot_ros2/mycobot_280/mycobot_interfaces) by extension 'ignore_ament_install'
[0.252s] Level 1:colcon.colcon_core.package_identification:_identify(src/mycobot_ros2/mycobot_280/mycobot_interfaces) by extensions ['colcon_pkg']
[0.252s] Level 1:colcon.colcon_core.package_identification:_identify(src/mycobot_ros2/mycobot_280/mycobot_interfaces) by extension 'colcon_pkg'
[0.252s] Level 1:colcon.colcon_core.package_identification:_identify(src/mycobot_ros2/mycobot_280/mycobot_interfaces) by extensions ['colcon_meta']
[0.252s] Level 1:colcon.colcon_core.package_identification:_identify(src/mycobot_ros2/mycobot_280/mycobot_interfaces) by extension 'colcon_meta'
[0.252s] Level 1:colcon.colcon_core.package_identification:_identify(src/mycobot_ros2/mycobot_280/mycobot_interfaces) by extensions ['ros']
[0.252s] Level 1:colcon.colcon_core.package_identification:_identify(src/mycobot_ros2/mycobot_280/mycobot_interfaces) by extension 'ros'
[0.253s] DEBUG:colcon.colcon_core.package_identification:Package 'src/mycobot_ros2/mycobot_280/mycobot_interfaces' with type 'ros.ament_cmake' and name 'mycobot_interfaces'
[0.253s] Level 1:colcon.colcon_core.package_identification:_identify(src/mycobot_ros2/mycobot_320) by extensions ['ignore', 'ignore_ament_install']
[0.253s] Level 1:colcon.colcon_core.package_identification:_identify(src/mycobot_ros2/mycobot_320) by extension 'ignore'
[0.253s] Level 1:colcon.colcon_core.package_identification:_identify(src/mycobot_ros2/mycobot_320) by extension 'ignore_ament_install'
[0.253s] Level 1:colcon.colcon_core.package_identification:_identify(src/mycobot_ros2/mycobot_320) by extensions ['colcon_pkg']
[0.253s] Level 1:colcon.colcon_core.package_identification:_identify(src/mycobot_ros2/mycobot_320) by extension 'colcon_pkg'
[0.253s] Level 1:colcon.colcon_core.package_identification:_identify(src/mycobot_ros2/mycobot_320) by extensions ['colcon_meta']
[0.253s] Level 1:colcon.colcon_core.package_identification:_identify(src/mycobot_ros2/mycobot_320) by extension 'colcon_meta'
[0.253s] Level 1:colcon.colcon_core.package_identification:_identify(src/mycobot_ros2/mycobot_320) by extensions ['ros']
[0.253s] Level 1:colcon.colcon_core.package_identification:_identify(src/mycobot_ros2/mycobot_320) by extension 'ros'
[0.253s] Level 1:colcon.colcon_core.package_identification:_identify(src/mycobot_ros2/mycobot_320) by extensions ['cmake', 'python']
[0.253s] Level 1:colcon.colcon_core.package_identification:_identify(src/mycobot_ros2/mycobot_320) by extension 'cmake'
[0.253s] Level 1:colcon.colcon_core.package_identification:_identify(src/mycobot_ros2/mycobot_320) by extension 'python'
[0.253s] Level 1:colcon.colcon_core.package_identification:_identify(src/mycobot_ros2/mycobot_320) by extensions ['python_setup_py']
[0.253s] Level 1:colcon.colcon_core.package_identification:_identify(src/mycobot_ros2/mycobot_320) by extension 'python_setup_py'
[0.253s] Level 1:colcon.colcon_core.package_identification:_identify(src/mycobot_ros2/mycobot_320/mycobot_320) by extensions ['ignore', 'ignore_ament_install']
[0.253s] Level 1:colcon.colcon_core.package_identification:_identify(src/mycobot_ros2/mycobot_320/mycobot_320) by extension 'ignore'
[0.253s] Level 1:colcon.colcon_core.package_identification:_identify(src/mycobot_ros2/mycobot_320/mycobot_320) by extension 'ignore_ament_install'
[0.253s] Level 1:colcon.colcon_core.package_identification:_identify(src/mycobot_ros2/mycobot_320/mycobot_320) by extensions ['colcon_pkg']
[0.253s] Level 1:colcon.colcon_core.package_identification:_identify(src/mycobot_ros2/mycobot_320/mycobot_320) by extension 'colcon_pkg'
[0.253s] Level 1:colcon.colcon_core.package_identification:_identify(src/mycobot_ros2/mycobot_320/mycobot_320) by extensions ['colcon_meta']
[0.253s] Level 1:colcon.colcon_core.package_identification:_identify(src/mycobot_ros2/mycobot_320/mycobot_320) by extension 'colcon_meta'
[0.253s] Level 1:colcon.colcon_core.package_identification:_identify(src/mycobot_ros2/mycobot_320/mycobot_320) by extensions ['ros']
[0.253s] Level 1:colcon.colcon_core.package_identification:_identify(src/mycobot_ros2/mycobot_320/mycobot_320) by extension 'ros'
[0.254s] DEBUG:colcon.colcon_core.package_identification:Package 'src/mycobot_ros2/mycobot_320/mycobot_320' with type 'ros.ament_python' and name 'mycobot_320'
[0.254s] Level 1:colcon.colcon_core.package_identification:_identify(src/mycobot_ros2/mycobot_320/mycobot_320_riscv) by extensions ['ignore', 'ignore_ament_install']
[0.254s] Level 1:colcon.colcon_core.package_identification:_identify(src/mycobot_ros2/mycobot_320/mycobot_320_riscv) by extension 'ignore'
[0.254s] Level 1:colcon.colcon_core.package_identification:_identify(src/mycobot_ros2/mycobot_320/mycobot_320_riscv) by extension 'ignore_ament_install'
[0.254s] Level 1:colcon.colcon_core.package_identification:_identify(src/mycobot_ros2/mycobot_320/mycobot_320_riscv) by extensions ['colcon_pkg']
[0.254s] Level 1:colcon.colcon_core.package_identification:_identify(src/mycobot_ros2/mycobot_320/mycobot_320_riscv) by extension 'colcon_pkg'
[0.254s] Level 1:colcon.colcon_core.package_identification:_identify(src/mycobot_ros2/mycobot_320/mycobot_320_riscv) by extensions ['colcon_meta']
[0.254s] Level 1:colcon.colcon_core.package_identification:_identify(src/mycobot_ros2/mycobot_320/mycobot_320_riscv) by extension 'colcon_meta'
[0.254s] Level 1:colcon.colcon_core.package_identification:_identify(src/mycobot_ros2/mycobot_320/mycobot_320_riscv) by extensions ['ros']
[0.254s] Level 1:colcon.colcon_core.package_identification:_identify(src/mycobot_ros2/mycobot_320/mycobot_320_riscv) by extension 'ros'
[0.254s] DEBUG:colcon.colcon_core.package_identification:Package 'src/mycobot_ros2/mycobot_320/mycobot_320_riscv' with type 'ros.ament_python' and name 'mycobot_320_riscv'
[0.254s] Level 1:colcon.colcon_core.package_identification:_identify(src/mycobot_ros2/mycobot_320/mycobot_320pi) by extensions ['ignore', 'ignore_ament_install']
[0.254s] Level 1:colcon.colcon_core.package_identification:_identify(src/mycobot_ros2/mycobot_320/mycobot_320pi) by extension 'ignore'
[0.254s] Level 1:colcon.colcon_core.package_identification:_identify(src/mycobot_ros2/mycobot_320/mycobot_320pi) by extension 'ignore_ament_install'
[0.254s] Level 1:colcon.colcon_core.package_identification:_identify(src/mycobot_ros2/mycobot_320/mycobot_320pi) by extensions ['colcon_pkg']
[0.254s] Level 1:colcon.colcon_core.package_identification:_identify(src/mycobot_ros2/mycobot_320/mycobot_320pi) by extension 'colcon_pkg'
[0.254s] Level 1:colcon.colcon_core.package_identification:_identify(src/mycobot_ros2/mycobot_320/mycobot_320pi) by extensions ['colcon_meta']
[0.254s] Level 1:colcon.colcon_core.package_identification:_identify(src/mycobot_ros2/mycobot_320/mycobot_320pi) by extension 'colcon_meta'
[0.254s] Level 1:colcon.colcon_core.package_identification:_identify(src/mycobot_ros2/mycobot_320/mycobot_320pi) by extensions ['ros']
[0.254s] Level 1:colcon.colcon_core.package_identification:_identify(src/mycobot_ros2/mycobot_320/mycobot_320pi) by extension 'ros'
[0.255s] DEBUG:colcon.colcon_core.package_identification:Package 'src/mycobot_ros2/mycobot_320/mycobot_320pi' with type 'ros.ament_python' and name 'mycobot_320pi'
[0.255s] Level 1:colcon.colcon_core.package_identification:_identify(src/mycobot_ros2/mycobot_communication) by extensions ['ignore', 'ignore_ament_install']
[0.255s] Level 1:colcon.colcon_core.package_identification:_identify(src/mycobot_ros2/mycobot_communication) by extension 'ignore'
[0.255s] Level 1:colcon.colcon_core.package_identification:_identify(src/mycobot_ros2/mycobot_communication) by extension 'ignore_ament_install'
[0.255s] Level 1:colcon.colcon_core.package_identification:_identify(src/mycobot_ros2/mycobot_communication) by extensions ['colcon_pkg']
[0.255s] Level 1:colcon.colcon_core.package_identification:_identify(src/mycobot_ros2/mycobot_communication) by extension 'colcon_pkg'
[0.255s] Level 1:colcon.colcon_core.package_identification:_identify(src/mycobot_ros2/mycobot_communication) by extensions ['colcon_meta']
[0.255s] Level 1:colcon.colcon_core.package_identification:_identify(src/mycobot_ros2/mycobot_communication) by extension 'colcon_meta'
[0.255s] Level 1:colcon.colcon_core.package_identification:_identify(src/mycobot_ros2/mycobot_communication) by extensions ['ros']
[0.255s] Level 1:colcon.colcon_core.package_identification:_identify(src/mycobot_ros2/mycobot_communication) by extension 'ros'
[0.255s] DEBUG:colcon.colcon_core.package_identification:Package 'src/mycobot_ros2/mycobot_communication' with type 'ros.ament_python' and name 'mycobot_communication'
[0.255s] Level 1:colcon.colcon_core.package_identification:_identify(src/mycobot_ros2/mycobot_description) by extensions ['ignore', 'ignore_ament_install']
[0.255s] Level 1:colcon.colcon_core.package_identification:_identify(src/mycobot_ros2/mycobot_description) by extension 'ignore'
[0.255s] Level 1:colcon.colcon_core.package_identification:_identify(src/mycobot_ros2/mycobot_description) by extension 'ignore_ament_install'
[0.255s] Level 1:colcon.colcon_core.package_identification:_identify(src/mycobot_ros2/mycobot_description) by extensions ['colcon_pkg']
[0.255s] Level 1:colcon.colcon_core.package_identification:_identify(src/mycobot_ros2/mycobot_description) by extension 'colcon_pkg'
[0.255s] Level 1:colcon.colcon_core.package_identification:_identify(src/mycobot_ros2/mycobot_description) by extensions ['colcon_meta']
[0.255s] Level 1:colcon.colcon_core.package_identification:_identify(src/mycobot_ros2/mycobot_description) by extension 'colcon_meta'
[0.255s] Level 1:colcon.colcon_core.package_identification:_identify(src/mycobot_ros2/mycobot_description) by extensions ['ros']
[0.255s] Level 1:colcon.colcon_core.package_identification:_identify(src/mycobot_ros2/mycobot_description) by extension 'ros'
[0.256s] DEBUG:colcon.colcon_core.package_identification:Package 'src/mycobot_ros2/mycobot_description' with type 'ros.ament_python' and name 'mycobot_description'
[0.256s] Level 1:colcon.colcon_core.package_identification:_identify(src/mycobot_ros2/mycobot_pro) by extensions ['ignore', 'ignore_ament_install']
[0.256s] Level 1:colcon.colcon_core.package_identification:_identify(src/mycobot_ros2/mycobot_pro) by extension 'ignore'
[0.256s] Level 1:colcon.colcon_core.package_identification:_identify(src/mycobot_ros2/mycobot_pro) by extension 'ignore_ament_install'
[0.256s] Level 1:colcon.colcon_core.package_identification:_identify(src/mycobot_ros2/mycobot_pro) by extensions ['colcon_pkg']
[0.256s] Level 1:colcon.colcon_core.package_identification:_identify(src/mycobot_ros2/mycobot_pro) by extension 'colcon_pkg'
[0.256s] Level 1:colcon.colcon_core.package_identification:_identify(src/mycobot_ros2/mycobot_pro) by extensions ['colcon_meta']
[0.256s] Level 1:colcon.colcon_core.package_identification:_identify(src/mycobot_ros2/mycobot_pro) by extension 'colcon_meta'
[0.256s] Level 1:colcon.colcon_core.package_identification:_identify(src/mycobot_ros2/mycobot_pro) by extensions ['ros']
[0.256s] Level 1:colcon.colcon_core.package_identification:_identify(src/mycobot_ros2/mycobot_pro) by extension 'ros'
[0.256s] Level 1:colcon.colcon_core.package_identification:_identify(src/mycobot_ros2/mycobot_pro) by extensions ['cmake', 'python']
[0.256s] Level 1:colcon.colcon_core.package_identification:_identify(src/mycobot_ros2/mycobot_pro) by extension 'cmake'
[0.256s] Level 1:colcon.colcon_core.package_identification:_identify(src/mycobot_ros2/mycobot_pro) by extension 'python'
[0.256s] Level 1:colcon.colcon_core.package_identification:_identify(src/mycobot_ros2/mycobot_pro) by extensions ['python_setup_py']
[0.256s] Level 1:colcon.colcon_core.package_identification:_identify(src/mycobot_ros2/mycobot_pro) by extension 'python_setup_py'
[0.256s] Level 1:colcon.colcon_core.package_identification:_identify(src/mycobot_ros2/mycobot_pro/mycobot_600) by extensions ['ignore', 'ignore_ament_install']
[0.256s] Level 1:colcon.colcon_core.package_identification:_identify(src/mycobot_ros2/mycobot_pro/mycobot_600) by extension 'ignore'
[0.256s] Level 1:colcon.colcon_core.package_identification:_identify(src/mycobot_ros2/mycobot_pro/mycobot_600) by extension 'ignore_ament_install'
[0.256s] Level 1:colcon.colcon_core.package_identification:_identify(src/mycobot_ros2/mycobot_pro/mycobot_600) by extensions ['colcon_pkg']
[0.256s] Level 1:colcon.colcon_core.package_identification:_identify(src/mycobot_ros2/mycobot_pro/mycobot_600) by extension 'colcon_pkg'
[0.256s] Level 1:colcon.colcon_core.package_identification:_identify(src/mycobot_ros2/mycobot_pro/mycobot_600) by extensions ['colcon_meta']
[0.256s] Level 1:colcon.colcon_core.package_identification:_identify(src/mycobot_ros2/mycobot_pro/mycobot_600) by extension 'colcon_meta'
[0.256s] Level 1:colcon.colcon_core.package_identification:_identify(src/mycobot_ros2/mycobot_pro/mycobot_600) by extensions ['ros']
[0.256s] Level 1:colcon.colcon_core.package_identification:_identify(src/mycobot_ros2/mycobot_pro/mycobot_600) by extension 'ros'
[0.256s] DEBUG:colcon.colcon_core.package_identification:Package 'src/mycobot_ros2/mycobot_pro/mycobot_600' with type 'ros.ament_python' and name 'mycobot_600'
[0.257s] Level 1:colcon.colcon_core.package_identification:_identify(src/mycobot_ros2/mycobot_pro/mycobot_630) by extensions ['ignore', 'ignore_ament_install']
[0.257s] Level 1:colcon.colcon_core.package_identification:_identify(src/mycobot_ros2/mycobot_pro/mycobot_630) by extension 'ignore'
[0.257s] Level 1:colcon.colcon_core.package_identification:_identify(src/mycobot_ros2/mycobot_pro/mycobot_630) by extension 'ignore_ament_install'
[0.257s] Level 1:colcon.colcon_core.package_identification:_identify(src/mycobot_ros2/mycobot_pro/mycobot_630) by extensions ['colcon_pkg']
[0.257s] Level 1:colcon.colcon_core.package_identification:_identify(src/mycobot_ros2/mycobot_pro/mycobot_630) by extension 'colcon_pkg'
[0.257s] Level 1:colcon.colcon_core.package_identification:_identify(src/mycobot_ros2/mycobot_pro/mycobot_630) by extensions ['colcon_meta']
[0.257s] Level 1:colcon.colcon_core.package_identification:_identify(src/mycobot_ros2/mycobot_pro/mycobot_630) by extension 'colcon_meta'
[0.257s] Level 1:colcon.colcon_core.package_identification:_identify(src/mycobot_ros2/mycobot_pro/mycobot_630) by extensions ['ros']
[0.257s] Level 1:colcon.colcon_core.package_identification:_identify(src/mycobot_ros2/mycobot_pro/mycobot_630) by extension 'ros'
[0.257s] DEBUG:colcon.colcon_core.package_identification:Package 'src/mycobot_ros2/mycobot_pro/mycobot_630' with type 'ros.ament_python' and name 'mycobot_630'
[0.257s] Level 1:colcon.colcon_core.package_identification:_identify(src/mycobot_ros2/mypalletizer_260) by extensions ['ignore', 'ignore_ament_install']
[0.257s] Level 1:colcon.colcon_core.package_identification:_identify(src/mycobot_ros2/mypalletizer_260) by extension 'ignore'
[0.257s] Level 1:colcon.colcon_core.package_identification:_identify(src/mycobot_ros2/mypalletizer_260) by extension 'ignore_ament_install'
[0.257s] Level 1:colcon.colcon_core.package_identification:_identify(src/mycobot_ros2/mypalletizer_260) by extensions ['colcon_pkg']
[0.257s] Level 1:colcon.colcon_core.package_identification:_identify(src/mycobot_ros2/mypalletizer_260) by extension 'colcon_pkg'
[0.257s] Level 1:colcon.colcon_core.package_identification:_identify(src/mycobot_ros2/mypalletizer_260) by extensions ['colcon_meta']
[0.257s] Level 1:colcon.colcon_core.package_identification:_identify(src/mycobot_ros2/mypalletizer_260) by extension 'colcon_meta'
[0.257s] Level 1:colcon.colcon_core.package_identification:_identify(src/mycobot_ros2/mypalletizer_260) by extensions ['ros']
[0.257s] Level 1:colcon.colcon_core.package_identification:_identify(src/mycobot_ros2/mypalletizer_260) by extension 'ros'
[0.257s] Level 1:colcon.colcon_core.package_identification:_identify(src/mycobot_ros2/mypalletizer_260) by extensions ['cmake', 'python']
[0.257s] Level 1:colcon.colcon_core.package_identification:_identify(src/mycobot_ros2/mypalletizer_260) by extension 'cmake'
[0.257s] Level 1:colcon.colcon_core.package_identification:_identify(src/mycobot_ros2/mypalletizer_260) by extension 'python'
[0.257s] Level 1:colcon.colcon_core.package_identification:_identify(src/mycobot_ros2/mypalletizer_260) by extensions ['python_setup_py']
[0.257s] Level 1:colcon.colcon_core.package_identification:_identify(src/mycobot_ros2/mypalletizer_260) by extension 'python_setup_py'
[0.257s] Level 1:colcon.colcon_core.package_identification:_identify(src/mycobot_ros2/mypalletizer_260/mypalletizer_260) by extensions ['ignore', 'ignore_ament_install']
[0.257s] Level 1:colcon.colcon_core.package_identification:_identify(src/mycobot_ros2/mypalletizer_260/mypalletizer_260) by extension 'ignore'
[0.257s] Level 1:colcon.colcon_core.package_identification:_identify(src/mycobot_ros2/mypalletizer_260/mypalletizer_260) by extension 'ignore_ament_install'
[0.257s] Level 1:colcon.colcon_core.package_identification:_identify(src/mycobot_ros2/mypalletizer_260/mypalletizer_260) by extensions ['colcon_pkg']
[0.257s] Level 1:colcon.colcon_core.package_identification:_identify(src/mycobot_ros2/mypalletizer_260/mypalletizer_260) by extension 'colcon_pkg'
[0.257s] Level 1:colcon.colcon_core.package_identification:_identify(src/mycobot_ros2/mypalletizer_260/mypalletizer_260) by extensions ['colcon_meta']
[0.257s] Level 1:colcon.colcon_core.package_identification:_identify(src/mycobot_ros2/mypalletizer_260/mypalletizer_260) by extension 'colcon_meta'
[0.258s] Level 1:colcon.colcon_core.package_identification:_identify(src/mycobot_ros2/mypalletizer_260/mypalletizer_260) by extensions ['ros']
[0.258s] Level 1:colcon.colcon_core.package_identification:_identify(src/mycobot_ros2/mypalletizer_260/mypalletizer_260) by extension 'ros'
[0.258s] DEBUG:colcon.colcon_core.package_identification:Package 'src/mycobot_ros2/mypalletizer_260/mypalletizer_260' with type 'ros.ament_python' and name 'mypalletizer_260'
[0.258s] Level 1:colcon.colcon_core.package_identification:_identify(src/mycobot_ros2/mypalletizer_260/mypalletizer_260_pi) by extensions ['ignore', 'ignore_ament_install']
[0.258s] Level 1:colcon.colcon_core.package_identification:_identify(src/mycobot_ros2/mypalletizer_260/mypalletizer_260_pi) by extension 'ignore'
[0.258s] Level 1:colcon.colcon_core.package_identification:_identify(src/mycobot_ros2/mypalletizer_260/mypalletizer_260_pi) by extension 'ignore_ament_install'
[0.258s] Level 1:colcon.colcon_core.package_identification:_identify(src/mycobot_ros2/mypalletizer_260/mypalletizer_260_pi) by extensions ['colcon_pkg']
[0.258s] Level 1:colcon.colcon_core.package_identification:_identify(src/mycobot_ros2/mypalletizer_260/mypalletizer_260_pi) by extension 'colcon_pkg'
[0.258s] Level 1:colcon.colcon_core.package_identification:_identify(src/mycobot_ros2/mypalletizer_260/mypalletizer_260_pi) by extensions ['colcon_meta']
[0.258s] Level 1:colcon.colcon_core.package_identification:_identify(src/mycobot_ros2/mypalletizer_260/mypalletizer_260_pi) by extension 'colcon_meta'
[0.258s] Level 1:colcon.colcon_core.package_identification:_identify(src/mycobot_ros2/mypalletizer_260/mypalletizer_260_pi) by extensions ['ros']
[0.258s] Level 1:colcon.colcon_core.package_identification:_identify(src/mycobot_ros2/mypalletizer_260/mypalletizer_260_pi) by extension 'ros'
[0.258s] DEBUG:colcon.colcon_core.package_identification:Package 'src/mycobot_ros2/mypalletizer_260/mypalletizer_260_pi' with type 'ros.ament_python' and name 'mypalletizer_260_pi'
[0.258s] Level 1:colcon.colcon_core.package_identification:_identify(src/mycobot_ros2/mypalletizer_260/mypalletizer_communication) by extensions ['ignore', 'ignore_ament_install']
[0.259s] Level 1:colcon.colcon_core.package_identification:_identify(src/mycobot_ros2/mypalletizer_260/mypalletizer_communication) by extension 'ignore'
[0.259s] Level 1:colcon.colcon_core.package_identification:_identify(src/mycobot_ros2/mypalletizer_260/mypalletizer_communication) by extension 'ignore_ament_install'
[0.259s] Level 1:colcon.colcon_core.package_identification:_identify(src/mycobot_ros2/mypalletizer_260/mypalletizer_communication) by extensions ['colcon_pkg']
[0.259s] Level 1:colcon.colcon_core.package_identification:_identify(src/mycobot_ros2/mypalletizer_260/mypalletizer_communication) by extension 'colcon_pkg'
[0.259s] Level 1:colcon.colcon_core.package_identification:_identify(src/mycobot_ros2/mypalletizer_260/mypalletizer_communication) by extensions ['colcon_meta']
[0.259s] Level 1:colcon.colcon_core.package_identification:_identify(src/mycobot_ros2/mypalletizer_260/mypalletizer_communication) by extension 'colcon_meta'
[0.259s] Level 1:colcon.colcon_core.package_identification:_identify(src/mycobot_ros2/mypalletizer_260/mypalletizer_communication) by extensions ['ros']
[0.259s] Level 1:colcon.colcon_core.package_identification:_identify(src/mycobot_ros2/mypalletizer_260/mypalletizer_communication) by extension 'ros'
[0.259s] DEBUG:colcon.colcon_core.package_identification:Package 'src/mycobot_ros2/mypalletizer_260/mypalletizer_communication' with type 'ros.ament_python' and name 'mypalletizer_communication'
[0.259s] Level 1:colcon.colcon_core.package_identification:_identify(src/mycobot_ros2/mypalletizer_260/mypalletizer_interfaces) by extensions ['ignore', 'ignore_ament_install']
[0.259s] Level 1:colcon.colcon_core.package_identification:_identify(src/mycobot_ros2/mypalletizer_260/mypalletizer_interfaces) by extension 'ignore'
[0.259s] Level 1:colcon.colcon_core.package_identification:_identify(src/mycobot_ros2/mypalletizer_260/mypalletizer_interfaces) by extension 'ignore_ament_install'
[0.259s] Level 1:colcon.colcon_core.package_identification:_identify(src/mycobot_ros2/mypalletizer_260/mypalletizer_interfaces) by extensions ['colcon_pkg']
[0.259s] Level 1:colcon.colcon_core.package_identification:_identify(src/mycobot_ros2/mypalletizer_260/mypalletizer_interfaces) by extension 'colcon_pkg'
[0.259s] Level 1:colcon.colcon_core.package_identification:_identify(src/mycobot_ros2/mypalletizer_260/mypalletizer_interfaces) by extensions ['colcon_meta']
[0.259s] Level 1:colcon.colcon_core.package_identification:_identify(src/mycobot_ros2/mypalletizer_260/mypalletizer_interfaces) by extension 'colcon_meta'
[0.259s] Level 1:colcon.colcon_core.package_identification:_identify(src/mycobot_ros2/mypalletizer_260/mypalletizer_interfaces) by extensions ['ros']
[0.259s] Level 1:colcon.colcon_core.package_identification:_identify(src/mycobot_ros2/mypalletizer_260/mypalletizer_interfaces) by extension 'ros'
[0.259s] DEBUG:colcon.colcon_core.package_identification:Package 'src/mycobot_ros2/mypalletizer_260/mypalletizer_interfaces' with type 'ros.ament_cmake' and name 'mypalletizer_interfaces'
[0.260s] Level 1:colcon.colcon_core.package_identification:_identify(src/mycobot_ros2/ultraArm) by extensions ['ignore', 'ignore_ament_install']
[0.260s] Level 1:colcon.colcon_core.package_identification:_identify(src/mycobot_ros2/ultraArm) by extension 'ignore'
[0.260s] Level 1:colcon.colcon_core.package_identification:_identify(src/mycobot_ros2/ultraArm) by extension 'ignore_ament_install'
[0.260s] Level 1:colcon.colcon_core.package_identification:_identify(src/mycobot_ros2/ultraArm) by extensions ['colcon_pkg']
[0.260s] Level 1:colcon.colcon_core.package_identification:_identify(src/mycobot_ros2/ultraArm) by extension 'colcon_pkg'
[0.260s] Level 1:colcon.colcon_core.package_identification:_identify(src/mycobot_ros2/ultraArm) by extensions ['colcon_meta']
[0.260s] Level 1:colcon.colcon_core.package_identification:_identify(src/mycobot_ros2/ultraArm) by extension 'colcon_meta'
[0.260s] Level 1:colcon.colcon_core.package_identification:_identify(src/mycobot_ros2/ultraArm) by extensions ['ros']
[0.260s] Level 1:colcon.colcon_core.package_identification:_identify(src/mycobot_ros2/ultraArm) by extension 'ros'
[0.260s] Level 1:colcon.colcon_core.package_identification:_identify(src/mycobot_ros2/ultraArm) by extensions ['cmake', 'python']
[0.260s] Level 1:colcon.colcon_core.package_identification:_identify(src/mycobot_ros2/ultraArm) by extension 'cmake'
[0.260s] Level 1:colcon.colcon_core.package_identification:_identify(src/mycobot_ros2/ultraArm) by extension 'python'
[0.260s] Level 1:colcon.colcon_core.package_identification:_identify(src/mycobot_ros2/ultraArm) by extensions ['python_setup_py']
[0.260s] Level 1:colcon.colcon_core.package_identification:_identify(src/mycobot_ros2/ultraArm) by extension 'python_setup_py'
[0.260s] Level 1:colcon.colcon_core.package_identification:_identify(src/mycobot_ros2/ultraArm/ultraArm_Testtool) by extensions ['ignore', 'ignore_ament_install']
[0.260s] Level 1:colcon.colcon_core.package_identification:_identify(src/mycobot_ros2/ultraArm/ultraArm_Testtool) by extension 'ignore'
[0.260s] Level 1:colcon.colcon_core.package_identification:_identify(src/mycobot_ros2/ultraArm/ultraArm_Testtool) by extension 'ignore_ament_install'
[0.260s] Level 1:colcon.colcon_core.package_identification:_identify(src/mycobot_ros2/ultraArm/ultraArm_Testtool) by extensions ['colcon_pkg']
[0.260s] Level 1:colcon.colcon_core.package_identification:_identify(src/mycobot_ros2/ultraArm/ultraArm_Testtool) by extension 'colcon_pkg'
[0.260s] Level 1:colcon.colcon_core.package_identification:_identify(src/mycobot_ros2/ultraArm/ultraArm_Testtool) by extensions ['colcon_meta']
[0.260s] Level 1:colcon.colcon_core.package_identification:_identify(src/mycobot_ros2/ultraArm/ultraArm_Testtool) by extension 'colcon_meta'
[0.260s] Level 1:colcon.colcon_core.package_identification:_identify(src/mycobot_ros2/ultraArm/ultraArm_Testtool) by extensions ['ros']
[0.260s] Level 1:colcon.colcon_core.package_identification:_identify(src/mycobot_ros2/ultraArm/ultraArm_Testtool) by extension 'ros'
[0.260s] Level 1:colcon.colcon_core.package_identification:_identify(src/mycobot_ros2/ultraArm/ultraArm_Testtool) by extensions ['cmake', 'python']
[0.260s] Level 1:colcon.colcon_core.package_identification:_identify(src/mycobot_ros2/ultraArm/ultraArm_Testtool) by extension 'cmake'
[0.260s] Level 1:colcon.colcon_core.package_identification:_identify(src/mycobot_ros2/ultraArm/ultraArm_Testtool) by extension 'python'
[0.260s] Level 1:colcon.colcon_core.package_identification:_identify(src/mycobot_ros2/ultraArm/ultraArm_Testtool) by extensions ['python_setup_py']
[0.260s] Level 1:colcon.colcon_core.package_identification:_identify(src/mycobot_ros2/ultraArm/ultraArm_Testtool) by extension 'python_setup_py'
[0.260s] Level 1:colcon.colcon_core.package_identification:_identify(src/mycobot_ros2/ultraArm/ultraArm_Testtool/__pycache__) by extensions ['ignore', 'ignore_ament_install']
[0.260s] Level 1:colcon.colcon_core.package_identification:_identify(src/mycobot_ros2/ultraArm/ultraArm_Testtool/__pycache__) by extension 'ignore'
[0.260s] Level 1:colcon.colcon_core.package_identification:_identify(src/mycobot_ros2/ultraArm/ultraArm_Testtool/__pycache__) by extension 'ignore_ament_install'
[0.260s] Level 1:colcon.colcon_core.package_identification:_identify(src/mycobot_ros2/ultraArm/ultraArm_Testtool/__pycache__) by extensions ['colcon_pkg']
[0.260s] Level 1:colcon.colcon_core.package_identification:_identify(src/mycobot_ros2/ultraArm/ultraArm_Testtool/__pycache__) by extension 'colcon_pkg'
[0.260s] Level 1:colcon.colcon_core.package_identification:_identify(src/mycobot_ros2/ultraArm/ultraArm_Testtool/__pycache__) by extensions ['colcon_meta']
[0.260s] Level 1:colcon.colcon_core.package_identification:_identify(src/mycobot_ros2/ultraArm/ultraArm_Testtool/__pycache__) by extension 'colcon_meta'
[0.260s] Level 1:colcon.colcon_core.package_identification:_identify(src/mycobot_ros2/ultraArm/ultraArm_Testtool/__pycache__) by extensions ['ros']
[0.260s] Level 1:colcon.colcon_core.package_identification:_identify(src/mycobot_ros2/ultraArm/ultraArm_Testtool/__pycache__) by extension 'ros'
[0.260s] Level 1:colcon.colcon_core.package_identification:_identify(src/mycobot_ros2/ultraArm/ultraArm_Testtool/__pycache__) by extensions ['cmake', 'python']
[0.260s] Level 1:colcon.colcon_core.package_identification:_identify(src/mycobot_ros2/ultraArm/ultraArm_Testtool/__pycache__) by extension 'cmake'
[0.260s] Level 1:colcon.colcon_core.package_identification:_identify(src/mycobot_ros2/ultraArm/ultraArm_Testtool/__pycache__) by extension 'python'
[0.260s] Level 1:colcon.colcon_core.package_identification:_identify(src/mycobot_ros2/ultraArm/ultraArm_Testtool/__pycache__) by extensions ['python_setup_py']
[0.260s] Level 1:colcon.colcon_core.package_identification:_identify(src/mycobot_ros2/ultraArm/ultraArm_Testtool/__pycache__) by extension 'python_setup_py'
[0.260s] Level 1:colcon.colcon_core.package_identification:_identify(src/mycobot_ros2/ultraArm/ultraarm) by extensions ['ignore', 'ignore_ament_install']
[0.260s] Level 1:colcon.colcon_core.package_identification:_identify(src/mycobot_ros2/ultraArm/ultraarm) by extension 'ignore'
[0.260s] Level 1:colcon.colcon_core.package_identification:_identify(src/mycobot_ros2/ultraArm/ultraarm) by extension 'ignore_ament_install'
[0.260s] Level 1:colcon.colcon_core.package_identification:_identify(src/mycobot_ros2/ultraArm/ultraarm) by extensions ['colcon_pkg']
[0.260s] Level 1:colcon.colcon_core.package_identification:_identify(src/mycobot_ros2/ultraArm/ultraarm) by extension 'colcon_pkg'
[0.260s] Level 1:colcon.colcon_core.package_identification:_identify(src/mycobot_ros2/ultraArm/ultraarm) by extensions ['colcon_meta']
[0.260s] Level 1:colcon.colcon_core.package_identification:_identify(src/mycobot_ros2/ultraArm/ultraarm) by extension 'colcon_meta'
[0.261s] Level 1:colcon.colcon_core.package_identification:_identify(src/mycobot_ros2/ultraArm/ultraarm) by extensions ['ros']
[0.261s] Level 1:colcon.colcon_core.package_identification:_identify(src/mycobot_ros2/ultraArm/ultraarm) by extension 'ros'
[0.261s] DEBUG:colcon.colcon_core.package_identification:Package 'src/mycobot_ros2/ultraArm/ultraarm' with type 'ros.ament_python' and name 'ultraarm'
[0.261s] Level 1:colcon.colcon_core.package_identification:_identify(src/traj_scripts) by extensions ['ignore', 'ignore_ament_install']
[0.261s] Level 1:colcon.colcon_core.package_identification:_identify(src/traj_scripts) by extension 'ignore'
[0.261s] Level 1:colcon.colcon_core.package_identification:_identify(src/traj_scripts) by extension 'ignore_ament_install'
[0.261s] Level 1:colcon.colcon_core.package_identification:_identify(src/traj_scripts) by extensions ['colcon_pkg']
[0.261s] Level 1:colcon.colcon_core.package_identification:_identify(src/traj_scripts) by extension 'colcon_pkg'
[0.261s] Level 1:colcon.colcon_core.package_identification:_identify(src/traj_scripts) by extensions ['colcon_meta']
[0.261s] Level 1:colcon.colcon_core.package_identification:_identify(src/traj_scripts) by extension 'colcon_meta'
[0.261s] Level 1:colcon.colcon_core.package_identification:_identify(src/traj_scripts) by extensions ['ros']
[0.261s] Level 1:colcon.colcon_core.package_identification:_identify(src/traj_scripts) by extension 'ros'
[0.262s] DEBUG:colcon.colcon_core.package_identification:Package 'src/traj_scripts' with type 'ros.ament_cmake' and name 'traj_scripts'
[0.262s] Level 1:colcon.colcon_core.package_discovery:discover_packages(recursive) using defaults
[0.262s] Level 1:colcon.colcon_core.package_discovery:discover_packages(ignore) discover
[0.262s] Level 1:colcon.colcon_core.package_discovery:discover_packages(ignore) using defaults
[0.262s] Level 1:colcon.colcon_core.package_discovery:discover_packages(path) discover
[0.262s] Level 1:colcon.colcon_core.package_discovery:discover_packages(path) using defaults
[0.287s] Level 1:colcon.colcon_core.package_discovery:discover_packages(prefix_path) check parameters
[0.287s] Level 1:colcon.colcon_core.package_discovery:discover_packages(prefix_path) discover
[0.290s] DEBUG:colcon.colcon_installed_package_information.package_discovery:Found 33 installed packages in /home/robotics/ros2_cobot/install
[0.291s] DEBUG:colcon.colcon_installed_package_information.package_discovery:Found 388 installed packages in /opt/ros/humble
[0.292s] Level 1:colcon.colcon_core.package_discovery:discover_packages(prefix_path) using defaults
[0.324s] Level 5:colcon.colcon_core.verb:set package 'mecharm_interfaces' build argument 'cmake_args' from command line to 'None'
[0.324s] Level 5:colcon.colcon_core.verb:set package 'mecharm_interfaces' build argument 'cmake_target' from command line to 'None'
[0.324s] Level 5:colcon.colcon_core.verb:set package 'mecharm_interfaces' build argument 'cmake_target_skip_unavailable' from command line to 'False'
[0.324s] Level 5:colcon.colcon_core.verb:set package 'mecharm_interfaces' build argument 'cmake_clean_cache' from command line to 'False'
[0.324s] Level 5:colcon.colcon_core.verb:set package 'mecharm_interfaces' build argument 'cmake_clean_first' from command line to 'False'
[0.324s] Level 5:colcon.colcon_core.verb:set package 'mecharm_interfaces' build argument 'cmake_force_configure' from command line to 'False'
[0.324s] Level 5:colcon.colcon_core.verb:set package 'mecharm_interfaces' build argument 'ament_cmake_args' from command line to 'None'
[0.324s] Level 5:colcon.colcon_core.verb:set package 'mecharm_interfaces' build argument 'catkin_cmake_args' from command line to 'None'
[0.325s] Level 5:colcon.colcon_core.verb:set package 'mecharm_interfaces' build argument 'catkin_skip_building_tests' from command line to 'False'
[0.325s] DEBUG:colcon.colcon_core.verb:Building package 'mecharm_interfaces' with the following arguments: {'ament_cmake_args': None, 'build_base': '/home/robotics/ros2_cobot/build/mecharm_interfaces', 'catkin_cmake_args': None, 'catkin_skip_building_tests': False, 'cmake_args': None, 'cmake_clean_cache': False, 'cmake_clean_first': False, 'cmake_force_configure': False, 'cmake_target': None, 'cmake_target_skip_unavailable': False, 'install_base': '/home/robotics/ros2_cobot/install/mecharm_interfaces', 'merge_install': False, 'path': '/home/robotics/ros2_cobot/src/mycobot_ros2/mecharm/mecharm_interfaces', 'symlink_install': False, 'test_result_base': None}
[0.325s] Level 5:colcon.colcon_core.verb:set package 'mycobot_description' build argument 'cmake_args' from command line to 'None'
[0.325s] Level 5:colcon.colcon_core.verb:set package 'mycobot_description' build argument 'cmake_target' from command line to 'None'
[0.325s] Level 5:colcon.colcon_core.verb:set package 'mycobot_description' build argument 'cmake_target_skip_unavailable' from command line to 'False'
[0.325s] Level 5:colcon.colcon_core.verb:set package 'mycobot_description' build argument 'cmake_clean_cache' from command line to 'False'
[0.325s] Level 5:colcon.colcon_core.verb:set package 'mycobot_description' build argument 'cmake_clean_first' from command line to 'False'
[0.325s] Level 5:colcon.colcon_core.verb:set package 'mycobot_description' build argument 'cmake_force_configure' from command line to 'False'
[0.325s] Level 5:colcon.colcon_core.verb:set package 'mycobot_description' build argument 'ament_cmake_args' from command line to 'None'
[0.325s] Level 5:colcon.colcon_core.verb:set package 'mycobot_description' build argument 'catkin_cmake_args' from command line to 'None'
[0.325s] Level 5:colcon.colcon_core.verb:set package 'mycobot_description' build argument 'catkin_skip_building_tests' from command line to 'False'
[0.325s] DEBUG:colcon.colcon_core.verb:Building package 'mycobot_description' with the following arguments: {'ament_cmake_args': None, 'build_base': '/home/robotics/ros2_cobot/build/mycobot_description', 'catkin_cmake_args': None, 'catkin_skip_building_tests': False, 'cmake_args': None, 'cmake_clean_cache': False, 'cmake_clean_first': False, 'cmake_force_configure': False, 'cmake_target': None, 'cmake_target_skip_unavailable': False, 'install_base': '/home/robotics/ros2_cobot/install/mycobot_description', 'merge_install': False, 'path': '/home/robotics/ros2_cobot/src/mycobot_ros2/mycobot_description', 'symlink_install': False, 'test_result_base': None}
[0.325s] Level 5:colcon.colcon_core.verb:set package 'mycobot_interfaces' build argument 'cmake_args' from command line to 'None'
[0.325s] Level 5:colcon.colcon_core.verb:set package 'mycobot_interfaces' build argument 'cmake_target' from command line to 'None'
[0.325s] Level 5:colcon.colcon_core.verb:set package 'mycobot_interfaces' build argument 'cmake_target_skip_unavailable' from command line to 'False'
[0.325s] Level 5:colcon.colcon_core.verb:set package 'mycobot_interfaces' build argument 'cmake_clean_cache' from command line to 'False'
[0.325s] Level 5:colcon.colcon_core.verb:set package 'mycobot_interfaces' build argument 'cmake_clean_first' from command line to 'False'
[0.325s] Level 5:colcon.colcon_core.verb:set package 'mycobot_interfaces' build argument 'cmake_force_configure' from command line to 'False'
[0.325s] Level 5:colcon.colcon_core.verb:set package 'mycobot_interfaces' build argument 'ament_cmake_args' from command line to 'None'
[0.325s] Level 5:colcon.colcon_core.verb:set package 'mycobot_interfaces' build argument 'catkin_cmake_args' from command line to 'None'
[0.325s] Level 5:colcon.colcon_core.verb:set package 'mycobot_interfaces' build argument 'catkin_skip_building_tests' from command line to 'False'
[0.325s] DEBUG:colcon.colcon_core.verb:Building package 'mycobot_interfaces' with the following arguments: {'ament_cmake_args': None, 'build_base': '/home/robotics/ros2_cobot/build/mycobot_interfaces', 'catkin_cmake_args': None, 'catkin_skip_building_tests': False, 'cmake_args': None, 'cmake_clean_cache': False, 'cmake_clean_first': False, 'cmake_force_configure': False, 'cmake_target': None, 'cmake_target_skip_unavailable': False, 'install_base': '/home/robotics/ros2_cobot/install/mycobot_interfaces', 'merge_install': False, 'path': '/home/robotics/ros2_cobot/src/mycobot_ros2/mycobot_280/mycobot_interfaces', 'symlink_install': False, 'test_result_base': None}
[0.325s] Level 5:colcon.colcon_core.verb:set package 'mypalletizer_interfaces' build argument 'cmake_args' from command line to 'None'
[0.325s] Level 5:colcon.colcon_core.verb:set package 'mypalletizer_interfaces' build argument 'cmake_target' from command line to 'None'
[0.325s] Level 5:colcon.colcon_core.verb:set package 'mypalletizer_interfaces' build argument 'cmake_target_skip_unavailable' from command line to 'False'
[0.325s] Level 5:colcon.colcon_core.verb:set package 'mypalletizer_interfaces' build argument 'cmake_clean_cache' from command line to 'False'
[0.325s] Level 5:colcon.colcon_core.verb:set package 'mypalletizer_interfaces' build argument 'cmake_clean_first' from command line to 'False'
[0.325s] Level 5:colcon.colcon_core.verb:set package 'mypalletizer_interfaces' build argument 'cmake_force_configure' from command line to 'False'
[0.325s] Level 5:colcon.colcon_core.verb:set package 'mypalletizer_interfaces' build argument 'ament_cmake_args' from command line to 'None'
[0.325s] Level 5:colcon.colcon_core.verb:set package 'mypalletizer_interfaces' build argument 'catkin_cmake_args' from command line to 'None'
[0.325s] Level 5:colcon.colcon_core.verb:set package 'mypalletizer_interfaces' build argument 'catkin_skip_building_tests' from command line to 'False'
[0.325s] DEBUG:colcon.colcon_core.verb:Building package 'mypalletizer_interfaces' with the following arguments: {'ament_cmake_args': None, 'build_base': '/home/robotics/ros2_cobot/build/mypalletizer_interfaces', 'catkin_cmake_args': None, 'catkin_skip_building_tests': False, 'cmake_args': None, 'cmake_clean_cache': False, 'cmake_clean_first': False, 'cmake_force_configure': False, 'cmake_target': None, 'cmake_target_skip_unavailable': False, 'install_base': '/home/robotics/ros2_cobot/install/mypalletizer_interfaces', 'merge_install': False, 'path': '/home/robotics/ros2_cobot/src/mycobot_ros2/mypalletizer_260/mypalletizer_interfaces', 'symlink_install': False, 'test_result_base': None}
[0.326s] Level 5:colcon.colcon_core.verb:set package 'traj_scripts' build argument 'cmake_args' from command line to 'None'
[0.326s] Level 5:colcon.colcon_core.verb:set package 'traj_scripts' build argument 'cmake_target' from command line to 'None'
[0.326s] Level 5:colcon.colcon_core.verb:set package 'traj_scripts' build argument 'cmake_target_skip_unavailable' from command line to 'False'
[0.326s] Level 5:colcon.colcon_core.verb:set package 'traj_scripts' build argument 'cmake_clean_cache' from command line to 'False'
[0.326s] Level 5:colcon.colcon_core.verb:set package 'traj_scripts' build argument 'cmake_clean_first' from command line to 'False'
[0.326s] Level 5:colcon.colcon_core.verb:set package 'traj_scripts' build argument 'cmake_force_configure' from command line to 'False'
[0.326s] Level 5:colcon.colcon_core.verb:set package 'traj_scripts' build argument 'ament_cmake_args' from command line to 'None'
[0.326s] Level 5:colcon.colcon_core.verb:set package 'traj_scripts' build argument 'catkin_cmake_args' from command line to 'None'
[0.326s] Level 5:colcon.colcon_core.verb:set package 'traj_scripts' build argument 'catkin_skip_building_tests' from command line to 'False'
[0.326s] DEBUG:colcon.colcon_core.verb:Building package 'traj_scripts' with the following arguments: {'ament_cmake_args': None, 'build_base': '/home/robotics/ros2_cobot/build/traj_scripts', 'catkin_cmake_args': None, 'catkin_skip_building_tests': False, 'cmake_args': None, 'cmake_clean_cache': False, 'cmake_clean_first': False, 'cmake_force_configure': False, 'cmake_target': None, 'cmake_target_skip_unavailable': False, 'install_base': '/home/robotics/ros2_cobot/install/traj_scripts', 'merge_install': False, 'path': '/home/robotics/ros2_cobot/src/traj_scripts', 'symlink_install': False, 'test_result_base': None}
[0.326s] Level 5:colcon.colcon_core.verb:set package 'mecharm' build argument 'cmake_args' from command line to 'None'
[0.326s] Level 5:colcon.colcon_core.verb:set package 'mecharm' build argument 'cmake_target' from command line to 'None'
[0.326s] Level 5:colcon.colcon_core.verb:set package 'mecharm' build argument 'cmake_target_skip_unavailable' from command line to 'False'
[0.326s] Level 5:colcon.colcon_core.verb:set package 'mecharm' build argument 'cmake_clean_cache' from command line to 'False'
[0.326s] Level 5:colcon.colcon_core.verb:set package 'mecharm' build argument 'cmake_clean_first' from command line to 'False'
[0.326s] Level 5:colcon.colcon_core.verb:set package 'mecharm' build argument 'cmake_force_configure' from command line to 'False'
[0.326s] Level 5:colcon.colcon_core.verb:set package 'mecharm' build argument 'ament_cmake_args' from command line to 'None'
[0.326s] Level 5:colcon.colcon_core.verb:set package 'mecharm' build argument 'catkin_cmake_args' from command line to 'None'
[0.326s] Level 5:colcon.colcon_core.verb:set package 'mecharm' build argument 'catkin_skip_building_tests' from command line to 'False'
[0.326s] DEBUG:colcon.colcon_core.verb:Building package 'mecharm' with the following arguments: {'ament_cmake_args': None, 'build_base': '/home/robotics/ros2_cobot/build/mecharm', 'catkin_cmake_args': None, 'catkin_skip_building_tests': False, 'cmake_args': None, 'cmake_clean_cache': False, 'cmake_clean_first': False, 'cmake_force_configure': False, 'cmake_target': None, 'cmake_target_skip_unavailable': False, 'install_base': '/home/robotics/ros2_cobot/install/mecharm', 'merge_install': False, 'path': '/home/robotics/ros2_cobot/src/mycobot_ros2/mecharm/mecharm', 'symlink_install': False, 'test_result_base': None}
[0.326s] Level 5:colcon.colcon_core.verb:set package 'mecharm_communication' build argument 'cmake_args' from command line to 'None'
[0.326s] Level 5:colcon.colcon_core.verb:set package 'mecharm_communication' build argument 'cmake_target' from command line to 'None'
[0.326s] Level 5:colcon.colcon_core.verb:set package 'mecharm_communication' build argument 'cmake_target_skip_unavailable' from command line to 'False'
[0.326s] Level 5:colcon.colcon_core.verb:set package 'mecharm_communication' build argument 'cmake_clean_cache' from command line to 'False'
[0.326s] Level 5:colcon.colcon_core.verb:set package 'mecharm_communication' build argument 'cmake_clean_first' from command line to 'False'
[0.326s] Level 5:colcon.colcon_core.verb:set package 'mecharm_communication' build argument 'cmake_force_configure' from command line to 'False'
[0.326s] Level 5:colcon.colcon_core.verb:set package 'mecharm_communication' build argument 'ament_cmake_args' from command line to 'None'
[0.326s] Level 5:colcon.colcon_core.verb:set package 'mecharm_communication' build argument 'catkin_cmake_args' from command line to 'None'
[0.326s] Level 5:colcon.colcon_core.verb:set package 'mecharm_communication' build argument 'catkin_skip_building_tests' from command line to 'False'
[0.326s] DEBUG:colcon.colcon_core.verb:Building package 'mecharm_communication' with the following arguments: {'ament_cmake_args': None, 'build_base': '/home/robotics/ros2_cobot/build/mecharm_communication', 'catkin_cmake_args': None, 'catkin_skip_building_tests': False, 'cmake_args': None, 'cmake_clean_cache': False, 'cmake_clean_first': False, 'cmake_force_configure': False, 'cmake_target': None, 'cmake_target_skip_unavailable': False, 'install_base': '/home/robotics/ros2_cobot/install/mecharm_communication', 'merge_install': False, 'path': '/home/robotics/ros2_cobot/src/mycobot_ros2/mecharm/mecharm_communication', 'symlink_install': False, 'test_result_base': None}
[0.326s] Level 5:colcon.colcon_core.verb:set package 'mecharm_pi' build argument 'cmake_args' from command line to 'None'
[0.327s] Level 5:colcon.colcon_core.verb:set package 'mecharm_pi' build argument 'cmake_target' from command line to 'None'
[0.327s] Level 5:colcon.colcon_core.verb:set package 'mecharm_pi' build argument 'cmake_target_skip_unavailable' from command line to 'False'
[0.327s] Level 5:colcon.colcon_core.verb:set package 'mecharm_pi' build argument 'cmake_clean_cache' from command line to 'False'
[0.327s] Level 5:colcon.colcon_core.verb:set package 'mecharm_pi' build argument 'cmake_clean_first' from command line to 'False'
[0.327s] Level 5:colcon.colcon_core.verb:set package 'mecharm_pi' build argument 'cmake_force_configure' from command line to 'False'
[0.327s] Level 5:colcon.colcon_core.verb:set package 'mecharm_pi' build argument 'ament_cmake_args' from command line to 'None'
[0.327s] Level 5:colcon.colcon_core.verb:set package 'mecharm_pi' build argument 'catkin_cmake_args' from command line to 'None'
[0.327s] Level 5:colcon.colcon_core.verb:set package 'mecharm_pi' build argument 'catkin_skip_building_tests' from command line to 'False'
[0.327s] DEBUG:colcon.colcon_core.verb:Building package 'mecharm_pi' with the following arguments: {'ament_cmake_args': None, 'build_base': '/home/robotics/ros2_cobot/build/mecharm_pi', 'catkin_cmake_args': None, 'catkin_skip_building_tests': False, 'cmake_args': None, 'cmake_clean_cache': False, 'cmake_clean_first': False, 'cmake_force_configure': False, 'cmake_target': None, 'cmake_target_skip_unavailable': False, 'install_base': '/home/robotics/ros2_cobot/install/mecharm_pi', 'merge_install': False, 'path': '/home/robotics/ros2_cobot/src/mycobot_ros2/mecharm/mecharm_pi', 'symlink_install': False, 'test_result_base': None}
[0.327s] Level 5:colcon.colcon_core.verb:set package 'myarm_300' build argument 'cmake_args' from command line to 'None'
[0.327s] Level 5:colcon.colcon_core.verb:set package 'myarm_300' build argument 'cmake_target' from command line to 'None'
[0.327s] Level 5:colcon.colcon_core.verb:set package 'myarm_300' build argument 'cmake_target_skip_unavailable' from command line to 'False'
[0.327s] Level 5:colcon.colcon_core.verb:set package 'myarm_300' build argument 'cmake_clean_cache' from command line to 'False'
[0.327s] Level 5:colcon.colcon_core.verb:set package 'myarm_300' build argument 'cmake_clean_first' from command line to 'False'
[0.327s] Level 5:colcon.colcon_core.verb:set package 'myarm_300' build argument 'cmake_force_configure' from command line to 'False'
[0.327s] Level 5:colcon.colcon_core.verb:set package 'myarm_300' build argument 'ament_cmake_args' from command line to 'None'
[0.327s] Level 5:colcon.colcon_core.verb:set package 'myarm_300' build argument 'catkin_cmake_args' from command line to 'None'
[0.327s] Level 5:colcon.colcon_core.verb:set package 'myarm_300' build argument 'catkin_skip_building_tests' from command line to 'False'
[0.327s] DEBUG:colcon.colcon_core.verb:Building package 'myarm_300' with the following arguments: {'ament_cmake_args': None, 'build_base': '/home/robotics/ros2_cobot/build/myarm_300', 'catkin_cmake_args': None, 'catkin_skip_building_tests': False, 'cmake_args': None, 'cmake_clean_cache': False, 'cmake_clean_first': False, 'cmake_force_configure': False, 'cmake_target': None, 'cmake_target_skip_unavailable': False, 'install_base': '/home/robotics/ros2_cobot/install/myarm_300', 'merge_install': False, 'path': '/home/robotics/ros2_cobot/src/mycobot_ros2/myArm/myarm_300', 'symlink_install': False, 'test_result_base': None}
[0.327s] Level 5:colcon.colcon_core.verb:set package 'mybuddy' build argument 'cmake_args' from command line to 'None'
[0.327s] Level 5:colcon.colcon_core.verb:set package 'mybuddy' build argument 'cmake_target' from command line to 'None'
[0.327s] Level 5:colcon.colcon_core.verb:set package 'mybuddy' build argument 'cmake_target_skip_unavailable' from command line to 'False'
[0.327s] Level 5:colcon.colcon_core.verb:set package 'mybuddy' build argument 'cmake_clean_cache' from command line to 'False'
[0.327s] Level 5:colcon.colcon_core.verb:set package 'mybuddy' build argument 'cmake_clean_first' from command line to 'False'
[0.327s] Level 5:colcon.colcon_core.verb:set package 'mybuddy' build argument 'cmake_force_configure' from command line to 'False'
[0.327s] Level 5:colcon.colcon_core.verb:set package 'mybuddy' build argument 'ament_cmake_args' from command line to 'None'
[0.327s] Level 5:colcon.colcon_core.verb:set package 'mybuddy' build argument 'catkin_cmake_args' from command line to 'None'
[0.327s] Level 5:colcon.colcon_core.verb:set package 'mybuddy' build argument 'catkin_skip_building_tests' from command line to 'False'
[0.327s] DEBUG:colcon.colcon_core.verb:Building package 'mybuddy' with the following arguments: {'ament_cmake_args': None, 'build_base': '/home/robotics/ros2_cobot/build/mybuddy', 'catkin_cmake_args': None, 'catkin_skip_building_tests': False, 'cmake_args': None, 'cmake_clean_cache': False, 'cmake_clean_first': False, 'cmake_force_configure': False, 'cmake_target': None, 'cmake_target_skip_unavailable': False, 'install_base': '/home/robotics/ros2_cobot/install/mybuddy', 'merge_install': False, 'path': '/home/robotics/ros2_cobot/src/mycobot_ros2/Mybuddy/mybuddy', 'symlink_install': False, 'test_result_base': None}
[0.327s] Level 5:colcon.colcon_core.verb:set package 'mycobot_280' build argument 'cmake_args' from command line to 'None'
[0.327s] Level 5:colcon.colcon_core.verb:set package 'mycobot_280' build argument 'cmake_target' from command line to 'None'
[0.327s] Level 5:colcon.colcon_core.verb:set package 'mycobot_280' build argument 'cmake_target_skip_unavailable' from command line to 'False'
[0.327s] Level 5:colcon.colcon_core.verb:set package 'mycobot_280' build argument 'cmake_clean_cache' from command line to 'False'
[0.327s] Level 5:colcon.colcon_core.verb:set package 'mycobot_280' build argument 'cmake_clean_first' from command line to 'False'
[0.327s] Level 5:colcon.colcon_core.verb:set package 'mycobot_280' build argument 'cmake_force_configure' from command line to 'False'
[0.327s] Level 5:colcon.colcon_core.verb:set package 'mycobot_280' build argument 'ament_cmake_args' from command line to 'None'
[0.327s] Level 5:colcon.colcon_core.verb:set package 'mycobot_280' build argument 'catkin_cmake_args' from command line to 'None'
[0.327s] Level 5:colcon.colcon_core.verb:set package 'mycobot_280' build argument 'catkin_skip_building_tests' from command line to 'False'
[0.327s] DEBUG:colcon.colcon_core.verb:Building package 'mycobot_280' with the following arguments: {'ament_cmake_args': None, 'build_base': '/home/robotics/ros2_cobot/build/mycobot_280', 'catkin_cmake_args': None, 'catkin_skip_building_tests': False, 'cmake_args': None, 'cmake_clean_cache': False, 'cmake_clean_first': False, 'cmake_force_configure': False, 'cmake_target': None, 'cmake_target_skip_unavailable': False, 'install_base': '/home/robotics/ros2_cobot/install/mycobot_280', 'merge_install': False, 'path': '/home/robotics/ros2_cobot/src/mycobot_ros2/mycobot_280/mycobot_280', 'symlink_install': False, 'test_result_base': None}
[0.328s] Level 5:colcon.colcon_core.verb:set package 'mycobot_280_arduino' build argument 'cmake_args' from command line to 'None'
[0.328s] Level 5:colcon.colcon_core.verb:set package 'mycobot_280_arduino' build argument 'cmake_target' from command line to 'None'
[0.328s] Level 5:colcon.colcon_core.verb:set package 'mycobot_280_arduino' build argument 'cmake_target_skip_unavailable' from command line to 'False'
[0.328s] Level 5:colcon.colcon_core.verb:set package 'mycobot_280_arduino' build argument 'cmake_clean_cache' from command line to 'False'
[0.328s] Level 5:colcon.colcon_core.verb:set package 'mycobot_280_arduino' build argument 'cmake_clean_first' from command line to 'False'
[0.328s] Level 5:colcon.colcon_core.verb:set package 'mycobot_280_arduino' build argument 'cmake_force_configure' from command line to 'False'
[0.328s] Level 5:colcon.colcon_core.verb:set package 'mycobot_280_arduino' build argument 'ament_cmake_args' from command line to 'None'
[0.328s] Level 5:colcon.colcon_core.verb:set package 'mycobot_280_arduino' build argument 'catkin_cmake_args' from command line to 'None'
[0.328s] Level 5:colcon.colcon_core.verb:set package 'mycobot_280_arduino' build argument 'catkin_skip_building_tests' from command line to 'False'
[0.328s] DEBUG:colcon.colcon_core.verb:Building package 'mycobot_280_arduino' with the following arguments: {'ament_cmake_args': None, 'build_base': '/home/robotics/ros2_cobot/build/mycobot_280_arduino', 'catkin_cmake_args': None, 'catkin_skip_building_tests': False, 'cmake_args': None, 'cmake_clean_cache': False, 'cmake_clean_first': False, 'cmake_force_configure': False, 'cmake_target': None, 'cmake_target_skip_unavailable': False, 'install_base': '/home/robotics/ros2_cobot/install/mycobot_280_arduino', 'merge_install': False, 'path': '/home/robotics/ros2_cobot/src/mycobot_ros2/mycobot_280/mycobot_280_arduino', 'symlink_install': False, 'test_result_base': None}
[0.328s] Level 5:colcon.colcon_core.verb:set package 'mycobot_280_moveit2' build argument 'cmake_args' from command line to 'None'
[0.328s] Level 5:colcon.colcon_core.verb:set package 'mycobot_280_moveit2' build argument 'cmake_target' from command line to 'None'
[0.328s] Level 5:colcon.colcon_core.verb:set package 'mycobot_280_moveit2' build argument 'cmake_target_skip_unavailable' from command line to 'False'
[0.328s] Level 5:colcon.colcon_core.verb:set package 'mycobot_280_moveit2' build argument 'cmake_clean_cache' from command line to 'False'
[0.328s] Level 5:colcon.colcon_core.verb:set package 'mycobot_280_moveit2' build argument 'cmake_clean_first' from command line to 'False'
[0.328s] Level 5:colcon.colcon_core.verb:set package 'mycobot_280_moveit2' build argument 'cmake_force_configure' from command line to 'False'
[0.328s] Level 5:colcon.colcon_core.verb:set package 'mycobot_280_moveit2' build argument 'ament_cmake_args' from command line to 'None'
[0.328s] Level 5:colcon.colcon_core.verb:set package 'mycobot_280_moveit2' build argument 'catkin_cmake_args' from command line to 'None'
[0.328s] Level 5:colcon.colcon_core.verb:set package 'mycobot_280_moveit2' build argument 'catkin_skip_building_tests' from command line to 'False'
[0.328s] DEBUG:colcon.colcon_core.verb:Building package 'mycobot_280_moveit2' with the following arguments: {'ament_cmake_args': None, 'build_base': '/home/robotics/ros2_cobot/build/mycobot_280_moveit2', 'catkin_cmake_args': None, 'catkin_skip_building_tests': False, 'cmake_args': None, 'cmake_clean_cache': False, 'cmake_clean_first': False, 'cmake_force_configure': False, 'cmake_target': None, 'cmake_target_skip_unavailable': False, 'install_base': '/home/robotics/ros2_cobot/install/mycobot_280_moveit2', 'merge_install': False, 'path': '/home/robotics/ros2_cobot/src/mycobot_ros2/mycobot_280/mycobot_280_moveit2', 'symlink_install': False, 'test_result_base': None}
[0.328s] Level 5:colcon.colcon_core.verb:set package 'mycobot_280_moveit2_control' build argument 'cmake_args' from command line to 'None'
[0.328s] Level 5:colcon.colcon_core.verb:set package 'mycobot_280_moveit2_control' build argument 'cmake_target' from command line to 'None'
[0.328s] Level 5:colcon.colcon_core.verb:set package 'mycobot_280_moveit2_control' build argument 'cmake_target_skip_unavailable' from command line to 'False'
[0.328s] Level 5:colcon.colcon_core.verb:set package 'mycobot_280_moveit2_control' build argument 'cmake_clean_cache' from command line to 'False'
[0.328s] Level 5:colcon.colcon_core.verb:set package 'mycobot_280_moveit2_control' build argument 'cmake_clean_first' from command line to 'False'
[0.328s] Level 5:colcon.colcon_core.verb:set package 'mycobot_280_moveit2_control' build argument 'cmake_force_configure' from command line to 'False'
[0.328s] Level 5:colcon.colcon_core.verb:set package 'mycobot_280_moveit2_control' build argument 'ament_cmake_args' from command line to 'None'
[0.328s] Level 5:colcon.colcon_core.verb:set package 'mycobot_280_moveit2_control' build argument 'catkin_cmake_args' from command line to 'None'
[0.328s] Level 5:colcon.colcon_core.verb:set package 'mycobot_280_moveit2_control' build argument 'catkin_skip_building_tests' from command line to 'False'
[0.328s] DEBUG:colcon.colcon_core.verb:Building package 'mycobot_280_moveit2_control' with the following arguments: {'ament_cmake_args': None, 'build_base': '/home/robotics/ros2_cobot/build/mycobot_280_moveit2_control', 'catkin_cmake_args': None, 'catkin_skip_building_tests': False, 'cmake_args': None, 'cmake_clean_cache': False, 'cmake_clean_first': False, 'cmake_force_configure': False, 'cmake_target': None, 'cmake_target_skip_unavailable': False, 'install_base': '/home/robotics/ros2_cobot/install/mycobot_280_moveit2_control', 'merge_install': False, 'path': '/home/robotics/ros2_cobot/src/mycobot_ros2/mycobot_280/mycobot_280_moveit2_control', 'symlink_install': False, 'test_result_base': None}
[0.329s] Level 5:colcon.colcon_core.verb:set package 'mycobot_280_riscv' build argument 'cmake_args' from command line to 'None'
[0.329s] Level 5:colcon.colcon_core.verb:set package 'mycobot_280_riscv' build argument 'cmake_target' from command line to 'None'
[0.329s] Level 5:colcon.colcon_core.verb:set package 'mycobot_280_riscv' build argument 'cmake_target_skip_unavailable' from command line to 'False'
[0.329s] Level 5:colcon.colcon_core.verb:set package 'mycobot_280_riscv' build argument 'cmake_clean_cache' from command line to 'False'
[0.329s] Level 5:colcon.colcon_core.verb:set package 'mycobot_280_riscv' build argument 'cmake_clean_first' from command line to 'False'
[0.329s] Level 5:colcon.colcon_core.verb:set package 'mycobot_280_riscv' build argument 'cmake_force_configure' from command line to 'False'
[0.329s] Level 5:colcon.colcon_core.verb:set package 'mycobot_280_riscv' build argument 'ament_cmake_args' from command line to 'None'
[0.329s] Level 5:colcon.colcon_core.verb:set package 'mycobot_280_riscv' build argument 'catkin_cmake_args' from command line to 'None'
[0.329s] Level 5:colcon.colcon_core.verb:set package 'mycobot_280_riscv' build argument 'catkin_skip_building_tests' from command line to 'False'
[0.329s] DEBUG:colcon.colcon_core.verb:Building package 'mycobot_280_riscv' with the following arguments: {'ament_cmake_args': None, 'build_base': '/home/robotics/ros2_cobot/build/mycobot_280_riscv', 'catkin_cmake_args': None, 'catkin_skip_building_tests': False, 'cmake_args': None, 'cmake_clean_cache': False, 'cmake_clean_first': False, 'cmake_force_configure': False, 'cmake_target': None, 'cmake_target_skip_unavailable': False, 'install_base': '/home/robotics/ros2_cobot/install/mycobot_280_riscv', 'merge_install': False, 'path': '/home/robotics/ros2_cobot/src/mycobot_ros2/mycobot_280/mycobot_280_riscv', 'symlink_install': False, 'test_result_base': None}
[0.329s] Level 5:colcon.colcon_core.verb:set package 'mycobot_280_x3pi' build argument 'cmake_args' from command line to 'None'
[0.329s] Level 5:colcon.colcon_core.verb:set package 'mycobot_280_x3pi' build argument 'cmake_target' from command line to 'None'
[0.329s] Level 5:colcon.colcon_core.verb:set package 'mycobot_280_x3pi' build argument 'cmake_target_skip_unavailable' from command line to 'False'
[0.329s] Level 5:colcon.colcon_core.verb:set package 'mycobot_280_x3pi' build argument 'cmake_clean_cache' from command line to 'False'
[0.329s] Level 5:colcon.colcon_core.verb:set package 'mycobot_280_x3pi' build argument 'cmake_clean_first' from command line to 'False'
[0.329s] Level 5:colcon.colcon_core.verb:set package 'mycobot_280_x3pi' build argument 'cmake_force_configure' from command line to 'False'
[0.329s] Level 5:colcon.colcon_core.verb:set package 'mycobot_280_x3pi' build argument 'ament_cmake_args' from command line to 'None'
[0.329s] Level 5:colcon.colcon_core.verb:set package 'mycobot_280_x3pi' build argument 'catkin_cmake_args' from command line to 'None'
[0.329s] Level 5:colcon.colcon_core.verb:set package 'mycobot_280_x3pi' build argument 'catkin_skip_building_tests' from command line to 'False'
[0.329s] DEBUG:colcon.colcon_core.verb:Building package 'mycobot_280_x3pi' with the following arguments: {'ament_cmake_args': None, 'build_base': '/home/robotics/ros2_cobot/build/mycobot_280_x3pi', 'catkin_cmake_args': None, 'catkin_skip_building_tests': False, 'cmake_args': None, 'cmake_clean_cache': False, 'cmake_clean_first': False, 'cmake_force_configure': False, 'cmake_target': None, 'cmake_target_skip_unavailable': False, 'install_base': '/home/robotics/ros2_cobot/install/mycobot_280_x3pi', 'merge_install': False, 'path': '/home/robotics/ros2_cobot/src/mycobot_ros2/mycobot_280/mycobot_280_x3pi', 'symlink_install': False, 'test_result_base': None}
[0.329s] Level 5:colcon.colcon_core.verb:set package 'mycobot_280arduino_moveit2' build argument 'cmake_args' from command line to 'None'
[0.329s] Level 5:colcon.colcon_core.verb:set package 'mycobot_280arduino_moveit2' build argument 'cmake_target' from command line to 'None'
[0.329s] Level 5:colcon.colcon_core.verb:set package 'mycobot_280arduino_moveit2' build argument 'cmake_target_skip_unavailable' from command line to 'False'
[0.329s] Level 5:colcon.colcon_core.verb:set package 'mycobot_280arduino_moveit2' build argument 'cmake_clean_cache' from command line to 'False'
[0.329s] Level 5:colcon.colcon_core.verb:set package 'mycobot_280arduino_moveit2' build argument 'cmake_clean_first' from command line to 'False'
[0.329s] Level 5:colcon.colcon_core.verb:set package 'mycobot_280arduino_moveit2' build argument 'cmake_force_configure' from command line to 'False'
[0.329s] Level 5:colcon.colcon_core.verb:set package 'mycobot_280arduino_moveit2' build argument 'ament_cmake_args' from command line to 'None'
[0.330s] Level 5:colcon.colcon_core.verb:set package 'mycobot_280arduino_moveit2' build argument 'catkin_cmake_args' from command line to 'None'
[0.330s] Level 5:colcon.colcon_core.verb:set package 'mycobot_280arduino_moveit2' build argument 'catkin_skip_building_tests' from command line to 'False'
[0.330s] DEBUG:colcon.colcon_core.verb:Building package 'mycobot_280arduino_moveit2' with the following arguments: {'ament_cmake_args': None, 'build_base': '/home/robotics/ros2_cobot/build/mycobot_280arduino_moveit2', 'catkin_cmake_args': None, 'catkin_skip_building_tests': False, 'cmake_args': None, 'cmake_clean_cache': False, 'cmake_clean_first': False, 'cmake_force_configure': False, 'cmake_target': None, 'cmake_target_skip_unavailable': False, 'install_base': '/home/robotics/ros2_cobot/install/mycobot_280arduino_moveit2', 'merge_install': False, 'path': '/home/robotics/ros2_cobot/src/mycobot_ros2/mycobot_280/mycobot_280arduino_moveit2', 'symlink_install': False, 'test_result_base': None}
[0.330s] Level 5:colcon.colcon_core.verb:set package 'mycobot_280jn' build argument 'cmake_args' from command line to 'None'
[0.330s] Level 5:colcon.colcon_core.verb:set package 'mycobot_280jn' build argument 'cmake_target' from command line to 'None'
[0.330s] Level 5:colcon.colcon_core.verb:set package 'mycobot_280jn' build argument 'cmake_target_skip_unavailable' from command line to 'False'
[0.330s] Level 5:colcon.colcon_core.verb:set package 'mycobot_280jn' build argument 'cmake_clean_cache' from command line to 'False'
[0.330s] Level 5:colcon.colcon_core.verb:set package 'mycobot_280jn' build argument 'cmake_clean_first' from command line to 'False'
[0.330s] Level 5:colcon.colcon_core.verb:set package 'mycobot_280jn' build argument 'cmake_force_configure' from command line to 'False'
[0.330s] Level 5:colcon.colcon_core.verb:set package 'mycobot_280jn' build argument 'ament_cmake_args' from command line to 'None'
[0.330s] Level 5:colcon.colcon_core.verb:set package 'mycobot_280jn' build argument 'catkin_cmake_args' from command line to 'None'
[0.330s] Level 5:colcon.colcon_core.verb:set package 'mycobot_280jn' build argument 'catkin_skip_building_tests' from command line to 'False'
[0.330s] DEBUG:colcon.colcon_core.verb:Building package 'mycobot_280jn' with the following arguments: {'ament_cmake_args': None, 'build_base': '/home/robotics/ros2_cobot/build/mycobot_280jn', 'catkin_cmake_args': None, 'catkin_skip_building_tests': False, 'cmake_args': None, 'cmake_clean_cache': False, 'cmake_clean_first': False, 'cmake_force_configure': False, 'cmake_target': None, 'cmake_target_skip_unavailable': False, 'install_base': '/home/robotics/ros2_cobot/install/mycobot_280jn', 'merge_install': False, 'path': '/home/robotics/ros2_cobot/src/mycobot_ros2/mycobot_280/mycobot_280jn', 'symlink_install': False, 'test_result_base': None}
[0.330s] Level 5:colcon.colcon_core.verb:set package 'mycobot_280pi' build argument 'cmake_args' from command line to 'None'
[0.330s] Level 5:colcon.colcon_core.verb:set package 'mycobot_280pi' build argument 'cmake_target' from command line to 'None'
[0.330s] Level 5:colcon.colcon_core.verb:set package 'mycobot_280pi' build argument 'cmake_target_skip_unavailable' from command line to 'False'
[0.330s] Level 5:colcon.colcon_core.verb:set package 'mycobot_280pi' build argument 'cmake_clean_cache' from command line to 'False'
[0.330s] Level 5:colcon.colcon_core.verb:set package 'mycobot_280pi' build argument 'cmake_clean_first' from command line to 'False'
[0.330s] Level 5:colcon.colcon_core.verb:set package 'mycobot_280pi' build argument 'cmake_force_configure' from command line to 'False'
[0.330s] Level 5:colcon.colcon_core.verb:set package 'mycobot_280pi' build argument 'ament_cmake_args' from command line to 'None'
[0.330s] Level 5:colcon.colcon_core.verb:set package 'mycobot_280pi' build argument 'catkin_cmake_args' from command line to 'None'
[0.330s] Level 5:colcon.colcon_core.verb:set package 'mycobot_280pi' build argument 'catkin_skip_building_tests' from command line to 'False'
[0.330s] DEBUG:colcon.colcon_core.verb:Building package 'mycobot_280pi' with the following arguments: {'ament_cmake_args': None, 'build_base': '/home/robotics/ros2_cobot/build/mycobot_280pi', 'catkin_cmake_args': None, 'catkin_skip_building_tests': False, 'cmake_args': None, 'cmake_clean_cache': False, 'cmake_clean_first': False, 'cmake_force_configure': False, 'cmake_target': None, 'cmake_target_skip_unavailable': False, 'install_base': '/home/robotics/ros2_cobot/install/mycobot_280pi', 'merge_install': False, 'path': '/home/robotics/ros2_cobot/src/mycobot_ros2/mycobot_280/mycobot_280pi', 'symlink_install': False, 'test_result_base': None}
[0.330s] Level 5:colcon.colcon_core.verb:set package 'mycobot_280rdkx5_moveit2' build argument 'cmake_args' from command line to 'None'
[0.330s] Level 5:colcon.colcon_core.verb:set package 'mycobot_280rdkx5_moveit2' build argument 'cmake_target' from command line to 'None'
[0.330s] Level 5:colcon.colcon_core.verb:set package 'mycobot_280rdkx5_moveit2' build argument 'cmake_target_skip_unavailable' from command line to 'False'
[0.330s] Level 5:colcon.colcon_core.verb:set package 'mycobot_280rdkx5_moveit2' build argument 'cmake_clean_cache' from command line to 'False'
[0.330s] Level 5:colcon.colcon_core.verb:set package 'mycobot_280rdkx5_moveit2' build argument 'cmake_clean_first' from command line to 'False'
[0.330s] Level 5:colcon.colcon_core.verb:set package 'mycobot_280rdkx5_moveit2' build argument 'cmake_force_configure' from command line to 'False'
[0.330s] Level 5:colcon.colcon_core.verb:set package 'mycobot_280rdkx5_moveit2' build argument 'ament_cmake_args' from command line to 'None'
[0.330s] Level 5:colcon.colcon_core.verb:set package 'mycobot_280rdkx5_moveit2' build argument 'catkin_cmake_args' from command line to 'None'
[0.330s] Level 5:colcon.colcon_core.verb:set package 'mycobot_280rdkx5_moveit2' build argument 'catkin_skip_building_tests' from command line to 'False'
[0.331s] DEBUG:colcon.colcon_core.verb:Building package 'mycobot_280rdkx5_moveit2' with the following arguments: {'ament_cmake_args': None, 'build_base': '/home/robotics/ros2_cobot/build/mycobot_280rdkx5_moveit2', 'catkin_cmake_args': None, 'catkin_skip_building_tests': False, 'cmake_args': None, 'cmake_clean_cache': False, 'cmake_clean_first': False, 'cmake_force_configure': False, 'cmake_target': None, 'cmake_target_skip_unavailable': False, 'install_base': '/home/robotics/ros2_cobot/install/mycobot_280rdkx5_moveit2', 'merge_install': False, 'path': '/home/robotics/ros2_cobot/src/mycobot_ros2/mycobot_280/mycobot_280rdkx5_moveit2', 'symlink_install': False, 'test_result_base': None}
[0.331s] Level 5:colcon.colcon_core.verb:set package 'mycobot_320' build argument 'cmake_args' from command line to 'None'
[0.331s] Level 5:colcon.colcon_core.verb:set package 'mycobot_320' build argument 'cmake_target' from command line to 'None'
[0.331s] Level 5:colcon.colcon_core.verb:set package 'mycobot_320' build argument 'cmake_target_skip_unavailable' from command line to 'False'
[0.331s] Level 5:colcon.colcon_core.verb:set package 'mycobot_320' build argument 'cmake_clean_cache' from command line to 'False'
[0.331s] Level 5:colcon.colcon_core.verb:set package 'mycobot_320' build argument 'cmake_clean_first' from command line to 'False'
[0.331s] Level 5:colcon.colcon_core.verb:set package 'mycobot_320' build argument 'cmake_force_configure' from command line to 'False'
[0.331s] Level 5:colcon.colcon_core.verb:set package 'mycobot_320' build argument 'ament_cmake_args' from command line to 'None'
[0.331s] Level 5:colcon.colcon_core.verb:set package 'mycobot_320' build argument 'catkin_cmake_args' from command line to 'None'
[0.331s] Level 5:colcon.colcon_core.verb:set package 'mycobot_320' build argument 'catkin_skip_building_tests' from command line to 'False'
[0.331s] DEBUG:colcon.colcon_core.verb:Building package 'mycobot_320' with the following arguments: {'ament_cmake_args': None, 'build_base': '/home/robotics/ros2_cobot/build/mycobot_320', 'catkin_cmake_args': None, 'catkin_skip_building_tests': False, 'cmake_args': None, 'cmake_clean_cache': False, 'cmake_clean_first': False, 'cmake_force_configure': False, 'cmake_target': None, 'cmake_target_skip_unavailable': False, 'install_base': '/home/robotics/ros2_cobot/install/mycobot_320', 'merge_install': False, 'path': '/home/robotics/ros2_cobot/src/mycobot_ros2/mycobot_320/mycobot_320', 'symlink_install': False, 'test_result_base': None}
[0.331s] Level 5:colcon.colcon_core.verb:set package 'mycobot_320_riscv' build argument 'cmake_args' from command line to 'None'
[0.331s] Level 5:colcon.colcon_core.verb:set package 'mycobot_320_riscv' build argument 'cmake_target' from command line to 'None'
[0.331s] Level 5:colcon.colcon_core.verb:set package 'mycobot_320_riscv' build argument 'cmake_target_skip_unavailable' from command line to 'False'
[0.331s] Level 5:colcon.colcon_core.verb:set package 'mycobot_320_riscv' build argument 'cmake_clean_cache' from command line to 'False'
[0.331s] Level 5:colcon.colcon_core.verb:set package 'mycobot_320_riscv' build argument 'cmake_clean_first' from command line to 'False'
[0.331s] Level 5:colcon.colcon_core.verb:set package 'mycobot_320_riscv' build argument 'cmake_force_configure' from command line to 'False'
[0.331s] Level 5:colcon.colcon_core.verb:set package 'mycobot_320_riscv' build argument 'ament_cmake_args' from command line to 'None'
[0.331s] Level 5:colcon.colcon_core.verb:set package 'mycobot_320_riscv' build argument 'catkin_cmake_args' from command line to 'None'
[0.331s] Level 5:colcon.colcon_core.verb:set package 'mycobot_320_riscv' build argument 'catkin_skip_building_tests' from command line to 'False'
[0.331s] DEBUG:colcon.colcon_core.verb:Building package 'mycobot_320_riscv' with the following arguments: {'ament_cmake_args': None, 'build_base': '/home/robotics/ros2_cobot/build/mycobot_320_riscv', 'catkin_cmake_args': None, 'catkin_skip_building_tests': False, 'cmake_args': None, 'cmake_clean_cache': False, 'cmake_clean_first': False, 'cmake_force_configure': False, 'cmake_target': None, 'cmake_target_skip_unavailable': False, 'install_base': '/home/robotics/ros2_cobot/install/mycobot_320_riscv', 'merge_install': False, 'path': '/home/robotics/ros2_cobot/src/mycobot_ros2/mycobot_320/mycobot_320_riscv', 'symlink_install': False, 'test_result_base': None}
[0.331s] Level 5:colcon.colcon_core.verb:set package 'mycobot_320pi' build argument 'cmake_args' from command line to 'None'
[0.331s] Level 5:colcon.colcon_core.verb:set package 'mycobot_320pi' build argument 'cmake_target' from command line to 'None'
[0.331s] Level 5:colcon.colcon_core.verb:set package 'mycobot_320pi' build argument 'cmake_target_skip_unavailable' from command line to 'False'
[0.331s] Level 5:colcon.colcon_core.verb:set package 'mycobot_320pi' build argument 'cmake_clean_cache' from command line to 'False'
[0.331s] Level 5:colcon.colcon_core.verb:set package 'mycobot_320pi' build argument 'cmake_clean_first' from command line to 'False'
[0.332s] Level 5:colcon.colcon_core.verb:set package 'mycobot_320pi' build argument 'cmake_force_configure' from command line to 'False'
[0.332s] Level 5:colcon.colcon_core.verb:set package 'mycobot_320pi' build argument 'ament_cmake_args' from command line to 'None'
[0.332s] Level 5:colcon.colcon_core.verb:set package 'mycobot_320pi' build argument 'catkin_cmake_args' from command line to 'None'
[0.332s] Level 5:colcon.colcon_core.verb:set package 'mycobot_320pi' build argument 'catkin_skip_building_tests' from command line to 'False'
[0.332s] DEBUG:colcon.colcon_core.verb:Building package 'mycobot_320pi' with the following arguments: {'ament_cmake_args': None, 'build_base': '/home/robotics/ros2_cobot/build/mycobot_320pi', 'catkin_cmake_args': None, 'catkin_skip_building_tests': False, 'cmake_args': None, 'cmake_clean_cache': False, 'cmake_clean_first': False, 'cmake_force_configure': False, 'cmake_target': None, 'cmake_target_skip_unavailable': False, 'install_base': '/home/robotics/ros2_cobot/install/mycobot_320pi', 'merge_install': False, 'path': '/home/robotics/ros2_cobot/src/mycobot_ros2/mycobot_320/mycobot_320pi', 'symlink_install': False, 'test_result_base': None}
[0.332s] Level 5:colcon.colcon_core.verb:set package 'mycobot_600' build argument 'cmake_args' from command line to 'None'
[0.332s] Level 5:colcon.colcon_core.verb:set package 'mycobot_600' build argument 'cmake_target' from command line to 'None'
[0.332s] Level 5:colcon.colcon_core.verb:set package 'mycobot_600' build argument 'cmake_target_skip_unavailable' from command line to 'False'
[0.332s] Level 5:colcon.colcon_core.verb:set package 'mycobot_600' build argument 'cmake_clean_cache' from command line to 'False'
[0.332s] Level 5:colcon.colcon_core.verb:set package 'mycobot_600' build argument 'cmake_clean_first' from command line to 'False'
[0.332s] Level 5:colcon.colcon_core.verb:set package 'mycobot_600' build argument 'cmake_force_configure' from command line to 'False'
[0.332s] Level 5:colcon.colcon_core.verb:set package 'mycobot_600' build argument 'ament_cmake_args' from command line to 'None'
[0.332s] Level 5:colcon.colcon_core.verb:set package 'mycobot_600' build argument 'catkin_cmake_args' from command line to 'None'
[0.332s] Level 5:colcon.colcon_core.verb:set package 'mycobot_600' build argument 'catkin_skip_building_tests' from command line to 'False'
[0.332s] DEBUG:colcon.colcon_core.verb:Building package 'mycobot_600' with the following arguments: {'ament_cmake_args': None, 'build_base': '/home/robotics/ros2_cobot/build/mycobot_600', 'catkin_cmake_args': None, 'catkin_skip_building_tests': False, 'cmake_args': None, 'cmake_clean_cache': False, 'cmake_clean_first': False, 'cmake_force_configure': False, 'cmake_target': None, 'cmake_target_skip_unavailable': False, 'install_base': '/home/robotics/ros2_cobot/install/mycobot_600', 'merge_install': False, 'path': '/home/robotics/ros2_cobot/src/mycobot_ros2/mycobot_pro/mycobot_600', 'symlink_install': False, 'test_result_base': None}
[0.332s] Level 5:colcon.colcon_core.verb:set package 'mycobot_630' build argument 'cmake_args' from command line to 'None'
[0.332s] Level 5:colcon.colcon_core.verb:set package 'mycobot_630' build argument 'cmake_target' from command line to 'None'
[0.332s] Level 5:colcon.colcon_core.verb:set package 'mycobot_630' build argument 'cmake_target_skip_unavailable' from command line to 'False'
[0.332s] Level 5:colcon.colcon_core.verb:set package 'mycobot_630' build argument 'cmake_clean_cache' from command line to 'False'
[0.332s] Level 5:colcon.colcon_core.verb:set package 'mycobot_630' build argument 'cmake_clean_first' from command line to 'False'
[0.332s] Level 5:colcon.colcon_core.verb:set package 'mycobot_630' build argument 'cmake_force_configure' from command line to 'False'
[0.332s] Level 5:colcon.colcon_core.verb:set package 'mycobot_630' build argument 'ament_cmake_args' from command line to 'None'
[0.332s] Level 5:colcon.colcon_core.verb:set package 'mycobot_630' build argument 'catkin_cmake_args' from command line to 'None'
[0.332s] Level 5:colcon.colcon_core.verb:set package 'mycobot_630' build argument 'catkin_skip_building_tests' from command line to 'False'
[0.332s] DEBUG:colcon.colcon_core.verb:Building package 'mycobot_630' with the following arguments: {'ament_cmake_args': None, 'build_base': '/home/robotics/ros2_cobot/build/mycobot_630', 'catkin_cmake_args': None, 'catkin_skip_building_tests': False, 'cmake_args': None, 'cmake_clean_cache': False, 'cmake_clean_first': False, 'cmake_force_configure': False, 'cmake_target': None, 'cmake_target_skip_unavailable': False, 'install_base': '/home/robotics/ros2_cobot/install/mycobot_630', 'merge_install': False, 'path': '/home/robotics/ros2_cobot/src/mycobot_ros2/mycobot_pro/mycobot_630', 'symlink_install': False, 'test_result_base': None}
[0.333s] Level 5:colcon.colcon_core.verb:set package 'mycobot_communication' build argument 'cmake_args' from command line to 'None'
[0.333s] Level 5:colcon.colcon_core.verb:set package 'mycobot_communication' build argument 'cmake_target' from command line to 'None'
[0.333s] Level 5:colcon.colcon_core.verb:set package 'mycobot_communication' build argument 'cmake_target_skip_unavailable' from command line to 'False'
[0.333s] Level 5:colcon.colcon_core.verb:set package 'mycobot_communication' build argument 'cmake_clean_cache' from command line to 'False'
[0.333s] Level 5:colcon.colcon_core.verb:set package 'mycobot_communication' build argument 'cmake_clean_first' from command line to 'False'
[0.333s] Level 5:colcon.colcon_core.verb:set package 'mycobot_communication' build argument 'cmake_force_configure' from command line to 'False'
[0.333s] Level 5:colcon.colcon_core.verb:set package 'mycobot_communication' build argument 'ament_cmake_args' from command line to 'None'
[0.333s] Level 5:colcon.colcon_core.verb:set package 'mycobot_communication' build argument 'catkin_cmake_args' from command line to 'None'
[0.333s] Level 5:colcon.colcon_core.verb:set package 'mycobot_communication' build argument 'catkin_skip_building_tests' from command line to 'False'
[0.333s] DEBUG:colcon.colcon_core.verb:Building package 'mycobot_communication' with the following arguments: {'ament_cmake_args': None, 'build_base': '/home/robotics/ros2_cobot/build/mycobot_communication', 'catkin_cmake_args': None, 'catkin_skip_building_tests': False, 'cmake_args': None, 'cmake_clean_cache': False, 'cmake_clean_first': False, 'cmake_force_configure': False, 'cmake_target': None, 'cmake_target_skip_unavailable': False, 'install_base': '/home/robotics/ros2_cobot/install/mycobot_communication', 'merge_install': False, 'path': '/home/robotics/ros2_cobot/src/mycobot_ros2/mycobot_communication', 'symlink_install': False, 'test_result_base': None}
[0.333s] Level 5:colcon.colcon_core.verb:set package 'mypalletizer_260' build argument 'cmake_args' from command line to 'None'
[0.333s] Level 5:colcon.colcon_core.verb:set package 'mypalletizer_260' build argument 'cmake_target' from command line to 'None'
[0.333s] Level 5:colcon.colcon_core.verb:set package 'mypalletizer_260' build argument 'cmake_target_skip_unavailable' from command line to 'False'
[0.333s] Level 5:colcon.colcon_core.verb:set package 'mypalletizer_260' build argument 'cmake_clean_cache' from command line to 'False'
[0.333s] Level 5:colcon.colcon_core.verb:set package 'mypalletizer_260' build argument 'cmake_clean_first' from command line to 'False'
[0.333s] Level 5:colcon.colcon_core.verb:set package 'mypalletizer_260' build argument 'cmake_force_configure' from command line to 'False'
[0.333s] Level 5:colcon.colcon_core.verb:set package 'mypalletizer_260' build argument 'ament_cmake_args' from command line to 'None'
[0.333s] Level 5:colcon.colcon_core.verb:set package 'mypalletizer_260' build argument 'catkin_cmake_args' from command line to 'None'
[0.333s] Level 5:colcon.colcon_core.verb:set package 'mypalletizer_260' build argument 'catkin_skip_building_tests' from command line to 'False'
[0.333s] DEBUG:colcon.colcon_core.verb:Building package 'mypalletizer_260' with the following arguments: {'ament_cmake_args': None, 'build_base': '/home/robotics/ros2_cobot/build/mypalletizer_260', 'catkin_cmake_args': None, 'catkin_skip_building_tests': False, 'cmake_args': None, 'cmake_clean_cache': False, 'cmake_clean_first': False, 'cmake_force_configure': False, 'cmake_target': None, 'cmake_target_skip_unavailable': False, 'install_base': '/home/robotics/ros2_cobot/install/mypalletizer_260', 'merge_install': False, 'path': '/home/robotics/ros2_cobot/src/mycobot_ros2/mypalletizer_260/mypalletizer_260', 'symlink_install': False, 'test_result_base': None}
[0.333s] Level 5:colcon.colcon_core.verb:set package 'mypalletizer_260_pi' build argument 'cmake_args' from command line to 'None'
[0.333s] Level 5:colcon.colcon_core.verb:set package 'mypalletizer_260_pi' build argument 'cmake_target' from command line to 'None'
[0.333s] Level 5:colcon.colcon_core.verb:set package 'mypalletizer_260_pi' build argument 'cmake_target_skip_unavailable' from command line to 'False'
[0.333s] Level 5:colcon.colcon_core.verb:set package 'mypalletizer_260_pi' build argument 'cmake_clean_cache' from command line to 'False'
[0.333s] Level 5:colcon.colcon_core.verb:set package 'mypalletizer_260_pi' build argument 'cmake_clean_first' from command line to 'False'
[0.333s] Level 5:colcon.colcon_core.verb:set package 'mypalletizer_260_pi' build argument 'cmake_force_configure' from command line to 'False'
[0.333s] Level 5:colcon.colcon_core.verb:set package 'mypalletizer_260_pi' build argument 'ament_cmake_args' from command line to 'None'
[0.334s] Level 5:colcon.colcon_core.verb:set package 'mypalletizer_260_pi' build argument 'catkin_cmake_args' from command line to 'None'
[0.334s] Level 5:colcon.colcon_core.verb:set package 'mypalletizer_260_pi' build argument 'catkin_skip_building_tests' from command line to 'False'
[0.334s] DEBUG:colcon.colcon_core.verb:Building package 'mypalletizer_260_pi' with the following arguments: {'ament_cmake_args': None, 'build_base': '/home/robotics/ros2_cobot/build/mypalletizer_260_pi', 'catkin_cmake_args': None, 'catkin_skip_building_tests': False, 'cmake_args': None, 'cmake_clean_cache': False, 'cmake_clean_first': False, 'cmake_force_configure': False, 'cmake_target': None, 'cmake_target_skip_unavailable': False, 'install_base': '/home/robotics/ros2_cobot/install/mypalletizer_260_pi', 'merge_install': False, 'path': '/home/robotics/ros2_cobot/src/mycobot_ros2/mypalletizer_260/mypalletizer_260_pi', 'symlink_install': False, 'test_result_base': None}
[0.334s] Level 5:colcon.colcon_core.verb:set package 'mypalletizer_communication' build argument 'cmake_args' from command line to 'None'
[0.334s] Level 5:colcon.colcon_core.verb:set package 'mypalletizer_communication' build argument 'cmake_target' from command line to 'None'
[0.334s] Level 5:colcon.colcon_core.verb:set package 'mypalletizer_communication' build argument 'cmake_target_skip_unavailable' from command line to 'False'
[0.334s] Level 5:colcon.colcon_core.verb:set package 'mypalletizer_communication' build argument 'cmake_clean_cache' from command line to 'False'
[0.334s] Level 5:colcon.colcon_core.verb:set package 'mypalletizer_communication' build argument 'cmake_clean_first' from command line to 'False'
[0.334s] Level 5:colcon.colcon_core.verb:set package 'mypalletizer_communication' build argument 'cmake_force_configure' from command line to 'False'
[0.334s] Level 5:colcon.colcon_core.verb:set package 'mypalletizer_communication' build argument 'ament_cmake_args' from command line to 'None'
[0.334s] Level 5:colcon.colcon_core.verb:set package 'mypalletizer_communication' build argument 'catkin_cmake_args' from command line to 'None'
[0.334s] Level 5:colcon.colcon_core.verb:set package 'mypalletizer_communication' build argument 'catkin_skip_building_tests' from command line to 'False'
[0.334s] DEBUG:colcon.colcon_core.verb:Building package 'mypalletizer_communication' with the following arguments: {'ament_cmake_args': None, 'build_base': '/home/robotics/ros2_cobot/build/mypalletizer_communication', 'catkin_cmake_args': None, 'catkin_skip_building_tests': False, 'cmake_args': None, 'cmake_clean_cache': False, 'cmake_clean_first': False, 'cmake_force_configure': False, 'cmake_target': None, 'cmake_target_skip_unavailable': False, 'install_base': '/home/robotics/ros2_cobot/install/mypalletizer_communication', 'merge_install': False, 'path': '/home/robotics/ros2_cobot/src/mycobot_ros2/mypalletizer_260/mypalletizer_communication', 'symlink_install': False, 'test_result_base': None}
[0.334s] Level 5:colcon.colcon_core.verb:set package 'ultraarm' build argument 'cmake_args' from command line to 'None'
[0.334s] Level 5:colcon.colcon_core.verb:set package 'ultraarm' build argument 'cmake_target' from command line to 'None'
[0.334s] Level 5:colcon.colcon_core.verb:set package 'ultraarm' build argument 'cmake_target_skip_unavailable' from command line to 'False'
[0.334s] Level 5:colcon.colcon_core.verb:set package 'ultraarm' build argument 'cmake_clean_cache' from command line to 'False'
[0.334s] Level 5:colcon.colcon_core.verb:set package 'ultraarm' build argument 'cmake_clean_first' from command line to 'False'
[0.334s] Level 5:colcon.colcon_core.verb:set package 'ultraarm' build argument 'cmake_force_configure' from command line to 'False'
[0.334s] Level 5:colcon.colcon_core.verb:set package 'ultraarm' build argument 'ament_cmake_args' from command line to 'None'
[0.334s] Level 5:colcon.colcon_core.verb:set package 'ultraarm' build argument 'catkin_cmake_args' from command line to 'None'
[0.334s] Level 5:colcon.colcon_core.verb:set package 'ultraarm' build argument 'catkin_skip_building_tests' from command line to 'False'
[0.334s] DEBUG:colcon.colcon_core.verb:Building package 'ultraarm' with the following arguments: {'ament_cmake_args': None, 'build_base': '/home/robotics/ros2_cobot/build/ultraarm', 'catkin_cmake_args': None, 'catkin_skip_building_tests': False, 'cmake_args': None, 'cmake_clean_cache': False, 'cmake_clean_first': False, 'cmake_force_configure': False, 'cmake_target': None, 'cmake_target_skip_unavailable': False, 'install_base': '/home/robotics/ros2_cobot/install/ultraarm', 'merge_install': False, 'path': '/home/robotics/ros2_cobot/src/mycobot_ros2/ultraArm/ultraarm', 'symlink_install': False, 'test_result_base': None}
[0.334s] Level 5:colcon.colcon_core.verb:set package 'myarm_c650' build argument 'cmake_args' from command line to 'None'
[0.334s] Level 5:colcon.colcon_core.verb:set package 'myarm_c650' build argument 'cmake_target' from command line to 'None'
[0.334s] Level 5:colcon.colcon_core.verb:set package 'myarm_c650' build argument 'cmake_target_skip_unavailable' from command line to 'False'
[0.334s] Level 5:colcon.colcon_core.verb:set package 'myarm_c650' build argument 'cmake_clean_cache' from command line to 'False'
[0.334s] Level 5:colcon.colcon_core.verb:set package 'myarm_c650' build argument 'cmake_clean_first' from command line to 'False'
[0.334s] Level 5:colcon.colcon_core.verb:set package 'myarm_c650' build argument 'cmake_force_configure' from command line to 'False'
[0.334s] Level 5:colcon.colcon_core.verb:set package 'myarm_c650' build argument 'ament_cmake_args' from command line to 'None'
[0.334s] Level 5:colcon.colcon_core.verb:set package 'myarm_c650' build argument 'catkin_cmake_args' from command line to 'None'
[0.334s] Level 5:colcon.colcon_core.verb:set package 'myarm_c650' build argument 'catkin_skip_building_tests' from command line to 'False'
[0.334s] DEBUG:colcon.colcon_core.verb:Building package 'myarm_c650' with the following arguments: {'ament_cmake_args': None, 'build_base': '/home/robotics/ros2_cobot/build/myarm_c650', 'catkin_cmake_args': None, 'catkin_skip_building_tests': False, 'cmake_args': None, 'cmake_clean_cache': False, 'cmake_clean_first': False, 'cmake_force_configure': False, 'cmake_target': None, 'cmake_target_skip_unavailable': False, 'install_base': '/home/robotics/ros2_cobot/install/myarm_c650', 'merge_install': False, 'path': '/home/robotics/ros2_cobot/src/mycobot_ros2/myArm/myarm_c650', 'symlink_install': False, 'test_result_base': None}
[0.335s] Level 5:colcon.colcon_core.verb:set package 'myarm_m750' build argument 'cmake_args' from command line to 'None'
[0.335s] Level 5:colcon.colcon_core.verb:set package 'myarm_m750' build argument 'cmake_target' from command line to 'None'
[0.335s] Level 5:colcon.colcon_core.verb:set package 'myarm_m750' build argument 'cmake_target_skip_unavailable' from command line to 'False'
[0.335s] Level 5:colcon.colcon_core.verb:set package 'myarm_m750' build argument 'cmake_clean_cache' from command line to 'False'
[0.335s] Level 5:colcon.colcon_core.verb:set package 'myarm_m750' build argument 'cmake_clean_first' from command line to 'False'
[0.335s] Level 5:colcon.colcon_core.verb:set package 'myarm_m750' build argument 'cmake_force_configure' from command line to 'False'
[0.335s] Level 5:colcon.colcon_core.verb:set package 'myarm_m750' build argument 'ament_cmake_args' from command line to 'None'
[0.335s] Level 5:colcon.colcon_core.verb:set package 'myarm_m750' build argument 'catkin_cmake_args' from command line to 'None'
[0.335s] Level 5:colcon.colcon_core.verb:set package 'myarm_m750' build argument 'catkin_skip_building_tests' from command line to 'False'
[0.335s] DEBUG:colcon.colcon_core.verb:Building package 'myarm_m750' with the following arguments: {'ament_cmake_args': None, 'build_base': '/home/robotics/ros2_cobot/build/myarm_m750', 'catkin_cmake_args': None, 'catkin_skip_building_tests': False, 'cmake_args': None, 'cmake_clean_cache': False, 'cmake_clean_first': False, 'cmake_force_configure': False, 'cmake_target': None, 'cmake_target_skip_unavailable': False, 'install_base': '/home/robotics/ros2_cobot/install/myarm_m750', 'merge_install': False, 'path': '/home/robotics/ros2_cobot/src/mycobot_ros2/myArm/myarm_m750', 'symlink_install': False, 'test_result_base': None}
[0.335s] Level 5:colcon.colcon_core.verb:set package 'mycobot_280_rdkx5' build argument 'cmake_args' from command line to 'None'
[0.335s] Level 5:colcon.colcon_core.verb:set package 'mycobot_280_rdkx5' build argument 'cmake_target' from command line to 'None'
[0.335s] Level 5:colcon.colcon_core.verb:set package 'mycobot_280_rdkx5' build argument 'cmake_target_skip_unavailable' from command line to 'False'
[0.335s] Level 5:colcon.colcon_core.verb:set package 'mycobot_280_rdkx5' build argument 'cmake_clean_cache' from command line to 'False'
[0.335s] Level 5:colcon.colcon_core.verb:set package 'mycobot_280_rdkx5' build argument 'cmake_clean_first' from command line to 'False'
[0.335s] Level 5:colcon.colcon_core.verb:set package 'mycobot_280_rdkx5' build argument 'cmake_force_configure' from command line to 'False'
[0.335s] Level 5:colcon.colcon_core.verb:set package 'mycobot_280_rdkx5' build argument 'ament_cmake_args' from command line to 'None'
[0.335s] Level 5:colcon.colcon_core.verb:set package 'mycobot_280_rdkx5' build argument 'catkin_cmake_args' from command line to 'None'
[0.335s] Level 5:colcon.colcon_core.verb:set package 'mycobot_280_rdkx5' build argument 'catkin_skip_building_tests' from command line to 'False'
[0.335s] DEBUG:colcon.colcon_core.verb:Building package 'mycobot_280_rdkx5' with the following arguments: {'ament_cmake_args': None, 'build_base': '/home/robotics/ros2_cobot/build/mycobot_280_rdkx5', 'catkin_cmake_args': None, 'catkin_skip_building_tests': False, 'cmake_args': None, 'cmake_clean_cache': False, 'cmake_clean_first': False, 'cmake_force_configure': False, 'cmake_target': None, 'cmake_target_skip_unavailable': False, 'install_base': '/home/robotics/ros2_cobot/install/mycobot_280_rdkx5', 'merge_install': False, 'path': '/home/robotics/ros2_cobot/src/mycobot_ros2/mycobot_280/mycobot_280_rdkx5', 'symlink_install': False, 'test_result_base': None}
[0.335s] INFO:colcon.colcon_core.executor:Executing jobs using 'parallel' executor
[0.336s] DEBUG:colcon.colcon_parallel_executor.executor.parallel:run_until_complete
[0.337s] INFO:colcon.colcon_ros.task.ament_python.build:Building ROS package in '/home/robotics/ros2_cobot/src/mycobot_ros2/mycobot_description' with build type 'ament_python'
[0.337s] Level 1:colcon.colcon_core.shell:create_environment_hook('mycobot_description', 'ament_prefix_path')
[0.339s] INFO:colcon.colcon_core.plugin_system:Skipping extension 'colcon_core.shell.bat': Not used on non-Windows systems
[0.339s] INFO:colcon.colcon_core.shell:Creating environment hook '/home/robotics/ros2_cobot/install/mycobot_description/share/mycobot_description/hook/ament_prefix_path.ps1'
[0.340s] INFO:colcon.colcon_core.shell:Creating environment descriptor '/home/robotics/ros2_cobot/install/mycobot_description/share/mycobot_description/hook/ament_prefix_path.dsv'
[0.340s] INFO:colcon.colcon_core.shell:Creating environment hook '/home/robotics/ros2_cobot/install/mycobot_description/share/mycobot_description/hook/ament_prefix_path.sh'
[0.340s] INFO:colcon.colcon_core.shell:Skip shell extension 'powershell' for command environment: Not usable outside of PowerShell
[0.340s] DEBUG:colcon.colcon_core.shell:Skip shell extension 'dsv' for command environment
[0.344s] INFO:colcon.colcon_ros.task.ament_cmake.build:Building ROS package in '/home/robotics/ros2_cobot/src/mycobot_ros2/mycobot_280/mycobot_interfaces' with build type 'ament_cmake'
[0.345s] INFO:colcon.colcon_cmake.task.cmake.build:Building CMake package in '/home/robotics/ros2_cobot/src/mycobot_ros2/mycobot_280/mycobot_interfaces'
[0.345s] INFO:colcon.colcon_core.shell:Skip shell extension 'powershell' for command environment: Not usable outside of PowerShell
[0.345s] DEBUG:colcon.colcon_core.shell:Skip shell extension 'dsv' for command environment
[0.354s] INFO:colcon.colcon_ros.task.ament_cmake.build:Building ROS package in '/home/robotics/ros2_cobot/src/mycobot_ros2/mypalletizer_260/mypalletizer_interfaces' with build type 'ament_cmake'
[0.354s] INFO:colcon.colcon_cmake.task.cmake.build:Building CMake package in '/home/robotics/ros2_cobot/src/mycobot_ros2/mypalletizer_260/mypalletizer_interfaces'
[0.354s] INFO:colcon.colcon_core.shell:Skip shell extension 'powershell' for command environment: Not usable outside of PowerShell
[0.354s] DEBUG:colcon.colcon_core.shell:Skip shell extension 'dsv' for command environment
[0.358s] INFO:colcon.colcon_ros.task.ament_cmake.build:Building ROS package in '/home/robotics/ros2_cobot/src/mycobot_ros2/mecharm/mecharm_interfaces' with build type 'ament_cmake'
[0.359s] INFO:colcon.colcon_cmake.task.cmake.build:Building CMake package in '/home/robotics/ros2_cobot/src/mycobot_ros2/mecharm/mecharm_interfaces'
[0.359s] INFO:colcon.colcon_core.shell:Skip shell extension 'powershell' for command environment: Not usable outside of PowerShell
[0.359s] DEBUG:colcon.colcon_core.shell:Skip shell extension 'dsv' for command environment
[0.363s] INFO:colcon.colcon_ros.task.ament_cmake.build:Building ROS package in '/home/robotics/ros2_cobot/src/traj_scripts' with build type 'ament_cmake'
[0.363s] INFO:colcon.colcon_cmake.task.cmake.build:Building CMake package in '/home/robotics/ros2_cobot/src/traj_scripts'
[0.364s] INFO:colcon.colcon_core.shell:Skip shell extension 'powershell' for command environment: Not usable outside of PowerShell
[0.364s] DEBUG:colcon.colcon_core.shell:Skip shell extension 'dsv' for command environment
[0.634s] INFO:colcon.colcon_core.task.python.build:Building Python package in '/home/robotics/ros2_cobot/src/mycobot_ros2/mycobot_description'
[0.635s] INFO:colcon.colcon_core.shell:Skip shell extension 'powershell' for command environment: Not usable outside of PowerShell
[0.635s] DEBUG:colcon.colcon_core.shell:Skip shell extension 'dsv' for command environment
[0.642s] DEBUG:colcon.colcon_core.event_handler.log_command:Invoking command in '/home/robotics/ros2_cobot/build/mycobot_interfaces': CMAKE_PREFIX_PATH=${CMAKE_PREFIX_PATH}:/home/robotics/ros2_cobot/install/ultraarm:/home/robotics/ros2_cobot/install/mypalletizer_communication:/home/robotics/ros2_cobot/install/mypalletizer_260_pi:/home/robotics/ros2_cobot/install/mypalletizer_260:/home/robotics/ros2_cobot/install/myarm_m750:/home/robotics/ros2_cobot/install/myarm_c650:/home/robotics/ros2_cobot/install/mycobot_communication:/home/robotics/ros2_cobot/install/mecharm_communication:/home/robotics/ros2_cobot/install/mycobot_630:/home/robotics/ros2_cobot/install/mycobot_600:/home/robotics/ros2_cobot/install/mycobot_320pi:/home/robotics/ros2_cobot/install/mycobot_320_riscv:/home/robotics/ros2_cobot/install/mycobot_320:/home/robotics/ros2_cobot/install/mycobot_280pi:/home/robotics/ros2_cobot/install/mycobot_280jn:/home/robotics/ros2_cobot/install/mycobot_280_x3pi:/home/robotics/ros2_cobot/install/mycobot_280_riscv:/home/robotics/ros2_cobot/install/mycobot_280_rdkx5:/home/robotics/ros2_cobot/install/mycobot_280_moveit2_control:/home/robotics/ros2_cobot/install/mycobot_280_arduino:/home/robotics/ros2_cobot/install/mycobot_280:/home/robotics/ros2_cobot/install/mybuddy:/home/robotics/ros2_cobot/install/myarm_300:/home/robotics/ros2_cobot/install/mecharm_pi:/home/robotics/ros2_cobot/install/mecharm:/home/robotics/ros2_cobot/install/mycobot_description:/opt/ros/humble /usr/bin/cmake --build /home/robotics/ros2_cobot/build/mycobot_interfaces -- -j16 -l16
[0.646s] DEBUG:colcon.colcon_core.event_handler.log_command:Invoking command in '/home/robotics/ros2_cobot/build/mypalletizer_interfaces': CMAKE_PREFIX_PATH=${CMAKE_PREFIX_PATH}:/home/robotics/ros2_cobot/install/ultraarm:/home/robotics/ros2_cobot/install/mypalletizer_communication:/home/robotics/ros2_cobot/install/mypalletizer_260_pi:/home/robotics/ros2_cobot/install/mypalletizer_260:/home/robotics/ros2_cobot/install/myarm_m750:/home/robotics/ros2_cobot/install/myarm_c650:/home/robotics/ros2_cobot/install/mycobot_communication:/home/robotics/ros2_cobot/install/mecharm_communication:/home/robotics/ros2_cobot/install/mycobot_630:/home/robotics/ros2_cobot/install/mycobot_600:/home/robotics/ros2_cobot/install/mycobot_320pi:/home/robotics/ros2_cobot/install/mycobot_320_riscv:/home/robotics/ros2_cobot/install/mycobot_320:/home/robotics/ros2_cobot/install/mycobot_280pi:/home/robotics/ros2_cobot/install/mycobot_280jn:/home/robotics/ros2_cobot/install/mycobot_280_x3pi:/home/robotics/ros2_cobot/install/mycobot_280_riscv:/home/robotics/ros2_cobot/install/mycobot_280_rdkx5:/home/robotics/ros2_cobot/install/mycobot_280_moveit2_control:/home/robotics/ros2_cobot/install/mycobot_280_arduino:/home/robotics/ros2_cobot/install/mycobot_280:/home/robotics/ros2_cobot/install/mybuddy:/home/robotics/ros2_cobot/install/myarm_300:/home/robotics/ros2_cobot/install/mecharm_pi:/home/robotics/ros2_cobot/install/mecharm:/home/robotics/ros2_cobot/install/mycobot_description:/opt/ros/humble /usr/bin/cmake --build /home/robotics/ros2_cobot/build/mypalletizer_interfaces -- -j16 -l16
[0.651s] DEBUG:colcon.colcon_core.event_handler.log_command:Invoking command in '/home/robotics/ros2_cobot/build/mecharm_interfaces': CMAKE_PREFIX_PATH=${CMAKE_PREFIX_PATH}:/home/robotics/ros2_cobot/install/ultraarm:/home/robotics/ros2_cobot/install/mypalletizer_communication:/home/robotics/ros2_cobot/install/mypalletizer_260_pi:/home/robotics/ros2_cobot/install/mypalletizer_260:/home/robotics/ros2_cobot/install/myarm_m750:/home/robotics/ros2_cobot/install/myarm_c650:/home/robotics/ros2_cobot/install/mycobot_communication:/home/robotics/ros2_cobot/install/mecharm_communication:/home/robotics/ros2_cobot/install/mycobot_630:/home/robotics/ros2_cobot/install/mycobot_600:/home/robotics/ros2_cobot/install/mycobot_320pi:/home/robotics/ros2_cobot/install/mycobot_320_riscv:/home/robotics/ros2_cobot/install/mycobot_320:/home/robotics/ros2_cobot/install/mycobot_280pi:/home/robotics/ros2_cobot/install/mycobot_280jn:/home/robotics/ros2_cobot/install/mycobot_280_x3pi:/home/robotics/ros2_cobot/install/mycobot_280_riscv:/home/robotics/ros2_cobot/install/mycobot_280_rdkx5:/home/robotics/ros2_cobot/install/mycobot_280_moveit2_control:/home/robotics/ros2_cobot/install/mycobot_280_arduino:/home/robotics/ros2_cobot/install/mycobot_280:/home/robotics/ros2_cobot/install/mybuddy:/home/robotics/ros2_cobot/install/myarm_300:/home/robotics/ros2_cobot/install/mecharm_pi:/home/robotics/ros2_cobot/install/mecharm:/home/robotics/ros2_cobot/install/mycobot_description:/opt/ros/humble /usr/bin/cmake --build /home/robotics/ros2_cobot/build/mecharm_interfaces -- -j16 -l16
[0.657s] DEBUG:colcon.colcon_core.event_handler.log_command:Invoking command in '/home/robotics/ros2_cobot/build/traj_scripts': CMAKE_PREFIX_PATH=${CMAKE_PREFIX_PATH}:/home/robotics/ros2_cobot/install/ultraarm:/home/robotics/ros2_cobot/install/mypalletizer_communication:/home/robotics/ros2_cobot/install/mypalletizer_260_pi:/home/robotics/ros2_cobot/install/mypalletizer_260:/home/robotics/ros2_cobot/install/myarm_m750:/home/robotics/ros2_cobot/install/myarm_c650:/home/robotics/ros2_cobot/install/mycobot_communication:/home/robotics/ros2_cobot/install/mecharm_communication:/home/robotics/ros2_cobot/install/mycobot_630:/home/robotics/ros2_cobot/install/mycobot_600:/home/robotics/ros2_cobot/install/mycobot_320pi:/home/robotics/ros2_cobot/install/mycobot_320_riscv:/home/robotics/ros2_cobot/install/mycobot_320:/home/robotics/ros2_cobot/install/mycobot_280pi:/home/robotics/ros2_cobot/install/mycobot_280jn:/home/robotics/ros2_cobot/install/mycobot_280_x3pi:/home/robotics/ros2_cobot/install/mycobot_280_riscv:/home/robotics/ros2_cobot/install/mycobot_280_rdkx5:/home/robotics/ros2_cobot/install/mycobot_280_moveit2_control:/home/robotics/ros2_cobot/install/mycobot_280_arduino:/home/robotics/ros2_cobot/install/mycobot_280:/home/robotics/ros2_cobot/install/mybuddy:/home/robotics/ros2_cobot/install/myarm_300:/home/robotics/ros2_cobot/install/mecharm_pi:/home/robotics/ros2_cobot/install/mecharm:/home/robotics/ros2_cobot/install/mycobot_description:/opt/ros/humble /usr/bin/cmake --build /home/robotics/ros2_cobot/build/traj_scripts -- -j16 -l16
[1.372s] DEBUG:colcon.colcon_core.event_handler.log_command:Invoked command in '/home/robotics/ros2_cobot/build/mypalletizer_interfaces' returned '0': CMAKE_PREFIX_PATH=${CMAKE_PREFIX_PATH}:/home/robotics/ros2_cobot/install/ultraarm:/home/robotics/ros2_cobot/install/mypalletizer_communication:/home/robotics/ros2_cobot/install/mypalletizer_260_pi:/home/robotics/ros2_cobot/install/mypalletizer_260:/home/robotics/ros2_cobot/install/myarm_m750:/home/robotics/ros2_cobot/install/myarm_c650:/home/robotics/ros2_cobot/install/mycobot_communication:/home/robotics/ros2_cobot/install/mecharm_communication:/home/robotics/ros2_cobot/install/mycobot_630:/home/robotics/ros2_cobot/install/mycobot_600:/home/robotics/ros2_cobot/install/mycobot_320pi:/home/robotics/ros2_cobot/install/mycobot_320_riscv:/home/robotics/ros2_cobot/install/mycobot_320:/home/robotics/ros2_cobot/install/mycobot_280pi:/home/robotics/ros2_cobot/install/mycobot_280jn:/home/robotics/ros2_cobot/install/mycobot_280_x3pi:/home/robotics/ros2_cobot/install/mycobot_280_riscv:/home/robotics/ros2_cobot/install/mycobot_280_rdkx5:/home/robotics/ros2_cobot/install/mycobot_280_moveit2_control:/home/robotics/ros2_cobot/install/mycobot_280_arduino:/home/robotics/ros2_cobot/install/mycobot_280:/home/robotics/ros2_cobot/install/mybuddy:/home/robotics/ros2_cobot/install/myarm_300:/home/robotics/ros2_cobot/install/mecharm_pi:/home/robotics/ros2_cobot/install/mecharm:/home/robotics/ros2_cobot/install/mycobot_description:/opt/ros/humble /usr/bin/cmake --build /home/robotics/ros2_cobot/build/mypalletizer_interfaces -- -j16 -l16
[1.391s] DEBUG:colcon.colcon_core.event_handler.log_command:Invoking command in '/home/robotics/ros2_cobot/build/mypalletizer_interfaces': CMAKE_PREFIX_PATH=${CMAKE_PREFIX_PATH}:/home/robotics/ros2_cobot/install/ultraarm:/home/robotics/ros2_cobot/install/mypalletizer_communication:/home/robotics/ros2_cobot/install/mypalletizer_260_pi:/home/robotics/ros2_cobot/install/mypalletizer_260:/home/robotics/ros2_cobot/install/myarm_m750:/home/robotics/ros2_cobot/install/myarm_c650:/home/robotics/ros2_cobot/install/mycobot_communication:/home/robotics/ros2_cobot/install/mecharm_communication:/home/robotics/ros2_cobot/install/mycobot_630:/home/robotics/ros2_cobot/install/mycobot_600:/home/robotics/ros2_cobot/install/mycobot_320pi:/home/robotics/ros2_cobot/install/mycobot_320_riscv:/home/robotics/ros2_cobot/install/mycobot_320:/home/robotics/ros2_cobot/install/mycobot_280pi:/home/robotics/ros2_cobot/install/mycobot_280jn:/home/robotics/ros2_cobot/install/mycobot_280_x3pi:/home/robotics/ros2_cobot/install/mycobot_280_riscv:/home/robotics/ros2_cobot/install/mycobot_280_rdkx5:/home/robotics/ros2_cobot/install/mycobot_280_moveit2_control:/home/robotics/ros2_cobot/install/mycobot_280_arduino:/home/robotics/ros2_cobot/install/mycobot_280:/home/robotics/ros2_cobot/install/mybuddy:/home/robotics/ros2_cobot/install/myarm_300:/home/robotics/ros2_cobot/install/mecharm_pi:/home/robotics/ros2_cobot/install/mecharm:/home/robotics/ros2_cobot/install/mycobot_description:/opt/ros/humble /usr/bin/cmake --install /home/robotics/ros2_cobot/build/mypalletizer_interfaces
[1.392s] DEBUG:colcon.colcon_core.event_handler.log_command:Invoked command in '/home/robotics/ros2_cobot/build/mycobot_interfaces' returned '0': CMAKE_PREFIX_PATH=${CMAKE_PREFIX_PATH}:/home/robotics/ros2_cobot/install/ultraarm:/home/robotics/ros2_cobot/install/mypalletizer_communication:/home/robotics/ros2_cobot/install/mypalletizer_260_pi:/home/robotics/ros2_cobot/install/mypalletizer_260:/home/robotics/ros2_cobot/install/myarm_m750:/home/robotics/ros2_cobot/install/myarm_c650:/home/robotics/ros2_cobot/install/mycobot_communication:/home/robotics/ros2_cobot/install/mecharm_communication:/home/robotics/ros2_cobot/install/mycobot_630:/home/robotics/ros2_cobot/install/mycobot_600:/home/robotics/ros2_cobot/install/mycobot_320pi:/home/robotics/ros2_cobot/install/mycobot_320_riscv:/home/robotics/ros2_cobot/install/mycobot_320:/home/robotics/ros2_cobot/install/mycobot_280pi:/home/robotics/ros2_cobot/install/mycobot_280jn:/home/robotics/ros2_cobot/install/mycobot_280_x3pi:/home/robotics/ros2_cobot/install/mycobot_280_riscv:/home/robotics/ros2_cobot/install/mycobot_280_rdkx5:/home/robotics/ros2_cobot/install/mycobot_280_moveit2_control:/home/robotics/ros2_cobot/install/mycobot_280_arduino:/home/robotics/ros2_cobot/install/mycobot_280:/home/robotics/ros2_cobot/install/mybuddy:/home/robotics/ros2_cobot/install/myarm_300:/home/robotics/ros2_cobot/install/mecharm_pi:/home/robotics/ros2_cobot/install/mecharm:/home/robotics/ros2_cobot/install/mycobot_description:/opt/ros/humble /usr/bin/cmake --build /home/robotics/ros2_cobot/build/mycobot_interfaces -- -j16 -l16
[1.393s] DEBUG:colcon.colcon_core.event_handler.log_command:Invoking command in '/home/robotics/ros2_cobot/build/mycobot_interfaces': CMAKE_PREFIX_PATH=${CMAKE_PREFIX_PATH}:/home/robotics/ros2_cobot/install/ultraarm:/home/robotics/ros2_cobot/install/mypalletizer_communication:/home/robotics/ros2_cobot/install/mypalletizer_260_pi:/home/robotics/ros2_cobot/install/mypalletizer_260:/home/robotics/ros2_cobot/install/myarm_m750:/home/robotics/ros2_cobot/install/myarm_c650:/home/robotics/ros2_cobot/install/mycobot_communication:/home/robotics/ros2_cobot/install/mecharm_communication:/home/robotics/ros2_cobot/install/mycobot_630:/home/robotics/ros2_cobot/install/mycobot_600:/home/robotics/ros2_cobot/install/mycobot_320pi:/home/robotics/ros2_cobot/install/mycobot_320_riscv:/home/robotics/ros2_cobot/install/mycobot_320:/home/robotics/ros2_cobot/install/mycobot_280pi:/home/robotics/ros2_cobot/install/mycobot_280jn:/home/robotics/ros2_cobot/install/mycobot_280_x3pi:/home/robotics/ros2_cobot/install/mycobot_280_riscv:/home/robotics/ros2_cobot/install/mycobot_280_rdkx5:/home/robotics/ros2_cobot/install/mycobot_280_moveit2_control:/home/robotics/ros2_cobot/install/mycobot_280_arduino:/home/robotics/ros2_cobot/install/mycobot_280:/home/robotics/ros2_cobot/install/mybuddy:/home/robotics/ros2_cobot/install/myarm_300:/home/robotics/ros2_cobot/install/mecharm_pi:/home/robotics/ros2_cobot/install/mecharm:/home/robotics/ros2_cobot/install/mycobot_description:/opt/ros/humble /usr/bin/cmake --install /home/robotics/ros2_cobot/build/mycobot_interfaces
[1.393s] DEBUG:colcon.colcon_core.event_handler.log_command:Invoked command in '/home/robotics/ros2_cobot/build/mecharm_interfaces' returned '0': CMAKE_PREFIX_PATH=${CMAKE_PREFIX_PATH}:/home/robotics/ros2_cobot/install/ultraarm:/home/robotics/ros2_cobot/install/mypalletizer_communication:/home/robotics/ros2_cobot/install/mypalletizer_260_pi:/home/robotics/ros2_cobot/install/mypalletizer_260:/home/robotics/ros2_cobot/install/myarm_m750:/home/robotics/ros2_cobot/install/myarm_c650:/home/robotics/ros2_cobot/install/mycobot_communication:/home/robotics/ros2_cobot/install/mecharm_communication:/home/robotics/ros2_cobot/install/mycobot_630:/home/robotics/ros2_cobot/install/mycobot_600:/home/robotics/ros2_cobot/install/mycobot_320pi:/home/robotics/ros2_cobot/install/mycobot_320_riscv:/home/robotics/ros2_cobot/install/mycobot_320:/home/robotics/ros2_cobot/install/mycobot_280pi:/home/robotics/ros2_cobot/install/mycobot_280jn:/home/robotics/ros2_cobot/install/mycobot_280_x3pi:/home/robotics/ros2_cobot/install/mycobot_280_riscv:/home/robotics/ros2_cobot/install/mycobot_280_rdkx5:/home/robotics/ros2_cobot/install/mycobot_280_moveit2_control:/home/robotics/ros2_cobot/install/mycobot_280_arduino:/home/robotics/ros2_cobot/install/mycobot_280:/home/robotics/ros2_cobot/install/mybuddy:/home/robotics/ros2_cobot/install/myarm_300:/home/robotics/ros2_cobot/install/mecharm_pi:/home/robotics/ros2_cobot/install/mecharm:/home/robotics/ros2_cobot/install/mycobot_description:/opt/ros/humble /usr/bin/cmake --build /home/robotics/ros2_cobot/build/mecharm_interfaces -- -j16 -l16
[1.396s] DEBUG:colcon.colcon_core.event_handler.log_command:Invoking command in '/home/robotics/ros2_cobot/build/mecharm_interfaces': CMAKE_PREFIX_PATH=${CMAKE_PREFIX_PATH}:/home/robotics/ros2_cobot/install/ultraarm:/home/robotics/ros2_cobot/install/mypalletizer_communication:/home/robotics/ros2_cobot/install/mypalletizer_260_pi:/home/robotics/ros2_cobot/install/mypalletizer_260:/home/robotics/ros2_cobot/install/myarm_m750:/home/robotics/ros2_cobot/install/myarm_c650:/home/robotics/ros2_cobot/install/mycobot_communication:/home/robotics/ros2_cobot/install/mecharm_communication:/home/robotics/ros2_cobot/install/mycobot_630:/home/robotics/ros2_cobot/install/mycobot_600:/home/robotics/ros2_cobot/install/mycobot_320pi:/home/robotics/ros2_cobot/install/mycobot_320_riscv:/home/robotics/ros2_cobot/install/mycobot_320:/home/robotics/ros2_cobot/install/mycobot_280pi:/home/robotics/ros2_cobot/install/mycobot_280jn:/home/robotics/ros2_cobot/install/mycobot_280_x3pi:/home/robotics/ros2_cobot/install/mycobot_280_riscv:/home/robotics/ros2_cobot/install/mycobot_280_rdkx5:/home/robotics/ros2_cobot/install/mycobot_280_moveit2_control:/home/robotics/ros2_cobot/install/mycobot_280_arduino:/home/robotics/ros2_cobot/install/mycobot_280:/home/robotics/ros2_cobot/install/mybuddy:/home/robotics/ros2_cobot/install/myarm_300:/home/robotics/ros2_cobot/install/mecharm_pi:/home/robotics/ros2_cobot/install/mecharm:/home/robotics/ros2_cobot/install/mycobot_description:/opt/ros/humble /usr/bin/cmake --install /home/robotics/ros2_cobot/build/mecharm_interfaces
[1.460s] DEBUG:colcon.colcon_core.event_handler.log_command:Invoking command in '/home/robotics/ros2_cobot/src/mycobot_ros2/mycobot_description': PYTHONPATH=/home/robotics/ros2_cobot/build/mycobot_description/prefix_override:/usr/lib/python3/dist-packages/colcon_core/task/python/colcon_distutils_commands:/home/robotics/ros2_cobot/install/mycobot_description/lib/python3.10/site-packages:${PYTHONPATH} /usr/bin/python3 -W ignore:setup.py install is deprecated -W ignore:easy_install command is deprecated setup.py egg_info --egg-base ../../../build/mycobot_description build --build-base /home/robotics/ros2_cobot/build/mycobot_description/build install --record /home/robotics/ros2_cobot/build/mycobot_description/install.log --single-version-externally-managed install_data
[1.501s] Level 1:colcon.colcon_core.environment:create_environment_scripts_only(mypalletizer_interfaces)
[1.503s] DEBUG:colcon.colcon_core.event_handler.log_command:Invoked command in '/home/robotics/ros2_cobot/build/mypalletizer_interfaces' returned '0': CMAKE_PREFIX_PATH=${CMAKE_PREFIX_PATH}:/home/robotics/ros2_cobot/install/ultraarm:/home/robotics/ros2_cobot/install/mypalletizer_communication:/home/robotics/ros2_cobot/install/mypalletizer_260_pi:/home/robotics/ros2_cobot/install/mypalletizer_260:/home/robotics/ros2_cobot/install/myarm_m750:/home/robotics/ros2_cobot/install/myarm_c650:/home/robotics/ros2_cobot/install/mycobot_communication:/home/robotics/ros2_cobot/install/mecharm_communication:/home/robotics/ros2_cobot/install/mycobot_630:/home/robotics/ros2_cobot/install/mycobot_600:/home/robotics/ros2_cobot/install/mycobot_320pi:/home/robotics/ros2_cobot/install/mycobot_320_riscv:/home/robotics/ros2_cobot/install/mycobot_320:/home/robotics/ros2_cobot/install/mycobot_280pi:/home/robotics/ros2_cobot/install/mycobot_280jn:/home/robotics/ros2_cobot/install/mycobot_280_x3pi:/home/robotics/ros2_cobot/install/mycobot_280_riscv:/home/robotics/ros2_cobot/install/mycobot_280_rdkx5:/home/robotics/ros2_cobot/install/mycobot_280_moveit2_control:/home/robotics/ros2_cobot/install/mycobot_280_arduino:/home/robotics/ros2_cobot/install/mycobot_280:/home/robotics/ros2_cobot/install/mybuddy:/home/robotics/ros2_cobot/install/myarm_300:/home/robotics/ros2_cobot/install/mecharm_pi:/home/robotics/ros2_cobot/install/mecharm:/home/robotics/ros2_cobot/install/mycobot_description:/opt/ros/humble /usr/bin/cmake --install /home/robotics/ros2_cobot/build/mypalletizer_interfaces
[1.506s] Level 1:colcon.colcon_core.environment:checking '/home/robotics/ros2_cobot/install/mypalletizer_interfaces' for CMake module files
[1.507s] Level 1:colcon.colcon_core.environment:checking '/home/robotics/ros2_cobot/install/mypalletizer_interfaces' for CMake config files
[1.507s] Level 1:colcon.colcon_core.shell:create_environment_hook('mypalletizer_interfaces', 'cmake_prefix_path')
[1.508s] INFO:colcon.colcon_core.shell:Creating environment hook '/home/robotics/ros2_cobot/install/mypalletizer_interfaces/share/mypalletizer_interfaces/hook/cmake_prefix_path.ps1'
[1.508s] INFO:colcon.colcon_core.shell:Creating environment descriptor '/home/robotics/ros2_cobot/install/mypalletizer_interfaces/share/mypalletizer_interfaces/hook/cmake_prefix_path.dsv'
[1.509s] INFO:colcon.colcon_core.shell:Creating environment hook '/home/robotics/ros2_cobot/install/mypalletizer_interfaces/share/mypalletizer_interfaces/hook/cmake_prefix_path.sh'
[1.510s] Level 1:colcon.colcon_core.environment:checking '/home/robotics/ros2_cobot/install/mypalletizer_interfaces/lib'
[1.510s] Level 1:colcon.colcon_core.shell:create_environment_hook('mypalletizer_interfaces', 'ld_library_path_lib')
[1.511s] INFO:colcon.colcon_core.shell:Creating environment hook '/home/robotics/ros2_cobot/install/mypalletizer_interfaces/share/mypalletizer_interfaces/hook/ld_library_path_lib.ps1'
[1.512s] INFO:colcon.colcon_core.shell:Creating environment descriptor '/home/robotics/ros2_cobot/install/mypalletizer_interfaces/share/mypalletizer_interfaces/hook/ld_library_path_lib.dsv'
[1.512s] INFO:colcon.colcon_core.shell:Creating environment hook '/home/robotics/ros2_cobot/install/mypalletizer_interfaces/share/mypalletizer_interfaces/hook/ld_library_path_lib.sh'
[1.514s] Level 1:colcon.colcon_core.environment:checking '/home/robotics/ros2_cobot/install/mypalletizer_interfaces/bin'
[1.514s] Level 1:colcon.colcon_core.environment:checking '/home/robotics/ros2_cobot/install/mypalletizer_interfaces/lib/pkgconfig/mypalletizer_interfaces.pc'
[1.516s] Level 1:colcon.colcon_core.environment:checking '/home/robotics/ros2_cobot/install/mypalletizer_interfaces/lib/python3.10/site-packages'
[1.517s] Level 1:colcon.colcon_core.environment:checking '/home/robotics/ros2_cobot/install/mypalletizer_interfaces/bin'
[1.518s] INFO:colcon.colcon_core.shell:Creating package script '/home/robotics/ros2_cobot/install/mypalletizer_interfaces/share/mypalletizer_interfaces/package.ps1'
[1.519s] INFO:colcon.colcon_core.shell:Creating package descriptor '/home/robotics/ros2_cobot/install/mypalletizer_interfaces/share/mypalletizer_interfaces/package.dsv'
[1.520s] INFO:colcon.colcon_core.shell:Creating package script '/home/robotics/ros2_cobot/install/mypalletizer_interfaces/share/mypalletizer_interfaces/package.sh'
[1.521s] INFO:colcon.colcon_core.shell:Creating package script '/home/robotics/ros2_cobot/install/mypalletizer_interfaces/share/mypalletizer_interfaces/package.bash'
[1.522s] INFO:colcon.colcon_core.shell:Creating package script '/home/robotics/ros2_cobot/install/mypalletizer_interfaces/share/mypalletizer_interfaces/package.zsh'
[1.523s] Level 1:colcon.colcon_core.environment:create_file_with_runtime_dependencies(/home/robotics/ros2_cobot/install/mypalletizer_interfaces/share/colcon-core/packages/mypalletizer_interfaces)
[1.524s] Level 1:colcon.colcon_core.environment:create_environment_scripts_only(mypalletizer_interfaces)
[1.524s] Level 1:colcon.colcon_core.environment:checking '/home/robotics/ros2_cobot/install/mypalletizer_interfaces' for CMake module files
[1.525s] Level 1:colcon.colcon_core.environment:checking '/home/robotics/ros2_cobot/install/mypalletizer_interfaces' for CMake config files
[1.525s] Level 1:colcon.colcon_core.shell:create_environment_hook('mypalletizer_interfaces', 'cmake_prefix_path')
[1.526s] INFO:colcon.colcon_core.shell:Creating environment hook '/home/robotics/ros2_cobot/install/mypalletizer_interfaces/share/mypalletizer_interfaces/hook/cmake_prefix_path.ps1'
[1.526s] INFO:colcon.colcon_core.shell:Creating environment descriptor '/home/robotics/ros2_cobot/install/mypalletizer_interfaces/share/mypalletizer_interfaces/hook/cmake_prefix_path.dsv'
[1.527s] INFO:colcon.colcon_core.shell:Creating environment hook '/home/robotics/ros2_cobot/install/mypalletizer_interfaces/share/mypalletizer_interfaces/hook/cmake_prefix_path.sh'
[1.527s] Level 1:colcon.colcon_core.environment:checking '/home/robotics/ros2_cobot/install/mypalletizer_interfaces/lib'
[1.528s] Level 1:colcon.colcon_core.shell:create_environment_hook('mypalletizer_interfaces', 'ld_library_path_lib')
[1.528s] INFO:colcon.colcon_core.shell:Creating environment hook '/home/robotics/ros2_cobot/install/mypalletizer_interfaces/share/mypalletizer_interfaces/hook/ld_library_path_lib.ps1'
[1.528s] INFO:colcon.colcon_core.shell:Creating environment descriptor '/home/robotics/ros2_cobot/install/mypalletizer_interfaces/share/mypalletizer_interfaces/hook/ld_library_path_lib.dsv'
[1.529s] INFO:colcon.colcon_core.shell:Creating environment hook '/home/robotics/ros2_cobot/install/mypalletizer_interfaces/share/mypalletizer_interfaces/hook/ld_library_path_lib.sh'
[1.530s] Level 1:colcon.colcon_core.environment:checking '/home/robotics/ros2_cobot/install/mypalletizer_interfaces/bin'
[1.530s] Level 1:colcon.colcon_core.environment:checking '/home/robotics/ros2_cobot/install/mypalletizer_interfaces/lib/pkgconfig/mypalletizer_interfaces.pc'
[1.531s] Level 1:colcon.colcon_core.environment:checking '/home/robotics/ros2_cobot/install/mypalletizer_interfaces/lib/python3.10/site-packages'
[1.531s] Level 1:colcon.colcon_core.environment:checking '/home/robotics/ros2_cobot/install/mypalletizer_interfaces/bin'
[1.532s] INFO:colcon.colcon_core.shell:Creating package script '/home/robotics/ros2_cobot/install/mypalletizer_interfaces/share/mypalletizer_interfaces/package.ps1'
[1.534s] INFO:colcon.colcon_core.shell:Creating package descriptor '/home/robotics/ros2_cobot/install/mypalletizer_interfaces/share/mypalletizer_interfaces/package.dsv'
[1.535s] INFO:colcon.colcon_core.shell:Creating package script '/home/robotics/ros2_cobot/install/mypalletizer_interfaces/share/mypalletizer_interfaces/package.sh'
[1.536s] INFO:colcon.colcon_core.shell:Creating package script '/home/robotics/ros2_cobot/install/mypalletizer_interfaces/share/mypalletizer_interfaces/package.bash'
[1.536s] INFO:colcon.colcon_core.shell:Creating package script '/home/robotics/ros2_cobot/install/mypalletizer_interfaces/share/mypalletizer_interfaces/package.zsh'
[1.537s] Level 1:colcon.colcon_core.environment:create_file_with_runtime_dependencies(/home/robotics/ros2_cobot/install/mypalletizer_interfaces/share/colcon-core/packages/mypalletizer_interfaces)
[1.538s] INFO:colcon.colcon_ros.task.ament_python.build:Building ROS package in '/home/robotics/ros2_cobot/src/mycobot_ros2/mypalletizer_260/mypalletizer_communication' with build type 'ament_python'
[1.538s] Level 1:colcon.colcon_core.shell:create_environment_hook('mypalletizer_communication', 'ament_prefix_path')
[1.538s] INFO:colcon.colcon_core.shell:Creating environment hook '/home/robotics/ros2_cobot/install/mypalletizer_communication/share/mypalletizer_communication/hook/ament_prefix_path.ps1'
[1.539s] INFO:colcon.colcon_core.shell:Creating environment descriptor '/home/robotics/ros2_cobot/install/mypalletizer_communication/share/mypalletizer_communication/hook/ament_prefix_path.dsv'
[1.540s] INFO:colcon.colcon_core.shell:Creating environment hook '/home/robotics/ros2_cobot/install/mypalletizer_communication/share/mypalletizer_communication/hook/ament_prefix_path.sh'
[1.540s] INFO:colcon.colcon_core.shell:Skip shell extension 'powershell' for command environment: Not usable outside of PowerShell
[1.540s] DEBUG:colcon.colcon_core.shell:Skip shell extension 'dsv' for command environment
[1.549s] Level 1:colcon.colcon_core.environment:create_environment_scripts_only(mycobot_interfaces)
[1.552s] Level 1:colcon.colcon_core.environment:checking '/home/robotics/ros2_cobot/install/mycobot_interfaces' for CMake module files
[1.553s] DEBUG:colcon.colcon_core.event_handler.log_command:Invoked command in '/home/robotics/ros2_cobot/build/mycobot_interfaces' returned '0': CMAKE_PREFIX_PATH=${CMAKE_PREFIX_PATH}:/home/robotics/ros2_cobot/install/ultraarm:/home/robotics/ros2_cobot/install/mypalletizer_communication:/home/robotics/ros2_cobot/install/mypalletizer_260_pi:/home/robotics/ros2_cobot/install/mypalletizer_260:/home/robotics/ros2_cobot/install/myarm_m750:/home/robotics/ros2_cobot/install/myarm_c650:/home/robotics/ros2_cobot/install/mycobot_communication:/home/robotics/ros2_cobot/install/mecharm_communication:/home/robotics/ros2_cobot/install/mycobot_630:/home/robotics/ros2_cobot/install/mycobot_600:/home/robotics/ros2_cobot/install/mycobot_320pi:/home/robotics/ros2_cobot/install/mycobot_320_riscv:/home/robotics/ros2_cobot/install/mycobot_320:/home/robotics/ros2_cobot/install/mycobot_280pi:/home/robotics/ros2_cobot/install/mycobot_280jn:/home/robotics/ros2_cobot/install/mycobot_280_x3pi:/home/robotics/ros2_cobot/install/mycobot_280_riscv:/home/robotics/ros2_cobot/install/mycobot_280_rdkx5:/home/robotics/ros2_cobot/install/mycobot_280_moveit2_control:/home/robotics/ros2_cobot/install/mycobot_280_arduino:/home/robotics/ros2_cobot/install/mycobot_280:/home/robotics/ros2_cobot/install/mybuddy:/home/robotics/ros2_cobot/install/myarm_300:/home/robotics/ros2_cobot/install/mecharm_pi:/home/robotics/ros2_cobot/install/mecharm:/home/robotics/ros2_cobot/install/mycobot_description:/opt/ros/humble /usr/bin/cmake --install /home/robotics/ros2_cobot/build/mycobot_interfaces
[1.553s] Level 1:colcon.colcon_core.environment:checking '/home/robotics/ros2_cobot/install/mycobot_interfaces' for CMake config files
[1.554s] Level 1:colcon.colcon_core.shell:create_environment_hook('mycobot_interfaces', 'cmake_prefix_path')
[1.555s] INFO:colcon.colcon_core.shell:Creating environment hook '/home/robotics/ros2_cobot/install/mycobot_interfaces/share/mycobot_interfaces/hook/cmake_prefix_path.ps1'
[1.555s] INFO:colcon.colcon_core.shell:Creating environment descriptor '/home/robotics/ros2_cobot/install/mycobot_interfaces/share/mycobot_interfaces/hook/cmake_prefix_path.dsv'
[1.556s] INFO:colcon.colcon_core.shell:Creating environment hook '/home/robotics/ros2_cobot/install/mycobot_interfaces/share/mycobot_interfaces/hook/cmake_prefix_path.sh'
[1.556s] Level 1:colcon.colcon_core.environment:checking '/home/robotics/ros2_cobot/install/mycobot_interfaces/lib'
[1.556s] Level 1:colcon.colcon_core.shell:create_environment_hook('mycobot_interfaces', 'ld_library_path_lib')
[1.557s] INFO:colcon.colcon_core.shell:Creating environment hook '/home/robotics/ros2_cobot/install/mycobot_interfaces/share/mycobot_interfaces/hook/ld_library_path_lib.ps1'
[1.557s] INFO:colcon.colcon_core.shell:Creating environment descriptor '/home/robotics/ros2_cobot/install/mycobot_interfaces/share/mycobot_interfaces/hook/ld_library_path_lib.dsv'
[1.557s] INFO:colcon.colcon_core.shell:Creating environment hook '/home/robotics/ros2_cobot/install/mycobot_interfaces/share/mycobot_interfaces/hook/ld_library_path_lib.sh'
[1.558s] Level 1:colcon.colcon_core.environment:checking '/home/robotics/ros2_cobot/install/mycobot_interfaces/bin'
[1.558s] Level 1:colcon.colcon_core.environment:checking '/home/robotics/ros2_cobot/install/mycobot_interfaces/lib/pkgconfig/mycobot_interfaces.pc'
[1.558s] Level 1:colcon.colcon_core.environment:checking '/home/robotics/ros2_cobot/install/mycobot_interfaces/lib/python3.10/site-packages'
[1.558s] Level 1:colcon.colcon_core.environment:checking '/home/robotics/ros2_cobot/install/mycobot_interfaces/bin'
[1.558s] INFO:colcon.colcon_core.shell:Creating package script '/home/robotics/ros2_cobot/install/mycobot_interfaces/share/mycobot_interfaces/package.ps1'
[1.559s] INFO:colcon.colcon_core.shell:Creating package descriptor '/home/robotics/ros2_cobot/install/mycobot_interfaces/share/mycobot_interfaces/package.dsv'
[1.559s] INFO:colcon.colcon_core.shell:Creating package script '/home/robotics/ros2_cobot/install/mycobot_interfaces/share/mycobot_interfaces/package.sh'
[1.559s] INFO:colcon.colcon_core.shell:Creating package script '/home/robotics/ros2_cobot/install/mycobot_interfaces/share/mycobot_interfaces/package.bash'
[1.560s] INFO:colcon.colcon_core.shell:Creating package script '/home/robotics/ros2_cobot/install/mycobot_interfaces/share/mycobot_interfaces/package.zsh'
[1.560s] Level 1:colcon.colcon_core.environment:create_file_with_runtime_dependencies(/home/robotics/ros2_cobot/install/mycobot_interfaces/share/colcon-core/packages/mycobot_interfaces)
[1.561s] Level 1:colcon.colcon_core.environment:create_environment_scripts_only(mycobot_interfaces)
[1.561s] Level 1:colcon.colcon_core.environment:checking '/home/robotics/ros2_cobot/install/mycobot_interfaces' for CMake module files
[1.562s] Level 1:colcon.colcon_core.environment:checking '/home/robotics/ros2_cobot/install/mycobot_interfaces' for CMake config files
[1.562s] Level 1:colcon.colcon_core.shell:create_environment_hook('mycobot_interfaces', 'cmake_prefix_path')
[1.563s] INFO:colcon.colcon_core.shell:Creating environment hook '/home/robotics/ros2_cobot/install/mycobot_interfaces/share/mycobot_interfaces/hook/cmake_prefix_path.ps1'
[1.565s] INFO:colcon.colcon_core.shell:Creating environment descriptor '/home/robotics/ros2_cobot/install/mycobot_interfaces/share/mycobot_interfaces/hook/cmake_prefix_path.dsv'
[1.568s] INFO:colcon.colcon_core.shell:Creating environment hook '/home/robotics/ros2_cobot/install/mycobot_interfaces/share/mycobot_interfaces/hook/cmake_prefix_path.sh'
[1.570s] Level 1:colcon.colcon_core.environment:checking '/home/robotics/ros2_cobot/install/mycobot_interfaces/lib'
[1.570s] Level 1:colcon.colcon_core.shell:create_environment_hook('mycobot_interfaces', 'ld_library_path_lib')
[1.571s] INFO:colcon.colcon_core.shell:Creating environment hook '/home/robotics/ros2_cobot/install/mycobot_interfaces/share/mycobot_interfaces/hook/ld_library_path_lib.ps1'
[1.571s] INFO:colcon.colcon_core.shell:Creating environment descriptor '/home/robotics/ros2_cobot/install/mycobot_interfaces/share/mycobot_interfaces/hook/ld_library_path_lib.dsv'
[1.572s] INFO:colcon.colcon_core.shell:Creating environment hook '/home/robotics/ros2_cobot/install/mycobot_interfaces/share/mycobot_interfaces/hook/ld_library_path_lib.sh'
[1.572s] Level 1:colcon.colcon_core.environment:checking '/home/robotics/ros2_cobot/install/mycobot_interfaces/bin'
[1.572s] Level 1:colcon.colcon_core.environment:checking '/home/robotics/ros2_cobot/install/mycobot_interfaces/lib/pkgconfig/mycobot_interfaces.pc'
[1.572s] Level 1:colcon.colcon_core.environment:checking '/home/robotics/ros2_cobot/install/mycobot_interfaces/lib/python3.10/site-packages'
[1.573s] Level 1:colcon.colcon_core.environment:checking '/home/robotics/ros2_cobot/install/mycobot_interfaces/bin'
[1.573s] INFO:colcon.colcon_core.shell:Creating package script '/home/robotics/ros2_cobot/install/mycobot_interfaces/share/mycobot_interfaces/package.ps1'
[1.574s] INFO:colcon.colcon_core.shell:Creating package descriptor '/home/robotics/ros2_cobot/install/mycobot_interfaces/share/mycobot_interfaces/package.dsv'
[1.574s] INFO:colcon.colcon_core.shell:Creating package script '/home/robotics/ros2_cobot/install/mycobot_interfaces/share/mycobot_interfaces/package.sh'
[1.575s] INFO:colcon.colcon_core.shell:Creating package script '/home/robotics/ros2_cobot/install/mycobot_interfaces/share/mycobot_interfaces/package.bash'
[1.575s] INFO:colcon.colcon_core.shell:Creating package script '/home/robotics/ros2_cobot/install/mycobot_interfaces/share/mycobot_interfaces/package.zsh'
[1.575s] Level 1:colcon.colcon_core.environment:create_file_with_runtime_dependencies(/home/robotics/ros2_cobot/install/mycobot_interfaces/share/colcon-core/packages/mycobot_interfaces)
[1.577s] INFO:colcon.colcon_ros.task.ament_python.build:Building ROS package in '/home/robotics/ros2_cobot/src/mycobot_ros2/mycobot_communication' with build type 'ament_python'
[1.578s] Level 1:colcon.colcon_core.shell:create_environment_hook('mycobot_communication', 'ament_prefix_path')
[1.578s] INFO:colcon.colcon_core.shell:Creating environment hook '/home/robotics/ros2_cobot/install/mycobot_communication/share/mycobot_communication/hook/ament_prefix_path.ps1'
[1.579s] INFO:colcon.colcon_core.shell:Creating environment descriptor '/home/robotics/ros2_cobot/install/mycobot_communication/share/mycobot_communication/hook/ament_prefix_path.dsv'
[1.580s] INFO:colcon.colcon_core.shell:Creating environment hook '/home/robotics/ros2_cobot/install/mycobot_communication/share/mycobot_communication/hook/ament_prefix_path.sh'
[1.582s] INFO:colcon.colcon_core.shell:Skip shell extension 'powershell' for command environment: Not usable outside of PowerShell
[1.582s] DEBUG:colcon.colcon_core.shell:Skip shell extension 'dsv' for command environment
[1.591s] INFO:colcon.colcon_ros.task.ament_python.build:Building ROS package in '/home/robotics/ros2_cobot/src/mycobot_ros2/mecharm/mecharm_communication' with build type 'ament_python'
[1.591s] Level 1:colcon.colcon_core.shell:create_environment_hook('mecharm_communication', 'ament_prefix_path')
[1.592s] INFO:colcon.colcon_core.shell:Creating environment hook '/home/robotics/ros2_cobot/install/mecharm_communication/share/mecharm_communication/hook/ament_prefix_path.ps1'
[1.592s] INFO:colcon.colcon_core.shell:Creating environment descriptor '/home/robotics/ros2_cobot/install/mecharm_communication/share/mecharm_communication/hook/ament_prefix_path.dsv'
[1.593s] INFO:colcon.colcon_core.shell:Creating environment hook '/home/robotics/ros2_cobot/install/mecharm_communication/share/mecharm_communication/hook/ament_prefix_path.sh'
[1.593s] INFO:colcon.colcon_core.shell:Skip shell extension 'powershell' for command environment: Not usable outside of PowerShell
[1.594s] DEBUG:colcon.colcon_core.shell:Skip shell extension 'dsv' for command environment
[1.604s] Level 1:colcon.colcon_core.environment:create_environment_scripts_only(mecharm_interfaces)
[1.605s] Level 1:colcon.colcon_core.environment:checking '/home/robotics/ros2_cobot/install/mecharm_interfaces' for CMake module files
[1.606s] DEBUG:colcon.colcon_core.event_handler.log_command:Invoked command in '/home/robotics/ros2_cobot/build/mecharm_interfaces' returned '0': CMAKE_PREFIX_PATH=${CMAKE_PREFIX_PATH}:/home/robotics/ros2_cobot/install/ultraarm:/home/robotics/ros2_cobot/install/mypalletizer_communication:/home/robotics/ros2_cobot/install/mypalletizer_260_pi:/home/robotics/ros2_cobot/install/mypalletizer_260:/home/robotics/ros2_cobot/install/myarm_m750:/home/robotics/ros2_cobot/install/myarm_c650:/home/robotics/ros2_cobot/install/mycobot_communication:/home/robotics/ros2_cobot/install/mecharm_communication:/home/robotics/ros2_cobot/install/mycobot_630:/home/robotics/ros2_cobot/install/mycobot_600:/home/robotics/ros2_cobot/install/mycobot_320pi:/home/robotics/ros2_cobot/install/mycobot_320_riscv:/home/robotics/ros2_cobot/install/mycobot_320:/home/robotics/ros2_cobot/install/mycobot_280pi:/home/robotics/ros2_cobot/install/mycobot_280jn:/home/robotics/ros2_cobot/install/mycobot_280_x3pi:/home/robotics/ros2_cobot/install/mycobot_280_riscv:/home/robotics/ros2_cobot/install/mycobot_280_rdkx5:/home/robotics/ros2_cobot/install/mycobot_280_moveit2_control:/home/robotics/ros2_cobot/install/mycobot_280_arduino:/home/robotics/ros2_cobot/install/mycobot_280:/home/robotics/ros2_cobot/install/mybuddy:/home/robotics/ros2_cobot/install/myarm_300:/home/robotics/ros2_cobot/install/mecharm_pi:/home/robotics/ros2_cobot/install/mecharm:/home/robotics/ros2_cobot/install/mycobot_description:/opt/ros/humble /usr/bin/cmake --install /home/robotics/ros2_cobot/build/mecharm_interfaces
[1.606s] Level 1:colcon.colcon_core.environment:checking '/home/robotics/ros2_cobot/install/mecharm_interfaces' for CMake config files
[1.607s] Level 1:colcon.colcon_core.shell:create_environment_hook('mecharm_interfaces', 'cmake_prefix_path')
[1.607s] INFO:colcon.colcon_core.shell:Creating environment hook '/home/robotics/ros2_cobot/install/mecharm_interfaces/share/mecharm_interfaces/hook/cmake_prefix_path.ps1'
[1.607s] INFO:colcon.colcon_core.shell:Creating environment descriptor '/home/robotics/ros2_cobot/install/mecharm_interfaces/share/mecharm_interfaces/hook/cmake_prefix_path.dsv'
[1.608s] INFO:colcon.colcon_core.shell:Creating environment hook '/home/robotics/ros2_cobot/install/mecharm_interfaces/share/mecharm_interfaces/hook/cmake_prefix_path.sh'
[1.608s] Level 1:colcon.colcon_core.environment:checking '/home/robotics/ros2_cobot/install/mecharm_interfaces/lib'
[1.608s] Level 1:colcon.colcon_core.shell:create_environment_hook('mecharm_interfaces', 'ld_library_path_lib')
[1.609s] INFO:colcon.colcon_core.shell:Creating environment hook '/home/robotics/ros2_cobot/install/mecharm_interfaces/share/mecharm_interfaces/hook/ld_library_path_lib.ps1'
[1.609s] INFO:colcon.colcon_core.shell:Creating environment descriptor '/home/robotics/ros2_cobot/install/mecharm_interfaces/share/mecharm_interfaces/hook/ld_library_path_lib.dsv'
[1.609s] INFO:colcon.colcon_core.shell:Creating environment hook '/home/robotics/ros2_cobot/install/mecharm_interfaces/share/mecharm_interfaces/hook/ld_library_path_lib.sh'
[1.610s] Level 1:colcon.colcon_core.environment:checking '/home/robotics/ros2_cobot/install/mecharm_interfaces/bin'
[1.610s] Level 1:colcon.colcon_core.environment:checking '/home/robotics/ros2_cobot/install/mecharm_interfaces/lib/pkgconfig/mecharm_interfaces.pc'
[1.610s] Level 1:colcon.colcon_core.environment:checking '/home/robotics/ros2_cobot/install/mecharm_interfaces/lib/python3.10/site-packages'
[1.610s] Level 1:colcon.colcon_core.environment:checking '/home/robotics/ros2_cobot/install/mecharm_interfaces/bin'
[1.610s] INFO:colcon.colcon_core.shell:Creating package script '/home/robotics/ros2_cobot/install/mecharm_interfaces/share/mecharm_interfaces/package.ps1'
[1.611s] INFO:colcon.colcon_core.shell:Creating package descriptor '/home/robotics/ros2_cobot/install/mecharm_interfaces/share/mecharm_interfaces/package.dsv'
[1.611s] INFO:colcon.colcon_core.shell:Creating package script '/home/robotics/ros2_cobot/install/mecharm_interfaces/share/mecharm_interfaces/package.sh'
[1.612s] INFO:colcon.colcon_core.shell:Creating package script '/home/robotics/ros2_cobot/install/mecharm_interfaces/share/mecharm_interfaces/package.bash'
[1.613s] INFO:colcon.colcon_core.shell:Creating package script '/home/robotics/ros2_cobot/install/mecharm_interfaces/share/mecharm_interfaces/package.zsh'
[1.613s] Level 1:colcon.colcon_core.environment:create_file_with_runtime_dependencies(/home/robotics/ros2_cobot/install/mecharm_interfaces/share/colcon-core/packages/mecharm_interfaces)
[1.616s] Level 1:colcon.colcon_core.environment:create_environment_scripts_only(mecharm_interfaces)
[1.617s] Level 1:colcon.colcon_core.environment:checking '/home/robotics/ros2_cobot/install/mecharm_interfaces' for CMake module files
[1.619s] Level 1:colcon.colcon_core.environment:checking '/home/robotics/ros2_cobot/install/mecharm_interfaces' for CMake config files
[1.619s] Level 1:colcon.colcon_core.shell:create_environment_hook('mecharm_interfaces', 'cmake_prefix_path')
[1.620s] INFO:colcon.colcon_core.shell:Creating environment hook '/home/robotics/ros2_cobot/install/mecharm_interfaces/share/mecharm_interfaces/hook/cmake_prefix_path.ps1'
[1.620s] INFO:colcon.colcon_core.shell:Creating environment descriptor '/home/robotics/ros2_cobot/install/mecharm_interfaces/share/mecharm_interfaces/hook/cmake_prefix_path.dsv'
[1.620s] INFO:colcon.colcon_core.shell:Creating environment hook '/home/robotics/ros2_cobot/install/mecharm_interfaces/share/mecharm_interfaces/hook/cmake_prefix_path.sh'
[1.621s] Level 1:colcon.colcon_core.environment:checking '/home/robotics/ros2_cobot/install/mecharm_interfaces/lib'
[1.621s] Level 1:colcon.colcon_core.shell:create_environment_hook('mecharm_interfaces', 'ld_library_path_lib')
[1.621s] INFO:colcon.colcon_core.shell:Creating environment hook '/home/robotics/ros2_cobot/install/mecharm_interfaces/share/mecharm_interfaces/hook/ld_library_path_lib.ps1'
[1.621s] INFO:colcon.colcon_core.shell:Creating environment descriptor '/home/robotics/ros2_cobot/install/mecharm_interfaces/share/mecharm_interfaces/hook/ld_library_path_lib.dsv'
[1.622s] INFO:colcon.colcon_core.shell:Creating environment hook '/home/robotics/ros2_cobot/install/mecharm_interfaces/share/mecharm_interfaces/hook/ld_library_path_lib.sh'
[1.622s] Level 1:colcon.colcon_core.environment:checking '/home/robotics/ros2_cobot/install/mecharm_interfaces/bin'
[1.622s] Level 1:colcon.colcon_core.environment:checking '/home/robotics/ros2_cobot/install/mecharm_interfaces/lib/pkgconfig/mecharm_interfaces.pc'
[1.622s] Level 1:colcon.colcon_core.environment:checking '/home/robotics/ros2_cobot/install/mecharm_interfaces/lib/python3.10/site-packages'
[1.623s] Level 1:colcon.colcon_core.environment:checking '/home/robotics/ros2_cobot/install/mecharm_interfaces/bin'
[1.623s] INFO:colcon.colcon_core.shell:Creating package script '/home/robotics/ros2_cobot/install/mecharm_interfaces/share/mecharm_interfaces/package.ps1'
[1.623s] INFO:colcon.colcon_core.shell:Creating package descriptor '/home/robotics/ros2_cobot/install/mecharm_interfaces/share/mecharm_interfaces/package.dsv'
[1.624s] INFO:colcon.colcon_core.shell:Creating package script '/home/robotics/ros2_cobot/install/mecharm_interfaces/share/mecharm_interfaces/package.sh'
[1.624s] INFO:colcon.colcon_core.shell:Creating package script '/home/robotics/ros2_cobot/install/mecharm_interfaces/share/mecharm_interfaces/package.bash'
[1.624s] INFO:colcon.colcon_core.shell:Creating package script '/home/robotics/ros2_cobot/install/mecharm_interfaces/share/mecharm_interfaces/package.zsh'
[1.625s] Level 1:colcon.colcon_core.environment:create_file_with_runtime_dependencies(/home/robotics/ros2_cobot/install/mecharm_interfaces/share/colcon-core/packages/mecharm_interfaces)
[2.025s] INFO:colcon.colcon_core.task.python.build:Building Python package in '/home/robotics/ros2_cobot/src/mycobot_ros2/mypalletizer_260/mypalletizer_communication'
[2.026s] INFO:colcon.colcon_core.shell:Skip shell extension 'powershell' for command environment: Not usable outside of PowerShell
[2.026s] DEBUG:colcon.colcon_core.shell:Skip shell extension 'dsv' for command environment
[2.424s] INFO:colcon.colcon_core.task.python.build:Building Python package in '/home/robotics/ros2_cobot/src/mycobot_ros2/mycobot_communication'
[2.425s] INFO:colcon.colcon_core.shell:Skip shell extension 'powershell' for command environment: Not usable outside of PowerShell
[2.425s] DEBUG:colcon.colcon_core.shell:Skip shell extension 'dsv' for command environment
[2.733s] INFO:colcon.colcon_core.task.python.build:Building Python package in '/home/robotics/ros2_cobot/src/mycobot_ros2/mecharm/mecharm_communication'
[2.735s] INFO:colcon.colcon_core.shell:Skip shell extension 'powershell' for command environment: Not usable outside of PowerShell
[2.735s] DEBUG:colcon.colcon_core.shell:Skip shell extension 'dsv' for command environment
[2.746s] Level 1:colcon.colcon_core.environment:checking '/home/robotics/ros2_cobot/install/mycobot_description' for CMake module files
[2.747s] DEBUG:colcon.colcon_core.event_handler.log_command:Invoked command in '/home/robotics/ros2_cobot/src/mycobot_ros2/mycobot_description' returned '0': PYTHONPATH=/home/robotics/ros2_cobot/build/mycobot_description/prefix_override:/usr/lib/python3/dist-packages/colcon_core/task/python/colcon_distutils_commands:/home/robotics/ros2_cobot/install/mycobot_description/lib/python3.10/site-packages:${PYTHONPATH} /usr/bin/python3 -W ignore:setup.py install is deprecated -W ignore:easy_install command is deprecated setup.py egg_info --egg-base ../../../build/mycobot_description build --build-base /home/robotics/ros2_cobot/build/mycobot_description/build install --record /home/robotics/ros2_cobot/build/mycobot_description/install.log --single-version-externally-managed install_data
[2.747s] Level 1:colcon.colcon_core.environment:checking '/home/robotics/ros2_cobot/install/mycobot_description' for CMake config files
[2.750s] Level 1:colcon.colcon_core.environment:checking '/home/robotics/ros2_cobot/install/mycobot_description/lib'
[2.751s] Level 1:colcon.colcon_core.environment:checking '/home/robotics/ros2_cobot/install/mycobot_description/bin'
[2.751s] Level 1:colcon.colcon_core.environment:checking '/home/robotics/ros2_cobot/install/mycobot_description/lib/pkgconfig/mycobot_description.pc'
[2.752s] Level 1:colcon.colcon_core.environment:checking '/home/robotics/ros2_cobot/install/mycobot_description/lib/python3.10/site-packages'
[2.753s] Level 1:colcon.colcon_core.shell:create_environment_hook('mycobot_description', 'pythonpath')
[2.753s] INFO:colcon.colcon_core.shell:Creating environment hook '/home/robotics/ros2_cobot/install/mycobot_description/share/mycobot_description/hook/pythonpath.ps1'
[2.754s] INFO:colcon.colcon_core.shell:Creating environment descriptor '/home/robotics/ros2_cobot/install/mycobot_description/share/mycobot_description/hook/pythonpath.dsv'
[2.754s] INFO:colcon.colcon_core.shell:Creating environment hook '/home/robotics/ros2_cobot/install/mycobot_description/share/mycobot_description/hook/pythonpath.sh'
[2.755s] Level 1:colcon.colcon_core.environment:checking '/home/robotics/ros2_cobot/install/mycobot_description/bin'
[2.755s] Level 1:colcon.colcon_core.environment:create_environment_scripts_only(mycobot_description)
[2.755s] INFO:colcon.colcon_core.shell:Creating package script '/home/robotics/ros2_cobot/install/mycobot_description/share/mycobot_description/package.ps1'
[2.756s] INFO:colcon.colcon_core.shell:Creating package descriptor '/home/robotics/ros2_cobot/install/mycobot_description/share/mycobot_description/package.dsv'
[2.757s] INFO:colcon.colcon_core.shell:Creating package script '/home/robotics/ros2_cobot/install/mycobot_description/share/mycobot_description/package.sh'
[2.757s] INFO:colcon.colcon_core.shell:Creating package script '/home/robotics/ros2_cobot/install/mycobot_description/share/mycobot_description/package.bash'
[2.757s] INFO:colcon.colcon_core.shell:Creating package script '/home/robotics/ros2_cobot/install/mycobot_description/share/mycobot_description/package.zsh'
[2.758s] Level 1:colcon.colcon_core.environment:create_file_with_runtime_dependencies(/home/robotics/ros2_cobot/install/mycobot_description/share/colcon-core/packages/mycobot_description)
[2.760s] INFO:colcon.colcon_ros.task.ament_python.build:Building ROS package in '/home/robotics/ros2_cobot/src/mycobot_ros2/mecharm/mecharm' with build type 'ament_python'
[2.760s] Level 1:colcon.colcon_core.shell:create_environment_hook('mecharm', 'ament_prefix_path')
[2.760s] INFO:colcon.colcon_core.shell:Creating environment hook '/home/robotics/ros2_cobot/install/mecharm/share/mecharm/hook/ament_prefix_path.ps1'
[2.761s] INFO:colcon.colcon_core.shell:Creating environment descriptor '/home/robotics/ros2_cobot/install/mecharm/share/mecharm/hook/ament_prefix_path.dsv'
[2.762s] INFO:colcon.colcon_core.shell:Creating environment hook '/home/robotics/ros2_cobot/install/mecharm/share/mecharm/hook/ament_prefix_path.sh'
[2.762s] INFO:colcon.colcon_core.shell:Skip shell extension 'powershell' for command environment: Not usable outside of PowerShell
[2.762s] DEBUG:colcon.colcon_core.shell:Skip shell extension 'dsv' for command environment
[2.774s] INFO:colcon.colcon_ros.task.ament_python.build:Building ROS package in '/home/robotics/ros2_cobot/src/mycobot_ros2/mecharm/mecharm_pi' with build type 'ament_python'
[2.774s] Level 1:colcon.colcon_core.shell:create_environment_hook('mecharm_pi', 'ament_prefix_path')
[2.775s] INFO:colcon.colcon_core.shell:Creating environment hook '/home/robotics/ros2_cobot/install/mecharm_pi/share/mecharm_pi/hook/ament_prefix_path.ps1'
[2.776s] INFO:colcon.colcon_core.shell:Creating environment descriptor '/home/robotics/ros2_cobot/install/mecharm_pi/share/mecharm_pi/hook/ament_prefix_path.dsv'
[2.776s] INFO:colcon.colcon_core.shell:Creating environment hook '/home/robotics/ros2_cobot/install/mecharm_pi/share/mecharm_pi/hook/ament_prefix_path.sh'
[2.777s] INFO:colcon.colcon_core.shell:Skip shell extension 'powershell' for command environment: Not usable outside of PowerShell
[2.777s] DEBUG:colcon.colcon_core.shell:Skip shell extension 'dsv' for command environment
[2.788s] INFO:colcon.colcon_ros.task.ament_python.build:Building ROS package in '/home/robotics/ros2_cobot/src/mycobot_ros2/myArm/myarm_300' with build type 'ament_python'
[2.789s] Level 1:colcon.colcon_core.shell:create_environment_hook('myarm_300', 'ament_prefix_path')
[2.790s] INFO:colcon.colcon_core.shell:Creating environment hook '/home/robotics/ros2_cobot/install/myarm_300/share/myarm_300/hook/ament_prefix_path.ps1'
[2.791s] INFO:colcon.colcon_core.shell:Creating environment descriptor '/home/robotics/ros2_cobot/install/myarm_300/share/myarm_300/hook/ament_prefix_path.dsv'
[2.791s] INFO:colcon.colcon_core.shell:Creating environment hook '/home/robotics/ros2_cobot/install/myarm_300/share/myarm_300/hook/ament_prefix_path.sh'
[2.792s] INFO:colcon.colcon_core.shell:Skip shell extension 'powershell' for command environment: Not usable outside of PowerShell
[2.792s] DEBUG:colcon.colcon_core.shell:Skip shell extension 'dsv' for command environment
[2.804s] INFO:colcon.colcon_ros.task.ament_python.build:Building ROS package in '/home/robotics/ros2_cobot/src/mycobot_ros2/Mybuddy/mybuddy' with build type 'ament_python'
[2.804s] Level 1:colcon.colcon_core.shell:create_environment_hook('mybuddy', 'ament_prefix_path')
[2.804s] INFO:colcon.colcon_core.shell:Creating environment hook '/home/robotics/ros2_cobot/install/mybuddy/share/mybuddy/hook/ament_prefix_path.ps1'
[2.805s] INFO:colcon.colcon_core.shell:Creating environment descriptor '/home/robotics/ros2_cobot/install/mybuddy/share/mybuddy/hook/ament_prefix_path.dsv'
[2.806s] INFO:colcon.colcon_core.shell:Creating environment hook '/home/robotics/ros2_cobot/install/mybuddy/share/mybuddy/hook/ament_prefix_path.sh'
[2.807s] INFO:colcon.colcon_core.shell:Skip shell extension 'powershell' for command environment: Not usable outside of PowerShell
[2.807s] DEBUG:colcon.colcon_core.shell:Skip shell extension 'dsv' for command environment
[2.820s] INFO:colcon.colcon_ros.task.ament_python.build:Building ROS package in '/home/robotics/ros2_cobot/src/mycobot_ros2/mycobot_280/mycobot_280' with build type 'ament_python'
[2.820s] Level 1:colcon.colcon_core.shell:create_environment_hook('mycobot_280', 'ament_prefix_path')
[2.820s] INFO:colcon.colcon_core.shell:Creating environment hook '/home/robotics/ros2_cobot/install/mycobot_280/share/mycobot_280/hook/ament_prefix_path.ps1'
[2.821s] INFO:colcon.colcon_core.shell:Creating environment descriptor '/home/robotics/ros2_cobot/install/mycobot_280/share/mycobot_280/hook/ament_prefix_path.dsv'
[2.822s] INFO:colcon.colcon_core.shell:Creating environment hook '/home/robotics/ros2_cobot/install/mycobot_280/share/mycobot_280/hook/ament_prefix_path.sh'
[2.823s] INFO:colcon.colcon_core.shell:Skip shell extension 'powershell' for command environment: Not usable outside of PowerShell
[2.823s] DEBUG:colcon.colcon_core.shell:Skip shell extension 'dsv' for command environment
[2.831s] INFO:colcon.colcon_ros.task.ament_python.build:Building ROS package in '/home/robotics/ros2_cobot/src/mycobot_ros2/mycobot_280/mycobot_280_arduino' with build type 'ament_python'
[2.831s] Level 1:colcon.colcon_core.shell:create_environment_hook('mycobot_280_arduino', 'ament_prefix_path')
[2.832s] INFO:colcon.colcon_core.shell:Creating environment hook '/home/robotics/ros2_cobot/install/mycobot_280_arduino/share/mycobot_280_arduino/hook/ament_prefix_path.ps1'
[2.834s] INFO:colcon.colcon_core.shell:Creating environment descriptor '/home/robotics/ros2_cobot/install/mycobot_280_arduino/share/mycobot_280_arduino/hook/ament_prefix_path.dsv'
[2.835s] INFO:colcon.colcon_core.shell:Creating environment hook '/home/robotics/ros2_cobot/install/mycobot_280_arduino/share/mycobot_280_arduino/hook/ament_prefix_path.sh'
[2.837s] INFO:colcon.colcon_core.shell:Skip shell extension 'powershell' for command environment: Not usable outside of PowerShell
[2.837s] DEBUG:colcon.colcon_core.shell:Skip shell extension 'dsv' for command environment
[2.846s] INFO:colcon.colcon_ros.task.ament_cmake.build:Building ROS package in '/home/robotics/ros2_cobot/src/mycobot_ros2/mycobot_280/mycobot_280_moveit2' with build type 'ament_cmake'
[2.848s] INFO:colcon.colcon_cmake.task.cmake.build:Building CMake package in '/home/robotics/ros2_cobot/src/mycobot_ros2/mycobot_280/mycobot_280_moveit2'
[2.849s] INFO:colcon.colcon_core.shell:Skip shell extension 'powershell' for command environment: Not usable outside of PowerShell
[2.849s] DEBUG:colcon.colcon_core.shell:Skip shell extension 'dsv' for command environment
[2.859s] INFO:colcon.colcon_ros.task.ament_python.build:Building ROS package in '/home/robotics/ros2_cobot/src/mycobot_ros2/mycobot_280/mycobot_280_moveit2_control' with build type 'ament_python'
[2.859s] Level 1:colcon.colcon_core.shell:create_environment_hook('mycobot_280_moveit2_control', 'ament_prefix_path')
[2.859s] INFO:colcon.colcon_core.shell:Creating environment hook '/home/robotics/ros2_cobot/install/mycobot_280_moveit2_control/share/mycobot_280_moveit2_control/hook/ament_prefix_path.ps1'
[2.860s] INFO:colcon.colcon_core.shell:Creating environment descriptor '/home/robotics/ros2_cobot/install/mycobot_280_moveit2_control/share/mycobot_280_moveit2_control/hook/ament_prefix_path.dsv'
[2.860s] INFO:colcon.colcon_core.shell:Creating environment hook '/home/robotics/ros2_cobot/install/mycobot_280_moveit2_control/share/mycobot_280_moveit2_control/hook/ament_prefix_path.sh'
[2.861s] INFO:colcon.colcon_core.shell:Skip shell extension 'powershell' for command environment: Not usable outside of PowerShell
[2.861s] DEBUG:colcon.colcon_core.shell:Skip shell extension 'dsv' for command environment
[2.871s] INFO:colcon.colcon_ros.task.ament_python.build:Building ROS package in '/home/robotics/ros2_cobot/src/mycobot_ros2/mycobot_280/mycobot_280_riscv' with build type 'ament_python'
[2.872s] Level 1:colcon.colcon_core.shell:create_environment_hook('mycobot_280_riscv', 'ament_prefix_path')
[2.872s] INFO:colcon.colcon_core.shell:Creating environment hook '/home/robotics/ros2_cobot/install/mycobot_280_riscv/share/mycobot_280_riscv/hook/ament_prefix_path.ps1'
[2.873s] INFO:colcon.colcon_core.shell:Creating environment descriptor '/home/robotics/ros2_cobot/install/mycobot_280_riscv/share/mycobot_280_riscv/hook/ament_prefix_path.dsv'
[2.874s] INFO:colcon.colcon_core.shell:Creating environment hook '/home/robotics/ros2_cobot/install/mycobot_280_riscv/share/mycobot_280_riscv/hook/ament_prefix_path.sh'
[2.874s] INFO:colcon.colcon_core.shell:Skip shell extension 'powershell' for command environment: Not usable outside of PowerShell
[2.874s] DEBUG:colcon.colcon_core.shell:Skip shell extension 'dsv' for command environment
[2.880s] INFO:colcon.colcon_ros.task.ament_python.build:Building ROS package in '/home/robotics/ros2_cobot/src/mycobot_ros2/mycobot_280/mycobot_280_x3pi' with build type 'ament_python'
[2.880s] Level 1:colcon.colcon_core.shell:create_environment_hook('mycobot_280_x3pi', 'ament_prefix_path')
[2.881s] INFO:colcon.colcon_core.shell:Creating environment hook '/home/robotics/ros2_cobot/install/mycobot_280_x3pi/share/mycobot_280_x3pi/hook/ament_prefix_path.ps1'
[2.884s] INFO:colcon.colcon_core.shell:Creating environment descriptor '/home/robotics/ros2_cobot/install/mycobot_280_x3pi/share/mycobot_280_x3pi/hook/ament_prefix_path.dsv'
[2.885s] INFO:colcon.colcon_core.shell:Creating environment hook '/home/robotics/ros2_cobot/install/mycobot_280_x3pi/share/mycobot_280_x3pi/hook/ament_prefix_path.sh'
[2.886s] INFO:colcon.colcon_core.shell:Skip shell extension 'powershell' for command environment: Not usable outside of PowerShell
[2.886s] DEBUG:colcon.colcon_core.shell:Skip shell extension 'dsv' for command environment
[2.891s] INFO:colcon.colcon_ros.task.ament_cmake.build:Building ROS package in '/home/robotics/ros2_cobot/src/mycobot_ros2/mycobot_280/mycobot_280arduino_moveit2' with build type 'ament_cmake'
[2.891s] INFO:colcon.colcon_cmake.task.cmake.build:Building CMake package in '/home/robotics/ros2_cobot/src/mycobot_ros2/mycobot_280/mycobot_280arduino_moveit2'
[2.891s] INFO:colcon.colcon_core.shell:Skip shell extension 'powershell' for command environment: Not usable outside of PowerShell
[2.891s] DEBUG:colcon.colcon_core.shell:Skip shell extension 'dsv' for command environment
[2.895s] INFO:colcon.colcon_ros.task.ament_python.build:Building ROS package in '/home/robotics/ros2_cobot/src/mycobot_ros2/mycobot_280/mycobot_280jn' with build type 'ament_python'
[2.896s] Level 1:colcon.colcon_core.shell:create_environment_hook('mycobot_280jn', 'ament_prefix_path')
[2.896s] INFO:colcon.colcon_core.shell:Creating environment hook '/home/robotics/ros2_cobot/install/mycobot_280jn/share/mycobot_280jn/hook/ament_prefix_path.ps1'
[2.897s] INFO:colcon.colcon_core.shell:Creating environment descriptor '/home/robotics/ros2_cobot/install/mycobot_280jn/share/mycobot_280jn/hook/ament_prefix_path.dsv'
[2.898s] INFO:colcon.colcon_core.shell:Creating environment hook '/home/robotics/ros2_cobot/install/mycobot_280jn/share/mycobot_280jn/hook/ament_prefix_path.sh'
[2.899s] INFO:colcon.colcon_core.shell:Skip shell extension 'powershell' for command environment: Not usable outside of PowerShell
[2.900s] DEBUG:colcon.colcon_core.shell:Skip shell extension 'dsv' for command environment
[3.307s] INFO:colcon.colcon_core.task.python.build:Building Python package in '/home/robotics/ros2_cobot/src/mycobot_ros2/mecharm/mecharm'
[3.308s] INFO:colcon.colcon_core.shell:Skip shell extension 'powershell' for command environment: Not usable outside of PowerShell
[3.308s] DEBUG:colcon.colcon_core.shell:Skip shell extension 'dsv' for command environment
[3.558s] INFO:colcon.colcon_core.task.python.build:Building Python package in '/home/robotics/ros2_cobot/src/mycobot_ros2/mecharm/mecharm_pi'
[3.559s] INFO:colcon.colcon_core.shell:Skip shell extension 'powershell' for command environment: Not usable outside of PowerShell
[3.559s] DEBUG:colcon.colcon_core.shell:Skip shell extension 'dsv' for command environment
[3.796s] INFO:colcon.colcon_core.task.python.build:Building Python package in '/home/robotics/ros2_cobot/src/mycobot_ros2/myArm/myarm_300'
[3.797s] INFO:colcon.colcon_core.shell:Skip shell extension 'powershell' for command environment: Not usable outside of PowerShell
[3.797s] DEBUG:colcon.colcon_core.shell:Skip shell extension 'dsv' for command environment
[4.063s] INFO:colcon.colcon_core.task.python.build:Building Python package in '/home/robotics/ros2_cobot/src/mycobot_ros2/Mybuddy/mybuddy'
[4.064s] INFO:colcon.colcon_core.shell:Skip shell extension 'powershell' for command environment: Not usable outside of PowerShell
[4.064s] DEBUG:colcon.colcon_core.shell:Skip shell extension 'dsv' for command environment
[4.305s] INFO:colcon.colcon_core.task.python.build:Building Python package in '/home/robotics/ros2_cobot/src/mycobot_ros2/mycobot_280/mycobot_280'
[4.305s] INFO:colcon.colcon_core.shell:Skip shell extension 'powershell' for command environment: Not usable outside of PowerShell
[4.305s] DEBUG:colcon.colcon_core.shell:Skip shell extension 'dsv' for command environment
[4.543s] INFO:colcon.colcon_core.task.python.build:Building Python package in '/home/robotics/ros2_cobot/src/mycobot_ros2/mycobot_280/mycobot_280_arduino'
[4.543s] INFO:colcon.colcon_core.shell:Skip shell extension 'powershell' for command environment: Not usable outside of PowerShell
[4.543s] DEBUG:colcon.colcon_core.shell:Skip shell extension 'dsv' for command environment
[4.555s] DEBUG:colcon.colcon_core.event_handler.log_command:Invoking command in '/home/robotics/ros2_cobot/build/mycobot_280_moveit2': AMENT_PREFIX_PATH=/home/robotics/ros2_cobot/install/mycobot_description:/home/robotics/ros2_cobot/install/ultraarm:/home/robotics/ros2_cobot/install/traj_scripts:/home/robotics/ros2_cobot/install/mypalletizer_communication:/home/robotics/ros2_cobot/install/mypalletizer_interfaces:/home/robotics/ros2_cobot/install/mypalletizer_260_pi:/home/robotics/ros2_cobot/install/mypalletizer_260:/home/robotics/ros2_cobot/install/myarm_m750:/home/robotics/ros2_cobot/install/myarm_c650:/home/robotics/ros2_cobot/install/mycobot_communication:/home/robotics/ros2_cobot/install/mecharm_communication:/home/robotics/ros2_cobot/install/mycobot_interfaces:/home/robotics/ros2_cobot/install/mycobot_630:/home/robotics/ros2_cobot/install/mycobot_600:/home/robotics/ros2_cobot/install/mycobot_320pi:/home/robotics/ros2_cobot/install/mycobot_320_riscv:/home/robotics/ros2_cobot/install/mycobot_320:/home/robotics/ros2_cobot/install/mycobot_280rdkx5_moveit2:/home/robotics/ros2_cobot/install/mycobot_280pi:/home/robotics/ros2_cobot/install/mycobot_280jn:/home/robotics/ros2_cobot/install/mycobot_280arduino_moveit2:/home/robotics/ros2_cobot/install/mycobot_280_x3pi:/home/robotics/ros2_cobot/install/mycobot_280_riscv:/home/robotics/ros2_cobot/install/mycobot_280_rdkx5:/home/robotics/ros2_cobot/install/mycobot_280_moveit2_control:/home/robotics/ros2_cobot/install/mycobot_280_moveit2:/home/robotics/ros2_cobot/install/mycobot_280_arduino:/home/robotics/ros2_cobot/install/mycobot_280:/home/robotics/ros2_cobot/install/mybuddy:/home/robotics/ros2_cobot/install/myarm_300:/home/robotics/ros2_cobot/install/mecharm_pi:/home/robotics/ros2_cobot/install/mecharm:/home/robotics/ros2_cobot/install/mecharm_interfaces:/opt/ros/humble CMAKE_PREFIX_PATH=${CMAKE_PREFIX_PATH}:/home/robotics/ros2_cobot/install/ultraarm:/home/robotics/ros2_cobot/install/mypalletizer_communication:/home/robotics/ros2_cobot/install/mypalletizer_260_pi:/home/robotics/ros2_cobot/install/mypalletizer_260:/home/robotics/ros2_cobot/install/myarm_m750:/home/robotics/ros2_cobot/install/myarm_c650:/home/robotics/ros2_cobot/install/mycobot_communication:/home/robotics/ros2_cobot/install/mecharm_communication:/home/robotics/ros2_cobot/install/mycobot_630:/home/robotics/ros2_cobot/install/mycobot_600:/home/robotics/ros2_cobot/install/mycobot_320pi:/home/robotics/ros2_cobot/install/mycobot_320_riscv:/home/robotics/ros2_cobot/install/mycobot_320:/home/robotics/ros2_cobot/install/mycobot_280pi:/home/robotics/ros2_cobot/install/mycobot_280jn:/home/robotics/ros2_cobot/install/mycobot_280_x3pi:/home/robotics/ros2_cobot/install/mycobot_280_riscv:/home/robotics/ros2_cobot/install/mycobot_280_rdkx5:/home/robotics/ros2_cobot/install/mycobot_280_moveit2_control:/home/robotics/ros2_cobot/install/mycobot_280_arduino:/home/robotics/ros2_cobot/install/mycobot_280:/home/robotics/ros2_cobot/install/mybuddy:/home/robotics/ros2_cobot/install/myarm_300:/home/robotics/ros2_cobot/install/mecharm_pi:/home/robotics/ros2_cobot/install/mecharm:/home/robotics/ros2_cobot/install/mycobot_description:/opt/ros/humble PYTHONPATH=/home/robotics/ros2_cobot/install/mycobot_description/lib/python3.10/site-packages:/home/robotics/ros2_cobot/install/ultraarm/lib/python3.10/site-packages:/home/robotics/ros2_cobot/install/traj_scripts/local/lib/python3.10/dist-packages:/home/robotics/ros2_cobot/install/mypalletizer_communication/lib/python3.10/site-packages:/home/robotics/ros2_cobot/install/mypalletizer_interfaces/local/lib/python3.10/dist-packages:/home/robotics/ros2_cobot/install/mypalletizer_260_pi/lib/python3.10/site-packages:/home/robotics/ros2_cobot/install/mypalletizer_260/lib/python3.10/site-packages:/home/robotics/ros2_cobot/install/myarm_m750/lib/python3.10/site-packages:/home/robotics/ros2_cobot/install/myarm_c650/lib/python3.10/site-packages:/home/robotics/ros2_cobot/install/mycobot_communication/lib/python3.10/site-packages:/home/robotics/ros2_cobot/install/mecharm_communication/lib/python3.10/site-packages:/home/robotics/ros2_cobot/install/mycobot_interfaces/local/lib/python3.10/dist-packages:/home/robotics/ros2_cobot/install/mycobot_630/lib/python3.10/site-packages:/home/robotics/ros2_cobot/install/mycobot_600/lib/python3.10/site-packages:/home/robotics/ros2_cobot/install/mycobot_320pi/lib/python3.10/site-packages:/home/robotics/ros2_cobot/install/mycobot_320_riscv/lib/python3.10/site-packages:/home/robotics/ros2_cobot/install/mycobot_320/lib/python3.10/site-packages:/home/robotics/ros2_cobot/install/mycobot_280pi/lib/python3.10/site-packages:/home/robotics/ros2_cobot/install/mycobot_280jn/lib/python3.10/site-packages:/home/robotics/ros2_cobot/install/mycobot_280_x3pi/lib/python3.10/site-packages:/home/robotics/ros2_cobot/install/mycobot_280_riscv/lib/python3.10/site-packages:/home/robotics/ros2_cobot/install/mycobot_280_rdkx5/lib/python3.10/site-packages:/home/robotics/ros2_cobot/install/mycobot_280_moveit2_control/lib/python3.10/site-packages:/home/robotics/ros2_cobot/install/mycobot_280_arduino/lib/python3.10/site-packages:/home/robotics/ros2_cobot/install/mycobot_280/lib/python3.10/site-packages:/home/robotics/ros2_cobot/install/mybuddy/lib/python3.10/site-packages:/home/robotics/ros2_cobot/install/myarm_300/lib/python3.10/site-packages:/home/robotics/ros2_cobot/install/mecharm_pi/lib/python3.10/site-packages:/home/robotics/ros2_cobot/install/mecharm/lib/python3.10/site-packages:/home/robotics/ros2_cobot/install/mecharm_interfaces/local/lib/python3.10/dist-packages:/opt/ros/humble/lib/python3.10/site-packages:/opt/ros/humble/local/lib/python3.10/dist-packages /usr/bin/cmake --build /home/robotics/ros2_cobot/build/mycobot_280_moveit2 -- -j16 -l16
[4.787s] INFO:colcon.colcon_core.task.python.build:Building Python package in '/home/robotics/ros2_cobot/src/mycobot_ros2/mycobot_280/mycobot_280_moveit2_control'
[4.787s] INFO:colcon.colcon_core.shell:Skip shell extension 'powershell' for command environment: Not usable outside of PowerShell
[4.787s] DEBUG:colcon.colcon_core.shell:Skip shell extension 'dsv' for command environment
[5.037s] INFO:colcon.colcon_core.task.python.build:Building Python package in '/home/robotics/ros2_cobot/src/mycobot_ros2/mycobot_280/mycobot_280_riscv'
[5.038s] INFO:colcon.colcon_core.shell:Skip shell extension 'powershell' for command environment: Not usable outside of PowerShell
[5.038s] DEBUG:colcon.colcon_core.shell:Skip shell extension 'dsv' for command environment
[5.275s] INFO:colcon.colcon_core.task.python.build:Building Python package in '/home/robotics/ros2_cobot/src/mycobot_ros2/mycobot_280/mycobot_280_x3pi'
[5.275s] INFO:colcon.colcon_core.shell:Skip shell extension 'powershell' for command environment: Not usable outside of PowerShell
[5.275s] DEBUG:colcon.colcon_core.shell:Skip shell extension 'dsv' for command environment
[5.289s] DEBUG:colcon.colcon_core.event_handler.log_command:Invoking command in '/home/robotics/ros2_cobot/build/mycobot_280arduino_moveit2': AMENT_PREFIX_PATH=/home/robotics/ros2_cobot/install/mycobot_description:/home/robotics/ros2_cobot/install/ultraarm:/home/robotics/ros2_cobot/install/traj_scripts:/home/robotics/ros2_cobot/install/mypalletizer_communication:/home/robotics/ros2_cobot/install/mypalletizer_interfaces:/home/robotics/ros2_cobot/install/mypalletizer_260_pi:/home/robotics/ros2_cobot/install/mypalletizer_260:/home/robotics/ros2_cobot/install/myarm_m750:/home/robotics/ros2_cobot/install/myarm_c650:/home/robotics/ros2_cobot/install/mycobot_communication:/home/robotics/ros2_cobot/install/mecharm_communication:/home/robotics/ros2_cobot/install/mycobot_interfaces:/home/robotics/ros2_cobot/install/mycobot_630:/home/robotics/ros2_cobot/install/mycobot_600:/home/robotics/ros2_cobot/install/mycobot_320pi:/home/robotics/ros2_cobot/install/mycobot_320_riscv:/home/robotics/ros2_cobot/install/mycobot_320:/home/robotics/ros2_cobot/install/mycobot_280rdkx5_moveit2:/home/robotics/ros2_cobot/install/mycobot_280pi:/home/robotics/ros2_cobot/install/mycobot_280jn:/home/robotics/ros2_cobot/install/mycobot_280arduino_moveit2:/home/robotics/ros2_cobot/install/mycobot_280_x3pi:/home/robotics/ros2_cobot/install/mycobot_280_riscv:/home/robotics/ros2_cobot/install/mycobot_280_rdkx5:/home/robotics/ros2_cobot/install/mycobot_280_moveit2_control:/home/robotics/ros2_cobot/install/mycobot_280_moveit2:/home/robotics/ros2_cobot/install/mycobot_280_arduino:/home/robotics/ros2_cobot/install/mycobot_280:/home/robotics/ros2_cobot/install/mybuddy:/home/robotics/ros2_cobot/install/myarm_300:/home/robotics/ros2_cobot/install/mecharm_pi:/home/robotics/ros2_cobot/install/mecharm:/home/robotics/ros2_cobot/install/mecharm_interfaces:/opt/ros/humble CMAKE_PREFIX_PATH=${CMAKE_PREFIX_PATH}:/home/robotics/ros2_cobot/install/ultraarm:/home/robotics/ros2_cobot/install/mypalletizer_communication:/home/robotics/ros2_cobot/install/mypalletizer_260_pi:/home/robotics/ros2_cobot/install/mypalletizer_260:/home/robotics/ros2_cobot/install/myarm_m750:/home/robotics/ros2_cobot/install/myarm_c650:/home/robotics/ros2_cobot/install/mycobot_communication:/home/robotics/ros2_cobot/install/mecharm_communication:/home/robotics/ros2_cobot/install/mycobot_630:/home/robotics/ros2_cobot/install/mycobot_600:/home/robotics/ros2_cobot/install/mycobot_320pi:/home/robotics/ros2_cobot/install/mycobot_320_riscv:/home/robotics/ros2_cobot/install/mycobot_320:/home/robotics/ros2_cobot/install/mycobot_280pi:/home/robotics/ros2_cobot/install/mycobot_280jn:/home/robotics/ros2_cobot/install/mycobot_280_x3pi:/home/robotics/ros2_cobot/install/mycobot_280_riscv:/home/robotics/ros2_cobot/install/mycobot_280_rdkx5:/home/robotics/ros2_cobot/install/mycobot_280_moveit2_control:/home/robotics/ros2_cobot/install/mycobot_280_arduino:/home/robotics/ros2_cobot/install/mycobot_280:/home/robotics/ros2_cobot/install/mybuddy:/home/robotics/ros2_cobot/install/myarm_300:/home/robotics/ros2_cobot/install/mecharm_pi:/home/robotics/ros2_cobot/install/mecharm:/home/robotics/ros2_cobot/install/mycobot_description:/opt/ros/humble PYTHONPATH=/home/robotics/ros2_cobot/install/mycobot_description/lib/python3.10/site-packages:/home/robotics/ros2_cobot/install/ultraarm/lib/python3.10/site-packages:/home/robotics/ros2_cobot/install/traj_scripts/local/lib/python3.10/dist-packages:/home/robotics/ros2_cobot/install/mypalletizer_communication/lib/python3.10/site-packages:/home/robotics/ros2_cobot/install/mypalletizer_interfaces/local/lib/python3.10/dist-packages:/home/robotics/ros2_cobot/install/mypalletizer_260_pi/lib/python3.10/site-packages:/home/robotics/ros2_cobot/install/mypalletizer_260/lib/python3.10/site-packages:/home/robotics/ros2_cobot/install/myarm_m750/lib/python3.10/site-packages:/home/robotics/ros2_cobot/install/myarm_c650/lib/python3.10/site-packages:/home/robotics/ros2_cobot/install/mycobot_communication/lib/python3.10/site-packages:/home/robotics/ros2_cobot/install/mecharm_communication/lib/python3.10/site-packages:/home/robotics/ros2_cobot/install/mycobot_interfaces/local/lib/python3.10/dist-packages:/home/robotics/ros2_cobot/install/mycobot_630/lib/python3.10/site-packages:/home/robotics/ros2_cobot/install/mycobot_600/lib/python3.10/site-packages:/home/robotics/ros2_cobot/install/mycobot_320pi/lib/python3.10/site-packages:/home/robotics/ros2_cobot/install/mycobot_320_riscv/lib/python3.10/site-packages:/home/robotics/ros2_cobot/install/mycobot_320/lib/python3.10/site-packages:/home/robotics/ros2_cobot/install/mycobot_280pi/lib/python3.10/site-packages:/home/robotics/ros2_cobot/install/mycobot_280jn/lib/python3.10/site-packages:/home/robotics/ros2_cobot/install/mycobot_280_x3pi/lib/python3.10/site-packages:/home/robotics/ros2_cobot/install/mycobot_280_riscv/lib/python3.10/site-packages:/home/robotics/ros2_cobot/install/mycobot_280_rdkx5/lib/python3.10/site-packages:/home/robotics/ros2_cobot/install/mycobot_280_moveit2_control/lib/python3.10/site-packages:/home/robotics/ros2_cobot/install/mycobot_280_arduino/lib/python3.10/site-packages:/home/robotics/ros2_cobot/install/mycobot_280/lib/python3.10/site-packages:/home/robotics/ros2_cobot/install/mybuddy/lib/python3.10/site-packages:/home/robotics/ros2_cobot/install/myarm_300/lib/python3.10/site-packages:/home/robotics/ros2_cobot/install/mecharm_pi/lib/python3.10/site-packages:/home/robotics/ros2_cobot/install/mecharm/lib/python3.10/site-packages:/home/robotics/ros2_cobot/install/mecharm_interfaces/local/lib/python3.10/dist-packages:/opt/ros/humble/lib/python3.10/site-packages:/opt/ros/humble/local/lib/python3.10/dist-packages /usr/bin/cmake --build /home/robotics/ros2_cobot/build/mycobot_280arduino_moveit2 -- -j16 -l16
[5.490s] INFO:colcon.colcon_core.task.python.build:Building Python package in '/home/robotics/ros2_cobot/src/mycobot_ros2/mycobot_280/mycobot_280jn'
[5.491s] INFO:colcon.colcon_core.shell:Skip shell extension 'powershell' for command environment: Not usable outside of PowerShell
[5.491s] DEBUG:colcon.colcon_core.shell:Skip shell extension 'dsv' for command environment
[5.503s] DEBUG:colcon.colcon_core.event_handler.log_command:Invoked command in '/home/robotics/ros2_cobot/build/mycobot_280arduino_moveit2' returned '0': AMENT_PREFIX_PATH=/home/robotics/ros2_cobot/install/mycobot_description:/home/robotics/ros2_cobot/install/ultraarm:/home/robotics/ros2_cobot/install/traj_scripts:/home/robotics/ros2_cobot/install/mypalletizer_communication:/home/robotics/ros2_cobot/install/mypalletizer_interfaces:/home/robotics/ros2_cobot/install/mypalletizer_260_pi:/home/robotics/ros2_cobot/install/mypalletizer_260:/home/robotics/ros2_cobot/install/myarm_m750:/home/robotics/ros2_cobot/install/myarm_c650:/home/robotics/ros2_cobot/install/mycobot_communication:/home/robotics/ros2_cobot/install/mecharm_communication:/home/robotics/ros2_cobot/install/mycobot_interfaces:/home/robotics/ros2_cobot/install/mycobot_630:/home/robotics/ros2_cobot/install/mycobot_600:/home/robotics/ros2_cobot/install/mycobot_320pi:/home/robotics/ros2_cobot/install/mycobot_320_riscv:/home/robotics/ros2_cobot/install/mycobot_320:/home/robotics/ros2_cobot/install/mycobot_280rdkx5_moveit2:/home/robotics/ros2_cobot/install/mycobot_280pi:/home/robotics/ros2_cobot/install/mycobot_280jn:/home/robotics/ros2_cobot/install/mycobot_280arduino_moveit2:/home/robotics/ros2_cobot/install/mycobot_280_x3pi:/home/robotics/ros2_cobot/install/mycobot_280_riscv:/home/robotics/ros2_cobot/install/mycobot_280_rdkx5:/home/robotics/ros2_cobot/install/mycobot_280_moveit2_control:/home/robotics/ros2_cobot/install/mycobot_280_moveit2:/home/robotics/ros2_cobot/install/mycobot_280_arduino:/home/robotics/ros2_cobot/install/mycobot_280:/home/robotics/ros2_cobot/install/mybuddy:/home/robotics/ros2_cobot/install/myarm_300:/home/robotics/ros2_cobot/install/mecharm_pi:/home/robotics/ros2_cobot/install/mecharm:/home/robotics/ros2_cobot/install/mecharm_interfaces:/opt/ros/humble CMAKE_PREFIX_PATH=${CMAKE_PREFIX_PATH}:/home/robotics/ros2_cobot/install/ultraarm:/home/robotics/ros2_cobot/install/mypalletizer_communication:/home/robotics/ros2_cobot/install/mypalletizer_260_pi:/home/robotics/ros2_cobot/install/mypalletizer_260:/home/robotics/ros2_cobot/install/myarm_m750:/home/robotics/ros2_cobot/install/myarm_c650:/home/robotics/ros2_cobot/install/mycobot_communication:/home/robotics/ros2_cobot/install/mecharm_communication:/home/robotics/ros2_cobot/install/mycobot_630:/home/robotics/ros2_cobot/install/mycobot_600:/home/robotics/ros2_cobot/install/mycobot_320pi:/home/robotics/ros2_cobot/install/mycobot_320_riscv:/home/robotics/ros2_cobot/install/mycobot_320:/home/robotics/ros2_cobot/install/mycobot_280pi:/home/robotics/ros2_cobot/install/mycobot_280jn:/home/robotics/ros2_cobot/install/mycobot_280_x3pi:/home/robotics/ros2_cobot/install/mycobot_280_riscv:/home/robotics/ros2_cobot/install/mycobot_280_rdkx5:/home/robotics/ros2_cobot/install/mycobot_280_moveit2_control:/home/robotics/ros2_cobot/install/mycobot_280_arduino:/home/robotics/ros2_cobot/install/mycobot_280:/home/robotics/ros2_cobot/install/mybuddy:/home/robotics/ros2_cobot/install/myarm_300:/home/robotics/ros2_cobot/install/mecharm_pi:/home/robotics/ros2_cobot/install/mecharm:/home/robotics/ros2_cobot/install/mycobot_description:/opt/ros/humble PYTHONPATH=/home/robotics/ros2_cobot/install/mycobot_description/lib/python3.10/site-packages:/home/robotics/ros2_cobot/install/ultraarm/lib/python3.10/site-packages:/home/robotics/ros2_cobot/install/traj_scripts/local/lib/python3.10/dist-packages:/home/robotics/ros2_cobot/install/mypalletizer_communication/lib/python3.10/site-packages:/home/robotics/ros2_cobot/install/mypalletizer_interfaces/local/lib/python3.10/dist-packages:/home/robotics/ros2_cobot/install/mypalletizer_260_pi/lib/python3.10/site-packages:/home/robotics/ros2_cobot/install/mypalletizer_260/lib/python3.10/site-packages:/home/robotics/ros2_cobot/install/myarm_m750/lib/python3.10/site-packages:/home/robotics/ros2_cobot/install/myarm_c650/lib/python3.10/site-packages:/home/robotics/ros2_cobot/install/mycobot_communication/lib/python3.10/site-packages:/home/robotics/ros2_cobot/install/mecharm_communication/lib/python3.10/site-packages:/home/robotics/ros2_cobot/install/mycobot_interfaces/local/lib/python3.10/dist-packages:/home/robotics/ros2_cobot/install/mycobot_630/lib/python3.10/site-packages:/home/robotics/ros2_cobot/install/mycobot_600/lib/python3.10/site-packages:/home/robotics/ros2_cobot/install/mycobot_320pi/lib/python3.10/site-packages:/home/robotics/ros2_cobot/install/mycobot_320_riscv/lib/python3.10/site-packages:/home/robotics/ros2_cobot/install/mycobot_320/lib/python3.10/site-packages:/home/robotics/ros2_cobot/install/mycobot_280pi/lib/python3.10/site-packages:/home/robotics/ros2_cobot/install/mycobot_280jn/lib/python3.10/site-packages:/home/robotics/ros2_cobot/install/mycobot_280_x3pi/lib/python3.10/site-packages:/home/robotics/ros2_cobot/install/mycobot_280_riscv/lib/python3.10/site-packages:/home/robotics/ros2_cobot/install/mycobot_280_rdkx5/lib/python3.10/site-packages:/home/robotics/ros2_cobot/install/mycobot_280_moveit2_control/lib/python3.10/site-packages:/home/robotics/ros2_cobot/install/mycobot_280_arduino/lib/python3.10/site-packages:/home/robotics/ros2_cobot/install/mycobot_280/lib/python3.10/site-packages:/home/robotics/ros2_cobot/install/mybuddy/lib/python3.10/site-packages:/home/robotics/ros2_cobot/install/myarm_300/lib/python3.10/site-packages:/home/robotics/ros2_cobot/install/mecharm_pi/lib/python3.10/site-packages:/home/robotics/ros2_cobot/install/mecharm/lib/python3.10/site-packages:/home/robotics/ros2_cobot/install/mecharm_interfaces/local/lib/python3.10/dist-packages:/opt/ros/humble/lib/python3.10/site-packages:/opt/ros/humble/local/lib/python3.10/dist-packages /usr/bin/cmake --build /home/robotics/ros2_cobot/build/mycobot_280arduino_moveit2 -- -j16 -l16
[5.504s] DEBUG:colcon.colcon_core.event_handler.log_command:Invoking command in '/home/robotics/ros2_cobot/build/mycobot_280arduino_moveit2': AMENT_PREFIX_PATH=/home/robotics/ros2_cobot/install/mycobot_description:/home/robotics/ros2_cobot/install/ultraarm:/home/robotics/ros2_cobot/install/traj_scripts:/home/robotics/ros2_cobot/install/mypalletizer_communication:/home/robotics/ros2_cobot/install/mypalletizer_interfaces:/home/robotics/ros2_cobot/install/mypalletizer_260_pi:/home/robotics/ros2_cobot/install/mypalletizer_260:/home/robotics/ros2_cobot/install/myarm_m750:/home/robotics/ros2_cobot/install/myarm_c650:/home/robotics/ros2_cobot/install/mycobot_communication:/home/robotics/ros2_cobot/install/mecharm_communication:/home/robotics/ros2_cobot/install/mycobot_interfaces:/home/robotics/ros2_cobot/install/mycobot_630:/home/robotics/ros2_cobot/install/mycobot_600:/home/robotics/ros2_cobot/install/mycobot_320pi:/home/robotics/ros2_cobot/install/mycobot_320_riscv:/home/robotics/ros2_cobot/install/mycobot_320:/home/robotics/ros2_cobot/install/mycobot_280rdkx5_moveit2:/home/robotics/ros2_cobot/install/mycobot_280pi:/home/robotics/ros2_cobot/install/mycobot_280jn:/home/robotics/ros2_cobot/install/mycobot_280arduino_moveit2:/home/robotics/ros2_cobot/install/mycobot_280_x3pi:/home/robotics/ros2_cobot/install/mycobot_280_riscv:/home/robotics/ros2_cobot/install/mycobot_280_rdkx5:/home/robotics/ros2_cobot/install/mycobot_280_moveit2_control:/home/robotics/ros2_cobot/install/mycobot_280_moveit2:/home/robotics/ros2_cobot/install/mycobot_280_arduino:/home/robotics/ros2_cobot/install/mycobot_280:/home/robotics/ros2_cobot/install/mybuddy:/home/robotics/ros2_cobot/install/myarm_300:/home/robotics/ros2_cobot/install/mecharm_pi:/home/robotics/ros2_cobot/install/mecharm:/home/robotics/ros2_cobot/install/mecharm_interfaces:/opt/ros/humble CMAKE_PREFIX_PATH=${CMAKE_PREFIX_PATH}:/home/robotics/ros2_cobot/install/ultraarm:/home/robotics/ros2_cobot/install/mypalletizer_communication:/home/robotics/ros2_cobot/install/mypalletizer_260_pi:/home/robotics/ros2_cobot/install/mypalletizer_260:/home/robotics/ros2_cobot/install/myarm_m750:/home/robotics/ros2_cobot/install/myarm_c650:/home/robotics/ros2_cobot/install/mycobot_communication:/home/robotics/ros2_cobot/install/mecharm_communication:/home/robotics/ros2_cobot/install/mycobot_630:/home/robotics/ros2_cobot/install/mycobot_600:/home/robotics/ros2_cobot/install/mycobot_320pi:/home/robotics/ros2_cobot/install/mycobot_320_riscv:/home/robotics/ros2_cobot/install/mycobot_320:/home/robotics/ros2_cobot/install/mycobot_280pi:/home/robotics/ros2_cobot/install/mycobot_280jn:/home/robotics/ros2_cobot/install/mycobot_280_x3pi:/home/robotics/ros2_cobot/install/mycobot_280_riscv:/home/robotics/ros2_cobot/install/mycobot_280_rdkx5:/home/robotics/ros2_cobot/install/mycobot_280_moveit2_control:/home/robotics/ros2_cobot/install/mycobot_280_arduino:/home/robotics/ros2_cobot/install/mycobot_280:/home/robotics/ros2_cobot/install/mybuddy:/home/robotics/ros2_cobot/install/myarm_300:/home/robotics/ros2_cobot/install/mecharm_pi:/home/robotics/ros2_cobot/install/mecharm:/home/robotics/ros2_cobot/install/mycobot_description:/opt/ros/humble PYTHONPATH=/home/robotics/ros2_cobot/install/mycobot_description/lib/python3.10/site-packages:/home/robotics/ros2_cobot/install/ultraarm/lib/python3.10/site-packages:/home/robotics/ros2_cobot/install/traj_scripts/local/lib/python3.10/dist-packages:/home/robotics/ros2_cobot/install/mypalletizer_communication/lib/python3.10/site-packages:/home/robotics/ros2_cobot/install/mypalletizer_interfaces/local/lib/python3.10/dist-packages:/home/robotics/ros2_cobot/install/mypalletizer_260_pi/lib/python3.10/site-packages:/home/robotics/ros2_cobot/install/mypalletizer_260/lib/python3.10/site-packages:/home/robotics/ros2_cobot/install/myarm_m750/lib/python3.10/site-packages:/home/robotics/ros2_cobot/install/myarm_c650/lib/python3.10/site-packages:/home/robotics/ros2_cobot/install/mycobot_communication/lib/python3.10/site-packages:/home/robotics/ros2_cobot/install/mecharm_communication/lib/python3.10/site-packages:/home/robotics/ros2_cobot/install/mycobot_interfaces/local/lib/python3.10/dist-packages:/home/robotics/ros2_cobot/install/mycobot_630/lib/python3.10/site-packages:/home/robotics/ros2_cobot/install/mycobot_600/lib/python3.10/site-packages:/home/robotics/ros2_cobot/install/mycobot_320pi/lib/python3.10/site-packages:/home/robotics/ros2_cobot/install/mycobot_320_riscv/lib/python3.10/site-packages:/home/robotics/ros2_cobot/install/mycobot_320/lib/python3.10/site-packages:/home/robotics/ros2_cobot/install/mycobot_280pi/lib/python3.10/site-packages:/home/robotics/ros2_cobot/install/mycobot_280jn/lib/python3.10/site-packages:/home/robotics/ros2_cobot/install/mycobot_280_x3pi/lib/python3.10/site-packages:/home/robotics/ros2_cobot/install/mycobot_280_riscv/lib/python3.10/site-packages:/home/robotics/ros2_cobot/install/mycobot_280_rdkx5/lib/python3.10/site-packages:/home/robotics/ros2_cobot/install/mycobot_280_moveit2_control/lib/python3.10/site-packages:/home/robotics/ros2_cobot/install/mycobot_280_arduino/lib/python3.10/site-packages:/home/robotics/ros2_cobot/install/mycobot_280/lib/python3.10/site-packages:/home/robotics/ros2_cobot/install/mybuddy/lib/python3.10/site-packages:/home/robotics/ros2_cobot/install/myarm_300/lib/python3.10/site-packages:/home/robotics/ros2_cobot/install/mecharm_pi/lib/python3.10/site-packages:/home/robotics/ros2_cobot/install/mecharm/lib/python3.10/site-packages:/home/robotics/ros2_cobot/install/mecharm_interfaces/local/lib/python3.10/dist-packages:/opt/ros/humble/lib/python3.10/site-packages:/opt/ros/humble/local/lib/python3.10/dist-packages /usr/bin/cmake --install /home/robotics/ros2_cobot/build/mycobot_280arduino_moveit2
[5.507s] DEBUG:colcon.colcon_core.event_handler.log_command:Invoking command in '/home/robotics/ros2_cobot/src/mycobot_ros2/mycobot_communication': CMAKE_PREFIX_PATH=/home/robotics/ros2_cobot/install/mycobot_interfaces:/home/robotics/ros2_cobot/install/traj_scripts:/home/robotics/ros2_cobot/install/mypalletizer_interfaces:/home/robotics/ros2_cobot/install/mycobot_280rdkx5_moveit2:/home/robotics/ros2_cobot/install/mycobot_280arduino_moveit2:/home/robotics/ros2_cobot/install/mycobot_280_moveit2:/home/robotics/ros2_cobot/install/mecharm_interfaces LD_LIBRARY_PATH=/home/robotics/ros2_cobot/install/mycobot_interfaces/lib:/home/robotics/ros2_cobot/install/mypalletizer_interfaces/lib:/home/robotics/ros2_cobot/install/mecharm_interfaces/lib:/opt/ros/humble/opt/rviz_ogre_vendor/lib:/opt/ros/humble/lib/x86_64-linux-gnu:/opt/ros/humble/lib PYTHONPATH=/home/robotics/ros2_cobot/build/mycobot_communication/prefix_override:/usr/lib/python3/dist-packages/colcon_core/task/python/colcon_distutils_commands:/home/robotics/ros2_cobot/install/mycobot_communication/lib/python3.10/site-packages:${PYTHONPATH} /usr/bin/python3 -W ignore:setup.py install is deprecated -W ignore:easy_install command is deprecated setup.py egg_info --egg-base ../../../build/mycobot_communication build --build-base /home/robotics/ros2_cobot/build/mycobot_communication/build install --record /home/robotics/ros2_cobot/build/mycobot_communication/install.log --single-version-externally-managed install_data
[5.508s] DEBUG:colcon.colcon_core.event_handler.log_command:Invoking command in '/home/robotics/ros2_cobot/src/mycobot_ros2/mecharm/mecharm_communication': CMAKE_PREFIX_PATH=/home/robotics/ros2_cobot/install/mycobot_interfaces:/home/robotics/ros2_cobot/install/traj_scripts:/home/robotics/ros2_cobot/install/mypalletizer_interfaces:/home/robotics/ros2_cobot/install/mycobot_280rdkx5_moveit2:/home/robotics/ros2_cobot/install/mycobot_280arduino_moveit2:/home/robotics/ros2_cobot/install/mycobot_280_moveit2:/home/robotics/ros2_cobot/install/mecharm_interfaces LD_LIBRARY_PATH=/home/robotics/ros2_cobot/install/mycobot_interfaces/lib:/home/robotics/ros2_cobot/install/mypalletizer_interfaces/lib:/home/robotics/ros2_cobot/install/mecharm_interfaces/lib:/opt/ros/humble/opt/rviz_ogre_vendor/lib:/opt/ros/humble/lib/x86_64-linux-gnu:/opt/ros/humble/lib PYTHONPATH=/home/robotics/ros2_cobot/build/mecharm_communication/prefix_override:/usr/lib/python3/dist-packages/colcon_core/task/python/colcon_distutils_commands:/home/robotics/ros2_cobot/install/mecharm_communication/lib/python3.10/site-packages:${PYTHONPATH} /usr/bin/python3 -W ignore:setup.py install is deprecated -W ignore:easy_install command is deprecated setup.py egg_info --egg-base ../../../../build/mecharm_communication build --build-base /home/robotics/ros2_cobot/build/mecharm_communication/build install --record /home/robotics/ros2_cobot/build/mecharm_communication/install.log --single-version-externally-managed install_data
[5.510s] DEBUG:colcon.colcon_core.event_handler.log_command:Invoking command in '/home/robotics/ros2_cobot/src/mycobot_ros2/mypalletizer_260/mypalletizer_communication': CMAKE_PREFIX_PATH=/home/robotics/ros2_cobot/install/mypalletizer_interfaces:/home/robotics/ros2_cobot/install/traj_scripts:/home/robotics/ros2_cobot/install/mycobot_interfaces:/home/robotics/ros2_cobot/install/mycobot_280rdkx5_moveit2:/home/robotics/ros2_cobot/install/mycobot_280arduino_moveit2:/home/robotics/ros2_cobot/install/mycobot_280_moveit2:/home/robotics/ros2_cobot/install/mecharm_interfaces PYTHONPATH=/home/robotics/ros2_cobot/build/mypalletizer_communication/prefix_override:/usr/lib/python3/dist-packages/colcon_core/task/python/colcon_distutils_commands:/home/robotics/ros2_cobot/install/mypalletizer_communication/lib/python3.10/site-packages:${PYTHONPATH} /usr/bin/python3 -W ignore:setup.py install is deprecated -W ignore:easy_install command is deprecated setup.py egg_info --egg-base ../../../../build/mypalletizer_communication build --build-base /home/robotics/ros2_cobot/build/mypalletizer_communication/build install --record /home/robotics/ros2_cobot/build/mypalletizer_communication/install.log --single-version-externally-managed install_data
[5.511s] DEBUG:colcon.colcon_core.event_handler.log_command:Invoked command in '/home/robotics/ros2_cobot/build/mycobot_280_moveit2' returned '0': AMENT_PREFIX_PATH=/home/robotics/ros2_cobot/install/mycobot_description:/home/robotics/ros2_cobot/install/ultraarm:/home/robotics/ros2_cobot/install/traj_scripts:/home/robotics/ros2_cobot/install/mypalletizer_communication:/home/robotics/ros2_cobot/install/mypalletizer_interfaces:/home/robotics/ros2_cobot/install/mypalletizer_260_pi:/home/robotics/ros2_cobot/install/mypalletizer_260:/home/robotics/ros2_cobot/install/myarm_m750:/home/robotics/ros2_cobot/install/myarm_c650:/home/robotics/ros2_cobot/install/mycobot_communication:/home/robotics/ros2_cobot/install/mecharm_communication:/home/robotics/ros2_cobot/install/mycobot_interfaces:/home/robotics/ros2_cobot/install/mycobot_630:/home/robotics/ros2_cobot/install/mycobot_600:/home/robotics/ros2_cobot/install/mycobot_320pi:/home/robotics/ros2_cobot/install/mycobot_320_riscv:/home/robotics/ros2_cobot/install/mycobot_320:/home/robotics/ros2_cobot/install/mycobot_280rdkx5_moveit2:/home/robotics/ros2_cobot/install/mycobot_280pi:/home/robotics/ros2_cobot/install/mycobot_280jn:/home/robotics/ros2_cobot/install/mycobot_280arduino_moveit2:/home/robotics/ros2_cobot/install/mycobot_280_x3pi:/home/robotics/ros2_cobot/install/mycobot_280_riscv:/home/robotics/ros2_cobot/install/mycobot_280_rdkx5:/home/robotics/ros2_cobot/install/mycobot_280_moveit2_control:/home/robotics/ros2_cobot/install/mycobot_280_moveit2:/home/robotics/ros2_cobot/install/mycobot_280_arduino:/home/robotics/ros2_cobot/install/mycobot_280:/home/robotics/ros2_cobot/install/mybuddy:/home/robotics/ros2_cobot/install/myarm_300:/home/robotics/ros2_cobot/install/mecharm_pi:/home/robotics/ros2_cobot/install/mecharm:/home/robotics/ros2_cobot/install/mecharm_interfaces:/opt/ros/humble CMAKE_PREFIX_PATH=${CMAKE_PREFIX_PATH}:/home/robotics/ros2_cobot/install/ultraarm:/home/robotics/ros2_cobot/install/mypalletizer_communication:/home/robotics/ros2_cobot/install/mypalletizer_260_pi:/home/robotics/ros2_cobot/install/mypalletizer_260:/home/robotics/ros2_cobot/install/myarm_m750:/home/robotics/ros2_cobot/install/myarm_c650:/home/robotics/ros2_cobot/install/mycobot_communication:/home/robotics/ros2_cobot/install/mecharm_communication:/home/robotics/ros2_cobot/install/mycobot_630:/home/robotics/ros2_cobot/install/mycobot_600:/home/robotics/ros2_cobot/install/mycobot_320pi:/home/robotics/ros2_cobot/install/mycobot_320_riscv:/home/robotics/ros2_cobot/install/mycobot_320:/home/robotics/ros2_cobot/install/mycobot_280pi:/home/robotics/ros2_cobot/install/mycobot_280jn:/home/robotics/ros2_cobot/install/mycobot_280_x3pi:/home/robotics/ros2_cobot/install/mycobot_280_riscv:/home/robotics/ros2_cobot/install/mycobot_280_rdkx5:/home/robotics/ros2_cobot/install/mycobot_280_moveit2_control:/home/robotics/ros2_cobot/install/mycobot_280_arduino:/home/robotics/ros2_cobot/install/mycobot_280:/home/robotics/ros2_cobot/install/mybuddy:/home/robotics/ros2_cobot/install/myarm_300:/home/robotics/ros2_cobot/install/mecharm_pi:/home/robotics/ros2_cobot/install/mecharm:/home/robotics/ros2_cobot/install/mycobot_description:/opt/ros/humble PYTHONPATH=/home/robotics/ros2_cobot/install/mycobot_description/lib/python3.10/site-packages:/home/robotics/ros2_cobot/install/ultraarm/lib/python3.10/site-packages:/home/robotics/ros2_cobot/install/traj_scripts/local/lib/python3.10/dist-packages:/home/robotics/ros2_cobot/install/mypalletizer_communication/lib/python3.10/site-packages:/home/robotics/ros2_cobot/install/mypalletizer_interfaces/local/lib/python3.10/dist-packages:/home/robotics/ros2_cobot/install/mypalletizer_260_pi/lib/python3.10/site-packages:/home/robotics/ros2_cobot/install/mypalletizer_260/lib/python3.10/site-packages:/home/robotics/ros2_cobot/install/myarm_m750/lib/python3.10/site-packages:/home/robotics/ros2_cobot/install/myarm_c650/lib/python3.10/site-packages:/home/robotics/ros2_cobot/install/mycobot_communication/lib/python3.10/site-packages:/home/robotics/ros2_cobot/install/mecharm_communication/lib/python3.10/site-packages:/home/robotics/ros2_cobot/install/mycobot_interfaces/local/lib/python3.10/dist-packages:/home/robotics/ros2_cobot/install/mycobot_630/lib/python3.10/site-packages:/home/robotics/ros2_cobot/install/mycobot_600/lib/python3.10/site-packages:/home/robotics/ros2_cobot/install/mycobot_320pi/lib/python3.10/site-packages:/home/robotics/ros2_cobot/install/mycobot_320_riscv/lib/python3.10/site-packages:/home/robotics/ros2_cobot/install/mycobot_320/lib/python3.10/site-packages:/home/robotics/ros2_cobot/install/mycobot_280pi/lib/python3.10/site-packages:/home/robotics/ros2_cobot/install/mycobot_280jn/lib/python3.10/site-packages:/home/robotics/ros2_cobot/install/mycobot_280_x3pi/lib/python3.10/site-packages:/home/robotics/ros2_cobot/install/mycobot_280_riscv/lib/python3.10/site-packages:/home/robotics/ros2_cobot/install/mycobot_280_rdkx5/lib/python3.10/site-packages:/home/robotics/ros2_cobot/install/mycobot_280_moveit2_control/lib/python3.10/site-packages:/home/robotics/ros2_cobot/install/mycobot_280_arduino/lib/python3.10/site-packages:/home/robotics/ros2_cobot/install/mycobot_280/lib/python3.10/site-packages:/home/robotics/ros2_cobot/install/mybuddy/lib/python3.10/site-packages:/home/robotics/ros2_cobot/install/myarm_300/lib/python3.10/site-packages:/home/robotics/ros2_cobot/install/mecharm_pi/lib/python3.10/site-packages:/home/robotics/ros2_cobot/install/mecharm/lib/python3.10/site-packages:/home/robotics/ros2_cobot/install/mecharm_interfaces/local/lib/python3.10/dist-packages:/opt/ros/humble/lib/python3.10/site-packages:/opt/ros/humble/local/lib/python3.10/dist-packages /usr/bin/cmake --build /home/robotics/ros2_cobot/build/mycobot_280_moveit2 -- -j16 -l16
[5.512s] DEBUG:colcon.colcon_core.event_handler.log_command:Invoking command in '/home/robotics/ros2_cobot/build/mycobot_280_moveit2': AMENT_PREFIX_PATH=/home/robotics/ros2_cobot/install/mycobot_description:/home/robotics/ros2_cobot/install/ultraarm:/home/robotics/ros2_cobot/install/traj_scripts:/home/robotics/ros2_cobot/install/mypalletizer_communication:/home/robotics/ros2_cobot/install/mypalletizer_interfaces:/home/robotics/ros2_cobot/install/mypalletizer_260_pi:/home/robotics/ros2_cobot/install/mypalletizer_260:/home/robotics/ros2_cobot/install/myarm_m750:/home/robotics/ros2_cobot/install/myarm_c650:/home/robotics/ros2_cobot/install/mycobot_communication:/home/robotics/ros2_cobot/install/mecharm_communication:/home/robotics/ros2_cobot/install/mycobot_interfaces:/home/robotics/ros2_cobot/install/mycobot_630:/home/robotics/ros2_cobot/install/mycobot_600:/home/robotics/ros2_cobot/install/mycobot_320pi:/home/robotics/ros2_cobot/install/mycobot_320_riscv:/home/robotics/ros2_cobot/install/mycobot_320:/home/robotics/ros2_cobot/install/mycobot_280rdkx5_moveit2:/home/robotics/ros2_cobot/install/mycobot_280pi:/home/robotics/ros2_cobot/install/mycobot_280jn:/home/robotics/ros2_cobot/install/mycobot_280arduino_moveit2:/home/robotics/ros2_cobot/install/mycobot_280_x3pi:/home/robotics/ros2_cobot/install/mycobot_280_riscv:/home/robotics/ros2_cobot/install/mycobot_280_rdkx5:/home/robotics/ros2_cobot/install/mycobot_280_moveit2_control:/home/robotics/ros2_cobot/install/mycobot_280_moveit2:/home/robotics/ros2_cobot/install/mycobot_280_arduino:/home/robotics/ros2_cobot/install/mycobot_280:/home/robotics/ros2_cobot/install/mybuddy:/home/robotics/ros2_cobot/install/myarm_300:/home/robotics/ros2_cobot/install/mecharm_pi:/home/robotics/ros2_cobot/install/mecharm:/home/robotics/ros2_cobot/install/mecharm_interfaces:/opt/ros/humble CMAKE_PREFIX_PATH=${CMAKE_PREFIX_PATH}:/home/robotics/ros2_cobot/install/ultraarm:/home/robotics/ros2_cobot/install/mypalletizer_communication:/home/robotics/ros2_cobot/install/mypalletizer_260_pi:/home/robotics/ros2_cobot/install/mypalletizer_260:/home/robotics/ros2_cobot/install/myarm_m750:/home/robotics/ros2_cobot/install/myarm_c650:/home/robotics/ros2_cobot/install/mycobot_communication:/home/robotics/ros2_cobot/install/mecharm_communication:/home/robotics/ros2_cobot/install/mycobot_630:/home/robotics/ros2_cobot/install/mycobot_600:/home/robotics/ros2_cobot/install/mycobot_320pi:/home/robotics/ros2_cobot/install/mycobot_320_riscv:/home/robotics/ros2_cobot/install/mycobot_320:/home/robotics/ros2_cobot/install/mycobot_280pi:/home/robotics/ros2_cobot/install/mycobot_280jn:/home/robotics/ros2_cobot/install/mycobot_280_x3pi:/home/robotics/ros2_cobot/install/mycobot_280_riscv:/home/robotics/ros2_cobot/install/mycobot_280_rdkx5:/home/robotics/ros2_cobot/install/mycobot_280_moveit2_control:/home/robotics/ros2_cobot/install/mycobot_280_arduino:/home/robotics/ros2_cobot/install/mycobot_280:/home/robotics/ros2_cobot/install/mybuddy:/home/robotics/ros2_cobot/install/myarm_300:/home/robotics/ros2_cobot/install/mecharm_pi:/home/robotics/ros2_cobot/install/mecharm:/home/robotics/ros2_cobot/install/mycobot_description:/opt/ros/humble PYTHONPATH=/home/robotics/ros2_cobot/install/mycobot_description/lib/python3.10/site-packages:/home/robotics/ros2_cobot/install/ultraarm/lib/python3.10/site-packages:/home/robotics/ros2_cobot/install/traj_scripts/local/lib/python3.10/dist-packages:/home/robotics/ros2_cobot/install/mypalletizer_communication/lib/python3.10/site-packages:/home/robotics/ros2_cobot/install/mypalletizer_interfaces/local/lib/python3.10/dist-packages:/home/robotics/ros2_cobot/install/mypalletizer_260_pi/lib/python3.10/site-packages:/home/robotics/ros2_cobot/install/mypalletizer_260/lib/python3.10/site-packages:/home/robotics/ros2_cobot/install/myarm_m750/lib/python3.10/site-packages:/home/robotics/ros2_cobot/install/myarm_c650/lib/python3.10/site-packages:/home/robotics/ros2_cobot/install/mycobot_communication/lib/python3.10/site-packages:/home/robotics/ros2_cobot/install/mecharm_communication/lib/python3.10/site-packages:/home/robotics/ros2_cobot/install/mycobot_interfaces/local/lib/python3.10/dist-packages:/home/robotics/ros2_cobot/install/mycobot_630/lib/python3.10/site-packages:/home/robotics/ros2_cobot/install/mycobot_600/lib/python3.10/site-packages:/home/robotics/ros2_cobot/install/mycobot_320pi/lib/python3.10/site-packages:/home/robotics/ros2_cobot/install/mycobot_320_riscv/lib/python3.10/site-packages:/home/robotics/ros2_cobot/install/mycobot_320/lib/python3.10/site-packages:/home/robotics/ros2_cobot/install/mycobot_280pi/lib/python3.10/site-packages:/home/robotics/ros2_cobot/install/mycobot_280jn/lib/python3.10/site-packages:/home/robotics/ros2_cobot/install/mycobot_280_x3pi/lib/python3.10/site-packages:/home/robotics/ros2_cobot/install/mycobot_280_riscv/lib/python3.10/site-packages:/home/robotics/ros2_cobot/install/mycobot_280_rdkx5/lib/python3.10/site-packages:/home/robotics/ros2_cobot/install/mycobot_280_moveit2_control/lib/python3.10/site-packages:/home/robotics/ros2_cobot/install/mycobot_280_arduino/lib/python3.10/site-packages:/home/robotics/ros2_cobot/install/mycobot_280/lib/python3.10/site-packages:/home/robotics/ros2_cobot/install/mybuddy/lib/python3.10/site-packages:/home/robotics/ros2_cobot/install/myarm_300/lib/python3.10/site-packages:/home/robotics/ros2_cobot/install/mecharm_pi/lib/python3.10/site-packages:/home/robotics/ros2_cobot/install/mecharm/lib/python3.10/site-packages:/home/robotics/ros2_cobot/install/mecharm_interfaces/local/lib/python3.10/dist-packages:/opt/ros/humble/lib/python3.10/site-packages:/opt/ros/humble/local/lib/python3.10/dist-packages /usr/bin/cmake --install /home/robotics/ros2_cobot/build/mycobot_280_moveit2
[5.536s] Level 1:colcon.colcon_core.environment:create_environment_scripts_only(mycobot_280arduino_moveit2)
[5.537s] Level 1:colcon.colcon_core.environment:checking '/home/robotics/ros2_cobot/install/mycobot_280arduino_moveit2' for CMake module files
[5.538s] Level 1:colcon.colcon_core.environment:checking '/home/robotics/ros2_cobot/install/mycobot_280arduino_moveit2' for CMake config files
[5.538s] Level 1:colcon.colcon_core.shell:create_environment_hook('mycobot_280arduino_moveit2', 'cmake_prefix_path')
[5.538s] INFO:colcon.colcon_core.shell:Creating environment hook '/home/robotics/ros2_cobot/install/mycobot_280arduino_moveit2/share/mycobot_280arduino_moveit2/hook/cmake_prefix_path.ps1'
[5.540s] INFO:colcon.colcon_core.shell:Creating environment descriptor '/home/robotics/ros2_cobot/install/mycobot_280arduino_moveit2/share/mycobot_280arduino_moveit2/hook/cmake_prefix_path.dsv'
[5.541s] INFO:colcon.colcon_core.shell:Creating environment hook '/home/robotics/ros2_cobot/install/mycobot_280arduino_moveit2/share/mycobot_280arduino_moveit2/hook/cmake_prefix_path.sh'
[5.541s] Level 1:colcon.colcon_core.environment:checking '/home/robotics/ros2_cobot/install/mycobot_280arduino_moveit2/bin'
[5.541s] Level 1:colcon.colcon_core.environment:checking '/home/robotics/ros2_cobot/install/mycobot_280arduino_moveit2/lib/pkgconfig/mycobot_280arduino_moveit2.pc'
[5.542s] Level 1:colcon.colcon_core.environment:checking '/home/robotics/ros2_cobot/install/mycobot_280arduino_moveit2/lib/python3.10/site-packages'
[5.542s] Level 1:colcon.colcon_core.environment:checking '/home/robotics/ros2_cobot/install/mycobot_280arduino_moveit2/bin'
[5.542s] INFO:colcon.colcon_core.shell:Creating package script '/home/robotics/ros2_cobot/install/mycobot_280arduino_moveit2/share/mycobot_280arduino_moveit2/package.ps1'
[5.543s] INFO:colcon.colcon_core.shell:Creating package descriptor '/home/robotics/ros2_cobot/install/mycobot_280arduino_moveit2/share/mycobot_280arduino_moveit2/package.dsv'
[5.543s] INFO:colcon.colcon_core.shell:Creating package script '/home/robotics/ros2_cobot/install/mycobot_280arduino_moveit2/share/mycobot_280arduino_moveit2/package.sh'
[5.544s] DEBUG:colcon.colcon_core.event_handler.log_command:Invoked command in '/home/robotics/ros2_cobot/build/mycobot_280arduino_moveit2' returned '0': AMENT_PREFIX_PATH=/home/robotics/ros2_cobot/install/mycobot_description:/home/robotics/ros2_cobot/install/ultraarm:/home/robotics/ros2_cobot/install/traj_scripts:/home/robotics/ros2_cobot/install/mypalletizer_communication:/home/robotics/ros2_cobot/install/mypalletizer_interfaces:/home/robotics/ros2_cobot/install/mypalletizer_260_pi:/home/robotics/ros2_cobot/install/mypalletizer_260:/home/robotics/ros2_cobot/install/myarm_m750:/home/robotics/ros2_cobot/install/myarm_c650:/home/robotics/ros2_cobot/install/mycobot_communication:/home/robotics/ros2_cobot/install/mecharm_communication:/home/robotics/ros2_cobot/install/mycobot_interfaces:/home/robotics/ros2_cobot/install/mycobot_630:/home/robotics/ros2_cobot/install/mycobot_600:/home/robotics/ros2_cobot/install/mycobot_320pi:/home/robotics/ros2_cobot/install/mycobot_320_riscv:/home/robotics/ros2_cobot/install/mycobot_320:/home/robotics/ros2_cobot/install/mycobot_280rdkx5_moveit2:/home/robotics/ros2_cobot/install/mycobot_280pi:/home/robotics/ros2_cobot/install/mycobot_280jn:/home/robotics/ros2_cobot/install/mycobot_280arduino_moveit2:/home/robotics/ros2_cobot/install/mycobot_280_x3pi:/home/robotics/ros2_cobot/install/mycobot_280_riscv:/home/robotics/ros2_cobot/install/mycobot_280_rdkx5:/home/robotics/ros2_cobot/install/mycobot_280_moveit2_control:/home/robotics/ros2_cobot/install/mycobot_280_moveit2:/home/robotics/ros2_cobot/install/mycobot_280_arduino:/home/robotics/ros2_cobot/install/mycobot_280:/home/robotics/ros2_cobot/install/mybuddy:/home/robotics/ros2_cobot/install/myarm_300:/home/robotics/ros2_cobot/install/mecharm_pi:/home/robotics/ros2_cobot/install/mecharm:/home/robotics/ros2_cobot/install/mecharm_interfaces:/opt/ros/humble CMAKE_PREFIX_PATH=${CMAKE_PREFIX_PATH}:/home/robotics/ros2_cobot/install/ultraarm:/home/robotics/ros2_cobot/install/mypalletizer_communication:/home/robotics/ros2_cobot/install/mypalletizer_260_pi:/home/robotics/ros2_cobot/install/mypalletizer_260:/home/robotics/ros2_cobot/install/myarm_m750:/home/robotics/ros2_cobot/install/myarm_c650:/home/robotics/ros2_cobot/install/mycobot_communication:/home/robotics/ros2_cobot/install/mecharm_communication:/home/robotics/ros2_cobot/install/mycobot_630:/home/robotics/ros2_cobot/install/mycobot_600:/home/robotics/ros2_cobot/install/mycobot_320pi:/home/robotics/ros2_cobot/install/mycobot_320_riscv:/home/robotics/ros2_cobot/install/mycobot_320:/home/robotics/ros2_cobot/install/mycobot_280pi:/home/robotics/ros2_cobot/install/mycobot_280jn:/home/robotics/ros2_cobot/install/mycobot_280_x3pi:/home/robotics/ros2_cobot/install/mycobot_280_riscv:/home/robotics/ros2_cobot/install/mycobot_280_rdkx5:/home/robotics/ros2_cobot/install/mycobot_280_moveit2_control:/home/robotics/ros2_cobot/install/mycobot_280_arduino:/home/robotics/ros2_cobot/install/mycobot_280:/home/robotics/ros2_cobot/install/mybuddy:/home/robotics/ros2_cobot/install/myarm_300:/home/robotics/ros2_cobot/install/mecharm_pi:/home/robotics/ros2_cobot/install/mecharm:/home/robotics/ros2_cobot/install/mycobot_description:/opt/ros/humble PYTHONPATH=/home/robotics/ros2_cobot/install/mycobot_description/lib/python3.10/site-packages:/home/robotics/ros2_cobot/install/ultraarm/lib/python3.10/site-packages:/home/robotics/ros2_cobot/install/traj_scripts/local/lib/python3.10/dist-packages:/home/robotics/ros2_cobot/install/mypalletizer_communication/lib/python3.10/site-packages:/home/robotics/ros2_cobot/install/mypalletizer_interfaces/local/lib/python3.10/dist-packages:/home/robotics/ros2_cobot/install/mypalletizer_260_pi/lib/python3.10/site-packages:/home/robotics/ros2_cobot/install/mypalletizer_260/lib/python3.10/site-packages:/home/robotics/ros2_cobot/install/myarm_m750/lib/python3.10/site-packages:/home/robotics/ros2_cobot/install/myarm_c650/lib/python3.10/site-packages:/home/robotics/ros2_cobot/install/mycobot_communication/lib/python3.10/site-packages:/home/robotics/ros2_cobot/install/mecharm_communication/lib/python3.10/site-packages:/home/robotics/ros2_cobot/install/mycobot_interfaces/local/lib/python3.10/dist-packages:/home/robotics/ros2_cobot/install/mycobot_630/lib/python3.10/site-packages:/home/robotics/ros2_cobot/install/mycobot_600/lib/python3.10/site-packages:/home/robotics/ros2_cobot/install/mycobot_320pi/lib/python3.10/site-packages:/home/robotics/ros2_cobot/install/mycobot_320_riscv/lib/python3.10/site-packages:/home/robotics/ros2_cobot/install/mycobot_320/lib/python3.10/site-packages:/home/robotics/ros2_cobot/install/mycobot_280pi/lib/python3.10/site-packages:/home/robotics/ros2_cobot/install/mycobot_280jn/lib/python3.10/site-packages:/home/robotics/ros2_cobot/install/mycobot_280_x3pi/lib/python3.10/site-packages:/home/robotics/ros2_cobot/install/mycobot_280_riscv/lib/python3.10/site-packages:/home/robotics/ros2_cobot/install/mycobot_280_rdkx5/lib/python3.10/site-packages:/home/robotics/ros2_cobot/install/mycobot_280_moveit2_control/lib/python3.10/site-packages:/home/robotics/ros2_cobot/install/mycobot_280_arduino/lib/python3.10/site-packages:/home/robotics/ros2_cobot/install/mycobot_280/lib/python3.10/site-packages:/home/robotics/ros2_cobot/install/mybuddy/lib/python3.10/site-packages:/home/robotics/ros2_cobot/install/myarm_300/lib/python3.10/site-packages:/home/robotics/ros2_cobot/install/mecharm_pi/lib/python3.10/site-packages:/home/robotics/ros2_cobot/install/mecharm/lib/python3.10/site-packages:/home/robotics/ros2_cobot/install/mecharm_interfaces/local/lib/python3.10/dist-packages:/opt/ros/humble/lib/python3.10/site-packages:/opt/ros/humble/local/lib/python3.10/dist-packages /usr/bin/cmake --install /home/robotics/ros2_cobot/build/mycobot_280arduino_moveit2
[5.544s] INFO:colcon.colcon_core.shell:Creating package script '/home/robotics/ros2_cobot/install/mycobot_280arduino_moveit2/share/mycobot_280arduino_moveit2/package.bash'
[5.545s] INFO:colcon.colcon_core.shell:Creating package script '/home/robotics/ros2_cobot/install/mycobot_280arduino_moveit2/share/mycobot_280arduino_moveit2/package.zsh'
[5.545s] Level 1:colcon.colcon_core.environment:create_file_with_runtime_dependencies(/home/robotics/ros2_cobot/install/mycobot_280arduino_moveit2/share/colcon-core/packages/mycobot_280arduino_moveit2)
[5.546s] Level 1:colcon.colcon_core.environment:create_environment_scripts_only(mycobot_280arduino_moveit2)
[5.546s] Level 1:colcon.colcon_core.environment:checking '/home/robotics/ros2_cobot/install/mycobot_280arduino_moveit2' for CMake module files
[5.546s] Level 1:colcon.colcon_core.environment:checking '/home/robotics/ros2_cobot/install/mycobot_280arduino_moveit2' for CMake config files
[5.547s] Level 1:colcon.colcon_core.shell:create_environment_hook('mycobot_280arduino_moveit2', 'cmake_prefix_path')
[5.547s] INFO:colcon.colcon_core.shell:Creating environment hook '/home/robotics/ros2_cobot/install/mycobot_280arduino_moveit2/share/mycobot_280arduino_moveit2/hook/cmake_prefix_path.ps1'
[5.547s] INFO:colcon.colcon_core.shell:Creating environment descriptor '/home/robotics/ros2_cobot/install/mycobot_280arduino_moveit2/share/mycobot_280arduino_moveit2/hook/cmake_prefix_path.dsv'
[5.548s] INFO:colcon.colcon_core.shell:Creating environment hook '/home/robotics/ros2_cobot/install/mycobot_280arduino_moveit2/share/mycobot_280arduino_moveit2/hook/cmake_prefix_path.sh'
[5.548s] Level 1:colcon.colcon_core.environment:checking '/home/robotics/ros2_cobot/install/mycobot_280arduino_moveit2/bin'
[5.549s] Level 1:colcon.colcon_core.environment:checking '/home/robotics/ros2_cobot/install/mycobot_280arduino_moveit2/lib/pkgconfig/mycobot_280arduino_moveit2.pc'
[5.550s] Level 1:colcon.colcon_core.environment:checking '/home/robotics/ros2_cobot/install/mycobot_280arduino_moveit2/lib/python3.10/site-packages'
[5.550s] Level 1:colcon.colcon_core.environment:checking '/home/robotics/ros2_cobot/install/mycobot_280arduino_moveit2/bin'
[5.551s] INFO:colcon.colcon_core.shell:Creating package script '/home/robotics/ros2_cobot/install/mycobot_280arduino_moveit2/share/mycobot_280arduino_moveit2/package.ps1'
[5.552s] INFO:colcon.colcon_core.shell:Creating package descriptor '/home/robotics/ros2_cobot/install/mycobot_280arduino_moveit2/share/mycobot_280arduino_moveit2/package.dsv'
[5.552s] INFO:colcon.colcon_core.shell:Creating package script '/home/robotics/ros2_cobot/install/mycobot_280arduino_moveit2/share/mycobot_280arduino_moveit2/package.sh'
[5.554s] INFO:colcon.colcon_core.shell:Creating package script '/home/robotics/ros2_cobot/install/mycobot_280arduino_moveit2/share/mycobot_280arduino_moveit2/package.bash'
[5.555s] INFO:colcon.colcon_core.shell:Creating package script '/home/robotics/ros2_cobot/install/mycobot_280arduino_moveit2/share/mycobot_280arduino_moveit2/package.zsh'
[5.555s] Level 1:colcon.colcon_core.environment:create_file_with_runtime_dependencies(/home/robotics/ros2_cobot/install/mycobot_280arduino_moveit2/share/colcon-core/packages/mycobot_280arduino_moveit2)
[5.556s] INFO:colcon.colcon_ros.task.ament_python.build:Building ROS package in '/home/robotics/ros2_cobot/src/mycobot_ros2/mycobot_280/mycobot_280pi' with build type 'ament_python'
[5.556s] Level 1:colcon.colcon_core.shell:create_environment_hook('mycobot_280pi', 'ament_prefix_path')
[5.557s] INFO:colcon.colcon_core.shell:Creating environment hook '/home/robotics/ros2_cobot/install/mycobot_280pi/share/mycobot_280pi/hook/ament_prefix_path.ps1'
[5.559s] INFO:colcon.colcon_core.shell:Creating environment descriptor '/home/robotics/ros2_cobot/install/mycobot_280pi/share/mycobot_280pi/hook/ament_prefix_path.dsv'
[5.559s] INFO:colcon.colcon_core.shell:Creating environment hook '/home/robotics/ros2_cobot/install/mycobot_280pi/share/mycobot_280pi/hook/ament_prefix_path.sh'
[5.560s] INFO:colcon.colcon_core.shell:Skip shell extension 'powershell' for command environment: Not usable outside of PowerShell
[5.560s] DEBUG:colcon.colcon_core.shell:Skip shell extension 'dsv' for command environment
[5.574s] Level 1:colcon.colcon_core.environment:create_environment_scripts_only(mycobot_280_moveit2)
[5.575s] Level 1:colcon.colcon_core.environment:checking '/home/robotics/ros2_cobot/install/mycobot_280_moveit2' for CMake module files
[5.575s] DEBUG:colcon.colcon_core.event_handler.log_command:Invoked command in '/home/robotics/ros2_cobot/build/mycobot_280_moveit2' returned '0': AMENT_PREFIX_PATH=/home/robotics/ros2_cobot/install/mycobot_description:/home/robotics/ros2_cobot/install/ultraarm:/home/robotics/ros2_cobot/install/traj_scripts:/home/robotics/ros2_cobot/install/mypalletizer_communication:/home/robotics/ros2_cobot/install/mypalletizer_interfaces:/home/robotics/ros2_cobot/install/mypalletizer_260_pi:/home/robotics/ros2_cobot/install/mypalletizer_260:/home/robotics/ros2_cobot/install/myarm_m750:/home/robotics/ros2_cobot/install/myarm_c650:/home/robotics/ros2_cobot/install/mycobot_communication:/home/robotics/ros2_cobot/install/mecharm_communication:/home/robotics/ros2_cobot/install/mycobot_interfaces:/home/robotics/ros2_cobot/install/mycobot_630:/home/robotics/ros2_cobot/install/mycobot_600:/home/robotics/ros2_cobot/install/mycobot_320pi:/home/robotics/ros2_cobot/install/mycobot_320_riscv:/home/robotics/ros2_cobot/install/mycobot_320:/home/robotics/ros2_cobot/install/mycobot_280rdkx5_moveit2:/home/robotics/ros2_cobot/install/mycobot_280pi:/home/robotics/ros2_cobot/install/mycobot_280jn:/home/robotics/ros2_cobot/install/mycobot_280arduino_moveit2:/home/robotics/ros2_cobot/install/mycobot_280_x3pi:/home/robotics/ros2_cobot/install/mycobot_280_riscv:/home/robotics/ros2_cobot/install/mycobot_280_rdkx5:/home/robotics/ros2_cobot/install/mycobot_280_moveit2_control:/home/robotics/ros2_cobot/install/mycobot_280_moveit2:/home/robotics/ros2_cobot/install/mycobot_280_arduino:/home/robotics/ros2_cobot/install/mycobot_280:/home/robotics/ros2_cobot/install/mybuddy:/home/robotics/ros2_cobot/install/myarm_300:/home/robotics/ros2_cobot/install/mecharm_pi:/home/robotics/ros2_cobot/install/mecharm:/home/robotics/ros2_cobot/install/mecharm_interfaces:/opt/ros/humble CMAKE_PREFIX_PATH=${CMAKE_PREFIX_PATH}:/home/robotics/ros2_cobot/install/ultraarm:/home/robotics/ros2_cobot/install/mypalletizer_communication:/home/robotics/ros2_cobot/install/mypalletizer_260_pi:/home/robotics/ros2_cobot/install/mypalletizer_260:/home/robotics/ros2_cobot/install/myarm_m750:/home/robotics/ros2_cobot/install/myarm_c650:/home/robotics/ros2_cobot/install/mycobot_communication:/home/robotics/ros2_cobot/install/mecharm_communication:/home/robotics/ros2_cobot/install/mycobot_630:/home/robotics/ros2_cobot/install/mycobot_600:/home/robotics/ros2_cobot/install/mycobot_320pi:/home/robotics/ros2_cobot/install/mycobot_320_riscv:/home/robotics/ros2_cobot/install/mycobot_320:/home/robotics/ros2_cobot/install/mycobot_280pi:/home/robotics/ros2_cobot/install/mycobot_280jn:/home/robotics/ros2_cobot/install/mycobot_280_x3pi:/home/robotics/ros2_cobot/install/mycobot_280_riscv:/home/robotics/ros2_cobot/install/mycobot_280_rdkx5:/home/robotics/ros2_cobot/install/mycobot_280_moveit2_control:/home/robotics/ros2_cobot/install/mycobot_280_arduino:/home/robotics/ros2_cobot/install/mycobot_280:/home/robotics/ros2_cobot/install/mybuddy:/home/robotics/ros2_cobot/install/myarm_300:/home/robotics/ros2_cobot/install/mecharm_pi:/home/robotics/ros2_cobot/install/mecharm:/home/robotics/ros2_cobot/install/mycobot_description:/opt/ros/humble PYTHONPATH=/home/robotics/ros2_cobot/install/mycobot_description/lib/python3.10/site-packages:/home/robotics/ros2_cobot/install/ultraarm/lib/python3.10/site-packages:/home/robotics/ros2_cobot/install/traj_scripts/local/lib/python3.10/dist-packages:/home/robotics/ros2_cobot/install/mypalletizer_communication/lib/python3.10/site-packages:/home/robotics/ros2_cobot/install/mypalletizer_interfaces/local/lib/python3.10/dist-packages:/home/robotics/ros2_cobot/install/mypalletizer_260_pi/lib/python3.10/site-packages:/home/robotics/ros2_cobot/install/mypalletizer_260/lib/python3.10/site-packages:/home/robotics/ros2_cobot/install/myarm_m750/lib/python3.10/site-packages:/home/robotics/ros2_cobot/install/myarm_c650/lib/python3.10/site-packages:/home/robotics/ros2_cobot/install/mycobot_communication/lib/python3.10/site-packages:/home/robotics/ros2_cobot/install/mecharm_communication/lib/python3.10/site-packages:/home/robotics/ros2_cobot/install/mycobot_interfaces/local/lib/python3.10/dist-packages:/home/robotics/ros2_cobot/install/mycobot_630/lib/python3.10/site-packages:/home/robotics/ros2_cobot/install/mycobot_600/lib/python3.10/site-packages:/home/robotics/ros2_cobot/install/mycobot_320pi/lib/python3.10/site-packages:/home/robotics/ros2_cobot/install/mycobot_320_riscv/lib/python3.10/site-packages:/home/robotics/ros2_cobot/install/mycobot_320/lib/python3.10/site-packages:/home/robotics/ros2_cobot/install/mycobot_280pi/lib/python3.10/site-packages:/home/robotics/ros2_cobot/install/mycobot_280jn/lib/python3.10/site-packages:/home/robotics/ros2_cobot/install/mycobot_280_x3pi/lib/python3.10/site-packages:/home/robotics/ros2_cobot/install/mycobot_280_riscv/lib/python3.10/site-packages:/home/robotics/ros2_cobot/install/mycobot_280_rdkx5/lib/python3.10/site-packages:/home/robotics/ros2_cobot/install/mycobot_280_moveit2_control/lib/python3.10/site-packages:/home/robotics/ros2_cobot/install/mycobot_280_arduino/lib/python3.10/site-packages:/home/robotics/ros2_cobot/install/mycobot_280/lib/python3.10/site-packages:/home/robotics/ros2_cobot/install/mybuddy/lib/python3.10/site-packages:/home/robotics/ros2_cobot/install/myarm_300/lib/python3.10/site-packages:/home/robotics/ros2_cobot/install/mecharm_pi/lib/python3.10/site-packages:/home/robotics/ros2_cobot/install/mecharm/lib/python3.10/site-packages:/home/robotics/ros2_cobot/install/mecharm_interfaces/local/lib/python3.10/dist-packages:/opt/ros/humble/lib/python3.10/site-packages:/opt/ros/humble/local/lib/python3.10/dist-packages /usr/bin/cmake --install /home/robotics/ros2_cobot/build/mycobot_280_moveit2
[5.576s] Level 1:colcon.colcon_core.environment:checking '/home/robotics/ros2_cobot/install/mycobot_280_moveit2' for CMake config files
[5.576s] Level 1:colcon.colcon_core.shell:create_environment_hook('mycobot_280_moveit2', 'cmake_prefix_path')
[5.576s] INFO:colcon.colcon_core.shell:Creating environment hook '/home/robotics/ros2_cobot/install/mycobot_280_moveit2/share/mycobot_280_moveit2/hook/cmake_prefix_path.ps1'
[5.577s] INFO:colcon.colcon_core.shell:Creating environment descriptor '/home/robotics/ros2_cobot/install/mycobot_280_moveit2/share/mycobot_280_moveit2/hook/cmake_prefix_path.dsv'
[5.577s] INFO:colcon.colcon_core.shell:Creating environment hook '/home/robotics/ros2_cobot/install/mycobot_280_moveit2/share/mycobot_280_moveit2/hook/cmake_prefix_path.sh'
[5.578s] Level 1:colcon.colcon_core.environment:checking '/home/robotics/ros2_cobot/install/mycobot_280_moveit2/bin'
[5.578s] Level 1:colcon.colcon_core.environment:checking '/home/robotics/ros2_cobot/install/mycobot_280_moveit2/lib/pkgconfig/mycobot_280_moveit2.pc'
[5.578s] Level 1:colcon.colcon_core.environment:checking '/home/robotics/ros2_cobot/install/mycobot_280_moveit2/lib/python3.10/site-packages'
[5.578s] Level 1:colcon.colcon_core.environment:checking '/home/robotics/ros2_cobot/install/mycobot_280_moveit2/bin'
[5.579s] INFO:colcon.colcon_core.shell:Creating package script '/home/robotics/ros2_cobot/install/mycobot_280_moveit2/share/mycobot_280_moveit2/package.ps1'
[5.579s] INFO:colcon.colcon_core.shell:Creating package descriptor '/home/robotics/ros2_cobot/install/mycobot_280_moveit2/share/mycobot_280_moveit2/package.dsv'
[5.580s] INFO:colcon.colcon_core.shell:Creating package script '/home/robotics/ros2_cobot/install/mycobot_280_moveit2/share/mycobot_280_moveit2/package.sh'
[5.580s] INFO:colcon.colcon_core.shell:Creating package script '/home/robotics/ros2_cobot/install/mycobot_280_moveit2/share/mycobot_280_moveit2/package.bash'
[5.583s] INFO:colcon.colcon_core.shell:Creating package script '/home/robotics/ros2_cobot/install/mycobot_280_moveit2/share/mycobot_280_moveit2/package.zsh'
[5.584s] Level 1:colcon.colcon_core.environment:create_file_with_runtime_dependencies(/home/robotics/ros2_cobot/install/mycobot_280_moveit2/share/colcon-core/packages/mycobot_280_moveit2)
[5.586s] Level 1:colcon.colcon_core.environment:create_environment_scripts_only(mycobot_280_moveit2)
[5.586s] Level 1:colcon.colcon_core.environment:checking '/home/robotics/ros2_cobot/install/mycobot_280_moveit2' for CMake module files
[5.586s] Level 1:colcon.colcon_core.environment:checking '/home/robotics/ros2_cobot/install/mycobot_280_moveit2' for CMake config files
[5.587s] Level 1:colcon.colcon_core.shell:create_environment_hook('mycobot_280_moveit2', 'cmake_prefix_path')
[5.587s] INFO:colcon.colcon_core.shell:Creating environment hook '/home/robotics/ros2_cobot/install/mycobot_280_moveit2/share/mycobot_280_moveit2/hook/cmake_prefix_path.ps1'
[5.588s] INFO:colcon.colcon_core.shell:Creating environment descriptor '/home/robotics/ros2_cobot/install/mycobot_280_moveit2/share/mycobot_280_moveit2/hook/cmake_prefix_path.dsv'
[5.588s] INFO:colcon.colcon_core.shell:Creating environment hook '/home/robotics/ros2_cobot/install/mycobot_280_moveit2/share/mycobot_280_moveit2/hook/cmake_prefix_path.sh'
[5.589s] Level 1:colcon.colcon_core.environment:checking '/home/robotics/ros2_cobot/install/mycobot_280_moveit2/bin'
[5.589s] Level 1:colcon.colcon_core.environment:checking '/home/robotics/ros2_cobot/install/mycobot_280_moveit2/lib/pkgconfig/mycobot_280_moveit2.pc'
[5.589s] Level 1:colcon.colcon_core.environment:checking '/home/robotics/ros2_cobot/install/mycobot_280_moveit2/lib/python3.10/site-packages'
[5.589s] Level 1:colcon.colcon_core.environment:checking '/home/robotics/ros2_cobot/install/mycobot_280_moveit2/bin'
[5.589s] INFO:colcon.colcon_core.shell:Creating package script '/home/robotics/ros2_cobot/install/mycobot_280_moveit2/share/mycobot_280_moveit2/package.ps1'
[5.591s] INFO:colcon.colcon_core.shell:Creating package descriptor '/home/robotics/ros2_cobot/install/mycobot_280_moveit2/share/mycobot_280_moveit2/package.dsv'
[5.592s] INFO:colcon.colcon_core.shell:Creating package script '/home/robotics/ros2_cobot/install/mycobot_280_moveit2/share/mycobot_280_moveit2/package.sh'
[5.592s] INFO:colcon.colcon_core.shell:Creating package script '/home/robotics/ros2_cobot/install/mycobot_280_moveit2/share/mycobot_280_moveit2/package.bash'
[5.593s] INFO:colcon.colcon_core.shell:Creating package script '/home/robotics/ros2_cobot/install/mycobot_280_moveit2/share/mycobot_280_moveit2/package.zsh'
[5.593s] Level 1:colcon.colcon_core.environment:create_file_with_runtime_dependencies(/home/robotics/ros2_cobot/install/mycobot_280_moveit2/share/colcon-core/packages/mycobot_280_moveit2)
[5.596s] INFO:colcon.colcon_ros.task.ament_cmake.build:Building ROS package in '/home/robotics/ros2_cobot/src/mycobot_ros2/mycobot_280/mycobot_280rdkx5_moveit2' with build type 'ament_cmake'
[5.596s] INFO:colcon.colcon_cmake.task.cmake.build:Building CMake package in '/home/robotics/ros2_cobot/src/mycobot_ros2/mycobot_280/mycobot_280rdkx5_moveit2'
[5.597s] INFO:colcon.colcon_core.shell:Skip shell extension 'powershell' for command environment: Not usable outside of PowerShell
[5.598s] DEBUG:colcon.colcon_core.shell:Skip shell extension 'dsv' for command environment
[6.076s] INFO:colcon.colcon_core.task.python.build:Building Python package in '/home/robotics/ros2_cobot/src/mycobot_ros2/mycobot_280/mycobot_280pi'
[6.077s] INFO:colcon.colcon_core.shell:Skip shell extension 'powershell' for command environment: Not usable outside of PowerShell
[6.077s] DEBUG:colcon.colcon_core.shell:Skip shell extension 'dsv' for command environment
[6.087s] Level 1:colcon.colcon_core.environment:checking '/home/robotics/ros2_cobot/install/mycobot_communication' for CMake module files
[6.089s] Level 1:colcon.colcon_core.environment:checking '/home/robotics/ros2_cobot/install/mycobot_communication' for CMake config files
[6.088s] DEBUG:colcon.colcon_core.event_handler.log_command:Invoked command in '/home/robotics/ros2_cobot/src/mycobot_ros2/mycobot_communication' returned '0': CMAKE_PREFIX_PATH=/home/robotics/ros2_cobot/install/mycobot_interfaces:/home/robotics/ros2_cobot/install/traj_scripts:/home/robotics/ros2_cobot/install/mypalletizer_interfaces:/home/robotics/ros2_cobot/install/mycobot_280rdkx5_moveit2:/home/robotics/ros2_cobot/install/mycobot_280arduino_moveit2:/home/robotics/ros2_cobot/install/mycobot_280_moveit2:/home/robotics/ros2_cobot/install/mecharm_interfaces LD_LIBRARY_PATH=/home/robotics/ros2_cobot/install/mycobot_interfaces/lib:/home/robotics/ros2_cobot/install/mypalletizer_interfaces/lib:/home/robotics/ros2_cobot/install/mecharm_interfaces/lib:/opt/ros/humble/opt/rviz_ogre_vendor/lib:/opt/ros/humble/lib/x86_64-linux-gnu:/opt/ros/humble/lib PYTHONPATH=/home/robotics/ros2_cobot/build/mycobot_communication/prefix_override:/usr/lib/python3/dist-packages/colcon_core/task/python/colcon_distutils_commands:/home/robotics/ros2_cobot/install/mycobot_communication/lib/python3.10/site-packages:${PYTHONPATH} /usr/bin/python3 -W ignore:setup.py install is deprecated -W ignore:easy_install command is deprecated setup.py egg_info --egg-base ../../../build/mycobot_communication build --build-base /home/robotics/ros2_cobot/build/mycobot_communication/build install --record /home/robotics/ros2_cobot/build/mycobot_communication/install.log --single-version-externally-managed install_data
[6.090s] Level 1:colcon.colcon_core.environment:checking '/home/robotics/ros2_cobot/install/mycobot_communication/lib'
[6.090s] Level 1:colcon.colcon_core.environment:checking '/home/robotics/ros2_cobot/install/mycobot_communication/bin'
[6.090s] Level 1:colcon.colcon_core.environment:checking '/home/robotics/ros2_cobot/install/mycobot_communication/lib/pkgconfig/mycobot_communication.pc'
[6.090s] Level 1:colcon.colcon_core.environment:checking '/home/robotics/ros2_cobot/install/mycobot_communication/lib/python3.10/site-packages'
[6.090s] Level 1:colcon.colcon_core.shell:create_environment_hook('mycobot_communication', 'pythonpath')
[6.091s] INFO:colcon.colcon_core.shell:Creating environment hook '/home/robotics/ros2_cobot/install/mycobot_communication/share/mycobot_communication/hook/pythonpath.ps1'
[6.092s] INFO:colcon.colcon_core.shell:Creating environment descriptor '/home/robotics/ros2_cobot/install/mycobot_communication/share/mycobot_communication/hook/pythonpath.dsv'
[6.092s] INFO:colcon.colcon_core.shell:Creating environment hook '/home/robotics/ros2_cobot/install/mycobot_communication/share/mycobot_communication/hook/pythonpath.sh'
[6.093s] Level 1:colcon.colcon_core.environment:checking '/home/robotics/ros2_cobot/install/mycobot_communication/bin'
[6.093s] Level 1:colcon.colcon_core.environment:create_environment_scripts_only(mycobot_communication)
[6.093s] INFO:colcon.colcon_core.shell:Creating package script '/home/robotics/ros2_cobot/install/mycobot_communication/share/mycobot_communication/package.ps1'
[6.095s] INFO:colcon.colcon_core.shell:Creating package descriptor '/home/robotics/ros2_cobot/install/mycobot_communication/share/mycobot_communication/package.dsv'
[6.096s] INFO:colcon.colcon_core.shell:Creating package script '/home/robotics/ros2_cobot/install/mycobot_communication/share/mycobot_communication/package.sh'
[6.097s] INFO:colcon.colcon_core.shell:Creating package script '/home/robotics/ros2_cobot/install/mycobot_communication/share/mycobot_communication/package.bash'
[6.097s] INFO:colcon.colcon_core.shell:Creating package script '/home/robotics/ros2_cobot/install/mycobot_communication/share/mycobot_communication/package.zsh'
[6.098s] Level 1:colcon.colcon_core.environment:create_file_with_runtime_dependencies(/home/robotics/ros2_cobot/install/mycobot_communication/share/colcon-core/packages/mycobot_communication)
[6.104s] INFO:colcon.colcon_ros.task.ament_python.build:Building ROS package in '/home/robotics/ros2_cobot/src/mycobot_ros2/mycobot_320/mycobot_320' with build type 'ament_python'
[6.105s] Level 1:colcon.colcon_core.shell:create_environment_hook('mycobot_320', 'ament_prefix_path')
[6.105s] INFO:colcon.colcon_core.shell:Creating environment hook '/home/robotics/ros2_cobot/install/mycobot_320/share/mycobot_320/hook/ament_prefix_path.ps1'
[6.106s] INFO:colcon.colcon_core.shell:Creating environment descriptor '/home/robotics/ros2_cobot/install/mycobot_320/share/mycobot_320/hook/ament_prefix_path.dsv'
[6.106s] INFO:colcon.colcon_core.shell:Creating environment hook '/home/robotics/ros2_cobot/install/mycobot_320/share/mycobot_320/hook/ament_prefix_path.sh'
[6.107s] INFO:colcon.colcon_core.shell:Skip shell extension 'powershell' for command environment: Not usable outside of PowerShell
[6.107s] DEBUG:colcon.colcon_core.shell:Skip shell extension 'dsv' for command environment
[6.112s] DEBUG:colcon.colcon_core.event_handler.log_command:Invoking command in '/home/robotics/ros2_cobot/build/mycobot_280rdkx5_moveit2': AMENT_PREFIX_PATH=/home/robotics/ros2_cobot/install/mycobot_description:/home/robotics/ros2_cobot/install/ultraarm:/home/robotics/ros2_cobot/install/traj_scripts:/home/robotics/ros2_cobot/install/mypalletizer_communication:/home/robotics/ros2_cobot/install/mypalletizer_interfaces:/home/robotics/ros2_cobot/install/mypalletizer_260_pi:/home/robotics/ros2_cobot/install/mypalletizer_260:/home/robotics/ros2_cobot/install/myarm_m750:/home/robotics/ros2_cobot/install/myarm_c650:/home/robotics/ros2_cobot/install/mycobot_communication:/home/robotics/ros2_cobot/install/mecharm_communication:/home/robotics/ros2_cobot/install/mycobot_interfaces:/home/robotics/ros2_cobot/install/mycobot_630:/home/robotics/ros2_cobot/install/mycobot_600:/home/robotics/ros2_cobot/install/mycobot_320pi:/home/robotics/ros2_cobot/install/mycobot_320_riscv:/home/robotics/ros2_cobot/install/mycobot_320:/home/robotics/ros2_cobot/install/mycobot_280rdkx5_moveit2:/home/robotics/ros2_cobot/install/mycobot_280pi:/home/robotics/ros2_cobot/install/mycobot_280jn:/home/robotics/ros2_cobot/install/mycobot_280arduino_moveit2:/home/robotics/ros2_cobot/install/mycobot_280_x3pi:/home/robotics/ros2_cobot/install/mycobot_280_riscv:/home/robotics/ros2_cobot/install/mycobot_280_rdkx5:/home/robotics/ros2_cobot/install/mycobot_280_moveit2_control:/home/robotics/ros2_cobot/install/mycobot_280_moveit2:/home/robotics/ros2_cobot/install/mycobot_280_arduino:/home/robotics/ros2_cobot/install/mycobot_280:/home/robotics/ros2_cobot/install/mybuddy:/home/robotics/ros2_cobot/install/myarm_300:/home/robotics/ros2_cobot/install/mecharm_pi:/home/robotics/ros2_cobot/install/mecharm:/home/robotics/ros2_cobot/install/mecharm_interfaces:/opt/ros/humble CMAKE_PREFIX_PATH=${CMAKE_PREFIX_PATH}:/home/robotics/ros2_cobot/install/ultraarm:/home/robotics/ros2_cobot/install/mypalletizer_communication:/home/robotics/ros2_cobot/install/mypalletizer_260_pi:/home/robotics/ros2_cobot/install/mypalletizer_260:/home/robotics/ros2_cobot/install/myarm_m750:/home/robotics/ros2_cobot/install/myarm_c650:/home/robotics/ros2_cobot/install/mycobot_communication:/home/robotics/ros2_cobot/install/mecharm_communication:/home/robotics/ros2_cobot/install/mycobot_630:/home/robotics/ros2_cobot/install/mycobot_600:/home/robotics/ros2_cobot/install/mycobot_320pi:/home/robotics/ros2_cobot/install/mycobot_320_riscv:/home/robotics/ros2_cobot/install/mycobot_320:/home/robotics/ros2_cobot/install/mycobot_280pi:/home/robotics/ros2_cobot/install/mycobot_280jn:/home/robotics/ros2_cobot/install/mycobot_280_x3pi:/home/robotics/ros2_cobot/install/mycobot_280_riscv:/home/robotics/ros2_cobot/install/mycobot_280_rdkx5:/home/robotics/ros2_cobot/install/mycobot_280_moveit2_control:/home/robotics/ros2_cobot/install/mycobot_280_arduino:/home/robotics/ros2_cobot/install/mycobot_280:/home/robotics/ros2_cobot/install/mybuddy:/home/robotics/ros2_cobot/install/myarm_300:/home/robotics/ros2_cobot/install/mecharm_pi:/home/robotics/ros2_cobot/install/mecharm:/home/robotics/ros2_cobot/install/mycobot_description:/opt/ros/humble PYTHONPATH=/home/robotics/ros2_cobot/install/mycobot_description/lib/python3.10/site-packages:/home/robotics/ros2_cobot/install/ultraarm/lib/python3.10/site-packages:/home/robotics/ros2_cobot/install/traj_scripts/local/lib/python3.10/dist-packages:/home/robotics/ros2_cobot/install/mypalletizer_communication/lib/python3.10/site-packages:/home/robotics/ros2_cobot/install/mypalletizer_interfaces/local/lib/python3.10/dist-packages:/home/robotics/ros2_cobot/install/mypalletizer_260_pi/lib/python3.10/site-packages:/home/robotics/ros2_cobot/install/mypalletizer_260/lib/python3.10/site-packages:/home/robotics/ros2_cobot/install/myarm_m750/lib/python3.10/site-packages:/home/robotics/ros2_cobot/install/myarm_c650/lib/python3.10/site-packages:/home/robotics/ros2_cobot/install/mycobot_communication/lib/python3.10/site-packages:/home/robotics/ros2_cobot/install/mecharm_communication/lib/python3.10/site-packages:/home/robotics/ros2_cobot/install/mycobot_interfaces/local/lib/python3.10/dist-packages:/home/robotics/ros2_cobot/install/mycobot_630/lib/python3.10/site-packages:/home/robotics/ros2_cobot/install/mycobot_600/lib/python3.10/site-packages:/home/robotics/ros2_cobot/install/mycobot_320pi/lib/python3.10/site-packages:/home/robotics/ros2_cobot/install/mycobot_320_riscv/lib/python3.10/site-packages:/home/robotics/ros2_cobot/install/mycobot_320/lib/python3.10/site-packages:/home/robotics/ros2_cobot/install/mycobot_280pi/lib/python3.10/site-packages:/home/robotics/ros2_cobot/install/mycobot_280jn/lib/python3.10/site-packages:/home/robotics/ros2_cobot/install/mycobot_280_x3pi/lib/python3.10/site-packages:/home/robotics/ros2_cobot/install/mycobot_280_riscv/lib/python3.10/site-packages:/home/robotics/ros2_cobot/install/mycobot_280_rdkx5/lib/python3.10/site-packages:/home/robotics/ros2_cobot/install/mycobot_280_moveit2_control/lib/python3.10/site-packages:/home/robotics/ros2_cobot/install/mycobot_280_arduino/lib/python3.10/site-packages:/home/robotics/ros2_cobot/install/mycobot_280/lib/python3.10/site-packages:/home/robotics/ros2_cobot/install/mybuddy/lib/python3.10/site-packages:/home/robotics/ros2_cobot/install/myarm_300/lib/python3.10/site-packages:/home/robotics/ros2_cobot/install/mecharm_pi/lib/python3.10/site-packages:/home/robotics/ros2_cobot/install/mecharm/lib/python3.10/site-packages:/home/robotics/ros2_cobot/install/mecharm_interfaces/local/lib/python3.10/dist-packages:/opt/ros/humble/lib/python3.10/site-packages:/opt/ros/humble/local/lib/python3.10/dist-packages /usr/bin/cmake --build /home/robotics/ros2_cobot/build/mycobot_280rdkx5_moveit2 -- -j16 -l16
[6.113s] DEBUG:colcon.colcon_core.event_handler.log_command:Invoking command in '/home/robotics/ros2_cobot/src/mycobot_ros2/mecharm/mecharm_pi': AMENT_PREFIX_PATH=/home/robotics/ros2_cobot/install/mycobot_description:/home/robotics/ros2_cobot/install/ultraarm:/home/robotics/ros2_cobot/install/traj_scripts:/home/robotics/ros2_cobot/install/mypalletizer_communication:/home/robotics/ros2_cobot/install/mypalletizer_interfaces:/home/robotics/ros2_cobot/install/mypalletizer_260_pi:/home/robotics/ros2_cobot/install/mypalletizer_260:/home/robotics/ros2_cobot/install/myarm_m750:/home/robotics/ros2_cobot/install/myarm_c650:/home/robotics/ros2_cobot/install/mycobot_communication:/home/robotics/ros2_cobot/install/mecharm_communication:/home/robotics/ros2_cobot/install/mycobot_interfaces:/home/robotics/ros2_cobot/install/mycobot_630:/home/robotics/ros2_cobot/install/mycobot_600:/home/robotics/ros2_cobot/install/mycobot_320pi:/home/robotics/ros2_cobot/install/mycobot_320_riscv:/home/robotics/ros2_cobot/install/mycobot_320:/home/robotics/ros2_cobot/install/mycobot_280rdkx5_moveit2:/home/robotics/ros2_cobot/install/mycobot_280pi:/home/robotics/ros2_cobot/install/mycobot_280jn:/home/robotics/ros2_cobot/install/mycobot_280arduino_moveit2:/home/robotics/ros2_cobot/install/mycobot_280_x3pi:/home/robotics/ros2_cobot/install/mycobot_280_riscv:/home/robotics/ros2_cobot/install/mycobot_280_rdkx5:/home/robotics/ros2_cobot/install/mycobot_280_moveit2_control:/home/robotics/ros2_cobot/install/mycobot_280_moveit2:/home/robotics/ros2_cobot/install/mycobot_280_arduino:/home/robotics/ros2_cobot/install/mycobot_280:/home/robotics/ros2_cobot/install/mybuddy:/home/robotics/ros2_cobot/install/myarm_300:/home/robotics/ros2_cobot/install/mecharm_pi:/home/robotics/ros2_cobot/install/mecharm:/home/robotics/ros2_cobot/install/mecharm_interfaces:/opt/ros/humble PYTHONPATH=/home/robotics/ros2_cobot/build/mecharm_pi/prefix_override:/usr/lib/python3/dist-packages/colcon_core/task/python/colcon_distutils_commands:/home/robotics/ros2_cobot/install/mecharm_pi/lib/python3.10/site-packages:/home/robotics/ros2_cobot/install/mycobot_description/lib/python3.10/site-packages:/home/robotics/ros2_cobot/install/ultraarm/lib/python3.10/site-packages:/home/robotics/ros2_cobot/install/traj_scripts/local/lib/python3.10/dist-packages:/home/robotics/ros2_cobot/install/mypalletizer_communication/lib/python3.10/site-packages:/home/robotics/ros2_cobot/install/mypalletizer_interfaces/local/lib/python3.10/dist-packages:/home/robotics/ros2_cobot/install/mypalletizer_260_pi/lib/python3.10/site-packages:/home/robotics/ros2_cobot/install/mypalletizer_260/lib/python3.10/site-packages:/home/robotics/ros2_cobot/install/myarm_m750/lib/python3.10/site-packages:/home/robotics/ros2_cobot/install/myarm_c650/lib/python3.10/site-packages:/home/robotics/ros2_cobot/install/mycobot_communication/lib/python3.10/site-packages:/home/robotics/ros2_cobot/install/mecharm_communication/lib/python3.10/site-packages:/home/robotics/ros2_cobot/install/mycobot_interfaces/local/lib/python3.10/dist-packages:/home/robotics/ros2_cobot/install/mycobot_630/lib/python3.10/site-packages:/home/robotics/ros2_cobot/install/mycobot_600/lib/python3.10/site-packages:/home/robotics/ros2_cobot/install/mycobot_320pi/lib/python3.10/site-packages:/home/robotics/ros2_cobot/install/mycobot_320_riscv/lib/python3.10/site-packages:/home/robotics/ros2_cobot/install/mycobot_320/lib/python3.10/site-packages:/home/robotics/ros2_cobot/install/mycobot_280pi/lib/python3.10/site-packages:/home/robotics/ros2_cobot/install/mycobot_280jn/lib/python3.10/site-packages:/home/robotics/ros2_cobot/install/mycobot_280_x3pi/lib/python3.10/site-packages:/home/robotics/ros2_cobot/install/mycobot_280_riscv/lib/python3.10/site-packages:/home/robotics/ros2_cobot/install/mycobot_280_rdkx5/lib/python3.10/site-packages:/home/robotics/ros2_cobot/install/mycobot_280_moveit2_control/lib/python3.10/site-packages:/home/robotics/ros2_cobot/install/mycobot_280_arduino/lib/python3.10/site-packages:/home/robotics/ros2_cobot/install/mycobot_280/lib/python3.10/site-packages:/home/robotics/ros2_cobot/install/mybuddy/lib/python3.10/site-packages:/home/robotics/ros2_cobot/install/myarm_300/lib/python3.10/site-packages:/home/robotics/ros2_cobot/install/mecharm_pi/lib/python3.10/site-packages:/home/robotics/ros2_cobot/install/mecharm/lib/python3.10/site-packages:/home/robotics/ros2_cobot/install/mecharm_interfaces/local/lib/python3.10/dist-packages:/opt/ros/humble/lib/python3.10/site-packages:/opt/ros/humble/local/lib/python3.10/dist-packages /usr/bin/python3 -W ignore:setup.py install is deprecated -W ignore:easy_install command is deprecated setup.py egg_info --egg-base ../../../../build/mecharm_pi build --build-base /home/robotics/ros2_cobot/build/mecharm_pi/build install --record /home/robotics/ros2_cobot/build/mecharm_pi/install.log --single-version-externally-managed install_data
[6.118s] Level 1:colcon.colcon_core.environment:checking '/home/robotics/ros2_cobot/install/mypalletizer_communication' for CMake module files
[6.119s] Level 1:colcon.colcon_core.environment:checking '/home/robotics/ros2_cobot/install/mypalletizer_communication' for CMake config files
[6.119s] DEBUG:colcon.colcon_core.event_handler.log_command:Invoked command in '/home/robotics/ros2_cobot/src/mycobot_ros2/mypalletizer_260/mypalletizer_communication' returned '0': CMAKE_PREFIX_PATH=/home/robotics/ros2_cobot/install/mypalletizer_interfaces:/home/robotics/ros2_cobot/install/traj_scripts:/home/robotics/ros2_cobot/install/mycobot_interfaces:/home/robotics/ros2_cobot/install/mycobot_280rdkx5_moveit2:/home/robotics/ros2_cobot/install/mycobot_280arduino_moveit2:/home/robotics/ros2_cobot/install/mycobot_280_moveit2:/home/robotics/ros2_cobot/install/mecharm_interfaces PYTHONPATH=/home/robotics/ros2_cobot/build/mypalletizer_communication/prefix_override:/usr/lib/python3/dist-packages/colcon_core/task/python/colcon_distutils_commands:/home/robotics/ros2_cobot/install/mypalletizer_communication/lib/python3.10/site-packages:${PYTHONPATH} /usr/bin/python3 -W ignore:setup.py install is deprecated -W ignore:easy_install command is deprecated setup.py egg_info --egg-base ../../../../build/mypalletizer_communication build --build-base /home/robotics/ros2_cobot/build/mypalletizer_communication/build install --record /home/robotics/ros2_cobot/build/mypalletizer_communication/install.log --single-version-externally-managed install_data
[6.120s] Level 1:colcon.colcon_core.environment:checking '/home/robotics/ros2_cobot/install/mypalletizer_communication/lib'
[6.120s] Level 1:colcon.colcon_core.environment:checking '/home/robotics/ros2_cobot/install/mypalletizer_communication/bin'
[6.120s] Level 1:colcon.colcon_core.environment:checking '/home/robotics/ros2_cobot/install/mypalletizer_communication/lib/pkgconfig/mypalletizer_communication.pc'
[6.120s] Level 1:colcon.colcon_core.environment:checking '/home/robotics/ros2_cobot/install/mypalletizer_communication/lib/python3.10/site-packages'
[6.121s] Level 1:colcon.colcon_core.shell:create_environment_hook('mypalletizer_communication', 'pythonpath')
[6.121s] INFO:colcon.colcon_core.shell:Creating environment hook '/home/robotics/ros2_cobot/install/mypalletizer_communication/share/mypalletizer_communication/hook/pythonpath.ps1'
[6.122s] INFO:colcon.colcon_core.shell:Creating environment descriptor '/home/robotics/ros2_cobot/install/mypalletizer_communication/share/mypalletizer_communication/hook/pythonpath.dsv'
[6.122s] INFO:colcon.colcon_core.shell:Creating environment hook '/home/robotics/ros2_cobot/install/mypalletizer_communication/share/mypalletizer_communication/hook/pythonpath.sh'
[6.123s] Level 1:colcon.colcon_core.environment:checking '/home/robotics/ros2_cobot/install/mypalletizer_communication/bin'
[6.123s] Level 1:colcon.colcon_core.environment:create_environment_scripts_only(mypalletizer_communication)
[6.123s] INFO:colcon.colcon_core.shell:Creating package script '/home/robotics/ros2_cobot/install/mypalletizer_communication/share/mypalletizer_communication/package.ps1'
[6.124s] INFO:colcon.colcon_core.shell:Creating package descriptor '/home/robotics/ros2_cobot/install/mypalletizer_communication/share/mypalletizer_communication/package.dsv'
[6.125s] INFO:colcon.colcon_core.shell:Creating package script '/home/robotics/ros2_cobot/install/mypalletizer_communication/share/mypalletizer_communication/package.sh'
[6.125s] INFO:colcon.colcon_core.shell:Creating package script '/home/robotics/ros2_cobot/install/mypalletizer_communication/share/mypalletizer_communication/package.bash'
[6.126s] INFO:colcon.colcon_core.shell:Creating package script '/home/robotics/ros2_cobot/install/mypalletizer_communication/share/mypalletizer_communication/package.zsh'
[6.126s] Level 1:colcon.colcon_core.environment:create_file_with_runtime_dependencies(/home/robotics/ros2_cobot/install/mypalletizer_communication/share/colcon-core/packages/mypalletizer_communication)
[6.127s] Level 1:colcon.colcon_core.environment:checking '/home/robotics/ros2_cobot/install/mecharm_communication' for CMake module files
[6.128s] Level 1:colcon.colcon_core.environment:checking '/home/robotics/ros2_cobot/install/mecharm_communication' for CMake config files
[6.130s] Level 1:colcon.colcon_core.environment:checking '/home/robotics/ros2_cobot/install/mecharm_communication/lib'
[6.130s] Level 1:colcon.colcon_core.environment:checking '/home/robotics/ros2_cobot/install/mecharm_communication/bin'
[6.130s] DEBUG:colcon.colcon_core.event_handler.log_command:Invoked command in '/home/robotics/ros2_cobot/src/mycobot_ros2/mecharm/mecharm_communication' returned '0': CMAKE_PREFIX_PATH=/home/robotics/ros2_cobot/install/mycobot_interfaces:/home/robotics/ros2_cobot/install/traj_scripts:/home/robotics/ros2_cobot/install/mypalletizer_interfaces:/home/robotics/ros2_cobot/install/mycobot_280rdkx5_moveit2:/home/robotics/ros2_cobot/install/mycobot_280arduino_moveit2:/home/robotics/ros2_cobot/install/mycobot_280_moveit2:/home/robotics/ros2_cobot/install/mecharm_interfaces LD_LIBRARY_PATH=/home/robotics/ros2_cobot/install/mycobot_interfaces/lib:/home/robotics/ros2_cobot/install/mypalletizer_interfaces/lib:/home/robotics/ros2_cobot/install/mecharm_interfaces/lib:/opt/ros/humble/opt/rviz_ogre_vendor/lib:/opt/ros/humble/lib/x86_64-linux-gnu:/opt/ros/humble/lib PYTHONPATH=/home/robotics/ros2_cobot/build/mecharm_communication/prefix_override:/usr/lib/python3/dist-packages/colcon_core/task/python/colcon_distutils_commands:/home/robotics/ros2_cobot/install/mecharm_communication/lib/python3.10/site-packages:${PYTHONPATH} /usr/bin/python3 -W ignore:setup.py install is deprecated -W ignore:easy_install command is deprecated setup.py egg_info --egg-base ../../../../build/mecharm_communication build --build-base /home/robotics/ros2_cobot/build/mecharm_communication/build install --record /home/robotics/ros2_cobot/build/mecharm_communication/install.log --single-version-externally-managed install_data
[6.131s] Level 1:colcon.colcon_core.environment:checking '/home/robotics/ros2_cobot/install/mecharm_communication/lib/pkgconfig/mecharm_communication.pc'
[6.131s] Level 1:colcon.colcon_core.environment:checking '/home/robotics/ros2_cobot/install/mecharm_communication/lib/python3.10/site-packages'
[6.131s] Level 1:colcon.colcon_core.shell:create_environment_hook('mecharm_communication', 'pythonpath')
[6.131s] INFO:colcon.colcon_core.shell:Creating environment hook '/home/robotics/ros2_cobot/install/mecharm_communication/share/mecharm_communication/hook/pythonpath.ps1'
[6.132s] INFO:colcon.colcon_core.shell:Creating environment descriptor '/home/robotics/ros2_cobot/install/mecharm_communication/share/mecharm_communication/hook/pythonpath.dsv'
[6.133s] INFO:colcon.colcon_core.shell:Creating environment hook '/home/robotics/ros2_cobot/install/mecharm_communication/share/mecharm_communication/hook/pythonpath.sh'
[6.133s] Level 1:colcon.colcon_core.environment:checking '/home/robotics/ros2_cobot/install/mecharm_communication/bin'
[6.133s] Level 1:colcon.colcon_core.environment:create_environment_scripts_only(mecharm_communication)
[6.134s] INFO:colcon.colcon_core.shell:Creating package script '/home/robotics/ros2_cobot/install/mecharm_communication/share/mecharm_communication/package.ps1'
[6.134s] INFO:colcon.colcon_core.shell:Creating package descriptor '/home/robotics/ros2_cobot/install/mecharm_communication/share/mecharm_communication/package.dsv'
[6.135s] INFO:colcon.colcon_core.shell:Creating package script '/home/robotics/ros2_cobot/install/mecharm_communication/share/mecharm_communication/package.sh'
[6.135s] INFO:colcon.colcon_core.shell:Creating package script '/home/robotics/ros2_cobot/install/mecharm_communication/share/mecharm_communication/package.bash'
[6.136s] INFO:colcon.colcon_core.shell:Creating package script '/home/robotics/ros2_cobot/install/mecharm_communication/share/mecharm_communication/package.zsh'
[6.136s] Level 1:colcon.colcon_core.environment:create_file_with_runtime_dependencies(/home/robotics/ros2_cobot/install/mecharm_communication/share/colcon-core/packages/mecharm_communication)
[6.138s] INFO:colcon.colcon_ros.task.ament_python.build:Building ROS package in '/home/robotics/ros2_cobot/src/mycobot_ros2/mycobot_320/mycobot_320_riscv' with build type 'ament_python'
[6.138s] Level 1:colcon.colcon_core.shell:create_environment_hook('mycobot_320_riscv', 'ament_prefix_path')
[6.138s] INFO:colcon.colcon_core.shell:Creating environment hook '/home/robotics/ros2_cobot/install/mycobot_320_riscv/share/mycobot_320_riscv/hook/ament_prefix_path.ps1'
[6.139s] INFO:colcon.colcon_core.shell:Creating environment descriptor '/home/robotics/ros2_cobot/install/mycobot_320_riscv/share/mycobot_320_riscv/hook/ament_prefix_path.dsv'
[6.139s] INFO:colcon.colcon_core.shell:Creating environment hook '/home/robotics/ros2_cobot/install/mycobot_320_riscv/share/mycobot_320_riscv/hook/ament_prefix_path.sh'
[6.140s] INFO:colcon.colcon_core.shell:Skip shell extension 'powershell' for command environment: Not usable outside of PowerShell
[6.140s] DEBUG:colcon.colcon_core.shell:Skip shell extension 'dsv' for command environment
[6.147s] INFO:colcon.colcon_ros.task.ament_python.build:Building ROS package in '/home/robotics/ros2_cobot/src/mycobot_ros2/mycobot_320/mycobot_320pi' with build type 'ament_python'
[6.148s] Level 1:colcon.colcon_core.shell:create_environment_hook('mycobot_320pi', 'ament_prefix_path')
[6.148s] INFO:colcon.colcon_core.shell:Creating environment hook '/home/robotics/ros2_cobot/install/mycobot_320pi/share/mycobot_320pi/hook/ament_prefix_path.ps1'
[6.149s] INFO:colcon.colcon_core.shell:Creating environment descriptor '/home/robotics/ros2_cobot/install/mycobot_320pi/share/mycobot_320pi/hook/ament_prefix_path.dsv'
[6.149s] INFO:colcon.colcon_core.shell:Creating environment hook '/home/robotics/ros2_cobot/install/mycobot_320pi/share/mycobot_320pi/hook/ament_prefix_path.sh'
[6.150s] INFO:colcon.colcon_core.shell:Skip shell extension 'powershell' for command environment: Not usable outside of PowerShell
[6.150s] DEBUG:colcon.colcon_core.shell:Skip shell extension 'dsv' for command environment
[6.160s] DEBUG:colcon.colcon_core.event_handler.log_command:Invoking command in '/home/robotics/ros2_cobot/src/mycobot_ros2/Mybuddy/mybuddy': AMENT_PREFIX_PATH=/home/robotics/ros2_cobot/install/mycobot_description:/home/robotics/ros2_cobot/install/ultraarm:/home/robotics/ros2_cobot/install/traj_scripts:/home/robotics/ros2_cobot/install/mypalletizer_communication:/home/robotics/ros2_cobot/install/mypalletizer_interfaces:/home/robotics/ros2_cobot/install/mypalletizer_260_pi:/home/robotics/ros2_cobot/install/mypalletizer_260:/home/robotics/ros2_cobot/install/myarm_m750:/home/robotics/ros2_cobot/install/myarm_c650:/home/robotics/ros2_cobot/install/mycobot_communication:/home/robotics/ros2_cobot/install/mecharm_communication:/home/robotics/ros2_cobot/install/mycobot_interfaces:/home/robotics/ros2_cobot/install/mycobot_630:/home/robotics/ros2_cobot/install/mycobot_600:/home/robotics/ros2_cobot/install/mycobot_320pi:/home/robotics/ros2_cobot/install/mycobot_320_riscv:/home/robotics/ros2_cobot/install/mycobot_320:/home/robotics/ros2_cobot/install/mycobot_280rdkx5_moveit2:/home/robotics/ros2_cobot/install/mycobot_280pi:/home/robotics/ros2_cobot/install/mycobot_280jn:/home/robotics/ros2_cobot/install/mycobot_280arduino_moveit2:/home/robotics/ros2_cobot/install/mycobot_280_x3pi:/home/robotics/ros2_cobot/install/mycobot_280_riscv:/home/robotics/ros2_cobot/install/mycobot_280_rdkx5:/home/robotics/ros2_cobot/install/mycobot_280_moveit2_control:/home/robotics/ros2_cobot/install/mycobot_280_moveit2:/home/robotics/ros2_cobot/install/mycobot_280_arduino:/home/robotics/ros2_cobot/install/mycobot_280:/home/robotics/ros2_cobot/install/mybuddy:/home/robotics/ros2_cobot/install/myarm_300:/home/robotics/ros2_cobot/install/mecharm_pi:/home/robotics/ros2_cobot/install/mecharm:/home/robotics/ros2_cobot/install/mecharm_interfaces:/opt/ros/humble PYTHONPATH=/home/robotics/ros2_cobot/build/mybuddy/prefix_override:/usr/lib/python3/dist-packages/colcon_core/task/python/colcon_distutils_commands:/home/robotics/ros2_cobot/install/mybuddy/lib/python3.10/site-packages:/home/robotics/ros2_cobot/install/mycobot_description/lib/python3.10/site-packages:/home/robotics/ros2_cobot/install/ultraarm/lib/python3.10/site-packages:/home/robotics/ros2_cobot/install/traj_scripts/local/lib/python3.10/dist-packages:/home/robotics/ros2_cobot/install/mypalletizer_communication/lib/python3.10/site-packages:/home/robotics/ros2_cobot/install/mypalletizer_interfaces/local/lib/python3.10/dist-packages:/home/robotics/ros2_cobot/install/mypalletizer_260_pi/lib/python3.10/site-packages:/home/robotics/ros2_cobot/install/mypalletizer_260/lib/python3.10/site-packages:/home/robotics/ros2_cobot/install/myarm_m750/lib/python3.10/site-packages:/home/robotics/ros2_cobot/install/myarm_c650/lib/python3.10/site-packages:/home/robotics/ros2_cobot/install/mycobot_communication/lib/python3.10/site-packages:/home/robotics/ros2_cobot/install/mecharm_communication/lib/python3.10/site-packages:/home/robotics/ros2_cobot/install/mycobot_interfaces/local/lib/python3.10/dist-packages:/home/robotics/ros2_cobot/install/mycobot_630/lib/python3.10/site-packages:/home/robotics/ros2_cobot/install/mycobot_600/lib/python3.10/site-packages:/home/robotics/ros2_cobot/install/mycobot_320pi/lib/python3.10/site-packages:/home/robotics/ros2_cobot/install/mycobot_320_riscv/lib/python3.10/site-packages:/home/robotics/ros2_cobot/install/mycobot_320/lib/python3.10/site-packages:/home/robotics/ros2_cobot/install/mycobot_280pi/lib/python3.10/site-packages:/home/robotics/ros2_cobot/install/mycobot_280jn/lib/python3.10/site-packages:/home/robotics/ros2_cobot/install/mycobot_280_x3pi/lib/python3.10/site-packages:/home/robotics/ros2_cobot/install/mycobot_280_riscv/lib/python3.10/site-packages:/home/robotics/ros2_cobot/install/mycobot_280_rdkx5/lib/python3.10/site-packages:/home/robotics/ros2_cobot/install/mycobot_280_moveit2_control/lib/python3.10/site-packages:/home/robotics/ros2_cobot/install/mycobot_280_arduino/lib/python3.10/site-packages:/home/robotics/ros2_cobot/install/mycobot_280/lib/python3.10/site-packages:/home/robotics/ros2_cobot/install/mybuddy/lib/python3.10/site-packages:/home/robotics/ros2_cobot/install/myarm_300/lib/python3.10/site-packages:/home/robotics/ros2_cobot/install/mecharm_pi/lib/python3.10/site-packages:/home/robotics/ros2_cobot/install/mecharm/lib/python3.10/site-packages:/home/robotics/ros2_cobot/install/mecharm_interfaces/local/lib/python3.10/dist-packages:/opt/ros/humble/lib/python3.10/site-packages:/opt/ros/humble/local/lib/python3.10/dist-packages /usr/bin/python3 -W ignore:setup.py install is deprecated -W ignore:easy_install command is deprecated setup.py egg_info --egg-base ../../../../build/mybuddy build --build-base /home/robotics/ros2_cobot/build/mybuddy/build install --record /home/robotics/ros2_cobot/build/mybuddy/install.log --single-version-externally-managed install_data
[6.161s] DEBUG:colcon.colcon_core.event_handler.log_command:Invoking command in '/home/robotics/ros2_cobot/src/mycobot_ros2/myArm/myarm_300': AMENT_PREFIX_PATH=/home/robotics/ros2_cobot/install/mycobot_description:/home/robotics/ros2_cobot/install/ultraarm:/home/robotics/ros2_cobot/install/traj_scripts:/home/robotics/ros2_cobot/install/mypalletizer_communication:/home/robotics/ros2_cobot/install/mypalletizer_interfaces:/home/robotics/ros2_cobot/install/mypalletizer_260_pi:/home/robotics/ros2_cobot/install/mypalletizer_260:/home/robotics/ros2_cobot/install/myarm_m750:/home/robotics/ros2_cobot/install/myarm_c650:/home/robotics/ros2_cobot/install/mycobot_communication:/home/robotics/ros2_cobot/install/mecharm_communication:/home/robotics/ros2_cobot/install/mycobot_interfaces:/home/robotics/ros2_cobot/install/mycobot_630:/home/robotics/ros2_cobot/install/mycobot_600:/home/robotics/ros2_cobot/install/mycobot_320pi:/home/robotics/ros2_cobot/install/mycobot_320_riscv:/home/robotics/ros2_cobot/install/mycobot_320:/home/robotics/ros2_cobot/install/mycobot_280rdkx5_moveit2:/home/robotics/ros2_cobot/install/mycobot_280pi:/home/robotics/ros2_cobot/install/mycobot_280jn:/home/robotics/ros2_cobot/install/mycobot_280arduino_moveit2:/home/robotics/ros2_cobot/install/mycobot_280_x3pi:/home/robotics/ros2_cobot/install/mycobot_280_riscv:/home/robotics/ros2_cobot/install/mycobot_280_rdkx5:/home/robotics/ros2_cobot/install/mycobot_280_moveit2_control:/home/robotics/ros2_cobot/install/mycobot_280_moveit2:/home/robotics/ros2_cobot/install/mycobot_280_arduino:/home/robotics/ros2_cobot/install/mycobot_280:/home/robotics/ros2_cobot/install/mybuddy:/home/robotics/ros2_cobot/install/myarm_300:/home/robotics/ros2_cobot/install/mecharm_pi:/home/robotics/ros2_cobot/install/mecharm:/home/robotics/ros2_cobot/install/mecharm_interfaces:/opt/ros/humble PYTHONPATH=/home/robotics/ros2_cobot/build/myarm_300/prefix_override:/usr/lib/python3/dist-packages/colcon_core/task/python/colcon_distutils_commands:/home/robotics/ros2_cobot/install/myarm_300/lib/python3.10/site-packages:/home/robotics/ros2_cobot/install/mycobot_description/lib/python3.10/site-packages:/home/robotics/ros2_cobot/install/ultraarm/lib/python3.10/site-packages:/home/robotics/ros2_cobot/install/traj_scripts/local/lib/python3.10/dist-packages:/home/robotics/ros2_cobot/install/mypalletizer_communication/lib/python3.10/site-packages:/home/robotics/ros2_cobot/install/mypalletizer_interfaces/local/lib/python3.10/dist-packages:/home/robotics/ros2_cobot/install/mypalletizer_260_pi/lib/python3.10/site-packages:/home/robotics/ros2_cobot/install/mypalletizer_260/lib/python3.10/site-packages:/home/robotics/ros2_cobot/install/myarm_m750/lib/python3.10/site-packages:/home/robotics/ros2_cobot/install/myarm_c650/lib/python3.10/site-packages:/home/robotics/ros2_cobot/install/mycobot_communication/lib/python3.10/site-packages:/home/robotics/ros2_cobot/install/mecharm_communication/lib/python3.10/site-packages:/home/robotics/ros2_cobot/install/mycobot_interfaces/local/lib/python3.10/dist-packages:/home/robotics/ros2_cobot/install/mycobot_630/lib/python3.10/site-packages:/home/robotics/ros2_cobot/install/mycobot_600/lib/python3.10/site-packages:/home/robotics/ros2_cobot/install/mycobot_320pi/lib/python3.10/site-packages:/home/robotics/ros2_cobot/install/mycobot_320_riscv/lib/python3.10/site-packages:/home/robotics/ros2_cobot/install/mycobot_320/lib/python3.10/site-packages:/home/robotics/ros2_cobot/install/mycobot_280pi/lib/python3.10/site-packages:/home/robotics/ros2_cobot/install/mycobot_280jn/lib/python3.10/site-packages:/home/robotics/ros2_cobot/install/mycobot_280_x3pi/lib/python3.10/site-packages:/home/robotics/ros2_cobot/install/mycobot_280_riscv/lib/python3.10/site-packages:/home/robotics/ros2_cobot/install/mycobot_280_rdkx5/lib/python3.10/site-packages:/home/robotics/ros2_cobot/install/mycobot_280_moveit2_control/lib/python3.10/site-packages:/home/robotics/ros2_cobot/install/mycobot_280_arduino/lib/python3.10/site-packages:/home/robotics/ros2_cobot/install/mycobot_280/lib/python3.10/site-packages:/home/robotics/ros2_cobot/install/mybuddy/lib/python3.10/site-packages:/home/robotics/ros2_cobot/install/myarm_300/lib/python3.10/site-packages:/home/robotics/ros2_cobot/install/mecharm_pi/lib/python3.10/site-packages:/home/robotics/ros2_cobot/install/mecharm/lib/python3.10/site-packages:/home/robotics/ros2_cobot/install/mecharm_interfaces/local/lib/python3.10/dist-packages:/opt/ros/humble/lib/python3.10/site-packages:/opt/ros/humble/local/lib/python3.10/dist-packages /usr/bin/python3 -W ignore:setup.py install is deprecated -W ignore:easy_install command is deprecated setup.py egg_info --egg-base ../../../../build/myarm_300 build --build-base /home/robotics/ros2_cobot/build/myarm_300/build install --record /home/robotics/ros2_cobot/build/myarm_300/install.log --single-version-externally-managed install_data
[6.165s] DEBUG:colcon.colcon_core.event_handler.log_command:Invoking command in '/home/robotics/ros2_cobot/src/mycobot_ros2/mycobot_280/mycobot_280_moveit2_control': AMENT_PREFIX_PATH=/home/robotics/ros2_cobot/install/mycobot_description:/home/robotics/ros2_cobot/install/ultraarm:/home/robotics/ros2_cobot/install/traj_scripts:/home/robotics/ros2_cobot/install/mypalletizer_communication:/home/robotics/ros2_cobot/install/mypalletizer_interfaces:/home/robotics/ros2_cobot/install/mypalletizer_260_pi:/home/robotics/ros2_cobot/install/mypalletizer_260:/home/robotics/ros2_cobot/install/myarm_m750:/home/robotics/ros2_cobot/install/myarm_c650:/home/robotics/ros2_cobot/install/mycobot_communication:/home/robotics/ros2_cobot/install/mecharm_communication:/home/robotics/ros2_cobot/install/mycobot_interfaces:/home/robotics/ros2_cobot/install/mycobot_630:/home/robotics/ros2_cobot/install/mycobot_600:/home/robotics/ros2_cobot/install/mycobot_320pi:/home/robotics/ros2_cobot/install/mycobot_320_riscv:/home/robotics/ros2_cobot/install/mycobot_320:/home/robotics/ros2_cobot/install/mycobot_280rdkx5_moveit2:/home/robotics/ros2_cobot/install/mycobot_280pi:/home/robotics/ros2_cobot/install/mycobot_280jn:/home/robotics/ros2_cobot/install/mycobot_280arduino_moveit2:/home/robotics/ros2_cobot/install/mycobot_280_x3pi:/home/robotics/ros2_cobot/install/mycobot_280_riscv:/home/robotics/ros2_cobot/install/mycobot_280_rdkx5:/home/robotics/ros2_cobot/install/mycobot_280_moveit2_control:/home/robotics/ros2_cobot/install/mycobot_280_moveit2:/home/robotics/ros2_cobot/install/mycobot_280_arduino:/home/robotics/ros2_cobot/install/mycobot_280:/home/robotics/ros2_cobot/install/mybuddy:/home/robotics/ros2_cobot/install/myarm_300:/home/robotics/ros2_cobot/install/mecharm_pi:/home/robotics/ros2_cobot/install/mecharm:/home/robotics/ros2_cobot/install/mecharm_interfaces:/opt/ros/humble PYTHONPATH=/home/robotics/ros2_cobot/build/mycobot_280_moveit2_control/prefix_override:/usr/lib/python3/dist-packages/colcon_core/task/python/colcon_distutils_commands:/home/robotics/ros2_cobot/install/mycobot_280_moveit2_control/lib/python3.10/site-packages:/home/robotics/ros2_cobot/install/mycobot_description/lib/python3.10/site-packages:/home/robotics/ros2_cobot/install/ultraarm/lib/python3.10/site-packages:/home/robotics/ros2_cobot/install/traj_scripts/local/lib/python3.10/dist-packages:/home/robotics/ros2_cobot/install/mypalletizer_communication/lib/python3.10/site-packages:/home/robotics/ros2_cobot/install/mypalletizer_interfaces/local/lib/python3.10/dist-packages:/home/robotics/ros2_cobot/install/mypalletizer_260_pi/lib/python3.10/site-packages:/home/robotics/ros2_cobot/install/mypalletizer_260/lib/python3.10/site-packages:/home/robotics/ros2_cobot/install/myarm_m750/lib/python3.10/site-packages:/home/robotics/ros2_cobot/install/myarm_c650/lib/python3.10/site-packages:/home/robotics/ros2_cobot/install/mycobot_communication/lib/python3.10/site-packages:/home/robotics/ros2_cobot/install/mecharm_communication/lib/python3.10/site-packages:/home/robotics/ros2_cobot/install/mycobot_interfaces/local/lib/python3.10/dist-packages:/home/robotics/ros2_cobot/install/mycobot_630/lib/python3.10/site-packages:/home/robotics/ros2_cobot/install/mycobot_600/lib/python3.10/site-packages:/home/robotics/ros2_cobot/install/mycobot_320pi/lib/python3.10/site-packages:/home/robotics/ros2_cobot/install/mycobot_320_riscv/lib/python3.10/site-packages:/home/robotics/ros2_cobot/install/mycobot_320/lib/python3.10/site-packages:/home/robotics/ros2_cobot/install/mycobot_280pi/lib/python3.10/site-packages:/home/robotics/ros2_cobot/install/mycobot_280jn/lib/python3.10/site-packages:/home/robotics/ros2_cobot/install/mycobot_280_x3pi/lib/python3.10/site-packages:/home/robotics/ros2_cobot/install/mycobot_280_riscv/lib/python3.10/site-packages:/home/robotics/ros2_cobot/install/mycobot_280_rdkx5/lib/python3.10/site-packages:/home/robotics/ros2_cobot/install/mycobot_280_moveit2_control/lib/python3.10/site-packages:/home/robotics/ros2_cobot/install/mycobot_280_arduino/lib/python3.10/site-packages:/home/robotics/ros2_cobot/install/mycobot_280/lib/python3.10/site-packages:/home/robotics/ros2_cobot/install/mybuddy/lib/python3.10/site-packages:/home/robotics/ros2_cobot/install/myarm_300/lib/python3.10/site-packages:/home/robotics/ros2_cobot/install/mecharm_pi/lib/python3.10/site-packages:/home/robotics/ros2_cobot/install/mecharm/lib/python3.10/site-packages:/home/robotics/ros2_cobot/install/mecharm_interfaces/local/lib/python3.10/dist-packages:/opt/ros/humble/lib/python3.10/site-packages:/opt/ros/humble/local/lib/python3.10/dist-packages /usr/bin/python3 -W ignore:setup.py install is deprecated -W ignore:easy_install command is deprecated setup.py egg_info --egg-base ../../../../build/mycobot_280_moveit2_control build --build-base /home/robotics/ros2_cobot/build/mycobot_280_moveit2_control/build install --record /home/robotics/ros2_cobot/build/mycobot_280_moveit2_control/install.log --single-version-externally-managed install_data
[6.169s] DEBUG:colcon.colcon_core.event_handler.log_command:Invoking command in '/home/robotics/ros2_cobot/src/mycobot_ros2/mycobot_280/mycobot_280': AMENT_PREFIX_PATH=/home/robotics/ros2_cobot/install/mycobot_description:/home/robotics/ros2_cobot/install/ultraarm:/home/robotics/ros2_cobot/install/traj_scripts:/home/robotics/ros2_cobot/install/mypalletizer_communication:/home/robotics/ros2_cobot/install/mypalletizer_interfaces:/home/robotics/ros2_cobot/install/mypalletizer_260_pi:/home/robotics/ros2_cobot/install/mypalletizer_260:/home/robotics/ros2_cobot/install/myarm_m750:/home/robotics/ros2_cobot/install/myarm_c650:/home/robotics/ros2_cobot/install/mycobot_communication:/home/robotics/ros2_cobot/install/mecharm_communication:/home/robotics/ros2_cobot/install/mycobot_interfaces:/home/robotics/ros2_cobot/install/mycobot_630:/home/robotics/ros2_cobot/install/mycobot_600:/home/robotics/ros2_cobot/install/mycobot_320pi:/home/robotics/ros2_cobot/install/mycobot_320_riscv:/home/robotics/ros2_cobot/install/mycobot_320:/home/robotics/ros2_cobot/install/mycobot_280rdkx5_moveit2:/home/robotics/ros2_cobot/install/mycobot_280pi:/home/robotics/ros2_cobot/install/mycobot_280jn:/home/robotics/ros2_cobot/install/mycobot_280arduino_moveit2:/home/robotics/ros2_cobot/install/mycobot_280_x3pi:/home/robotics/ros2_cobot/install/mycobot_280_riscv:/home/robotics/ros2_cobot/install/mycobot_280_rdkx5:/home/robotics/ros2_cobot/install/mycobot_280_moveit2_control:/home/robotics/ros2_cobot/install/mycobot_280_moveit2:/home/robotics/ros2_cobot/install/mycobot_280_arduino:/home/robotics/ros2_cobot/install/mycobot_280:/home/robotics/ros2_cobot/install/mybuddy:/home/robotics/ros2_cobot/install/myarm_300:/home/robotics/ros2_cobot/install/mecharm_pi:/home/robotics/ros2_cobot/install/mecharm:/home/robotics/ros2_cobot/install/mecharm_interfaces:/opt/ros/humble PYTHONPATH=/home/robotics/ros2_cobot/build/mycobot_280/prefix_override:/usr/lib/python3/dist-packages/colcon_core/task/python/colcon_distutils_commands:/home/robotics/ros2_cobot/install/mycobot_280/lib/python3.10/site-packages:/home/robotics/ros2_cobot/install/mycobot_description/lib/python3.10/site-packages:/home/robotics/ros2_cobot/install/ultraarm/lib/python3.10/site-packages:/home/robotics/ros2_cobot/install/traj_scripts/local/lib/python3.10/dist-packages:/home/robotics/ros2_cobot/install/mypalletizer_communication/lib/python3.10/site-packages:/home/robotics/ros2_cobot/install/mypalletizer_interfaces/local/lib/python3.10/dist-packages:/home/robotics/ros2_cobot/install/mypalletizer_260_pi/lib/python3.10/site-packages:/home/robotics/ros2_cobot/install/mypalletizer_260/lib/python3.10/site-packages:/home/robotics/ros2_cobot/install/myarm_m750/lib/python3.10/site-packages:/home/robotics/ros2_cobot/install/myarm_c650/lib/python3.10/site-packages:/home/robotics/ros2_cobot/install/mycobot_communication/lib/python3.10/site-packages:/home/robotics/ros2_cobot/install/mecharm_communication/lib/python3.10/site-packages:/home/robotics/ros2_cobot/install/mycobot_interfaces/local/lib/python3.10/dist-packages:/home/robotics/ros2_cobot/install/mycobot_630/lib/python3.10/site-packages:/home/robotics/ros2_cobot/install/mycobot_600/lib/python3.10/site-packages:/home/robotics/ros2_cobot/install/mycobot_320pi/lib/python3.10/site-packages:/home/robotics/ros2_cobot/install/mycobot_320_riscv/lib/python3.10/site-packages:/home/robotics/ros2_cobot/install/mycobot_320/lib/python3.10/site-packages:/home/robotics/ros2_cobot/install/mycobot_280pi/lib/python3.10/site-packages:/home/robotics/ros2_cobot/install/mycobot_280jn/lib/python3.10/site-packages:/home/robotics/ros2_cobot/install/mycobot_280_x3pi/lib/python3.10/site-packages:/home/robotics/ros2_cobot/install/mycobot_280_riscv/lib/python3.10/site-packages:/home/robotics/ros2_cobot/install/mycobot_280_rdkx5/lib/python3.10/site-packages:/home/robotics/ros2_cobot/install/mycobot_280_moveit2_control/lib/python3.10/site-packages:/home/robotics/ros2_cobot/install/mycobot_280_arduino/lib/python3.10/site-packages:/home/robotics/ros2_cobot/install/mycobot_280/lib/python3.10/site-packages:/home/robotics/ros2_cobot/install/mybuddy/lib/python3.10/site-packages:/home/robotics/ros2_cobot/install/myarm_300/lib/python3.10/site-packages:/home/robotics/ros2_cobot/install/mecharm_pi/lib/python3.10/site-packages:/home/robotics/ros2_cobot/install/mecharm/lib/python3.10/site-packages:/home/robotics/ros2_cobot/install/mecharm_interfaces/local/lib/python3.10/dist-packages:/opt/ros/humble/lib/python3.10/site-packages:/opt/ros/humble/local/lib/python3.10/dist-packages /usr/bin/python3 -W ignore:setup.py install is deprecated -W ignore:easy_install command is deprecated setup.py egg_info --egg-base ../../../../build/mycobot_280 build --build-base /home/robotics/ros2_cobot/build/mycobot_280/build install --record /home/robotics/ros2_cobot/build/mycobot_280/install.log --single-version-externally-managed install_data
[6.172s] DEBUG:colcon.colcon_core.event_handler.log_command:Invoking command in '/home/robotics/ros2_cobot/src/mycobot_ros2/mycobot_280/mycobot_280jn': AMENT_PREFIX_PATH=/home/robotics/ros2_cobot/install/mycobot_description:/home/robotics/ros2_cobot/install/ultraarm:/home/robotics/ros2_cobot/install/traj_scripts:/home/robotics/ros2_cobot/install/mypalletizer_communication:/home/robotics/ros2_cobot/install/mypalletizer_interfaces:/home/robotics/ros2_cobot/install/mypalletizer_260_pi:/home/robotics/ros2_cobot/install/mypalletizer_260:/home/robotics/ros2_cobot/install/myarm_m750:/home/robotics/ros2_cobot/install/myarm_c650:/home/robotics/ros2_cobot/install/mycobot_communication:/home/robotics/ros2_cobot/install/mecharm_communication:/home/robotics/ros2_cobot/install/mycobot_interfaces:/home/robotics/ros2_cobot/install/mycobot_630:/home/robotics/ros2_cobot/install/mycobot_600:/home/robotics/ros2_cobot/install/mycobot_320pi:/home/robotics/ros2_cobot/install/mycobot_320_riscv:/home/robotics/ros2_cobot/install/mycobot_320:/home/robotics/ros2_cobot/install/mycobot_280rdkx5_moveit2:/home/robotics/ros2_cobot/install/mycobot_280pi:/home/robotics/ros2_cobot/install/mycobot_280jn:/home/robotics/ros2_cobot/install/mycobot_280arduino_moveit2:/home/robotics/ros2_cobot/install/mycobot_280_x3pi:/home/robotics/ros2_cobot/install/mycobot_280_riscv:/home/robotics/ros2_cobot/install/mycobot_280_rdkx5:/home/robotics/ros2_cobot/install/mycobot_280_moveit2_control:/home/robotics/ros2_cobot/install/mycobot_280_moveit2:/home/robotics/ros2_cobot/install/mycobot_280_arduino:/home/robotics/ros2_cobot/install/mycobot_280:/home/robotics/ros2_cobot/install/mybuddy:/home/robotics/ros2_cobot/install/myarm_300:/home/robotics/ros2_cobot/install/mecharm_pi:/home/robotics/ros2_cobot/install/mecharm:/home/robotics/ros2_cobot/install/mecharm_interfaces:/opt/ros/humble PYTHONPATH=/home/robotics/ros2_cobot/build/mycobot_280jn/prefix_override:/usr/lib/python3/dist-packages/colcon_core/task/python/colcon_distutils_commands:/home/robotics/ros2_cobot/install/mycobot_280jn/lib/python3.10/site-packages:/home/robotics/ros2_cobot/install/mycobot_description/lib/python3.10/site-packages:/home/robotics/ros2_cobot/install/ultraarm/lib/python3.10/site-packages:/home/robotics/ros2_cobot/install/traj_scripts/local/lib/python3.10/dist-packages:/home/robotics/ros2_cobot/install/mypalletizer_communication/lib/python3.10/site-packages:/home/robotics/ros2_cobot/install/mypalletizer_interfaces/local/lib/python3.10/dist-packages:/home/robotics/ros2_cobot/install/mypalletizer_260_pi/lib/python3.10/site-packages:/home/robotics/ros2_cobot/install/mypalletizer_260/lib/python3.10/site-packages:/home/robotics/ros2_cobot/install/myarm_m750/lib/python3.10/site-packages:/home/robotics/ros2_cobot/install/myarm_c650/lib/python3.10/site-packages:/home/robotics/ros2_cobot/install/mycobot_communication/lib/python3.10/site-packages:/home/robotics/ros2_cobot/install/mecharm_communication/lib/python3.10/site-packages:/home/robotics/ros2_cobot/install/mycobot_interfaces/local/lib/python3.10/dist-packages:/home/robotics/ros2_cobot/install/mycobot_630/lib/python3.10/site-packages:/home/robotics/ros2_cobot/install/mycobot_600/lib/python3.10/site-packages:/home/robotics/ros2_cobot/install/mycobot_320pi/lib/python3.10/site-packages:/home/robotics/ros2_cobot/install/mycobot_320_riscv/lib/python3.10/site-packages:/home/robotics/ros2_cobot/install/mycobot_320/lib/python3.10/site-packages:/home/robotics/ros2_cobot/install/mycobot_280pi/lib/python3.10/site-packages:/home/robotics/ros2_cobot/install/mycobot_280jn/lib/python3.10/site-packages:/home/robotics/ros2_cobot/install/mycobot_280_x3pi/lib/python3.10/site-packages:/home/robotics/ros2_cobot/install/mycobot_280_riscv/lib/python3.10/site-packages:/home/robotics/ros2_cobot/install/mycobot_280_rdkx5/lib/python3.10/site-packages:/home/robotics/ros2_cobot/install/mycobot_280_moveit2_control/lib/python3.10/site-packages:/home/robotics/ros2_cobot/install/mycobot_280_arduino/lib/python3.10/site-packages:/home/robotics/ros2_cobot/install/mycobot_280/lib/python3.10/site-packages:/home/robotics/ros2_cobot/install/mybuddy/lib/python3.10/site-packages:/home/robotics/ros2_cobot/install/myarm_300/lib/python3.10/site-packages:/home/robotics/ros2_cobot/install/mecharm_pi/lib/python3.10/site-packages:/home/robotics/ros2_cobot/install/mecharm/lib/python3.10/site-packages:/home/robotics/ros2_cobot/install/mecharm_interfaces/local/lib/python3.10/dist-packages:/opt/ros/humble/lib/python3.10/site-packages:/opt/ros/humble/local/lib/python3.10/dist-packages /usr/bin/python3 -W ignore:setup.py install is deprecated -W ignore:easy_install command is deprecated setup.py egg_info --egg-base ../../../../build/mycobot_280jn build --build-base /home/robotics/ros2_cobot/build/mycobot_280jn/build install --record /home/robotics/ros2_cobot/build/mycobot_280jn/install.log --single-version-externally-managed install_data
[6.174s] DEBUG:colcon.colcon_core.event_handler.log_command:Invoking command in '/home/robotics/ros2_cobot/src/mycobot_ros2/mycobot_280/mycobot_280_arduino': AMENT_PREFIX_PATH=/home/robotics/ros2_cobot/install/mycobot_description:/home/robotics/ros2_cobot/install/ultraarm:/home/robotics/ros2_cobot/install/traj_scripts:/home/robotics/ros2_cobot/install/mypalletizer_communication:/home/robotics/ros2_cobot/install/mypalletizer_interfaces:/home/robotics/ros2_cobot/install/mypalletizer_260_pi:/home/robotics/ros2_cobot/install/mypalletizer_260:/home/robotics/ros2_cobot/install/myarm_m750:/home/robotics/ros2_cobot/install/myarm_c650:/home/robotics/ros2_cobot/install/mycobot_communication:/home/robotics/ros2_cobot/install/mecharm_communication:/home/robotics/ros2_cobot/install/mycobot_interfaces:/home/robotics/ros2_cobot/install/mycobot_630:/home/robotics/ros2_cobot/install/mycobot_600:/home/robotics/ros2_cobot/install/mycobot_320pi:/home/robotics/ros2_cobot/install/mycobot_320_riscv:/home/robotics/ros2_cobot/install/mycobot_320:/home/robotics/ros2_cobot/install/mycobot_280rdkx5_moveit2:/home/robotics/ros2_cobot/install/mycobot_280pi:/home/robotics/ros2_cobot/install/mycobot_280jn:/home/robotics/ros2_cobot/install/mycobot_280arduino_moveit2:/home/robotics/ros2_cobot/install/mycobot_280_x3pi:/home/robotics/ros2_cobot/install/mycobot_280_riscv:/home/robotics/ros2_cobot/install/mycobot_280_rdkx5:/home/robotics/ros2_cobot/install/mycobot_280_moveit2_control:/home/robotics/ros2_cobot/install/mycobot_280_moveit2:/home/robotics/ros2_cobot/install/mycobot_280_arduino:/home/robotics/ros2_cobot/install/mycobot_280:/home/robotics/ros2_cobot/install/mybuddy:/home/robotics/ros2_cobot/install/myarm_300:/home/robotics/ros2_cobot/install/mecharm_pi:/home/robotics/ros2_cobot/install/mecharm:/home/robotics/ros2_cobot/install/mecharm_interfaces:/opt/ros/humble PYTHONPATH=/home/robotics/ros2_cobot/build/mycobot_280_arduino/prefix_override:/usr/lib/python3/dist-packages/colcon_core/task/python/colcon_distutils_commands:/home/robotics/ros2_cobot/install/mycobot_280_arduino/lib/python3.10/site-packages:/home/robotics/ros2_cobot/install/mycobot_description/lib/python3.10/site-packages:/home/robotics/ros2_cobot/install/ultraarm/lib/python3.10/site-packages:/home/robotics/ros2_cobot/install/traj_scripts/local/lib/python3.10/dist-packages:/home/robotics/ros2_cobot/install/mypalletizer_communication/lib/python3.10/site-packages:/home/robotics/ros2_cobot/install/mypalletizer_interfaces/local/lib/python3.10/dist-packages:/home/robotics/ros2_cobot/install/mypalletizer_260_pi/lib/python3.10/site-packages:/home/robotics/ros2_cobot/install/mypalletizer_260/lib/python3.10/site-packages:/home/robotics/ros2_cobot/install/myarm_m750/lib/python3.10/site-packages:/home/robotics/ros2_cobot/install/myarm_c650/lib/python3.10/site-packages:/home/robotics/ros2_cobot/install/mycobot_communication/lib/python3.10/site-packages:/home/robotics/ros2_cobot/install/mecharm_communication/lib/python3.10/site-packages:/home/robotics/ros2_cobot/install/mycobot_interfaces/local/lib/python3.10/dist-packages:/home/robotics/ros2_cobot/install/mycobot_630/lib/python3.10/site-packages:/home/robotics/ros2_cobot/install/mycobot_600/lib/python3.10/site-packages:/home/robotics/ros2_cobot/install/mycobot_320pi/lib/python3.10/site-packages:/home/robotics/ros2_cobot/install/mycobot_320_riscv/lib/python3.10/site-packages:/home/robotics/ros2_cobot/install/mycobot_320/lib/python3.10/site-packages:/home/robotics/ros2_cobot/install/mycobot_280pi/lib/python3.10/site-packages:/home/robotics/ros2_cobot/install/mycobot_280jn/lib/python3.10/site-packages:/home/robotics/ros2_cobot/install/mycobot_280_x3pi/lib/python3.10/site-packages:/home/robotics/ros2_cobot/install/mycobot_280_riscv/lib/python3.10/site-packages:/home/robotics/ros2_cobot/install/mycobot_280_rdkx5/lib/python3.10/site-packages:/home/robotics/ros2_cobot/install/mycobot_280_moveit2_control/lib/python3.10/site-packages:/home/robotics/ros2_cobot/install/mycobot_280_arduino/lib/python3.10/site-packages:/home/robotics/ros2_cobot/install/mycobot_280/lib/python3.10/site-packages:/home/robotics/ros2_cobot/install/mybuddy/lib/python3.10/site-packages:/home/robotics/ros2_cobot/install/myarm_300/lib/python3.10/site-packages:/home/robotics/ros2_cobot/install/mecharm_pi/lib/python3.10/site-packages:/home/robotics/ros2_cobot/install/mecharm/lib/python3.10/site-packages:/home/robotics/ros2_cobot/install/mecharm_interfaces/local/lib/python3.10/dist-packages:/opt/ros/humble/lib/python3.10/site-packages:/opt/ros/humble/local/lib/python3.10/dist-packages /usr/bin/python3 -W ignore:setup.py install is deprecated -W ignore:easy_install command is deprecated setup.py egg_info --egg-base ../../../../build/mycobot_280_arduino build --build-base /home/robotics/ros2_cobot/build/mycobot_280_arduino/build install --record /home/robotics/ros2_cobot/build/mycobot_280_arduino/install.log --single-version-externally-managed install_data
[6.557s] INFO:colcon.colcon_core.task.python.build:Building Python package in '/home/robotics/ros2_cobot/src/mycobot_ros2/mycobot_320/mycobot_320'
[6.557s] INFO:colcon.colcon_core.shell:Skip shell extension 'powershell' for command environment: Not usable outside of PowerShell
[6.557s] DEBUG:colcon.colcon_core.shell:Skip shell extension 'dsv' for command environment
[6.575s] DEBUG:colcon.colcon_core.event_handler.log_command:Invoking command in '/home/robotics/ros2_cobot/src/mycobot_ros2/mycobot_280/mycobot_280_riscv': AMENT_PREFIX_PATH=/home/robotics/ros2_cobot/install/mycobot_description:/home/robotics/ros2_cobot/install/ultraarm:/home/robotics/ros2_cobot/install/traj_scripts:/home/robotics/ros2_cobot/install/mypalletizer_communication:/home/robotics/ros2_cobot/install/mypalletizer_interfaces:/home/robotics/ros2_cobot/install/mypalletizer_260_pi:/home/robotics/ros2_cobot/install/mypalletizer_260:/home/robotics/ros2_cobot/install/myarm_m750:/home/robotics/ros2_cobot/install/myarm_c650:/home/robotics/ros2_cobot/install/mycobot_communication:/home/robotics/ros2_cobot/install/mecharm_communication:/home/robotics/ros2_cobot/install/mycobot_interfaces:/home/robotics/ros2_cobot/install/mycobot_630:/home/robotics/ros2_cobot/install/mycobot_600:/home/robotics/ros2_cobot/install/mycobot_320pi:/home/robotics/ros2_cobot/install/mycobot_320_riscv:/home/robotics/ros2_cobot/install/mycobot_320:/home/robotics/ros2_cobot/install/mycobot_280rdkx5_moveit2:/home/robotics/ros2_cobot/install/mycobot_280pi:/home/robotics/ros2_cobot/install/mycobot_280jn:/home/robotics/ros2_cobot/install/mycobot_280arduino_moveit2:/home/robotics/ros2_cobot/install/mycobot_280_x3pi:/home/robotics/ros2_cobot/install/mycobot_280_riscv:/home/robotics/ros2_cobot/install/mycobot_280_rdkx5:/home/robotics/ros2_cobot/install/mycobot_280_moveit2_control:/home/robotics/ros2_cobot/install/mycobot_280_moveit2:/home/robotics/ros2_cobot/install/mycobot_280_arduino:/home/robotics/ros2_cobot/install/mycobot_280:/home/robotics/ros2_cobot/install/mybuddy:/home/robotics/ros2_cobot/install/myarm_300:/home/robotics/ros2_cobot/install/mecharm_pi:/home/robotics/ros2_cobot/install/mecharm:/home/robotics/ros2_cobot/install/mecharm_interfaces:/opt/ros/humble PYTHONPATH=/home/robotics/ros2_cobot/build/mycobot_280_riscv/prefix_override:/usr/lib/python3/dist-packages/colcon_core/task/python/colcon_distutils_commands:/home/robotics/ros2_cobot/install/mycobot_280_riscv/lib/python3.10/site-packages:/home/robotics/ros2_cobot/install/mycobot_description/lib/python3.10/site-packages:/home/robotics/ros2_cobot/install/ultraarm/lib/python3.10/site-packages:/home/robotics/ros2_cobot/install/traj_scripts/local/lib/python3.10/dist-packages:/home/robotics/ros2_cobot/install/mypalletizer_communication/lib/python3.10/site-packages:/home/robotics/ros2_cobot/install/mypalletizer_interfaces/local/lib/python3.10/dist-packages:/home/robotics/ros2_cobot/install/mypalletizer_260_pi/lib/python3.10/site-packages:/home/robotics/ros2_cobot/install/mypalletizer_260/lib/python3.10/site-packages:/home/robotics/ros2_cobot/install/myarm_m750/lib/python3.10/site-packages:/home/robotics/ros2_cobot/install/myarm_c650/lib/python3.10/site-packages:/home/robotics/ros2_cobot/install/mycobot_communication/lib/python3.10/site-packages:/home/robotics/ros2_cobot/install/mecharm_communication/lib/python3.10/site-packages:/home/robotics/ros2_cobot/install/mycobot_interfaces/local/lib/python3.10/dist-packages:/home/robotics/ros2_cobot/install/mycobot_630/lib/python3.10/site-packages:/home/robotics/ros2_cobot/install/mycobot_600/lib/python3.10/site-packages:/home/robotics/ros2_cobot/install/mycobot_320pi/lib/python3.10/site-packages:/home/robotics/ros2_cobot/install/mycobot_320_riscv/lib/python3.10/site-packages:/home/robotics/ros2_cobot/install/mycobot_320/lib/python3.10/site-packages:/home/robotics/ros2_cobot/install/mycobot_280pi/lib/python3.10/site-packages:/home/robotics/ros2_cobot/install/mycobot_280jn/lib/python3.10/site-packages:/home/robotics/ros2_cobot/install/mycobot_280_x3pi/lib/python3.10/site-packages:/home/robotics/ros2_cobot/install/mycobot_280_riscv/lib/python3.10/site-packages:/home/robotics/ros2_cobot/install/mycobot_280_rdkx5/lib/python3.10/site-packages:/home/robotics/ros2_cobot/install/mycobot_280_moveit2_control/lib/python3.10/site-packages:/home/robotics/ros2_cobot/install/mycobot_280_arduino/lib/python3.10/site-packages:/home/robotics/ros2_cobot/install/mycobot_280/lib/python3.10/site-packages:/home/robotics/ros2_cobot/install/mybuddy/lib/python3.10/site-packages:/home/robotics/ros2_cobot/install/myarm_300/lib/python3.10/site-packages:/home/robotics/ros2_cobot/install/mecharm_pi/lib/python3.10/site-packages:/home/robotics/ros2_cobot/install/mecharm/lib/python3.10/site-packages:/home/robotics/ros2_cobot/install/mecharm_interfaces/local/lib/python3.10/dist-packages:/opt/ros/humble/lib/python3.10/site-packages:/opt/ros/humble/local/lib/python3.10/dist-packages /usr/bin/python3 -W ignore:setup.py install is deprecated -W ignore:easy_install command is deprecated setup.py egg_info --egg-base ../../../../build/mycobot_280_riscv build --build-base /home/robotics/ros2_cobot/build/mycobot_280_riscv/build install --record /home/robotics/ros2_cobot/build/mycobot_280_riscv/install.log --single-version-externally-managed install_data
[6.578s] DEBUG:colcon.colcon_core.event_handler.log_command:Invoking command in '/home/robotics/ros2_cobot/src/mycobot_ros2/mecharm/mecharm': AMENT_PREFIX_PATH=/home/robotics/ros2_cobot/install/mycobot_description:/home/robotics/ros2_cobot/install/ultraarm:/home/robotics/ros2_cobot/install/traj_scripts:/home/robotics/ros2_cobot/install/mypalletizer_communication:/home/robotics/ros2_cobot/install/mypalletizer_interfaces:/home/robotics/ros2_cobot/install/mypalletizer_260_pi:/home/robotics/ros2_cobot/install/mypalletizer_260:/home/robotics/ros2_cobot/install/myarm_m750:/home/robotics/ros2_cobot/install/myarm_c650:/home/robotics/ros2_cobot/install/mycobot_communication:/home/robotics/ros2_cobot/install/mecharm_communication:/home/robotics/ros2_cobot/install/mycobot_interfaces:/home/robotics/ros2_cobot/install/mycobot_630:/home/robotics/ros2_cobot/install/mycobot_600:/home/robotics/ros2_cobot/install/mycobot_320pi:/home/robotics/ros2_cobot/install/mycobot_320_riscv:/home/robotics/ros2_cobot/install/mycobot_320:/home/robotics/ros2_cobot/install/mycobot_280rdkx5_moveit2:/home/robotics/ros2_cobot/install/mycobot_280pi:/home/robotics/ros2_cobot/install/mycobot_280jn:/home/robotics/ros2_cobot/install/mycobot_280arduino_moveit2:/home/robotics/ros2_cobot/install/mycobot_280_x3pi:/home/robotics/ros2_cobot/install/mycobot_280_riscv:/home/robotics/ros2_cobot/install/mycobot_280_rdkx5:/home/robotics/ros2_cobot/install/mycobot_280_moveit2_control:/home/robotics/ros2_cobot/install/mycobot_280_moveit2:/home/robotics/ros2_cobot/install/mycobot_280_arduino:/home/robotics/ros2_cobot/install/mycobot_280:/home/robotics/ros2_cobot/install/mybuddy:/home/robotics/ros2_cobot/install/myarm_300:/home/robotics/ros2_cobot/install/mecharm_pi:/home/robotics/ros2_cobot/install/mecharm:/home/robotics/ros2_cobot/install/mecharm_interfaces:/opt/ros/humble PYTHONPATH=/home/robotics/ros2_cobot/build/mecharm/prefix_override:/usr/lib/python3/dist-packages/colcon_core/task/python/colcon_distutils_commands:/home/robotics/ros2_cobot/install/mecharm/lib/python3.10/site-packages:/home/robotics/ros2_cobot/install/mycobot_description/lib/python3.10/site-packages:/home/robotics/ros2_cobot/install/ultraarm/lib/python3.10/site-packages:/home/robotics/ros2_cobot/install/traj_scripts/local/lib/python3.10/dist-packages:/home/robotics/ros2_cobot/install/mypalletizer_communication/lib/python3.10/site-packages:/home/robotics/ros2_cobot/install/mypalletizer_interfaces/local/lib/python3.10/dist-packages:/home/robotics/ros2_cobot/install/mypalletizer_260_pi/lib/python3.10/site-packages:/home/robotics/ros2_cobot/install/mypalletizer_260/lib/python3.10/site-packages:/home/robotics/ros2_cobot/install/myarm_m750/lib/python3.10/site-packages:/home/robotics/ros2_cobot/install/myarm_c650/lib/python3.10/site-packages:/home/robotics/ros2_cobot/install/mycobot_communication/lib/python3.10/site-packages:/home/robotics/ros2_cobot/install/mecharm_communication/lib/python3.10/site-packages:/home/robotics/ros2_cobot/install/mycobot_interfaces/local/lib/python3.10/dist-packages:/home/robotics/ros2_cobot/install/mycobot_630/lib/python3.10/site-packages:/home/robotics/ros2_cobot/install/mycobot_600/lib/python3.10/site-packages:/home/robotics/ros2_cobot/install/mycobot_320pi/lib/python3.10/site-packages:/home/robotics/ros2_cobot/install/mycobot_320_riscv/lib/python3.10/site-packages:/home/robotics/ros2_cobot/install/mycobot_320/lib/python3.10/site-packages:/home/robotics/ros2_cobot/install/mycobot_280pi/lib/python3.10/site-packages:/home/robotics/ros2_cobot/install/mycobot_280jn/lib/python3.10/site-packages:/home/robotics/ros2_cobot/install/mycobot_280_x3pi/lib/python3.10/site-packages:/home/robotics/ros2_cobot/install/mycobot_280_riscv/lib/python3.10/site-packages:/home/robotics/ros2_cobot/install/mycobot_280_rdkx5/lib/python3.10/site-packages:/home/robotics/ros2_cobot/install/mycobot_280_moveit2_control/lib/python3.10/site-packages:/home/robotics/ros2_cobot/install/mycobot_280_arduino/lib/python3.10/site-packages:/home/robotics/ros2_cobot/install/mycobot_280/lib/python3.10/site-packages:/home/robotics/ros2_cobot/install/mybuddy/lib/python3.10/site-packages:/home/robotics/ros2_cobot/install/myarm_300/lib/python3.10/site-packages:/home/robotics/ros2_cobot/install/mecharm_pi/lib/python3.10/site-packages:/home/robotics/ros2_cobot/install/mecharm/lib/python3.10/site-packages:/home/robotics/ros2_cobot/install/mecharm_interfaces/local/lib/python3.10/dist-packages:/opt/ros/humble/lib/python3.10/site-packages:/opt/ros/humble/local/lib/python3.10/dist-packages /usr/bin/python3 -W ignore:setup.py install is deprecated -W ignore:easy_install command is deprecated setup.py egg_info --egg-base ../../../../build/mecharm build --build-base /home/robotics/ros2_cobot/build/mecharm/build install --record /home/robotics/ros2_cobot/build/mecharm/install.log --single-version-externally-managed install_data
[6.584s] DEBUG:colcon.colcon_core.event_handler.log_command:Invoking command in '/home/robotics/ros2_cobot/src/mycobot_ros2/mycobot_280/mycobot_280_x3pi': AMENT_PREFIX_PATH=/home/robotics/ros2_cobot/install/mycobot_description:/home/robotics/ros2_cobot/install/ultraarm:/home/robotics/ros2_cobot/install/traj_scripts:/home/robotics/ros2_cobot/install/mypalletizer_communication:/home/robotics/ros2_cobot/install/mypalletizer_interfaces:/home/robotics/ros2_cobot/install/mypalletizer_260_pi:/home/robotics/ros2_cobot/install/mypalletizer_260:/home/robotics/ros2_cobot/install/myarm_m750:/home/robotics/ros2_cobot/install/myarm_c650:/home/robotics/ros2_cobot/install/mycobot_communication:/home/robotics/ros2_cobot/install/mecharm_communication:/home/robotics/ros2_cobot/install/mycobot_interfaces:/home/robotics/ros2_cobot/install/mycobot_630:/home/robotics/ros2_cobot/install/mycobot_600:/home/robotics/ros2_cobot/install/mycobot_320pi:/home/robotics/ros2_cobot/install/mycobot_320_riscv:/home/robotics/ros2_cobot/install/mycobot_320:/home/robotics/ros2_cobot/install/mycobot_280rdkx5_moveit2:/home/robotics/ros2_cobot/install/mycobot_280pi:/home/robotics/ros2_cobot/install/mycobot_280jn:/home/robotics/ros2_cobot/install/mycobot_280arduino_moveit2:/home/robotics/ros2_cobot/install/mycobot_280_x3pi:/home/robotics/ros2_cobot/install/mycobot_280_riscv:/home/robotics/ros2_cobot/install/mycobot_280_rdkx5:/home/robotics/ros2_cobot/install/mycobot_280_moveit2_control:/home/robotics/ros2_cobot/install/mycobot_280_moveit2:/home/robotics/ros2_cobot/install/mycobot_280_arduino:/home/robotics/ros2_cobot/install/mycobot_280:/home/robotics/ros2_cobot/install/mybuddy:/home/robotics/ros2_cobot/install/myarm_300:/home/robotics/ros2_cobot/install/mecharm_pi:/home/robotics/ros2_cobot/install/mecharm:/home/robotics/ros2_cobot/install/mecharm_interfaces:/opt/ros/humble PYTHONPATH=/home/robotics/ros2_cobot/build/mycobot_280_x3pi/prefix_override:/usr/lib/python3/dist-packages/colcon_core/task/python/colcon_distutils_commands:/home/robotics/ros2_cobot/install/mycobot_280_x3pi/lib/python3.10/site-packages:/home/robotics/ros2_cobot/install/mycobot_description/lib/python3.10/site-packages:/home/robotics/ros2_cobot/install/ultraarm/lib/python3.10/site-packages:/home/robotics/ros2_cobot/install/traj_scripts/local/lib/python3.10/dist-packages:/home/robotics/ros2_cobot/install/mypalletizer_communication/lib/python3.10/site-packages:/home/robotics/ros2_cobot/install/mypalletizer_interfaces/local/lib/python3.10/dist-packages:/home/robotics/ros2_cobot/install/mypalletizer_260_pi/lib/python3.10/site-packages:/home/robotics/ros2_cobot/install/mypalletizer_260/lib/python3.10/site-packages:/home/robotics/ros2_cobot/install/myarm_m750/lib/python3.10/site-packages:/home/robotics/ros2_cobot/install/myarm_c650/lib/python3.10/site-packages:/home/robotics/ros2_cobot/install/mycobot_communication/lib/python3.10/site-packages:/home/robotics/ros2_cobot/install/mecharm_communication/lib/python3.10/site-packages:/home/robotics/ros2_cobot/install/mycobot_interfaces/local/lib/python3.10/dist-packages:/home/robotics/ros2_cobot/install/mycobot_630/lib/python3.10/site-packages:/home/robotics/ros2_cobot/install/mycobot_600/lib/python3.10/site-packages:/home/robotics/ros2_cobot/install/mycobot_320pi/lib/python3.10/site-packages:/home/robotics/ros2_cobot/install/mycobot_320_riscv/lib/python3.10/site-packages:/home/robotics/ros2_cobot/install/mycobot_320/lib/python3.10/site-packages:/home/robotics/ros2_cobot/install/mycobot_280pi/lib/python3.10/site-packages:/home/robotics/ros2_cobot/install/mycobot_280jn/lib/python3.10/site-packages:/home/robotics/ros2_cobot/install/mycobot_280_x3pi/lib/python3.10/site-packages:/home/robotics/ros2_cobot/install/mycobot_280_riscv/lib/python3.10/site-packages:/home/robotics/ros2_cobot/install/mycobot_280_rdkx5/lib/python3.10/site-packages:/home/robotics/ros2_cobot/install/mycobot_280_moveit2_control/lib/python3.10/site-packages:/home/robotics/ros2_cobot/install/mycobot_280_arduino/lib/python3.10/site-packages:/home/robotics/ros2_cobot/install/mycobot_280/lib/python3.10/site-packages:/home/robotics/ros2_cobot/install/mybuddy/lib/python3.10/site-packages:/home/robotics/ros2_cobot/install/myarm_300/lib/python3.10/site-packages:/home/robotics/ros2_cobot/install/mecharm_pi/lib/python3.10/site-packages:/home/robotics/ros2_cobot/install/mecharm/lib/python3.10/site-packages:/home/robotics/ros2_cobot/install/mecharm_interfaces/local/lib/python3.10/dist-packages:/opt/ros/humble/lib/python3.10/site-packages:/opt/ros/humble/local/lib/python3.10/dist-packages /usr/bin/python3 -W ignore:setup.py install is deprecated -W ignore:easy_install command is deprecated setup.py egg_info --egg-base ../../../../build/mycobot_280_x3pi build --build-base /home/robotics/ros2_cobot/build/mycobot_280_x3pi/build install --record /home/robotics/ros2_cobot/build/mycobot_280_x3pi/install.log --single-version-externally-managed install_data
[6.588s] DEBUG:colcon.colcon_core.event_handler.log_command:Invoked command in '/home/robotics/ros2_cobot/build/mycobot_280rdkx5_moveit2' returned '0': AMENT_PREFIX_PATH=/home/robotics/ros2_cobot/install/mycobot_description:/home/robotics/ros2_cobot/install/ultraarm:/home/robotics/ros2_cobot/install/traj_scripts:/home/robotics/ros2_cobot/install/mypalletizer_communication:/home/robotics/ros2_cobot/install/mypalletizer_interfaces:/home/robotics/ros2_cobot/install/mypalletizer_260_pi:/home/robotics/ros2_cobot/install/mypalletizer_260:/home/robotics/ros2_cobot/install/myarm_m750:/home/robotics/ros2_cobot/install/myarm_c650:/home/robotics/ros2_cobot/install/mycobot_communication:/home/robotics/ros2_cobot/install/mecharm_communication:/home/robotics/ros2_cobot/install/mycobot_interfaces:/home/robotics/ros2_cobot/install/mycobot_630:/home/robotics/ros2_cobot/install/mycobot_600:/home/robotics/ros2_cobot/install/mycobot_320pi:/home/robotics/ros2_cobot/install/mycobot_320_riscv:/home/robotics/ros2_cobot/install/mycobot_320:/home/robotics/ros2_cobot/install/mycobot_280rdkx5_moveit2:/home/robotics/ros2_cobot/install/mycobot_280pi:/home/robotics/ros2_cobot/install/mycobot_280jn:/home/robotics/ros2_cobot/install/mycobot_280arduino_moveit2:/home/robotics/ros2_cobot/install/mycobot_280_x3pi:/home/robotics/ros2_cobot/install/mycobot_280_riscv:/home/robotics/ros2_cobot/install/mycobot_280_rdkx5:/home/robotics/ros2_cobot/install/mycobot_280_moveit2_control:/home/robotics/ros2_cobot/install/mycobot_280_moveit2:/home/robotics/ros2_cobot/install/mycobot_280_arduino:/home/robotics/ros2_cobot/install/mycobot_280:/home/robotics/ros2_cobot/install/mybuddy:/home/robotics/ros2_cobot/install/myarm_300:/home/robotics/ros2_cobot/install/mecharm_pi:/home/robotics/ros2_cobot/install/mecharm:/home/robotics/ros2_cobot/install/mecharm_interfaces:/opt/ros/humble CMAKE_PREFIX_PATH=${CMAKE_PREFIX_PATH}:/home/robotics/ros2_cobot/install/ultraarm:/home/robotics/ros2_cobot/install/mypalletizer_communication:/home/robotics/ros2_cobot/install/mypalletizer_260_pi:/home/robotics/ros2_cobot/install/mypalletizer_260:/home/robotics/ros2_cobot/install/myarm_m750:/home/robotics/ros2_cobot/install/myarm_c650:/home/robotics/ros2_cobot/install/mycobot_communication:/home/robotics/ros2_cobot/install/mecharm_communication:/home/robotics/ros2_cobot/install/mycobot_630:/home/robotics/ros2_cobot/install/mycobot_600:/home/robotics/ros2_cobot/install/mycobot_320pi:/home/robotics/ros2_cobot/install/mycobot_320_riscv:/home/robotics/ros2_cobot/install/mycobot_320:/home/robotics/ros2_cobot/install/mycobot_280pi:/home/robotics/ros2_cobot/install/mycobot_280jn:/home/robotics/ros2_cobot/install/mycobot_280_x3pi:/home/robotics/ros2_cobot/install/mycobot_280_riscv:/home/robotics/ros2_cobot/install/mycobot_280_rdkx5:/home/robotics/ros2_cobot/install/mycobot_280_moveit2_control:/home/robotics/ros2_cobot/install/mycobot_280_arduino:/home/robotics/ros2_cobot/install/mycobot_280:/home/robotics/ros2_cobot/install/mybuddy:/home/robotics/ros2_cobot/install/myarm_300:/home/robotics/ros2_cobot/install/mecharm_pi:/home/robotics/ros2_cobot/install/mecharm:/home/robotics/ros2_cobot/install/mycobot_description:/opt/ros/humble PYTHONPATH=/home/robotics/ros2_cobot/install/mycobot_description/lib/python3.10/site-packages:/home/robotics/ros2_cobot/install/ultraarm/lib/python3.10/site-packages:/home/robotics/ros2_cobot/install/traj_scripts/local/lib/python3.10/dist-packages:/home/robotics/ros2_cobot/install/mypalletizer_communication/lib/python3.10/site-packages:/home/robotics/ros2_cobot/install/mypalletizer_interfaces/local/lib/python3.10/dist-packages:/home/robotics/ros2_cobot/install/mypalletizer_260_pi/lib/python3.10/site-packages:/home/robotics/ros2_cobot/install/mypalletizer_260/lib/python3.10/site-packages:/home/robotics/ros2_cobot/install/myarm_m750/lib/python3.10/site-packages:/home/robotics/ros2_cobot/install/myarm_c650/lib/python3.10/site-packages:/home/robotics/ros2_cobot/install/mycobot_communication/lib/python3.10/site-packages:/home/robotics/ros2_cobot/install/mecharm_communication/lib/python3.10/site-packages:/home/robotics/ros2_cobot/install/mycobot_interfaces/local/lib/python3.10/dist-packages:/home/robotics/ros2_cobot/install/mycobot_630/lib/python3.10/site-packages:/home/robotics/ros2_cobot/install/mycobot_600/lib/python3.10/site-packages:/home/robotics/ros2_cobot/install/mycobot_320pi/lib/python3.10/site-packages:/home/robotics/ros2_cobot/install/mycobot_320_riscv/lib/python3.10/site-packages:/home/robotics/ros2_cobot/install/mycobot_320/lib/python3.10/site-packages:/home/robotics/ros2_cobot/install/mycobot_280pi/lib/python3.10/site-packages:/home/robotics/ros2_cobot/install/mycobot_280jn/lib/python3.10/site-packages:/home/robotics/ros2_cobot/install/mycobot_280_x3pi/lib/python3.10/site-packages:/home/robotics/ros2_cobot/install/mycobot_280_riscv/lib/python3.10/site-packages:/home/robotics/ros2_cobot/install/mycobot_280_rdkx5/lib/python3.10/site-packages:/home/robotics/ros2_cobot/install/mycobot_280_moveit2_control/lib/python3.10/site-packages:/home/robotics/ros2_cobot/install/mycobot_280_arduino/lib/python3.10/site-packages:/home/robotics/ros2_cobot/install/mycobot_280/lib/python3.10/site-packages:/home/robotics/ros2_cobot/install/mybuddy/lib/python3.10/site-packages:/home/robotics/ros2_cobot/install/myarm_300/lib/python3.10/site-packages:/home/robotics/ros2_cobot/install/mecharm_pi/lib/python3.10/site-packages:/home/robotics/ros2_cobot/install/mecharm/lib/python3.10/site-packages:/home/robotics/ros2_cobot/install/mecharm_interfaces/local/lib/python3.10/dist-packages:/opt/ros/humble/lib/python3.10/site-packages:/opt/ros/humble/local/lib/python3.10/dist-packages /usr/bin/cmake --build /home/robotics/ros2_cobot/build/mycobot_280rdkx5_moveit2 -- -j16 -l16
[6.590s] DEBUG:colcon.colcon_core.event_handler.log_command:Invoking command in '/home/robotics/ros2_cobot/build/mycobot_280rdkx5_moveit2': AMENT_PREFIX_PATH=/home/robotics/ros2_cobot/install/mycobot_description:/home/robotics/ros2_cobot/install/ultraarm:/home/robotics/ros2_cobot/install/traj_scripts:/home/robotics/ros2_cobot/install/mypalletizer_communication:/home/robotics/ros2_cobot/install/mypalletizer_interfaces:/home/robotics/ros2_cobot/install/mypalletizer_260_pi:/home/robotics/ros2_cobot/install/mypalletizer_260:/home/robotics/ros2_cobot/install/myarm_m750:/home/robotics/ros2_cobot/install/myarm_c650:/home/robotics/ros2_cobot/install/mycobot_communication:/home/robotics/ros2_cobot/install/mecharm_communication:/home/robotics/ros2_cobot/install/mycobot_interfaces:/home/robotics/ros2_cobot/install/mycobot_630:/home/robotics/ros2_cobot/install/mycobot_600:/home/robotics/ros2_cobot/install/mycobot_320pi:/home/robotics/ros2_cobot/install/mycobot_320_riscv:/home/robotics/ros2_cobot/install/mycobot_320:/home/robotics/ros2_cobot/install/mycobot_280rdkx5_moveit2:/home/robotics/ros2_cobot/install/mycobot_280pi:/home/robotics/ros2_cobot/install/mycobot_280jn:/home/robotics/ros2_cobot/install/mycobot_280arduino_moveit2:/home/robotics/ros2_cobot/install/mycobot_280_x3pi:/home/robotics/ros2_cobot/install/mycobot_280_riscv:/home/robotics/ros2_cobot/install/mycobot_280_rdkx5:/home/robotics/ros2_cobot/install/mycobot_280_moveit2_control:/home/robotics/ros2_cobot/install/mycobot_280_moveit2:/home/robotics/ros2_cobot/install/mycobot_280_arduino:/home/robotics/ros2_cobot/install/mycobot_280:/home/robotics/ros2_cobot/install/mybuddy:/home/robotics/ros2_cobot/install/myarm_300:/home/robotics/ros2_cobot/install/mecharm_pi:/home/robotics/ros2_cobot/install/mecharm:/home/robotics/ros2_cobot/install/mecharm_interfaces:/opt/ros/humble CMAKE_PREFIX_PATH=${CMAKE_PREFIX_PATH}:/home/robotics/ros2_cobot/install/ultraarm:/home/robotics/ros2_cobot/install/mypalletizer_communication:/home/robotics/ros2_cobot/install/mypalletizer_260_pi:/home/robotics/ros2_cobot/install/mypalletizer_260:/home/robotics/ros2_cobot/install/myarm_m750:/home/robotics/ros2_cobot/install/myarm_c650:/home/robotics/ros2_cobot/install/mycobot_communication:/home/robotics/ros2_cobot/install/mecharm_communication:/home/robotics/ros2_cobot/install/mycobot_630:/home/robotics/ros2_cobot/install/mycobot_600:/home/robotics/ros2_cobot/install/mycobot_320pi:/home/robotics/ros2_cobot/install/mycobot_320_riscv:/home/robotics/ros2_cobot/install/mycobot_320:/home/robotics/ros2_cobot/install/mycobot_280pi:/home/robotics/ros2_cobot/install/mycobot_280jn:/home/robotics/ros2_cobot/install/mycobot_280_x3pi:/home/robotics/ros2_cobot/install/mycobot_280_riscv:/home/robotics/ros2_cobot/install/mycobot_280_rdkx5:/home/robotics/ros2_cobot/install/mycobot_280_moveit2_control:/home/robotics/ros2_cobot/install/mycobot_280_arduino:/home/robotics/ros2_cobot/install/mycobot_280:/home/robotics/ros2_cobot/install/mybuddy:/home/robotics/ros2_cobot/install/myarm_300:/home/robotics/ros2_cobot/install/mecharm_pi:/home/robotics/ros2_cobot/install/mecharm:/home/robotics/ros2_cobot/install/mycobot_description:/opt/ros/humble PYTHONPATH=/home/robotics/ros2_cobot/install/mycobot_description/lib/python3.10/site-packages:/home/robotics/ros2_cobot/install/ultraarm/lib/python3.10/site-packages:/home/robotics/ros2_cobot/install/traj_scripts/local/lib/python3.10/dist-packages:/home/robotics/ros2_cobot/install/mypalletizer_communication/lib/python3.10/site-packages:/home/robotics/ros2_cobot/install/mypalletizer_interfaces/local/lib/python3.10/dist-packages:/home/robotics/ros2_cobot/install/mypalletizer_260_pi/lib/python3.10/site-packages:/home/robotics/ros2_cobot/install/mypalletizer_260/lib/python3.10/site-packages:/home/robotics/ros2_cobot/install/myarm_m750/lib/python3.10/site-packages:/home/robotics/ros2_cobot/install/myarm_c650/lib/python3.10/site-packages:/home/robotics/ros2_cobot/install/mycobot_communication/lib/python3.10/site-packages:/home/robotics/ros2_cobot/install/mecharm_communication/lib/python3.10/site-packages:/home/robotics/ros2_cobot/install/mycobot_interfaces/local/lib/python3.10/dist-packages:/home/robotics/ros2_cobot/install/mycobot_630/lib/python3.10/site-packages:/home/robotics/ros2_cobot/install/mycobot_600/lib/python3.10/site-packages:/home/robotics/ros2_cobot/install/mycobot_320pi/lib/python3.10/site-packages:/home/robotics/ros2_cobot/install/mycobot_320_riscv/lib/python3.10/site-packages:/home/robotics/ros2_cobot/install/mycobot_320/lib/python3.10/site-packages:/home/robotics/ros2_cobot/install/mycobot_280pi/lib/python3.10/site-packages:/home/robotics/ros2_cobot/install/mycobot_280jn/lib/python3.10/site-packages:/home/robotics/ros2_cobot/install/mycobot_280_x3pi/lib/python3.10/site-packages:/home/robotics/ros2_cobot/install/mycobot_280_riscv/lib/python3.10/site-packages:/home/robotics/ros2_cobot/install/mycobot_280_rdkx5/lib/python3.10/site-packages:/home/robotics/ros2_cobot/install/mycobot_280_moveit2_control/lib/python3.10/site-packages:/home/robotics/ros2_cobot/install/mycobot_280_arduino/lib/python3.10/site-packages:/home/robotics/ros2_cobot/install/mycobot_280/lib/python3.10/site-packages:/home/robotics/ros2_cobot/install/mybuddy/lib/python3.10/site-packages:/home/robotics/ros2_cobot/install/myarm_300/lib/python3.10/site-packages:/home/robotics/ros2_cobot/install/mecharm_pi/lib/python3.10/site-packages:/home/robotics/ros2_cobot/install/mecharm/lib/python3.10/site-packages:/home/robotics/ros2_cobot/install/mecharm_interfaces/local/lib/python3.10/dist-packages:/opt/ros/humble/lib/python3.10/site-packages:/opt/ros/humble/local/lib/python3.10/dist-packages /usr/bin/cmake --install /home/robotics/ros2_cobot/build/mycobot_280rdkx5_moveit2
[6.878s] INFO:colcon.colcon_core.task.python.build:Building Python package in '/home/robotics/ros2_cobot/src/mycobot_ros2/mycobot_320/mycobot_320_riscv'
[6.878s] INFO:colcon.colcon_core.shell:Skip shell extension 'powershell' for command environment: Not usable outside of PowerShell
[6.878s] DEBUG:colcon.colcon_core.shell:Skip shell extension 'dsv' for command environment
[7.160s] INFO:colcon.colcon_core.task.python.build:Building Python package in '/home/robotics/ros2_cobot/src/mycobot_ros2/mycobot_320/mycobot_320pi'
[7.161s] INFO:colcon.colcon_core.shell:Skip shell extension 'powershell' for command environment: Not usable outside of PowerShell
[7.161s] DEBUG:colcon.colcon_core.shell:Skip shell extension 'dsv' for command environment
[7.173s] Level 1:colcon.colcon_core.environment:checking '/home/robotics/ros2_cobot/install/mybuddy' for CMake module files
[7.174s] DEBUG:colcon.colcon_core.event_handler.log_command:Invoked command in '/home/robotics/ros2_cobot/src/mycobot_ros2/Mybuddy/mybuddy' returned '0': AMENT_PREFIX_PATH=/home/robotics/ros2_cobot/install/mycobot_description:/home/robotics/ros2_cobot/install/ultraarm:/home/robotics/ros2_cobot/install/traj_scripts:/home/robotics/ros2_cobot/install/mypalletizer_communication:/home/robotics/ros2_cobot/install/mypalletizer_interfaces:/home/robotics/ros2_cobot/install/mypalletizer_260_pi:/home/robotics/ros2_cobot/install/mypalletizer_260:/home/robotics/ros2_cobot/install/myarm_m750:/home/robotics/ros2_cobot/install/myarm_c650:/home/robotics/ros2_cobot/install/mycobot_communication:/home/robotics/ros2_cobot/install/mecharm_communication:/home/robotics/ros2_cobot/install/mycobot_interfaces:/home/robotics/ros2_cobot/install/mycobot_630:/home/robotics/ros2_cobot/install/mycobot_600:/home/robotics/ros2_cobot/install/mycobot_320pi:/home/robotics/ros2_cobot/install/mycobot_320_riscv:/home/robotics/ros2_cobot/install/mycobot_320:/home/robotics/ros2_cobot/install/mycobot_280rdkx5_moveit2:/home/robotics/ros2_cobot/install/mycobot_280pi:/home/robotics/ros2_cobot/install/mycobot_280jn:/home/robotics/ros2_cobot/install/mycobot_280arduino_moveit2:/home/robotics/ros2_cobot/install/mycobot_280_x3pi:/home/robotics/ros2_cobot/install/mycobot_280_riscv:/home/robotics/ros2_cobot/install/mycobot_280_rdkx5:/home/robotics/ros2_cobot/install/mycobot_280_moveit2_control:/home/robotics/ros2_cobot/install/mycobot_280_moveit2:/home/robotics/ros2_cobot/install/mycobot_280_arduino:/home/robotics/ros2_cobot/install/mycobot_280:/home/robotics/ros2_cobot/install/mybuddy:/home/robotics/ros2_cobot/install/myarm_300:/home/robotics/ros2_cobot/install/mecharm_pi:/home/robotics/ros2_cobot/install/mecharm:/home/robotics/ros2_cobot/install/mecharm_interfaces:/opt/ros/humble PYTHONPATH=/home/robotics/ros2_cobot/build/mybuddy/prefix_override:/usr/lib/python3/dist-packages/colcon_core/task/python/colcon_distutils_commands:/home/robotics/ros2_cobot/install/mybuddy/lib/python3.10/site-packages:/home/robotics/ros2_cobot/install/mycobot_description/lib/python3.10/site-packages:/home/robotics/ros2_cobot/install/ultraarm/lib/python3.10/site-packages:/home/robotics/ros2_cobot/install/traj_scripts/local/lib/python3.10/dist-packages:/home/robotics/ros2_cobot/install/mypalletizer_communication/lib/python3.10/site-packages:/home/robotics/ros2_cobot/install/mypalletizer_interfaces/local/lib/python3.10/dist-packages:/home/robotics/ros2_cobot/install/mypalletizer_260_pi/lib/python3.10/site-packages:/home/robotics/ros2_cobot/install/mypalletizer_260/lib/python3.10/site-packages:/home/robotics/ros2_cobot/install/myarm_m750/lib/python3.10/site-packages:/home/robotics/ros2_cobot/install/myarm_c650/lib/python3.10/site-packages:/home/robotics/ros2_cobot/install/mycobot_communication/lib/python3.10/site-packages:/home/robotics/ros2_cobot/install/mecharm_communication/lib/python3.10/site-packages:/home/robotics/ros2_cobot/install/mycobot_interfaces/local/lib/python3.10/dist-packages:/home/robotics/ros2_cobot/install/mycobot_630/lib/python3.10/site-packages:/home/robotics/ros2_cobot/install/mycobot_600/lib/python3.10/site-packages:/home/robotics/ros2_cobot/install/mycobot_320pi/lib/python3.10/site-packages:/home/robotics/ros2_cobot/install/mycobot_320_riscv/lib/python3.10/site-packages:/home/robotics/ros2_cobot/install/mycobot_320/lib/python3.10/site-packages:/home/robotics/ros2_cobot/install/mycobot_280pi/lib/python3.10/site-packages:/home/robotics/ros2_cobot/install/mycobot_280jn/lib/python3.10/site-packages:/home/robotics/ros2_cobot/install/mycobot_280_x3pi/lib/python3.10/site-packages:/home/robotics/ros2_cobot/install/mycobot_280_riscv/lib/python3.10/site-packages:/home/robotics/ros2_cobot/install/mycobot_280_rdkx5/lib/python3.10/site-packages:/home/robotics/ros2_cobot/install/mycobot_280_moveit2_control/lib/python3.10/site-packages:/home/robotics/ros2_cobot/install/mycobot_280_arduino/lib/python3.10/site-packages:/home/robotics/ros2_cobot/install/mycobot_280/lib/python3.10/site-packages:/home/robotics/ros2_cobot/install/mybuddy/lib/python3.10/site-packages:/home/robotics/ros2_cobot/install/myarm_300/lib/python3.10/site-packages:/home/robotics/ros2_cobot/install/mecharm_pi/lib/python3.10/site-packages:/home/robotics/ros2_cobot/install/mecharm/lib/python3.10/site-packages:/home/robotics/ros2_cobot/install/mecharm_interfaces/local/lib/python3.10/dist-packages:/opt/ros/humble/lib/python3.10/site-packages:/opt/ros/humble/local/lib/python3.10/dist-packages /usr/bin/python3 -W ignore:setup.py install is deprecated -W ignore:easy_install command is deprecated setup.py egg_info --egg-base ../../../../build/mybuddy build --build-base /home/robotics/ros2_cobot/build/mybuddy/build install --record /home/robotics/ros2_cobot/build/mybuddy/install.log --single-version-externally-managed install_data
[7.174s] Level 1:colcon.colcon_core.environment:checking '/home/robotics/ros2_cobot/install/mybuddy' for CMake config files
[7.175s] Level 1:colcon.colcon_core.environment:checking '/home/robotics/ros2_cobot/install/mybuddy/lib'
[7.175s] Level 1:colcon.colcon_core.environment:checking '/home/robotics/ros2_cobot/install/mybuddy/bin'
[7.175s] Level 1:colcon.colcon_core.environment:checking '/home/robotics/ros2_cobot/install/mybuddy/lib/pkgconfig/mybuddy.pc'
[7.175s] Level 1:colcon.colcon_core.environment:checking '/home/robotics/ros2_cobot/install/mybuddy/lib/python3.10/site-packages'
[7.175s] Level 1:colcon.colcon_core.shell:create_environment_hook('mybuddy', 'pythonpath')
[7.175s] INFO:colcon.colcon_core.shell:Creating environment hook '/home/robotics/ros2_cobot/install/mybuddy/share/mybuddy/hook/pythonpath.ps1'
[7.176s] INFO:colcon.colcon_core.shell:Creating environment descriptor '/home/robotics/ros2_cobot/install/mybuddy/share/mybuddy/hook/pythonpath.dsv'
[7.176s] INFO:colcon.colcon_core.shell:Creating environment hook '/home/robotics/ros2_cobot/install/mybuddy/share/mybuddy/hook/pythonpath.sh'
[7.177s] Level 1:colcon.colcon_core.environment:checking '/home/robotics/ros2_cobot/install/mybuddy/bin'
[7.177s] Level 1:colcon.colcon_core.environment:create_environment_scripts_only(mybuddy)
[7.177s] INFO:colcon.colcon_core.shell:Creating package script '/home/robotics/ros2_cobot/install/mybuddy/share/mybuddy/package.ps1'
[7.177s] INFO:colcon.colcon_core.shell:Creating package descriptor '/home/robotics/ros2_cobot/install/mybuddy/share/mybuddy/package.dsv'
[7.178s] INFO:colcon.colcon_core.shell:Creating package script '/home/robotics/ros2_cobot/install/mybuddy/share/mybuddy/package.sh'
[7.178s] INFO:colcon.colcon_core.shell:Creating package script '/home/robotics/ros2_cobot/install/mybuddy/share/mybuddy/package.bash'
[7.178s] INFO:colcon.colcon_core.shell:Creating package script '/home/robotics/ros2_cobot/install/mybuddy/share/mybuddy/package.zsh'
[7.179s] Level 1:colcon.colcon_core.environment:create_file_with_runtime_dependencies(/home/robotics/ros2_cobot/install/mybuddy/share/colcon-core/packages/mybuddy)
[7.180s] Level 1:colcon.colcon_core.environment:checking '/home/robotics/ros2_cobot/install/mecharm_pi' for CMake module files
[7.180s] Level 1:colcon.colcon_core.environment:checking '/home/robotics/ros2_cobot/install/mecharm_pi' for CMake config files
[7.181s] DEBUG:colcon.colcon_core.event_handler.log_command:Invoked command in '/home/robotics/ros2_cobot/src/mycobot_ros2/mecharm/mecharm_pi' returned '0': AMENT_PREFIX_PATH=/home/robotics/ros2_cobot/install/mycobot_description:/home/robotics/ros2_cobot/install/ultraarm:/home/robotics/ros2_cobot/install/traj_scripts:/home/robotics/ros2_cobot/install/mypalletizer_communication:/home/robotics/ros2_cobot/install/mypalletizer_interfaces:/home/robotics/ros2_cobot/install/mypalletizer_260_pi:/home/robotics/ros2_cobot/install/mypalletizer_260:/home/robotics/ros2_cobot/install/myarm_m750:/home/robotics/ros2_cobot/install/myarm_c650:/home/robotics/ros2_cobot/install/mycobot_communication:/home/robotics/ros2_cobot/install/mecharm_communication:/home/robotics/ros2_cobot/install/mycobot_interfaces:/home/robotics/ros2_cobot/install/mycobot_630:/home/robotics/ros2_cobot/install/mycobot_600:/home/robotics/ros2_cobot/install/mycobot_320pi:/home/robotics/ros2_cobot/install/mycobot_320_riscv:/home/robotics/ros2_cobot/install/mycobot_320:/home/robotics/ros2_cobot/install/mycobot_280rdkx5_moveit2:/home/robotics/ros2_cobot/install/mycobot_280pi:/home/robotics/ros2_cobot/install/mycobot_280jn:/home/robotics/ros2_cobot/install/mycobot_280arduino_moveit2:/home/robotics/ros2_cobot/install/mycobot_280_x3pi:/home/robotics/ros2_cobot/install/mycobot_280_riscv:/home/robotics/ros2_cobot/install/mycobot_280_rdkx5:/home/robotics/ros2_cobot/install/mycobot_280_moveit2_control:/home/robotics/ros2_cobot/install/mycobot_280_moveit2:/home/robotics/ros2_cobot/install/mycobot_280_arduino:/home/robotics/ros2_cobot/install/mycobot_280:/home/robotics/ros2_cobot/install/mybuddy:/home/robotics/ros2_cobot/install/myarm_300:/home/robotics/ros2_cobot/install/mecharm_pi:/home/robotics/ros2_cobot/install/mecharm:/home/robotics/ros2_cobot/install/mecharm_interfaces:/opt/ros/humble PYTHONPATH=/home/robotics/ros2_cobot/build/mecharm_pi/prefix_override:/usr/lib/python3/dist-packages/colcon_core/task/python/colcon_distutils_commands:/home/robotics/ros2_cobot/install/mecharm_pi/lib/python3.10/site-packages:/home/robotics/ros2_cobot/install/mycobot_description/lib/python3.10/site-packages:/home/robotics/ros2_cobot/install/ultraarm/lib/python3.10/site-packages:/home/robotics/ros2_cobot/install/traj_scripts/local/lib/python3.10/dist-packages:/home/robotics/ros2_cobot/install/mypalletizer_communication/lib/python3.10/site-packages:/home/robotics/ros2_cobot/install/mypalletizer_interfaces/local/lib/python3.10/dist-packages:/home/robotics/ros2_cobot/install/mypalletizer_260_pi/lib/python3.10/site-packages:/home/robotics/ros2_cobot/install/mypalletizer_260/lib/python3.10/site-packages:/home/robotics/ros2_cobot/install/myarm_m750/lib/python3.10/site-packages:/home/robotics/ros2_cobot/install/myarm_c650/lib/python3.10/site-packages:/home/robotics/ros2_cobot/install/mycobot_communication/lib/python3.10/site-packages:/home/robotics/ros2_cobot/install/mecharm_communication/lib/python3.10/site-packages:/home/robotics/ros2_cobot/install/mycobot_interfaces/local/lib/python3.10/dist-packages:/home/robotics/ros2_cobot/install/mycobot_630/lib/python3.10/site-packages:/home/robotics/ros2_cobot/install/mycobot_600/lib/python3.10/site-packages:/home/robotics/ros2_cobot/install/mycobot_320pi/lib/python3.10/site-packages:/home/robotics/ros2_cobot/install/mycobot_320_riscv/lib/python3.10/site-packages:/home/robotics/ros2_cobot/install/mycobot_320/lib/python3.10/site-packages:/home/robotics/ros2_cobot/install/mycobot_280pi/lib/python3.10/site-packages:/home/robotics/ros2_cobot/install/mycobot_280jn/lib/python3.10/site-packages:/home/robotics/ros2_cobot/install/mycobot_280_x3pi/lib/python3.10/site-packages:/home/robotics/ros2_cobot/install/mycobot_280_riscv/lib/python3.10/site-packages:/home/robotics/ros2_cobot/install/mycobot_280_rdkx5/lib/python3.10/site-packages:/home/robotics/ros2_cobot/install/mycobot_280_moveit2_control/lib/python3.10/site-packages:/home/robotics/ros2_cobot/install/mycobot_280_arduino/lib/python3.10/site-packages:/home/robotics/ros2_cobot/install/mycobot_280/lib/python3.10/site-packages:/home/robotics/ros2_cobot/install/mybuddy/lib/python3.10/site-packages:/home/robotics/ros2_cobot/install/myarm_300/lib/python3.10/site-packages:/home/robotics/ros2_cobot/install/mecharm_pi/lib/python3.10/site-packages:/home/robotics/ros2_cobot/install/mecharm/lib/python3.10/site-packages:/home/robotics/ros2_cobot/install/mecharm_interfaces/local/lib/python3.10/dist-packages:/opt/ros/humble/lib/python3.10/site-packages:/opt/ros/humble/local/lib/python3.10/dist-packages /usr/bin/python3 -W ignore:setup.py install is deprecated -W ignore:easy_install command is deprecated setup.py egg_info --egg-base ../../../../build/mecharm_pi build --build-base /home/robotics/ros2_cobot/build/mecharm_pi/build install --record /home/robotics/ros2_cobot/build/mecharm_pi/install.log --single-version-externally-managed install_data
[7.181s] Level 1:colcon.colcon_core.environment:checking '/home/robotics/ros2_cobot/install/mecharm_pi/lib'
[7.182s] Level 1:colcon.colcon_core.environment:checking '/home/robotics/ros2_cobot/install/mecharm_pi/bin'
[7.182s] Level 1:colcon.colcon_core.environment:checking '/home/robotics/ros2_cobot/install/mecharm_pi/lib/pkgconfig/mecharm_pi.pc'
[7.182s] Level 1:colcon.colcon_core.environment:checking '/home/robotics/ros2_cobot/install/mecharm_pi/lib/python3.10/site-packages'
[7.182s] Level 1:colcon.colcon_core.shell:create_environment_hook('mecharm_pi', 'pythonpath')
[7.183s] INFO:colcon.colcon_core.shell:Creating environment hook '/home/robotics/ros2_cobot/install/mecharm_pi/share/mecharm_pi/hook/pythonpath.ps1'
[7.184s] INFO:colcon.colcon_core.shell:Creating environment descriptor '/home/robotics/ros2_cobot/install/mecharm_pi/share/mecharm_pi/hook/pythonpath.dsv'
[7.184s] INFO:colcon.colcon_core.shell:Creating environment hook '/home/robotics/ros2_cobot/install/mecharm_pi/share/mecharm_pi/hook/pythonpath.sh'
[7.185s] Level 1:colcon.colcon_core.environment:checking '/home/robotics/ros2_cobot/install/mecharm_pi/bin'
[7.185s] Level 1:colcon.colcon_core.environment:create_environment_scripts_only(mecharm_pi)
[7.185s] INFO:colcon.colcon_core.shell:Creating package script '/home/robotics/ros2_cobot/install/mecharm_pi/share/mecharm_pi/package.ps1'
[7.186s] INFO:colcon.colcon_core.shell:Creating package descriptor '/home/robotics/ros2_cobot/install/mecharm_pi/share/mecharm_pi/package.dsv'
[7.186s] INFO:colcon.colcon_core.shell:Creating package script '/home/robotics/ros2_cobot/install/mecharm_pi/share/mecharm_pi/package.sh'
[7.187s] INFO:colcon.colcon_core.shell:Creating package script '/home/robotics/ros2_cobot/install/mecharm_pi/share/mecharm_pi/package.bash'
[7.187s] INFO:colcon.colcon_core.shell:Creating package script '/home/robotics/ros2_cobot/install/mecharm_pi/share/mecharm_pi/package.zsh'
[7.187s] Level 1:colcon.colcon_core.environment:create_file_with_runtime_dependencies(/home/robotics/ros2_cobot/install/mecharm_pi/share/colcon-core/packages/mecharm_pi)
[7.188s] Level 1:colcon.colcon_core.environment:checking '/home/robotics/ros2_cobot/install/mycobot_280jn' for CMake module files
[7.188s] Level 1:colcon.colcon_core.environment:checking '/home/robotics/ros2_cobot/install/mycobot_280jn' for CMake config files
[7.189s] DEBUG:colcon.colcon_core.event_handler.log_command:Invoked command in '/home/robotics/ros2_cobot/src/mycobot_ros2/mycobot_280/mycobot_280jn' returned '0': AMENT_PREFIX_PATH=/home/robotics/ros2_cobot/install/mycobot_description:/home/robotics/ros2_cobot/install/ultraarm:/home/robotics/ros2_cobot/install/traj_scripts:/home/robotics/ros2_cobot/install/mypalletizer_communication:/home/robotics/ros2_cobot/install/mypalletizer_interfaces:/home/robotics/ros2_cobot/install/mypalletizer_260_pi:/home/robotics/ros2_cobot/install/mypalletizer_260:/home/robotics/ros2_cobot/install/myarm_m750:/home/robotics/ros2_cobot/install/myarm_c650:/home/robotics/ros2_cobot/install/mycobot_communication:/home/robotics/ros2_cobot/install/mecharm_communication:/home/robotics/ros2_cobot/install/mycobot_interfaces:/home/robotics/ros2_cobot/install/mycobot_630:/home/robotics/ros2_cobot/install/mycobot_600:/home/robotics/ros2_cobot/install/mycobot_320pi:/home/robotics/ros2_cobot/install/mycobot_320_riscv:/home/robotics/ros2_cobot/install/mycobot_320:/home/robotics/ros2_cobot/install/mycobot_280rdkx5_moveit2:/home/robotics/ros2_cobot/install/mycobot_280pi:/home/robotics/ros2_cobot/install/mycobot_280jn:/home/robotics/ros2_cobot/install/mycobot_280arduino_moveit2:/home/robotics/ros2_cobot/install/mycobot_280_x3pi:/home/robotics/ros2_cobot/install/mycobot_280_riscv:/home/robotics/ros2_cobot/install/mycobot_280_rdkx5:/home/robotics/ros2_cobot/install/mycobot_280_moveit2_control:/home/robotics/ros2_cobot/install/mycobot_280_moveit2:/home/robotics/ros2_cobot/install/mycobot_280_arduino:/home/robotics/ros2_cobot/install/mycobot_280:/home/robotics/ros2_cobot/install/mybuddy:/home/robotics/ros2_cobot/install/myarm_300:/home/robotics/ros2_cobot/install/mecharm_pi:/home/robotics/ros2_cobot/install/mecharm:/home/robotics/ros2_cobot/install/mecharm_interfaces:/opt/ros/humble PYTHONPATH=/home/robotics/ros2_cobot/build/mycobot_280jn/prefix_override:/usr/lib/python3/dist-packages/colcon_core/task/python/colcon_distutils_commands:/home/robotics/ros2_cobot/install/mycobot_280jn/lib/python3.10/site-packages:/home/robotics/ros2_cobot/install/mycobot_description/lib/python3.10/site-packages:/home/robotics/ros2_cobot/install/ultraarm/lib/python3.10/site-packages:/home/robotics/ros2_cobot/install/traj_scripts/local/lib/python3.10/dist-packages:/home/robotics/ros2_cobot/install/mypalletizer_communication/lib/python3.10/site-packages:/home/robotics/ros2_cobot/install/mypalletizer_interfaces/local/lib/python3.10/dist-packages:/home/robotics/ros2_cobot/install/mypalletizer_260_pi/lib/python3.10/site-packages:/home/robotics/ros2_cobot/install/mypalletizer_260/lib/python3.10/site-packages:/home/robotics/ros2_cobot/install/myarm_m750/lib/python3.10/site-packages:/home/robotics/ros2_cobot/install/myarm_c650/lib/python3.10/site-packages:/home/robotics/ros2_cobot/install/mycobot_communication/lib/python3.10/site-packages:/home/robotics/ros2_cobot/install/mecharm_communication/lib/python3.10/site-packages:/home/robotics/ros2_cobot/install/mycobot_interfaces/local/lib/python3.10/dist-packages:/home/robotics/ros2_cobot/install/mycobot_630/lib/python3.10/site-packages:/home/robotics/ros2_cobot/install/mycobot_600/lib/python3.10/site-packages:/home/robotics/ros2_cobot/install/mycobot_320pi/lib/python3.10/site-packages:/home/robotics/ros2_cobot/install/mycobot_320_riscv/lib/python3.10/site-packages:/home/robotics/ros2_cobot/install/mycobot_320/lib/python3.10/site-packages:/home/robotics/ros2_cobot/install/mycobot_280pi/lib/python3.10/site-packages:/home/robotics/ros2_cobot/install/mycobot_280jn/lib/python3.10/site-packages:/home/robotics/ros2_cobot/install/mycobot_280_x3pi/lib/python3.10/site-packages:/home/robotics/ros2_cobot/install/mycobot_280_riscv/lib/python3.10/site-packages:/home/robotics/ros2_cobot/install/mycobot_280_rdkx5/lib/python3.10/site-packages:/home/robotics/ros2_cobot/install/mycobot_280_moveit2_control/lib/python3.10/site-packages:/home/robotics/ros2_cobot/install/mycobot_280_arduino/lib/python3.10/site-packages:/home/robotics/ros2_cobot/install/mycobot_280/lib/python3.10/site-packages:/home/robotics/ros2_cobot/install/mybuddy/lib/python3.10/site-packages:/home/robotics/ros2_cobot/install/myarm_300/lib/python3.10/site-packages:/home/robotics/ros2_cobot/install/mecharm_pi/lib/python3.10/site-packages:/home/robotics/ros2_cobot/install/mecharm/lib/python3.10/site-packages:/home/robotics/ros2_cobot/install/mecharm_interfaces/local/lib/python3.10/dist-packages:/opt/ros/humble/lib/python3.10/site-packages:/opt/ros/humble/local/lib/python3.10/dist-packages /usr/bin/python3 -W ignore:setup.py install is deprecated -W ignore:easy_install command is deprecated setup.py egg_info --egg-base ../../../../build/mycobot_280jn build --build-base /home/robotics/ros2_cobot/build/mycobot_280jn/build install --record /home/robotics/ros2_cobot/build/mycobot_280jn/install.log --single-version-externally-managed install_data
[7.189s] Level 1:colcon.colcon_core.environment:checking '/home/robotics/ros2_cobot/install/mycobot_280jn/lib'
[7.189s] Level 1:colcon.colcon_core.environment:checking '/home/robotics/ros2_cobot/install/mycobot_280jn/bin'
[7.190s] Level 1:colcon.colcon_core.environment:checking '/home/robotics/ros2_cobot/install/mycobot_280jn/lib/pkgconfig/mycobot_280jn.pc'
[7.190s] Level 1:colcon.colcon_core.environment:checking '/home/robotics/ros2_cobot/install/mycobot_280jn/lib/python3.10/site-packages'
[7.190s] Level 1:colcon.colcon_core.shell:create_environment_hook('mycobot_280jn', 'pythonpath')
[7.190s] INFO:colcon.colcon_core.shell:Creating environment hook '/home/robotics/ros2_cobot/install/mycobot_280jn/share/mycobot_280jn/hook/pythonpath.ps1'
[7.190s] INFO:colcon.colcon_core.shell:Creating environment descriptor '/home/robotics/ros2_cobot/install/mycobot_280jn/share/mycobot_280jn/hook/pythonpath.dsv'
[7.191s] INFO:colcon.colcon_core.shell:Creating environment hook '/home/robotics/ros2_cobot/install/mycobot_280jn/share/mycobot_280jn/hook/pythonpath.sh'
[7.191s] Level 1:colcon.colcon_core.environment:checking '/home/robotics/ros2_cobot/install/mycobot_280jn/bin'
[7.191s] Level 1:colcon.colcon_core.environment:create_environment_scripts_only(mycobot_280jn)
[7.192s] INFO:colcon.colcon_core.shell:Creating package script '/home/robotics/ros2_cobot/install/mycobot_280jn/share/mycobot_280jn/package.ps1'
[7.192s] INFO:colcon.colcon_core.shell:Creating package descriptor '/home/robotics/ros2_cobot/install/mycobot_280jn/share/mycobot_280jn/package.dsv'
[7.192s] INFO:colcon.colcon_core.shell:Creating package script '/home/robotics/ros2_cobot/install/mycobot_280jn/share/mycobot_280jn/package.sh'
[7.193s] INFO:colcon.colcon_core.shell:Creating package script '/home/robotics/ros2_cobot/install/mycobot_280jn/share/mycobot_280jn/package.bash'
[7.193s] INFO:colcon.colcon_core.shell:Creating package script '/home/robotics/ros2_cobot/install/mycobot_280jn/share/mycobot_280jn/package.zsh'
[7.193s] Level 1:colcon.colcon_core.environment:create_file_with_runtime_dependencies(/home/robotics/ros2_cobot/install/mycobot_280jn/share/colcon-core/packages/mycobot_280jn)
[7.195s] INFO:colcon.colcon_ros.task.ament_python.build:Building ROS package in '/home/robotics/ros2_cobot/src/mycobot_ros2/mycobot_pro/mycobot_600' with build type 'ament_python'
[7.195s] Level 1:colcon.colcon_core.shell:create_environment_hook('mycobot_600', 'ament_prefix_path')
[7.195s] INFO:colcon.colcon_core.shell:Creating environment hook '/home/robotics/ros2_cobot/install/mycobot_600/share/mycobot_600/hook/ament_prefix_path.ps1'
[7.195s] INFO:colcon.colcon_core.shell:Creating environment descriptor '/home/robotics/ros2_cobot/install/mycobot_600/share/mycobot_600/hook/ament_prefix_path.dsv'
[7.196s] INFO:colcon.colcon_core.shell:Creating environment hook '/home/robotics/ros2_cobot/install/mycobot_600/share/mycobot_600/hook/ament_prefix_path.sh'
[7.197s] INFO:colcon.colcon_core.shell:Skip shell extension 'powershell' for command environment: Not usable outside of PowerShell
[7.197s] DEBUG:colcon.colcon_core.shell:Skip shell extension 'dsv' for command environment
[7.205s] INFO:colcon.colcon_ros.task.ament_python.build:Building ROS package in '/home/robotics/ros2_cobot/src/mycobot_ros2/mycobot_pro/mycobot_630' with build type 'ament_python'
[7.205s] Level 1:colcon.colcon_core.shell:create_environment_hook('mycobot_630', 'ament_prefix_path')
[7.205s] INFO:colcon.colcon_core.shell:Creating environment hook '/home/robotics/ros2_cobot/install/mycobot_630/share/mycobot_630/hook/ament_prefix_path.ps1'
[7.206s] INFO:colcon.colcon_core.shell:Creating environment descriptor '/home/robotics/ros2_cobot/install/mycobot_630/share/mycobot_630/hook/ament_prefix_path.dsv'
[7.206s] INFO:colcon.colcon_core.shell:Creating environment hook '/home/robotics/ros2_cobot/install/mycobot_630/share/mycobot_630/hook/ament_prefix_path.sh'
[7.207s] INFO:colcon.colcon_core.shell:Skip shell extension 'powershell' for command environment: Not usable outside of PowerShell
[7.207s] DEBUG:colcon.colcon_core.shell:Skip shell extension 'dsv' for command environment
[7.213s] INFO:colcon.colcon_ros.task.ament_python.build:Building ROS package in '/home/robotics/ros2_cobot/src/mycobot_ros2/mypalletizer_260/mypalletizer_260' with build type 'ament_python'
[7.213s] Level 1:colcon.colcon_core.shell:create_environment_hook('mypalletizer_260', 'ament_prefix_path')
[7.213s] INFO:colcon.colcon_core.shell:Creating environment hook '/home/robotics/ros2_cobot/install/mypalletizer_260/share/mypalletizer_260/hook/ament_prefix_path.ps1'
[7.214s] INFO:colcon.colcon_core.shell:Creating environment descriptor '/home/robotics/ros2_cobot/install/mypalletizer_260/share/mypalletizer_260/hook/ament_prefix_path.dsv'
[7.215s] INFO:colcon.colcon_core.shell:Creating environment hook '/home/robotics/ros2_cobot/install/mypalletizer_260/share/mypalletizer_260/hook/ament_prefix_path.sh'
[7.216s] INFO:colcon.colcon_core.shell:Skip shell extension 'powershell' for command environment: Not usable outside of PowerShell
[7.216s] DEBUG:colcon.colcon_core.shell:Skip shell extension 'dsv' for command environment
[7.222s] Level 1:colcon.colcon_core.environment:create_environment_scripts_only(mycobot_280rdkx5_moveit2)
[7.223s] Level 1:colcon.colcon_core.environment:checking '/home/robotics/ros2_cobot/install/mycobot_280rdkx5_moveit2' for CMake module files
[7.223s] DEBUG:colcon.colcon_core.event_handler.log_command:Invoked command in '/home/robotics/ros2_cobot/build/mycobot_280rdkx5_moveit2' returned '0': AMENT_PREFIX_PATH=/home/robotics/ros2_cobot/install/mycobot_description:/home/robotics/ros2_cobot/install/ultraarm:/home/robotics/ros2_cobot/install/traj_scripts:/home/robotics/ros2_cobot/install/mypalletizer_communication:/home/robotics/ros2_cobot/install/mypalletizer_interfaces:/home/robotics/ros2_cobot/install/mypalletizer_260_pi:/home/robotics/ros2_cobot/install/mypalletizer_260:/home/robotics/ros2_cobot/install/myarm_m750:/home/robotics/ros2_cobot/install/myarm_c650:/home/robotics/ros2_cobot/install/mycobot_communication:/home/robotics/ros2_cobot/install/mecharm_communication:/home/robotics/ros2_cobot/install/mycobot_interfaces:/home/robotics/ros2_cobot/install/mycobot_630:/home/robotics/ros2_cobot/install/mycobot_600:/home/robotics/ros2_cobot/install/mycobot_320pi:/home/robotics/ros2_cobot/install/mycobot_320_riscv:/home/robotics/ros2_cobot/install/mycobot_320:/home/robotics/ros2_cobot/install/mycobot_280rdkx5_moveit2:/home/robotics/ros2_cobot/install/mycobot_280pi:/home/robotics/ros2_cobot/install/mycobot_280jn:/home/robotics/ros2_cobot/install/mycobot_280arduino_moveit2:/home/robotics/ros2_cobot/install/mycobot_280_x3pi:/home/robotics/ros2_cobot/install/mycobot_280_riscv:/home/robotics/ros2_cobot/install/mycobot_280_rdkx5:/home/robotics/ros2_cobot/install/mycobot_280_moveit2_control:/home/robotics/ros2_cobot/install/mycobot_280_moveit2:/home/robotics/ros2_cobot/install/mycobot_280_arduino:/home/robotics/ros2_cobot/install/mycobot_280:/home/robotics/ros2_cobot/install/mybuddy:/home/robotics/ros2_cobot/install/myarm_300:/home/robotics/ros2_cobot/install/mecharm_pi:/home/robotics/ros2_cobot/install/mecharm:/home/robotics/ros2_cobot/install/mecharm_interfaces:/opt/ros/humble CMAKE_PREFIX_PATH=${CMAKE_PREFIX_PATH}:/home/robotics/ros2_cobot/install/ultraarm:/home/robotics/ros2_cobot/install/mypalletizer_communication:/home/robotics/ros2_cobot/install/mypalletizer_260_pi:/home/robotics/ros2_cobot/install/mypalletizer_260:/home/robotics/ros2_cobot/install/myarm_m750:/home/robotics/ros2_cobot/install/myarm_c650:/home/robotics/ros2_cobot/install/mycobot_communication:/home/robotics/ros2_cobot/install/mecharm_communication:/home/robotics/ros2_cobot/install/mycobot_630:/home/robotics/ros2_cobot/install/mycobot_600:/home/robotics/ros2_cobot/install/mycobot_320pi:/home/robotics/ros2_cobot/install/mycobot_320_riscv:/home/robotics/ros2_cobot/install/mycobot_320:/home/robotics/ros2_cobot/install/mycobot_280pi:/home/robotics/ros2_cobot/install/mycobot_280jn:/home/robotics/ros2_cobot/install/mycobot_280_x3pi:/home/robotics/ros2_cobot/install/mycobot_280_riscv:/home/robotics/ros2_cobot/install/mycobot_280_rdkx5:/home/robotics/ros2_cobot/install/mycobot_280_moveit2_control:/home/robotics/ros2_cobot/install/mycobot_280_arduino:/home/robotics/ros2_cobot/install/mycobot_280:/home/robotics/ros2_cobot/install/mybuddy:/home/robotics/ros2_cobot/install/myarm_300:/home/robotics/ros2_cobot/install/mecharm_pi:/home/robotics/ros2_cobot/install/mecharm:/home/robotics/ros2_cobot/install/mycobot_description:/opt/ros/humble PYTHONPATH=/home/robotics/ros2_cobot/install/mycobot_description/lib/python3.10/site-packages:/home/robotics/ros2_cobot/install/ultraarm/lib/python3.10/site-packages:/home/robotics/ros2_cobot/install/traj_scripts/local/lib/python3.10/dist-packages:/home/robotics/ros2_cobot/install/mypalletizer_communication/lib/python3.10/site-packages:/home/robotics/ros2_cobot/install/mypalletizer_interfaces/local/lib/python3.10/dist-packages:/home/robotics/ros2_cobot/install/mypalletizer_260_pi/lib/python3.10/site-packages:/home/robotics/ros2_cobot/install/mypalletizer_260/lib/python3.10/site-packages:/home/robotics/ros2_cobot/install/myarm_m750/lib/python3.10/site-packages:/home/robotics/ros2_cobot/install/myarm_c650/lib/python3.10/site-packages:/home/robotics/ros2_cobot/install/mycobot_communication/lib/python3.10/site-packages:/home/robotics/ros2_cobot/install/mecharm_communication/lib/python3.10/site-packages:/home/robotics/ros2_cobot/install/mycobot_interfaces/local/lib/python3.10/dist-packages:/home/robotics/ros2_cobot/install/mycobot_630/lib/python3.10/site-packages:/home/robotics/ros2_cobot/install/mycobot_600/lib/python3.10/site-packages:/home/robotics/ros2_cobot/install/mycobot_320pi/lib/python3.10/site-packages:/home/robotics/ros2_cobot/install/mycobot_320_riscv/lib/python3.10/site-packages:/home/robotics/ros2_cobot/install/mycobot_320/lib/python3.10/site-packages:/home/robotics/ros2_cobot/install/mycobot_280pi/lib/python3.10/site-packages:/home/robotics/ros2_cobot/install/mycobot_280jn/lib/python3.10/site-packages:/home/robotics/ros2_cobot/install/mycobot_280_x3pi/lib/python3.10/site-packages:/home/robotics/ros2_cobot/install/mycobot_280_riscv/lib/python3.10/site-packages:/home/robotics/ros2_cobot/install/mycobot_280_rdkx5/lib/python3.10/site-packages:/home/robotics/ros2_cobot/install/mycobot_280_moveit2_control/lib/python3.10/site-packages:/home/robotics/ros2_cobot/install/mycobot_280_arduino/lib/python3.10/site-packages:/home/robotics/ros2_cobot/install/mycobot_280/lib/python3.10/site-packages:/home/robotics/ros2_cobot/install/mybuddy/lib/python3.10/site-packages:/home/robotics/ros2_cobot/install/myarm_300/lib/python3.10/site-packages:/home/robotics/ros2_cobot/install/mecharm_pi/lib/python3.10/site-packages:/home/robotics/ros2_cobot/install/mecharm/lib/python3.10/site-packages:/home/robotics/ros2_cobot/install/mecharm_interfaces/local/lib/python3.10/dist-packages:/opt/ros/humble/lib/python3.10/site-packages:/opt/ros/humble/local/lib/python3.10/dist-packages /usr/bin/cmake --install /home/robotics/ros2_cobot/build/mycobot_280rdkx5_moveit2
[7.224s] Level 1:colcon.colcon_core.environment:checking '/home/robotics/ros2_cobot/install/mycobot_280rdkx5_moveit2' for CMake config files
[7.224s] Level 1:colcon.colcon_core.shell:create_environment_hook('mycobot_280rdkx5_moveit2', 'cmake_prefix_path')
[7.224s] INFO:colcon.colcon_core.shell:Creating environment hook '/home/robotics/ros2_cobot/install/mycobot_280rdkx5_moveit2/share/mycobot_280rdkx5_moveit2/hook/cmake_prefix_path.ps1'
[7.225s] INFO:colcon.colcon_core.shell:Creating environment descriptor '/home/robotics/ros2_cobot/install/mycobot_280rdkx5_moveit2/share/mycobot_280rdkx5_moveit2/hook/cmake_prefix_path.dsv'
[7.225s] INFO:colcon.colcon_core.shell:Creating environment hook '/home/robotics/ros2_cobot/install/mycobot_280rdkx5_moveit2/share/mycobot_280rdkx5_moveit2/hook/cmake_prefix_path.sh'
[7.227s] Level 1:colcon.colcon_core.environment:checking '/home/robotics/ros2_cobot/install/mycobot_280rdkx5_moveit2/bin'
[7.227s] Level 1:colcon.colcon_core.environment:checking '/home/robotics/ros2_cobot/install/mycobot_280rdkx5_moveit2/lib/pkgconfig/mycobot_280rdkx5_moveit2.pc'
[7.227s] Level 1:colcon.colcon_core.environment:checking '/home/robotics/ros2_cobot/install/mycobot_280rdkx5_moveit2/lib/python3.10/site-packages'
[7.227s] Level 1:colcon.colcon_core.environment:checking '/home/robotics/ros2_cobot/install/mycobot_280rdkx5_moveit2/bin'
[7.228s] INFO:colcon.colcon_core.shell:Creating package script '/home/robotics/ros2_cobot/install/mycobot_280rdkx5_moveit2/share/mycobot_280rdkx5_moveit2/package.ps1'
[7.229s] INFO:colcon.colcon_core.shell:Creating package descriptor '/home/robotics/ros2_cobot/install/mycobot_280rdkx5_moveit2/share/mycobot_280rdkx5_moveit2/package.dsv'
[7.229s] INFO:colcon.colcon_core.shell:Creating package script '/home/robotics/ros2_cobot/install/mycobot_280rdkx5_moveit2/share/mycobot_280rdkx5_moveit2/package.sh'
[7.230s] INFO:colcon.colcon_core.shell:Creating package script '/home/robotics/ros2_cobot/install/mycobot_280rdkx5_moveit2/share/mycobot_280rdkx5_moveit2/package.bash'
[7.230s] INFO:colcon.colcon_core.shell:Creating package script '/home/robotics/ros2_cobot/install/mycobot_280rdkx5_moveit2/share/mycobot_280rdkx5_moveit2/package.zsh'
[7.231s] Level 1:colcon.colcon_core.environment:create_file_with_runtime_dependencies(/home/robotics/ros2_cobot/install/mycobot_280rdkx5_moveit2/share/colcon-core/packages/mycobot_280rdkx5_moveit2)
[7.233s] Level 1:colcon.colcon_core.environment:create_environment_scripts_only(mycobot_280rdkx5_moveit2)
[7.234s] Level 1:colcon.colcon_core.environment:checking '/home/robotics/ros2_cobot/install/mycobot_280rdkx5_moveit2' for CMake module files
[7.235s] Level 1:colcon.colcon_core.environment:checking '/home/robotics/ros2_cobot/install/mycobot_280rdkx5_moveit2' for CMake config files
[7.235s] Level 1:colcon.colcon_core.shell:create_environment_hook('mycobot_280rdkx5_moveit2', 'cmake_prefix_path')
[7.235s] INFO:colcon.colcon_core.shell:Creating environment hook '/home/robotics/ros2_cobot/install/mycobot_280rdkx5_moveit2/share/mycobot_280rdkx5_moveit2/hook/cmake_prefix_path.ps1'
[7.236s] INFO:colcon.colcon_core.shell:Creating environment descriptor '/home/robotics/ros2_cobot/install/mycobot_280rdkx5_moveit2/share/mycobot_280rdkx5_moveit2/hook/cmake_prefix_path.dsv'
[7.236s] INFO:colcon.colcon_core.shell:Creating environment hook '/home/robotics/ros2_cobot/install/mycobot_280rdkx5_moveit2/share/mycobot_280rdkx5_moveit2/hook/cmake_prefix_path.sh'
[7.237s] Level 1:colcon.colcon_core.environment:checking '/home/robotics/ros2_cobot/install/mycobot_280rdkx5_moveit2/bin'
[7.237s] Level 1:colcon.colcon_core.environment:checking '/home/robotics/ros2_cobot/install/mycobot_280rdkx5_moveit2/lib/pkgconfig/mycobot_280rdkx5_moveit2.pc'
[7.237s] Level 1:colcon.colcon_core.environment:checking '/home/robotics/ros2_cobot/install/mycobot_280rdkx5_moveit2/lib/python3.10/site-packages'
[7.237s] Level 1:colcon.colcon_core.environment:checking '/home/robotics/ros2_cobot/install/mycobot_280rdkx5_moveit2/bin'
[7.238s] INFO:colcon.colcon_core.shell:Creating package script '/home/robotics/ros2_cobot/install/mycobot_280rdkx5_moveit2/share/mycobot_280rdkx5_moveit2/package.ps1'
[7.238s] INFO:colcon.colcon_core.shell:Creating package descriptor '/home/robotics/ros2_cobot/install/mycobot_280rdkx5_moveit2/share/mycobot_280rdkx5_moveit2/package.dsv'
[7.238s] INFO:colcon.colcon_core.shell:Creating package script '/home/robotics/ros2_cobot/install/mycobot_280rdkx5_moveit2/share/mycobot_280rdkx5_moveit2/package.sh'
[7.239s] INFO:colcon.colcon_core.shell:Creating package script '/home/robotics/ros2_cobot/install/mycobot_280rdkx5_moveit2/share/mycobot_280rdkx5_moveit2/package.bash'
[7.239s] INFO:colcon.colcon_core.shell:Creating package script '/home/robotics/ros2_cobot/install/mycobot_280rdkx5_moveit2/share/mycobot_280rdkx5_moveit2/package.zsh'
[7.239s] Level 1:colcon.colcon_core.environment:create_file_with_runtime_dependencies(/home/robotics/ros2_cobot/install/mycobot_280rdkx5_moveit2/share/colcon-core/packages/mycobot_280rdkx5_moveit2)
[7.240s] Level 1:colcon.colcon_core.environment:checking '/home/robotics/ros2_cobot/install/mycobot_280_moveit2_control' for CMake module files
[7.240s] Level 1:colcon.colcon_core.environment:checking '/home/robotics/ros2_cobot/install/mycobot_280_moveit2_control' for CMake config files
[7.241s] DEBUG:colcon.colcon_core.event_handler.log_command:Invoked command in '/home/robotics/ros2_cobot/src/mycobot_ros2/mycobot_280/mycobot_280_moveit2_control' returned '0': AMENT_PREFIX_PATH=/home/robotics/ros2_cobot/install/mycobot_description:/home/robotics/ros2_cobot/install/ultraarm:/home/robotics/ros2_cobot/install/traj_scripts:/home/robotics/ros2_cobot/install/mypalletizer_communication:/home/robotics/ros2_cobot/install/mypalletizer_interfaces:/home/robotics/ros2_cobot/install/mypalletizer_260_pi:/home/robotics/ros2_cobot/install/mypalletizer_260:/home/robotics/ros2_cobot/install/myarm_m750:/home/robotics/ros2_cobot/install/myarm_c650:/home/robotics/ros2_cobot/install/mycobot_communication:/home/robotics/ros2_cobot/install/mecharm_communication:/home/robotics/ros2_cobot/install/mycobot_interfaces:/home/robotics/ros2_cobot/install/mycobot_630:/home/robotics/ros2_cobot/install/mycobot_600:/home/robotics/ros2_cobot/install/mycobot_320pi:/home/robotics/ros2_cobot/install/mycobot_320_riscv:/home/robotics/ros2_cobot/install/mycobot_320:/home/robotics/ros2_cobot/install/mycobot_280rdkx5_moveit2:/home/robotics/ros2_cobot/install/mycobot_280pi:/home/robotics/ros2_cobot/install/mycobot_280jn:/home/robotics/ros2_cobot/install/mycobot_280arduino_moveit2:/home/robotics/ros2_cobot/install/mycobot_280_x3pi:/home/robotics/ros2_cobot/install/mycobot_280_riscv:/home/robotics/ros2_cobot/install/mycobot_280_rdkx5:/home/robotics/ros2_cobot/install/mycobot_280_moveit2_control:/home/robotics/ros2_cobot/install/mycobot_280_moveit2:/home/robotics/ros2_cobot/install/mycobot_280_arduino:/home/robotics/ros2_cobot/install/mycobot_280:/home/robotics/ros2_cobot/install/mybuddy:/home/robotics/ros2_cobot/install/myarm_300:/home/robotics/ros2_cobot/install/mecharm_pi:/home/robotics/ros2_cobot/install/mecharm:/home/robotics/ros2_cobot/install/mecharm_interfaces:/opt/ros/humble PYTHONPATH=/home/robotics/ros2_cobot/build/mycobot_280_moveit2_control/prefix_override:/usr/lib/python3/dist-packages/colcon_core/task/python/colcon_distutils_commands:/home/robotics/ros2_cobot/install/mycobot_280_moveit2_control/lib/python3.10/site-packages:/home/robotics/ros2_cobot/install/mycobot_description/lib/python3.10/site-packages:/home/robotics/ros2_cobot/install/ultraarm/lib/python3.10/site-packages:/home/robotics/ros2_cobot/install/traj_scripts/local/lib/python3.10/dist-packages:/home/robotics/ros2_cobot/install/mypalletizer_communication/lib/python3.10/site-packages:/home/robotics/ros2_cobot/install/mypalletizer_interfaces/local/lib/python3.10/dist-packages:/home/robotics/ros2_cobot/install/mypalletizer_260_pi/lib/python3.10/site-packages:/home/robotics/ros2_cobot/install/mypalletizer_260/lib/python3.10/site-packages:/home/robotics/ros2_cobot/install/myarm_m750/lib/python3.10/site-packages:/home/robotics/ros2_cobot/install/myarm_c650/lib/python3.10/site-packages:/home/robotics/ros2_cobot/install/mycobot_communication/lib/python3.10/site-packages:/home/robotics/ros2_cobot/install/mecharm_communication/lib/python3.10/site-packages:/home/robotics/ros2_cobot/install/mycobot_interfaces/local/lib/python3.10/dist-packages:/home/robotics/ros2_cobot/install/mycobot_630/lib/python3.10/site-packages:/home/robotics/ros2_cobot/install/mycobot_600/lib/python3.10/site-packages:/home/robotics/ros2_cobot/install/mycobot_320pi/lib/python3.10/site-packages:/home/robotics/ros2_cobot/install/mycobot_320_riscv/lib/python3.10/site-packages:/home/robotics/ros2_cobot/install/mycobot_320/lib/python3.10/site-packages:/home/robotics/ros2_cobot/install/mycobot_280pi/lib/python3.10/site-packages:/home/robotics/ros2_cobot/install/mycobot_280jn/lib/python3.10/site-packages:/home/robotics/ros2_cobot/install/mycobot_280_x3pi/lib/python3.10/site-packages:/home/robotics/ros2_cobot/install/mycobot_280_riscv/lib/python3.10/site-packages:/home/robotics/ros2_cobot/install/mycobot_280_rdkx5/lib/python3.10/site-packages:/home/robotics/ros2_cobot/install/mycobot_280_moveit2_control/lib/python3.10/site-packages:/home/robotics/ros2_cobot/install/mycobot_280_arduino/lib/python3.10/site-packages:/home/robotics/ros2_cobot/install/mycobot_280/lib/python3.10/site-packages:/home/robotics/ros2_cobot/install/mybuddy/lib/python3.10/site-packages:/home/robotics/ros2_cobot/install/myarm_300/lib/python3.10/site-packages:/home/robotics/ros2_cobot/install/mecharm_pi/lib/python3.10/site-packages:/home/robotics/ros2_cobot/install/mecharm/lib/python3.10/site-packages:/home/robotics/ros2_cobot/install/mecharm_interfaces/local/lib/python3.10/dist-packages:/opt/ros/humble/lib/python3.10/site-packages:/opt/ros/humble/local/lib/python3.10/dist-packages /usr/bin/python3 -W ignore:setup.py install is deprecated -W ignore:easy_install command is deprecated setup.py egg_info --egg-base ../../../../build/mycobot_280_moveit2_control build --build-base /home/robotics/ros2_cobot/build/mycobot_280_moveit2_control/build install --record /home/robotics/ros2_cobot/build/mycobot_280_moveit2_control/install.log --single-version-externally-managed install_data
[7.241s] Level 1:colcon.colcon_core.environment:checking '/home/robotics/ros2_cobot/install/mycobot_280_moveit2_control/lib'
[7.241s] Level 1:colcon.colcon_core.environment:checking '/home/robotics/ros2_cobot/install/mycobot_280_moveit2_control/bin'
[7.241s] Level 1:colcon.colcon_core.environment:checking '/home/robotics/ros2_cobot/install/mycobot_280_moveit2_control/lib/pkgconfig/mycobot_280_moveit2_control.pc'
[7.241s] Level 1:colcon.colcon_core.environment:checking '/home/robotics/ros2_cobot/install/mycobot_280_moveit2_control/lib/python3.10/site-packages'
[7.241s] Level 1:colcon.colcon_core.shell:create_environment_hook('mycobot_280_moveit2_control', 'pythonpath')
[7.242s] INFO:colcon.colcon_core.shell:Creating environment hook '/home/robotics/ros2_cobot/install/mycobot_280_moveit2_control/share/mycobot_280_moveit2_control/hook/pythonpath.ps1'
[7.242s] INFO:colcon.colcon_core.shell:Creating environment descriptor '/home/robotics/ros2_cobot/install/mycobot_280_moveit2_control/share/mycobot_280_moveit2_control/hook/pythonpath.dsv'
[7.242s] INFO:colcon.colcon_core.shell:Creating environment hook '/home/robotics/ros2_cobot/install/mycobot_280_moveit2_control/share/mycobot_280_moveit2_control/hook/pythonpath.sh'
[7.242s] Level 1:colcon.colcon_core.environment:checking '/home/robotics/ros2_cobot/install/mycobot_280_moveit2_control/bin'
[7.242s] Level 1:colcon.colcon_core.environment:create_environment_scripts_only(mycobot_280_moveit2_control)
[7.243s] INFO:colcon.colcon_core.shell:Creating package script '/home/robotics/ros2_cobot/install/mycobot_280_moveit2_control/share/mycobot_280_moveit2_control/package.ps1'
[7.243s] INFO:colcon.colcon_core.shell:Creating package descriptor '/home/robotics/ros2_cobot/install/mycobot_280_moveit2_control/share/mycobot_280_moveit2_control/package.dsv'
[7.243s] INFO:colcon.colcon_core.shell:Creating package script '/home/robotics/ros2_cobot/install/mycobot_280_moveit2_control/share/mycobot_280_moveit2_control/package.sh'
[7.244s] INFO:colcon.colcon_core.shell:Creating package script '/home/robotics/ros2_cobot/install/mycobot_280_moveit2_control/share/mycobot_280_moveit2_control/package.bash'
[7.244s] INFO:colcon.colcon_core.shell:Creating package script '/home/robotics/ros2_cobot/install/mycobot_280_moveit2_control/share/mycobot_280_moveit2_control/package.zsh'
[7.244s] Level 1:colcon.colcon_core.environment:create_file_with_runtime_dependencies(/home/robotics/ros2_cobot/install/mycobot_280_moveit2_control/share/colcon-core/packages/mycobot_280_moveit2_control)
[7.244s] Level 1:colcon.colcon_core.environment:checking '/home/robotics/ros2_cobot/install/myarm_300' for CMake module files
[7.245s] Level 1:colcon.colcon_core.environment:checking '/home/robotics/ros2_cobot/install/myarm_300' for CMake config files
[7.246s] DEBUG:colcon.colcon_core.event_handler.log_command:Invoked command in '/home/robotics/ros2_cobot/src/mycobot_ros2/myArm/myarm_300' returned '0': AMENT_PREFIX_PATH=/home/robotics/ros2_cobot/install/mycobot_description:/home/robotics/ros2_cobot/install/ultraarm:/home/robotics/ros2_cobot/install/traj_scripts:/home/robotics/ros2_cobot/install/mypalletizer_communication:/home/robotics/ros2_cobot/install/mypalletizer_interfaces:/home/robotics/ros2_cobot/install/mypalletizer_260_pi:/home/robotics/ros2_cobot/install/mypalletizer_260:/home/robotics/ros2_cobot/install/myarm_m750:/home/robotics/ros2_cobot/install/myarm_c650:/home/robotics/ros2_cobot/install/mycobot_communication:/home/robotics/ros2_cobot/install/mecharm_communication:/home/robotics/ros2_cobot/install/mycobot_interfaces:/home/robotics/ros2_cobot/install/mycobot_630:/home/robotics/ros2_cobot/install/mycobot_600:/home/robotics/ros2_cobot/install/mycobot_320pi:/home/robotics/ros2_cobot/install/mycobot_320_riscv:/home/robotics/ros2_cobot/install/mycobot_320:/home/robotics/ros2_cobot/install/mycobot_280rdkx5_moveit2:/home/robotics/ros2_cobot/install/mycobot_280pi:/home/robotics/ros2_cobot/install/mycobot_280jn:/home/robotics/ros2_cobot/install/mycobot_280arduino_moveit2:/home/robotics/ros2_cobot/install/mycobot_280_x3pi:/home/robotics/ros2_cobot/install/mycobot_280_riscv:/home/robotics/ros2_cobot/install/mycobot_280_rdkx5:/home/robotics/ros2_cobot/install/mycobot_280_moveit2_control:/home/robotics/ros2_cobot/install/mycobot_280_moveit2:/home/robotics/ros2_cobot/install/mycobot_280_arduino:/home/robotics/ros2_cobot/install/mycobot_280:/home/robotics/ros2_cobot/install/mybuddy:/home/robotics/ros2_cobot/install/myarm_300:/home/robotics/ros2_cobot/install/mecharm_pi:/home/robotics/ros2_cobot/install/mecharm:/home/robotics/ros2_cobot/install/mecharm_interfaces:/opt/ros/humble PYTHONPATH=/home/robotics/ros2_cobot/build/myarm_300/prefix_override:/usr/lib/python3/dist-packages/colcon_core/task/python/colcon_distutils_commands:/home/robotics/ros2_cobot/install/myarm_300/lib/python3.10/site-packages:/home/robotics/ros2_cobot/install/mycobot_description/lib/python3.10/site-packages:/home/robotics/ros2_cobot/install/ultraarm/lib/python3.10/site-packages:/home/robotics/ros2_cobot/install/traj_scripts/local/lib/python3.10/dist-packages:/home/robotics/ros2_cobot/install/mypalletizer_communication/lib/python3.10/site-packages:/home/robotics/ros2_cobot/install/mypalletizer_interfaces/local/lib/python3.10/dist-packages:/home/robotics/ros2_cobot/install/mypalletizer_260_pi/lib/python3.10/site-packages:/home/robotics/ros2_cobot/install/mypalletizer_260/lib/python3.10/site-packages:/home/robotics/ros2_cobot/install/myarm_m750/lib/python3.10/site-packages:/home/robotics/ros2_cobot/install/myarm_c650/lib/python3.10/site-packages:/home/robotics/ros2_cobot/install/mycobot_communication/lib/python3.10/site-packages:/home/robotics/ros2_cobot/install/mecharm_communication/lib/python3.10/site-packages:/home/robotics/ros2_cobot/install/mycobot_interfaces/local/lib/python3.10/dist-packages:/home/robotics/ros2_cobot/install/mycobot_630/lib/python3.10/site-packages:/home/robotics/ros2_cobot/install/mycobot_600/lib/python3.10/site-packages:/home/robotics/ros2_cobot/install/mycobot_320pi/lib/python3.10/site-packages:/home/robotics/ros2_cobot/install/mycobot_320_riscv/lib/python3.10/site-packages:/home/robotics/ros2_cobot/install/mycobot_320/lib/python3.10/site-packages:/home/robotics/ros2_cobot/install/mycobot_280pi/lib/python3.10/site-packages:/home/robotics/ros2_cobot/install/mycobot_280jn/lib/python3.10/site-packages:/home/robotics/ros2_cobot/install/mycobot_280_x3pi/lib/python3.10/site-packages:/home/robotics/ros2_cobot/install/mycobot_280_riscv/lib/python3.10/site-packages:/home/robotics/ros2_cobot/install/mycobot_280_rdkx5/lib/python3.10/site-packages:/home/robotics/ros2_cobot/install/mycobot_280_moveit2_control/lib/python3.10/site-packages:/home/robotics/ros2_cobot/install/mycobot_280_arduino/lib/python3.10/site-packages:/home/robotics/ros2_cobot/install/mycobot_280/lib/python3.10/site-packages:/home/robotics/ros2_cobot/install/mybuddy/lib/python3.10/site-packages:/home/robotics/ros2_cobot/install/myarm_300/lib/python3.10/site-packages:/home/robotics/ros2_cobot/install/mecharm_pi/lib/python3.10/site-packages:/home/robotics/ros2_cobot/install/mecharm/lib/python3.10/site-packages:/home/robotics/ros2_cobot/install/mecharm_interfaces/local/lib/python3.10/dist-packages:/opt/ros/humble/lib/python3.10/site-packages:/opt/ros/humble/local/lib/python3.10/dist-packages /usr/bin/python3 -W ignore:setup.py install is deprecated -W ignore:easy_install command is deprecated setup.py egg_info --egg-base ../../../../build/myarm_300 build --build-base /home/robotics/ros2_cobot/build/myarm_300/build install --record /home/robotics/ros2_cobot/build/myarm_300/install.log --single-version-externally-managed install_data
[7.246s] Level 1:colcon.colcon_core.environment:checking '/home/robotics/ros2_cobot/install/myarm_300/lib'
[7.246s] Level 1:colcon.colcon_core.environment:checking '/home/robotics/ros2_cobot/install/myarm_300/bin'
[7.246s] Level 1:colcon.colcon_core.environment:checking '/home/robotics/ros2_cobot/install/myarm_300/lib/pkgconfig/myarm_300.pc'
[7.246s] Level 1:colcon.colcon_core.environment:checking '/home/robotics/ros2_cobot/install/myarm_300/lib/python3.10/site-packages'
[7.246s] Level 1:colcon.colcon_core.shell:create_environment_hook('myarm_300', 'pythonpath')
[7.246s] INFO:colcon.colcon_core.shell:Creating environment hook '/home/robotics/ros2_cobot/install/myarm_300/share/myarm_300/hook/pythonpath.ps1'
[7.247s] INFO:colcon.colcon_core.shell:Creating environment descriptor '/home/robotics/ros2_cobot/install/myarm_300/share/myarm_300/hook/pythonpath.dsv'
[7.247s] INFO:colcon.colcon_core.shell:Creating environment hook '/home/robotics/ros2_cobot/install/myarm_300/share/myarm_300/hook/pythonpath.sh'
[7.247s] Level 1:colcon.colcon_core.environment:checking '/home/robotics/ros2_cobot/install/myarm_300/bin'
[7.247s] Level 1:colcon.colcon_core.environment:create_environment_scripts_only(myarm_300)
[7.248s] INFO:colcon.colcon_core.shell:Creating package script '/home/robotics/ros2_cobot/install/myarm_300/share/myarm_300/package.ps1'
[7.248s] INFO:colcon.colcon_core.shell:Creating package descriptor '/home/robotics/ros2_cobot/install/myarm_300/share/myarm_300/package.dsv'
[7.249s] INFO:colcon.colcon_core.shell:Creating package script '/home/robotics/ros2_cobot/install/myarm_300/share/myarm_300/package.sh'
[7.250s] INFO:colcon.colcon_core.shell:Creating package script '/home/robotics/ros2_cobot/install/myarm_300/share/myarm_300/package.bash'
[7.251s] INFO:colcon.colcon_core.shell:Creating package script '/home/robotics/ros2_cobot/install/myarm_300/share/myarm_300/package.zsh'
[7.251s] Level 1:colcon.colcon_core.environment:create_file_with_runtime_dependencies(/home/robotics/ros2_cobot/install/myarm_300/share/colcon-core/packages/myarm_300)
[7.252s] Level 1:colcon.colcon_core.environment:checking '/home/robotics/ros2_cobot/install/mycobot_280' for CMake module files
[7.252s] Level 1:colcon.colcon_core.environment:checking '/home/robotics/ros2_cobot/install/mycobot_280' for CMake config files
[7.253s] DEBUG:colcon.colcon_core.event_handler.log_command:Invoked command in '/home/robotics/ros2_cobot/src/mycobot_ros2/mycobot_280/mycobot_280' returned '0': AMENT_PREFIX_PATH=/home/robotics/ros2_cobot/install/mycobot_description:/home/robotics/ros2_cobot/install/ultraarm:/home/robotics/ros2_cobot/install/traj_scripts:/home/robotics/ros2_cobot/install/mypalletizer_communication:/home/robotics/ros2_cobot/install/mypalletizer_interfaces:/home/robotics/ros2_cobot/install/mypalletizer_260_pi:/home/robotics/ros2_cobot/install/mypalletizer_260:/home/robotics/ros2_cobot/install/myarm_m750:/home/robotics/ros2_cobot/install/myarm_c650:/home/robotics/ros2_cobot/install/mycobot_communication:/home/robotics/ros2_cobot/install/mecharm_communication:/home/robotics/ros2_cobot/install/mycobot_interfaces:/home/robotics/ros2_cobot/install/mycobot_630:/home/robotics/ros2_cobot/install/mycobot_600:/home/robotics/ros2_cobot/install/mycobot_320pi:/home/robotics/ros2_cobot/install/mycobot_320_riscv:/home/robotics/ros2_cobot/install/mycobot_320:/home/robotics/ros2_cobot/install/mycobot_280rdkx5_moveit2:/home/robotics/ros2_cobot/install/mycobot_280pi:/home/robotics/ros2_cobot/install/mycobot_280jn:/home/robotics/ros2_cobot/install/mycobot_280arduino_moveit2:/home/robotics/ros2_cobot/install/mycobot_280_x3pi:/home/robotics/ros2_cobot/install/mycobot_280_riscv:/home/robotics/ros2_cobot/install/mycobot_280_rdkx5:/home/robotics/ros2_cobot/install/mycobot_280_moveit2_control:/home/robotics/ros2_cobot/install/mycobot_280_moveit2:/home/robotics/ros2_cobot/install/mycobot_280_arduino:/home/robotics/ros2_cobot/install/mycobot_280:/home/robotics/ros2_cobot/install/mybuddy:/home/robotics/ros2_cobot/install/myarm_300:/home/robotics/ros2_cobot/install/mecharm_pi:/home/robotics/ros2_cobot/install/mecharm:/home/robotics/ros2_cobot/install/mecharm_interfaces:/opt/ros/humble PYTHONPATH=/home/robotics/ros2_cobot/build/mycobot_280/prefix_override:/usr/lib/python3/dist-packages/colcon_core/task/python/colcon_distutils_commands:/home/robotics/ros2_cobot/install/mycobot_280/lib/python3.10/site-packages:/home/robotics/ros2_cobot/install/mycobot_description/lib/python3.10/site-packages:/home/robotics/ros2_cobot/install/ultraarm/lib/python3.10/site-packages:/home/robotics/ros2_cobot/install/traj_scripts/local/lib/python3.10/dist-packages:/home/robotics/ros2_cobot/install/mypalletizer_communication/lib/python3.10/site-packages:/home/robotics/ros2_cobot/install/mypalletizer_interfaces/local/lib/python3.10/dist-packages:/home/robotics/ros2_cobot/install/mypalletizer_260_pi/lib/python3.10/site-packages:/home/robotics/ros2_cobot/install/mypalletizer_260/lib/python3.10/site-packages:/home/robotics/ros2_cobot/install/myarm_m750/lib/python3.10/site-packages:/home/robotics/ros2_cobot/install/myarm_c650/lib/python3.10/site-packages:/home/robotics/ros2_cobot/install/mycobot_communication/lib/python3.10/site-packages:/home/robotics/ros2_cobot/install/mecharm_communication/lib/python3.10/site-packages:/home/robotics/ros2_cobot/install/mycobot_interfaces/local/lib/python3.10/dist-packages:/home/robotics/ros2_cobot/install/mycobot_630/lib/python3.10/site-packages:/home/robotics/ros2_cobot/install/mycobot_600/lib/python3.10/site-packages:/home/robotics/ros2_cobot/install/mycobot_320pi/lib/python3.10/site-packages:/home/robotics/ros2_cobot/install/mycobot_320_riscv/lib/python3.10/site-packages:/home/robotics/ros2_cobot/install/mycobot_320/lib/python3.10/site-packages:/home/robotics/ros2_cobot/install/mycobot_280pi/lib/python3.10/site-packages:/home/robotics/ros2_cobot/install/mycobot_280jn/lib/python3.10/site-packages:/home/robotics/ros2_cobot/install/mycobot_280_x3pi/lib/python3.10/site-packages:/home/robotics/ros2_cobot/install/mycobot_280_riscv/lib/python3.10/site-packages:/home/robotics/ros2_cobot/install/mycobot_280_rdkx5/lib/python3.10/site-packages:/home/robotics/ros2_cobot/install/mycobot_280_moveit2_control/lib/python3.10/site-packages:/home/robotics/ros2_cobot/install/mycobot_280_arduino/lib/python3.10/site-packages:/home/robotics/ros2_cobot/install/mycobot_280/lib/python3.10/site-packages:/home/robotics/ros2_cobot/install/mybuddy/lib/python3.10/site-packages:/home/robotics/ros2_cobot/install/myarm_300/lib/python3.10/site-packages:/home/robotics/ros2_cobot/install/mecharm_pi/lib/python3.10/site-packages:/home/robotics/ros2_cobot/install/mecharm/lib/python3.10/site-packages:/home/robotics/ros2_cobot/install/mecharm_interfaces/local/lib/python3.10/dist-packages:/opt/ros/humble/lib/python3.10/site-packages:/opt/ros/humble/local/lib/python3.10/dist-packages /usr/bin/python3 -W ignore:setup.py install is deprecated -W ignore:easy_install command is deprecated setup.py egg_info --egg-base ../../../../build/mycobot_280 build --build-base /home/robotics/ros2_cobot/build/mycobot_280/build install --record /home/robotics/ros2_cobot/build/mycobot_280/install.log --single-version-externally-managed install_data
[7.253s] Level 1:colcon.colcon_core.environment:checking '/home/robotics/ros2_cobot/install/mycobot_280/lib'
[7.253s] Level 1:colcon.colcon_core.environment:checking '/home/robotics/ros2_cobot/install/mycobot_280/bin'
[7.253s] Level 1:colcon.colcon_core.environment:checking '/home/robotics/ros2_cobot/install/mycobot_280/lib/pkgconfig/mycobot_280.pc'
[7.254s] Level 1:colcon.colcon_core.environment:checking '/home/robotics/ros2_cobot/install/mycobot_280/lib/python3.10/site-packages'
[7.254s] Level 1:colcon.colcon_core.shell:create_environment_hook('mycobot_280', 'pythonpath')
[7.254s] INFO:colcon.colcon_core.shell:Creating environment hook '/home/robotics/ros2_cobot/install/mycobot_280/share/mycobot_280/hook/pythonpath.ps1'
[7.254s] INFO:colcon.colcon_core.shell:Creating environment descriptor '/home/robotics/ros2_cobot/install/mycobot_280/share/mycobot_280/hook/pythonpath.dsv'
[7.254s] INFO:colcon.colcon_core.shell:Creating environment hook '/home/robotics/ros2_cobot/install/mycobot_280/share/mycobot_280/hook/pythonpath.sh'
[7.255s] Level 1:colcon.colcon_core.environment:checking '/home/robotics/ros2_cobot/install/mycobot_280/bin'
[7.255s] Level 1:colcon.colcon_core.environment:create_environment_scripts_only(mycobot_280)
[7.255s] INFO:colcon.colcon_core.shell:Creating package script '/home/robotics/ros2_cobot/install/mycobot_280/share/mycobot_280/package.ps1'
[7.255s] INFO:colcon.colcon_core.shell:Creating package descriptor '/home/robotics/ros2_cobot/install/mycobot_280/share/mycobot_280/package.dsv'
[7.256s] INFO:colcon.colcon_core.shell:Creating package script '/home/robotics/ros2_cobot/install/mycobot_280/share/mycobot_280/package.sh'
[7.256s] INFO:colcon.colcon_core.shell:Creating package script '/home/robotics/ros2_cobot/install/mycobot_280/share/mycobot_280/package.bash'
[7.256s] INFO:colcon.colcon_core.shell:Creating package script '/home/robotics/ros2_cobot/install/mycobot_280/share/mycobot_280/package.zsh'
[7.256s] Level 1:colcon.colcon_core.environment:create_file_with_runtime_dependencies(/home/robotics/ros2_cobot/install/mycobot_280/share/colcon-core/packages/mycobot_280)
[7.257s] Level 1:colcon.colcon_core.environment:checking '/home/robotics/ros2_cobot/install/mycobot_280_arduino' for CMake module files
[7.257s] Level 1:colcon.colcon_core.environment:checking '/home/robotics/ros2_cobot/install/mycobot_280_arduino' for CMake config files
[7.258s] DEBUG:colcon.colcon_core.event_handler.log_command:Invoked command in '/home/robotics/ros2_cobot/src/mycobot_ros2/mycobot_280/mycobot_280_arduino' returned '0': AMENT_PREFIX_PATH=/home/robotics/ros2_cobot/install/mycobot_description:/home/robotics/ros2_cobot/install/ultraarm:/home/robotics/ros2_cobot/install/traj_scripts:/home/robotics/ros2_cobot/install/mypalletizer_communication:/home/robotics/ros2_cobot/install/mypalletizer_interfaces:/home/robotics/ros2_cobot/install/mypalletizer_260_pi:/home/robotics/ros2_cobot/install/mypalletizer_260:/home/robotics/ros2_cobot/install/myarm_m750:/home/robotics/ros2_cobot/install/myarm_c650:/home/robotics/ros2_cobot/install/mycobot_communication:/home/robotics/ros2_cobot/install/mecharm_communication:/home/robotics/ros2_cobot/install/mycobot_interfaces:/home/robotics/ros2_cobot/install/mycobot_630:/home/robotics/ros2_cobot/install/mycobot_600:/home/robotics/ros2_cobot/install/mycobot_320pi:/home/robotics/ros2_cobot/install/mycobot_320_riscv:/home/robotics/ros2_cobot/install/mycobot_320:/home/robotics/ros2_cobot/install/mycobot_280rdkx5_moveit2:/home/robotics/ros2_cobot/install/mycobot_280pi:/home/robotics/ros2_cobot/install/mycobot_280jn:/home/robotics/ros2_cobot/install/mycobot_280arduino_moveit2:/home/robotics/ros2_cobot/install/mycobot_280_x3pi:/home/robotics/ros2_cobot/install/mycobot_280_riscv:/home/robotics/ros2_cobot/install/mycobot_280_rdkx5:/home/robotics/ros2_cobot/install/mycobot_280_moveit2_control:/home/robotics/ros2_cobot/install/mycobot_280_moveit2:/home/robotics/ros2_cobot/install/mycobot_280_arduino:/home/robotics/ros2_cobot/install/mycobot_280:/home/robotics/ros2_cobot/install/mybuddy:/home/robotics/ros2_cobot/install/myarm_300:/home/robotics/ros2_cobot/install/mecharm_pi:/home/robotics/ros2_cobot/install/mecharm:/home/robotics/ros2_cobot/install/mecharm_interfaces:/opt/ros/humble PYTHONPATH=/home/robotics/ros2_cobot/build/mycobot_280_arduino/prefix_override:/usr/lib/python3/dist-packages/colcon_core/task/python/colcon_distutils_commands:/home/robotics/ros2_cobot/install/mycobot_280_arduino/lib/python3.10/site-packages:/home/robotics/ros2_cobot/install/mycobot_description/lib/python3.10/site-packages:/home/robotics/ros2_cobot/install/ultraarm/lib/python3.10/site-packages:/home/robotics/ros2_cobot/install/traj_scripts/local/lib/python3.10/dist-packages:/home/robotics/ros2_cobot/install/mypalletizer_communication/lib/python3.10/site-packages:/home/robotics/ros2_cobot/install/mypalletizer_interfaces/local/lib/python3.10/dist-packages:/home/robotics/ros2_cobot/install/mypalletizer_260_pi/lib/python3.10/site-packages:/home/robotics/ros2_cobot/install/mypalletizer_260/lib/python3.10/site-packages:/home/robotics/ros2_cobot/install/myarm_m750/lib/python3.10/site-packages:/home/robotics/ros2_cobot/install/myarm_c650/lib/python3.10/site-packages:/home/robotics/ros2_cobot/install/mycobot_communication/lib/python3.10/site-packages:/home/robotics/ros2_cobot/install/mecharm_communication/lib/python3.10/site-packages:/home/robotics/ros2_cobot/install/mycobot_interfaces/local/lib/python3.10/dist-packages:/home/robotics/ros2_cobot/install/mycobot_630/lib/python3.10/site-packages:/home/robotics/ros2_cobot/install/mycobot_600/lib/python3.10/site-packages:/home/robotics/ros2_cobot/install/mycobot_320pi/lib/python3.10/site-packages:/home/robotics/ros2_cobot/install/mycobot_320_riscv/lib/python3.10/site-packages:/home/robotics/ros2_cobot/install/mycobot_320/lib/python3.10/site-packages:/home/robotics/ros2_cobot/install/mycobot_280pi/lib/python3.10/site-packages:/home/robotics/ros2_cobot/install/mycobot_280jn/lib/python3.10/site-packages:/home/robotics/ros2_cobot/install/mycobot_280_x3pi/lib/python3.10/site-packages:/home/robotics/ros2_cobot/install/mycobot_280_riscv/lib/python3.10/site-packages:/home/robotics/ros2_cobot/install/mycobot_280_rdkx5/lib/python3.10/site-packages:/home/robotics/ros2_cobot/install/mycobot_280_moveit2_control/lib/python3.10/site-packages:/home/robotics/ros2_cobot/install/mycobot_280_arduino/lib/python3.10/site-packages:/home/robotics/ros2_cobot/install/mycobot_280/lib/python3.10/site-packages:/home/robotics/ros2_cobot/install/mybuddy/lib/python3.10/site-packages:/home/robotics/ros2_cobot/install/myarm_300/lib/python3.10/site-packages:/home/robotics/ros2_cobot/install/mecharm_pi/lib/python3.10/site-packages:/home/robotics/ros2_cobot/install/mecharm/lib/python3.10/site-packages:/home/robotics/ros2_cobot/install/mecharm_interfaces/local/lib/python3.10/dist-packages:/opt/ros/humble/lib/python3.10/site-packages:/opt/ros/humble/local/lib/python3.10/dist-packages /usr/bin/python3 -W ignore:setup.py install is deprecated -W ignore:easy_install command is deprecated setup.py egg_info --egg-base ../../../../build/mycobot_280_arduino build --build-base /home/robotics/ros2_cobot/build/mycobot_280_arduino/build install --record /home/robotics/ros2_cobot/build/mycobot_280_arduino/install.log --single-version-externally-managed install_data
[7.258s] Level 1:colcon.colcon_core.environment:checking '/home/robotics/ros2_cobot/install/mycobot_280_arduino/lib'
[7.258s] Level 1:colcon.colcon_core.environment:checking '/home/robotics/ros2_cobot/install/mycobot_280_arduino/bin'
[7.258s] Level 1:colcon.colcon_core.environment:checking '/home/robotics/ros2_cobot/install/mycobot_280_arduino/lib/pkgconfig/mycobot_280_arduino.pc'
[7.258s] Level 1:colcon.colcon_core.environment:checking '/home/robotics/ros2_cobot/install/mycobot_280_arduino/lib/python3.10/site-packages'
[7.258s] Level 1:colcon.colcon_core.shell:create_environment_hook('mycobot_280_arduino', 'pythonpath')
[7.259s] INFO:colcon.colcon_core.shell:Creating environment hook '/home/robotics/ros2_cobot/install/mycobot_280_arduino/share/mycobot_280_arduino/hook/pythonpath.ps1'
[7.259s] INFO:colcon.colcon_core.shell:Creating environment descriptor '/home/robotics/ros2_cobot/install/mycobot_280_arduino/share/mycobot_280_arduino/hook/pythonpath.dsv'
[7.259s] INFO:colcon.colcon_core.shell:Creating environment hook '/home/robotics/ros2_cobot/install/mycobot_280_arduino/share/mycobot_280_arduino/hook/pythonpath.sh'
[7.260s] Level 1:colcon.colcon_core.environment:checking '/home/robotics/ros2_cobot/install/mycobot_280_arduino/bin'
[7.260s] Level 1:colcon.colcon_core.environment:create_environment_scripts_only(mycobot_280_arduino)
[7.260s] INFO:colcon.colcon_core.shell:Creating package script '/home/robotics/ros2_cobot/install/mycobot_280_arduino/share/mycobot_280_arduino/package.ps1'
[7.260s] INFO:colcon.colcon_core.shell:Creating package descriptor '/home/robotics/ros2_cobot/install/mycobot_280_arduino/share/mycobot_280_arduino/package.dsv'
[7.260s] INFO:colcon.colcon_core.shell:Creating package script '/home/robotics/ros2_cobot/install/mycobot_280_arduino/share/mycobot_280_arduino/package.sh'
[7.261s] INFO:colcon.colcon_core.shell:Creating package script '/home/robotics/ros2_cobot/install/mycobot_280_arduino/share/mycobot_280_arduino/package.bash'
[7.261s] INFO:colcon.colcon_core.shell:Creating package script '/home/robotics/ros2_cobot/install/mycobot_280_arduino/share/mycobot_280_arduino/package.zsh'
[7.261s] Level 1:colcon.colcon_core.environment:create_file_with_runtime_dependencies(/home/robotics/ros2_cobot/install/mycobot_280_arduino/share/colcon-core/packages/mycobot_280_arduino)
[7.262s] Level 1:colcon.colcon_core.environment:checking '/home/robotics/ros2_cobot/install/mecharm' for CMake module files
[7.262s] Level 1:colcon.colcon_core.environment:checking '/home/robotics/ros2_cobot/install/mecharm' for CMake config files
[7.263s] DEBUG:colcon.colcon_core.event_handler.log_command:Invoked command in '/home/robotics/ros2_cobot/src/mycobot_ros2/mecharm/mecharm' returned '0': AMENT_PREFIX_PATH=/home/robotics/ros2_cobot/install/mycobot_description:/home/robotics/ros2_cobot/install/ultraarm:/home/robotics/ros2_cobot/install/traj_scripts:/home/robotics/ros2_cobot/install/mypalletizer_communication:/home/robotics/ros2_cobot/install/mypalletizer_interfaces:/home/robotics/ros2_cobot/install/mypalletizer_260_pi:/home/robotics/ros2_cobot/install/mypalletizer_260:/home/robotics/ros2_cobot/install/myarm_m750:/home/robotics/ros2_cobot/install/myarm_c650:/home/robotics/ros2_cobot/install/mycobot_communication:/home/robotics/ros2_cobot/install/mecharm_communication:/home/robotics/ros2_cobot/install/mycobot_interfaces:/home/robotics/ros2_cobot/install/mycobot_630:/home/robotics/ros2_cobot/install/mycobot_600:/home/robotics/ros2_cobot/install/mycobot_320pi:/home/robotics/ros2_cobot/install/mycobot_320_riscv:/home/robotics/ros2_cobot/install/mycobot_320:/home/robotics/ros2_cobot/install/mycobot_280rdkx5_moveit2:/home/robotics/ros2_cobot/install/mycobot_280pi:/home/robotics/ros2_cobot/install/mycobot_280jn:/home/robotics/ros2_cobot/install/mycobot_280arduino_moveit2:/home/robotics/ros2_cobot/install/mycobot_280_x3pi:/home/robotics/ros2_cobot/install/mycobot_280_riscv:/home/robotics/ros2_cobot/install/mycobot_280_rdkx5:/home/robotics/ros2_cobot/install/mycobot_280_moveit2_control:/home/robotics/ros2_cobot/install/mycobot_280_moveit2:/home/robotics/ros2_cobot/install/mycobot_280_arduino:/home/robotics/ros2_cobot/install/mycobot_280:/home/robotics/ros2_cobot/install/mybuddy:/home/robotics/ros2_cobot/install/myarm_300:/home/robotics/ros2_cobot/install/mecharm_pi:/home/robotics/ros2_cobot/install/mecharm:/home/robotics/ros2_cobot/install/mecharm_interfaces:/opt/ros/humble PYTHONPATH=/home/robotics/ros2_cobot/build/mecharm/prefix_override:/usr/lib/python3/dist-packages/colcon_core/task/python/colcon_distutils_commands:/home/robotics/ros2_cobot/install/mecharm/lib/python3.10/site-packages:/home/robotics/ros2_cobot/install/mycobot_description/lib/python3.10/site-packages:/home/robotics/ros2_cobot/install/ultraarm/lib/python3.10/site-packages:/home/robotics/ros2_cobot/install/traj_scripts/local/lib/python3.10/dist-packages:/home/robotics/ros2_cobot/install/mypalletizer_communication/lib/python3.10/site-packages:/home/robotics/ros2_cobot/install/mypalletizer_interfaces/local/lib/python3.10/dist-packages:/home/robotics/ros2_cobot/install/mypalletizer_260_pi/lib/python3.10/site-packages:/home/robotics/ros2_cobot/install/mypalletizer_260/lib/python3.10/site-packages:/home/robotics/ros2_cobot/install/myarm_m750/lib/python3.10/site-packages:/home/robotics/ros2_cobot/install/myarm_c650/lib/python3.10/site-packages:/home/robotics/ros2_cobot/install/mycobot_communication/lib/python3.10/site-packages:/home/robotics/ros2_cobot/install/mecharm_communication/lib/python3.10/site-packages:/home/robotics/ros2_cobot/install/mycobot_interfaces/local/lib/python3.10/dist-packages:/home/robotics/ros2_cobot/install/mycobot_630/lib/python3.10/site-packages:/home/robotics/ros2_cobot/install/mycobot_600/lib/python3.10/site-packages:/home/robotics/ros2_cobot/install/mycobot_320pi/lib/python3.10/site-packages:/home/robotics/ros2_cobot/install/mycobot_320_riscv/lib/python3.10/site-packages:/home/robotics/ros2_cobot/install/mycobot_320/lib/python3.10/site-packages:/home/robotics/ros2_cobot/install/mycobot_280pi/lib/python3.10/site-packages:/home/robotics/ros2_cobot/install/mycobot_280jn/lib/python3.10/site-packages:/home/robotics/ros2_cobot/install/mycobot_280_x3pi/lib/python3.10/site-packages:/home/robotics/ros2_cobot/install/mycobot_280_riscv/lib/python3.10/site-packages:/home/robotics/ros2_cobot/install/mycobot_280_rdkx5/lib/python3.10/site-packages:/home/robotics/ros2_cobot/install/mycobot_280_moveit2_control/lib/python3.10/site-packages:/home/robotics/ros2_cobot/install/mycobot_280_arduino/lib/python3.10/site-packages:/home/robotics/ros2_cobot/install/mycobot_280/lib/python3.10/site-packages:/home/robotics/ros2_cobot/install/mybuddy/lib/python3.10/site-packages:/home/robotics/ros2_cobot/install/myarm_300/lib/python3.10/site-packages:/home/robotics/ros2_cobot/install/mecharm_pi/lib/python3.10/site-packages:/home/robotics/ros2_cobot/install/mecharm/lib/python3.10/site-packages:/home/robotics/ros2_cobot/install/mecharm_interfaces/local/lib/python3.10/dist-packages:/opt/ros/humble/lib/python3.10/site-packages:/opt/ros/humble/local/lib/python3.10/dist-packages /usr/bin/python3 -W ignore:setup.py install is deprecated -W ignore:easy_install command is deprecated setup.py egg_info --egg-base ../../../../build/mecharm build --build-base /home/robotics/ros2_cobot/build/mecharm/build install --record /home/robotics/ros2_cobot/build/mecharm/install.log --single-version-externally-managed install_data
[7.264s] Level 1:colcon.colcon_core.environment:checking '/home/robotics/ros2_cobot/install/mecharm/lib'
[7.264s] Level 1:colcon.colcon_core.environment:checking '/home/robotics/ros2_cobot/install/mecharm/bin'
[7.264s] Level 1:colcon.colcon_core.environment:checking '/home/robotics/ros2_cobot/install/mecharm/lib/pkgconfig/mecharm.pc'
[7.264s] Level 1:colcon.colcon_core.environment:checking '/home/robotics/ros2_cobot/install/mecharm/lib/python3.10/site-packages'
[7.264s] Level 1:colcon.colcon_core.shell:create_environment_hook('mecharm', 'pythonpath')
[7.264s] INFO:colcon.colcon_core.shell:Creating environment hook '/home/robotics/ros2_cobot/install/mecharm/share/mecharm/hook/pythonpath.ps1'
[7.265s] INFO:colcon.colcon_core.shell:Creating environment descriptor '/home/robotics/ros2_cobot/install/mecharm/share/mecharm/hook/pythonpath.dsv'
[7.265s] INFO:colcon.colcon_core.shell:Creating environment hook '/home/robotics/ros2_cobot/install/mecharm/share/mecharm/hook/pythonpath.sh'
[7.265s] Level 1:colcon.colcon_core.environment:checking '/home/robotics/ros2_cobot/install/mecharm/bin'
[7.266s] Level 1:colcon.colcon_core.environment:create_environment_scripts_only(mecharm)
[7.266s] INFO:colcon.colcon_core.shell:Creating package script '/home/robotics/ros2_cobot/install/mecharm/share/mecharm/package.ps1'
[7.267s] INFO:colcon.colcon_core.shell:Creating package descriptor '/home/robotics/ros2_cobot/install/mecharm/share/mecharm/package.dsv'
[7.268s] INFO:colcon.colcon_core.shell:Creating package script '/home/robotics/ros2_cobot/install/mecharm/share/mecharm/package.sh'
[7.268s] INFO:colcon.colcon_core.shell:Creating package script '/home/robotics/ros2_cobot/install/mecharm/share/mecharm/package.bash'
[7.268s] INFO:colcon.colcon_core.shell:Creating package script '/home/robotics/ros2_cobot/install/mecharm/share/mecharm/package.zsh'
[7.268s] Level 1:colcon.colcon_core.environment:create_file_with_runtime_dependencies(/home/robotics/ros2_cobot/install/mecharm/share/colcon-core/packages/mecharm)
[7.269s] Level 1:colcon.colcon_core.environment:checking '/home/robotics/ros2_cobot/install/mycobot_280_riscv' for CMake module files
[7.270s] Level 1:colcon.colcon_core.environment:checking '/home/robotics/ros2_cobot/install/mycobot_280_riscv' for CMake config files
[7.270s] DEBUG:colcon.colcon_core.event_handler.log_command:Invoked command in '/home/robotics/ros2_cobot/src/mycobot_ros2/mycobot_280/mycobot_280_riscv' returned '0': AMENT_PREFIX_PATH=/home/robotics/ros2_cobot/install/mycobot_description:/home/robotics/ros2_cobot/install/ultraarm:/home/robotics/ros2_cobot/install/traj_scripts:/home/robotics/ros2_cobot/install/mypalletizer_communication:/home/robotics/ros2_cobot/install/mypalletizer_interfaces:/home/robotics/ros2_cobot/install/mypalletizer_260_pi:/home/robotics/ros2_cobot/install/mypalletizer_260:/home/robotics/ros2_cobot/install/myarm_m750:/home/robotics/ros2_cobot/install/myarm_c650:/home/robotics/ros2_cobot/install/mycobot_communication:/home/robotics/ros2_cobot/install/mecharm_communication:/home/robotics/ros2_cobot/install/mycobot_interfaces:/home/robotics/ros2_cobot/install/mycobot_630:/home/robotics/ros2_cobot/install/mycobot_600:/home/robotics/ros2_cobot/install/mycobot_320pi:/home/robotics/ros2_cobot/install/mycobot_320_riscv:/home/robotics/ros2_cobot/install/mycobot_320:/home/robotics/ros2_cobot/install/mycobot_280rdkx5_moveit2:/home/robotics/ros2_cobot/install/mycobot_280pi:/home/robotics/ros2_cobot/install/mycobot_280jn:/home/robotics/ros2_cobot/install/mycobot_280arduino_moveit2:/home/robotics/ros2_cobot/install/mycobot_280_x3pi:/home/robotics/ros2_cobot/install/mycobot_280_riscv:/home/robotics/ros2_cobot/install/mycobot_280_rdkx5:/home/robotics/ros2_cobot/install/mycobot_280_moveit2_control:/home/robotics/ros2_cobot/install/mycobot_280_moveit2:/home/robotics/ros2_cobot/install/mycobot_280_arduino:/home/robotics/ros2_cobot/install/mycobot_280:/home/robotics/ros2_cobot/install/mybuddy:/home/robotics/ros2_cobot/install/myarm_300:/home/robotics/ros2_cobot/install/mecharm_pi:/home/robotics/ros2_cobot/install/mecharm:/home/robotics/ros2_cobot/install/mecharm_interfaces:/opt/ros/humble PYTHONPATH=/home/robotics/ros2_cobot/build/mycobot_280_riscv/prefix_override:/usr/lib/python3/dist-packages/colcon_core/task/python/colcon_distutils_commands:/home/robotics/ros2_cobot/install/mycobot_280_riscv/lib/python3.10/site-packages:/home/robotics/ros2_cobot/install/mycobot_description/lib/python3.10/site-packages:/home/robotics/ros2_cobot/install/ultraarm/lib/python3.10/site-packages:/home/robotics/ros2_cobot/install/traj_scripts/local/lib/python3.10/dist-packages:/home/robotics/ros2_cobot/install/mypalletizer_communication/lib/python3.10/site-packages:/home/robotics/ros2_cobot/install/mypalletizer_interfaces/local/lib/python3.10/dist-packages:/home/robotics/ros2_cobot/install/mypalletizer_260_pi/lib/python3.10/site-packages:/home/robotics/ros2_cobot/install/mypalletizer_260/lib/python3.10/site-packages:/home/robotics/ros2_cobot/install/myarm_m750/lib/python3.10/site-packages:/home/robotics/ros2_cobot/install/myarm_c650/lib/python3.10/site-packages:/home/robotics/ros2_cobot/install/mycobot_communication/lib/python3.10/site-packages:/home/robotics/ros2_cobot/install/mecharm_communication/lib/python3.10/site-packages:/home/robotics/ros2_cobot/install/mycobot_interfaces/local/lib/python3.10/dist-packages:/home/robotics/ros2_cobot/install/mycobot_630/lib/python3.10/site-packages:/home/robotics/ros2_cobot/install/mycobot_600/lib/python3.10/site-packages:/home/robotics/ros2_cobot/install/mycobot_320pi/lib/python3.10/site-packages:/home/robotics/ros2_cobot/install/mycobot_320_riscv/lib/python3.10/site-packages:/home/robotics/ros2_cobot/install/mycobot_320/lib/python3.10/site-packages:/home/robotics/ros2_cobot/install/mycobot_280pi/lib/python3.10/site-packages:/home/robotics/ros2_cobot/install/mycobot_280jn/lib/python3.10/site-packages:/home/robotics/ros2_cobot/install/mycobot_280_x3pi/lib/python3.10/site-packages:/home/robotics/ros2_cobot/install/mycobot_280_riscv/lib/python3.10/site-packages:/home/robotics/ros2_cobot/install/mycobot_280_rdkx5/lib/python3.10/site-packages:/home/robotics/ros2_cobot/install/mycobot_280_moveit2_control/lib/python3.10/site-packages:/home/robotics/ros2_cobot/install/mycobot_280_arduino/lib/python3.10/site-packages:/home/robotics/ros2_cobot/install/mycobot_280/lib/python3.10/site-packages:/home/robotics/ros2_cobot/install/mybuddy/lib/python3.10/site-packages:/home/robotics/ros2_cobot/install/myarm_300/lib/python3.10/site-packages:/home/robotics/ros2_cobot/install/mecharm_pi/lib/python3.10/site-packages:/home/robotics/ros2_cobot/install/mecharm/lib/python3.10/site-packages:/home/robotics/ros2_cobot/install/mecharm_interfaces/local/lib/python3.10/dist-packages:/opt/ros/humble/lib/python3.10/site-packages:/opt/ros/humble/local/lib/python3.10/dist-packages /usr/bin/python3 -W ignore:setup.py install is deprecated -W ignore:easy_install command is deprecated setup.py egg_info --egg-base ../../../../build/mycobot_280_riscv build --build-base /home/robotics/ros2_cobot/build/mycobot_280_riscv/build install --record /home/robotics/ros2_cobot/build/mycobot_280_riscv/install.log --single-version-externally-managed install_data
[7.270s] Level 1:colcon.colcon_core.environment:checking '/home/robotics/ros2_cobot/install/mycobot_280_riscv/lib'
[7.270s] Level 1:colcon.colcon_core.environment:checking '/home/robotics/ros2_cobot/install/mycobot_280_riscv/bin'
[7.270s] Level 1:colcon.colcon_core.environment:checking '/home/robotics/ros2_cobot/install/mycobot_280_riscv/lib/pkgconfig/mycobot_280_riscv.pc'
[7.271s] Level 1:colcon.colcon_core.environment:checking '/home/robotics/ros2_cobot/install/mycobot_280_riscv/lib/python3.10/site-packages'
[7.271s] Level 1:colcon.colcon_core.shell:create_environment_hook('mycobot_280_riscv', 'pythonpath')
[7.271s] INFO:colcon.colcon_core.shell:Creating environment hook '/home/robotics/ros2_cobot/install/mycobot_280_riscv/share/mycobot_280_riscv/hook/pythonpath.ps1'
[7.271s] INFO:colcon.colcon_core.shell:Creating environment descriptor '/home/robotics/ros2_cobot/install/mycobot_280_riscv/share/mycobot_280_riscv/hook/pythonpath.dsv'
[7.272s] INFO:colcon.colcon_core.shell:Creating environment hook '/home/robotics/ros2_cobot/install/mycobot_280_riscv/share/mycobot_280_riscv/hook/pythonpath.sh'
[7.272s] Level 1:colcon.colcon_core.environment:checking '/home/robotics/ros2_cobot/install/mycobot_280_riscv/bin'
[7.272s] Level 1:colcon.colcon_core.environment:create_environment_scripts_only(mycobot_280_riscv)
[7.272s] INFO:colcon.colcon_core.shell:Creating package script '/home/robotics/ros2_cobot/install/mycobot_280_riscv/share/mycobot_280_riscv/package.ps1'
[7.273s] INFO:colcon.colcon_core.shell:Creating package descriptor '/home/robotics/ros2_cobot/install/mycobot_280_riscv/share/mycobot_280_riscv/package.dsv'
[7.273s] INFO:colcon.colcon_core.shell:Creating package script '/home/robotics/ros2_cobot/install/mycobot_280_riscv/share/mycobot_280_riscv/package.sh'
[7.273s] INFO:colcon.colcon_core.shell:Creating package script '/home/robotics/ros2_cobot/install/mycobot_280_riscv/share/mycobot_280_riscv/package.bash'
[7.273s] INFO:colcon.colcon_core.shell:Creating package script '/home/robotics/ros2_cobot/install/mycobot_280_riscv/share/mycobot_280_riscv/package.zsh'
[7.274s] Level 1:colcon.colcon_core.environment:create_file_with_runtime_dependencies(/home/robotics/ros2_cobot/install/mycobot_280_riscv/share/colcon-core/packages/mycobot_280_riscv)
[7.274s] Level 1:colcon.colcon_core.environment:checking '/home/robotics/ros2_cobot/install/mycobot_280_x3pi' for CMake module files
[7.275s] Level 1:colcon.colcon_core.environment:checking '/home/robotics/ros2_cobot/install/mycobot_280_x3pi' for CMake config files
[7.275s] DEBUG:colcon.colcon_core.event_handler.log_command:Invoked command in '/home/robotics/ros2_cobot/src/mycobot_ros2/mycobot_280/mycobot_280_x3pi' returned '0': AMENT_PREFIX_PATH=/home/robotics/ros2_cobot/install/mycobot_description:/home/robotics/ros2_cobot/install/ultraarm:/home/robotics/ros2_cobot/install/traj_scripts:/home/robotics/ros2_cobot/install/mypalletizer_communication:/home/robotics/ros2_cobot/install/mypalletizer_interfaces:/home/robotics/ros2_cobot/install/mypalletizer_260_pi:/home/robotics/ros2_cobot/install/mypalletizer_260:/home/robotics/ros2_cobot/install/myarm_m750:/home/robotics/ros2_cobot/install/myarm_c650:/home/robotics/ros2_cobot/install/mycobot_communication:/home/robotics/ros2_cobot/install/mecharm_communication:/home/robotics/ros2_cobot/install/mycobot_interfaces:/home/robotics/ros2_cobot/install/mycobot_630:/home/robotics/ros2_cobot/install/mycobot_600:/home/robotics/ros2_cobot/install/mycobot_320pi:/home/robotics/ros2_cobot/install/mycobot_320_riscv:/home/robotics/ros2_cobot/install/mycobot_320:/home/robotics/ros2_cobot/install/mycobot_280rdkx5_moveit2:/home/robotics/ros2_cobot/install/mycobot_280pi:/home/robotics/ros2_cobot/install/mycobot_280jn:/home/robotics/ros2_cobot/install/mycobot_280arduino_moveit2:/home/robotics/ros2_cobot/install/mycobot_280_x3pi:/home/robotics/ros2_cobot/install/mycobot_280_riscv:/home/robotics/ros2_cobot/install/mycobot_280_rdkx5:/home/robotics/ros2_cobot/install/mycobot_280_moveit2_control:/home/robotics/ros2_cobot/install/mycobot_280_moveit2:/home/robotics/ros2_cobot/install/mycobot_280_arduino:/home/robotics/ros2_cobot/install/mycobot_280:/home/robotics/ros2_cobot/install/mybuddy:/home/robotics/ros2_cobot/install/myarm_300:/home/robotics/ros2_cobot/install/mecharm_pi:/home/robotics/ros2_cobot/install/mecharm:/home/robotics/ros2_cobot/install/mecharm_interfaces:/opt/ros/humble PYTHONPATH=/home/robotics/ros2_cobot/build/mycobot_280_x3pi/prefix_override:/usr/lib/python3/dist-packages/colcon_core/task/python/colcon_distutils_commands:/home/robotics/ros2_cobot/install/mycobot_280_x3pi/lib/python3.10/site-packages:/home/robotics/ros2_cobot/install/mycobot_description/lib/python3.10/site-packages:/home/robotics/ros2_cobot/install/ultraarm/lib/python3.10/site-packages:/home/robotics/ros2_cobot/install/traj_scripts/local/lib/python3.10/dist-packages:/home/robotics/ros2_cobot/install/mypalletizer_communication/lib/python3.10/site-packages:/home/robotics/ros2_cobot/install/mypalletizer_interfaces/local/lib/python3.10/dist-packages:/home/robotics/ros2_cobot/install/mypalletizer_260_pi/lib/python3.10/site-packages:/home/robotics/ros2_cobot/install/mypalletizer_260/lib/python3.10/site-packages:/home/robotics/ros2_cobot/install/myarm_m750/lib/python3.10/site-packages:/home/robotics/ros2_cobot/install/myarm_c650/lib/python3.10/site-packages:/home/robotics/ros2_cobot/install/mycobot_communication/lib/python3.10/site-packages:/home/robotics/ros2_cobot/install/mecharm_communication/lib/python3.10/site-packages:/home/robotics/ros2_cobot/install/mycobot_interfaces/local/lib/python3.10/dist-packages:/home/robotics/ros2_cobot/install/mycobot_630/lib/python3.10/site-packages:/home/robotics/ros2_cobot/install/mycobot_600/lib/python3.10/site-packages:/home/robotics/ros2_cobot/install/mycobot_320pi/lib/python3.10/site-packages:/home/robotics/ros2_cobot/install/mycobot_320_riscv/lib/python3.10/site-packages:/home/robotics/ros2_cobot/install/mycobot_320/lib/python3.10/site-packages:/home/robotics/ros2_cobot/install/mycobot_280pi/lib/python3.10/site-packages:/home/robotics/ros2_cobot/install/mycobot_280jn/lib/python3.10/site-packages:/home/robotics/ros2_cobot/install/mycobot_280_x3pi/lib/python3.10/site-packages:/home/robotics/ros2_cobot/install/mycobot_280_riscv/lib/python3.10/site-packages:/home/robotics/ros2_cobot/install/mycobot_280_rdkx5/lib/python3.10/site-packages:/home/robotics/ros2_cobot/install/mycobot_280_moveit2_control/lib/python3.10/site-packages:/home/robotics/ros2_cobot/install/mycobot_280_arduino/lib/python3.10/site-packages:/home/robotics/ros2_cobot/install/mycobot_280/lib/python3.10/site-packages:/home/robotics/ros2_cobot/install/mybuddy/lib/python3.10/site-packages:/home/robotics/ros2_cobot/install/myarm_300/lib/python3.10/site-packages:/home/robotics/ros2_cobot/install/mecharm_pi/lib/python3.10/site-packages:/home/robotics/ros2_cobot/install/mecharm/lib/python3.10/site-packages:/home/robotics/ros2_cobot/install/mecharm_interfaces/local/lib/python3.10/dist-packages:/opt/ros/humble/lib/python3.10/site-packages:/opt/ros/humble/local/lib/python3.10/dist-packages /usr/bin/python3 -W ignore:setup.py install is deprecated -W ignore:easy_install command is deprecated setup.py egg_info --egg-base ../../../../build/mycobot_280_x3pi build --build-base /home/robotics/ros2_cobot/build/mycobot_280_x3pi/build install --record /home/robotics/ros2_cobot/build/mycobot_280_x3pi/install.log --single-version-externally-managed install_data
[7.275s] Level 1:colcon.colcon_core.environment:checking '/home/robotics/ros2_cobot/install/mycobot_280_x3pi/lib'
[7.276s] Level 1:colcon.colcon_core.environment:checking '/home/robotics/ros2_cobot/install/mycobot_280_x3pi/bin'
[7.276s] Level 1:colcon.colcon_core.environment:checking '/home/robotics/ros2_cobot/install/mycobot_280_x3pi/lib/pkgconfig/mycobot_280_x3pi.pc'
[7.276s] Level 1:colcon.colcon_core.environment:checking '/home/robotics/ros2_cobot/install/mycobot_280_x3pi/lib/python3.10/site-packages'
[7.276s] Level 1:colcon.colcon_core.shell:create_environment_hook('mycobot_280_x3pi', 'pythonpath')
[7.276s] INFO:colcon.colcon_core.shell:Creating environment hook '/home/robotics/ros2_cobot/install/mycobot_280_x3pi/share/mycobot_280_x3pi/hook/pythonpath.ps1'
[7.276s] INFO:colcon.colcon_core.shell:Creating environment descriptor '/home/robotics/ros2_cobot/install/mycobot_280_x3pi/share/mycobot_280_x3pi/hook/pythonpath.dsv'
[7.277s] INFO:colcon.colcon_core.shell:Creating environment hook '/home/robotics/ros2_cobot/install/mycobot_280_x3pi/share/mycobot_280_x3pi/hook/pythonpath.sh'
[7.277s] Level 1:colcon.colcon_core.environment:checking '/home/robotics/ros2_cobot/install/mycobot_280_x3pi/bin'
[7.277s] Level 1:colcon.colcon_core.environment:create_environment_scripts_only(mycobot_280_x3pi)
[7.277s] INFO:colcon.colcon_core.shell:Creating package script '/home/robotics/ros2_cobot/install/mycobot_280_x3pi/share/mycobot_280_x3pi/package.ps1'
[7.277s] INFO:colcon.colcon_core.shell:Creating package descriptor '/home/robotics/ros2_cobot/install/mycobot_280_x3pi/share/mycobot_280_x3pi/package.dsv'
[7.278s] INFO:colcon.colcon_core.shell:Creating package script '/home/robotics/ros2_cobot/install/mycobot_280_x3pi/share/mycobot_280_x3pi/package.sh'
[7.278s] INFO:colcon.colcon_core.shell:Creating package script '/home/robotics/ros2_cobot/install/mycobot_280_x3pi/share/mycobot_280_x3pi/package.bash'
[7.278s] INFO:colcon.colcon_core.shell:Creating package script '/home/robotics/ros2_cobot/install/mycobot_280_x3pi/share/mycobot_280_x3pi/package.zsh'
[7.278s] Level 1:colcon.colcon_core.environment:create_file_with_runtime_dependencies(/home/robotics/ros2_cobot/install/mycobot_280_x3pi/share/colcon-core/packages/mycobot_280_x3pi)
[7.283s] INFO:colcon.colcon_ros.task.ament_python.build:Building ROS package in '/home/robotics/ros2_cobot/src/mycobot_ros2/mypalletizer_260/mypalletizer_260_pi' with build type 'ament_python'
[7.284s] Level 1:colcon.colcon_core.shell:create_environment_hook('mypalletizer_260_pi', 'ament_prefix_path')
[7.284s] INFO:colcon.colcon_core.shell:Creating environment hook '/home/robotics/ros2_cobot/install/mypalletizer_260_pi/share/mypalletizer_260_pi/hook/ament_prefix_path.ps1'
[7.285s] INFO:colcon.colcon_core.shell:Creating environment descriptor '/home/robotics/ros2_cobot/install/mypalletizer_260_pi/share/mypalletizer_260_pi/hook/ament_prefix_path.dsv'
[7.286s] DEBUG:colcon.colcon_core.event_handler.log_command:Invoking command in '/home/robotics/ros2_cobot/src/mycobot_ros2/mycobot_280/mycobot_280pi': AMENT_PREFIX_PATH=/home/robotics/ros2_cobot/install/mycobot_description:/home/robotics/ros2_cobot/install/ultraarm:/home/robotics/ros2_cobot/install/traj_scripts:/home/robotics/ros2_cobot/install/mypalletizer_communication:/home/robotics/ros2_cobot/install/mypalletizer_interfaces:/home/robotics/ros2_cobot/install/mypalletizer_260_pi:/home/robotics/ros2_cobot/install/mypalletizer_260:/home/robotics/ros2_cobot/install/myarm_m750:/home/robotics/ros2_cobot/install/myarm_c650:/home/robotics/ros2_cobot/install/mycobot_communication:/home/robotics/ros2_cobot/install/mecharm_communication:/home/robotics/ros2_cobot/install/mycobot_interfaces:/home/robotics/ros2_cobot/install/mycobot_630:/home/robotics/ros2_cobot/install/mycobot_600:/home/robotics/ros2_cobot/install/mycobot_320pi:/home/robotics/ros2_cobot/install/mycobot_320_riscv:/home/robotics/ros2_cobot/install/mycobot_320:/home/robotics/ros2_cobot/install/mycobot_280rdkx5_moveit2:/home/robotics/ros2_cobot/install/mycobot_280pi:/home/robotics/ros2_cobot/install/mycobot_280jn:/home/robotics/ros2_cobot/install/mycobot_280arduino_moveit2:/home/robotics/ros2_cobot/install/mycobot_280_x3pi:/home/robotics/ros2_cobot/install/mycobot_280_riscv:/home/robotics/ros2_cobot/install/mycobot_280_rdkx5:/home/robotics/ros2_cobot/install/mycobot_280_moveit2_control:/home/robotics/ros2_cobot/install/mycobot_280_moveit2:/home/robotics/ros2_cobot/install/mycobot_280_arduino:/home/robotics/ros2_cobot/install/mycobot_280:/home/robotics/ros2_cobot/install/mybuddy:/home/robotics/ros2_cobot/install/myarm_300:/home/robotics/ros2_cobot/install/mecharm_pi:/home/robotics/ros2_cobot/install/mecharm:/home/robotics/ros2_cobot/install/mecharm_interfaces:/opt/ros/humble PYTHONPATH=/home/robotics/ros2_cobot/build/mycobot_280pi/prefix_override:/usr/lib/python3/dist-packages/colcon_core/task/python/colcon_distutils_commands:/home/robotics/ros2_cobot/install/mycobot_280pi/lib/python3.10/site-packages:/home/robotics/ros2_cobot/install/mycobot_description/lib/python3.10/site-packages:/home/robotics/ros2_cobot/install/ultraarm/lib/python3.10/site-packages:/home/robotics/ros2_cobot/install/traj_scripts/local/lib/python3.10/dist-packages:/home/robotics/ros2_cobot/install/mypalletizer_communication/lib/python3.10/site-packages:/home/robotics/ros2_cobot/install/mypalletizer_interfaces/local/lib/python3.10/dist-packages:/home/robotics/ros2_cobot/install/mypalletizer_260_pi/lib/python3.10/site-packages:/home/robotics/ros2_cobot/install/mypalletizer_260/lib/python3.10/site-packages:/home/robotics/ros2_cobot/install/myarm_m750/lib/python3.10/site-packages:/home/robotics/ros2_cobot/install/myarm_c650/lib/python3.10/site-packages:/home/robotics/ros2_cobot/install/mycobot_communication/lib/python3.10/site-packages:/home/robotics/ros2_cobot/install/mecharm_communication/lib/python3.10/site-packages:/home/robotics/ros2_cobot/install/mycobot_interfaces/local/lib/python3.10/dist-packages:/home/robotics/ros2_cobot/install/mycobot_630/lib/python3.10/site-packages:/home/robotics/ros2_cobot/install/mycobot_600/lib/python3.10/site-packages:/home/robotics/ros2_cobot/install/mycobot_320pi/lib/python3.10/site-packages:/home/robotics/ros2_cobot/install/mycobot_320_riscv/lib/python3.10/site-packages:/home/robotics/ros2_cobot/install/mycobot_320/lib/python3.10/site-packages:/home/robotics/ros2_cobot/install/mycobot_280pi/lib/python3.10/site-packages:/home/robotics/ros2_cobot/install/mycobot_280jn/lib/python3.10/site-packages:/home/robotics/ros2_cobot/install/mycobot_280_x3pi/lib/python3.10/site-packages:/home/robotics/ros2_cobot/install/mycobot_280_riscv/lib/python3.10/site-packages:/home/robotics/ros2_cobot/install/mycobot_280_rdkx5/lib/python3.10/site-packages:/home/robotics/ros2_cobot/install/mycobot_280_moveit2_control/lib/python3.10/site-packages:/home/robotics/ros2_cobot/install/mycobot_280_arduino/lib/python3.10/site-packages:/home/robotics/ros2_cobot/install/mycobot_280/lib/python3.10/site-packages:/home/robotics/ros2_cobot/install/mybuddy/lib/python3.10/site-packages:/home/robotics/ros2_cobot/install/myarm_300/lib/python3.10/site-packages:/home/robotics/ros2_cobot/install/mecharm_pi/lib/python3.10/site-packages:/home/robotics/ros2_cobot/install/mecharm/lib/python3.10/site-packages:/home/robotics/ros2_cobot/install/mecharm_interfaces/local/lib/python3.10/dist-packages:/opt/ros/humble/lib/python3.10/site-packages:/opt/ros/humble/local/lib/python3.10/dist-packages /usr/bin/python3 -W ignore:setup.py install is deprecated -W ignore:easy_install command is deprecated setup.py egg_info --egg-base ../../../../build/mycobot_280pi build --build-base /home/robotics/ros2_cobot/build/mycobot_280pi/build install --record /home/robotics/ros2_cobot/build/mycobot_280pi/install.log --single-version-externally-managed install_data
[7.286s] INFO:colcon.colcon_core.shell:Creating environment hook '/home/robotics/ros2_cobot/install/mypalletizer_260_pi/share/mypalletizer_260_pi/hook/ament_prefix_path.sh'
[7.286s] INFO:colcon.colcon_core.shell:Skip shell extension 'powershell' for command environment: Not usable outside of PowerShell
[7.286s] DEBUG:colcon.colcon_core.shell:Skip shell extension 'dsv' for command environment
[7.290s] INFO:colcon.colcon_ros.task.ament_python.build:Building ROS package in '/home/robotics/ros2_cobot/src/mycobot_ros2/ultraArm/ultraarm' with build type 'ament_python'
[7.290s] Level 1:colcon.colcon_core.shell:create_environment_hook('ultraarm', 'ament_prefix_path')
[7.291s] INFO:colcon.colcon_core.shell:Creating environment hook '/home/robotics/ros2_cobot/install/ultraarm/share/ultraarm/hook/ament_prefix_path.ps1'
[7.291s] INFO:colcon.colcon_core.shell:Creating environment descriptor '/home/robotics/ros2_cobot/install/ultraarm/share/ultraarm/hook/ament_prefix_path.dsv'
[7.291s] INFO:colcon.colcon_core.shell:Creating environment hook '/home/robotics/ros2_cobot/install/ultraarm/share/ultraarm/hook/ament_prefix_path.sh'
[7.292s] INFO:colcon.colcon_core.shell:Skip shell extension 'powershell' for command environment: Not usable outside of PowerShell
[7.292s] DEBUG:colcon.colcon_core.shell:Skip shell extension 'dsv' for command environment
[7.296s] INFO:colcon.colcon_ros.task.ament_python.build:Building ROS package in '/home/robotics/ros2_cobot/src/mycobot_ros2/myArm/myarm_c650' with build type 'ament_python'
[7.296s] Level 1:colcon.colcon_core.shell:create_environment_hook('myarm_c650', 'ament_prefix_path')
[7.297s] INFO:colcon.colcon_core.shell:Creating environment hook '/home/robotics/ros2_cobot/install/myarm_c650/share/myarm_c650/hook/ament_prefix_path.ps1'
[7.297s] INFO:colcon.colcon_core.shell:Creating environment descriptor '/home/robotics/ros2_cobot/install/myarm_c650/share/myarm_c650/hook/ament_prefix_path.dsv'
[7.297s] INFO:colcon.colcon_core.shell:Creating environment hook '/home/robotics/ros2_cobot/install/myarm_c650/share/myarm_c650/hook/ament_prefix_path.sh'
[7.298s] INFO:colcon.colcon_core.shell:Skip shell extension 'powershell' for command environment: Not usable outside of PowerShell
[7.298s] DEBUG:colcon.colcon_core.shell:Skip shell extension 'dsv' for command environment
[7.303s] INFO:colcon.colcon_ros.task.ament_python.build:Building ROS package in '/home/robotics/ros2_cobot/src/mycobot_ros2/myArm/myarm_m750' with build type 'ament_python'
[7.303s] Level 1:colcon.colcon_core.shell:create_environment_hook('myarm_m750', 'ament_prefix_path')
[7.303s] INFO:colcon.colcon_core.shell:Creating environment hook '/home/robotics/ros2_cobot/install/myarm_m750/share/myarm_m750/hook/ament_prefix_path.ps1'
[7.304s] INFO:colcon.colcon_core.shell:Creating environment descriptor '/home/robotics/ros2_cobot/install/myarm_m750/share/myarm_m750/hook/ament_prefix_path.dsv'
[7.304s] INFO:colcon.colcon_core.shell:Creating environment hook '/home/robotics/ros2_cobot/install/myarm_m750/share/myarm_m750/hook/ament_prefix_path.sh'
[7.304s] INFO:colcon.colcon_core.shell:Skip shell extension 'powershell' for command environment: Not usable outside of PowerShell
[7.305s] DEBUG:colcon.colcon_core.shell:Skip shell extension 'dsv' for command environment
[7.309s] INFO:colcon.colcon_ros.task.ament_python.build:Building ROS package in '/home/robotics/ros2_cobot/src/mycobot_ros2/mycobot_280/mycobot_280_rdkx5' with build type 'ament_python'
[7.310s] Level 1:colcon.colcon_core.shell:create_environment_hook('mycobot_280_rdkx5', 'ament_prefix_path')
[7.310s] INFO:colcon.colcon_core.shell:Creating environment hook '/home/robotics/ros2_cobot/install/mycobot_280_rdkx5/share/mycobot_280_rdkx5/hook/ament_prefix_path.ps1'
[7.311s] INFO:colcon.colcon_core.shell:Creating environment descriptor '/home/robotics/ros2_cobot/install/mycobot_280_rdkx5/share/mycobot_280_rdkx5/hook/ament_prefix_path.dsv'
[7.311s] INFO:colcon.colcon_core.shell:Creating environment hook '/home/robotics/ros2_cobot/install/mycobot_280_rdkx5/share/mycobot_280_rdkx5/hook/ament_prefix_path.sh'
[7.312s] INFO:colcon.colcon_core.shell:Skip shell extension 'powershell' for command environment: Not usable outside of PowerShell
[7.312s] DEBUG:colcon.colcon_core.shell:Skip shell extension 'dsv' for command environment
[7.621s] INFO:colcon.colcon_core.task.python.build:Building Python package in '/home/robotics/ros2_cobot/src/mycobot_ros2/mycobot_pro/mycobot_600'
[7.621s] INFO:colcon.colcon_core.shell:Skip shell extension 'powershell' for command environment: Not usable outside of PowerShell
[7.621s] DEBUG:colcon.colcon_core.shell:Skip shell extension 'dsv' for command environment
[7.874s] INFO:colcon.colcon_core.task.python.build:Building Python package in '/home/robotics/ros2_cobot/src/mycobot_ros2/mycobot_pro/mycobot_630'
[7.874s] INFO:colcon.colcon_core.shell:Skip shell extension 'powershell' for command environment: Not usable outside of PowerShell
[7.874s] DEBUG:colcon.colcon_core.shell:Skip shell extension 'dsv' for command environment
[8.126s] INFO:colcon.colcon_core.task.python.build:Building Python package in '/home/robotics/ros2_cobot/src/mycobot_ros2/mypalletizer_260/mypalletizer_260'
[8.126s] INFO:colcon.colcon_core.shell:Skip shell extension 'powershell' for command environment: Not usable outside of PowerShell
[8.126s] DEBUG:colcon.colcon_core.shell:Skip shell extension 'dsv' for command environment
[8.368s] INFO:colcon.colcon_core.task.python.build:Building Python package in '/home/robotics/ros2_cobot/src/mycobot_ros2/mypalletizer_260/mypalletizer_260_pi'
[8.368s] INFO:colcon.colcon_core.shell:Skip shell extension 'powershell' for command environment: Not usable outside of PowerShell
[8.368s] DEBUG:colcon.colcon_core.shell:Skip shell extension 'dsv' for command environment
[8.605s] INFO:colcon.colcon_core.task.python.build:Building Python package in '/home/robotics/ros2_cobot/src/mycobot_ros2/ultraArm/ultraarm'
[8.605s] INFO:colcon.colcon_core.shell:Skip shell extension 'powershell' for command environment: Not usable outside of PowerShell
[8.605s] DEBUG:colcon.colcon_core.shell:Skip shell extension 'dsv' for command environment
[8.838s] INFO:colcon.colcon_core.task.python.build:Building Python package in '/home/robotics/ros2_cobot/src/mycobot_ros2/myArm/myarm_c650'
[8.838s] INFO:colcon.colcon_core.shell:Skip shell extension 'powershell' for command environment: Not usable outside of PowerShell
[8.839s] DEBUG:colcon.colcon_core.shell:Skip shell extension 'dsv' for command environment
[9.054s] INFO:colcon.colcon_core.task.python.build:Building Python package in '/home/robotics/ros2_cobot/src/mycobot_ros2/myArm/myarm_m750'
[9.054s] INFO:colcon.colcon_core.shell:Skip shell extension 'powershell' for command environment: Not usable outside of PowerShell
[9.054s] DEBUG:colcon.colcon_core.shell:Skip shell extension 'dsv' for command environment
[9.265s] INFO:colcon.colcon_core.task.python.build:Building Python package in '/home/robotics/ros2_cobot/src/mycobot_ros2/mycobot_280/mycobot_280_rdkx5'
[9.266s] INFO:colcon.colcon_core.shell:Skip shell extension 'powershell' for command environment: Not usable outside of PowerShell
[9.267s] DEBUG:colcon.colcon_core.shell:Skip shell extension 'dsv' for command environment
[9.277s] Level 1:colcon.colcon_core.environment:checking '/home/robotics/ros2_cobot/install/mycobot_280pi' for CMake module files
[9.278s] DEBUG:colcon.colcon_core.event_handler.log_command:Invoked command in '/home/robotics/ros2_cobot/src/mycobot_ros2/mycobot_280/mycobot_280pi' returned '0': AMENT_PREFIX_PATH=/home/robotics/ros2_cobot/install/mycobot_description:/home/robotics/ros2_cobot/install/ultraarm:/home/robotics/ros2_cobot/install/traj_scripts:/home/robotics/ros2_cobot/install/mypalletizer_communication:/home/robotics/ros2_cobot/install/mypalletizer_interfaces:/home/robotics/ros2_cobot/install/mypalletizer_260_pi:/home/robotics/ros2_cobot/install/mypalletizer_260:/home/robotics/ros2_cobot/install/myarm_m750:/home/robotics/ros2_cobot/install/myarm_c650:/home/robotics/ros2_cobot/install/mycobot_communication:/home/robotics/ros2_cobot/install/mecharm_communication:/home/robotics/ros2_cobot/install/mycobot_interfaces:/home/robotics/ros2_cobot/install/mycobot_630:/home/robotics/ros2_cobot/install/mycobot_600:/home/robotics/ros2_cobot/install/mycobot_320pi:/home/robotics/ros2_cobot/install/mycobot_320_riscv:/home/robotics/ros2_cobot/install/mycobot_320:/home/robotics/ros2_cobot/install/mycobot_280rdkx5_moveit2:/home/robotics/ros2_cobot/install/mycobot_280pi:/home/robotics/ros2_cobot/install/mycobot_280jn:/home/robotics/ros2_cobot/install/mycobot_280arduino_moveit2:/home/robotics/ros2_cobot/install/mycobot_280_x3pi:/home/robotics/ros2_cobot/install/mycobot_280_riscv:/home/robotics/ros2_cobot/install/mycobot_280_rdkx5:/home/robotics/ros2_cobot/install/mycobot_280_moveit2_control:/home/robotics/ros2_cobot/install/mycobot_280_moveit2:/home/robotics/ros2_cobot/install/mycobot_280_arduino:/home/robotics/ros2_cobot/install/mycobot_280:/home/robotics/ros2_cobot/install/mybuddy:/home/robotics/ros2_cobot/install/myarm_300:/home/robotics/ros2_cobot/install/mecharm_pi:/home/robotics/ros2_cobot/install/mecharm:/home/robotics/ros2_cobot/install/mecharm_interfaces:/opt/ros/humble PYTHONPATH=/home/robotics/ros2_cobot/build/mycobot_280pi/prefix_override:/usr/lib/python3/dist-packages/colcon_core/task/python/colcon_distutils_commands:/home/robotics/ros2_cobot/install/mycobot_280pi/lib/python3.10/site-packages:/home/robotics/ros2_cobot/install/mycobot_description/lib/python3.10/site-packages:/home/robotics/ros2_cobot/install/ultraarm/lib/python3.10/site-packages:/home/robotics/ros2_cobot/install/traj_scripts/local/lib/python3.10/dist-packages:/home/robotics/ros2_cobot/install/mypalletizer_communication/lib/python3.10/site-packages:/home/robotics/ros2_cobot/install/mypalletizer_interfaces/local/lib/python3.10/dist-packages:/home/robotics/ros2_cobot/install/mypalletizer_260_pi/lib/python3.10/site-packages:/home/robotics/ros2_cobot/install/mypalletizer_260/lib/python3.10/site-packages:/home/robotics/ros2_cobot/install/myarm_m750/lib/python3.10/site-packages:/home/robotics/ros2_cobot/install/myarm_c650/lib/python3.10/site-packages:/home/robotics/ros2_cobot/install/mycobot_communication/lib/python3.10/site-packages:/home/robotics/ros2_cobot/install/mecharm_communication/lib/python3.10/site-packages:/home/robotics/ros2_cobot/install/mycobot_interfaces/local/lib/python3.10/dist-packages:/home/robotics/ros2_cobot/install/mycobot_630/lib/python3.10/site-packages:/home/robotics/ros2_cobot/install/mycobot_600/lib/python3.10/site-packages:/home/robotics/ros2_cobot/install/mycobot_320pi/lib/python3.10/site-packages:/home/robotics/ros2_cobot/install/mycobot_320_riscv/lib/python3.10/site-packages:/home/robotics/ros2_cobot/install/mycobot_320/lib/python3.10/site-packages:/home/robotics/ros2_cobot/install/mycobot_280pi/lib/python3.10/site-packages:/home/robotics/ros2_cobot/install/mycobot_280jn/lib/python3.10/site-packages:/home/robotics/ros2_cobot/install/mycobot_280_x3pi/lib/python3.10/site-packages:/home/robotics/ros2_cobot/install/mycobot_280_riscv/lib/python3.10/site-packages:/home/robotics/ros2_cobot/install/mycobot_280_rdkx5/lib/python3.10/site-packages:/home/robotics/ros2_cobot/install/mycobot_280_moveit2_control/lib/python3.10/site-packages:/home/robotics/ros2_cobot/install/mycobot_280_arduino/lib/python3.10/site-packages:/home/robotics/ros2_cobot/install/mycobot_280/lib/python3.10/site-packages:/home/robotics/ros2_cobot/install/mybuddy/lib/python3.10/site-packages:/home/robotics/ros2_cobot/install/myarm_300/lib/python3.10/site-packages:/home/robotics/ros2_cobot/install/mecharm_pi/lib/python3.10/site-packages:/home/robotics/ros2_cobot/install/mecharm/lib/python3.10/site-packages:/home/robotics/ros2_cobot/install/mecharm_interfaces/local/lib/python3.10/dist-packages:/opt/ros/humble/lib/python3.10/site-packages:/opt/ros/humble/local/lib/python3.10/dist-packages /usr/bin/python3 -W ignore:setup.py install is deprecated -W ignore:easy_install command is deprecated setup.py egg_info --egg-base ../../../../build/mycobot_280pi build --build-base /home/robotics/ros2_cobot/build/mycobot_280pi/build install --record /home/robotics/ros2_cobot/build/mycobot_280pi/install.log --single-version-externally-managed install_data
[9.279s] Level 1:colcon.colcon_core.environment:checking '/home/robotics/ros2_cobot/install/mycobot_280pi' for CMake config files
[9.279s] Level 1:colcon.colcon_core.environment:checking '/home/robotics/ros2_cobot/install/mycobot_280pi/lib'
[9.280s] Level 1:colcon.colcon_core.environment:checking '/home/robotics/ros2_cobot/install/mycobot_280pi/bin'
[9.280s] Level 1:colcon.colcon_core.environment:checking '/home/robotics/ros2_cobot/install/mycobot_280pi/lib/pkgconfig/mycobot_280pi.pc'
[9.280s] Level 1:colcon.colcon_core.environment:checking '/home/robotics/ros2_cobot/install/mycobot_280pi/lib/python3.10/site-packages'
[9.280s] Level 1:colcon.colcon_core.shell:create_environment_hook('mycobot_280pi', 'pythonpath')
[9.280s] INFO:colcon.colcon_core.shell:Creating environment hook '/home/robotics/ros2_cobot/install/mycobot_280pi/share/mycobot_280pi/hook/pythonpath.ps1'
[9.281s] INFO:colcon.colcon_core.shell:Creating environment descriptor '/home/robotics/ros2_cobot/install/mycobot_280pi/share/mycobot_280pi/hook/pythonpath.dsv'
[9.281s] INFO:colcon.colcon_core.shell:Creating environment hook '/home/robotics/ros2_cobot/install/mycobot_280pi/share/mycobot_280pi/hook/pythonpath.sh'
[9.282s] Level 1:colcon.colcon_core.environment:checking '/home/robotics/ros2_cobot/install/mycobot_280pi/bin'
[9.282s] Level 1:colcon.colcon_core.environment:create_environment_scripts_only(mycobot_280pi)
[9.283s] INFO:colcon.colcon_core.shell:Creating package script '/home/robotics/ros2_cobot/install/mycobot_280pi/share/mycobot_280pi/package.ps1'
[9.284s] INFO:colcon.colcon_core.shell:Creating package descriptor '/home/robotics/ros2_cobot/install/mycobot_280pi/share/mycobot_280pi/package.dsv'
[9.285s] INFO:colcon.colcon_core.shell:Creating package script '/home/robotics/ros2_cobot/install/mycobot_280pi/share/mycobot_280pi/package.sh'
[9.285s] INFO:colcon.colcon_core.shell:Creating package script '/home/robotics/ros2_cobot/install/mycobot_280pi/share/mycobot_280pi/package.bash'
[9.286s] INFO:colcon.colcon_core.shell:Creating package script '/home/robotics/ros2_cobot/install/mycobot_280pi/share/mycobot_280pi/package.zsh'
[9.286s] Level 1:colcon.colcon_core.environment:create_file_with_runtime_dependencies(/home/robotics/ros2_cobot/install/mycobot_280pi/share/colcon-core/packages/mycobot_280pi)
[9.293s] DEBUG:colcon.colcon_core.event_handler.log_command:Invoking command in '/home/robotics/ros2_cobot/src/mycobot_ros2/mycobot_320/mycobot_320': AMENT_PREFIX_PATH=/home/robotics/ros2_cobot/install/mycobot_description:/home/robotics/ros2_cobot/install/ultraarm:/home/robotics/ros2_cobot/install/traj_scripts:/home/robotics/ros2_cobot/install/mypalletizer_communication:/home/robotics/ros2_cobot/install/mypalletizer_interfaces:/home/robotics/ros2_cobot/install/mypalletizer_260_pi:/home/robotics/ros2_cobot/install/mypalletizer_260:/home/robotics/ros2_cobot/install/myarm_m750:/home/robotics/ros2_cobot/install/myarm_c650:/home/robotics/ros2_cobot/install/mycobot_communication:/home/robotics/ros2_cobot/install/mecharm_communication:/home/robotics/ros2_cobot/install/mycobot_interfaces:/home/robotics/ros2_cobot/install/mycobot_630:/home/robotics/ros2_cobot/install/mycobot_600:/home/robotics/ros2_cobot/install/mycobot_320pi:/home/robotics/ros2_cobot/install/mycobot_320_riscv:/home/robotics/ros2_cobot/install/mycobot_320:/home/robotics/ros2_cobot/install/mycobot_280rdkx5_moveit2:/home/robotics/ros2_cobot/install/mycobot_280pi:/home/robotics/ros2_cobot/install/mycobot_280jn:/home/robotics/ros2_cobot/install/mycobot_280arduino_moveit2:/home/robotics/ros2_cobot/install/mycobot_280_x3pi:/home/robotics/ros2_cobot/install/mycobot_280_riscv:/home/robotics/ros2_cobot/install/mycobot_280_rdkx5:/home/robotics/ros2_cobot/install/mycobot_280_moveit2_control:/home/robotics/ros2_cobot/install/mycobot_280_moveit2:/home/robotics/ros2_cobot/install/mycobot_280_arduino:/home/robotics/ros2_cobot/install/mycobot_280:/home/robotics/ros2_cobot/install/mybuddy:/home/robotics/ros2_cobot/install/myarm_300:/home/robotics/ros2_cobot/install/mecharm_pi:/home/robotics/ros2_cobot/install/mecharm:/home/robotics/ros2_cobot/install/mecharm_interfaces:/opt/ros/humble PYTHONPATH=/home/robotics/ros2_cobot/build/mycobot_320/prefix_override:/usr/lib/python3/dist-packages/colcon_core/task/python/colcon_distutils_commands:/home/robotics/ros2_cobot/install/mycobot_320/lib/python3.10/site-packages:/home/robotics/ros2_cobot/install/mycobot_description/lib/python3.10/site-packages:/home/robotics/ros2_cobot/install/ultraarm/lib/python3.10/site-packages:/home/robotics/ros2_cobot/install/traj_scripts/local/lib/python3.10/dist-packages:/home/robotics/ros2_cobot/install/mypalletizer_communication/lib/python3.10/site-packages:/home/robotics/ros2_cobot/install/mypalletizer_interfaces/local/lib/python3.10/dist-packages:/home/robotics/ros2_cobot/install/mypalletizer_260_pi/lib/python3.10/site-packages:/home/robotics/ros2_cobot/install/mypalletizer_260/lib/python3.10/site-packages:/home/robotics/ros2_cobot/install/myarm_m750/lib/python3.10/site-packages:/home/robotics/ros2_cobot/install/myarm_c650/lib/python3.10/site-packages:/home/robotics/ros2_cobot/install/mycobot_communication/lib/python3.10/site-packages:/home/robotics/ros2_cobot/install/mecharm_communication/lib/python3.10/site-packages:/home/robotics/ros2_cobot/install/mycobot_interfaces/local/lib/python3.10/dist-packages:/home/robotics/ros2_cobot/install/mycobot_630/lib/python3.10/site-packages:/home/robotics/ros2_cobot/install/mycobot_600/lib/python3.10/site-packages:/home/robotics/ros2_cobot/install/mycobot_320pi/lib/python3.10/site-packages:/home/robotics/ros2_cobot/install/mycobot_320_riscv/lib/python3.10/site-packages:/home/robotics/ros2_cobot/install/mycobot_320/lib/python3.10/site-packages:/home/robotics/ros2_cobot/install/mycobot_280pi/lib/python3.10/site-packages:/home/robotics/ros2_cobot/install/mycobot_280jn/lib/python3.10/site-packages:/home/robotics/ros2_cobot/install/mycobot_280_x3pi/lib/python3.10/site-packages:/home/robotics/ros2_cobot/install/mycobot_280_riscv/lib/python3.10/site-packages:/home/robotics/ros2_cobot/install/mycobot_280_rdkx5/lib/python3.10/site-packages:/home/robotics/ros2_cobot/install/mycobot_280_moveit2_control/lib/python3.10/site-packages:/home/robotics/ros2_cobot/install/mycobot_280_arduino/lib/python3.10/site-packages:/home/robotics/ros2_cobot/install/mycobot_280/lib/python3.10/site-packages:/home/robotics/ros2_cobot/install/mybuddy/lib/python3.10/site-packages:/home/robotics/ros2_cobot/install/myarm_300/lib/python3.10/site-packages:/home/robotics/ros2_cobot/install/mecharm_pi/lib/python3.10/site-packages:/home/robotics/ros2_cobot/install/mecharm/lib/python3.10/site-packages:/home/robotics/ros2_cobot/install/mecharm_interfaces/local/lib/python3.10/dist-packages:/opt/ros/humble/lib/python3.10/site-packages:/opt/ros/humble/local/lib/python3.10/dist-packages /usr/bin/python3 -W ignore:setup.py install is deprecated -W ignore:easy_install command is deprecated setup.py egg_info --egg-base ../../../../build/mycobot_320 build --build-base /home/robotics/ros2_cobot/build/mycobot_320/build install --record /home/robotics/ros2_cobot/build/mycobot_320/install.log --single-version-externally-managed install_data
[9.295s] DEBUG:colcon.colcon_core.event_handler.log_command:Invoking command in '/home/robotics/ros2_cobot/src/mycobot_ros2/mycobot_320/mycobot_320_riscv': AMENT_PREFIX_PATH=/home/robotics/ros2_cobot/install/mycobot_description:/home/robotics/ros2_cobot/install/ultraarm:/home/robotics/ros2_cobot/install/traj_scripts:/home/robotics/ros2_cobot/install/mypalletizer_communication:/home/robotics/ros2_cobot/install/mypalletizer_interfaces:/home/robotics/ros2_cobot/install/mypalletizer_260_pi:/home/robotics/ros2_cobot/install/mypalletizer_260:/home/robotics/ros2_cobot/install/myarm_m750:/home/robotics/ros2_cobot/install/myarm_c650:/home/robotics/ros2_cobot/install/mycobot_communication:/home/robotics/ros2_cobot/install/mecharm_communication:/home/robotics/ros2_cobot/install/mycobot_interfaces:/home/robotics/ros2_cobot/install/mycobot_630:/home/robotics/ros2_cobot/install/mycobot_600:/home/robotics/ros2_cobot/install/mycobot_320pi:/home/robotics/ros2_cobot/install/mycobot_320_riscv:/home/robotics/ros2_cobot/install/mycobot_320:/home/robotics/ros2_cobot/install/mycobot_280rdkx5_moveit2:/home/robotics/ros2_cobot/install/mycobot_280pi:/home/robotics/ros2_cobot/install/mycobot_280jn:/home/robotics/ros2_cobot/install/mycobot_280arduino_moveit2:/home/robotics/ros2_cobot/install/mycobot_280_x3pi:/home/robotics/ros2_cobot/install/mycobot_280_riscv:/home/robotics/ros2_cobot/install/mycobot_280_rdkx5:/home/robotics/ros2_cobot/install/mycobot_280_moveit2_control:/home/robotics/ros2_cobot/install/mycobot_280_moveit2:/home/robotics/ros2_cobot/install/mycobot_280_arduino:/home/robotics/ros2_cobot/install/mycobot_280:/home/robotics/ros2_cobot/install/mybuddy:/home/robotics/ros2_cobot/install/myarm_300:/home/robotics/ros2_cobot/install/mecharm_pi:/home/robotics/ros2_cobot/install/mecharm:/home/robotics/ros2_cobot/install/mecharm_interfaces:/opt/ros/humble PYTHONPATH=/home/robotics/ros2_cobot/build/mycobot_320_riscv/prefix_override:/usr/lib/python3/dist-packages/colcon_core/task/python/colcon_distutils_commands:/home/robotics/ros2_cobot/install/mycobot_320_riscv/lib/python3.10/site-packages:/home/robotics/ros2_cobot/install/mycobot_description/lib/python3.10/site-packages:/home/robotics/ros2_cobot/install/ultraarm/lib/python3.10/site-packages:/home/robotics/ros2_cobot/install/traj_scripts/local/lib/python3.10/dist-packages:/home/robotics/ros2_cobot/install/mypalletizer_communication/lib/python3.10/site-packages:/home/robotics/ros2_cobot/install/mypalletizer_interfaces/local/lib/python3.10/dist-packages:/home/robotics/ros2_cobot/install/mypalletizer_260_pi/lib/python3.10/site-packages:/home/robotics/ros2_cobot/install/mypalletizer_260/lib/python3.10/site-packages:/home/robotics/ros2_cobot/install/myarm_m750/lib/python3.10/site-packages:/home/robotics/ros2_cobot/install/myarm_c650/lib/python3.10/site-packages:/home/robotics/ros2_cobot/install/mycobot_communication/lib/python3.10/site-packages:/home/robotics/ros2_cobot/install/mecharm_communication/lib/python3.10/site-packages:/home/robotics/ros2_cobot/install/mycobot_interfaces/local/lib/python3.10/dist-packages:/home/robotics/ros2_cobot/install/mycobot_630/lib/python3.10/site-packages:/home/robotics/ros2_cobot/install/mycobot_600/lib/python3.10/site-packages:/home/robotics/ros2_cobot/install/mycobot_320pi/lib/python3.10/site-packages:/home/robotics/ros2_cobot/install/mycobot_320_riscv/lib/python3.10/site-packages:/home/robotics/ros2_cobot/install/mycobot_320/lib/python3.10/site-packages:/home/robotics/ros2_cobot/install/mycobot_280pi/lib/python3.10/site-packages:/home/robotics/ros2_cobot/install/mycobot_280jn/lib/python3.10/site-packages:/home/robotics/ros2_cobot/install/mycobot_280_x3pi/lib/python3.10/site-packages:/home/robotics/ros2_cobot/install/mycobot_280_riscv/lib/python3.10/site-packages:/home/robotics/ros2_cobot/install/mycobot_280_rdkx5/lib/python3.10/site-packages:/home/robotics/ros2_cobot/install/mycobot_280_moveit2_control/lib/python3.10/site-packages:/home/robotics/ros2_cobot/install/mycobot_280_arduino/lib/python3.10/site-packages:/home/robotics/ros2_cobot/install/mycobot_280/lib/python3.10/site-packages:/home/robotics/ros2_cobot/install/mybuddy/lib/python3.10/site-packages:/home/robotics/ros2_cobot/install/myarm_300/lib/python3.10/site-packages:/home/robotics/ros2_cobot/install/mecharm_pi/lib/python3.10/site-packages:/home/robotics/ros2_cobot/install/mecharm/lib/python3.10/site-packages:/home/robotics/ros2_cobot/install/mecharm_interfaces/local/lib/python3.10/dist-packages:/opt/ros/humble/lib/python3.10/site-packages:/opt/ros/humble/local/lib/python3.10/dist-packages /usr/bin/python3 -W ignore:setup.py install is deprecated -W ignore:easy_install command is deprecated setup.py egg_info --egg-base ../../../../build/mycobot_320_riscv build --build-base /home/robotics/ros2_cobot/build/mycobot_320_riscv/build install --record /home/robotics/ros2_cobot/build/mycobot_320_riscv/install.log --single-version-externally-managed install_data
[9.297s] DEBUG:colcon.colcon_core.event_handler.log_command:Invoking command in '/home/robotics/ros2_cobot/src/mycobot_ros2/mycobot_320/mycobot_320pi': AMENT_PREFIX_PATH=/home/robotics/ros2_cobot/install/mycobot_description:/home/robotics/ros2_cobot/install/ultraarm:/home/robotics/ros2_cobot/install/traj_scripts:/home/robotics/ros2_cobot/install/mypalletizer_communication:/home/robotics/ros2_cobot/install/mypalletizer_interfaces:/home/robotics/ros2_cobot/install/mypalletizer_260_pi:/home/robotics/ros2_cobot/install/mypalletizer_260:/home/robotics/ros2_cobot/install/myarm_m750:/home/robotics/ros2_cobot/install/myarm_c650:/home/robotics/ros2_cobot/install/mycobot_communication:/home/robotics/ros2_cobot/install/mecharm_communication:/home/robotics/ros2_cobot/install/mycobot_interfaces:/home/robotics/ros2_cobot/install/mycobot_630:/home/robotics/ros2_cobot/install/mycobot_600:/home/robotics/ros2_cobot/install/mycobot_320pi:/home/robotics/ros2_cobot/install/mycobot_320_riscv:/home/robotics/ros2_cobot/install/mycobot_320:/home/robotics/ros2_cobot/install/mycobot_280rdkx5_moveit2:/home/robotics/ros2_cobot/install/mycobot_280pi:/home/robotics/ros2_cobot/install/mycobot_280jn:/home/robotics/ros2_cobot/install/mycobot_280arduino_moveit2:/home/robotics/ros2_cobot/install/mycobot_280_x3pi:/home/robotics/ros2_cobot/install/mycobot_280_riscv:/home/robotics/ros2_cobot/install/mycobot_280_rdkx5:/home/robotics/ros2_cobot/install/mycobot_280_moveit2_control:/home/robotics/ros2_cobot/install/mycobot_280_moveit2:/home/robotics/ros2_cobot/install/mycobot_280_arduino:/home/robotics/ros2_cobot/install/mycobot_280:/home/robotics/ros2_cobot/install/mybuddy:/home/robotics/ros2_cobot/install/myarm_300:/home/robotics/ros2_cobot/install/mecharm_pi:/home/robotics/ros2_cobot/install/mecharm:/home/robotics/ros2_cobot/install/mecharm_interfaces:/opt/ros/humble PYTHONPATH=/home/robotics/ros2_cobot/build/mycobot_320pi/prefix_override:/usr/lib/python3/dist-packages/colcon_core/task/python/colcon_distutils_commands:/home/robotics/ros2_cobot/install/mycobot_320pi/lib/python3.10/site-packages:/home/robotics/ros2_cobot/install/mycobot_description/lib/python3.10/site-packages:/home/robotics/ros2_cobot/install/ultraarm/lib/python3.10/site-packages:/home/robotics/ros2_cobot/install/traj_scripts/local/lib/python3.10/dist-packages:/home/robotics/ros2_cobot/install/mypalletizer_communication/lib/python3.10/site-packages:/home/robotics/ros2_cobot/install/mypalletizer_interfaces/local/lib/python3.10/dist-packages:/home/robotics/ros2_cobot/install/mypalletizer_260_pi/lib/python3.10/site-packages:/home/robotics/ros2_cobot/install/mypalletizer_260/lib/python3.10/site-packages:/home/robotics/ros2_cobot/install/myarm_m750/lib/python3.10/site-packages:/home/robotics/ros2_cobot/install/myarm_c650/lib/python3.10/site-packages:/home/robotics/ros2_cobot/install/mycobot_communication/lib/python3.10/site-packages:/home/robotics/ros2_cobot/install/mecharm_communication/lib/python3.10/site-packages:/home/robotics/ros2_cobot/install/mycobot_interfaces/local/lib/python3.10/dist-packages:/home/robotics/ros2_cobot/install/mycobot_630/lib/python3.10/site-packages:/home/robotics/ros2_cobot/install/mycobot_600/lib/python3.10/site-packages:/home/robotics/ros2_cobot/install/mycobot_320pi/lib/python3.10/site-packages:/home/robotics/ros2_cobot/install/mycobot_320_riscv/lib/python3.10/site-packages:/home/robotics/ros2_cobot/install/mycobot_320/lib/python3.10/site-packages:/home/robotics/ros2_cobot/install/mycobot_280pi/lib/python3.10/site-packages:/home/robotics/ros2_cobot/install/mycobot_280jn/lib/python3.10/site-packages:/home/robotics/ros2_cobot/install/mycobot_280_x3pi/lib/python3.10/site-packages:/home/robotics/ros2_cobot/install/mycobot_280_riscv/lib/python3.10/site-packages:/home/robotics/ros2_cobot/install/mycobot_280_rdkx5/lib/python3.10/site-packages:/home/robotics/ros2_cobot/install/mycobot_280_moveit2_control/lib/python3.10/site-packages:/home/robotics/ros2_cobot/install/mycobot_280_arduino/lib/python3.10/site-packages:/home/robotics/ros2_cobot/install/mycobot_280/lib/python3.10/site-packages:/home/robotics/ros2_cobot/install/mybuddy/lib/python3.10/site-packages:/home/robotics/ros2_cobot/install/myarm_300/lib/python3.10/site-packages:/home/robotics/ros2_cobot/install/mecharm_pi/lib/python3.10/site-packages:/home/robotics/ros2_cobot/install/mecharm/lib/python3.10/site-packages:/home/robotics/ros2_cobot/install/mecharm_interfaces/local/lib/python3.10/dist-packages:/opt/ros/humble/lib/python3.10/site-packages:/opt/ros/humble/local/lib/python3.10/dist-packages /usr/bin/python3 -W ignore:setup.py install is deprecated -W ignore:easy_install command is deprecated setup.py egg_info --egg-base ../../../../build/mycobot_320pi build --build-base /home/robotics/ros2_cobot/build/mycobot_320pi/build install --record /home/robotics/ros2_cobot/build/mycobot_320pi/install.log --single-version-externally-managed install_data
[9.298s] DEBUG:colcon.colcon_core.event_handler.log_command:Invoked command in '/home/robotics/ros2_cobot/build/traj_scripts' returned '0': CMAKE_PREFIX_PATH=${CMAKE_PREFIX_PATH}:/home/robotics/ros2_cobot/install/ultraarm:/home/robotics/ros2_cobot/install/mypalletizer_communication:/home/robotics/ros2_cobot/install/mypalletizer_260_pi:/home/robotics/ros2_cobot/install/mypalletizer_260:/home/robotics/ros2_cobot/install/myarm_m750:/home/robotics/ros2_cobot/install/myarm_c650:/home/robotics/ros2_cobot/install/mycobot_communication:/home/robotics/ros2_cobot/install/mecharm_communication:/home/robotics/ros2_cobot/install/mycobot_630:/home/robotics/ros2_cobot/install/mycobot_600:/home/robotics/ros2_cobot/install/mycobot_320pi:/home/robotics/ros2_cobot/install/mycobot_320_riscv:/home/robotics/ros2_cobot/install/mycobot_320:/home/robotics/ros2_cobot/install/mycobot_280pi:/home/robotics/ros2_cobot/install/mycobot_280jn:/home/robotics/ros2_cobot/install/mycobot_280_x3pi:/home/robotics/ros2_cobot/install/mycobot_280_riscv:/home/robotics/ros2_cobot/install/mycobot_280_rdkx5:/home/robotics/ros2_cobot/install/mycobot_280_moveit2_control:/home/robotics/ros2_cobot/install/mycobot_280_arduino:/home/robotics/ros2_cobot/install/mycobot_280:/home/robotics/ros2_cobot/install/mybuddy:/home/robotics/ros2_cobot/install/myarm_300:/home/robotics/ros2_cobot/install/mecharm_pi:/home/robotics/ros2_cobot/install/mecharm:/home/robotics/ros2_cobot/install/mycobot_description:/opt/ros/humble /usr/bin/cmake --build /home/robotics/ros2_cobot/build/traj_scripts -- -j16 -l16
[9.299s] DEBUG:colcon.colcon_core.event_handler.log_command:Invoking command in '/home/robotics/ros2_cobot/build/traj_scripts': CMAKE_PREFIX_PATH=${CMAKE_PREFIX_PATH}:/home/robotics/ros2_cobot/install/ultraarm:/home/robotics/ros2_cobot/install/mypalletizer_communication:/home/robotics/ros2_cobot/install/mypalletizer_260_pi:/home/robotics/ros2_cobot/install/mypalletizer_260:/home/robotics/ros2_cobot/install/myarm_m750:/home/robotics/ros2_cobot/install/myarm_c650:/home/robotics/ros2_cobot/install/mycobot_communication:/home/robotics/ros2_cobot/install/mecharm_communication:/home/robotics/ros2_cobot/install/mycobot_630:/home/robotics/ros2_cobot/install/mycobot_600:/home/robotics/ros2_cobot/install/mycobot_320pi:/home/robotics/ros2_cobot/install/mycobot_320_riscv:/home/robotics/ros2_cobot/install/mycobot_320:/home/robotics/ros2_cobot/install/mycobot_280pi:/home/robotics/ros2_cobot/install/mycobot_280jn:/home/robotics/ros2_cobot/install/mycobot_280_x3pi:/home/robotics/ros2_cobot/install/mycobot_280_riscv:/home/robotics/ros2_cobot/install/mycobot_280_rdkx5:/home/robotics/ros2_cobot/install/mycobot_280_moveit2_control:/home/robotics/ros2_cobot/install/mycobot_280_arduino:/home/robotics/ros2_cobot/install/mycobot_280:/home/robotics/ros2_cobot/install/mybuddy:/home/robotics/ros2_cobot/install/myarm_300:/home/robotics/ros2_cobot/install/mecharm_pi:/home/robotics/ros2_cobot/install/mecharm:/home/robotics/ros2_cobot/install/mycobot_description:/opt/ros/humble /usr/bin/cmake --install /home/robotics/ros2_cobot/build/traj_scripts
[9.363s] Level 1:colcon.colcon_core.environment:create_environment_scripts_only(traj_scripts)
[9.363s] Level 1:colcon.colcon_core.environment:checking '/home/robotics/ros2_cobot/install/traj_scripts' for CMake module files
[9.364s] DEBUG:colcon.colcon_core.event_handler.log_command:Invoked command in '/home/robotics/ros2_cobot/build/traj_scripts' returned '0': CMAKE_PREFIX_PATH=${CMAKE_PREFIX_PATH}:/home/robotics/ros2_cobot/install/ultraarm:/home/robotics/ros2_cobot/install/mypalletizer_communication:/home/robotics/ros2_cobot/install/mypalletizer_260_pi:/home/robotics/ros2_cobot/install/mypalletizer_260:/home/robotics/ros2_cobot/install/myarm_m750:/home/robotics/ros2_cobot/install/myarm_c650:/home/robotics/ros2_cobot/install/mycobot_communication:/home/robotics/ros2_cobot/install/mecharm_communication:/home/robotics/ros2_cobot/install/mycobot_630:/home/robotics/ros2_cobot/install/mycobot_600:/home/robotics/ros2_cobot/install/mycobot_320pi:/home/robotics/ros2_cobot/install/mycobot_320_riscv:/home/robotics/ros2_cobot/install/mycobot_320:/home/robotics/ros2_cobot/install/mycobot_280pi:/home/robotics/ros2_cobot/install/mycobot_280jn:/home/robotics/ros2_cobot/install/mycobot_280_x3pi:/home/robotics/ros2_cobot/install/mycobot_280_riscv:/home/robotics/ros2_cobot/install/mycobot_280_rdkx5:/home/robotics/ros2_cobot/install/mycobot_280_moveit2_control:/home/robotics/ros2_cobot/install/mycobot_280_arduino:/home/robotics/ros2_cobot/install/mycobot_280:/home/robotics/ros2_cobot/install/mybuddy:/home/robotics/ros2_cobot/install/myarm_300:/home/robotics/ros2_cobot/install/mecharm_pi:/home/robotics/ros2_cobot/install/mecharm:/home/robotics/ros2_cobot/install/mycobot_description:/opt/ros/humble /usr/bin/cmake --install /home/robotics/ros2_cobot/build/traj_scripts
[9.364s] Level 1:colcon.colcon_core.environment:checking '/home/robotics/ros2_cobot/install/traj_scripts' for CMake config files
[9.365s] Level 1:colcon.colcon_core.shell:create_environment_hook('traj_scripts', 'cmake_prefix_path')
[9.365s] INFO:colcon.colcon_core.shell:Creating environment hook '/home/robotics/ros2_cobot/install/traj_scripts/share/traj_scripts/hook/cmake_prefix_path.ps1'
[9.366s] INFO:colcon.colcon_core.shell:Creating environment descriptor '/home/robotics/ros2_cobot/install/traj_scripts/share/traj_scripts/hook/cmake_prefix_path.dsv'
[9.366s] INFO:colcon.colcon_core.shell:Creating environment hook '/home/robotics/ros2_cobot/install/traj_scripts/share/traj_scripts/hook/cmake_prefix_path.sh'
[9.367s] Level 1:colcon.colcon_core.environment:checking '/home/robotics/ros2_cobot/install/traj_scripts/lib'
[9.368s] Level 1:colcon.colcon_core.environment:checking '/home/robotics/ros2_cobot/install/traj_scripts/bin'
[9.368s] Level 1:colcon.colcon_core.environment:checking '/home/robotics/ros2_cobot/install/traj_scripts/lib/pkgconfig/traj_scripts.pc'
[9.368s] Level 1:colcon.colcon_core.environment:checking '/home/robotics/ros2_cobot/install/traj_scripts/lib/python3.10/site-packages'
[9.369s] Level 1:colcon.colcon_core.environment:checking '/home/robotics/ros2_cobot/install/traj_scripts/bin'
[9.370s] INFO:colcon.colcon_core.shell:Creating package script '/home/robotics/ros2_cobot/install/traj_scripts/share/traj_scripts/package.ps1'
[9.370s] INFO:colcon.colcon_core.shell:Creating package descriptor '/home/robotics/ros2_cobot/install/traj_scripts/share/traj_scripts/package.dsv'
[9.372s] INFO:colcon.colcon_core.shell:Creating package script '/home/robotics/ros2_cobot/install/traj_scripts/share/traj_scripts/package.sh'
[9.373s] INFO:colcon.colcon_core.shell:Creating package script '/home/robotics/ros2_cobot/install/traj_scripts/share/traj_scripts/package.bash'
[9.373s] INFO:colcon.colcon_core.shell:Creating package script '/home/robotics/ros2_cobot/install/traj_scripts/share/traj_scripts/package.zsh'
[9.374s] Level 1:colcon.colcon_core.environment:create_file_with_runtime_dependencies(/home/robotics/ros2_cobot/install/traj_scripts/share/colcon-core/packages/traj_scripts)
[9.374s] Level 1:colcon.colcon_core.environment:create_environment_scripts_only(traj_scripts)
[9.375s] Level 1:colcon.colcon_core.environment:checking '/home/robotics/ros2_cobot/install/traj_scripts' for CMake module files
[9.375s] Level 1:colcon.colcon_core.environment:checking '/home/robotics/ros2_cobot/install/traj_scripts' for CMake config files
[9.375s] Level 1:colcon.colcon_core.shell:create_environment_hook('traj_scripts', 'cmake_prefix_path')
[9.376s] INFO:colcon.colcon_core.shell:Creating environment hook '/home/robotics/ros2_cobot/install/traj_scripts/share/traj_scripts/hook/cmake_prefix_path.ps1'
[9.376s] INFO:colcon.colcon_core.shell:Creating environment descriptor '/home/robotics/ros2_cobot/install/traj_scripts/share/traj_scripts/hook/cmake_prefix_path.dsv'
[9.377s] INFO:colcon.colcon_core.shell:Creating environment hook '/home/robotics/ros2_cobot/install/traj_scripts/share/traj_scripts/hook/cmake_prefix_path.sh'
[9.377s] Level 1:colcon.colcon_core.environment:checking '/home/robotics/ros2_cobot/install/traj_scripts/lib'
[9.377s] Level 1:colcon.colcon_core.environment:checking '/home/robotics/ros2_cobot/install/traj_scripts/bin'
[9.377s] Level 1:colcon.colcon_core.environment:checking '/home/robotics/ros2_cobot/install/traj_scripts/lib/pkgconfig/traj_scripts.pc'
[9.378s] Level 1:colcon.colcon_core.environment:checking '/home/robotics/ros2_cobot/install/traj_scripts/lib/python3.10/site-packages'
[9.378s] Level 1:colcon.colcon_core.environment:checking '/home/robotics/ros2_cobot/install/traj_scripts/bin'
[9.378s] INFO:colcon.colcon_core.shell:Creating package script '/home/robotics/ros2_cobot/install/traj_scripts/share/traj_scripts/package.ps1'
[9.379s] INFO:colcon.colcon_core.shell:Creating package descriptor '/home/robotics/ros2_cobot/install/traj_scripts/share/traj_scripts/package.dsv'
[9.380s] INFO:colcon.colcon_core.shell:Creating package script '/home/robotics/ros2_cobot/install/traj_scripts/share/traj_scripts/package.sh'
[9.380s] INFO:colcon.colcon_core.shell:Creating package script '/home/robotics/ros2_cobot/install/traj_scripts/share/traj_scripts/package.bash'
[9.381s] INFO:colcon.colcon_core.shell:Creating package script '/home/robotics/ros2_cobot/install/traj_scripts/share/traj_scripts/package.zsh'
[9.382s] Level 1:colcon.colcon_core.environment:create_file_with_runtime_dependencies(/home/robotics/ros2_cobot/install/traj_scripts/share/colcon-core/packages/traj_scripts)
[9.592s] Level 1:colcon.colcon_core.environment:checking '/home/robotics/ros2_cobot/install/mycobot_320' for CMake module files
[9.593s] DEBUG:colcon.colcon_core.event_handler.log_command:Invoked command in '/home/robotics/ros2_cobot/src/mycobot_ros2/mycobot_320/mycobot_320' returned '0': AMENT_PREFIX_PATH=/home/robotics/ros2_cobot/install/mycobot_description:/home/robotics/ros2_cobot/install/ultraarm:/home/robotics/ros2_cobot/install/traj_scripts:/home/robotics/ros2_cobot/install/mypalletizer_communication:/home/robotics/ros2_cobot/install/mypalletizer_interfaces:/home/robotics/ros2_cobot/install/mypalletizer_260_pi:/home/robotics/ros2_cobot/install/mypalletizer_260:/home/robotics/ros2_cobot/install/myarm_m750:/home/robotics/ros2_cobot/install/myarm_c650:/home/robotics/ros2_cobot/install/mycobot_communication:/home/robotics/ros2_cobot/install/mecharm_communication:/home/robotics/ros2_cobot/install/mycobot_interfaces:/home/robotics/ros2_cobot/install/mycobot_630:/home/robotics/ros2_cobot/install/mycobot_600:/home/robotics/ros2_cobot/install/mycobot_320pi:/home/robotics/ros2_cobot/install/mycobot_320_riscv:/home/robotics/ros2_cobot/install/mycobot_320:/home/robotics/ros2_cobot/install/mycobot_280rdkx5_moveit2:/home/robotics/ros2_cobot/install/mycobot_280pi:/home/robotics/ros2_cobot/install/mycobot_280jn:/home/robotics/ros2_cobot/install/mycobot_280arduino_moveit2:/home/robotics/ros2_cobot/install/mycobot_280_x3pi:/home/robotics/ros2_cobot/install/mycobot_280_riscv:/home/robotics/ros2_cobot/install/mycobot_280_rdkx5:/home/robotics/ros2_cobot/install/mycobot_280_moveit2_control:/home/robotics/ros2_cobot/install/mycobot_280_moveit2:/home/robotics/ros2_cobot/install/mycobot_280_arduino:/home/robotics/ros2_cobot/install/mycobot_280:/home/robotics/ros2_cobot/install/mybuddy:/home/robotics/ros2_cobot/install/myarm_300:/home/robotics/ros2_cobot/install/mecharm_pi:/home/robotics/ros2_cobot/install/mecharm:/home/robotics/ros2_cobot/install/mecharm_interfaces:/opt/ros/humble PYTHONPATH=/home/robotics/ros2_cobot/build/mycobot_320/prefix_override:/usr/lib/python3/dist-packages/colcon_core/task/python/colcon_distutils_commands:/home/robotics/ros2_cobot/install/mycobot_320/lib/python3.10/site-packages:/home/robotics/ros2_cobot/install/mycobot_description/lib/python3.10/site-packages:/home/robotics/ros2_cobot/install/ultraarm/lib/python3.10/site-packages:/home/robotics/ros2_cobot/install/traj_scripts/local/lib/python3.10/dist-packages:/home/robotics/ros2_cobot/install/mypalletizer_communication/lib/python3.10/site-packages:/home/robotics/ros2_cobot/install/mypalletizer_interfaces/local/lib/python3.10/dist-packages:/home/robotics/ros2_cobot/install/mypalletizer_260_pi/lib/python3.10/site-packages:/home/robotics/ros2_cobot/install/mypalletizer_260/lib/python3.10/site-packages:/home/robotics/ros2_cobot/install/myarm_m750/lib/python3.10/site-packages:/home/robotics/ros2_cobot/install/myarm_c650/lib/python3.10/site-packages:/home/robotics/ros2_cobot/install/mycobot_communication/lib/python3.10/site-packages:/home/robotics/ros2_cobot/install/mecharm_communication/lib/python3.10/site-packages:/home/robotics/ros2_cobot/install/mycobot_interfaces/local/lib/python3.10/dist-packages:/home/robotics/ros2_cobot/install/mycobot_630/lib/python3.10/site-packages:/home/robotics/ros2_cobot/install/mycobot_600/lib/python3.10/site-packages:/home/robotics/ros2_cobot/install/mycobot_320pi/lib/python3.10/site-packages:/home/robotics/ros2_cobot/install/mycobot_320_riscv/lib/python3.10/site-packages:/home/robotics/ros2_cobot/install/mycobot_320/lib/python3.10/site-packages:/home/robotics/ros2_cobot/install/mycobot_280pi/lib/python3.10/site-packages:/home/robotics/ros2_cobot/install/mycobot_280jn/lib/python3.10/site-packages:/home/robotics/ros2_cobot/install/mycobot_280_x3pi/lib/python3.10/site-packages:/home/robotics/ros2_cobot/install/mycobot_280_riscv/lib/python3.10/site-packages:/home/robotics/ros2_cobot/install/mycobot_280_rdkx5/lib/python3.10/site-packages:/home/robotics/ros2_cobot/install/mycobot_280_moveit2_control/lib/python3.10/site-packages:/home/robotics/ros2_cobot/install/mycobot_280_arduino/lib/python3.10/site-packages:/home/robotics/ros2_cobot/install/mycobot_280/lib/python3.10/site-packages:/home/robotics/ros2_cobot/install/mybuddy/lib/python3.10/site-packages:/home/robotics/ros2_cobot/install/myarm_300/lib/python3.10/site-packages:/home/robotics/ros2_cobot/install/mecharm_pi/lib/python3.10/site-packages:/home/robotics/ros2_cobot/install/mecharm/lib/python3.10/site-packages:/home/robotics/ros2_cobot/install/mecharm_interfaces/local/lib/python3.10/dist-packages:/opt/ros/humble/lib/python3.10/site-packages:/opt/ros/humble/local/lib/python3.10/dist-packages /usr/bin/python3 -W ignore:setup.py install is deprecated -W ignore:easy_install command is deprecated setup.py egg_info --egg-base ../../../../build/mycobot_320 build --build-base /home/robotics/ros2_cobot/build/mycobot_320/build install --record /home/robotics/ros2_cobot/build/mycobot_320/install.log --single-version-externally-managed install_data
[9.593s] Level 1:colcon.colcon_core.environment:checking '/home/robotics/ros2_cobot/install/mycobot_320' for CMake config files
[9.594s] Level 1:colcon.colcon_core.environment:checking '/home/robotics/ros2_cobot/install/mycobot_320/lib'
[9.594s] Level 1:colcon.colcon_core.environment:checking '/home/robotics/ros2_cobot/install/mycobot_320/bin'
[9.594s] Level 1:colcon.colcon_core.environment:checking '/home/robotics/ros2_cobot/install/mycobot_320/lib/pkgconfig/mycobot_320.pc'
[9.594s] Level 1:colcon.colcon_core.environment:checking '/home/robotics/ros2_cobot/install/mycobot_320/lib/python3.10/site-packages'
[9.594s] Level 1:colcon.colcon_core.shell:create_environment_hook('mycobot_320', 'pythonpath')
[9.594s] INFO:colcon.colcon_core.shell:Creating environment hook '/home/robotics/ros2_cobot/install/mycobot_320/share/mycobot_320/hook/pythonpath.ps1'
[9.595s] INFO:colcon.colcon_core.shell:Creating environment descriptor '/home/robotics/ros2_cobot/install/mycobot_320/share/mycobot_320/hook/pythonpath.dsv'
[9.595s] INFO:colcon.colcon_core.shell:Creating environment hook '/home/robotics/ros2_cobot/install/mycobot_320/share/mycobot_320/hook/pythonpath.sh'
[9.596s] Level 1:colcon.colcon_core.environment:checking '/home/robotics/ros2_cobot/install/mycobot_320/bin'
[9.596s] Level 1:colcon.colcon_core.environment:create_environment_scripts_only(mycobot_320)
[9.596s] INFO:colcon.colcon_core.shell:Creating package script '/home/robotics/ros2_cobot/install/mycobot_320/share/mycobot_320/package.ps1'
[9.597s] INFO:colcon.colcon_core.shell:Creating package descriptor '/home/robotics/ros2_cobot/install/mycobot_320/share/mycobot_320/package.dsv'
[9.597s] INFO:colcon.colcon_core.shell:Creating package script '/home/robotics/ros2_cobot/install/mycobot_320/share/mycobot_320/package.sh'
[9.598s] INFO:colcon.colcon_core.shell:Creating package script '/home/robotics/ros2_cobot/install/mycobot_320/share/mycobot_320/package.bash'
[9.598s] INFO:colcon.colcon_core.shell:Creating package script '/home/robotics/ros2_cobot/install/mycobot_320/share/mycobot_320/package.zsh'
[9.599s] Level 1:colcon.colcon_core.environment:create_file_with_runtime_dependencies(/home/robotics/ros2_cobot/install/mycobot_320/share/colcon-core/packages/mycobot_320)
[9.606s] Level 1:colcon.colcon_core.environment:checking '/home/robotics/ros2_cobot/install/mycobot_320pi' for CMake module files
[9.606s] DEBUG:colcon.colcon_core.event_handler.log_command:Invoked command in '/home/robotics/ros2_cobot/src/mycobot_ros2/mycobot_320/mycobot_320pi' returned '0': AMENT_PREFIX_PATH=/home/robotics/ros2_cobot/install/mycobot_description:/home/robotics/ros2_cobot/install/ultraarm:/home/robotics/ros2_cobot/install/traj_scripts:/home/robotics/ros2_cobot/install/mypalletizer_communication:/home/robotics/ros2_cobot/install/mypalletizer_interfaces:/home/robotics/ros2_cobot/install/mypalletizer_260_pi:/home/robotics/ros2_cobot/install/mypalletizer_260:/home/robotics/ros2_cobot/install/myarm_m750:/home/robotics/ros2_cobot/install/myarm_c650:/home/robotics/ros2_cobot/install/mycobot_communication:/home/robotics/ros2_cobot/install/mecharm_communication:/home/robotics/ros2_cobot/install/mycobot_interfaces:/home/robotics/ros2_cobot/install/mycobot_630:/home/robotics/ros2_cobot/install/mycobot_600:/home/robotics/ros2_cobot/install/mycobot_320pi:/home/robotics/ros2_cobot/install/mycobot_320_riscv:/home/robotics/ros2_cobot/install/mycobot_320:/home/robotics/ros2_cobot/install/mycobot_280rdkx5_moveit2:/home/robotics/ros2_cobot/install/mycobot_280pi:/home/robotics/ros2_cobot/install/mycobot_280jn:/home/robotics/ros2_cobot/install/mycobot_280arduino_moveit2:/home/robotics/ros2_cobot/install/mycobot_280_x3pi:/home/robotics/ros2_cobot/install/mycobot_280_riscv:/home/robotics/ros2_cobot/install/mycobot_280_rdkx5:/home/robotics/ros2_cobot/install/mycobot_280_moveit2_control:/home/robotics/ros2_cobot/install/mycobot_280_moveit2:/home/robotics/ros2_cobot/install/mycobot_280_arduino:/home/robotics/ros2_cobot/install/mycobot_280:/home/robotics/ros2_cobot/install/mybuddy:/home/robotics/ros2_cobot/install/myarm_300:/home/robotics/ros2_cobot/install/mecharm_pi:/home/robotics/ros2_cobot/install/mecharm:/home/robotics/ros2_cobot/install/mecharm_interfaces:/opt/ros/humble PYTHONPATH=/home/robotics/ros2_cobot/build/mycobot_320pi/prefix_override:/usr/lib/python3/dist-packages/colcon_core/task/python/colcon_distutils_commands:/home/robotics/ros2_cobot/install/mycobot_320pi/lib/python3.10/site-packages:/home/robotics/ros2_cobot/install/mycobot_description/lib/python3.10/site-packages:/home/robotics/ros2_cobot/install/ultraarm/lib/python3.10/site-packages:/home/robotics/ros2_cobot/install/traj_scripts/local/lib/python3.10/dist-packages:/home/robotics/ros2_cobot/install/mypalletizer_communication/lib/python3.10/site-packages:/home/robotics/ros2_cobot/install/mypalletizer_interfaces/local/lib/python3.10/dist-packages:/home/robotics/ros2_cobot/install/mypalletizer_260_pi/lib/python3.10/site-packages:/home/robotics/ros2_cobot/install/mypalletizer_260/lib/python3.10/site-packages:/home/robotics/ros2_cobot/install/myarm_m750/lib/python3.10/site-packages:/home/robotics/ros2_cobot/install/myarm_c650/lib/python3.10/site-packages:/home/robotics/ros2_cobot/install/mycobot_communication/lib/python3.10/site-packages:/home/robotics/ros2_cobot/install/mecharm_communication/lib/python3.10/site-packages:/home/robotics/ros2_cobot/install/mycobot_interfaces/local/lib/python3.10/dist-packages:/home/robotics/ros2_cobot/install/mycobot_630/lib/python3.10/site-packages:/home/robotics/ros2_cobot/install/mycobot_600/lib/python3.10/site-packages:/home/robotics/ros2_cobot/install/mycobot_320pi/lib/python3.10/site-packages:/home/robotics/ros2_cobot/install/mycobot_320_riscv/lib/python3.10/site-packages:/home/robotics/ros2_cobot/install/mycobot_320/lib/python3.10/site-packages:/home/robotics/ros2_cobot/install/mycobot_280pi/lib/python3.10/site-packages:/home/robotics/ros2_cobot/install/mycobot_280jn/lib/python3.10/site-packages:/home/robotics/ros2_cobot/install/mycobot_280_x3pi/lib/python3.10/site-packages:/home/robotics/ros2_cobot/install/mycobot_280_riscv/lib/python3.10/site-packages:/home/robotics/ros2_cobot/install/mycobot_280_rdkx5/lib/python3.10/site-packages:/home/robotics/ros2_cobot/install/mycobot_280_moveit2_control/lib/python3.10/site-packages:/home/robotics/ros2_cobot/install/mycobot_280_arduino/lib/python3.10/site-packages:/home/robotics/ros2_cobot/install/mycobot_280/lib/python3.10/site-packages:/home/robotics/ros2_cobot/install/mybuddy/lib/python3.10/site-packages:/home/robotics/ros2_cobot/install/myarm_300/lib/python3.10/site-packages:/home/robotics/ros2_cobot/install/mecharm_pi/lib/python3.10/site-packages:/home/robotics/ros2_cobot/install/mecharm/lib/python3.10/site-packages:/home/robotics/ros2_cobot/install/mecharm_interfaces/local/lib/python3.10/dist-packages:/opt/ros/humble/lib/python3.10/site-packages:/opt/ros/humble/local/lib/python3.10/dist-packages /usr/bin/python3 -W ignore:setup.py install is deprecated -W ignore:easy_install command is deprecated setup.py egg_info --egg-base ../../../../build/mycobot_320pi build --build-base /home/robotics/ros2_cobot/build/mycobot_320pi/build install --record /home/robotics/ros2_cobot/build/mycobot_320pi/install.log --single-version-externally-managed install_data
[9.607s] Level 1:colcon.colcon_core.environment:checking '/home/robotics/ros2_cobot/install/mycobot_320pi' for CMake config files
[9.607s] Level 1:colcon.colcon_core.environment:checking '/home/robotics/ros2_cobot/install/mycobot_320pi/lib'
[9.608s] Level 1:colcon.colcon_core.environment:checking '/home/robotics/ros2_cobot/install/mycobot_320pi/bin'
[9.608s] Level 1:colcon.colcon_core.environment:checking '/home/robotics/ros2_cobot/install/mycobot_320pi/lib/pkgconfig/mycobot_320pi.pc'
[9.608s] Level 1:colcon.colcon_core.environment:checking '/home/robotics/ros2_cobot/install/mycobot_320pi/lib/python3.10/site-packages'
[9.608s] Level 1:colcon.colcon_core.shell:create_environment_hook('mycobot_320pi', 'pythonpath')
[9.608s] INFO:colcon.colcon_core.shell:Creating environment hook '/home/robotics/ros2_cobot/install/mycobot_320pi/share/mycobot_320pi/hook/pythonpath.ps1'
[9.609s] INFO:colcon.colcon_core.shell:Creating environment descriptor '/home/robotics/ros2_cobot/install/mycobot_320pi/share/mycobot_320pi/hook/pythonpath.dsv'
[9.609s] INFO:colcon.colcon_core.shell:Creating environment hook '/home/robotics/ros2_cobot/install/mycobot_320pi/share/mycobot_320pi/hook/pythonpath.sh'
[9.610s] Level 1:colcon.colcon_core.environment:checking '/home/robotics/ros2_cobot/install/mycobot_320pi/bin'
[9.610s] Level 1:colcon.colcon_core.environment:create_environment_scripts_only(mycobot_320pi)
[9.610s] INFO:colcon.colcon_core.shell:Creating package script '/home/robotics/ros2_cobot/install/mycobot_320pi/share/mycobot_320pi/package.ps1'
[9.611s] INFO:colcon.colcon_core.shell:Creating package descriptor '/home/robotics/ros2_cobot/install/mycobot_320pi/share/mycobot_320pi/package.dsv'
[9.611s] INFO:colcon.colcon_core.shell:Creating package script '/home/robotics/ros2_cobot/install/mycobot_320pi/share/mycobot_320pi/package.sh'
[9.612s] INFO:colcon.colcon_core.shell:Creating package script '/home/robotics/ros2_cobot/install/mycobot_320pi/share/mycobot_320pi/package.bash'
[9.612s] INFO:colcon.colcon_core.shell:Creating package script '/home/robotics/ros2_cobot/install/mycobot_320pi/share/mycobot_320pi/package.zsh'
[9.612s] Level 1:colcon.colcon_core.environment:create_file_with_runtime_dependencies(/home/robotics/ros2_cobot/install/mycobot_320pi/share/colcon-core/packages/mycobot_320pi)
[9.677s] DEBUG:colcon.colcon_core.event_handler.log_command:Invoking command in '/home/robotics/ros2_cobot/src/mycobot_ros2/mycobot_pro/mycobot_630': AMENT_PREFIX_PATH=/home/robotics/ros2_cobot/install/mycobot_description:/home/robotics/ros2_cobot/install/ultraarm:/home/robotics/ros2_cobot/install/traj_scripts:/home/robotics/ros2_cobot/install/mypalletizer_communication:/home/robotics/ros2_cobot/install/mypalletizer_interfaces:/home/robotics/ros2_cobot/install/mypalletizer_260_pi:/home/robotics/ros2_cobot/install/mypalletizer_260:/home/robotics/ros2_cobot/install/myarm_m750:/home/robotics/ros2_cobot/install/myarm_c650:/home/robotics/ros2_cobot/install/mycobot_communication:/home/robotics/ros2_cobot/install/mecharm_communication:/home/robotics/ros2_cobot/install/mycobot_interfaces:/home/robotics/ros2_cobot/install/mycobot_630:/home/robotics/ros2_cobot/install/mycobot_600:/home/robotics/ros2_cobot/install/mycobot_320pi:/home/robotics/ros2_cobot/install/mycobot_320_riscv:/home/robotics/ros2_cobot/install/mycobot_320:/home/robotics/ros2_cobot/install/mycobot_280rdkx5_moveit2:/home/robotics/ros2_cobot/install/mycobot_280pi:/home/robotics/ros2_cobot/install/mycobot_280jn:/home/robotics/ros2_cobot/install/mycobot_280arduino_moveit2:/home/robotics/ros2_cobot/install/mycobot_280_x3pi:/home/robotics/ros2_cobot/install/mycobot_280_riscv:/home/robotics/ros2_cobot/install/mycobot_280_rdkx5:/home/robotics/ros2_cobot/install/mycobot_280_moveit2_control:/home/robotics/ros2_cobot/install/mycobot_280_moveit2:/home/robotics/ros2_cobot/install/mycobot_280_arduino:/home/robotics/ros2_cobot/install/mycobot_280:/home/robotics/ros2_cobot/install/mybuddy:/home/robotics/ros2_cobot/install/myarm_300:/home/robotics/ros2_cobot/install/mecharm_pi:/home/robotics/ros2_cobot/install/mecharm:/home/robotics/ros2_cobot/install/mecharm_interfaces:/opt/ros/humble PYTHONPATH=/home/robotics/ros2_cobot/build/mycobot_630/prefix_override:/usr/lib/python3/dist-packages/colcon_core/task/python/colcon_distutils_commands:/home/robotics/ros2_cobot/install/mycobot_630/lib/python3.10/site-packages:/home/robotics/ros2_cobot/install/mycobot_description/lib/python3.10/site-packages:/home/robotics/ros2_cobot/install/ultraarm/lib/python3.10/site-packages:/home/robotics/ros2_cobot/install/traj_scripts/local/lib/python3.10/dist-packages:/home/robotics/ros2_cobot/install/mypalletizer_communication/lib/python3.10/site-packages:/home/robotics/ros2_cobot/install/mypalletizer_interfaces/local/lib/python3.10/dist-packages:/home/robotics/ros2_cobot/install/mypalletizer_260_pi/lib/python3.10/site-packages:/home/robotics/ros2_cobot/install/mypalletizer_260/lib/python3.10/site-packages:/home/robotics/ros2_cobot/install/myarm_m750/lib/python3.10/site-packages:/home/robotics/ros2_cobot/install/myarm_c650/lib/python3.10/site-packages:/home/robotics/ros2_cobot/install/mycobot_communication/lib/python3.10/site-packages:/home/robotics/ros2_cobot/install/mecharm_communication/lib/python3.10/site-packages:/home/robotics/ros2_cobot/install/mycobot_interfaces/local/lib/python3.10/dist-packages:/home/robotics/ros2_cobot/install/mycobot_630/lib/python3.10/site-packages:/home/robotics/ros2_cobot/install/mycobot_600/lib/python3.10/site-packages:/home/robotics/ros2_cobot/install/mycobot_320pi/lib/python3.10/site-packages:/home/robotics/ros2_cobot/install/mycobot_320_riscv/lib/python3.10/site-packages:/home/robotics/ros2_cobot/install/mycobot_320/lib/python3.10/site-packages:/home/robotics/ros2_cobot/install/mycobot_280pi/lib/python3.10/site-packages:/home/robotics/ros2_cobot/install/mycobot_280jn/lib/python3.10/site-packages:/home/robotics/ros2_cobot/install/mycobot_280_x3pi/lib/python3.10/site-packages:/home/robotics/ros2_cobot/install/mycobot_280_riscv/lib/python3.10/site-packages:/home/robotics/ros2_cobot/install/mycobot_280_rdkx5/lib/python3.10/site-packages:/home/robotics/ros2_cobot/install/mycobot_280_moveit2_control/lib/python3.10/site-packages:/home/robotics/ros2_cobot/install/mycobot_280_arduino/lib/python3.10/site-packages:/home/robotics/ros2_cobot/install/mycobot_280/lib/python3.10/site-packages:/home/robotics/ros2_cobot/install/mybuddy/lib/python3.10/site-packages:/home/robotics/ros2_cobot/install/myarm_300/lib/python3.10/site-packages:/home/robotics/ros2_cobot/install/mecharm_pi/lib/python3.10/site-packages:/home/robotics/ros2_cobot/install/mecharm/lib/python3.10/site-packages:/home/robotics/ros2_cobot/install/mecharm_interfaces/local/lib/python3.10/dist-packages:/opt/ros/humble/lib/python3.10/site-packages:/opt/ros/humble/local/lib/python3.10/dist-packages /usr/bin/python3 -W ignore:setup.py install is deprecated -W ignore:easy_install command is deprecated setup.py egg_info --egg-base ../../../../build/mycobot_630 build --build-base /home/robotics/ros2_cobot/build/mycobot_630/build install --record /home/robotics/ros2_cobot/build/mycobot_630/install.log --single-version-externally-managed install_data
[9.702s] Level 1:colcon.colcon_core.environment:checking '/home/robotics/ros2_cobot/install/mycobot_320_riscv' for CMake module files
[9.703s] DEBUG:colcon.colcon_core.event_handler.log_command:Invoked command in '/home/robotics/ros2_cobot/src/mycobot_ros2/mycobot_320/mycobot_320_riscv' returned '0': AMENT_PREFIX_PATH=/home/robotics/ros2_cobot/install/mycobot_description:/home/robotics/ros2_cobot/install/ultraarm:/home/robotics/ros2_cobot/install/traj_scripts:/home/robotics/ros2_cobot/install/mypalletizer_communication:/home/robotics/ros2_cobot/install/mypalletizer_interfaces:/home/robotics/ros2_cobot/install/mypalletizer_260_pi:/home/robotics/ros2_cobot/install/mypalletizer_260:/home/robotics/ros2_cobot/install/myarm_m750:/home/robotics/ros2_cobot/install/myarm_c650:/home/robotics/ros2_cobot/install/mycobot_communication:/home/robotics/ros2_cobot/install/mecharm_communication:/home/robotics/ros2_cobot/install/mycobot_interfaces:/home/robotics/ros2_cobot/install/mycobot_630:/home/robotics/ros2_cobot/install/mycobot_600:/home/robotics/ros2_cobot/install/mycobot_320pi:/home/robotics/ros2_cobot/install/mycobot_320_riscv:/home/robotics/ros2_cobot/install/mycobot_320:/home/robotics/ros2_cobot/install/mycobot_280rdkx5_moveit2:/home/robotics/ros2_cobot/install/mycobot_280pi:/home/robotics/ros2_cobot/install/mycobot_280jn:/home/robotics/ros2_cobot/install/mycobot_280arduino_moveit2:/home/robotics/ros2_cobot/install/mycobot_280_x3pi:/home/robotics/ros2_cobot/install/mycobot_280_riscv:/home/robotics/ros2_cobot/install/mycobot_280_rdkx5:/home/robotics/ros2_cobot/install/mycobot_280_moveit2_control:/home/robotics/ros2_cobot/install/mycobot_280_moveit2:/home/robotics/ros2_cobot/install/mycobot_280_arduino:/home/robotics/ros2_cobot/install/mycobot_280:/home/robotics/ros2_cobot/install/mybuddy:/home/robotics/ros2_cobot/install/myarm_300:/home/robotics/ros2_cobot/install/mecharm_pi:/home/robotics/ros2_cobot/install/mecharm:/home/robotics/ros2_cobot/install/mecharm_interfaces:/opt/ros/humble PYTHONPATH=/home/robotics/ros2_cobot/build/mycobot_320_riscv/prefix_override:/usr/lib/python3/dist-packages/colcon_core/task/python/colcon_distutils_commands:/home/robotics/ros2_cobot/install/mycobot_320_riscv/lib/python3.10/site-packages:/home/robotics/ros2_cobot/install/mycobot_description/lib/python3.10/site-packages:/home/robotics/ros2_cobot/install/ultraarm/lib/python3.10/site-packages:/home/robotics/ros2_cobot/install/traj_scripts/local/lib/python3.10/dist-packages:/home/robotics/ros2_cobot/install/mypalletizer_communication/lib/python3.10/site-packages:/home/robotics/ros2_cobot/install/mypalletizer_interfaces/local/lib/python3.10/dist-packages:/home/robotics/ros2_cobot/install/mypalletizer_260_pi/lib/python3.10/site-packages:/home/robotics/ros2_cobot/install/mypalletizer_260/lib/python3.10/site-packages:/home/robotics/ros2_cobot/install/myarm_m750/lib/python3.10/site-packages:/home/robotics/ros2_cobot/install/myarm_c650/lib/python3.10/site-packages:/home/robotics/ros2_cobot/install/mycobot_communication/lib/python3.10/site-packages:/home/robotics/ros2_cobot/install/mecharm_communication/lib/python3.10/site-packages:/home/robotics/ros2_cobot/install/mycobot_interfaces/local/lib/python3.10/dist-packages:/home/robotics/ros2_cobot/install/mycobot_630/lib/python3.10/site-packages:/home/robotics/ros2_cobot/install/mycobot_600/lib/python3.10/site-packages:/home/robotics/ros2_cobot/install/mycobot_320pi/lib/python3.10/site-packages:/home/robotics/ros2_cobot/install/mycobot_320_riscv/lib/python3.10/site-packages:/home/robotics/ros2_cobot/install/mycobot_320/lib/python3.10/site-packages:/home/robotics/ros2_cobot/install/mycobot_280pi/lib/python3.10/site-packages:/home/robotics/ros2_cobot/install/mycobot_280jn/lib/python3.10/site-packages:/home/robotics/ros2_cobot/install/mycobot_280_x3pi/lib/python3.10/site-packages:/home/robotics/ros2_cobot/install/mycobot_280_riscv/lib/python3.10/site-packages:/home/robotics/ros2_cobot/install/mycobot_280_rdkx5/lib/python3.10/site-packages:/home/robotics/ros2_cobot/install/mycobot_280_moveit2_control/lib/python3.10/site-packages:/home/robotics/ros2_cobot/install/mycobot_280_arduino/lib/python3.10/site-packages:/home/robotics/ros2_cobot/install/mycobot_280/lib/python3.10/site-packages:/home/robotics/ros2_cobot/install/mybuddy/lib/python3.10/site-packages:/home/robotics/ros2_cobot/install/myarm_300/lib/python3.10/site-packages:/home/robotics/ros2_cobot/install/mecharm_pi/lib/python3.10/site-packages:/home/robotics/ros2_cobot/install/mecharm/lib/python3.10/site-packages:/home/robotics/ros2_cobot/install/mecharm_interfaces/local/lib/python3.10/dist-packages:/opt/ros/humble/lib/python3.10/site-packages:/opt/ros/humble/local/lib/python3.10/dist-packages /usr/bin/python3 -W ignore:setup.py install is deprecated -W ignore:easy_install command is deprecated setup.py egg_info --egg-base ../../../../build/mycobot_320_riscv build --build-base /home/robotics/ros2_cobot/build/mycobot_320_riscv/build install --record /home/robotics/ros2_cobot/build/mycobot_320_riscv/install.log --single-version-externally-managed install_data
[9.703s] Level 1:colcon.colcon_core.environment:checking '/home/robotics/ros2_cobot/install/mycobot_320_riscv' for CMake config files
[9.704s] Level 1:colcon.colcon_core.environment:checking '/home/robotics/ros2_cobot/install/mycobot_320_riscv/lib'
[9.704s] Level 1:colcon.colcon_core.environment:checking '/home/robotics/ros2_cobot/install/mycobot_320_riscv/bin'
[9.704s] Level 1:colcon.colcon_core.environment:checking '/home/robotics/ros2_cobot/install/mycobot_320_riscv/lib/pkgconfig/mycobot_320_riscv.pc'
[9.704s] Level 1:colcon.colcon_core.environment:checking '/home/robotics/ros2_cobot/install/mycobot_320_riscv/lib/python3.10/site-packages'
[9.704s] Level 1:colcon.colcon_core.shell:create_environment_hook('mycobot_320_riscv', 'pythonpath')
[9.704s] INFO:colcon.colcon_core.shell:Creating environment hook '/home/robotics/ros2_cobot/install/mycobot_320_riscv/share/mycobot_320_riscv/hook/pythonpath.ps1'
[9.705s] INFO:colcon.colcon_core.shell:Creating environment descriptor '/home/robotics/ros2_cobot/install/mycobot_320_riscv/share/mycobot_320_riscv/hook/pythonpath.dsv'
[9.705s] INFO:colcon.colcon_core.shell:Creating environment hook '/home/robotics/ros2_cobot/install/mycobot_320_riscv/share/mycobot_320_riscv/hook/pythonpath.sh'
[9.706s] Level 1:colcon.colcon_core.environment:checking '/home/robotics/ros2_cobot/install/mycobot_320_riscv/bin'
[9.706s] Level 1:colcon.colcon_core.environment:create_environment_scripts_only(mycobot_320_riscv)
[9.706s] INFO:colcon.colcon_core.shell:Creating package script '/home/robotics/ros2_cobot/install/mycobot_320_riscv/share/mycobot_320_riscv/package.ps1'
[9.707s] INFO:colcon.colcon_core.shell:Creating package descriptor '/home/robotics/ros2_cobot/install/mycobot_320_riscv/share/mycobot_320_riscv/package.dsv'
[9.707s] INFO:colcon.colcon_core.shell:Creating package script '/home/robotics/ros2_cobot/install/mycobot_320_riscv/share/mycobot_320_riscv/package.sh'
[9.708s] INFO:colcon.colcon_core.shell:Creating package script '/home/robotics/ros2_cobot/install/mycobot_320_riscv/share/mycobot_320_riscv/package.bash'
[9.708s] INFO:colcon.colcon_core.shell:Creating package script '/home/robotics/ros2_cobot/install/mycobot_320_riscv/share/mycobot_320_riscv/package.zsh'
[9.709s] Level 1:colcon.colcon_core.environment:create_file_with_runtime_dependencies(/home/robotics/ros2_cobot/install/mycobot_320_riscv/share/colcon-core/packages/mycobot_320_riscv)
[9.712s] DEBUG:colcon.colcon_core.event_handler.log_command:Invoking command in '/home/robotics/ros2_cobot/src/mycobot_ros2/myArm/myarm_m750': AMENT_PREFIX_PATH=/home/robotics/ros2_cobot/install/mycobot_communication:/home/robotics/ros2_cobot/install/mycobot_description:/home/robotics/ros2_cobot/install/ultraarm:/home/robotics/ros2_cobot/install/traj_scripts:/home/robotics/ros2_cobot/install/mypalletizer_communication:/home/robotics/ros2_cobot/install/mypalletizer_interfaces:/home/robotics/ros2_cobot/install/mypalletizer_260_pi:/home/robotics/ros2_cobot/install/mypalletizer_260:/home/robotics/ros2_cobot/install/myarm_m750:/home/robotics/ros2_cobot/install/myarm_c650:/home/robotics/ros2_cobot/install/mecharm_communication:/home/robotics/ros2_cobot/install/mycobot_interfaces:/home/robotics/ros2_cobot/install/mycobot_630:/home/robotics/ros2_cobot/install/mycobot_600:/home/robotics/ros2_cobot/install/mycobot_320pi:/home/robotics/ros2_cobot/install/mycobot_320_riscv:/home/robotics/ros2_cobot/install/mycobot_320:/home/robotics/ros2_cobot/install/mycobot_280rdkx5_moveit2:/home/robotics/ros2_cobot/install/mycobot_280pi:/home/robotics/ros2_cobot/install/mycobot_280jn:/home/robotics/ros2_cobot/install/mycobot_280arduino_moveit2:/home/robotics/ros2_cobot/install/mycobot_280_x3pi:/home/robotics/ros2_cobot/install/mycobot_280_riscv:/home/robotics/ros2_cobot/install/mycobot_280_rdkx5:/home/robotics/ros2_cobot/install/mycobot_280_moveit2_control:/home/robotics/ros2_cobot/install/mycobot_280_moveit2:/home/robotics/ros2_cobot/install/mycobot_280_arduino:/home/robotics/ros2_cobot/install/mycobot_280:/home/robotics/ros2_cobot/install/mybuddy:/home/robotics/ros2_cobot/install/myarm_300:/home/robotics/ros2_cobot/install/mecharm_pi:/home/robotics/ros2_cobot/install/mecharm:/home/robotics/ros2_cobot/install/mecharm_interfaces:/opt/ros/humble CMAKE_PREFIX_PATH=/home/robotics/ros2_cobot/install/mycobot_interfaces:/home/robotics/ros2_cobot/install/traj_scripts:/home/robotics/ros2_cobot/install/mypalletizer_interfaces:/home/robotics/ros2_cobot/install/mycobot_280rdkx5_moveit2:/home/robotics/ros2_cobot/install/mycobot_280arduino_moveit2:/home/robotics/ros2_cobot/install/mycobot_280_moveit2:/home/robotics/ros2_cobot/install/mecharm_interfaces LD_LIBRARY_PATH=/home/robotics/ros2_cobot/install/mycobot_interfaces/lib:/home/robotics/ros2_cobot/install/mypalletizer_interfaces/lib:/home/robotics/ros2_cobot/install/mecharm_interfaces/lib:/opt/ros/humble/opt/rviz_ogre_vendor/lib:/opt/ros/humble/lib/x86_64-linux-gnu:/opt/ros/humble/lib PYTHONPATH=/home/robotics/ros2_cobot/build/myarm_m750/prefix_override:/usr/lib/python3/dist-packages/colcon_core/task/python/colcon_distutils_commands:/home/robotics/ros2_cobot/install/myarm_m750/lib/python3.10/site-packages:/home/robotics/ros2_cobot/install/mycobot_communication/lib/python3.10/site-packages:/home/robotics/ros2_cobot/install/mycobot_description/lib/python3.10/site-packages:/home/robotics/ros2_cobot/install/ultraarm/lib/python3.10/site-packages:/home/robotics/ros2_cobot/install/traj_scripts/local/lib/python3.10/dist-packages:/home/robotics/ros2_cobot/install/mypalletizer_communication/lib/python3.10/site-packages:/home/robotics/ros2_cobot/install/mypalletizer_interfaces/local/lib/python3.10/dist-packages:/home/robotics/ros2_cobot/install/mypalletizer_260_pi/lib/python3.10/site-packages:/home/robotics/ros2_cobot/install/mypalletizer_260/lib/python3.10/site-packages:/home/robotics/ros2_cobot/install/myarm_m750/lib/python3.10/site-packages:/home/robotics/ros2_cobot/install/myarm_c650/lib/python3.10/site-packages:/home/robotics/ros2_cobot/install/mecharm_communication/lib/python3.10/site-packages:/home/robotics/ros2_cobot/install/mycobot_interfaces/local/lib/python3.10/dist-packages:/home/robotics/ros2_cobot/install/mycobot_630/lib/python3.10/site-packages:/home/robotics/ros2_cobot/install/mycobot_600/lib/python3.10/site-packages:/home/robotics/ros2_cobot/install/mycobot_320pi/lib/python3.10/site-packages:/home/robotics/ros2_cobot/install/mycobot_320_riscv/lib/python3.10/site-packages:/home/robotics/ros2_cobot/install/mycobot_320/lib/python3.10/site-packages:/home/robotics/ros2_cobot/install/mycobot_280pi/lib/python3.10/site-packages:/home/robotics/ros2_cobot/install/mycobot_280jn/lib/python3.10/site-packages:/home/robotics/ros2_cobot/install/mycobot_280_x3pi/lib/python3.10/site-packages:/home/robotics/ros2_cobot/install/mycobot_280_riscv/lib/python3.10/site-packages:/home/robotics/ros2_cobot/install/mycobot_280_rdkx5/lib/python3.10/site-packages:/home/robotics/ros2_cobot/install/mycobot_280_moveit2_control/lib/python3.10/site-packages:/home/robotics/ros2_cobot/install/mycobot_280_arduino/lib/python3.10/site-packages:/home/robotics/ros2_cobot/install/mycobot_280/lib/python3.10/site-packages:/home/robotics/ros2_cobot/install/mybuddy/lib/python3.10/site-packages:/home/robotics/ros2_cobot/install/myarm_300/lib/python3.10/site-packages:/home/robotics/ros2_cobot/install/mecharm_pi/lib/python3.10/site-packages:/home/robotics/ros2_cobot/install/mecharm/lib/python3.10/site-packages:/home/robotics/ros2_cobot/install/mecharm_interfaces/local/lib/python3.10/dist-packages:/opt/ros/humble/lib/python3.10/site-packages:/opt/ros/humble/local/lib/python3.10/dist-packages /usr/bin/python3 -W ignore:setup.py install is deprecated -W ignore:easy_install command is deprecated setup.py egg_info --egg-base ../../../../build/myarm_m750 build --build-base /home/robotics/ros2_cobot/build/myarm_m750/build install --record /home/robotics/ros2_cobot/build/myarm_m750/install.log --single-version-externally-managed install_data
[9.790s] DEBUG:colcon.colcon_core.event_handler.log_command:Invoking command in '/home/robotics/ros2_cobot/src/mycobot_ros2/ultraArm/ultraarm': AMENT_PREFIX_PATH=/home/robotics/ros2_cobot/install/mycobot_description:/home/robotics/ros2_cobot/install/ultraarm:/home/robotics/ros2_cobot/install/traj_scripts:/home/robotics/ros2_cobot/install/mypalletizer_communication:/home/robotics/ros2_cobot/install/mypalletizer_interfaces:/home/robotics/ros2_cobot/install/mypalletizer_260_pi:/home/robotics/ros2_cobot/install/mypalletizer_260:/home/robotics/ros2_cobot/install/myarm_m750:/home/robotics/ros2_cobot/install/myarm_c650:/home/robotics/ros2_cobot/install/mycobot_communication:/home/robotics/ros2_cobot/install/mecharm_communication:/home/robotics/ros2_cobot/install/mycobot_interfaces:/home/robotics/ros2_cobot/install/mycobot_630:/home/robotics/ros2_cobot/install/mycobot_600:/home/robotics/ros2_cobot/install/mycobot_320pi:/home/robotics/ros2_cobot/install/mycobot_320_riscv:/home/robotics/ros2_cobot/install/mycobot_320:/home/robotics/ros2_cobot/install/mycobot_280rdkx5_moveit2:/home/robotics/ros2_cobot/install/mycobot_280pi:/home/robotics/ros2_cobot/install/mycobot_280jn:/home/robotics/ros2_cobot/install/mycobot_280arduino_moveit2:/home/robotics/ros2_cobot/install/mycobot_280_x3pi:/home/robotics/ros2_cobot/install/mycobot_280_riscv:/home/robotics/ros2_cobot/install/mycobot_280_rdkx5:/home/robotics/ros2_cobot/install/mycobot_280_moveit2_control:/home/robotics/ros2_cobot/install/mycobot_280_moveit2:/home/robotics/ros2_cobot/install/mycobot_280_arduino:/home/robotics/ros2_cobot/install/mycobot_280:/home/robotics/ros2_cobot/install/mybuddy:/home/robotics/ros2_cobot/install/myarm_300:/home/robotics/ros2_cobot/install/mecharm_pi:/home/robotics/ros2_cobot/install/mecharm:/home/robotics/ros2_cobot/install/mecharm_interfaces:/opt/ros/humble PYTHONPATH=/home/robotics/ros2_cobot/build/ultraarm/prefix_override:/usr/lib/python3/dist-packages/colcon_core/task/python/colcon_distutils_commands:/home/robotics/ros2_cobot/install/ultraarm/lib/python3.10/site-packages:/home/robotics/ros2_cobot/install/mycobot_description/lib/python3.10/site-packages:/home/robotics/ros2_cobot/install/ultraarm/lib/python3.10/site-packages:/home/robotics/ros2_cobot/install/traj_scripts/local/lib/python3.10/dist-packages:/home/robotics/ros2_cobot/install/mypalletizer_communication/lib/python3.10/site-packages:/home/robotics/ros2_cobot/install/mypalletizer_interfaces/local/lib/python3.10/dist-packages:/home/robotics/ros2_cobot/install/mypalletizer_260_pi/lib/python3.10/site-packages:/home/robotics/ros2_cobot/install/mypalletizer_260/lib/python3.10/site-packages:/home/robotics/ros2_cobot/install/myarm_m750/lib/python3.10/site-packages:/home/robotics/ros2_cobot/install/myarm_c650/lib/python3.10/site-packages:/home/robotics/ros2_cobot/install/mycobot_communication/lib/python3.10/site-packages:/home/robotics/ros2_cobot/install/mecharm_communication/lib/python3.10/site-packages:/home/robotics/ros2_cobot/install/mycobot_interfaces/local/lib/python3.10/dist-packages:/home/robotics/ros2_cobot/install/mycobot_630/lib/python3.10/site-packages:/home/robotics/ros2_cobot/install/mycobot_600/lib/python3.10/site-packages:/home/robotics/ros2_cobot/install/mycobot_320pi/lib/python3.10/site-packages:/home/robotics/ros2_cobot/install/mycobot_320_riscv/lib/python3.10/site-packages:/home/robotics/ros2_cobot/install/mycobot_320/lib/python3.10/site-packages:/home/robotics/ros2_cobot/install/mycobot_280pi/lib/python3.10/site-packages:/home/robotics/ros2_cobot/install/mycobot_280jn/lib/python3.10/site-packages:/home/robotics/ros2_cobot/install/mycobot_280_x3pi/lib/python3.10/site-packages:/home/robotics/ros2_cobot/install/mycobot_280_riscv/lib/python3.10/site-packages:/home/robotics/ros2_cobot/install/mycobot_280_rdkx5/lib/python3.10/site-packages:/home/robotics/ros2_cobot/install/mycobot_280_moveit2_control/lib/python3.10/site-packages:/home/robotics/ros2_cobot/install/mycobot_280_arduino/lib/python3.10/site-packages:/home/robotics/ros2_cobot/install/mycobot_280/lib/python3.10/site-packages:/home/robotics/ros2_cobot/install/mybuddy/lib/python3.10/site-packages:/home/robotics/ros2_cobot/install/myarm_300/lib/python3.10/site-packages:/home/robotics/ros2_cobot/install/mecharm_pi/lib/python3.10/site-packages:/home/robotics/ros2_cobot/install/mecharm/lib/python3.10/site-packages:/home/robotics/ros2_cobot/install/mecharm_interfaces/local/lib/python3.10/dist-packages:/opt/ros/humble/lib/python3.10/site-packages:/opt/ros/humble/local/lib/python3.10/dist-packages /usr/bin/python3 -W ignore:setup.py install is deprecated -W ignore:easy_install command is deprecated setup.py egg_info --egg-base ../../../../build/ultraarm build --build-base /home/robotics/ros2_cobot/build/ultraarm/build install --record /home/robotics/ros2_cobot/build/ultraarm/install.log --single-version-externally-managed install_data
[9.795s] DEBUG:colcon.colcon_core.event_handler.log_command:Invoking command in '/home/robotics/ros2_cobot/src/mycobot_ros2/mypalletizer_260/mypalletizer_260': AMENT_PREFIX_PATH=/home/robotics/ros2_cobot/install/mycobot_description:/home/robotics/ros2_cobot/install/ultraarm:/home/robotics/ros2_cobot/install/traj_scripts:/home/robotics/ros2_cobot/install/mypalletizer_communication:/home/robotics/ros2_cobot/install/mypalletizer_interfaces:/home/robotics/ros2_cobot/install/mypalletizer_260_pi:/home/robotics/ros2_cobot/install/mypalletizer_260:/home/robotics/ros2_cobot/install/myarm_m750:/home/robotics/ros2_cobot/install/myarm_c650:/home/robotics/ros2_cobot/install/mycobot_communication:/home/robotics/ros2_cobot/install/mecharm_communication:/home/robotics/ros2_cobot/install/mycobot_interfaces:/home/robotics/ros2_cobot/install/mycobot_630:/home/robotics/ros2_cobot/install/mycobot_600:/home/robotics/ros2_cobot/install/mycobot_320pi:/home/robotics/ros2_cobot/install/mycobot_320_riscv:/home/robotics/ros2_cobot/install/mycobot_320:/home/robotics/ros2_cobot/install/mycobot_280rdkx5_moveit2:/home/robotics/ros2_cobot/install/mycobot_280pi:/home/robotics/ros2_cobot/install/mycobot_280jn:/home/robotics/ros2_cobot/install/mycobot_280arduino_moveit2:/home/robotics/ros2_cobot/install/mycobot_280_x3pi:/home/robotics/ros2_cobot/install/mycobot_280_riscv:/home/robotics/ros2_cobot/install/mycobot_280_rdkx5:/home/robotics/ros2_cobot/install/mycobot_280_moveit2_control:/home/robotics/ros2_cobot/install/mycobot_280_moveit2:/home/robotics/ros2_cobot/install/mycobot_280_arduino:/home/robotics/ros2_cobot/install/mycobot_280:/home/robotics/ros2_cobot/install/mybuddy:/home/robotics/ros2_cobot/install/myarm_300:/home/robotics/ros2_cobot/install/mecharm_pi:/home/robotics/ros2_cobot/install/mecharm:/home/robotics/ros2_cobot/install/mecharm_interfaces:/opt/ros/humble PYTHONPATH=/home/robotics/ros2_cobot/build/mypalletizer_260/prefix_override:/usr/lib/python3/dist-packages/colcon_core/task/python/colcon_distutils_commands:/home/robotics/ros2_cobot/install/mypalletizer_260/lib/python3.10/site-packages:/home/robotics/ros2_cobot/install/mycobot_description/lib/python3.10/site-packages:/home/robotics/ros2_cobot/install/ultraarm/lib/python3.10/site-packages:/home/robotics/ros2_cobot/install/traj_scripts/local/lib/python3.10/dist-packages:/home/robotics/ros2_cobot/install/mypalletizer_communication/lib/python3.10/site-packages:/home/robotics/ros2_cobot/install/mypalletizer_interfaces/local/lib/python3.10/dist-packages:/home/robotics/ros2_cobot/install/mypalletizer_260_pi/lib/python3.10/site-packages:/home/robotics/ros2_cobot/install/mypalletizer_260/lib/python3.10/site-packages:/home/robotics/ros2_cobot/install/myarm_m750/lib/python3.10/site-packages:/home/robotics/ros2_cobot/install/myarm_c650/lib/python3.10/site-packages:/home/robotics/ros2_cobot/install/mycobot_communication/lib/python3.10/site-packages:/home/robotics/ros2_cobot/install/mecharm_communication/lib/python3.10/site-packages:/home/robotics/ros2_cobot/install/mycobot_interfaces/local/lib/python3.10/dist-packages:/home/robotics/ros2_cobot/install/mycobot_630/lib/python3.10/site-packages:/home/robotics/ros2_cobot/install/mycobot_600/lib/python3.10/site-packages:/home/robotics/ros2_cobot/install/mycobot_320pi/lib/python3.10/site-packages:/home/robotics/ros2_cobot/install/mycobot_320_riscv/lib/python3.10/site-packages:/home/robotics/ros2_cobot/install/mycobot_320/lib/python3.10/site-packages:/home/robotics/ros2_cobot/install/mycobot_280pi/lib/python3.10/site-packages:/home/robotics/ros2_cobot/install/mycobot_280jn/lib/python3.10/site-packages:/home/robotics/ros2_cobot/install/mycobot_280_x3pi/lib/python3.10/site-packages:/home/robotics/ros2_cobot/install/mycobot_280_riscv/lib/python3.10/site-packages:/home/robotics/ros2_cobot/install/mycobot_280_rdkx5/lib/python3.10/site-packages:/home/robotics/ros2_cobot/install/mycobot_280_moveit2_control/lib/python3.10/site-packages:/home/robotics/ros2_cobot/install/mycobot_280_arduino/lib/python3.10/site-packages:/home/robotics/ros2_cobot/install/mycobot_280/lib/python3.10/site-packages:/home/robotics/ros2_cobot/install/mybuddy/lib/python3.10/site-packages:/home/robotics/ros2_cobot/install/myarm_300/lib/python3.10/site-packages:/home/robotics/ros2_cobot/install/mecharm_pi/lib/python3.10/site-packages:/home/robotics/ros2_cobot/install/mecharm/lib/python3.10/site-packages:/home/robotics/ros2_cobot/install/mecharm_interfaces/local/lib/python3.10/dist-packages:/opt/ros/humble/lib/python3.10/site-packages:/opt/ros/humble/local/lib/python3.10/dist-packages /usr/bin/python3 -W ignore:setup.py install is deprecated -W ignore:easy_install command is deprecated setup.py egg_info --egg-base ../../../../build/mypalletizer_260 build --build-base /home/robotics/ros2_cobot/build/mypalletizer_260/build install --record /home/robotics/ros2_cobot/build/mypalletizer_260/install.log --single-version-externally-managed install_data
[9.802s] DEBUG:colcon.colcon_core.event_handler.log_command:Invoking command in '/home/robotics/ros2_cobot/src/mycobot_ros2/mycobot_pro/mycobot_600': AMENT_PREFIX_PATH=/home/robotics/ros2_cobot/install/mycobot_description:/home/robotics/ros2_cobot/install/ultraarm:/home/robotics/ros2_cobot/install/traj_scripts:/home/robotics/ros2_cobot/install/mypalletizer_communication:/home/robotics/ros2_cobot/install/mypalletizer_interfaces:/home/robotics/ros2_cobot/install/mypalletizer_260_pi:/home/robotics/ros2_cobot/install/mypalletizer_260:/home/robotics/ros2_cobot/install/myarm_m750:/home/robotics/ros2_cobot/install/myarm_c650:/home/robotics/ros2_cobot/install/mycobot_communication:/home/robotics/ros2_cobot/install/mecharm_communication:/home/robotics/ros2_cobot/install/mycobot_interfaces:/home/robotics/ros2_cobot/install/mycobot_630:/home/robotics/ros2_cobot/install/mycobot_600:/home/robotics/ros2_cobot/install/mycobot_320pi:/home/robotics/ros2_cobot/install/mycobot_320_riscv:/home/robotics/ros2_cobot/install/mycobot_320:/home/robotics/ros2_cobot/install/mycobot_280rdkx5_moveit2:/home/robotics/ros2_cobot/install/mycobot_280pi:/home/robotics/ros2_cobot/install/mycobot_280jn:/home/robotics/ros2_cobot/install/mycobot_280arduino_moveit2:/home/robotics/ros2_cobot/install/mycobot_280_x3pi:/home/robotics/ros2_cobot/install/mycobot_280_riscv:/home/robotics/ros2_cobot/install/mycobot_280_rdkx5:/home/robotics/ros2_cobot/install/mycobot_280_moveit2_control:/home/robotics/ros2_cobot/install/mycobot_280_moveit2:/home/robotics/ros2_cobot/install/mycobot_280_arduino:/home/robotics/ros2_cobot/install/mycobot_280:/home/robotics/ros2_cobot/install/mybuddy:/home/robotics/ros2_cobot/install/myarm_300:/home/robotics/ros2_cobot/install/mecharm_pi:/home/robotics/ros2_cobot/install/mecharm:/home/robotics/ros2_cobot/install/mecharm_interfaces:/opt/ros/humble PYTHONPATH=/home/robotics/ros2_cobot/build/mycobot_600/prefix_override:/usr/lib/python3/dist-packages/colcon_core/task/python/colcon_distutils_commands:/home/robotics/ros2_cobot/install/mycobot_600/lib/python3.10/site-packages:/home/robotics/ros2_cobot/install/mycobot_description/lib/python3.10/site-packages:/home/robotics/ros2_cobot/install/ultraarm/lib/python3.10/site-packages:/home/robotics/ros2_cobot/install/traj_scripts/local/lib/python3.10/dist-packages:/home/robotics/ros2_cobot/install/mypalletizer_communication/lib/python3.10/site-packages:/home/robotics/ros2_cobot/install/mypalletizer_interfaces/local/lib/python3.10/dist-packages:/home/robotics/ros2_cobot/install/mypalletizer_260_pi/lib/python3.10/site-packages:/home/robotics/ros2_cobot/install/mypalletizer_260/lib/python3.10/site-packages:/home/robotics/ros2_cobot/install/myarm_m750/lib/python3.10/site-packages:/home/robotics/ros2_cobot/install/myarm_c650/lib/python3.10/site-packages:/home/robotics/ros2_cobot/install/mycobot_communication/lib/python3.10/site-packages:/home/robotics/ros2_cobot/install/mecharm_communication/lib/python3.10/site-packages:/home/robotics/ros2_cobot/install/mycobot_interfaces/local/lib/python3.10/dist-packages:/home/robotics/ros2_cobot/install/mycobot_630/lib/python3.10/site-packages:/home/robotics/ros2_cobot/install/mycobot_600/lib/python3.10/site-packages:/home/robotics/ros2_cobot/install/mycobot_320pi/lib/python3.10/site-packages:/home/robotics/ros2_cobot/install/mycobot_320_riscv/lib/python3.10/site-packages:/home/robotics/ros2_cobot/install/mycobot_320/lib/python3.10/site-packages:/home/robotics/ros2_cobot/install/mycobot_280pi/lib/python3.10/site-packages:/home/robotics/ros2_cobot/install/mycobot_280jn/lib/python3.10/site-packages:/home/robotics/ros2_cobot/install/mycobot_280_x3pi/lib/python3.10/site-packages:/home/robotics/ros2_cobot/install/mycobot_280_riscv/lib/python3.10/site-packages:/home/robotics/ros2_cobot/install/mycobot_280_rdkx5/lib/python3.10/site-packages:/home/robotics/ros2_cobot/install/mycobot_280_moveit2_control/lib/python3.10/site-packages:/home/robotics/ros2_cobot/install/mycobot_280_arduino/lib/python3.10/site-packages:/home/robotics/ros2_cobot/install/mycobot_280/lib/python3.10/site-packages:/home/robotics/ros2_cobot/install/mybuddy/lib/python3.10/site-packages:/home/robotics/ros2_cobot/install/myarm_300/lib/python3.10/site-packages:/home/robotics/ros2_cobot/install/mecharm_pi/lib/python3.10/site-packages:/home/robotics/ros2_cobot/install/mecharm/lib/python3.10/site-packages:/home/robotics/ros2_cobot/install/mecharm_interfaces/local/lib/python3.10/dist-packages:/opt/ros/humble/lib/python3.10/site-packages:/opt/ros/humble/local/lib/python3.10/dist-packages /usr/bin/python3 -W ignore:setup.py install is deprecated -W ignore:easy_install command is deprecated setup.py egg_info --egg-base ../../../../build/mycobot_600 build --build-base /home/robotics/ros2_cobot/build/mycobot_600/build install --record /home/robotics/ros2_cobot/build/mycobot_600/install.log --single-version-externally-managed install_data
[9.806s] DEBUG:colcon.colcon_core.event_handler.log_command:Invoking command in '/home/robotics/ros2_cobot/src/mycobot_ros2/mypalletizer_260/mypalletizer_260_pi': AMENT_PREFIX_PATH=/home/robotics/ros2_cobot/install/mycobot_description:/home/robotics/ros2_cobot/install/ultraarm:/home/robotics/ros2_cobot/install/traj_scripts:/home/robotics/ros2_cobot/install/mypalletizer_communication:/home/robotics/ros2_cobot/install/mypalletizer_interfaces:/home/robotics/ros2_cobot/install/mypalletizer_260_pi:/home/robotics/ros2_cobot/install/mypalletizer_260:/home/robotics/ros2_cobot/install/myarm_m750:/home/robotics/ros2_cobot/install/myarm_c650:/home/robotics/ros2_cobot/install/mycobot_communication:/home/robotics/ros2_cobot/install/mecharm_communication:/home/robotics/ros2_cobot/install/mycobot_interfaces:/home/robotics/ros2_cobot/install/mycobot_630:/home/robotics/ros2_cobot/install/mycobot_600:/home/robotics/ros2_cobot/install/mycobot_320pi:/home/robotics/ros2_cobot/install/mycobot_320_riscv:/home/robotics/ros2_cobot/install/mycobot_320:/home/robotics/ros2_cobot/install/mycobot_280rdkx5_moveit2:/home/robotics/ros2_cobot/install/mycobot_280pi:/home/robotics/ros2_cobot/install/mycobot_280jn:/home/robotics/ros2_cobot/install/mycobot_280arduino_moveit2:/home/robotics/ros2_cobot/install/mycobot_280_x3pi:/home/robotics/ros2_cobot/install/mycobot_280_riscv:/home/robotics/ros2_cobot/install/mycobot_280_rdkx5:/home/robotics/ros2_cobot/install/mycobot_280_moveit2_control:/home/robotics/ros2_cobot/install/mycobot_280_moveit2:/home/robotics/ros2_cobot/install/mycobot_280_arduino:/home/robotics/ros2_cobot/install/mycobot_280:/home/robotics/ros2_cobot/install/mybuddy:/home/robotics/ros2_cobot/install/myarm_300:/home/robotics/ros2_cobot/install/mecharm_pi:/home/robotics/ros2_cobot/install/mecharm:/home/robotics/ros2_cobot/install/mecharm_interfaces:/opt/ros/humble PYTHONPATH=/home/robotics/ros2_cobot/build/mypalletizer_260_pi/prefix_override:/usr/lib/python3/dist-packages/colcon_core/task/python/colcon_distutils_commands:/home/robotics/ros2_cobot/install/mypalletizer_260_pi/lib/python3.10/site-packages:/home/robotics/ros2_cobot/install/mycobot_description/lib/python3.10/site-packages:/home/robotics/ros2_cobot/install/ultraarm/lib/python3.10/site-packages:/home/robotics/ros2_cobot/install/traj_scripts/local/lib/python3.10/dist-packages:/home/robotics/ros2_cobot/install/mypalletizer_communication/lib/python3.10/site-packages:/home/robotics/ros2_cobot/install/mypalletizer_interfaces/local/lib/python3.10/dist-packages:/home/robotics/ros2_cobot/install/mypalletizer_260_pi/lib/python3.10/site-packages:/home/robotics/ros2_cobot/install/mypalletizer_260/lib/python3.10/site-packages:/home/robotics/ros2_cobot/install/myarm_m750/lib/python3.10/site-packages:/home/robotics/ros2_cobot/install/myarm_c650/lib/python3.10/site-packages:/home/robotics/ros2_cobot/install/mycobot_communication/lib/python3.10/site-packages:/home/robotics/ros2_cobot/install/mecharm_communication/lib/python3.10/site-packages:/home/robotics/ros2_cobot/install/mycobot_interfaces/local/lib/python3.10/dist-packages:/home/robotics/ros2_cobot/install/mycobot_630/lib/python3.10/site-packages:/home/robotics/ros2_cobot/install/mycobot_600/lib/python3.10/site-packages:/home/robotics/ros2_cobot/install/mycobot_320pi/lib/python3.10/site-packages:/home/robotics/ros2_cobot/install/mycobot_320_riscv/lib/python3.10/site-packages:/home/robotics/ros2_cobot/install/mycobot_320/lib/python3.10/site-packages:/home/robotics/ros2_cobot/install/mycobot_280pi/lib/python3.10/site-packages:/home/robotics/ros2_cobot/install/mycobot_280jn/lib/python3.10/site-packages:/home/robotics/ros2_cobot/install/mycobot_280_x3pi/lib/python3.10/site-packages:/home/robotics/ros2_cobot/install/mycobot_280_riscv/lib/python3.10/site-packages:/home/robotics/ros2_cobot/install/mycobot_280_rdkx5/lib/python3.10/site-packages:/home/robotics/ros2_cobot/install/mycobot_280_moveit2_control/lib/python3.10/site-packages:/home/robotics/ros2_cobot/install/mycobot_280_arduino/lib/python3.10/site-packages:/home/robotics/ros2_cobot/install/mycobot_280/lib/python3.10/site-packages:/home/robotics/ros2_cobot/install/mybuddy/lib/python3.10/site-packages:/home/robotics/ros2_cobot/install/myarm_300/lib/python3.10/site-packages:/home/robotics/ros2_cobot/install/mecharm_pi/lib/python3.10/site-packages:/home/robotics/ros2_cobot/install/mecharm/lib/python3.10/site-packages:/home/robotics/ros2_cobot/install/mecharm_interfaces/local/lib/python3.10/dist-packages:/opt/ros/humble/lib/python3.10/site-packages:/opt/ros/humble/local/lib/python3.10/dist-packages /usr/bin/python3 -W ignore:setup.py install is deprecated -W ignore:easy_install command is deprecated setup.py egg_info --egg-base ../../../../build/mypalletizer_260_pi build --build-base /home/robotics/ros2_cobot/build/mypalletizer_260_pi/build install --record /home/robotics/ros2_cobot/build/mypalletizer_260_pi/install.log --single-version-externally-managed install_data
[9.810s] DEBUG:colcon.colcon_core.event_handler.log_command:Invoking command in '/home/robotics/ros2_cobot/src/mycobot_ros2/myArm/myarm_c650': AMENT_PREFIX_PATH=/home/robotics/ros2_cobot/install/mycobot_communication:/home/robotics/ros2_cobot/install/mycobot_description:/home/robotics/ros2_cobot/install/ultraarm:/home/robotics/ros2_cobot/install/traj_scripts:/home/robotics/ros2_cobot/install/mypalletizer_communication:/home/robotics/ros2_cobot/install/mypalletizer_interfaces:/home/robotics/ros2_cobot/install/mypalletizer_260_pi:/home/robotics/ros2_cobot/install/mypalletizer_260:/home/robotics/ros2_cobot/install/myarm_m750:/home/robotics/ros2_cobot/install/myarm_c650:/home/robotics/ros2_cobot/install/mecharm_communication:/home/robotics/ros2_cobot/install/mycobot_interfaces:/home/robotics/ros2_cobot/install/mycobot_630:/home/robotics/ros2_cobot/install/mycobot_600:/home/robotics/ros2_cobot/install/mycobot_320pi:/home/robotics/ros2_cobot/install/mycobot_320_riscv:/home/robotics/ros2_cobot/install/mycobot_320:/home/robotics/ros2_cobot/install/mycobot_280rdkx5_moveit2:/home/robotics/ros2_cobot/install/mycobot_280pi:/home/robotics/ros2_cobot/install/mycobot_280jn:/home/robotics/ros2_cobot/install/mycobot_280arduino_moveit2:/home/robotics/ros2_cobot/install/mycobot_280_x3pi:/home/robotics/ros2_cobot/install/mycobot_280_riscv:/home/robotics/ros2_cobot/install/mycobot_280_rdkx5:/home/robotics/ros2_cobot/install/mycobot_280_moveit2_control:/home/robotics/ros2_cobot/install/mycobot_280_moveit2:/home/robotics/ros2_cobot/install/mycobot_280_arduino:/home/robotics/ros2_cobot/install/mycobot_280:/home/robotics/ros2_cobot/install/mybuddy:/home/robotics/ros2_cobot/install/myarm_300:/home/robotics/ros2_cobot/install/mecharm_pi:/home/robotics/ros2_cobot/install/mecharm:/home/robotics/ros2_cobot/install/mecharm_interfaces:/opt/ros/humble CMAKE_PREFIX_PATH=/home/robotics/ros2_cobot/install/mycobot_interfaces:/home/robotics/ros2_cobot/install/traj_scripts:/home/robotics/ros2_cobot/install/mypalletizer_interfaces:/home/robotics/ros2_cobot/install/mycobot_280rdkx5_moveit2:/home/robotics/ros2_cobot/install/mycobot_280arduino_moveit2:/home/robotics/ros2_cobot/install/mycobot_280_moveit2:/home/robotics/ros2_cobot/install/mecharm_interfaces LD_LIBRARY_PATH=/home/robotics/ros2_cobot/install/mycobot_interfaces/lib:/home/robotics/ros2_cobot/install/mypalletizer_interfaces/lib:/home/robotics/ros2_cobot/install/mecharm_interfaces/lib:/opt/ros/humble/opt/rviz_ogre_vendor/lib:/opt/ros/humble/lib/x86_64-linux-gnu:/opt/ros/humble/lib PYTHONPATH=/home/robotics/ros2_cobot/build/myarm_c650/prefix_override:/usr/lib/python3/dist-packages/colcon_core/task/python/colcon_distutils_commands:/home/robotics/ros2_cobot/install/myarm_c650/lib/python3.10/site-packages:/home/robotics/ros2_cobot/install/mycobot_communication/lib/python3.10/site-packages:/home/robotics/ros2_cobot/install/mycobot_description/lib/python3.10/site-packages:/home/robotics/ros2_cobot/install/ultraarm/lib/python3.10/site-packages:/home/robotics/ros2_cobot/install/traj_scripts/local/lib/python3.10/dist-packages:/home/robotics/ros2_cobot/install/mypalletizer_communication/lib/python3.10/site-packages:/home/robotics/ros2_cobot/install/mypalletizer_interfaces/local/lib/python3.10/dist-packages:/home/robotics/ros2_cobot/install/mypalletizer_260_pi/lib/python3.10/site-packages:/home/robotics/ros2_cobot/install/mypalletizer_260/lib/python3.10/site-packages:/home/robotics/ros2_cobot/install/myarm_m750/lib/python3.10/site-packages:/home/robotics/ros2_cobot/install/myarm_c650/lib/python3.10/site-packages:/home/robotics/ros2_cobot/install/mecharm_communication/lib/python3.10/site-packages:/home/robotics/ros2_cobot/install/mycobot_interfaces/local/lib/python3.10/dist-packages:/home/robotics/ros2_cobot/install/mycobot_630/lib/python3.10/site-packages:/home/robotics/ros2_cobot/install/mycobot_600/lib/python3.10/site-packages:/home/robotics/ros2_cobot/install/mycobot_320pi/lib/python3.10/site-packages:/home/robotics/ros2_cobot/install/mycobot_320_riscv/lib/python3.10/site-packages:/home/robotics/ros2_cobot/install/mycobot_320/lib/python3.10/site-packages:/home/robotics/ros2_cobot/install/mycobot_280pi/lib/python3.10/site-packages:/home/robotics/ros2_cobot/install/mycobot_280jn/lib/python3.10/site-packages:/home/robotics/ros2_cobot/install/mycobot_280_x3pi/lib/python3.10/site-packages:/home/robotics/ros2_cobot/install/mycobot_280_riscv/lib/python3.10/site-packages:/home/robotics/ros2_cobot/install/mycobot_280_rdkx5/lib/python3.10/site-packages:/home/robotics/ros2_cobot/install/mycobot_280_moveit2_control/lib/python3.10/site-packages:/home/robotics/ros2_cobot/install/mycobot_280_arduino/lib/python3.10/site-packages:/home/robotics/ros2_cobot/install/mycobot_280/lib/python3.10/site-packages:/home/robotics/ros2_cobot/install/mybuddy/lib/python3.10/site-packages:/home/robotics/ros2_cobot/install/myarm_300/lib/python3.10/site-packages:/home/robotics/ros2_cobot/install/mecharm_pi/lib/python3.10/site-packages:/home/robotics/ros2_cobot/install/mecharm/lib/python3.10/site-packages:/home/robotics/ros2_cobot/install/mecharm_interfaces/local/lib/python3.10/dist-packages:/opt/ros/humble/lib/python3.10/site-packages:/opt/ros/humble/local/lib/python3.10/dist-packages /usr/bin/python3 -W ignore:setup.py install is deprecated -W ignore:easy_install command is deprecated setup.py egg_info --egg-base ../../../../build/myarm_c650 build --build-base /home/robotics/ros2_cobot/build/myarm_c650/build install --record /home/robotics/ros2_cobot/build/myarm_c650/install.log --single-version-externally-managed install_data
[9.827s] DEBUG:colcon.colcon_core.event_handler.log_command:Invoking command in '/home/robotics/ros2_cobot/src/mycobot_ros2/mycobot_280/mycobot_280_rdkx5': AMENT_PREFIX_PATH=/home/robotics/ros2_cobot/install/mycobot_communication:/home/robotics/ros2_cobot/install/mycobot_description:/home/robotics/ros2_cobot/install/ultraarm:/home/robotics/ros2_cobot/install/traj_scripts:/home/robotics/ros2_cobot/install/mypalletizer_communication:/home/robotics/ros2_cobot/install/mypalletizer_interfaces:/home/robotics/ros2_cobot/install/mypalletizer_260_pi:/home/robotics/ros2_cobot/install/mypalletizer_260:/home/robotics/ros2_cobot/install/myarm_m750:/home/robotics/ros2_cobot/install/myarm_c650:/home/robotics/ros2_cobot/install/mecharm_communication:/home/robotics/ros2_cobot/install/mycobot_interfaces:/home/robotics/ros2_cobot/install/mycobot_630:/home/robotics/ros2_cobot/install/mycobot_600:/home/robotics/ros2_cobot/install/mycobot_320pi:/home/robotics/ros2_cobot/install/mycobot_320_riscv:/home/robotics/ros2_cobot/install/mycobot_320:/home/robotics/ros2_cobot/install/mycobot_280rdkx5_moveit2:/home/robotics/ros2_cobot/install/mycobot_280pi:/home/robotics/ros2_cobot/install/mycobot_280jn:/home/robotics/ros2_cobot/install/mycobot_280arduino_moveit2:/home/robotics/ros2_cobot/install/mycobot_280_x3pi:/home/robotics/ros2_cobot/install/mycobot_280_riscv:/home/robotics/ros2_cobot/install/mycobot_280_rdkx5:/home/robotics/ros2_cobot/install/mycobot_280_moveit2_control:/home/robotics/ros2_cobot/install/mycobot_280_moveit2:/home/robotics/ros2_cobot/install/mycobot_280_arduino:/home/robotics/ros2_cobot/install/mycobot_280:/home/robotics/ros2_cobot/install/mybuddy:/home/robotics/ros2_cobot/install/myarm_300:/home/robotics/ros2_cobot/install/mecharm_pi:/home/robotics/ros2_cobot/install/mecharm:/home/robotics/ros2_cobot/install/mecharm_interfaces:/opt/ros/humble CMAKE_PREFIX_PATH=/home/robotics/ros2_cobot/install/mycobot_interfaces:/home/robotics/ros2_cobot/install/traj_scripts:/home/robotics/ros2_cobot/install/mypalletizer_interfaces:/home/robotics/ros2_cobot/install/mycobot_280rdkx5_moveit2:/home/robotics/ros2_cobot/install/mycobot_280arduino_moveit2:/home/robotics/ros2_cobot/install/mycobot_280_moveit2:/home/robotics/ros2_cobot/install/mecharm_interfaces LD_LIBRARY_PATH=/home/robotics/ros2_cobot/install/mycobot_interfaces/lib:/home/robotics/ros2_cobot/install/mypalletizer_interfaces/lib:/home/robotics/ros2_cobot/install/mecharm_interfaces/lib:/opt/ros/humble/opt/rviz_ogre_vendor/lib:/opt/ros/humble/lib/x86_64-linux-gnu:/opt/ros/humble/lib PYTHONPATH=/home/robotics/ros2_cobot/build/mycobot_280_rdkx5/prefix_override:/usr/lib/python3/dist-packages/colcon_core/task/python/colcon_distutils_commands:/home/robotics/ros2_cobot/install/mycobot_280_rdkx5/lib/python3.10/site-packages:/home/robotics/ros2_cobot/install/mycobot_communication/lib/python3.10/site-packages:/home/robotics/ros2_cobot/install/mycobot_description/lib/python3.10/site-packages:/home/robotics/ros2_cobot/install/ultraarm/lib/python3.10/site-packages:/home/robotics/ros2_cobot/install/traj_scripts/local/lib/python3.10/dist-packages:/home/robotics/ros2_cobot/install/mypalletizer_communication/lib/python3.10/site-packages:/home/robotics/ros2_cobot/install/mypalletizer_interfaces/local/lib/python3.10/dist-packages:/home/robotics/ros2_cobot/install/mypalletizer_260_pi/lib/python3.10/site-packages:/home/robotics/ros2_cobot/install/mypalletizer_260/lib/python3.10/site-packages:/home/robotics/ros2_cobot/install/myarm_m750/lib/python3.10/site-packages:/home/robotics/ros2_cobot/install/myarm_c650/lib/python3.10/site-packages:/home/robotics/ros2_cobot/install/mecharm_communication/lib/python3.10/site-packages:/home/robotics/ros2_cobot/install/mycobot_interfaces/local/lib/python3.10/dist-packages:/home/robotics/ros2_cobot/install/mycobot_630/lib/python3.10/site-packages:/home/robotics/ros2_cobot/install/mycobot_600/lib/python3.10/site-packages:/home/robotics/ros2_cobot/install/mycobot_320pi/lib/python3.10/site-packages:/home/robotics/ros2_cobot/install/mycobot_320_riscv/lib/python3.10/site-packages:/home/robotics/ros2_cobot/install/mycobot_320/lib/python3.10/site-packages:/home/robotics/ros2_cobot/install/mycobot_280pi/lib/python3.10/site-packages:/home/robotics/ros2_cobot/install/mycobot_280jn/lib/python3.10/site-packages:/home/robotics/ros2_cobot/install/mycobot_280_x3pi/lib/python3.10/site-packages:/home/robotics/ros2_cobot/install/mycobot_280_riscv/lib/python3.10/site-packages:/home/robotics/ros2_cobot/install/mycobot_280_rdkx5/lib/python3.10/site-packages:/home/robotics/ros2_cobot/install/mycobot_280_moveit2_control/lib/python3.10/site-packages:/home/robotics/ros2_cobot/install/mycobot_280_arduino/lib/python3.10/site-packages:/home/robotics/ros2_cobot/install/mycobot_280/lib/python3.10/site-packages:/home/robotics/ros2_cobot/install/mybuddy/lib/python3.10/site-packages:/home/robotics/ros2_cobot/install/myarm_300/lib/python3.10/site-packages:/home/robotics/ros2_cobot/install/mecharm_pi/lib/python3.10/site-packages:/home/robotics/ros2_cobot/install/mecharm/lib/python3.10/site-packages:/home/robotics/ros2_cobot/install/mecharm_interfaces/local/lib/python3.10/dist-packages:/opt/ros/humble/lib/python3.10/site-packages:/opt/ros/humble/local/lib/python3.10/dist-packages /usr/bin/python3 -W ignore:setup.py install is deprecated -W ignore:easy_install command is deprecated setup.py egg_info --egg-base ../../../../build/mycobot_280_rdkx5 build --build-base /home/robotics/ros2_cobot/build/mycobot_280_rdkx5/build install --record /home/robotics/ros2_cobot/build/mycobot_280_rdkx5/install.log --single-version-externally-managed install_data
[9.973s] Level 1:colcon.colcon_core.environment:checking '/home/robotics/ros2_cobot/install/mycobot_630' for CMake module files
[9.974s] DEBUG:colcon.colcon_core.event_handler.log_command:Invoked command in '/home/robotics/ros2_cobot/src/mycobot_ros2/mycobot_pro/mycobot_630' returned '0': AMENT_PREFIX_PATH=/home/robotics/ros2_cobot/install/mycobot_description:/home/robotics/ros2_cobot/install/ultraarm:/home/robotics/ros2_cobot/install/traj_scripts:/home/robotics/ros2_cobot/install/mypalletizer_communication:/home/robotics/ros2_cobot/install/mypalletizer_interfaces:/home/robotics/ros2_cobot/install/mypalletizer_260_pi:/home/robotics/ros2_cobot/install/mypalletizer_260:/home/robotics/ros2_cobot/install/myarm_m750:/home/robotics/ros2_cobot/install/myarm_c650:/home/robotics/ros2_cobot/install/mycobot_communication:/home/robotics/ros2_cobot/install/mecharm_communication:/home/robotics/ros2_cobot/install/mycobot_interfaces:/home/robotics/ros2_cobot/install/mycobot_630:/home/robotics/ros2_cobot/install/mycobot_600:/home/robotics/ros2_cobot/install/mycobot_320pi:/home/robotics/ros2_cobot/install/mycobot_320_riscv:/home/robotics/ros2_cobot/install/mycobot_320:/home/robotics/ros2_cobot/install/mycobot_280rdkx5_moveit2:/home/robotics/ros2_cobot/install/mycobot_280pi:/home/robotics/ros2_cobot/install/mycobot_280jn:/home/robotics/ros2_cobot/install/mycobot_280arduino_moveit2:/home/robotics/ros2_cobot/install/mycobot_280_x3pi:/home/robotics/ros2_cobot/install/mycobot_280_riscv:/home/robotics/ros2_cobot/install/mycobot_280_rdkx5:/home/robotics/ros2_cobot/install/mycobot_280_moveit2_control:/home/robotics/ros2_cobot/install/mycobot_280_moveit2:/home/robotics/ros2_cobot/install/mycobot_280_arduino:/home/robotics/ros2_cobot/install/mycobot_280:/home/robotics/ros2_cobot/install/mybuddy:/home/robotics/ros2_cobot/install/myarm_300:/home/robotics/ros2_cobot/install/mecharm_pi:/home/robotics/ros2_cobot/install/mecharm:/home/robotics/ros2_cobot/install/mecharm_interfaces:/opt/ros/humble PYTHONPATH=/home/robotics/ros2_cobot/build/mycobot_630/prefix_override:/usr/lib/python3/dist-packages/colcon_core/task/python/colcon_distutils_commands:/home/robotics/ros2_cobot/install/mycobot_630/lib/python3.10/site-packages:/home/robotics/ros2_cobot/install/mycobot_description/lib/python3.10/site-packages:/home/robotics/ros2_cobot/install/ultraarm/lib/python3.10/site-packages:/home/robotics/ros2_cobot/install/traj_scripts/local/lib/python3.10/dist-packages:/home/robotics/ros2_cobot/install/mypalletizer_communication/lib/python3.10/site-packages:/home/robotics/ros2_cobot/install/mypalletizer_interfaces/local/lib/python3.10/dist-packages:/home/robotics/ros2_cobot/install/mypalletizer_260_pi/lib/python3.10/site-packages:/home/robotics/ros2_cobot/install/mypalletizer_260/lib/python3.10/site-packages:/home/robotics/ros2_cobot/install/myarm_m750/lib/python3.10/site-packages:/home/robotics/ros2_cobot/install/myarm_c650/lib/python3.10/site-packages:/home/robotics/ros2_cobot/install/mycobot_communication/lib/python3.10/site-packages:/home/robotics/ros2_cobot/install/mecharm_communication/lib/python3.10/site-packages:/home/robotics/ros2_cobot/install/mycobot_interfaces/local/lib/python3.10/dist-packages:/home/robotics/ros2_cobot/install/mycobot_630/lib/python3.10/site-packages:/home/robotics/ros2_cobot/install/mycobot_600/lib/python3.10/site-packages:/home/robotics/ros2_cobot/install/mycobot_320pi/lib/python3.10/site-packages:/home/robotics/ros2_cobot/install/mycobot_320_riscv/lib/python3.10/site-packages:/home/robotics/ros2_cobot/install/mycobot_320/lib/python3.10/site-packages:/home/robotics/ros2_cobot/install/mycobot_280pi/lib/python3.10/site-packages:/home/robotics/ros2_cobot/install/mycobot_280jn/lib/python3.10/site-packages:/home/robotics/ros2_cobot/install/mycobot_280_x3pi/lib/python3.10/site-packages:/home/robotics/ros2_cobot/install/mycobot_280_riscv/lib/python3.10/site-packages:/home/robotics/ros2_cobot/install/mycobot_280_rdkx5/lib/python3.10/site-packages:/home/robotics/ros2_cobot/install/mycobot_280_moveit2_control/lib/python3.10/site-packages:/home/robotics/ros2_cobot/install/mycobot_280_arduino/lib/python3.10/site-packages:/home/robotics/ros2_cobot/install/mycobot_280/lib/python3.10/site-packages:/home/robotics/ros2_cobot/install/mybuddy/lib/python3.10/site-packages:/home/robotics/ros2_cobot/install/myarm_300/lib/python3.10/site-packages:/home/robotics/ros2_cobot/install/mecharm_pi/lib/python3.10/site-packages:/home/robotics/ros2_cobot/install/mecharm/lib/python3.10/site-packages:/home/robotics/ros2_cobot/install/mecharm_interfaces/local/lib/python3.10/dist-packages:/opt/ros/humble/lib/python3.10/site-packages:/opt/ros/humble/local/lib/python3.10/dist-packages /usr/bin/python3 -W ignore:setup.py install is deprecated -W ignore:easy_install command is deprecated setup.py egg_info --egg-base ../../../../build/mycobot_630 build --build-base /home/robotics/ros2_cobot/build/mycobot_630/build install --record /home/robotics/ros2_cobot/build/mycobot_630/install.log --single-version-externally-managed install_data
[9.974s] Level 1:colcon.colcon_core.environment:checking '/home/robotics/ros2_cobot/install/mycobot_630' for CMake config files
[9.974s] Level 1:colcon.colcon_core.environment:checking '/home/robotics/ros2_cobot/install/mycobot_630/lib'
[9.975s] Level 1:colcon.colcon_core.environment:checking '/home/robotics/ros2_cobot/install/mycobot_630/bin'
[9.975s] Level 1:colcon.colcon_core.environment:checking '/home/robotics/ros2_cobot/install/mycobot_630/lib/pkgconfig/mycobot_630.pc'
[9.975s] Level 1:colcon.colcon_core.environment:checking '/home/robotics/ros2_cobot/install/mycobot_630/lib/python3.10/site-packages'
[9.975s] Level 1:colcon.colcon_core.shell:create_environment_hook('mycobot_630', 'pythonpath')
[9.975s] INFO:colcon.colcon_core.shell:Creating environment hook '/home/robotics/ros2_cobot/install/mycobot_630/share/mycobot_630/hook/pythonpath.ps1'
[9.975s] INFO:colcon.colcon_core.shell:Creating environment descriptor '/home/robotics/ros2_cobot/install/mycobot_630/share/mycobot_630/hook/pythonpath.dsv'
[9.976s] INFO:colcon.colcon_core.shell:Creating environment hook '/home/robotics/ros2_cobot/install/mycobot_630/share/mycobot_630/hook/pythonpath.sh'
[9.976s] Level 1:colcon.colcon_core.environment:checking '/home/robotics/ros2_cobot/install/mycobot_630/bin'
[9.976s] Level 1:colcon.colcon_core.environment:create_environment_scripts_only(mycobot_630)
[9.977s] INFO:colcon.colcon_core.shell:Creating package script '/home/robotics/ros2_cobot/install/mycobot_630/share/mycobot_630/package.ps1'
[9.977s] INFO:colcon.colcon_core.shell:Creating package descriptor '/home/robotics/ros2_cobot/install/mycobot_630/share/mycobot_630/package.dsv'
[9.977s] INFO:colcon.colcon_core.shell:Creating package script '/home/robotics/ros2_cobot/install/mycobot_630/share/mycobot_630/package.sh'
[9.978s] INFO:colcon.colcon_core.shell:Creating package script '/home/robotics/ros2_cobot/install/mycobot_630/share/mycobot_630/package.bash'
[9.978s] INFO:colcon.colcon_core.shell:Creating package script '/home/robotics/ros2_cobot/install/mycobot_630/share/mycobot_630/package.zsh'
[9.978s] Level 1:colcon.colcon_core.environment:create_file_with_runtime_dependencies(/home/robotics/ros2_cobot/install/mycobot_630/share/colcon-core/packages/mycobot_630)
[10.033s] Level 1:colcon.colcon_core.environment:checking '/home/robotics/ros2_cobot/install/myarm_m750' for CMake module files
[10.034s] Level 1:colcon.colcon_core.environment:checking '/home/robotics/ros2_cobot/install/myarm_m750' for CMake config files
[10.034s] DEBUG:colcon.colcon_core.event_handler.log_command:Invoked command in '/home/robotics/ros2_cobot/src/mycobot_ros2/myArm/myarm_m750' returned '0': AMENT_PREFIX_PATH=/home/robotics/ros2_cobot/install/mycobot_communication:/home/robotics/ros2_cobot/install/mycobot_description:/home/robotics/ros2_cobot/install/ultraarm:/home/robotics/ros2_cobot/install/traj_scripts:/home/robotics/ros2_cobot/install/mypalletizer_communication:/home/robotics/ros2_cobot/install/mypalletizer_interfaces:/home/robotics/ros2_cobot/install/mypalletizer_260_pi:/home/robotics/ros2_cobot/install/mypalletizer_260:/home/robotics/ros2_cobot/install/myarm_m750:/home/robotics/ros2_cobot/install/myarm_c650:/home/robotics/ros2_cobot/install/mecharm_communication:/home/robotics/ros2_cobot/install/mycobot_interfaces:/home/robotics/ros2_cobot/install/mycobot_630:/home/robotics/ros2_cobot/install/mycobot_600:/home/robotics/ros2_cobot/install/mycobot_320pi:/home/robotics/ros2_cobot/install/mycobot_320_riscv:/home/robotics/ros2_cobot/install/mycobot_320:/home/robotics/ros2_cobot/install/mycobot_280rdkx5_moveit2:/home/robotics/ros2_cobot/install/mycobot_280pi:/home/robotics/ros2_cobot/install/mycobot_280jn:/home/robotics/ros2_cobot/install/mycobot_280arduino_moveit2:/home/robotics/ros2_cobot/install/mycobot_280_x3pi:/home/robotics/ros2_cobot/install/mycobot_280_riscv:/home/robotics/ros2_cobot/install/mycobot_280_rdkx5:/home/robotics/ros2_cobot/install/mycobot_280_moveit2_control:/home/robotics/ros2_cobot/install/mycobot_280_moveit2:/home/robotics/ros2_cobot/install/mycobot_280_arduino:/home/robotics/ros2_cobot/install/mycobot_280:/home/robotics/ros2_cobot/install/mybuddy:/home/robotics/ros2_cobot/install/myarm_300:/home/robotics/ros2_cobot/install/mecharm_pi:/home/robotics/ros2_cobot/install/mecharm:/home/robotics/ros2_cobot/install/mecharm_interfaces:/opt/ros/humble CMAKE_PREFIX_PATH=/home/robotics/ros2_cobot/install/mycobot_interfaces:/home/robotics/ros2_cobot/install/traj_scripts:/home/robotics/ros2_cobot/install/mypalletizer_interfaces:/home/robotics/ros2_cobot/install/mycobot_280rdkx5_moveit2:/home/robotics/ros2_cobot/install/mycobot_280arduino_moveit2:/home/robotics/ros2_cobot/install/mycobot_280_moveit2:/home/robotics/ros2_cobot/install/mecharm_interfaces LD_LIBRARY_PATH=/home/robotics/ros2_cobot/install/mycobot_interfaces/lib:/home/robotics/ros2_cobot/install/mypalletizer_interfaces/lib:/home/robotics/ros2_cobot/install/mecharm_interfaces/lib:/opt/ros/humble/opt/rviz_ogre_vendor/lib:/opt/ros/humble/lib/x86_64-linux-gnu:/opt/ros/humble/lib PYTHONPATH=/home/robotics/ros2_cobot/build/myarm_m750/prefix_override:/usr/lib/python3/dist-packages/colcon_core/task/python/colcon_distutils_commands:/home/robotics/ros2_cobot/install/myarm_m750/lib/python3.10/site-packages:/home/robotics/ros2_cobot/install/mycobot_communication/lib/python3.10/site-packages:/home/robotics/ros2_cobot/install/mycobot_description/lib/python3.10/site-packages:/home/robotics/ros2_cobot/install/ultraarm/lib/python3.10/site-packages:/home/robotics/ros2_cobot/install/traj_scripts/local/lib/python3.10/dist-packages:/home/robotics/ros2_cobot/install/mypalletizer_communication/lib/python3.10/site-packages:/home/robotics/ros2_cobot/install/mypalletizer_interfaces/local/lib/python3.10/dist-packages:/home/robotics/ros2_cobot/install/mypalletizer_260_pi/lib/python3.10/site-packages:/home/robotics/ros2_cobot/install/mypalletizer_260/lib/python3.10/site-packages:/home/robotics/ros2_cobot/install/myarm_m750/lib/python3.10/site-packages:/home/robotics/ros2_cobot/install/myarm_c650/lib/python3.10/site-packages:/home/robotics/ros2_cobot/install/mecharm_communication/lib/python3.10/site-packages:/home/robotics/ros2_cobot/install/mycobot_interfaces/local/lib/python3.10/dist-packages:/home/robotics/ros2_cobot/install/mycobot_630/lib/python3.10/site-packages:/home/robotics/ros2_cobot/install/mycobot_600/lib/python3.10/site-packages:/home/robotics/ros2_cobot/install/mycobot_320pi/lib/python3.10/site-packages:/home/robotics/ros2_cobot/install/mycobot_320_riscv/lib/python3.10/site-packages:/home/robotics/ros2_cobot/install/mycobot_320/lib/python3.10/site-packages:/home/robotics/ros2_cobot/install/mycobot_280pi/lib/python3.10/site-packages:/home/robotics/ros2_cobot/install/mycobot_280jn/lib/python3.10/site-packages:/home/robotics/ros2_cobot/install/mycobot_280_x3pi/lib/python3.10/site-packages:/home/robotics/ros2_cobot/install/mycobot_280_riscv/lib/python3.10/site-packages:/home/robotics/ros2_cobot/install/mycobot_280_rdkx5/lib/python3.10/site-packages:/home/robotics/ros2_cobot/install/mycobot_280_moveit2_control/lib/python3.10/site-packages:/home/robotics/ros2_cobot/install/mycobot_280_arduino/lib/python3.10/site-packages:/home/robotics/ros2_cobot/install/mycobot_280/lib/python3.10/site-packages:/home/robotics/ros2_cobot/install/mybuddy/lib/python3.10/site-packages:/home/robotics/ros2_cobot/install/myarm_300/lib/python3.10/site-packages:/home/robotics/ros2_cobot/install/mecharm_pi/lib/python3.10/site-packages:/home/robotics/ros2_cobot/install/mecharm/lib/python3.10/site-packages:/home/robotics/ros2_cobot/install/mecharm_interfaces/local/lib/python3.10/dist-packages:/opt/ros/humble/lib/python3.10/site-packages:/opt/ros/humble/local/lib/python3.10/dist-packages /usr/bin/python3 -W ignore:setup.py install is deprecated -W ignore:easy_install command is deprecated setup.py egg_info --egg-base ../../../../build/myarm_m750 build --build-base /home/robotics/ros2_cobot/build/myarm_m750/build install --record /home/robotics/ros2_cobot/build/myarm_m750/install.log --single-version-externally-managed install_data
[10.035s] Level 1:colcon.colcon_core.environment:checking '/home/robotics/ros2_cobot/install/myarm_m750/lib'
[10.036s] Level 1:colcon.colcon_core.environment:checking '/home/robotics/ros2_cobot/install/myarm_m750/bin'
[10.036s] Level 1:colcon.colcon_core.environment:checking '/home/robotics/ros2_cobot/install/myarm_m750/lib/pkgconfig/myarm_m750.pc'
[10.036s] Level 1:colcon.colcon_core.environment:checking '/home/robotics/ros2_cobot/install/myarm_m750/lib/python3.10/site-packages'
[10.036s] Level 1:colcon.colcon_core.shell:create_environment_hook('myarm_m750', 'pythonpath')
[10.037s] INFO:colcon.colcon_core.shell:Creating environment hook '/home/robotics/ros2_cobot/install/myarm_m750/share/myarm_m750/hook/pythonpath.ps1'
[10.038s] INFO:colcon.colcon_core.shell:Creating environment descriptor '/home/robotics/ros2_cobot/install/myarm_m750/share/myarm_m750/hook/pythonpath.dsv'
[10.039s] INFO:colcon.colcon_core.shell:Creating environment hook '/home/robotics/ros2_cobot/install/myarm_m750/share/myarm_m750/hook/pythonpath.sh'
[10.039s] Level 1:colcon.colcon_core.environment:checking '/home/robotics/ros2_cobot/install/myarm_m750/bin'
[10.040s] Level 1:colcon.colcon_core.environment:create_environment_scripts_only(myarm_m750)
[10.040s] INFO:colcon.colcon_core.shell:Creating package script '/home/robotics/ros2_cobot/install/myarm_m750/share/myarm_m750/package.ps1'
[10.041s] INFO:colcon.colcon_core.shell:Creating package descriptor '/home/robotics/ros2_cobot/install/myarm_m750/share/myarm_m750/package.dsv'
[10.041s] INFO:colcon.colcon_core.shell:Creating package script '/home/robotics/ros2_cobot/install/myarm_m750/share/myarm_m750/package.sh'
[10.042s] INFO:colcon.colcon_core.shell:Creating package script '/home/robotics/ros2_cobot/install/myarm_m750/share/myarm_m750/package.bash'
[10.042s] INFO:colcon.colcon_core.shell:Creating package script '/home/robotics/ros2_cobot/install/myarm_m750/share/myarm_m750/package.zsh'
[10.042s] Level 1:colcon.colcon_core.environment:create_file_with_runtime_dependencies(/home/robotics/ros2_cobot/install/myarm_m750/share/colcon-core/packages/myarm_m750)
[10.101s] Level 1:colcon.colcon_core.environment:checking '/home/robotics/ros2_cobot/install/myarm_c650' for CMake module files
[10.102s] DEBUG:colcon.colcon_core.event_handler.log_command:Invoked command in '/home/robotics/ros2_cobot/src/mycobot_ros2/myArm/myarm_c650' returned '0': AMENT_PREFIX_PATH=/home/robotics/ros2_cobot/install/mycobot_communication:/home/robotics/ros2_cobot/install/mycobot_description:/home/robotics/ros2_cobot/install/ultraarm:/home/robotics/ros2_cobot/install/traj_scripts:/home/robotics/ros2_cobot/install/mypalletizer_communication:/home/robotics/ros2_cobot/install/mypalletizer_interfaces:/home/robotics/ros2_cobot/install/mypalletizer_260_pi:/home/robotics/ros2_cobot/install/mypalletizer_260:/home/robotics/ros2_cobot/install/myarm_m750:/home/robotics/ros2_cobot/install/myarm_c650:/home/robotics/ros2_cobot/install/mecharm_communication:/home/robotics/ros2_cobot/install/mycobot_interfaces:/home/robotics/ros2_cobot/install/mycobot_630:/home/robotics/ros2_cobot/install/mycobot_600:/home/robotics/ros2_cobot/install/mycobot_320pi:/home/robotics/ros2_cobot/install/mycobot_320_riscv:/home/robotics/ros2_cobot/install/mycobot_320:/home/robotics/ros2_cobot/install/mycobot_280rdkx5_moveit2:/home/robotics/ros2_cobot/install/mycobot_280pi:/home/robotics/ros2_cobot/install/mycobot_280jn:/home/robotics/ros2_cobot/install/mycobot_280arduino_moveit2:/home/robotics/ros2_cobot/install/mycobot_280_x3pi:/home/robotics/ros2_cobot/install/mycobot_280_riscv:/home/robotics/ros2_cobot/install/mycobot_280_rdkx5:/home/robotics/ros2_cobot/install/mycobot_280_moveit2_control:/home/robotics/ros2_cobot/install/mycobot_280_moveit2:/home/robotics/ros2_cobot/install/mycobot_280_arduino:/home/robotics/ros2_cobot/install/mycobot_280:/home/robotics/ros2_cobot/install/mybuddy:/home/robotics/ros2_cobot/install/myarm_300:/home/robotics/ros2_cobot/install/mecharm_pi:/home/robotics/ros2_cobot/install/mecharm:/home/robotics/ros2_cobot/install/mecharm_interfaces:/opt/ros/humble CMAKE_PREFIX_PATH=/home/robotics/ros2_cobot/install/mycobot_interfaces:/home/robotics/ros2_cobot/install/traj_scripts:/home/robotics/ros2_cobot/install/mypalletizer_interfaces:/home/robotics/ros2_cobot/install/mycobot_280rdkx5_moveit2:/home/robotics/ros2_cobot/install/mycobot_280arduino_moveit2:/home/robotics/ros2_cobot/install/mycobot_280_moveit2:/home/robotics/ros2_cobot/install/mecharm_interfaces LD_LIBRARY_PATH=/home/robotics/ros2_cobot/install/mycobot_interfaces/lib:/home/robotics/ros2_cobot/install/mypalletizer_interfaces/lib:/home/robotics/ros2_cobot/install/mecharm_interfaces/lib:/opt/ros/humble/opt/rviz_ogre_vendor/lib:/opt/ros/humble/lib/x86_64-linux-gnu:/opt/ros/humble/lib PYTHONPATH=/home/robotics/ros2_cobot/build/myarm_c650/prefix_override:/usr/lib/python3/dist-packages/colcon_core/task/python/colcon_distutils_commands:/home/robotics/ros2_cobot/install/myarm_c650/lib/python3.10/site-packages:/home/robotics/ros2_cobot/install/mycobot_communication/lib/python3.10/site-packages:/home/robotics/ros2_cobot/install/mycobot_description/lib/python3.10/site-packages:/home/robotics/ros2_cobot/install/ultraarm/lib/python3.10/site-packages:/home/robotics/ros2_cobot/install/traj_scripts/local/lib/python3.10/dist-packages:/home/robotics/ros2_cobot/install/mypalletizer_communication/lib/python3.10/site-packages:/home/robotics/ros2_cobot/install/mypalletizer_interfaces/local/lib/python3.10/dist-packages:/home/robotics/ros2_cobot/install/mypalletizer_260_pi/lib/python3.10/site-packages:/home/robotics/ros2_cobot/install/mypalletizer_260/lib/python3.10/site-packages:/home/robotics/ros2_cobot/install/myarm_m750/lib/python3.10/site-packages:/home/robotics/ros2_cobot/install/myarm_c650/lib/python3.10/site-packages:/home/robotics/ros2_cobot/install/mecharm_communication/lib/python3.10/site-packages:/home/robotics/ros2_cobot/install/mycobot_interfaces/local/lib/python3.10/dist-packages:/home/robotics/ros2_cobot/install/mycobot_630/lib/python3.10/site-packages:/home/robotics/ros2_cobot/install/mycobot_600/lib/python3.10/site-packages:/home/robotics/ros2_cobot/install/mycobot_320pi/lib/python3.10/site-packages:/home/robotics/ros2_cobot/install/mycobot_320_riscv/lib/python3.10/site-packages:/home/robotics/ros2_cobot/install/mycobot_320/lib/python3.10/site-packages:/home/robotics/ros2_cobot/install/mycobot_280pi/lib/python3.10/site-packages:/home/robotics/ros2_cobot/install/mycobot_280jn/lib/python3.10/site-packages:/home/robotics/ros2_cobot/install/mycobot_280_x3pi/lib/python3.10/site-packages:/home/robotics/ros2_cobot/install/mycobot_280_riscv/lib/python3.10/site-packages:/home/robotics/ros2_cobot/install/mycobot_280_rdkx5/lib/python3.10/site-packages:/home/robotics/ros2_cobot/install/mycobot_280_moveit2_control/lib/python3.10/site-packages:/home/robotics/ros2_cobot/install/mycobot_280_arduino/lib/python3.10/site-packages:/home/robotics/ros2_cobot/install/mycobot_280/lib/python3.10/site-packages:/home/robotics/ros2_cobot/install/mybuddy/lib/python3.10/site-packages:/home/robotics/ros2_cobot/install/myarm_300/lib/python3.10/site-packages:/home/robotics/ros2_cobot/install/mecharm_pi/lib/python3.10/site-packages:/home/robotics/ros2_cobot/install/mecharm/lib/python3.10/site-packages:/home/robotics/ros2_cobot/install/mecharm_interfaces/local/lib/python3.10/dist-packages:/opt/ros/humble/lib/python3.10/site-packages:/opt/ros/humble/local/lib/python3.10/dist-packages /usr/bin/python3 -W ignore:setup.py install is deprecated -W ignore:easy_install command is deprecated setup.py egg_info --egg-base ../../../../build/myarm_c650 build --build-base /home/robotics/ros2_cobot/build/myarm_c650/build install --record /home/robotics/ros2_cobot/build/myarm_c650/install.log --single-version-externally-managed install_data
[10.102s] Level 1:colcon.colcon_core.environment:checking '/home/robotics/ros2_cobot/install/myarm_c650' for CMake config files
[10.102s] Level 1:colcon.colcon_core.environment:checking '/home/robotics/ros2_cobot/install/myarm_c650/lib'
[10.103s] Level 1:colcon.colcon_core.environment:checking '/home/robotics/ros2_cobot/install/myarm_c650/bin'
[10.103s] Level 1:colcon.colcon_core.environment:checking '/home/robotics/ros2_cobot/install/myarm_c650/lib/pkgconfig/myarm_c650.pc'
[10.103s] Level 1:colcon.colcon_core.environment:checking '/home/robotics/ros2_cobot/install/myarm_c650/lib/python3.10/site-packages'
[10.103s] Level 1:colcon.colcon_core.shell:create_environment_hook('myarm_c650', 'pythonpath')
[10.103s] INFO:colcon.colcon_core.shell:Creating environment hook '/home/robotics/ros2_cobot/install/myarm_c650/share/myarm_c650/hook/pythonpath.ps1'
[10.104s] INFO:colcon.colcon_core.shell:Creating environment descriptor '/home/robotics/ros2_cobot/install/myarm_c650/share/myarm_c650/hook/pythonpath.dsv'
[10.104s] INFO:colcon.colcon_core.shell:Creating environment hook '/home/robotics/ros2_cobot/install/myarm_c650/share/myarm_c650/hook/pythonpath.sh'
[10.105s] Level 1:colcon.colcon_core.environment:checking '/home/robotics/ros2_cobot/install/myarm_c650/bin'
[10.105s] Level 1:colcon.colcon_core.environment:create_environment_scripts_only(myarm_c650)
[10.105s] INFO:colcon.colcon_core.shell:Creating package script '/home/robotics/ros2_cobot/install/myarm_c650/share/myarm_c650/package.ps1'
[10.105s] INFO:colcon.colcon_core.shell:Creating package descriptor '/home/robotics/ros2_cobot/install/myarm_c650/share/myarm_c650/package.dsv'
[10.106s] INFO:colcon.colcon_core.shell:Creating package script '/home/robotics/ros2_cobot/install/myarm_c650/share/myarm_c650/package.sh'
[10.106s] INFO:colcon.colcon_core.shell:Creating package script '/home/robotics/ros2_cobot/install/myarm_c650/share/myarm_c650/package.bash'
[10.107s] INFO:colcon.colcon_core.shell:Creating package script '/home/robotics/ros2_cobot/install/myarm_c650/share/myarm_c650/package.zsh'
[10.107s] Level 1:colcon.colcon_core.environment:create_file_with_runtime_dependencies(/home/robotics/ros2_cobot/install/myarm_c650/share/colcon-core/packages/myarm_c650)
[10.109s] Level 1:colcon.colcon_core.environment:checking '/home/robotics/ros2_cobot/install/mycobot_600' for CMake module files
[10.109s] DEBUG:colcon.colcon_core.event_handler.log_command:Invoked command in '/home/robotics/ros2_cobot/src/mycobot_ros2/mycobot_pro/mycobot_600' returned '0': AMENT_PREFIX_PATH=/home/robotics/ros2_cobot/install/mycobot_description:/home/robotics/ros2_cobot/install/ultraarm:/home/robotics/ros2_cobot/install/traj_scripts:/home/robotics/ros2_cobot/install/mypalletizer_communication:/home/robotics/ros2_cobot/install/mypalletizer_interfaces:/home/robotics/ros2_cobot/install/mypalletizer_260_pi:/home/robotics/ros2_cobot/install/mypalletizer_260:/home/robotics/ros2_cobot/install/myarm_m750:/home/robotics/ros2_cobot/install/myarm_c650:/home/robotics/ros2_cobot/install/mycobot_communication:/home/robotics/ros2_cobot/install/mecharm_communication:/home/robotics/ros2_cobot/install/mycobot_interfaces:/home/robotics/ros2_cobot/install/mycobot_630:/home/robotics/ros2_cobot/install/mycobot_600:/home/robotics/ros2_cobot/install/mycobot_320pi:/home/robotics/ros2_cobot/install/mycobot_320_riscv:/home/robotics/ros2_cobot/install/mycobot_320:/home/robotics/ros2_cobot/install/mycobot_280rdkx5_moveit2:/home/robotics/ros2_cobot/install/mycobot_280pi:/home/robotics/ros2_cobot/install/mycobot_280jn:/home/robotics/ros2_cobot/install/mycobot_280arduino_moveit2:/home/robotics/ros2_cobot/install/mycobot_280_x3pi:/home/robotics/ros2_cobot/install/mycobot_280_riscv:/home/robotics/ros2_cobot/install/mycobot_280_rdkx5:/home/robotics/ros2_cobot/install/mycobot_280_moveit2_control:/home/robotics/ros2_cobot/install/mycobot_280_moveit2:/home/robotics/ros2_cobot/install/mycobot_280_arduino:/home/robotics/ros2_cobot/install/mycobot_280:/home/robotics/ros2_cobot/install/mybuddy:/home/robotics/ros2_cobot/install/myarm_300:/home/robotics/ros2_cobot/install/mecharm_pi:/home/robotics/ros2_cobot/install/mecharm:/home/robotics/ros2_cobot/install/mecharm_interfaces:/opt/ros/humble PYTHONPATH=/home/robotics/ros2_cobot/build/mycobot_600/prefix_override:/usr/lib/python3/dist-packages/colcon_core/task/python/colcon_distutils_commands:/home/robotics/ros2_cobot/install/mycobot_600/lib/python3.10/site-packages:/home/robotics/ros2_cobot/install/mycobot_description/lib/python3.10/site-packages:/home/robotics/ros2_cobot/install/ultraarm/lib/python3.10/site-packages:/home/robotics/ros2_cobot/install/traj_scripts/local/lib/python3.10/dist-packages:/home/robotics/ros2_cobot/install/mypalletizer_communication/lib/python3.10/site-packages:/home/robotics/ros2_cobot/install/mypalletizer_interfaces/local/lib/python3.10/dist-packages:/home/robotics/ros2_cobot/install/mypalletizer_260_pi/lib/python3.10/site-packages:/home/robotics/ros2_cobot/install/mypalletizer_260/lib/python3.10/site-packages:/home/robotics/ros2_cobot/install/myarm_m750/lib/python3.10/site-packages:/home/robotics/ros2_cobot/install/myarm_c650/lib/python3.10/site-packages:/home/robotics/ros2_cobot/install/mycobot_communication/lib/python3.10/site-packages:/home/robotics/ros2_cobot/install/mecharm_communication/lib/python3.10/site-packages:/home/robotics/ros2_cobot/install/mycobot_interfaces/local/lib/python3.10/dist-packages:/home/robotics/ros2_cobot/install/mycobot_630/lib/python3.10/site-packages:/home/robotics/ros2_cobot/install/mycobot_600/lib/python3.10/site-packages:/home/robotics/ros2_cobot/install/mycobot_320pi/lib/python3.10/site-packages:/home/robotics/ros2_cobot/install/mycobot_320_riscv/lib/python3.10/site-packages:/home/robotics/ros2_cobot/install/mycobot_320/lib/python3.10/site-packages:/home/robotics/ros2_cobot/install/mycobot_280pi/lib/python3.10/site-packages:/home/robotics/ros2_cobot/install/mycobot_280jn/lib/python3.10/site-packages:/home/robotics/ros2_cobot/install/mycobot_280_x3pi/lib/python3.10/site-packages:/home/robotics/ros2_cobot/install/mycobot_280_riscv/lib/python3.10/site-packages:/home/robotics/ros2_cobot/install/mycobot_280_rdkx5/lib/python3.10/site-packages:/home/robotics/ros2_cobot/install/mycobot_280_moveit2_control/lib/python3.10/site-packages:/home/robotics/ros2_cobot/install/mycobot_280_arduino/lib/python3.10/site-packages:/home/robotics/ros2_cobot/install/mycobot_280/lib/python3.10/site-packages:/home/robotics/ros2_cobot/install/mybuddy/lib/python3.10/site-packages:/home/robotics/ros2_cobot/install/myarm_300/lib/python3.10/site-packages:/home/robotics/ros2_cobot/install/mecharm_pi/lib/python3.10/site-packages:/home/robotics/ros2_cobot/install/mecharm/lib/python3.10/site-packages:/home/robotics/ros2_cobot/install/mecharm_interfaces/local/lib/python3.10/dist-packages:/opt/ros/humble/lib/python3.10/site-packages:/opt/ros/humble/local/lib/python3.10/dist-packages /usr/bin/python3 -W ignore:setup.py install is deprecated -W ignore:easy_install command is deprecated setup.py egg_info --egg-base ../../../../build/mycobot_600 build --build-base /home/robotics/ros2_cobot/build/mycobot_600/build install --record /home/robotics/ros2_cobot/build/mycobot_600/install.log --single-version-externally-managed install_data
[10.109s] Level 1:colcon.colcon_core.environment:checking '/home/robotics/ros2_cobot/install/mycobot_600' for CMake config files
[10.110s] Level 1:colcon.colcon_core.environment:checking '/home/robotics/ros2_cobot/install/mycobot_600/lib'
[10.110s] Level 1:colcon.colcon_core.environment:checking '/home/robotics/ros2_cobot/install/mycobot_600/bin'
[10.110s] Level 1:colcon.colcon_core.environment:checking '/home/robotics/ros2_cobot/install/mycobot_600/lib/pkgconfig/mycobot_600.pc'
[10.110s] Level 1:colcon.colcon_core.environment:checking '/home/robotics/ros2_cobot/install/mycobot_600/lib/python3.10/site-packages'
[10.110s] Level 1:colcon.colcon_core.shell:create_environment_hook('mycobot_600', 'pythonpath')
[10.111s] INFO:colcon.colcon_core.shell:Creating environment hook '/home/robotics/ros2_cobot/install/mycobot_600/share/mycobot_600/hook/pythonpath.ps1'
[10.111s] INFO:colcon.colcon_core.shell:Creating environment descriptor '/home/robotics/ros2_cobot/install/mycobot_600/share/mycobot_600/hook/pythonpath.dsv'
[10.111s] INFO:colcon.colcon_core.shell:Creating environment hook '/home/robotics/ros2_cobot/install/mycobot_600/share/mycobot_600/hook/pythonpath.sh'
[10.112s] Level 1:colcon.colcon_core.environment:checking '/home/robotics/ros2_cobot/install/mycobot_600/bin'
[10.112s] Level 1:colcon.colcon_core.environment:create_environment_scripts_only(mycobot_600)
[10.112s] INFO:colcon.colcon_core.shell:Creating package script '/home/robotics/ros2_cobot/install/mycobot_600/share/mycobot_600/package.ps1'
[10.113s] INFO:colcon.colcon_core.shell:Creating package descriptor '/home/robotics/ros2_cobot/install/mycobot_600/share/mycobot_600/package.dsv'
[10.113s] INFO:colcon.colcon_core.shell:Creating package script '/home/robotics/ros2_cobot/install/mycobot_600/share/mycobot_600/package.sh'
[10.114s] INFO:colcon.colcon_core.shell:Creating package script '/home/robotics/ros2_cobot/install/mycobot_600/share/mycobot_600/package.bash'
[10.114s] INFO:colcon.colcon_core.shell:Creating package script '/home/robotics/ros2_cobot/install/mycobot_600/share/mycobot_600/package.zsh'
[10.116s] Level 1:colcon.colcon_core.environment:create_file_with_runtime_dependencies(/home/robotics/ros2_cobot/install/mycobot_600/share/colcon-core/packages/mycobot_600)
[10.118s] Level 1:colcon.colcon_core.environment:checking '/home/robotics/ros2_cobot/install/mypalletizer_260_pi' for CMake module files
[10.119s] DEBUG:colcon.colcon_core.event_handler.log_command:Invoked command in '/home/robotics/ros2_cobot/src/mycobot_ros2/mypalletizer_260/mypalletizer_260_pi' returned '0': AMENT_PREFIX_PATH=/home/robotics/ros2_cobot/install/mycobot_description:/home/robotics/ros2_cobot/install/ultraarm:/home/robotics/ros2_cobot/install/traj_scripts:/home/robotics/ros2_cobot/install/mypalletizer_communication:/home/robotics/ros2_cobot/install/mypalletizer_interfaces:/home/robotics/ros2_cobot/install/mypalletizer_260_pi:/home/robotics/ros2_cobot/install/mypalletizer_260:/home/robotics/ros2_cobot/install/myarm_m750:/home/robotics/ros2_cobot/install/myarm_c650:/home/robotics/ros2_cobot/install/mycobot_communication:/home/robotics/ros2_cobot/install/mecharm_communication:/home/robotics/ros2_cobot/install/mycobot_interfaces:/home/robotics/ros2_cobot/install/mycobot_630:/home/robotics/ros2_cobot/install/mycobot_600:/home/robotics/ros2_cobot/install/mycobot_320pi:/home/robotics/ros2_cobot/install/mycobot_320_riscv:/home/robotics/ros2_cobot/install/mycobot_320:/home/robotics/ros2_cobot/install/mycobot_280rdkx5_moveit2:/home/robotics/ros2_cobot/install/mycobot_280pi:/home/robotics/ros2_cobot/install/mycobot_280jn:/home/robotics/ros2_cobot/install/mycobot_280arduino_moveit2:/home/robotics/ros2_cobot/install/mycobot_280_x3pi:/home/robotics/ros2_cobot/install/mycobot_280_riscv:/home/robotics/ros2_cobot/install/mycobot_280_rdkx5:/home/robotics/ros2_cobot/install/mycobot_280_moveit2_control:/home/robotics/ros2_cobot/install/mycobot_280_moveit2:/home/robotics/ros2_cobot/install/mycobot_280_arduino:/home/robotics/ros2_cobot/install/mycobot_280:/home/robotics/ros2_cobot/install/mybuddy:/home/robotics/ros2_cobot/install/myarm_300:/home/robotics/ros2_cobot/install/mecharm_pi:/home/robotics/ros2_cobot/install/mecharm:/home/robotics/ros2_cobot/install/mecharm_interfaces:/opt/ros/humble PYTHONPATH=/home/robotics/ros2_cobot/build/mypalletizer_260_pi/prefix_override:/usr/lib/python3/dist-packages/colcon_core/task/python/colcon_distutils_commands:/home/robotics/ros2_cobot/install/mypalletizer_260_pi/lib/python3.10/site-packages:/home/robotics/ros2_cobot/install/mycobot_description/lib/python3.10/site-packages:/home/robotics/ros2_cobot/install/ultraarm/lib/python3.10/site-packages:/home/robotics/ros2_cobot/install/traj_scripts/local/lib/python3.10/dist-packages:/home/robotics/ros2_cobot/install/mypalletizer_communication/lib/python3.10/site-packages:/home/robotics/ros2_cobot/install/mypalletizer_interfaces/local/lib/python3.10/dist-packages:/home/robotics/ros2_cobot/install/mypalletizer_260_pi/lib/python3.10/site-packages:/home/robotics/ros2_cobot/install/mypalletizer_260/lib/python3.10/site-packages:/home/robotics/ros2_cobot/install/myarm_m750/lib/python3.10/site-packages:/home/robotics/ros2_cobot/install/myarm_c650/lib/python3.10/site-packages:/home/robotics/ros2_cobot/install/mycobot_communication/lib/python3.10/site-packages:/home/robotics/ros2_cobot/install/mecharm_communication/lib/python3.10/site-packages:/home/robotics/ros2_cobot/install/mycobot_interfaces/local/lib/python3.10/dist-packages:/home/robotics/ros2_cobot/install/mycobot_630/lib/python3.10/site-packages:/home/robotics/ros2_cobot/install/mycobot_600/lib/python3.10/site-packages:/home/robotics/ros2_cobot/install/mycobot_320pi/lib/python3.10/site-packages:/home/robotics/ros2_cobot/install/mycobot_320_riscv/lib/python3.10/site-packages:/home/robotics/ros2_cobot/install/mycobot_320/lib/python3.10/site-packages:/home/robotics/ros2_cobot/install/mycobot_280pi/lib/python3.10/site-packages:/home/robotics/ros2_cobot/install/mycobot_280jn/lib/python3.10/site-packages:/home/robotics/ros2_cobot/install/mycobot_280_x3pi/lib/python3.10/site-packages:/home/robotics/ros2_cobot/install/mycobot_280_riscv/lib/python3.10/site-packages:/home/robotics/ros2_cobot/install/mycobot_280_rdkx5/lib/python3.10/site-packages:/home/robotics/ros2_cobot/install/mycobot_280_moveit2_control/lib/python3.10/site-packages:/home/robotics/ros2_cobot/install/mycobot_280_arduino/lib/python3.10/site-packages:/home/robotics/ros2_cobot/install/mycobot_280/lib/python3.10/site-packages:/home/robotics/ros2_cobot/install/mybuddy/lib/python3.10/site-packages:/home/robotics/ros2_cobot/install/myarm_300/lib/python3.10/site-packages:/home/robotics/ros2_cobot/install/mecharm_pi/lib/python3.10/site-packages:/home/robotics/ros2_cobot/install/mecharm/lib/python3.10/site-packages:/home/robotics/ros2_cobot/install/mecharm_interfaces/local/lib/python3.10/dist-packages:/opt/ros/humble/lib/python3.10/site-packages:/opt/ros/humble/local/lib/python3.10/dist-packages /usr/bin/python3 -W ignore:setup.py install is deprecated -W ignore:easy_install command is deprecated setup.py egg_info --egg-base ../../../../build/mypalletizer_260_pi build --build-base /home/robotics/ros2_cobot/build/mypalletizer_260_pi/build install --record /home/robotics/ros2_cobot/build/mypalletizer_260_pi/install.log --single-version-externally-managed install_data
[10.119s] Level 1:colcon.colcon_core.environment:checking '/home/robotics/ros2_cobot/install/mypalletizer_260_pi' for CMake config files
[10.121s] Level 1:colcon.colcon_core.environment:checking '/home/robotics/ros2_cobot/install/mypalletizer_260_pi/lib'
[10.121s] Level 1:colcon.colcon_core.environment:checking '/home/robotics/ros2_cobot/install/mypalletizer_260_pi/bin'
[10.121s] Level 1:colcon.colcon_core.environment:checking '/home/robotics/ros2_cobot/install/mypalletizer_260_pi/lib/pkgconfig/mypalletizer_260_pi.pc'
[10.122s] Level 1:colcon.colcon_core.environment:checking '/home/robotics/ros2_cobot/install/mypalletizer_260_pi/lib/python3.10/site-packages'
[10.122s] Level 1:colcon.colcon_core.shell:create_environment_hook('mypalletizer_260_pi', 'pythonpath')
[10.122s] INFO:colcon.colcon_core.shell:Creating environment hook '/home/robotics/ros2_cobot/install/mypalletizer_260_pi/share/mypalletizer_260_pi/hook/pythonpath.ps1'
[10.123s] INFO:colcon.colcon_core.shell:Creating environment descriptor '/home/robotics/ros2_cobot/install/mypalletizer_260_pi/share/mypalletizer_260_pi/hook/pythonpath.dsv'
[10.124s] INFO:colcon.colcon_core.shell:Creating environment hook '/home/robotics/ros2_cobot/install/mypalletizer_260_pi/share/mypalletizer_260_pi/hook/pythonpath.sh'
[10.126s] Level 1:colcon.colcon_core.environment:checking '/home/robotics/ros2_cobot/install/mypalletizer_260_pi/bin'
[10.126s] Level 1:colcon.colcon_core.environment:create_environment_scripts_only(mypalletizer_260_pi)
[10.127s] INFO:colcon.colcon_core.shell:Creating package script '/home/robotics/ros2_cobot/install/mypalletizer_260_pi/share/mypalletizer_260_pi/package.ps1'
[10.128s] INFO:colcon.colcon_core.shell:Creating package descriptor '/home/robotics/ros2_cobot/install/mypalletizer_260_pi/share/mypalletizer_260_pi/package.dsv'
[10.129s] INFO:colcon.colcon_core.shell:Creating package script '/home/robotics/ros2_cobot/install/mypalletizer_260_pi/share/mypalletizer_260_pi/package.sh'
[10.129s] INFO:colcon.colcon_core.shell:Creating package script '/home/robotics/ros2_cobot/install/mypalletizer_260_pi/share/mypalletizer_260_pi/package.bash'
[10.130s] INFO:colcon.colcon_core.shell:Creating package script '/home/robotics/ros2_cobot/install/mypalletizer_260_pi/share/mypalletizer_260_pi/package.zsh'
[10.131s] Level 1:colcon.colcon_core.environment:create_file_with_runtime_dependencies(/home/robotics/ros2_cobot/install/mypalletizer_260_pi/share/colcon-core/packages/mypalletizer_260_pi)
[10.134s] Level 1:colcon.colcon_core.environment:checking '/home/robotics/ros2_cobot/install/mypalletizer_260' for CMake module files
[10.135s] DEBUG:colcon.colcon_core.event_handler.log_command:Invoked command in '/home/robotics/ros2_cobot/src/mycobot_ros2/mypalletizer_260/mypalletizer_260' returned '0': AMENT_PREFIX_PATH=/home/robotics/ros2_cobot/install/mycobot_description:/home/robotics/ros2_cobot/install/ultraarm:/home/robotics/ros2_cobot/install/traj_scripts:/home/robotics/ros2_cobot/install/mypalletizer_communication:/home/robotics/ros2_cobot/install/mypalletizer_interfaces:/home/robotics/ros2_cobot/install/mypalletizer_260_pi:/home/robotics/ros2_cobot/install/mypalletizer_260:/home/robotics/ros2_cobot/install/myarm_m750:/home/robotics/ros2_cobot/install/myarm_c650:/home/robotics/ros2_cobot/install/mycobot_communication:/home/robotics/ros2_cobot/install/mecharm_communication:/home/robotics/ros2_cobot/install/mycobot_interfaces:/home/robotics/ros2_cobot/install/mycobot_630:/home/robotics/ros2_cobot/install/mycobot_600:/home/robotics/ros2_cobot/install/mycobot_320pi:/home/robotics/ros2_cobot/install/mycobot_320_riscv:/home/robotics/ros2_cobot/install/mycobot_320:/home/robotics/ros2_cobot/install/mycobot_280rdkx5_moveit2:/home/robotics/ros2_cobot/install/mycobot_280pi:/home/robotics/ros2_cobot/install/mycobot_280jn:/home/robotics/ros2_cobot/install/mycobot_280arduino_moveit2:/home/robotics/ros2_cobot/install/mycobot_280_x3pi:/home/robotics/ros2_cobot/install/mycobot_280_riscv:/home/robotics/ros2_cobot/install/mycobot_280_rdkx5:/home/robotics/ros2_cobot/install/mycobot_280_moveit2_control:/home/robotics/ros2_cobot/install/mycobot_280_moveit2:/home/robotics/ros2_cobot/install/mycobot_280_arduino:/home/robotics/ros2_cobot/install/mycobot_280:/home/robotics/ros2_cobot/install/mybuddy:/home/robotics/ros2_cobot/install/myarm_300:/home/robotics/ros2_cobot/install/mecharm_pi:/home/robotics/ros2_cobot/install/mecharm:/home/robotics/ros2_cobot/install/mecharm_interfaces:/opt/ros/humble PYTHONPATH=/home/robotics/ros2_cobot/build/mypalletizer_260/prefix_override:/usr/lib/python3/dist-packages/colcon_core/task/python/colcon_distutils_commands:/home/robotics/ros2_cobot/install/mypalletizer_260/lib/python3.10/site-packages:/home/robotics/ros2_cobot/install/mycobot_description/lib/python3.10/site-packages:/home/robotics/ros2_cobot/install/ultraarm/lib/python3.10/site-packages:/home/robotics/ros2_cobot/install/traj_scripts/local/lib/python3.10/dist-packages:/home/robotics/ros2_cobot/install/mypalletizer_communication/lib/python3.10/site-packages:/home/robotics/ros2_cobot/install/mypalletizer_interfaces/local/lib/python3.10/dist-packages:/home/robotics/ros2_cobot/install/mypalletizer_260_pi/lib/python3.10/site-packages:/home/robotics/ros2_cobot/install/mypalletizer_260/lib/python3.10/site-packages:/home/robotics/ros2_cobot/install/myarm_m750/lib/python3.10/site-packages:/home/robotics/ros2_cobot/install/myarm_c650/lib/python3.10/site-packages:/home/robotics/ros2_cobot/install/mycobot_communication/lib/python3.10/site-packages:/home/robotics/ros2_cobot/install/mecharm_communication/lib/python3.10/site-packages:/home/robotics/ros2_cobot/install/mycobot_interfaces/local/lib/python3.10/dist-packages:/home/robotics/ros2_cobot/install/mycobot_630/lib/python3.10/site-packages:/home/robotics/ros2_cobot/install/mycobot_600/lib/python3.10/site-packages:/home/robotics/ros2_cobot/install/mycobot_320pi/lib/python3.10/site-packages:/home/robotics/ros2_cobot/install/mycobot_320_riscv/lib/python3.10/site-packages:/home/robotics/ros2_cobot/install/mycobot_320/lib/python3.10/site-packages:/home/robotics/ros2_cobot/install/mycobot_280pi/lib/python3.10/site-packages:/home/robotics/ros2_cobot/install/mycobot_280jn/lib/python3.10/site-packages:/home/robotics/ros2_cobot/install/mycobot_280_x3pi/lib/python3.10/site-packages:/home/robotics/ros2_cobot/install/mycobot_280_riscv/lib/python3.10/site-packages:/home/robotics/ros2_cobot/install/mycobot_280_rdkx5/lib/python3.10/site-packages:/home/robotics/ros2_cobot/install/mycobot_280_moveit2_control/lib/python3.10/site-packages:/home/robotics/ros2_cobot/install/mycobot_280_arduino/lib/python3.10/site-packages:/home/robotics/ros2_cobot/install/mycobot_280/lib/python3.10/site-packages:/home/robotics/ros2_cobot/install/mybuddy/lib/python3.10/site-packages:/home/robotics/ros2_cobot/install/myarm_300/lib/python3.10/site-packages:/home/robotics/ros2_cobot/install/mecharm_pi/lib/python3.10/site-packages:/home/robotics/ros2_cobot/install/mecharm/lib/python3.10/site-packages:/home/robotics/ros2_cobot/install/mecharm_interfaces/local/lib/python3.10/dist-packages:/opt/ros/humble/lib/python3.10/site-packages:/opt/ros/humble/local/lib/python3.10/dist-packages /usr/bin/python3 -W ignore:setup.py install is deprecated -W ignore:easy_install command is deprecated setup.py egg_info --egg-base ../../../../build/mypalletizer_260 build --build-base /home/robotics/ros2_cobot/build/mypalletizer_260/build install --record /home/robotics/ros2_cobot/build/mypalletizer_260/install.log --single-version-externally-managed install_data
[10.135s] Level 1:colcon.colcon_core.environment:checking '/home/robotics/ros2_cobot/install/mypalletizer_260' for CMake config files
[10.136s] Level 1:colcon.colcon_core.environment:checking '/home/robotics/ros2_cobot/install/mypalletizer_260/lib'
[10.136s] Level 1:colcon.colcon_core.environment:checking '/home/robotics/ros2_cobot/install/mypalletizer_260/bin'
[10.137s] Level 1:colcon.colcon_core.environment:checking '/home/robotics/ros2_cobot/install/mypalletizer_260/lib/pkgconfig/mypalletizer_260.pc'
[10.137s] Level 1:colcon.colcon_core.environment:checking '/home/robotics/ros2_cobot/install/mypalletizer_260/lib/python3.10/site-packages'
[10.137s] Level 1:colcon.colcon_core.shell:create_environment_hook('mypalletizer_260', 'pythonpath')
[10.137s] INFO:colcon.colcon_core.shell:Creating environment hook '/home/robotics/ros2_cobot/install/mypalletizer_260/share/mypalletizer_260/hook/pythonpath.ps1'
[10.138s] INFO:colcon.colcon_core.shell:Creating environment descriptor '/home/robotics/ros2_cobot/install/mypalletizer_260/share/mypalletizer_260/hook/pythonpath.dsv'
[10.138s] INFO:colcon.colcon_core.shell:Creating environment hook '/home/robotics/ros2_cobot/install/mypalletizer_260/share/mypalletizer_260/hook/pythonpath.sh'
[10.139s] Level 1:colcon.colcon_core.environment:checking '/home/robotics/ros2_cobot/install/mypalletizer_260/bin'
[10.139s] Level 1:colcon.colcon_core.environment:create_environment_scripts_only(mypalletizer_260)
[10.139s] INFO:colcon.colcon_core.shell:Creating package script '/home/robotics/ros2_cobot/install/mypalletizer_260/share/mypalletizer_260/package.ps1'
[10.140s] INFO:colcon.colcon_core.shell:Creating package descriptor '/home/robotics/ros2_cobot/install/mypalletizer_260/share/mypalletizer_260/package.dsv'
[10.140s] INFO:colcon.colcon_core.shell:Creating package script '/home/robotics/ros2_cobot/install/mypalletizer_260/share/mypalletizer_260/package.sh'
[10.141s] INFO:colcon.colcon_core.shell:Creating package script '/home/robotics/ros2_cobot/install/mypalletizer_260/share/mypalletizer_260/package.bash'
[10.141s] INFO:colcon.colcon_core.shell:Creating package script '/home/robotics/ros2_cobot/install/mypalletizer_260/share/mypalletizer_260/package.zsh'
[10.142s] Level 1:colcon.colcon_core.environment:create_file_with_runtime_dependencies(/home/robotics/ros2_cobot/install/mypalletizer_260/share/colcon-core/packages/mypalletizer_260)
[10.142s] Level 1:colcon.colcon_core.environment:checking '/home/robotics/ros2_cobot/install/mycobot_280_rdkx5' for CMake module files
[10.143s] DEBUG:colcon.colcon_core.event_handler.log_command:Invoked command in '/home/robotics/ros2_cobot/src/mycobot_ros2/mycobot_280/mycobot_280_rdkx5' returned '0': AMENT_PREFIX_PATH=/home/robotics/ros2_cobot/install/mycobot_communication:/home/robotics/ros2_cobot/install/mycobot_description:/home/robotics/ros2_cobot/install/ultraarm:/home/robotics/ros2_cobot/install/traj_scripts:/home/robotics/ros2_cobot/install/mypalletizer_communication:/home/robotics/ros2_cobot/install/mypalletizer_interfaces:/home/robotics/ros2_cobot/install/mypalletizer_260_pi:/home/robotics/ros2_cobot/install/mypalletizer_260:/home/robotics/ros2_cobot/install/myarm_m750:/home/robotics/ros2_cobot/install/myarm_c650:/home/robotics/ros2_cobot/install/mecharm_communication:/home/robotics/ros2_cobot/install/mycobot_interfaces:/home/robotics/ros2_cobot/install/mycobot_630:/home/robotics/ros2_cobot/install/mycobot_600:/home/robotics/ros2_cobot/install/mycobot_320pi:/home/robotics/ros2_cobot/install/mycobot_320_riscv:/home/robotics/ros2_cobot/install/mycobot_320:/home/robotics/ros2_cobot/install/mycobot_280rdkx5_moveit2:/home/robotics/ros2_cobot/install/mycobot_280pi:/home/robotics/ros2_cobot/install/mycobot_280jn:/home/robotics/ros2_cobot/install/mycobot_280arduino_moveit2:/home/robotics/ros2_cobot/install/mycobot_280_x3pi:/home/robotics/ros2_cobot/install/mycobot_280_riscv:/home/robotics/ros2_cobot/install/mycobot_280_rdkx5:/home/robotics/ros2_cobot/install/mycobot_280_moveit2_control:/home/robotics/ros2_cobot/install/mycobot_280_moveit2:/home/robotics/ros2_cobot/install/mycobot_280_arduino:/home/robotics/ros2_cobot/install/mycobot_280:/home/robotics/ros2_cobot/install/mybuddy:/home/robotics/ros2_cobot/install/myarm_300:/home/robotics/ros2_cobot/install/mecharm_pi:/home/robotics/ros2_cobot/install/mecharm:/home/robotics/ros2_cobot/install/mecharm_interfaces:/opt/ros/humble CMAKE_PREFIX_PATH=/home/robotics/ros2_cobot/install/mycobot_interfaces:/home/robotics/ros2_cobot/install/traj_scripts:/home/robotics/ros2_cobot/install/mypalletizer_interfaces:/home/robotics/ros2_cobot/install/mycobot_280rdkx5_moveit2:/home/robotics/ros2_cobot/install/mycobot_280arduino_moveit2:/home/robotics/ros2_cobot/install/mycobot_280_moveit2:/home/robotics/ros2_cobot/install/mecharm_interfaces LD_LIBRARY_PATH=/home/robotics/ros2_cobot/install/mycobot_interfaces/lib:/home/robotics/ros2_cobot/install/mypalletizer_interfaces/lib:/home/robotics/ros2_cobot/install/mecharm_interfaces/lib:/opt/ros/humble/opt/rviz_ogre_vendor/lib:/opt/ros/humble/lib/x86_64-linux-gnu:/opt/ros/humble/lib PYTHONPATH=/home/robotics/ros2_cobot/build/mycobot_280_rdkx5/prefix_override:/usr/lib/python3/dist-packages/colcon_core/task/python/colcon_distutils_commands:/home/robotics/ros2_cobot/install/mycobot_280_rdkx5/lib/python3.10/site-packages:/home/robotics/ros2_cobot/install/mycobot_communication/lib/python3.10/site-packages:/home/robotics/ros2_cobot/install/mycobot_description/lib/python3.10/site-packages:/home/robotics/ros2_cobot/install/ultraarm/lib/python3.10/site-packages:/home/robotics/ros2_cobot/install/traj_scripts/local/lib/python3.10/dist-packages:/home/robotics/ros2_cobot/install/mypalletizer_communication/lib/python3.10/site-packages:/home/robotics/ros2_cobot/install/mypalletizer_interfaces/local/lib/python3.10/dist-packages:/home/robotics/ros2_cobot/install/mypalletizer_260_pi/lib/python3.10/site-packages:/home/robotics/ros2_cobot/install/mypalletizer_260/lib/python3.10/site-packages:/home/robotics/ros2_cobot/install/myarm_m750/lib/python3.10/site-packages:/home/robotics/ros2_cobot/install/myarm_c650/lib/python3.10/site-packages:/home/robotics/ros2_cobot/install/mecharm_communication/lib/python3.10/site-packages:/home/robotics/ros2_cobot/install/mycobot_interfaces/local/lib/python3.10/dist-packages:/home/robotics/ros2_cobot/install/mycobot_630/lib/python3.10/site-packages:/home/robotics/ros2_cobot/install/mycobot_600/lib/python3.10/site-packages:/home/robotics/ros2_cobot/install/mycobot_320pi/lib/python3.10/site-packages:/home/robotics/ros2_cobot/install/mycobot_320_riscv/lib/python3.10/site-packages:/home/robotics/ros2_cobot/install/mycobot_320/lib/python3.10/site-packages:/home/robotics/ros2_cobot/install/mycobot_280pi/lib/python3.10/site-packages:/home/robotics/ros2_cobot/install/mycobot_280jn/lib/python3.10/site-packages:/home/robotics/ros2_cobot/install/mycobot_280_x3pi/lib/python3.10/site-packages:/home/robotics/ros2_cobot/install/mycobot_280_riscv/lib/python3.10/site-packages:/home/robotics/ros2_cobot/install/mycobot_280_rdkx5/lib/python3.10/site-packages:/home/robotics/ros2_cobot/install/mycobot_280_moveit2_control/lib/python3.10/site-packages:/home/robotics/ros2_cobot/install/mycobot_280_arduino/lib/python3.10/site-packages:/home/robotics/ros2_cobot/install/mycobot_280/lib/python3.10/site-packages:/home/robotics/ros2_cobot/install/mybuddy/lib/python3.10/site-packages:/home/robotics/ros2_cobot/install/myarm_300/lib/python3.10/site-packages:/home/robotics/ros2_cobot/install/mecharm_pi/lib/python3.10/site-packages:/home/robotics/ros2_cobot/install/mecharm/lib/python3.10/site-packages:/home/robotics/ros2_cobot/install/mecharm_interfaces/local/lib/python3.10/dist-packages:/opt/ros/humble/lib/python3.10/site-packages:/opt/ros/humble/local/lib/python3.10/dist-packages /usr/bin/python3 -W ignore:setup.py install is deprecated -W ignore:easy_install command is deprecated setup.py egg_info --egg-base ../../../../build/mycobot_280_rdkx5 build --build-base /home/robotics/ros2_cobot/build/mycobot_280_rdkx5/build install --record /home/robotics/ros2_cobot/build/mycobot_280_rdkx5/install.log --single-version-externally-managed install_data
[10.143s] Level 1:colcon.colcon_core.environment:checking '/home/robotics/ros2_cobot/install/mycobot_280_rdkx5' for CMake config files
[10.144s] Level 1:colcon.colcon_core.environment:checking '/home/robotics/ros2_cobot/install/mycobot_280_rdkx5/lib'
[10.144s] Level 1:colcon.colcon_core.environment:checking '/home/robotics/ros2_cobot/install/mycobot_280_rdkx5/bin'
[10.144s] Level 1:colcon.colcon_core.environment:checking '/home/robotics/ros2_cobot/install/mycobot_280_rdkx5/lib/pkgconfig/mycobot_280_rdkx5.pc'
[10.144s] Level 1:colcon.colcon_core.environment:checking '/home/robotics/ros2_cobot/install/mycobot_280_rdkx5/lib/python3.10/site-packages'
[10.144s] Level 1:colcon.colcon_core.shell:create_environment_hook('mycobot_280_rdkx5', 'pythonpath')
[10.145s] INFO:colcon.colcon_core.shell:Creating environment hook '/home/robotics/ros2_cobot/install/mycobot_280_rdkx5/share/mycobot_280_rdkx5/hook/pythonpath.ps1'
[10.145s] INFO:colcon.colcon_core.shell:Creating environment descriptor '/home/robotics/ros2_cobot/install/mycobot_280_rdkx5/share/mycobot_280_rdkx5/hook/pythonpath.dsv'
[10.145s] INFO:colcon.colcon_core.shell:Creating environment hook '/home/robotics/ros2_cobot/install/mycobot_280_rdkx5/share/mycobot_280_rdkx5/hook/pythonpath.sh'
[10.146s] Level 1:colcon.colcon_core.environment:checking '/home/robotics/ros2_cobot/install/mycobot_280_rdkx5/bin'
[10.146s] Level 1:colcon.colcon_core.environment:create_environment_scripts_only(mycobot_280_rdkx5)
[10.147s] INFO:colcon.colcon_core.shell:Creating package script '/home/robotics/ros2_cobot/install/mycobot_280_rdkx5/share/mycobot_280_rdkx5/package.ps1'
[10.147s] INFO:colcon.colcon_core.shell:Creating package descriptor '/home/robotics/ros2_cobot/install/mycobot_280_rdkx5/share/mycobot_280_rdkx5/package.dsv'
[10.148s] INFO:colcon.colcon_core.shell:Creating package script '/home/robotics/ros2_cobot/install/mycobot_280_rdkx5/share/mycobot_280_rdkx5/package.sh'
[10.149s] INFO:colcon.colcon_core.shell:Creating package script '/home/robotics/ros2_cobot/install/mycobot_280_rdkx5/share/mycobot_280_rdkx5/package.bash'
[10.149s] INFO:colcon.colcon_core.shell:Creating package script '/home/robotics/ros2_cobot/install/mycobot_280_rdkx5/share/mycobot_280_rdkx5/package.zsh'
[10.150s] Level 1:colcon.colcon_core.environment:create_file_with_runtime_dependencies(/home/robotics/ros2_cobot/install/mycobot_280_rdkx5/share/colcon-core/packages/mycobot_280_rdkx5)
[10.177s] Level 1:colcon.colcon_core.environment:checking '/home/robotics/ros2_cobot/install/ultraarm' for CMake module files
[10.178s] DEBUG:colcon.colcon_core.event_handler.log_command:Invoked command in '/home/robotics/ros2_cobot/src/mycobot_ros2/ultraArm/ultraarm' returned '0': AMENT_PREFIX_PATH=/home/robotics/ros2_cobot/install/mycobot_description:/home/robotics/ros2_cobot/install/ultraarm:/home/robotics/ros2_cobot/install/traj_scripts:/home/robotics/ros2_cobot/install/mypalletizer_communication:/home/robotics/ros2_cobot/install/mypalletizer_interfaces:/home/robotics/ros2_cobot/install/mypalletizer_260_pi:/home/robotics/ros2_cobot/install/mypalletizer_260:/home/robotics/ros2_cobot/install/myarm_m750:/home/robotics/ros2_cobot/install/myarm_c650:/home/robotics/ros2_cobot/install/mycobot_communication:/home/robotics/ros2_cobot/install/mecharm_communication:/home/robotics/ros2_cobot/install/mycobot_interfaces:/home/robotics/ros2_cobot/install/mycobot_630:/home/robotics/ros2_cobot/install/mycobot_600:/home/robotics/ros2_cobot/install/mycobot_320pi:/home/robotics/ros2_cobot/install/mycobot_320_riscv:/home/robotics/ros2_cobot/install/mycobot_320:/home/robotics/ros2_cobot/install/mycobot_280rdkx5_moveit2:/home/robotics/ros2_cobot/install/mycobot_280pi:/home/robotics/ros2_cobot/install/mycobot_280jn:/home/robotics/ros2_cobot/install/mycobot_280arduino_moveit2:/home/robotics/ros2_cobot/install/mycobot_280_x3pi:/home/robotics/ros2_cobot/install/mycobot_280_riscv:/home/robotics/ros2_cobot/install/mycobot_280_rdkx5:/home/robotics/ros2_cobot/install/mycobot_280_moveit2_control:/home/robotics/ros2_cobot/install/mycobot_280_moveit2:/home/robotics/ros2_cobot/install/mycobot_280_arduino:/home/robotics/ros2_cobot/install/mycobot_280:/home/robotics/ros2_cobot/install/mybuddy:/home/robotics/ros2_cobot/install/myarm_300:/home/robotics/ros2_cobot/install/mecharm_pi:/home/robotics/ros2_cobot/install/mecharm:/home/robotics/ros2_cobot/install/mecharm_interfaces:/opt/ros/humble PYTHONPATH=/home/robotics/ros2_cobot/build/ultraarm/prefix_override:/usr/lib/python3/dist-packages/colcon_core/task/python/colcon_distutils_commands:/home/robotics/ros2_cobot/install/ultraarm/lib/python3.10/site-packages:/home/robotics/ros2_cobot/install/mycobot_description/lib/python3.10/site-packages:/home/robotics/ros2_cobot/install/ultraarm/lib/python3.10/site-packages:/home/robotics/ros2_cobot/install/traj_scripts/local/lib/python3.10/dist-packages:/home/robotics/ros2_cobot/install/mypalletizer_communication/lib/python3.10/site-packages:/home/robotics/ros2_cobot/install/mypalletizer_interfaces/local/lib/python3.10/dist-packages:/home/robotics/ros2_cobot/install/mypalletizer_260_pi/lib/python3.10/site-packages:/home/robotics/ros2_cobot/install/mypalletizer_260/lib/python3.10/site-packages:/home/robotics/ros2_cobot/install/myarm_m750/lib/python3.10/site-packages:/home/robotics/ros2_cobot/install/myarm_c650/lib/python3.10/site-packages:/home/robotics/ros2_cobot/install/mycobot_communication/lib/python3.10/site-packages:/home/robotics/ros2_cobot/install/mecharm_communication/lib/python3.10/site-packages:/home/robotics/ros2_cobot/install/mycobot_interfaces/local/lib/python3.10/dist-packages:/home/robotics/ros2_cobot/install/mycobot_630/lib/python3.10/site-packages:/home/robotics/ros2_cobot/install/mycobot_600/lib/python3.10/site-packages:/home/robotics/ros2_cobot/install/mycobot_320pi/lib/python3.10/site-packages:/home/robotics/ros2_cobot/install/mycobot_320_riscv/lib/python3.10/site-packages:/home/robotics/ros2_cobot/install/mycobot_320/lib/python3.10/site-packages:/home/robotics/ros2_cobot/install/mycobot_280pi/lib/python3.10/site-packages:/home/robotics/ros2_cobot/install/mycobot_280jn/lib/python3.10/site-packages:/home/robotics/ros2_cobot/install/mycobot_280_x3pi/lib/python3.10/site-packages:/home/robotics/ros2_cobot/install/mycobot_280_riscv/lib/python3.10/site-packages:/home/robotics/ros2_cobot/install/mycobot_280_rdkx5/lib/python3.10/site-packages:/home/robotics/ros2_cobot/install/mycobot_280_moveit2_control/lib/python3.10/site-packages:/home/robotics/ros2_cobot/install/mycobot_280_arduino/lib/python3.10/site-packages:/home/robotics/ros2_cobot/install/mycobot_280/lib/python3.10/site-packages:/home/robotics/ros2_cobot/install/mybuddy/lib/python3.10/site-packages:/home/robotics/ros2_cobot/install/myarm_300/lib/python3.10/site-packages:/home/robotics/ros2_cobot/install/mecharm_pi/lib/python3.10/site-packages:/home/robotics/ros2_cobot/install/mecharm/lib/python3.10/site-packages:/home/robotics/ros2_cobot/install/mecharm_interfaces/local/lib/python3.10/dist-packages:/opt/ros/humble/lib/python3.10/site-packages:/opt/ros/humble/local/lib/python3.10/dist-packages /usr/bin/python3 -W ignore:setup.py install is deprecated -W ignore:easy_install command is deprecated setup.py egg_info --egg-base ../../../../build/ultraarm build --build-base /home/robotics/ros2_cobot/build/ultraarm/build install --record /home/robotics/ros2_cobot/build/ultraarm/install.log --single-version-externally-managed install_data
[10.179s] Level 1:colcon.colcon_core.environment:checking '/home/robotics/ros2_cobot/install/ultraarm' for CMake config files
[10.179s] Level 1:colcon.colcon_core.environment:checking '/home/robotics/ros2_cobot/install/ultraarm/lib'
[10.180s] Level 1:colcon.colcon_core.environment:checking '/home/robotics/ros2_cobot/install/ultraarm/bin'
[10.180s] Level 1:colcon.colcon_core.environment:checking '/home/robotics/ros2_cobot/install/ultraarm/lib/pkgconfig/ultraarm.pc'
[10.180s] Level 1:colcon.colcon_core.environment:checking '/home/robotics/ros2_cobot/install/ultraarm/lib/python3.10/site-packages'
[10.180s] Level 1:colcon.colcon_core.shell:create_environment_hook('ultraarm', 'pythonpath')
[10.181s] INFO:colcon.colcon_core.shell:Creating environment hook '/home/robotics/ros2_cobot/install/ultraarm/share/ultraarm/hook/pythonpath.ps1'
[10.182s] INFO:colcon.colcon_core.shell:Creating environment descriptor '/home/robotics/ros2_cobot/install/ultraarm/share/ultraarm/hook/pythonpath.dsv'
[10.182s] INFO:colcon.colcon_core.shell:Creating environment hook '/home/robotics/ros2_cobot/install/ultraarm/share/ultraarm/hook/pythonpath.sh'
[10.183s] Level 1:colcon.colcon_core.environment:checking '/home/robotics/ros2_cobot/install/ultraarm/bin'
[10.183s] Level 1:colcon.colcon_core.environment:create_environment_scripts_only(ultraarm)
[10.183s] INFO:colcon.colcon_core.shell:Creating package script '/home/robotics/ros2_cobot/install/ultraarm/share/ultraarm/package.ps1'
[10.184s] INFO:colcon.colcon_core.shell:Creating package descriptor '/home/robotics/ros2_cobot/install/ultraarm/share/ultraarm/package.dsv'
[10.185s] INFO:colcon.colcon_core.shell:Creating package script '/home/robotics/ros2_cobot/install/ultraarm/share/ultraarm/package.sh'
[10.185s] INFO:colcon.colcon_core.shell:Creating package script '/home/robotics/ros2_cobot/install/ultraarm/share/ultraarm/package.bash'
[10.186s] INFO:colcon.colcon_core.shell:Creating package script '/home/robotics/ros2_cobot/install/ultraarm/share/ultraarm/package.zsh'
[10.186s] Level 1:colcon.colcon_core.environment:create_file_with_runtime_dependencies(/home/robotics/ros2_cobot/install/ultraarm/share/colcon-core/packages/ultraarm)
[10.187s] DEBUG:colcon.colcon_parallel_executor.executor.parallel:closing loop
[10.187s] DEBUG:colcon.colcon_parallel_executor.executor.parallel:loop closed
[10.187s] DEBUG:colcon.colcon_parallel_executor.executor.parallel:run_until_complete finished with '0'
[10.187s] DEBUG:colcon.colcon_core.event_reactor:joining thread
[10.196s] INFO:colcon.colcon_core.plugin_system:Skipping extension 'colcon_notification.desktop_notification.terminal_notifier': Not used on non-Darwin systems
[10.196s] INFO:colcon.colcon_core.plugin_system:Skipping extension 'colcon_notification.desktop_notification.win32': Not used on non-Windows systems
[10.197s] INFO:colcon.colcon_notification.desktop_notification:Sending desktop notification using 'notify2'
[10.211s] DEBUG:colcon.colcon_core.event_reactor:joined thread
[10.211s] INFO:colcon.colcon_core.shell:Creating prefix script '/home/robotics/ros2_cobot/install/local_setup.ps1'
[10.212s] INFO:colcon.colcon_core.shell:Creating prefix util module '/home/robotics/ros2_cobot/install/_local_setup_util_ps1.py'
[10.214s] INFO:colcon.colcon_core.shell:Creating prefix chain script '/home/robotics/ros2_cobot/install/setup.ps1'
[10.218s] INFO:colcon.colcon_core.shell:Creating prefix script '/home/robotics/ros2_cobot/install/local_setup.sh'
[10.219s] INFO:colcon.colcon_core.shell:Creating prefix util module '/home/robotics/ros2_cobot/install/_local_setup_util_sh.py'
[10.220s] INFO:colcon.colcon_core.shell:Creating prefix chain script '/home/robotics/ros2_cobot/install/setup.sh'
[10.223s] INFO:colcon.colcon_core.shell:Creating prefix script '/home/robotics/ros2_cobot/install/local_setup.bash'
[10.223s] INFO:colcon.colcon_core.shell:Creating prefix chain script '/home/robotics/ros2_cobot/install/setup.bash'
[10.226s] INFO:colcon.colcon_core.shell:Creating prefix script '/home/robotics/ros2_cobot/install/local_setup.zsh'
[10.227s] INFO:colcon.colcon_core.shell:Creating prefix chain script '/home/robotics/ros2_cobot/install/setup.zsh'
